1.1,64.46,-30.1,40.245,65.685,-29.885,40.815,1.0630077231390345,0.826932138207015,1.04646197867181,47.3507769816879,49.0,0.0,0.0
1.2,64.46,-30.1,40.245,66.47,-30.35,40.805,1.1166518009222757,0.868662796567137,1.65530543833131,43.52724010114341,48.0,0.06338895125158549,0.5218721033958003
1.3,64.46,-30.1,40.245,66.43,-30.19,40.02,0.7947873342228289,0.618278847184324,1.61547923608161,40.77362497220724,47.0,0.05560148723920039,0.47738744095354446
1.4,64.46,-30.1,40.245,65.835,-31.26,42.97,0.7411432564395877,0.576548188824202,1.46600064282006,25.37403990889786,46.0,0.006653427893488978,0.09748263366220852
1.5,64.46,-30.1,40.245,66.34,-29.845,40.77,0.7947873342228289,0.618278847184324,1.5643426010491,40.389536648696684,45.0,0.04068609735544801,0.39446589181747455
1.6,64.46,-30.1,40.245,66.555,-30.49,41.25,0.9557195675725523,0.743470822264689,1.74761464134554,37.98243084020839,44.0,0.10119119358339917,0.5845039541846262
1.7,64.46,-30.1,40.245,66.08,-30.315,41.25,1.1166518009222757,0.868662796567137,1.37619011826372,39.460881688425204,43.0,0.007549856262202962,0.14140459144470022
1.8,64.46,-30.1,40.245,66.455,-30.93,41.29,1.3848721898384815,1.07731608758983,1.68131634607193,31.88332990561879,42.0,0.06254713253287296,0.4411487344586907
1.9,64.46,-30.1,40.245,66.125,-30.88,41.895,1.33122811205524,1.03558542922971,1.47986945987955,30.428013641660932,41.0,0.01650598838580778,0.2001531526724344
1.10,64.46,-30.1,40.245,66.56,-30.405,41.325,1.1166518009222757,0.868662796567137,1.75799684391927,33.643904150077645,40.0,0.1156746485943815,0.5907532685760861
1.11,64.46,-30.1,40.245,65.695,-31.045,41.785,1.1702958787055167,0.910393454927258,1.15507160129422,31.764407252309233,39.0,0.00014519277483084598,0.005731747739659988
1.12,64.46,-30.1,40.245,65.675,-30.11,39.375,0.8752534508976906,0.680874834724506,1.05802598628082,33.984677776989805,38.0,0.0,0.0
1.13,64.46,-30.1,40.245,65.93,-29.9,39.815,0.902075489789311,0.701740163904567,1.21573834048897,34.08404442907193,37.0,0.0008634707846961096,0.0280975156409979
1.14,64.46,-30.1,40.245,65.925,-29.975,39.62,1.223939956488758,0.952124112509463,1.2236227384263,31.573377449656313,36.0,0.0010595212459521138,0.03137012953670025
1.15,64.46,-30.1,40.245,65.775,-30.27,40.26,1.2507619953803784,0.972989441689524,1.08271906501259,32.25104747942262,35.0,0.0,0.0
1.16,64.46,-30.1,40.245,65.64,-30.45,40.49,1.1702958787055167,0.910393454927258,0.980443430232347,32.35030397460583,34.0,0.0,0.0
1.17,64.46,-30.1,40.245,65.49,-30.33,41.895,1.1702958787055167,0.910393454927258,1.0418459639596,28.04937167902801,33.0,0.0,0.0
1.18,64.46,-30.1,40.245,65.165,-29.835,39.735,0.5802110230898643,0.451356214521754,0.60895249220153,26.46424005136859,32.0,0.0,0.0
1.19,64.46,-30.1,40.245,65.805,-29.795,39.215,1.3848721898384815,1.07731608758983,1.16414773665417,23.047322109675715,31.0,0.00029891979604793355,0.008070758575881559
1.20,64.46,-30.1,40.245,65.66,-30.65,41.56,1.1971179175971374,0.931258784107319,1.08675459525911,26.192611010342482,30.0,0.0,0.0
1.21,64.46,-30.1,40.245,65.355,-30.625,41.325,1.0630077231390345,0.826932138207015,0.827982326498767,27.00325900212603,29.0,0.0,0.0
1.22,64.46,-30.1,40.245,65.435,-29.87,39.6,0.8216093731144494,0.639144176364385,0.834265651337074,25.440114539773234,28.0,0.0,0.0
1.23,64.46,-30.1,40.245,64.965,-31.335,42.2,0.7947873342228289,0.618278847184324,0.816404373852587,19.78224924988839,27.0,0.0,0.0
1.24,64.46,-30.1,40.245,65.33,-30.355,40.725,0.8752534508976906,0.680874834724506,0.736452902436725,25.159678083104602,26.0,0.0,0.0
1.25,64.46,-30.1,40.245,65.075,-29.845,40.095,0.6874991786563465,0.534817531241998,0.517783248298365,22.884065613123724,25.0,0.0,0.0
1.26,64.46,-30.1,40.245,65.54,-30.795,41.145,1.2507619953803784,0.972989441689524,0.953461800583257,21.228270761363067,24.0,0.0,0.0
1.27,64.46,-30.1,40.245,65.365,-30.73,41.36,1.3044060731636198,1.01472010004965,0.843557321425956,19.474750156950865,23.0,0.0,0.0
1.28,64.46,-30.1,40.245,65.18,-30.735,42.0,1.0898297620306552,0.847797467387076,0.849713585767785,17.89048699283346,22.0,0.0,0.0
1.29,64.46,-30.1,40.245,65.365,-29.79,39.3,0.8484314120060701,0.660009505544446,0.817300970059799,19.057026900968587,21.0,0.0,0.0
1.30,64.46,-30.1,40.245,65.305,-30.41,41.13,1.0898297620306552,0.847797467387076,0.761631923594803,18.887633888877637,20.0,0.0,0.0
1.31,64.46,-30.1,40.245,65.185,-30.13,40.965,0.9557195675725523,0.743470822264689,0.659425344810803,18.378692252178592,19.0,0.0,0.0
1.32,64.46,-30.1,40.245,64.865,-30.45,41.135,1.0630077231390345,0.826932138207015,0.455998988428762,17.059191586812886,18.0,0.0,0.0
1.33,64.46,-30.1,40.245,64.685,-29.285,40.005,0.6338551008731055,0.493086872881876,0.38795805710591,14.99451670612875,17.0,0.0,0.0
1.34,64.46,-30.1,40.245,64.52,-30.335,41.31,0.8216093731144494,0.639144176364385,0.384536958181696,14.617712829158279,16.0,0.0,0.0
1.35,64.46,-30.1,40.245,64.785,-30.535,41.505,0.9557195675725523,0.743470822264689,0.514521736064687,13.428672156853697,15.0,0.0,0.0
1.36,64.46,-30.1,40.245,64.58,-29.505,39.985,0.9825416064641728,0.764336150666832,0.261821913062231,13.704431610914535,14.0,0.0,0.0
1.37,64.46,-30.1,40.245,64.645,-29.715,39.635,0.8484314120060701,0.660009505544446,0.270975514494835,12.282463668418924,13.0,0.0,0.0
1.38,64.46,-30.1,40.245,64.805,-29.65,39.72,1.0898297620306552,0.847797467387076,0.356511212429624,11.594274513707823,12.0,0.0,0.0
1.39,64.46,-30.1,40.245,64.42,-30.15,41.395,0.660677139764726,0.513952202061937,0.444303739156833,9.05917632604071,11.0,0.0,0.0
1.40,64.46,-30.1,40.245,64.96,-29.915,40.775,0.7679652953312082,0.597413518004263,0.488203997971417,9.0761753178199,10.0,0.0,0.0
1.41,64.46,-30.1,40.245,65.045,-29.635,39.565,1.4385162676217225,1.11904674594995,0.545735342366942,7.140582323627495,9.0,0.0,0.0
1.42,64.46,-30.1,40.245,64.945,-29.395,38.875,1.3848721898384815,1.07731608758983,0.632759684858548,5.844346375600399,8.0,0.0,0.0
1.43,64.46,-30.1,40.245,64.64,-30.3,39.695,0.6338551008731055,0.493086872881876,0.311825179533679,6.43123347628375,7.0,0.0,0.0
1.44,64.46,-30.1,40.245,64.675,-30.47,40.825,0.7679652953312082,0.597413518004263,0.275984661476642,5.714190898638628,6.0,0.0,0.0
1.45,64.46,-30.1,40.245,64.62,-29.945,39.16,0.8752534508976906,0.680874834724506,0.426595754694833,4.578298181643216,5.0,0.0,0.0
1.46,64.46,-30.1,40.245,64.505,-29.91,40.25,0.902075489789311,0.701740163904567,0.0953915496659332,3.9368284912106217,4.0,0.0,0.0
1.47,64.46,-30.1,40.245,64.555,-29.62,39.83,0.7679652953312082,0.597413518004263,0.218518180276339,2.692608008512441,3.0,0.0,0.0
1.48,64.46,-30.1,40.245,64.585,-30.57,41.295,1.1434738398138964,0.889528125747198,0.379739556479468,2.0,2.0,0.0,0.0
1.49,64.46,-30.1,40.245,64.53,-30.51,41.08,0.9825416064641728,0.764336150666832,0.297996515047133,0.9841360634508419,1.0,0.0,0.0
1.50,64.46,-30.1,40.245,64.585,-30.23,40.66,1.33122811205524,1.03558542922971,0.17901840637785,0.0,0.0,0.0,0.0
2.1,65.31,-10.12,13.085,65.185,-10.085,12.9,1.0630077231390345,0.826932138207015,0.153290387488623,48.58314176416588,49.0,4.242459507505059e-05,0.0020862537917712446
2.2,65.31,-10.12,13.085,64.985,-9.99,14.145,1.1166518009222757,0.868662796567137,0.762031247591366,46.00498491292607,48.0,0.0,0.0
2.3,65.31,-10.12,13.085,65.155,-10.185,13.38,0.7947873342228289,0.618278847184324,0.220904998656797,45.09035088543814,47.0,0.0,0.0
2.4,65.31,-10.12,13.085,65.06,-10.17,13.14,0.7411432564395877,0.576548188824202,0.210605414776556,43.344624704653256,46.0,0.0,0.0
2.5,65.31,-10.12,13.085,64.82,-10.23,13.68,0.7947873342228289,0.618278847184324,0.542411363614201,42.834088618660815,45.0,0.0,0.0
2.6,65.31,-10.12,13.085,65.14,-10.345,13.47,0.9557195675725523,0.743470822264689,0.300490855678751,43.28807800391528,44.0,0.0,0.0
2.7,65.31,-10.12,13.085,65.05,-9.975,12.74,1.1166518009222757,0.868662796567137,0.308212754841294,42.41260782291868,43.0,0.0,0.0
2.8,65.31,-10.12,13.085,64.525,-10.145,11.905,1.3848721898384815,1.07731608758983,1.00626042816384,36.319126065384296,42.0,0.0,0.0
2.9,65.31,-10.12,13.085,65.435,-10.13,12.39,1.33122811205524,1.03558542922971,0.462397523289962,37.542072882182325,41.0,0.0,0.0
2.10,65.31,-10.12,13.085,65.285,-9.995,12.715,1.1166518009222757,0.868662796567137,0.233168576063553,39.41131084064004,40.0,0.0,0.0
2.11,65.31,-10.12,13.085,65.29,-9.995,12.795,1.1702958787055167,0.910393454927258,0.188311512176578,38.024900006240856,39.0,0.0,0.0
2.12,65.31,-10.12,13.085,65.24,-10.26,13.985,0.8752534508976906,0.680874834724506,0.552017333222086,36.6606232524283,38.0,0.0,0.0
2.13,65.31,-10.12,13.085,64.86,-10.01,12.89,0.902075489789311,0.701740163904567,0.393501361413981,36.44707335653572,37.0,0.0,0.0
2.14,65.31,-10.12,13.085,65.535,-10.065,12.64,1.223939956488758,0.952124112509463,0.332446463745755,34.4570387812769,36.0,0.0,0.0
2.15,65.31,-10.12,13.085,65.29,-10.085,12.645,1.2507619953803784,0.972989441689524,0.276674334332012,33.13437765528659,35.0,0.0,0.0
2.16,65.31,-10.12,13.085,65.265,-10.135,13.04,1.1702958787055167,0.910393454927258,0.0507680831237949,32.98703403944694,34.0,0.0011543324758346526,0.03556428713965316
2.17,65.31,-10.12,13.085,65.12,-10.11,12.885,1.1702958787055167,0.910393454927258,0.200584507678305,32.019964634559024,33.0,0.0,0.0
2.18,65.31,-10.12,13.085,65.265,-10.365,13.64,0.5802110230898643,0.451356214521754,0.358005376062806,27.663585292425033,32.0,0.0,0.0
2.19,65.31,-10.12,13.085,65.24,-10.265,12.69,1.3848721898384815,1.07731608758983,0.319012962662229,27.106368322915873,31.0,0.0,0.0
2.20,65.31,-10.12,13.085,65.585,-10.085,12.86,1.1971179175971374,0.931258784107319,0.264428605525787,28.979093245636605,30.0,0.0,0.0
2.21,65.31,-10.12,13.085,65.075,-9.84,12.965,1.0630077231390345,0.826932138207015,0.304318909076213,28.714247573890603,29.0,0.0,0.0
2.22,65.31,-10.12,13.085,65.36,-10.155,13.23,0.8216093731144494,0.639144176364385,0.0980047623553663,27.160358408186955,28.0,0.00041995272583375765,0.01325792860397454
2.23,65.31,-10.12,13.085,65.44,-10.1,13.285,0.7947873342228289,0.618278847184324,0.171095311021558,25.987891157106958,27.0,1.1252171610429785e-05,0.00035522804104383914
2.24,65.31,-10.12,13.085,64.95,-9.95,13.465,0.8752534508976906,0.680874834724506,0.434714366293519,25.316327508101974,26.0,0.0,0.0
2.25,65.31,-10.12,13.085,65.125,-10.135,13.175,0.6874991786563465,0.534817531241998,0.161541654867047,23.14745473409954,25.0,2.785752628540777e-05,0.0008705943923121963
2.26,65.31,-10.12,13.085,65.33,-9.98,13.12,1.2507619953803784,0.972989441689524,0.131429840185488,22.720515024591663,24.0,0.00024138005177593396,0.0056925787729614425
2.27,65.31,-10.12,13.085,63.98,-10.09,12.385,1.3044060731636198,1.01472010004965,1.18578418652278,20.39864069191547,23.0,0.005876613327843296,0.042008433121702105
2.28,65.31,-10.12,13.085,64.99,-9.885,13.045,1.0898297620306552,0.847797467387076,0.330134889356254,21.673109073043577,22.0,0.0,0.0
2.29,65.31,-10.12,13.085,65.12,-9.99,13.125,0.8484314120060701,0.660009505544446,0.198709999148083,20.464759456966426,21.0,0.0,0.0
2.30,65.31,-10.12,13.085,64.835,-10.18,12.685,1.0898297620306552,0.847797467387076,0.47845939797979,19.69400019828265,20.0,0.0,0.0
2.31,65.31,-10.12,13.085,64.965,-10.015,13.515,0.9557195675725523,0.743470822264689,0.422380698517312,18.567005372437986,19.0,0.0,0.0
2.32,65.31,-10.12,13.085,65.235,-10.04,12.86,1.0630077231390345,0.826932138207015,0.154407924946124,17.76735431431078,18.0,0.0,0.0
2.33,65.31,-10.12,13.085,65.245,-10.085,13.275,0.6338551008731055,0.493086872881876,0.143739803233296,15.294611633099517,17.0,0.0,0.0
2.34,65.31,-10.12,13.085,64.935,-10.03,13.795,0.8216093731144494,0.639144176364385,0.570777387079447,15.076051922918086,16.0,0.0,0.0
2.35,65.31,-10.12,13.085,65.28,-9.95,13.4,0.9557195675725523,0.743470822264689,0.283297568858979,14.665289648845413,15.0,0.0,0.0
2.36,65.31,-10.12,13.085,65.285,-10.085,13.05,0.9825416064641728,0.764336150666832,0.0382732648285385,13.7818996557775,14.0,0.00039383692372591786,0.005894481975646028
2.37,65.31,-10.12,13.085,65.35,-10.19,13.12,0.8484314120060701,0.660009505544446,0.0671010681212773,12.469899020296449,13.0,8.552322844258654e-05,0.001281427428513697
2.38,65.31,-10.12,13.085,65.23,-10.02,13.1,1.0898297620306552,0.847797467387076,0.11172538201069,11.75242307730231,12.0,0.0,0.0
2.39,65.31,-10.12,13.085,65.155,-10.19,13.345,0.660677139764726,0.513952202061937,0.204218175511964,9.534229509032821,11.0,0.0,0.0
2.40,65.31,-10.12,13.085,65.18,-10.23,13.205,0.7679652953312082,0.597413518004263,0.149008890681465,9.130129843340857,10.0,0.0,0.0
2.41,65.31,-10.12,13.085,65.21,-10.05,12.635,1.4385162676217225,1.11904674594995,0.290562435278466,7.3705461901593265,9.0,0.0,0.0
2.42,65.31,-10.12,13.085,65.45,-10.025,12.355,1.3848721898384815,1.07731608758983,0.469292833150755,6.779769727174552,8.0,0.0,0.0
2.43,65.31,-10.12,13.085,65.3,-10.125,13.11,0.6338551008731055,0.493086872881876,0.0174086166471392,6.446836509372916,7.0,0.0006374361444125533,0.007020453462377272
2.44,65.31,-10.12,13.085,65.37,-10.27,13.31,0.7679652953312082,0.597413518004263,0.171275761477151,5.6810170895540475,6.0,0.0,0.0
2.45,65.31,-10.12,13.085,65.34,-10.215,13.39,0.8752534508976906,0.680874834724506,0.190219284510955,4.776016731390245,5.0,0.0,0.0
2.46,65.31,-10.12,13.085,65.46,-10.28,13.655,0.902075489789311,0.701740163904567,0.37045708447557,3.688567063583239,4.0,0.0,0.0
2.47,65.31,-10.12,13.085,65.16,-10.11,13.215,0.7679652953312082,0.597413518004263,0.150164996813235,2.7025483318750947,3.0,0.0,0.0
2.48,65.31,-10.12,13.085,65.27,-10.015,13.005,1.1434738398138964,0.889528125747198,0.0971603926119435,1.9451542708605045,2.0,0.0,0.0
2.49,65.31,-10.12,13.085,65.465,-9.945,12.015,0.9825416064641728,0.764336150666832,0.679037218283667,0.9841360634508419,1.0,0.0,0.0
2.50,65.31,-10.12,13.085,65.81,-9.595,11.49,1.33122811205524,1.03558542922971,1.09484739549437,0.0,0.0,0.0,0.0
3.1,50.595,-26.245,-17.51,50.625,-26.28,-17.93,1.3465549914218806,1.04750847414206,0.231895104951547,36.819669665707444,49.0,0.0,0.0
3.2,50.595,-26.245,-17.51,50.465,-26.34,-17.665,0.8867486104226707,0.689817118214294,0.153951384007226,45.610673566256146,48.0,0.00014072685068911277,0.008593453333744911
3.3,50.595,-26.245,-17.51,50.345,-26.09,-18.15,1.3465549914218806,1.04750847414206,0.465869422713355,34.9007994118666,47.0,0.0,0.0
3.4,50.595,-26.245,-17.51,50.795,-25.555,-18.69,1.2545937152220388,0.975970203112092,0.869385842915846,36.56843368137492,46.0,0.0,0.0
3.5,50.595,-26.245,-17.51,50.81,-26.305,-17.325,0.42694222942346105,0.332125762286526,0.245330608213706,34.07609237249184,45.0,0.0,0.0
3.6,50.595,-26.245,-17.51,50.72,-25.47,-18.825,1.4385162676217225,1.11904674594995,0.952312348722069,27.86545280950886,44.0,0.0,0.0
3.7,50.595,-26.245,-17.51,50.265,-26.015,-17.625,0.610864781823145,0.475202305124384,0.362751112149697,37.367498605904316,43.0,0.0,0.0
3.8,50.595,-26.245,-17.51,50.73,-26.485,-17.745,0.8867486104226707,0.689817118214294,0.195751207614916,39.961910743731785,42.0,3.14047755601121e-05,0.0017056917978306705
3.9,50.595,-26.245,-17.51,50.895,-25.745,-18.1,1.3465549914218806,1.04750847414206,0.567338858937342,30.143761956953742,41.0,0.0,0.0
3.10,50.595,-26.245,-17.51,50.54,-26.515,-16.8,0.7947873342228289,0.618278847184324,0.472945280877979,36.934099799735044,40.0,0.0,0.0
3.11,50.595,-26.245,-17.51,50.31,-25.7,-17.625,1.3465549914218806,1.04750847414206,0.415668996966332,28.345231165800488,39.0,0.0,0.0
3.12,50.595,-26.245,-17.51,50.52,-25.04,-19.08,1.4385162676217225,1.11904674594995,1.22979708992257,21.644188085445712,38.0,0.004179206759250829,0.03480449901440796
3.13,50.595,-26.245,-17.51,50.45,-25.41,-18.55,1.4385162676217225,1.11904674594995,0.842219966690437,22.488155674920943,37.0,0.0,0.0
3.14,50.595,-26.245,-17.51,50.18,-25.92,-18.115,1.0706711628223546,0.832893661052152,0.594497571662985,32.99361325717557,36.0,0.0,0.0
3.15,50.595,-26.245,-17.51,50.225,-26.34,-17.65,0.7028260580229869,0.546740576154354,0.377452217330332,32.67444536846695,35.0,0.0,0.0
3.16,50.595,-26.245,-17.51,50.815,-25.98,-17.235,0.3349809532236191,0.260587491256556,0.27381352631515,25.783403303280412,34.0,0.0,0.0
3.17,50.595,-26.245,-17.51,50.56,-26.48,-17.62,0.7947873342228289,0.618278847184324,0.115763279420376,31.438490230314578,33.0,0.0,0.0
3.18,50.595,-26.245,-17.51,50.615,-26.53,-17.735,1.2545937152220388,0.975970203112092,0.152730014253559,25.452319800393102,32.0,0.0,0.0
3.19,50.595,-26.245,-17.51,50.125,-25.425,-18.035,1.3465549914218806,1.04750847414206,0.751771586627364,21.57470856588337,31.0,0.0,0.0
3.20,50.595,-26.245,-17.51,50.39,-26.01,-17.41,0.3349809532236191,0.260587491256556,0.232576539921358,23.46912558020775,30.0,0.0,0.0
3.21,50.595,-26.245,-17.51,50.595,-26.38,-17.56,0.7947873342228289,0.618278847184324,0.0626125798801107,27.76575929816452,29.0,0.0,0.0
3.22,50.595,-26.245,-17.51,50.705,-26.06,-17.53,0.8867486104226707,0.689817118214294,0.146573674157825,27.00706508657683,28.0,0.0,0.0
3.23,50.595,-26.245,-17.51,50.8,-26.05,-17.43,0.7947873342228289,0.618278847184324,0.224056904828069,25.770987006825138,27.0,0.0,0.0
3.24,50.595,-26.245,-17.51,50.67,-26.085,-17.285,0.3349809532236191,0.260587491256556,0.144102903430916,19.78723406032818,26.0,0.0,0.0
3.25,50.595,-26.245,-17.51,50.71,-26.255,-17.465,0.518903505623303,0.403664034094413,0.118109991246966,21.209091540100665,25.0,0.0,0.0
3.26,50.595,-26.245,-17.51,50.68,-26.16,-17.56,0.9787098866225127,0.761355390022181,0.103294274831005,23.130284425412167,24.0,0.0,0.0
3.27,50.595,-26.245,-17.51,50.96,-25.65,-18.115,1.4385162676217225,1.11904674594995,0.640322777182957,13.96855902039865,23.0,0.0,0.0
3.28,50.595,-26.245,-17.51,50.775,-26.11,-17.44,0.7028260580229869,0.546740576154354,0.190933637687019,20.628362680995362,22.0,0.0,0.0
3.29,50.595,-26.245,-17.51,50.73,-26.23,-16.685,1.0706711628223546,0.832893661052152,0.486217707780336,19.24285111838563,21.0,0.0,0.0
3.30,50.595,-26.245,-17.51,50.71,-25.965,-17.23,0.42694222942346105,0.332125762286526,0.204254560235216,16.376017640546173,20.0,0.0,0.0
3.31,50.595,-26.245,-17.51,50.435,-26.195,-17.36,0.610864781823145,0.475202305124384,0.178372570892421,16.961980946960647,19.0,0.0,0.0
3.32,50.595,-26.245,-17.51,50.395,-26.305,-17.33,0.518903505623303,0.403664034094413,0.231087536974406,15.190936912740552,18.0,0.0,0.0
3.33,50.595,-26.245,-17.51,50.345,-26.49,-17.495,0.8867486104226707,0.689817118214294,0.279389962438239,16.4296836563398,17.0,0.0,0.0
3.34,50.595,-26.245,-17.51,50.6,-26.155,-18.345,1.4385162676217225,1.11904674594995,0.484683689617368,9.855873949773416,16.0,0.0,0.0
3.35,50.595,-26.245,-17.51,50.65,-25.38,-18.585,1.4385162676217225,1.11904674594995,0.859913426033465,8.673420372469142,15.0,0.0,0.0
3.36,50.595,-26.245,-17.51,50.31,-26.07,-18.125,1.2545937152220388,0.975970203112092,0.478901240822684,11.095838190966735,14.0,0.0,0.0
3.37,50.595,-26.245,-17.51,50.46,-25.985,-17.19,0.610864781823145,0.475202305124384,0.225255073127399,12.459223673935163,13.0,0.0,0.0
3.38,50.595,-26.245,-17.51,50.645,-25.76,-17.2,0.610864781823145,0.475202305124384,0.247589866722496,11.455652212712002,12.0,0.0,0.0
3.39,50.595,-26.245,-17.51,50.475,-26.02,-17.385,0.42694222942346105,0.332125762286526,0.161866928696432,9.77998918574699,11.0,0.0,0.0
3.40,50.595,-26.245,-17.51,50.475,-26.335,-17.315,0.7028260580229869,0.546740576154354,0.179288800736281,9.68904630575596,10.0,0.0,0.0
3.41,50.595,-26.245,-17.51,50.47,-26.235,-17.205,0.610864781823145,0.475202305124384,0.211659621696046,8.459187368966425,9.0,0.0,0.0
3.42,50.595,-26.245,-17.51,50.39,-26.425,-17.795,0.7028260580229869,0.546740576154354,0.255218690039294,7.693446014744557,8.0,0.0,0.0
3.43,50.595,-26.245,-17.51,50.365,-26.865,-17.335,0.610864781823145,0.475202305124384,0.423183565737451,6.450966281566754,7.0,0.0,0.0
3.44,50.595,-26.245,-17.51,50.3,-26.08,-17.42,0.7028260580229869,0.546740576154354,0.305319828232357,5.6925175408079935,6.0,0.0,0.0
3.45,50.595,-26.245,-17.51,50.645,-26.41,-17.615,0.7947873342228289,0.618278847184324,0.0957781262459254,4.834458101808666,5.0,0.0,0.0
3.46,50.595,-26.245,-17.51,50.43,-25.94,-17.8,0.9787098866225127,0.761355390022181,0.308416281761803,3.8984296549309496,4.0,0.0,0.0
3.47,50.595,-26.245,-17.51,50.6,-26.6,-17.55,0.7028260580229869,0.546740576154354,0.169324530676207,2.6930658117989648,3.0,0.0,0.0
3.48,50.595,-26.245,-17.51,50.675,-26.435,-17.315,0.518903505623303,0.403664034094413,0.187310732054567,1.2289160399282335,2.0,0.0,0.0
3.49,50.595,-26.245,-17.51,50.37,-25.915,-17.87,1.0706711628223546,0.832893661052152,0.378130525662577,0.9993325226198345,1.0,0.0,0.0
3.50,50.595,-26.245,-17.51,50.535,-26.025,-18.495,1.3465549914218806,1.04750847414206,0.60118459437465,0.0,0.0,0.0,0.0
4.1,49.93,-16.24,-10.795,49.49,-16.285,-11.195,1.1702958787055167,0.910393454927258,0.510028337973891,58.24158234096506,59.0,0.0,0.0
4.2,49.93,-16.24,-10.795,48.9,-16.115,-10.645,1.0630077231390345,0.826932138207015,1.03487976023619,57.39800761044339,58.0,0.0,0.0
4.3,49.93,-16.24,-10.795,49.44,-15.32,-10.605,1.0898297620306552,0.847797467387076,0.798791444223734,56.419519116795264,57.0,0.0,0.0
4.4,49.93,-16.24,-10.795,49.34,-16.25,-11.115,1.036185684247414,0.806066809026954,0.626343407835638,55.8292025066222,56.0,0.0,0.0
4.5,49.93,-16.24,-10.795,50.19,-16.36,-10.53,1.0630077231390345,0.826932138207015,0.339470906105019,54.66482355478916,55.0,0.00016728112360258655,0.009864935163149692
4.6,49.93,-16.24,-10.795,49.6,-16.53,-10.905,1.036185684247414,0.806066809026954,0.382312968686146,53.86896071511404,54.0,3.3581137209155403e-05,0.00181073982170337
4.7,49.93,-16.24,-10.795,50.48,-15.53,-10.515,1.0093636453557935,0.785201479846893,0.732185427835936,52.08300137348505,53.0,0.0,0.0
4.8,49.93,-16.24,-10.795,50.78,-16.09,-11.28,1.1971179175971374,0.931258784107319,0.926054753634451,49.90074747189758,52.0,0.0,0.0
4.9,49.93,-16.24,-10.795,49.36,-16.085,-11.02,0.9825416064641728,0.764336150666832,0.607410729311128,50.95089785263058,51.0,0.0,0.0
4.10,49.93,-16.24,-10.795,49.63,-16.565,-10.9,0.6874991786563465,0.534817531241998,0.369572156962627,48.81613013657267,50.0,5.449704595762881e-05,0.003125224980929442
4.11,49.93,-16.24,-10.795,49.955,-16.275,-10.845,1.1434738398138964,0.889528125747198,0.042956835279062,48.51330217514285,49.0,0.008981509621482609,0.26384377999327935
4.12,49.93,-16.24,-10.795,49.52,-16.08,-11.06,0.9288975286809318,0.722605493084628,0.473221524911691,47.97265366729055,48.0,0.0,0.0
4.13,49.93,-16.24,-10.795,48.67,-16.21,-10.885,1.1434738398138964,0.889528125747198,1.25987228239543,46.064459235856255,47.0,0.004102336362619887,0.035760922728111134
4.14,49.93,-16.24,-10.795,49.695,-16.175,-10.855,0.8484314120060701,0.660009505544446,0.244975628665693,45.885323261931816,46.0,0.0011299243976890237,0.05380342628664186
4.15,49.93,-16.24,-10.795,48.685,-16.2,-11.045,1.1702958787055167,0.910393454927258,1.25558254537558,43.91167908686702,45.0,0.0038609720883149953,0.03347902509189475
4.16,49.93,-16.24,-10.795,49.755,-15.995,-10.865,0.9825416064641728,0.764336150666832,0.259873282319079,43.950151357281804,44.0,0.000996222289993688,0.0451406200979924
4.17,49.93,-16.24,-10.795,49.455,-16.345,-10.995,0.7947873342228289,0.618278847184324,0.492645101470724,42.74123408940635,43.0,0.0,0.0
4.18,49.93,-16.24,-10.795,49.75,-16.005,-10.91,0.8216093731144494,0.639144176364385,0.270979405964219,41.81812947841012,42.0,0.0008326366671438911,0.03732413896120513
4.19,49.93,-16.24,-10.795,49.335,-15.585,-10.855,1.0093636453557935,0.785201479846893,0.763693616286965,40.856264759750495,41.0,0.0,0.0
4.20,49.93,-16.24,-10.795,49.605,-15.835,-10.72,0.7679652953312082,0.597413518004263,0.426032110546206,39.602094379529625,40.0,0.0,0.0
4.21,49.93,-16.24,-10.795,49.79,-16.06,-11.01,1.036185684247414,0.806066809026954,0.259278699053408,38.9003246278841,39.0,0.0011395548438115457,0.045597699558074335
4.22,49.93,-16.24,-10.795,49.665,-16.405,-10.63,1.0093636453557935,0.785201479846893,0.321652118544389,37.939521914045564,38.0,0.0004273946762902503,0.016345308603681594
4.23,49.93,-16.24,-10.795,49.795,-16.255,-10.925,1.0093636453557935,0.785201479846893,0.159068345312644,36.94230648873687,37.0,0.0033526492197823903,0.12609259736491849
4.24,49.93,-16.24,-10.795,49.71,-16.08,-10.965,0.9288975286809318,0.722605493084628,0.285788634196954,35.96655042214035,36.0,0.0008523441335229982,0.03135470640988147
4.25,49.93,-16.24,-10.795,49.875,-16.135,-10.92,0.9288975286809318,0.722605493084628,0.138454216362745,34.954747154154866,35.0,0.004002434055523306,0.1449177815976406
4.26,49.93,-16.24,-10.795,50.575,-16.07,-11.11,1.2507619953803784,0.972989441689524,0.699574321336938,32.49136384191332,34.0,0.0,0.0
4.27,49.93,-16.24,-10.795,49.245,-16.245,-11.115,0.9825416064641728,0.764336150666832,0.716677294197406,32.94640792966441,33.0,0.0,0.0
4.28,49.93,-16.24,-10.795,49.305,-15.56,-10.995,1.0898297620306552,0.847797467387076,0.82500648214598,31.727068497870597,32.0,0.0,0.0
4.29,49.93,-16.24,-10.795,49.8,-15.925,-10.375,0.9557195675725523,0.743470822264689,0.329136203418095,30.916348986156937,31.0,0.0003968226114738651,0.013045236512344143
4.30,49.93,-16.24,-10.795,50.705,-16.055,-11.34,1.1166518009222757,0.868662796567137,0.881375340182104,29.232741796506353,30.0,0.0,0.0
4.31,49.93,-16.24,-10.795,49.475,-16.335,-10.91,1.1702958787055167,0.910393454927258,0.462727457976364,28.475914349287294,29.0,0.0,0.0
4.32,49.93,-16.24,-10.795,49.37,-16.405,-11.255,1.1702958787055167,0.910393454927258,0.631297423466139,27.46894541303014,28.0,0.0,0.0
4.33,49.93,-16.24,-10.795,49.78,-16.12,-10.89,0.7947873342228289,0.618278847184324,0.192062896872829,26.873793359549843,27.0,0.0030693480528925067,0.08950011917492041
4.34,49.93,-16.24,-10.795,49.705,-16.065,-11.01,0.9557195675725523,0.743470822264689,0.311531629213727,25.97160016790468,26.0,0.0007523727056473622,0.01994384468337989
4.35,49.93,-16.24,-10.795,49.8,-16.05,-10.99,0.8752534508976906,0.680874834724506,0.249526310352824,24.954379794478925,25.0,0.00193979861993938,0.050683064037090914
4.36,49.93,-16.24,-10.795,49.215,-15.955,-10.445,1.1434738398138964,0.889528125747198,0.760167308616988,23.596914135691712,24.0,0.0,0.0
4.37,49.93,-16.24,-10.795,49.425,-16.36,-11.075,0.9288975286809318,0.722605493084628,0.535846857932968,22.99417592910497,23.0,0.0,0.0
4.38,49.93,-16.24,-10.795,49.56,-15.835,-10.17,0.8752534508976906,0.680874834724506,0.569269076439599,21.894866880300935,22.0,0.0,0.0
4.39,49.93,-16.24,-10.795,49.79,-15.98,-10.785,0.9288975286809318,0.722605493084628,0.229198947397079,20.95858405619387,21.0,0.002960251530100445,0.06453992234038346
4.40,49.93,-16.24,-10.795,50.11,-16.255,-10.65,0.7143212175479672,0.555682860422059,0.206279766270629,19.69125446072717,20.0,0.0029429822639414974,0.07017814242102309
4.41,49.93,-16.24,-10.795,50.045,-16.205,-10.72,1.1434738398138964,0.889528125747198,0.124899021486571,18.64003364981375,19.0,0.00796666235692098,0.15669007663726148
4.42,49.93,-16.24,-10.795,49.905,-16.05,-10.955,0.9557195675725523,0.743470822264689,0.196424564398923,17.950416265657577,18.0,0.004776304675861928,0.08944101707347345
4.43,49.93,-16.24,-10.795,50.38,-16.39,-11.185,1.0093636453557935,0.785201479846893,0.513946136060559,16.84989101782228,17.0,0.0,0.0
4.44,49.93,-16.24,-10.795,49.985,-16.065,-10.92,0.9288975286809318,0.722605493084628,0.177191185060732,15.9441731639164,16.0,0.006223038470634364,0.10478573088015898
4.45,49.93,-16.24,-10.795,50.315,-16.145,-10.895,0.9825416064641728,0.764336150666832,0.399787631096855,14.872343618309378,15.0,1.73800671991453e-05,0.00028715120781872423
4.46,49.93,-16.24,-10.795,49.785,-16.185,-10.855,0.9557195675725523,0.743470822264689,0.158301448291435,13.970681346276134,14.0,0.008857385106960502,0.1264176545335085
4.47,49.93,-16.24,-10.795,49.8,-16.195,-10.96,0.6874991786563465,0.534817531241998,0.179219819467092,12.727654375908713,13.0,0.005952988628350518,0.09077785756162617
4.48,49.93,-16.24,-10.795,49.665,-16.09,-11.08,0.7679652953312082,0.597413518004263,0.359932799635064,11.881442747992365,12.0,0.00038454792497396066,0.005017103545182175
4.49,49.93,-16.24,-10.795,49.535,-16.26,-10.87,0.8484314120060701,0.660009505544446,0.397779165184995,10.967722324648772,11.0,3.6796530971055465e-05,0.0004158649007062733
4.50,49.93,-16.24,-10.795,49.47,-16.27,-11.22,0.9825416064641728,0.764336150666832,0.536771431704734,9.982458823213031,10.0,0.0,0.0
4.51,49.93,-16.24,-10.795,49.44,-16.385,-11.175,1.1434738398138964,0.889528125747198,0.546323402427818,8.796886038249992,9.0,0.0,0.0
4.52,49.93,-16.24,-10.795,49.075,-15.975,-11.1,1.0630077231390345,0.826932138207015,0.910514095721775,7.92755147512775,8.0,0.0,0.0
4.53,49.93,-16.24,-10.795,48.585,-16.905,-11.02,1.223939956488758,0.952124112509463,1.41241695839222,6.408670618081209,7.0,0.04361588282653044,0.10287995195291591
4.54,49.93,-16.24,-10.795,49.745,-16.18,-10.885,0.9557195675725523,0.743470822264689,0.202834941533002,5.992067055139344,6.0,0.0,0.0
4.55,49.93,-16.24,-10.795,49.42,-16.34,-10.99,0.9825416064641728,0.764336150666832,0.525530062462488,4.983902065572068,5.0,0.0,0.0
4.56,49.93,-16.24,-10.795,50.025,-16.135,-10.97,0.8484314120060701,0.660009505544446,0.182556240254878,4.0,4.0,0.0,0.0
4.57,49.93,-16.24,-10.795,49.72,-16.05,-10.98,0.7143212175479672,0.555682860422059,0.295346688116374,3.0,3.0,0.0,0.0
4.58,49.93,-16.24,-10.795,49.76,-15.97,-11.095,0.8216093731144494,0.639144176364385,0.357999110890248,2.0,2.0,0.0,0.0
4.59,49.93,-16.24,-10.795,49.85,-16.155,-10.945,0.6338551008731055,0.493086872881876,0.153656362600498,1.0,1.0,0.0,0.0
4.60,49.93,-16.24,-10.795,49.42,-16.445,-11.155,0.7947873342228289,0.618278847184324,0.562900037230728,0.0,0.0,0.0,0.0
5.1,60.79,34.78,62.19,60.725,34.33,62.635,0.9288975286809318,0.722605493084628,0.374963467613528,34.40199508630871,48.0,9.566892631128437e-08,0.00012139358655528257
5.2,60.79,34.78,62.19,60.075,35.215,62.52,1.1971179175971374,0.931258784107319,0.64971644253842,30.356402372830992,46.0,0.0,0.0
5.3,60.79,34.78,62.19,60.91,34.305,64.9,1.1971179175971374,0.931258784107319,1.1527992021612,20.495108687879203,30.0,0.0,0.0
5.4,60.79,34.78,62.19,60.67,34.46,59.805,0.902075489789311,0.701740163904567,0.773400765968345,28.44531178780641,45.0,0.0001310891948134984,0.013010851118484757
5.5,60.79,34.78,62.19,60.87,34.1,60.725,0.5802110230898643,0.451356214521754,0.399434301166017,31.058396036053175,45.0,3.077662406828058e-05,0.018914572519773163
5.6,60.79,34.78,62.19,61.155,33.89,62.305,0.9557195675725523,0.743470822264689,0.601806859923132,30.708583078218393,43.0,0.0,0.0
5.7,60.79,34.78,62.19,61.03,34.29,59.52,0.660677139764726,0.513952202061937,0.848475092994905,23.62393039840539,39.0,5.134743050135902e-05,0.0037230407416695794
5.8,60.79,34.78,62.19,60.44,34.125,61.985,0.6874991786563465,0.534817531241998,0.435199753436074,29.962789403474556,41.0,0.0,0.0
5.9,60.79,34.78,62.19,60.61,34.77,61.115,1.0898297620306552,0.847797467387076,0.417432022900453,29.25851532314613,41.0,7.760469150452457e-07,0.002424486888950087
5.10,60.79,34.78,62.19,60.07,34.88,64.445,0.9288975286809318,0.722605493084628,0.992238737181193,19.853813673515376,27.0,0.0,0.0
5.11,60.79,34.78,62.19,61.19,34.185,58.675,1.036185684247414,0.806066809026954,1.15564997160803,18.050310498407743,30.0,0.0,0.0
5.12,60.79,34.78,62.19,60.795,34.36,59.31,1.0630077231390345,0.826932138207015,0.9184925936398,19.508502296868734,35.0,8.725803952675284e-07,3.24974436026798e-05
5.13,60.79,34.78,62.19,60.535,34.73,59.2,1.1702958787055167,0.910393454927258,1.10390099539957,17.146593708118164,34.0,0.0,0.0
5.14,60.79,34.78,62.19,60.67,33.96,60.145,0.9288975286809318,0.722605493084628,0.563456121177026,21.832846273424995,35.0,0.00040582439952594623,0.048003424448643583
5.15,60.79,34.78,62.19,60.535,33.945,59.405,0.7411432564395877,0.576548188824202,0.819454025612766,16.790287275815537,32.0,0.0002094913561141216,0.008773895801959941
5.16,60.79,34.78,62.19,61.19,33.705,59.725,0.7947873342228289,0.618278847184324,0.750930260468602,17.144006495903227,31.0,0.00032902949407066524,0.018389317353290836
5.17,60.79,34.78,62.19,60.95,34.195,63.37,0.9825416064641728,0.764336150666832,0.690867835928788,22.1802494458399,29.0,0.0,0.0
5.18,60.79,34.78,62.19,61.055,34.015,56.39,1.277584034271999,0.993854770869585,1.92406213599147,5.716657269893917,11.0,0.0008909026519372051,0.0192970164247975
5.19,60.79,34.78,62.19,60.73,34.81,62.95,0.8752534508976906,0.680874834724506,0.267392095688157,21.794969393124582,30.0,1.518847276747972e-08,0.00012602735049749465
5.20,60.79,34.78,62.19,61.28,33.52,59.97,0.9288975286809318,0.722605493084628,0.747724125805414,16.102299404322604,29.0,0.0,0.0
5.21,60.79,34.78,62.19,60.965,34.585,64.695,1.2507619953803784,0.972989441689524,0.97498503434945,15.873900912185729,21.0,0.0,0.0
5.22,60.79,34.78,62.19,60.665,34.465,63.065,0.9825416064641728,0.764336150666832,0.459624984858513,19.469063780561473,27.0,0.0,0.0
5.23,60.79,34.78,62.19,60.645,34.51,58.105,1.1434738398138964,0.889528125747198,1.42227897267333,8.483749073430289,16.0,0.000346853930429498,0.011603240354741078
5.24,60.79,34.78,62.19,60.935,34.37,59.195,0.8484314120060701,0.660009505544446,0.971945771592885,11.070276947184684,24.0,0.0,0.0
5.25,60.79,34.78,62.19,60.645,34.345,59.03,0.9288975286809318,0.722605493084628,1.0250323849251,9.394504207325216,22.0,0.0,0.0
5.26,60.79,34.78,62.19,61.425,33.325,63.24,1.2507619953803784,0.972989441689524,1.21064592811082,15.058417161481906,23.0,0.000643316213709311,0.005433295144243592
5.27,60.79,34.78,62.19,60.825,34.725,60.605,0.7411432564395877,0.576548188824202,0.55870223207128,14.527895919355899,23.0,0.0,0.0
5.28,60.79,34.78,62.19,60.895,34.585,62.28,0.8752534508976906,0.680874834724506,0.15850707077845,16.683160417238067,22.0,1.0053814177524126e-06,0.0006172900119204287
5.29,60.79,34.78,62.19,60.08,35.31,64.355,1.036185684247414,0.806066809026954,0.874478683415297,13.029327562660331,16.0,0.0,0.0
5.30,60.79,34.78,62.19,61.345,33.345,58.25,0.7411432564395877,0.576548188824202,1.19195568971513,5.212456078625358,11.0,1.1895971785775028e-06,0.00012367952481524665
5.31,60.79,34.78,62.19,61.555,33.415,59.12,0.7679652953312082,0.597413518004263,1.06334783497545,5.987116541272665,14.0,0.0,0.0
5.32,60.79,34.78,62.19,60.995,34.235,61.76,0.6338551008731055,0.493086872881876,0.2850552095019,13.66764471479237,18.0,5.370049863725188e-06,0.0008009400118904901
5.33,60.79,34.78,62.19,60.24,34.79,62.595,0.8216093731144494,0.639144176364385,0.500885983699068,13.470792360703191,16.0,0.0,0.0
5.34,60.79,34.78,62.19,60.53,35.14,65.385,0.9557195675725523,0.743470822264689,1.03560195015058,8.552959977801029,13.0,0.0,0.0
5.35,60.79,34.78,62.19,60.15,35.815,63.49,1.1702958787055167,0.910393454927258,0.698396010826094,9.96995806745952,12.0,0.0,0.0
5.36,60.79,34.78,62.19,61.34,32.85,62.165,0.8752534508976906,0.680874834724506,1.15022728697431,9.151692196199729,14.0,0.0,0.0
5.37,60.79,34.78,62.19,60.625,34.515,63.42,0.8484314120060701,0.660009505544446,0.5653951227574,9.634654146479877,12.0,0.0,0.0
5.38,60.79,34.78,62.19,60.22,34.495,63.585,1.0630077231390345,0.826932138207015,0.789585027919324,8.353281769224685,11.0,0.0,0.0
5.39,60.79,34.78,62.19,59.8,34.78,63.64,0.9825416064641728,0.764336150666832,1.01029446601391,7.213450017965095,9.0,0.0,0.0
5.40,60.79,34.78,62.19,60.075,35.135,63.69,0.6070330619814848,0.472221543701815,0.759345477762566,5.900767931797882,8.0,0.0,0.0
5.41,60.79,34.78,62.19,60.72,34.615,62.38,1.036185684247414,0.806066809026954,0.156835112651516,6.369242527992109,9.0,5.049534877023867e-08,0.00015585418437697883
5.42,60.79,34.78,62.19,60.695,34.725,63.25,1.0630077231390345,0.826932138207015,0.408903722901138,4.713493967987255,7.0,0.0,0.0
5.43,60.79,34.78,62.19,60.31,34.46,62.72,1.1166518009222757,0.868662796567137,0.534961456553741,4.072952047513821,6.0,0.0,0.0
5.44,60.79,34.78,62.19,60.57,34.4,60.725,0.8484314120060701,0.660009505544446,0.463597499076796,3.9139651836555567,6.0,0.0,0.0
5.45,60.79,34.78,62.19,60.995,33.9,61.94,0.6874991786563465,0.534817531241998,0.458387437401413,2.764417178446677,5.0,0.0,0.0
5.46,60.79,34.78,62.19,60.275,34.82,63.575,1.0093636453557935,0.785201479846893,0.658485624407557,1.0075912305959556,3.0,0.0,0.0
5.47,60.79,34.78,62.19,61.31,33.585,58.935,0.902075489789311,0.701740163904567,1.00319446768438,1.966736335734776,2.0,0.0,0.0
5.48,60.79,34.78,62.19,60.63,34.525,64.07,0.8484314120060701,0.660009505544446,0.781789086866572,0.0,0.0,0.0,0.0
5.49,60.79,34.78,62.19,61.6,32.3,58.185,1.0898297620306552,0.847797467387076,1.35116244444854,0.9267791430334935,1.0,0.0,0.0
5.50,60.79,34.78,62.19,61.225,33.815,59.01,1.036185684247414,0.806066809026954,0.976814679521619,0.0,0.0,0.0,0.0
6.1,63.155,13.505,21.46,62.925,13.675,20.875,0.9288975286809318,0.722605493084628,0.475320800056039,48.24407016839111,49.0,0.0,0.0
6.2,63.155,13.505,21.46,62.88,13.405,20.985,0.9288975286809318,0.722605493084628,0.345008981839325,47.441554421264776,48.0,0.0,0.0
6.3,63.155,13.505,21.46,62.745,13.57,21.21,1.0898297620306552,0.847797467387076,0.390592399028167,46.01456483405918,47.0,0.0,0.0
6.4,63.155,13.505,21.46,63.105,13.935,20.82,0.9825416064641728,0.764336150666832,0.629133563194825,44.942689029476554,46.0,0.0,0.0
6.5,63.155,13.505,21.46,62.89,13.495,21.135,0.7679652953312082,0.597413518004263,0.293834357324074,43.804062332018596,45.0,0.0,0.0
6.6,63.155,13.505,21.46,63.01,12.74,22.255,1.3044060731636198,1.01472010004965,0.943255884965444,38.64056092763853,44.0,0.0,0.0
6.7,63.155,13.505,21.46,63.005,13.385,21.18,0.8216093731144494,0.639144176364385,0.193885716505927,42.33047687360589,43.0,0.0,0.0
6.8,63.155,13.505,21.46,62.925,13.42,21.01,0.9288975286809318,0.722605493084628,0.311493130711274,41.51018008535451,42.0,0.0,0.0
6.9,63.155,13.505,21.46,63.155,13.68,19.965,1.3044060731636198,1.01472010004965,0.983432057804284,35.825012057244535,41.0,0.0,0.0
6.10,63.155,13.505,21.46,63.125,13.315,22.4,0.902075489789311,0.701740163904567,0.6408524422666,37.34162497150934,40.0,0.0,0.0
6.11,63.155,13.505,21.46,63.615,12.785,19.965,1.223939956488758,0.952124112509463,0.89381118756467,34.22203048180888,39.0,0.0,0.0
6.12,63.155,13.505,21.46,62.89,13.72,20.575,1.1166518009222757,0.868662796567137,0.673310606303651,36.62027549291065,38.0,0.0,0.0
6.13,63.155,13.505,21.46,63.475,12.495,19.985,1.223939956488758,0.952124112509463,0.916737370210412,31.659534682467203,37.0,0.0,0.0
6.14,63.155,13.505,21.46,63.18,13.415,20.995,0.49974490641500263,0.388760226981572,0.252236786605093,31.551816165211893,36.0,0.0,0.0
6.15,63.155,13.505,21.46,63.395,13.06,21.38,0.9557195675725523,0.743470822264689,0.393432229741731,34.70916760483707,35.0,0.0,0.0
6.16,63.155,13.505,21.46,63.3,12.93,21.24,0.9825416064641728,0.764336150666832,0.434285549441542,33.680350942061615,34.0,0.0,0.0
6.17,63.155,13.505,21.46,63.22,12.31,20.635,1.1434738398138964,0.889528125747198,0.85917883057924,30.530318245218258,33.0,0.0,0.0
6.18,63.155,13.505,21.46,63.055,12.095,20.44,1.0630077231390345,0.826932138207015,1.02168765888628,28.347467253827524,32.0,0.0,0.0
6.19,63.155,13.505,21.46,63.2,12.595,21.255,0.8484314120060701,0.660009505544446,0.688808003366364,30.298769671826168,31.0,0.0,0.0
6.20,63.155,13.505,21.46,62.825,13.505,21.27,0.8484314120060701,0.660009505544446,0.300856308929364,29.65782838373526,30.0,0.0,0.0
6.21,63.155,13.505,21.46,62.91,13.825,21.465,0.9825416064641728,0.764336150666832,0.326742104888405,28.61067372801347,29.0,0.0,0.0
6.22,63.155,13.505,21.46,62.935,13.365,21.68,0.8216093731144494,0.639144176364385,0.279756282308299,27.5259876389272,28.0,0.0,0.0
6.23,63.155,13.505,21.46,62.64,13.49,21.135,0.8216093731144494,0.639144176364385,0.474566597283288,26.551707587792222,27.0,0.0,0.0
6.24,63.155,13.505,21.46,63.07,13.545,20.8,0.9288975286809318,0.722605493084628,0.419022795887484,25.584284429771564,26.0,0.0,0.0
6.25,63.155,13.505,21.46,62.955,13.675,20.68,1.0630077231390345,0.826932138207015,0.573937108237872,24.300701734516462,25.0,0.0,0.0
6.26,63.155,13.505,21.46,63.0,13.915,21.65,1.0898297620306552,0.847797467387076,0.315779508033989,23.306370242091667,24.0,0.0,0.0
6.27,63.155,13.505,21.46,63.13,12.57,22.19,1.33122811205524,1.03558542922971,1.03227216649563,19.56681963091282,23.0,0.0,0.0
6.28,63.155,13.505,21.46,62.58,13.72,20.6,1.1702958787055167,0.910393454927258,0.788205897771655,20.79968539133266,22.0,0.0,0.0
6.29,63.155,13.505,21.46,63.05,14.07,22.83,1.0630077231390345,0.826932138207015,0.708682990763302,18.03035711420552,21.0,0.0,0.0
6.30,63.155,13.505,21.46,63.065,13.62,20.79,0.8752534508976906,0.680874834724506,0.460758700037076,19.82183998099103,20.0,0.0,0.0
6.31,63.155,13.505,21.46,63.235,13.47,21.245,1.036185684247414,0.806066809026954,0.135282927940123,18.765481941609995,19.0,0.0,0.0
6.32,63.155,13.505,21.46,63.195,13.285,20.245,0.8484314120060701,0.660009505544446,0.666833657736291,17.274610074599984,18.0,0.0,0.0
6.33,63.155,13.505,21.46,63.1,13.65,20.925,0.902075489789311,0.701740163904567,0.393449723758966,16.864167535196533,17.0,0.0,0.0
6.34,63.155,13.505,21.46,63.135,13.65,22.3,0.9557195675725523,0.743470822264689,0.451012742652774,15.137801221161645,16.0,0.0,0.0
6.35,63.155,13.505,21.46,63.11,12.695,21.175,1.0898297620306552,0.847797467387076,0.594601456726648,14.520551853930064,15.0,0.0,0.0
6.36,63.155,13.505,21.46,63.51,12.485,19.74,1.1971179175971374,0.931258784107319,1.0175014354858,10.711455737967778,14.0,0.0,0.0
6.37,63.155,13.505,21.46,62.935,13.565,21.215,0.8752534508976906,0.680874834724506,0.254999784132448,12.969411187861018,13.0,0.0,0.0
6.38,63.155,13.505,21.46,62.95,13.35,20.84,0.660677139764726,0.513952202061937,0.372402110080813,11.688140488271955,12.0,0.0,0.0
6.39,63.155,13.505,21.46,63.115,13.58,21.145,0.8752534508976906,0.680874834724506,0.2263093517239,10.97232106458441,11.0,0.0,0.0
6.40,63.155,13.505,21.46,62.94,13.515,21.38,0.6338551008731055,0.493086872881876,0.188733015219318,9.665871434942916,10.0,0.0,0.0
6.41,63.155,13.505,21.46,63.015,13.945,21.27,0.9557195675725523,0.743470822264689,0.4334237682045,8.940863624749815,9.0,0.0,0.0
6.42,63.155,13.505,21.46,62.84,14.12,21.405,1.0630077231390345,0.826932138207015,0.569736703442597,7.8291406603484806,8.0,0.0,0.0
6.43,63.155,13.505,21.46,63.01,13.84,20.615,0.6874991786563465,0.534817531241998,0.691772143545011,6.693703170626869,7.0,0.0,0.0
6.44,63.155,13.505,21.46,63.26,14.17,20.88,1.1166518009222757,0.868662796567137,0.766675371398598,5.7841303630592185,6.0,0.0,0.0
6.45,63.155,13.505,21.46,63.12,13.825,21.875,0.6338551008731055,0.493086872881876,0.254771889939032,4.723789999112524,5.0,0.0,0.0
6.46,63.155,13.505,21.46,63.205,13.435,22.19,1.0630077231390345,0.826932138207015,0.4623816161995,3.788447915035947,4.0,0.0,0.0
6.47,63.155,13.505,21.46,63.01,13.08,19.925,1.0898297620306552,0.847797467387076,0.829582749954931,2.342891864408501,3.0,0.0,0.0
6.48,63.155,13.505,21.46,63.15,13.525,22.04,0.8216093731144494,0.639144176364385,0.335562986273759,2.0,2.0,0.0,0.0
6.49,63.155,13.505,21.46,63.44,13.9,21.795,0.8484314120060701,0.660009505544446,0.366369958660885,1.0,1.0,0.0,0.0
6.50,63.155,13.505,21.46,63.33,13.86,22.435,0.9557195675725523,0.743470822264689,0.522587567081236,0.0,0.0,0.0,0.0
7.1,45.64,26.295,-26.63,46.66,25.13,-26.57,1.2507619953803784,0.972989441689524,1.15874763745904,42.68858577857603,49.0,0.005768119001352574,0.21916993582428315
7.2,45.64,26.295,-26.63,46.14,26.355,-27.08,0.902075489789311,0.701740163904567,0.53548483496689,42.9424753175112,48.0,0.05242259255662692,0.6823010026372842
7.3,45.64,26.295,-26.63,45.595,25.145,-25.255,0.8216093731144494,0.639144176364385,0.693726804348742,36.958995898416575,47.0,0.033887768727471956,0.5662762854304947
7.4,45.64,26.295,-26.63,45.58,25.445,-26.655,0.9288975286809318,0.722605493084628,0.470344009808333,40.022108383679644,46.0,0.05466771754715245,0.6534637081123759
7.5,45.64,26.295,-26.63,45.52,26.655,-27.065,0.44610082863176137,0.347029569399367,0.242861958247906,28.216949948958355,45.0,0.04616156907561208,0.4423597000967146
7.6,45.64,26.295,-26.63,45.585,25.36,-25.51,0.8752534508976906,0.680874834724506,0.564542818186996,36.66146811222496,44.0,0.05612975199913636,0.6453728066464808
7.7,45.64,26.295,-26.63,46.835,26.115,-26.63,1.0093636453557935,0.785201479846893,1.15712610667077,40.08796008994515,43.0,0.006142913852223375,0.21516448808682112
7.8,45.64,26.295,-26.63,46.69,26.385,-25.74,1.1166518009222757,0.868662796567137,1.14183098479466,38.601328166762855,42.0,0.006773993597348229,0.2238931395249746
7.9,45.64,26.295,-26.63,45.865,26.215,-27.31,0.6338551008731055,0.493086872881876,0.461300068513283,31.792192293338644,41.0,0.043541584153560235,0.443258072937595
7.10,45.64,26.295,-26.63,45.875,26.325,-26.475,0.472922867523382,0.367894898579428,0.245094505303175,27.29153477719226,40.0,0.0749060228251045,0.4980386698823061
7.11,45.64,26.295,-26.63,45.495,26.685,-25.78,1.1702958787055167,0.910393454927258,0.628912477019663,32.223543328405896,39.0,0.04294789283188211,0.5988327565288465
7.12,45.64,26.295,-26.63,47.55,26.775,-26.81,1.0898297620306552,0.847797467387076,1.86547032595917,32.833701118530975,38.0,0.02278259420422444,0.4963132122406392
7.13,45.64,26.295,-26.63,46.565,27.15,-27.125,1.0093636453557935,0.785201479846893,0.969586555359653,30.816898656650956,37.0,0.013105512016568874,0.33509738192919264
7.14,45.64,26.295,-26.63,46.405,25.12,-26.47,1.223939956488758,0.952124112509463,0.944661788273488,31.850457934675962,36.0,0.025706583885921702,0.5521944450131415
7.15,45.64,26.295,-26.63,46.835,26.105,-26.69,0.8752534508976906,0.680874834724506,1.15968604596283,32.00241076725159,35.0,0.0069607790925803135,0.2056882934100363
7.16,45.64,26.295,-26.63,47.155,26.1,-26.36,0.9825416064641728,0.764336150666832,1.47112088091304,31.386796968513885,34.0,0.0020060076172916503,0.0439732227340941
7.17,45.64,26.295,-26.63,47.665,26.69,-25.54,1.2507619953803784,0.972989441689524,2.10243080601791,27.214474614137576,33.0,0.0598463113495465,0.5865367744595635
7.18,45.64,26.295,-26.63,47.435,25.99,-26.27,0.9825416064641728,0.764336150666832,1.74895714882996,28.979636204923892,32.0,0.015328279276424939,0.3020645877726443
7.19,45.64,26.295,-26.63,46.26,27.225,-27.025,0.660677139764726,0.513952202061937,0.727168932507818,22.79467615572116,31.0,0.01770216594670407,0.3612951496073136
7.20,45.64,26.295,-26.63,47.625,25.91,-25.32,1.223939956488758,0.952124112509463,2.03491395390317,25.197997490957565,30.0,0.04168330230751737,0.47006819868513666
7.21,45.64,26.295,-26.63,46.515,25.1,-26.575,1.2507619953803784,0.972989441689524,1.05275353291597,25.265814692252565,29.0,0.018293229473210864,0.3693522539406352
7.22,45.64,26.295,-26.63,46.535,26.26,-26.11,0.8752534508976906,0.680874834724506,0.907178891878691,25.50979048001221,28.0,0.031813556349985776,0.570410296406085
7.23,45.64,26.295,-26.63,46.655,26.01,-26.805,0.902075489789311,0.701740163904567,1.00307851847754,24.169104451535382,27.0,0.022527440942195727,0.432890024270525
7.24,45.64,26.295,-26.63,45.7,25.015,-25.385,0.8484314120060701,0.660009505544446,0.678493693101905,20.130667420084453,26.0,0.05641787207614904,0.6315666966835355
7.25,45.64,26.295,-26.63,45.63,26.425,-28.035,1.2507619953803784,0.972989441689524,0.753489254286855,15.81293945796235,24.0,0.010408605145693823,0.2603740363234569
7.26,45.64,26.295,-26.63,46.97,26.005,-26.28,0.9825416064641728,0.764336150666832,1.29635306709187,21.989318317663372,24.0,0.003469537769245684,0.07800350332869777
7.27,45.64,26.295,-26.63,45.61,24.865,-25.395,0.8216093731144494,0.639144176364385,0.716177536441131,16.900342031547073,23.0,0.05281468889425156,0.5686106006156976
7.28,45.64,26.295,-26.63,46.11,26.34,-25.305,1.0630077231390345,0.826932138207015,0.883979306990391,18.76413461937693,22.0,0.04133625197244644,0.5081522522276006
7.29,45.64,26.295,-26.63,47.09,25.95,-26.215,0.902075489789311,0.701740163904567,1.41690653736243,19.01668279857621,21.0,0.00207814721501047,0.018707895235864302
7.30,45.64,26.295,-26.63,46.53,28.195,-27.15,1.3580501509468608,1.05645075840977,1.22393821475721,11.356624786146442,19.0,0.0013916755060794095,0.03496837310970973
7.31,45.64,26.295,-26.63,46.715,25.155,-26.34,1.3044060731636198,1.01472010004965,1.17143520500993,16.4306044757371,19.0,0.014186882931359808,0.20611912606023733
7.32,45.64,26.295,-26.63,46.32,26.495,-26.95,0.7947873342228289,0.618278847184324,0.671032511460562,14.751077715760829,18.0,0.061296806525232436,0.6419850230201092
7.33,45.64,26.295,-26.63,47.015,25.64,-25.55,1.1166518009222757,0.868662796567137,1.42606282090854,15.242001779872174,17.0,0.0019095152764820214,0.019168559616957025
7.34,45.64,26.295,-26.63,46.415,27.31,-26.96,0.9825416064641728,0.764336150666832,0.878127192400302,12.06666989560453,16.0,0.038436126918756267,0.3813277804778544
7.35,45.64,26.295,-26.63,47.91,26.65,-25.61,1.3580501509468608,1.05645075840977,2.31355520373228,11.43481514673726,15.0,0.09563284089375301,0.5380914160054818
7.36,45.64,26.295,-26.63,47.35,25.905,-26.165,0.9288975286809318,0.722605493084628,1.67244639747983,12.470600538365643,14.0,0.025012126148954743,0.20630923609395432
7.37,45.64,26.295,-26.63,48.145,25.135,-26.055,1.2507619953803784,0.972989441689524,2.49676249793865,9.83803131041875,13.0,0.15072814026320183,0.6094509173198648
7.38,45.64,26.295,-26.63,46.545,26.32,-27.61,1.0898297620306552,0.847797467387076,1.02730758758266,8.685575235175557,12.0,0.00032596796826314564,0.013838347532099428
7.39,45.64,26.295,-26.63,47.09,23.885,-23.53,1.223939956488758,0.952124112509463,2.09990342266562,3.6792953584370096,11.0,0.013305759478199154,0.08705096219270156
7.40,45.64,26.295,-26.63,47.63,24.175,-24.77,1.33122811205524,1.03558542922971,2.21121986830734,5.236679806251624,10.0,0.04880343844428184,0.23277306093078182
7.41,45.64,26.295,-26.63,45.93,26.2,-25.285,1.036185684247414,0.806066809026954,0.784672930339672,7.87268711780686,9.0,0.0007456508139963827,0.00728664636745946
7.42,45.64,26.295,-26.63,45.385,26.72,-26.94,0.9288975286809318,0.722605493084628,0.313418362431122,6.514341675282036,8.0,0.092149323349211,0.4696695999042183
7.43,45.64,26.295,-26.63,47.545,26.285,-26.845,1.1971179175971374,0.931258784107319,1.85192156187912,5.965869990001953,7.0,0.01241689841483031,0.2012712121166514
7.44,45.64,26.295,-26.63,47.0,26.27,-26.345,0.8484314120060701,0.660009505544446,1.32289527580216,5.62672991245196,6.0,0.0,0.0
7.45,45.64,26.295,-26.63,46.485,26.155,-25.95,0.902075489789311,0.701740163904567,0.885196897082484,4.679545820311863,5.0,0.0,0.0
7.46,45.64,26.295,-26.63,46.865,26.1,-25.55,1.223939956488758,0.952124112509463,1.30891344805287,3.1844079433401307,4.0,0.0,0.0
7.47,45.64,26.295,-26.63,46.915,25.985,-27.25,1.1971179175971374,0.931258784107319,1.31487168454561,2.0105247263055346,3.0,0.0,0.0
7.48,45.64,26.295,-26.63,45.93,26.54,-26.515,0.3656347119568998,0.284433581859185,0.327915091962295,0.5398372568449203,2.0,0.05097534257411988,0.0726055366382462
7.49,45.64,26.295,-26.63,46.935,24.625,-24.885,1.1971179175971374,0.931258784107319,1.55460544457979,0.6009486142425977,1.0,0.0,0.0
7.50,45.64,26.295,-26.63,47.36,26.34,-27.04,1.2507619953803784,0.972989441689524,1.68038207114538,0.0,0.0,0.0,0.0
8.1,46.855,11.465,-13.315,46.89,11.335,-13.23,1.1873049765392274,0.923625127166118,0.110895138373823,57.62875874465548,59.0,0.0,0.0
8.2,46.855,11.465,-13.315,46.87,11.455,-13.36,0.8104880399154848,0.630492698601412,0.03761380165562,57.87669236764199,58.0,0.0,0.0
8.3,46.855,11.465,-13.315,46.53,11.19,-13.395,0.7476852171448609,0.581637293710975,0.41039974519001,56.65829469582842,57.0,0.0,0.0
8.4,46.855,11.465,-13.315,46.61,11.26,-13.415,0.998896508227356,0.777058912494807,0.318336515630493,55.94042506045924,56.0,0.0,0.0
8.5,46.855,11.465,-13.315,46.77,11.62,-13.085,0.6848823943742373,0.532781888820538,0.252413402032655,54.2354896884466,55.0,0.0,0.0
8.6,46.855,11.465,-13.315,46.895,11.365,-13.25,1.1559035651539156,0.899197424331941,0.0899454400592889,53.204832935892426,54.0,0.0,0.0
8.7,46.855,11.465,-13.315,46.71,11.275,-13.075,1.0616993309979799,0.825914317385244,0.232411516873212,52.80125636758008,53.0,0.0,0.0
8.8,46.855,11.465,-13.315,46.84,11.365,-13.32,0.8104880399154848,0.630492698601412,0.0884354940578063,51.891443428072336,52.0,0.0,0.0
8.9,46.855,11.465,-13.315,47.005,11.49,-13.275,0.7790866285301729,0.606064996545153,0.151636494404473,50.81616054635939,51.0,0.0,0.0
8.10,46.855,11.465,-13.315,46.92,11.205,-13.25,0.6220795716036134,0.483926484708018,0.221403344947799,48.673186519613076,50.0,0.0,0.0
8.11,46.855,11.465,-13.315,46.77,11.415,-13.305,0.9674950968420443,0.752631210438547,0.0922756536468404,48.99253390635494,49.0,0.0,0.0
8.12,46.855,11.465,-13.315,46.775,11.42,-13.25,0.9674950968420443,0.752631210438547,0.0909081121136886,47.99253390635495,48.0,0.0,0.0
8.13,46.855,11.465,-13.315,46.795,11.525,-13.315,0.7790866285301729,0.606064996545153,0.0777595591203161,46.81616054635939,47.0,0.0,0.0
8.14,46.855,11.465,-13.315,46.835,11.39,-13.265,0.6848823943742373,0.532781888820538,0.0639454585072728,45.35160147234439,46.0,0.0,0.0
8.15,46.855,11.465,-13.315,46.98,11.37,-13.155,0.8732908626861087,0.67934810349185,0.164051254885873,44.974125011535804,45.0,0.0,0.0
8.16,46.855,11.465,-13.315,46.98,11.54,-13.35,1.0931007423832917,0.850342019441504,0.135673964600181,43.810800530909546,44.0,0.0,0.0
8.17,46.855,11.465,-13.315,46.95,11.5,-13.35,0.9674950968420443,0.752631210438547,0.0975216464914533,42.993765142507115,43.0,0.0,0.0
8.18,46.855,11.465,-13.315,46.75,11.33,-13.345,1.0616993309979799,0.825914317385244,0.161437614128444,41.89382569556246,42.0,0.0,0.0
8.19,46.855,11.465,-13.315,46.85,11.675,-13.32,0.9046922740714205,0.70377580554811,0.177944421714585,40.99146254732265,41.0,0.0,0.0
8.20,46.855,11.465,-13.315,46.85,11.455,-13.34,0.9674950968420443,0.752631210438547,0.0221940388612848,39.993765142507115,40.0,0.0,0.0
8.21,46.855,11.465,-13.315,47.04,11.51,-13.225,0.9480561278892321,0.737509299419552,0.198659022944147,38.996676208263764,39.0,0.0,0.0
8.22,46.855,11.465,-13.315,46.72,11.215,-13.475,0.8560948516893903,0.665971028389582,0.3047472977336,37.95834505153354,38.0,0.0,0.0
8.23,46.855,11.465,-13.315,47.035,11.185,-13.17,0.8560948516893903,0.665971028389582,0.285590881588282,36.95834505153354,37.0,0.0,0.0
8.24,46.855,11.465,-13.315,46.825,11.45,-13.15,0.8560948516893903,0.665971028389582,0.112143726050366,35.95834505153354,36.0,0.0,0.0
8.25,46.855,11.465,-13.315,46.985,11.565,-13.235,0.7641335754895482,0.594432756581695,0.172303898834589,34.78197097942363,35.0,0.0,0.0
8.26,46.855,11.465,-13.315,47.045,11.365,-13.33,1.1626324390221967,0.904431932082122,0.205999058200293,33.50957772726644,34.0,0.0,0.0
8.27,46.855,11.465,-13.315,47.01,11.545,-13.12,1.040017404089074,0.809047570449523,0.227256669268564,32.93473809997786,33.0,0.0,0.0
8.28,46.855,11.465,-13.315,46.83,11.47,-13.345,1.1013249215556353,0.856739751654781,0.0310320235107202,31.795253396033694,32.0,0.0,0.0
8.29,46.855,11.465,-13.315,46.91,11.235,-13.47,0.8867486104226707,0.689817118214294,0.262091018754558,30.98402145890548,31.0,0.0,0.0
8.30,46.855,11.465,-13.315,46.77,11.47,-13.37,0.8867486104226707,0.689817118214294,0.0902225940791284,29.98402145890548,30.0,0.0,0.0
8.31,46.855,11.465,-13.315,46.715,11.625,-13.3,0.9787098866225127,0.761355390022181,0.195751246690585,28.990446576189424,29.0,0.0,0.0
8.32,46.855,11.465,-13.315,46.705,11.315,-13.345,1.0093636453557935,0.785201479846893,0.200690843282948,27.971358025194526,28.0,0.0,0.0
8.33,46.855,11.465,-13.315,46.6,11.565,-13.395,1.223939956488758,0.952124112509463,0.261320517447292,26.00743090773723,27.0,0.0,0.0
8.34,46.855,11.465,-13.315,46.74,11.55,-13.34,0.7028260580229869,0.546740576154354,0.131112213344819,25.7966611323731,26.0,0.0,0.0
8.35,46.855,11.465,-13.315,46.615,11.8,-13.51,0.8867486104226707,0.689817118214294,0.354303531837856,24.99615321371204,25.0,0.0,0.0
8.36,46.855,11.465,-13.315,46.86,11.56,-13.18,0.9787098866225127,0.761355390022181,0.142985406493581,23.991114053640647,24.0,0.0,0.0
8.37,46.855,11.465,-13.315,46.935,11.565,-13.335,0.8254410929561096,0.642124937786953,0.112796349885592,22.969063907533542,23.0,0.0,0.0
8.38,46.855,11.465,-13.315,46.795,11.29,-13.375,0.7334798167562675,0.570586666756983,0.179652007013409,21.862439553002847,22.0,0.0,0.0
8.39,46.855,11.465,-13.315,46.995,11.53,-13.315,0.8560948516893903,0.665971028389582,0.147338349347387,20.98616253595921,21.0,0.0,0.0
8.40,46.855,11.465,-13.315,46.78,11.46,-13.4,0.8867486104226707,0.689817118214294,0.0941594194052804,19.99615321371204,20.0,0.0,0.0
8.41,46.855,11.465,-13.315,46.765,11.655,-13.48,1.0616993309979799,0.825914317385244,0.182282025652938,18.926077942109856,19.0,0.0,0.0
8.42,46.855,11.465,-13.315,47.07,11.605,-13.26,0.7162838057595491,0.557209591654715,0.250774195103336,17.843096482965038,18.0,0.0,0.0
8.43,46.855,11.465,-13.315,46.9,11.455,-13.24,0.9674950968420443,0.752631210438547,0.0654151875023158,16.993873578670463,17.0,0.0,0.0
8.44,46.855,11.465,-13.315,46.83,11.495,-13.335,0.6534809829889254,0.508354186764278,0.0343910695842448,15.68113102446493,16.0,0.0,0.0
8.45,46.855,11.465,-13.315,46.915,11.4,-13.31,0.7162838057595491,0.557209591654715,0.0800135929139431,14.84309648296504,15.0,0.0,0.0
8.46,46.855,11.465,-13.315,46.95,11.575,-13.27,1.1873049765392274,0.923625127166118,0.1429390036648,13.86450997604881,14.0,0.0,0.0
8.47,46.855,11.465,-13.315,46.675,11.305,-13.21,0.9046922740714205,0.70377580554811,0.218031526967713,13.0,13.0,0.0,0.0
8.48,46.855,11.465,-13.315,46.85,11.3,-13.31,0.8418894513007967,0.654920400657672,0.14087402672764,11.993873578670463,12.0,0.0,0.0
8.49,46.855,11.465,-13.315,46.9,11.565,-13.45,0.7790866285301729,0.606064996545153,0.109142694558372,10.972894846545433,11.0,0.0,0.0
8.50,46.855,11.465,-13.315,46.745,11.225,-13.5,0.8104880399154848,0.630492698601412,0.298860736864475,9.985248939569665,10.0,0.0,0.0
8.51,46.855,11.465,-13.315,46.92,11.44,-13.265,0.9674950968420443,0.752631210438547,0.0713753720942494,9.0,9.0,0.0,0.0
8.52,46.855,11.465,-13.315,46.83,11.595,-13.26,0.8418894513007967,0.654920400657672,0.131679533617355,7.993873578670463,8.0,0.0,0.0
8.53,46.855,11.465,-13.315,46.85,11.43,-13.18,0.9046922740714205,0.70377580554811,0.085807945231796,7.0,7.0,0.0,0.0
8.54,46.855,11.465,-13.315,46.92,11.42,-13.445,0.9674950968420443,0.752631210438547,0.125761360994033,6.0,6.0,0.0,0.0
8.55,46.855,11.465,-13.315,46.62,11.34,-13.44,0.998896508227356,0.777058912494807,0.278672021188141,5.0,5.0,0.0,0.0
8.56,46.855,11.465,-13.315,46.715,11.425,-13.295,1.1559035651539156,0.899197424331941,0.139872069210357,3.9840177035139996,4.0,0.0,0.0
8.57,46.855,11.465,-13.315,46.65,11.335,-13.555,0.8732908626861087,0.67934810349185,0.303818984663041,3.0,3.0,0.0,0.0
8.58,46.855,11.465,-13.315,46.82,11.515,-13.325,0.9674950968420443,0.752631210438547,0.0531704517952637,2.0,2.0,0.0,0.0
8.59,46.855,11.465,-13.315,46.84,11.36,-13.275,1.0302979196126678,0.801486615328984,0.0854741120782812,1.0,1.0,0.0,0.0
8.60,46.855,11.465,-13.315,46.96,11.525,-13.18,0.8104880399154848,0.630492698601412,0.157939353889634,0.0,0.0,0.0,0.0
9.1,35.47,6.815,-44.48,35.485,6.975,-45.02,1.3580501509468608,1.05645075840977,0.139130873904213,55.98288278226533,59.0,0.0022919237000147293,0.09212454714044249
9.2,35.47,6.815,-44.48,35.26,6.75,-44.75,1.223939956488758,0.952124112509463,0.234450070534379,56.965275525628975,58.0,0.0005245459181756779,0.03035289841254648
9.3,35.47,6.815,-44.48,34.785,6.145,-44.785,1.3044060731636198,1.01472010004965,0.816564317563386,54.511755370856996,57.0,0.0,0.0
9.4,35.47,6.815,-44.48,35.45,7.035,-45.145,1.1166518009222757,0.868662796567137,0.16088094598443,55.24032967653301,56.0,0.0017795435688551695,0.07569904359160372
9.5,35.47,6.815,-44.48,35.965,6.43,-44.155,0.8484314120060701,0.660009505544446,0.440778400181859,52.44326957154527,55.0,0.0,0.0
9.6,35.47,6.815,-44.48,33.995,6.935,-43.905,1.2507619953803784,0.972989441689524,1.25244368919109,49.27683261071074,54.0,0.00962686724814122,0.0805877650900193
9.7,35.47,6.815,-44.48,35.38,7.11,-44.9,1.1702958787055167,0.910393454927258,0.117982228143935,52.30267619418729,53.0,0.002609800778004352,0.1117668086940298
9.8,35.47,6.815,-44.48,35.41,6.92,-44.91,1.0093636453557935,0.785201479846893,0.13140708557256,51.667573778810514,52.0,0.002221026540977404,0.097774633927559
9.9,35.47,6.815,-44.48,35.19,7.15,-44.535,1.1166518009222757,0.868662796567137,0.31598392985757,50.55896139895473,51.0,7.062443398306516e-05,0.003753624153794177
9.10,35.47,6.815,-44.48,35.655,7.05,-44.915,0.9825416064641728,0.764336150666832,0.173752803884843,49.493607600653675,50.0,0.001256555990271016,0.061253481173669425
9.11,35.47,6.815,-44.48,35.43,6.855,-44.44,1.1971179175971374,0.931258784107319,0.0552588434073854,48.10198873850383,49.0,0.004581614412129163,0.1683982812850525
9.12,35.47,6.815,-44.48,35.955,6.635,-44.21,1.1702958787055167,0.910393454927258,0.406513791332048,46.459554033684,48.0,0.0,0.0
9.13,35.47,6.815,-44.48,33.85,6.995,-45.44,1.3580501509468608,1.05645075840977,1.3604019529082,38.70351829500471,47.0,0.027119861096649468,0.14789503404125473
9.14,35.47,6.815,-44.48,34.92,7.195,-44.915,1.0093636453557935,0.785201479846893,0.471656250529573,45.41047365513739,46.0,0.0,0.0
9.15,35.47,6.815,-44.48,35.945,6.885,-44.41,0.6070330619814848,0.472221543701815,0.401857586232807,38.1610034593445,45.0,0.0,0.0
9.16,35.47,6.815,-44.48,35.605,7.07,-44.57,1.0898297620306552,0.847797467387076,0.183973205585157,43.73958945020089,44.0,0.00015228499127385112,0.007107856136145566
9.17,35.47,6.815,-44.48,35.41,6.955,-44.94,1.1702958787055167,0.910393454927258,0.12649166822869,42.53810539218793,43.0,0.000620711151909433,0.0273608548439968
9.18,35.47,6.815,-44.48,35.66,6.935,-44.71,1.1434738398138964,0.889528125747198,0.163321211273161,41.59618887048997,42.0,0.0002832323202876904,0.012623143206267699
9.19,35.47,6.815,-44.48,35.26,7.46,-43.79,1.2507619953803784,0.972989441689524,0.757646173217982,39.552509518700894,41.0,0.0,0.0
9.20,35.47,6.815,-44.48,35.34,7.21,-44.975,0.9825416064641728,0.764336150666832,0.167043459809002,39.60631297635903,40.0,0.0002723017973529918,0.011530819756692493
9.21,35.47,6.815,-44.48,36.06,6.39,-44.075,1.1971179175971374,0.931258784107319,0.516729809598429,37.255176777574434,39.0,0.0,0.0
9.22,35.47,6.815,-44.48,35.295,7.635,-46.045,1.3580501509468608,1.05645075840977,0.327874642435196,31.453185948177815,38.0,0.0,0.0
9.23,35.47,6.815,-44.48,35.77,6.61,-44.14,1.0630077231390345,0.826932138207015,0.25726350720421,36.51650020602533,37.0,0.0,0.0
9.24,35.47,6.815,-44.48,35.275,7.34,-43.94,1.0898297620306552,0.847797467387076,0.611945491190824,35.655309940489374,36.0,0.0,0.0
9.25,35.47,6.815,-44.48,34.955,7.48,-45.15,1.1702958787055167,0.910393454927258,0.490202913610778,33.749787455212015,35.0,0.0,0.0
9.26,35.47,6.815,-44.48,35.215,7.11,-44.815,0.9825416064641728,0.764336150666832,0.233641610641851,33.75623677960125,34.0,7.692244473079642e-06,0.0002715074441479164
9.27,35.47,6.815,-44.48,35.49,6.7,-44.315,0.7947873342228289,0.618278847184324,0.0394155060145271,31.556282263188663,33.0,0.0016896117257529898,0.0673153621920185
9.28,35.47,6.815,-44.48,35.1,6.84,-45.15,1.3044060731636198,1.01472010004965,0.407409444392079,30.55723907063464,32.0,0.0,0.0
9.29,35.47,6.815,-44.48,35.95,6.805,-44.535,0.8216093731144494,0.639144176364385,0.399613066451974,29.70756805090417,31.0,0.0,0.0
9.30,35.47,6.815,-44.48,35.19,6.755,-44.365,0.902075489789311,0.701740163904567,0.23233164576808,29.556888711395878,30.0,9.970416094784028e-06,0.0003210463424741457
9.31,35.47,6.815,-44.48,35.735,6.46,-44.165,1.33122811205524,1.03558542922971,0.261934432892497,27.33830698257228,29.0,0.0,0.0
9.32,35.47,6.815,-44.48,35.795,6.63,-43.935,0.9825416064641728,0.764336150666832,0.29920401938006,27.38726231438912,28.0,0.0,0.0
9.33,35.47,6.815,-44.48,35.315,6.865,-44.21,0.9557195675725523,0.743470822264689,0.196115137246095,26.74919359456916,27.0,0.00016092173615071977,0.004587347802522928
9.34,35.47,6.815,-44.48,34.495,7.105,-44.305,1.1702958787055167,0.910393454927258,0.847517977954703,25.244606666669586,26.0,0.0,0.0
9.35,35.47,6.815,-44.48,35.47,6.82,-44.045,0.8484314120060701,0.660009505544446,0.190125431530397,24.19584031690707,25.0,0.00017843077118890886,0.005150717296578682
9.36,35.47,6.815,-44.48,35.53,6.54,-44.045,1.0093636453557935,0.785201479846893,0.0995905726055752,23.666814195474185,24.0,0.0015656294536329828,0.0397355008500845
9.37,35.47,6.815,-44.48,36.05,6.415,-43.945,0.902075489789311,0.701740163904567,0.498245778036302,21.796385809446257,23.0,0.0,0.0
9.38,35.47,6.815,-44.48,35.26,7.055,-44.89,1.1971179175971374,0.931258784107319,0.190262248962665,21.549463784308443,22.0,0.0002719918218073968,0.005986670494826686
9.39,35.47,6.815,-44.48,36.01,6.435,-44.1,0.7143212175479672,0.555682860422059,0.470364212339018,18.635154098055885,21.0,0.0,0.0
9.40,35.47,6.815,-44.48,35.695,6.715,-44.385,0.7143212175479672,0.555682860422059,0.190403767550108,18.024015369206296,20.0,0.00015075825671038808,0.004065767736324522
9.41,35.47,6.815,-44.48,35.9,6.53,-44.365,1.277584034271999,0.993854770869585,0.390440488157941,18.237949963562535,19.0,0.0,0.0
9.42,35.47,6.815,-44.48,34.83,7.245,-44.625,1.2507619953803784,0.972989441689524,0.583165989629195,17.54085518160323,18.0,0.0,0.0
9.43,35.47,6.815,-44.48,36.095,6.325,-44.055,1.0093636453557935,0.785201479846893,0.556451234326058,16.0801219731806,17.0,0.0,0.0
9.44,35.47,6.815,-44.48,34.72,6.925,-45.715,1.3848721898384815,1.07731608758983,0.767631374858751,14.265547784853645,16.0,0.0,0.0
9.45,35.47,6.815,-44.48,36.075,6.725,-44.385,0.8752534508976906,0.680874834724506,0.503703227581765,14.342102129298988,15.0,0.0,0.0
9.46,35.47,6.815,-44.48,35.17,7.245,-44.815,1.2507619953803784,0.972989441689524,0.309164708935691,13.663249340789502,14.0,0.0,0.0
9.47,35.47,6.815,-44.48,34.335,7.545,-44.675,1.1702958787055167,0.910393454927258,1.03138374712343,12.384289073536975,13.0,0.0,0.0
9.48,35.47,6.815,-44.48,34.665,7.23,-45.24,1.3580501509468608,1.05645075840977,0.677985141486487,10.995319931650831,12.0,0.0,0.0
9.49,35.47,6.815,-44.48,35.23,6.995,-44.03,1.036185684247414,0.806066809026954,0.370659581604525,10.957856289595181,11.0,0.0,0.0
9.50,35.47,6.815,-44.48,34.63,7.16,-43.83,1.1166518009222757,0.868662796567137,0.860194494791295,9.812814038305099,10.0,0.0,0.0
9.51,35.47,6.815,-44.48,33.975,6.56,-44.59,1.3580501509468608,1.05645075840977,1.24555576416962,7.885981585433823,9.0,0.01412689967538177,0.04587360253880992
9.52,35.47,6.815,-44.48,35.495,6.57,-44.25,0.7143212175479672,0.555682860422059,0.0972506582717581,7.667457664854809,8.0,0.0,0.0
9.53,35.47,6.815,-44.48,35.39,6.83,-44.3,0.9557195675725523,0.743470822264689,0.109168278436797,6.984136063797255,7.0,0.0,0.0
9.54,35.47,6.815,-44.48,34.8,6.96,-44.49,1.1702958787055167,0.910393454927258,0.560816909741955,5.900146550237004,6.0,0.0,0.0
9.55,35.47,6.815,-44.48,35.285,6.84,-44.635,1.1166518009222757,0.868662796567137,0.161221632751221,4.974679568117232,5.0,0.0,0.0
9.56,35.47,6.815,-44.48,36.13,6.405,-43.785,0.9557195675725523,0.743470822264689,0.564457376510136,3.910276290208109,4.0,0.0,0.0
9.57,35.47,6.815,-44.48,35.02,6.72,-45.02,1.3044060731636198,1.01472010004965,0.47196284238987,2.82652117144937,3.0,0.0,0.0
9.58,35.47,6.815,-44.48,35.96,6.465,-44.145,0.7679652953312082,0.597413518004263,0.428392337867135,1.9997660017327394,2.0,0.0,0.0
9.59,35.47,6.815,-44.48,35.795,6.57,-44.055,0.9825416064641728,0.764336150666832,0.28135578133481,1.0,1.0,0.0,0.0
9.60,35.47,6.815,-44.48,35.38,6.96,-44.76,1.036185684247414,0.806066809026954,0.0913522357694813,0.0,0.0,0.0,0.0
10.1,36.405,5.805,-31.82,36.715,5.945,-31.665,1.1702958787055167,0.910393454927258,0.318473192026057,56.27707631506071,59.0,0.0,0.0
10.2,36.405,5.805,-31.82,36.17,6.17,-31.985,0.8484314120060701,0.660009505544446,0.2907506915645,57.57896092362069,58.0,0.0,0.0
10.3,36.405,5.805,-31.82,36.73,5.935,-31.58,0.7411432564395877,0.576548188824202,0.350137536152937,56.37373481287132,57.0,0.0,0.0
10.4,36.405,5.805,-31.82,36.555,5.865,-31.94,0.5533889841982438,0.430490885341693,0.13038191696506,53.48039034530161,56.0,0.0,0.0
10.5,36.405,5.805,-31.82,36.225,6.02,-31.895,0.8752534508976906,0.680874834724506,0.202285929220321,54.653423380646544,55.0,0.0,0.0
10.6,36.405,5.805,-31.82,37.005,5.71,-31.67,1.1166518009222757,0.868662796567137,0.506425548314033,52.49613970784571,54.0,0.0,0.0
10.7,36.405,5.805,-31.82,36.725,6.17,-32.085,0.8216093731144494,0.639144176364385,0.323493613941449,52.62363641315663,53.0,0.0,0.0
10.8,36.405,5.805,-31.82,36.17,5.97,-31.78,0.660677139764726,0.513952202061937,0.245205102771248,50.89688270326258,52.0,0.0,0.0
10.9,36.405,5.805,-31.82,36.37,5.865,-32.27,0.7679652953312082,0.597413518004263,0.200646550206869,50.44111647248056,51.0,0.0,0.0
10.10,36.405,5.805,-31.82,36.49,6.095,-32.23,1.0093636453557935,0.785201479846893,0.141009644235026,49.39341280886491,50.0,0.0,0.0
10.11,36.405,5.805,-31.82,36.595,6.015,-32.045,1.036185684247414,0.806066809026954,0.182334082720846,48.30506025873096,49.0,0.0,0.0
10.12,36.405,5.805,-31.82,36.14,5.83,-31.965,0.8752534508976906,0.680874834724506,0.229802642406025,47.646941511652244,48.0,0.0,0.0
10.13,36.405,5.805,-31.82,36.31,5.95,-31.545,0.8752534508976906,0.680874834724506,0.261019047394334,46.68020384120931,47.0,0.0,0.0
10.14,36.405,5.805,-31.82,36.36,6.095,-31.695,0.8484314120060701,0.660009505544446,0.286239816747197,45.65590199108544,46.0,0.0,0.0
10.15,36.405,5.805,-31.82,36.415,6.025,-31.69,0.8216093731144494,0.639144176364385,0.23241722733532,44.63229264681786,45.0,0.0,0.0
10.16,36.405,5.805,-31.82,36.975,5.165,-32.275,1.3848721898384815,1.07731608758983,0.855500735111321,34.87975317110195,44.0,0.0,0.0
10.17,36.405,5.805,-31.82,36.995,5.8,-31.89,0.8484314120060701,0.660009505544446,0.497803227517091,42.83174408910459,43.0,0.0,0.0
10.18,36.405,5.805,-31.82,36.82,5.73,-31.735,0.7947873342228289,0.618278847184324,0.350015508611499,41.798900413368656,42.0,0.0,0.0
10.19,36.405,5.805,-31.82,36.77,5.6,-31.555,0.7143212175479672,0.555682860422059,0.318177162811598,40.608663813551715,41.0,0.0,0.0
10.20,36.405,5.805,-31.82,36.54,5.98,-32.255,0.7411432564395877,0.576548188824202,0.175899336444393,39.64546935462486,40.0,0.0,0.0
10.21,36.405,5.805,-31.82,36.85,5.625,-31.46,1.036185684247414,0.806066809026954,0.387953677196431,38.32961750254292,39.0,0.0,0.0
10.22,36.405,5.805,-31.82,36.65,5.93,-31.67,0.9288975286809318,0.722605493084628,0.266598805853871,37.746020967753154,38.0,0.0,0.0
10.23,36.405,5.805,-31.82,36.655,5.915,-31.85,0.7947873342228289,0.618278847184324,0.221965803427559,36.80020501433417,37.0,0.0,0.0
10.24,36.405,5.805,-31.82,36.675,5.905,-31.775,0.902075489789311,0.701740163904567,0.247144071794437,35.79718886611512,36.0,0.0,0.0
10.25,36.405,5.805,-31.82,36.91,5.825,-31.48,0.902075489789311,0.701740163904567,0.466406232387524,34.774794242411176,35.0,0.0,0.0
10.26,36.405,5.805,-31.82,36.66,5.755,-31.51,0.8216093731144494,0.639144176364385,0.25171788513277,33.81586407585382,34.0,0.0,0.0
10.27,36.405,5.805,-31.82,36.69,5.885,-31.745,0.9288975286809318,0.722605493084628,0.258513498015991,32.74902319362104,33.0,0.0,0.0
10.28,36.405,5.805,-31.82,36.605,5.77,-31.66,0.6070330619814848,0.472221543701815,0.179242557184274,31.116583073707616,32.0,0.0,0.0
10.29,36.405,5.805,-31.82,36.64,5.87,-31.63,0.6874991786563465,0.534817531241998,0.245217517622865,30.530140378217986,31.0,0.0,0.0
10.30,36.405,5.805,-31.82,36.7,5.915,-31.8,0.6874991786563465,0.534817531241998,0.26506811565534,29.53334973855651,30.0,0.0,0.0
10.31,36.405,5.805,-31.82,36.275,5.97,-31.63,1.0630077231390345,0.826932138207015,0.245570427192474,28.277344598281783,29.0,0.0,0.0
10.32,36.405,5.805,-31.82,36.24,5.765,-31.4,0.9557195675725523,0.743470822264689,0.240285192739789,27.68211805787124,28.0,0.0,0.0
10.33,36.405,5.805,-31.82,36.27,6.02,-31.945,0.7679652953312082,0.597413518004263,0.162203920990029,26.715538979965107,27.0,0.0,0.0
10.34,36.405,5.805,-31.82,36.785,5.81,-31.56,0.8484314120060701,0.660009505544446,0.348804637455634,25.822765662020863,26.0,0.0,0.0
10.35,36.405,5.805,-31.82,36.245,5.465,-32.72,1.3044060731636198,1.01472010004965,0.717768523339018,20.893690079224704,25.0,0.0,0.0
10.36,36.405,5.805,-31.82,36.31,6.03,-31.945,0.9557195675725523,0.743470822264689,0.147135195292761,23.67824145081333,24.0,0.0,0.0
10.37,36.405,5.805,-31.82,36.465,5.77,-31.45,0.5265669453066231,0.409625556161633,0.180452590136517,22.13408022347218,23.0,0.0,0.0
10.38,36.405,5.805,-31.82,36.42,6.195,-32.04,0.902075489789311,0.701740163904567,0.213286229245692,21.81260184926435,22.0,0.0,0.0
10.39,36.405,5.805,-31.82,36.635,6.025,-31.94,0.8216093731144494,0.639144176364385,0.228205849469224,20.916895204266,21.0,0.0,0.0
10.40,36.405,5.805,-31.82,36.75,5.78,-31.765,0.44610082863176137,0.347029569399367,0.290125546330125,18.41568372775295,20.0,0.0,0.0
10.41,36.405,5.805,-31.82,36.575,5.955,-31.44,1.1702958787055167,0.910393454927258,0.33831164905923,18.139290205114,19.0,0.0,0.0
10.42,36.405,5.805,-31.82,36.56,6.035,-31.98,0.8752534508976906,0.680874834724506,0.174166428049353,17.940295433378243,18.0,0.0,0.0
10.43,36.405,5.805,-31.82,36.81,5.99,-32.055,0.8216093731144494,0.639144176364385,0.348607129600454,16.9612856745415,17.0,0.0,0.0
10.44,36.405,5.805,-31.82,36.805,5.635,-31.815,0.7143212175479672,0.555682860422059,0.360247451285775,15.925201974837025,16.0,0.0,0.0
10.45,36.405,5.805,-31.82,36.76,5.915,-32.15,0.8216093731144494,0.639144176364385,0.318079810784436,14.955655596327285,15.0,0.0,0.0
10.46,36.405,5.805,-31.82,36.825,5.8,-31.21,0.7679652953312082,0.597413518004263,0.476567215427955,13.952612940465041,14.0,0.0,0.0
10.47,36.405,5.805,-31.82,36.515,5.865,-31.575,0.9288975286809318,0.722605493084628,0.194252183131272,12.922399660249358,13.0,0.0,0.0
10.48,36.405,5.805,-31.82,36.34,5.535,-32.27,0.8752534508976906,0.680874834724506,0.431011095246231,11.898767961545486,12.0,0.0,0.0
10.49,36.405,5.805,-31.82,37.285,5.355,-31.13,0.7411432564395877,0.576548188824202,0.768088673130246,10.89303499265693,11.0,0.0,0.0
10.50,36.405,5.805,-31.82,37.345,5.485,-31.25,0.9288975286809318,0.722605493084628,0.808592934592493,9.890049572435526,10.0,0.0,0.0
10.51,36.405,5.805,-31.82,36.2,5.95,-31.98,1.1702958787055167,0.910393454927258,0.181951772696521,8.344760202181263,9.0,0.0,0.0
10.52,36.405,5.805,-31.82,36.34,5.965,-31.57,0.8752534508976906,0.680874834724506,0.252845032858402,7.960111043839544,8.0,0.0,0.0
10.53,36.405,5.805,-31.82,36.645,5.97,-31.51,0.7411432564395877,0.576548188824202,0.346114083474186,6.999766001774812,7.0,0.0,0.0
10.54,36.405,5.805,-31.82,36.825,5.815,-31.555,0.6338551008731055,0.493086872881876,0.382131027160058,5.983900112011428,6.0,0.0,0.0
10.55,36.405,5.805,-31.82,36.87,5.925,-32.125,0.902075489789311,0.701740163904567,0.402219326006154,4.944017015468885,5.0,0.0,0.0
10.56,36.405,5.805,-31.82,37.03,5.59,-31.29,0.9557195675725523,0.743470822264689,0.551012631843794,3.9036659219439604,4.0,0.0,0.0
10.57,36.405,5.805,-31.82,36.85,5.69,-31.465,0.472922867523382,0.367894898579428,0.393160066878276,2.898219991364284,3.0,0.0,0.0
10.58,36.405,5.805,-31.82,36.5,5.855,-32.005,0.7679652953312082,0.597413518004263,0.104557569835246,2.0,2.0,0.0,0.0
10.59,36.405,5.805,-31.82,36.92,5.84,-31.555,0.7679652953312082,0.597413518004263,0.462873271491237,1.0,1.0,0.0,0.0
10.60,36.405,5.805,-31.82,36.565,5.85,-31.66,0.9557195675725523,0.743470822264689,0.177177448452841,0.0,0.0,0.0,0.0
11.1,85.83,-9.91,69.905,84.845,-9.63,73.195,0.9787098866225129,0.761355390022181,1.07808254228353,29.740641155643733,43.0,0.0,0.0
11.2,85.83,-9.91,69.905,85.575,-9.335,66.885,1.0706711628223546,0.832893661052152,0.770661080168592,14.920416545188903,35.0,0.0,0.0
11.3,85.83,-9.91,69.905,85.005,-9.69,69.95,0.7334798167562675,0.570586666756983,0.555491461233119,38.97755547368022,47.0,6.180130294120875e-06,0.002816239182157483
11.4,85.83,-9.91,69.905,85.465,-9.45,70.93,0.8867486104226707,0.689817118214294,0.475124449955458,39.274761415371785,46.0,0.00021810096757364522,0.027312896023607248
11.5,85.83,-9.91,69.905,85.585,-9.775,68.52,0.8867486104226707,0.689817118214294,0.37321908705772,26.388732049730958,43.0,0.0,0.0
11.6,85.83,-9.91,69.905,83.775,-9.695,73.835,1.3159012326886,1.02366238431735,1.6837978919828,18.3589340404465,35.0,0.0058182986025268335,0.05897454802267929
11.7,85.83,-9.91,69.905,85.62,-9.755,67.535,0.7947873342228289,0.618278847184324,0.599754483841411,16.980125432510814,36.0,0.0,0.0
11.8,85.83,-9.91,69.905,85.375,-9.485,67.395,0.9480561278892321,0.737509299419552,0.686744201558385,15.088556108955435,32.0,0.0,0.0
11.9,85.83,-9.91,69.905,85.095,-9.47,68.215,1.0706711628223546,0.832893661052152,0.648650910140237,20.73953859078996,38.0,0.0,0.0
11.10,85.83,-9.91,69.905,85.215,-9.335,68.225,1.0093636453557935,0.785201479846893,0.614549714440504,19.797156498004764,37.0,0.0,0.0
11.11,85.83,-9.91,69.905,84.805,-10.01,69.655,1.1932861977554774,0.928278022684751,0.678635106523476,29.944947070958783,39.0,0.0,0.0
11.12,85.83,-9.91,69.905,85.35,-9.94,71.635,0.8560948516893903,0.665971028389582,0.528202283947461,33.50989018978129,38.0,0.0,0.0
11.13,85.83,-9.91,69.905,85.225,-9.76,72.875,1.131978680288916,0.880585841479493,0.855128278807669,27.261339923942348,37.0,0.0,0.0
11.14,85.83,-9.91,69.905,85.58,-9.65,69.03,0.8560948516893903,0.665971028389582,0.282734174704835,24.185925777407967,35.0,0.0,0.0
11.15,85.83,-9.91,69.905,85.175,-10.025,70.45,0.9480561278892321,0.737509299419552,0.449133057415612,30.888629956373304,35.0,0.0,0.0
11.16,85.83,-9.91,69.905,85.09,-9.57,71.155,0.8867486104226707,0.689817118214294,0.632632150965401,30.707828577938127,34.0,0.0,0.0
11.17,85.83,-9.91,69.905,85.205,-9.725,69.845,0.7028260580229869,0.546740576154354,0.421612518856682,26.735001602591723,33.0,0.0,0.0
11.18,85.83,-9.91,69.905,85.3,-9.535,68.14,1.0093636453557935,0.785201479846893,0.560996925135587,13.729768875654026,29.0,0.0,0.0
11.19,85.83,-9.91,69.905,85.295,-9.435,71.07,0.9174023691559514,0.713663208816923,0.566200934508643,28.206980502104585,31.0,0.0,0.0
11.20,85.83,-9.91,69.905,85.6,-10.13,70.445,0.7028260580229869,0.546740576154354,0.217699323807903,25.428099769735336,30.0,8.589603371817165e-10,1.7128451081362786e-07
11.21,85.83,-9.91,69.905,84.81,-9.055,68.135,0.998896508227356,0.777058912494807,0.88051267021669,10.957977015912958,26.0,0.0,0.0
11.22,85.83,-9.91,69.905,85.395,-9.81,69.435,0.8732908626861092,0.67934810349185,0.307304421416737,19.450728402528277,28.0,0.0,0.0
11.23,85.83,-9.91,69.905,85.325,-9.58,71.78,0.7162838057595486,0.557209591654715,0.636749362470273,24.401090495014092,27.0,0.0,0.0
11.24,85.83,-9.91,69.905,85.57,-9.695,71.33,0.7162838057595491,0.557209591654715,0.437981866816525,23.51993204051559,26.0,0.0,0.0
11.25,85.83,-9.91,69.905,85.115,-9.295,68.605,0.8104880399154848,0.630492698601412,0.625087588213734,11.635057241193428,24.0,0.0,0.0
11.26,85.83,-9.91,69.905,85.02,-9.4,71.52,1.0302979196126678,0.801486615328984,0.765854172326727,22.259710130930852,24.0,0.0,0.0
11.27,85.83,-9.91,69.905,85.48,-9.64,69.35,1.0616993309979799,0.825914317385244,0.290230952314507,14.447307563712863,22.0,0.0,0.0
11.28,85.83,-9.91,69.905,84.88,-9.265,73.37,0.9360936854567323,0.72820350760437,1.18459292620292,17.375055951289433,21.0,3.999794142142155e-05,0.0017829239488945658
11.29,85.83,-9.91,69.905,84.86,-9.28,71.48,0.998896508227356,0.777058912494807,0.870690327951347,19.47194081636204,21.0,0.0,0.0
11.30,85.83,-9.91,69.905,85.34,-9.28,72.44,0.998896508227356,0.777058912494807,0.858507310603151,17.80266164727094,20.0,0.0,0.0
11.31,85.83,-9.91,69.905,85.425,-9.49,71.855,0.9557195675725523,0.743470822264689,0.648193900702667,17.460681194919406,19.0,0.0,0.0
11.32,85.83,-9.91,69.905,85.435,-9.515,71.29,0.7947873342228289,0.618278847184324,0.525366845126231,16.408847449022936,18.0,0.0,0.0
11.33,85.83,-9.91,69.905,84.395,-9.875,70.975,0.9879060142424969,0.768509216658428,0.9810963316598,14.907485846950516,17.0,0.0,0.0
11.34,85.83,-9.91,69.905,85.095,-10.14,72.455,1.2132111409321098,0.943777981304189,0.77552939856345,13.531163468074487,16.0,0.0,0.0
11.35,85.83,-9.91,69.905,85.635,-9.79,72.2,0.9879060142424969,0.768509216658428,0.602468450922005,13.153427697948576,15.0,0.0,0.0
11.36,85.83,-9.91,69.905,85.235,-9.58,74.38,0.9557195675725523,0.743470822264689,1.21851884386146,7.218370004975386,13.0,1.7626639878598333e-05,0.0013040697047597965
11.37,85.83,-9.91,69.905,85.235,-9.69,72.85,0.8591602275627183,0.668355637527637,0.860319072555266,10.298379299799027,13.0,0.0,0.0
11.38,85.83,-9.91,69.905,85.155,-9.38,72.75,1.0522789075823862,0.818586007001741,0.940867005614205,9.454671170652388,12.0,0.0,0.0
11.39,85.83,-9.91,69.905,85.38,-9.69,71.595,0.9879060142424969,0.768509216658428,0.552582038350986,9.978910199904158,11.0,0.0,0.0
11.40,85.83,-9.91,69.905,85.39,-9.845,71.18,0.8269737808927735,0.64331724235598,0.436763468783525,9.119048673630154,10.0,0.0,0.0
11.41,85.83,-9.91,69.905,85.055,-9.6,72.39,1.0302979196126678,0.801486615328984,0.849093416221745,7.119864797320772,9.0,0.0,0.0
11.42,85.83,-9.91,69.905,84.875,-9.26,70.825,0.998896508227356,0.777058912494807,0.79118829290659,7.20387066495895,8.0,0.0,0.0
11.43,85.83,-9.91,69.905,85.47,-9.545,69.905,0.998896508227356,0.777058912494807,0.314565969022823,5.542753805255256,7.0,0.0,0.0
11.44,85.83,-9.91,69.905,85.33,-9.795,73.32,1.1559035651539156,0.899197424331941,0.918374377059188,3.3655085335122905,5.0,0.0,0.0
11.45,85.83,-9.91,69.905,85.705,-9.86,70.3,0.7790866285301729,0.606064996545153,0.13677002768766,4.2714089682778695,5.0,0.0001309831188404369,0.0008882451769544641
11.46,85.83,-9.91,69.905,84.565,-9.415,72.73,0.8418894513007967,0.654920400657672,1.16332370168035,2.3803066148183056,4.0,0.0,0.0
11.47,85.83,-9.91,69.905,85.175,-9.79,69.57,0.8732908626861087,0.67934810349185,0.438607402194703,2.64854008599217,3.0,0.0,0.0
11.48,85.83,-9.91,69.905,84.84,-9.315,71.25,0.6848823943742373,0.532781888820538,0.840501442388305,1.4518386680063355,2.0,0.0,0.0
11.49,85.83,-9.91,69.905,84.92,-9.28,71.885,1.0302979196126678,0.801486615328984,0.902623202433342,0.2091871596066761,1.0,0.0,0.0
11.50,85.83,-9.91,69.905,84.705,-9.31,68.185,0.9360936854567323,0.72820350760437,0.879593024526773,0.0,0.0,0.0,0.0
12.1,85.385,-6.55,47.16,85.61,-6.665,47.375,0.7679652953312086,0.597413518004263,0.173606686670906,54.537789003274504,59.0,0.0001222590709102283,0.03539745007896638
12.2,85.385,-6.55,47.16,85.54,-6.74,48.315,0.8484314120060703,0.660009505544446,0.383448347250221,52.15407428225315,58.0,0.0001022645247449856,0.00998570826522093
12.3,85.385,-6.55,47.16,85.495,-6.905,49.26,1.1434738398138964,0.889528125747198,0.672408849242261,41.61653443892072,57.0,0.0,0.0
12.4,85.385,-6.55,47.16,85.095,-6.3,48.375,0.6874991786563465,0.534817531241998,0.497719942227284,48.73225182023928,56.0,0.0,0.0
12.5,85.385,-6.55,47.16,85.57,-7.475,46.42,1.223939956488758,0.952124112509463,0.721966927992923,41.249537181464085,55.0,0.0,0.0
12.6,85.385,-6.55,47.16,85.36,-6.845,47.77,1.0630077231390345,0.826932138207015,0.247361189599444,49.53076917632673,54.0,0.00028484154591927943,0.039100693982428436
12.7,85.385,-6.55,47.16,85.04,-5.78,48.205,1.0898297620306552,0.847797467387076,0.707932892102884,47.75692195593804,53.0,0.0,0.0
12.8,85.385,-6.55,47.16,85.43,-5.535,44.555,0.8752534508976906,0.680874834724506,0.991106423319415,24.091349526964883,50.0,0.0,0.0
12.9,85.385,-6.55,47.16,84.97,-6.09,47.9,0.6070330619814848,0.472221543701815,0.507171662027418,44.75191468537981,51.0,0.0,0.0
12.10,85.385,-6.55,47.16,85.575,-6.94,48.59,1.0093636453557935,0.785201479846893,0.495369057620183,42.944541748602944,50.0,0.0,0.0
12.11,85.385,-6.55,47.16,85.28,-6.415,46.255,0.9557195675725523,0.743470822264689,0.301115614951066,42.70988663237733,49.0,5.203679689650284e-07,0.001193519552957864
12.12,85.385,-6.55,47.16,85.24,-6.01,47.935,0.49974490641500263,0.388760226981572,0.489945532607498,38.57666501790595,48.0,0.0,0.0
12.13,85.385,-6.55,47.16,85.51,-6.675,47.55,1.036185684247414,0.806066809026954,0.159006177223699,44.03456822155128,47.0,0.00040151057063968605,0.060386082536147793
12.14,85.385,-6.55,47.16,84.845,-5.545,50.76,1.33122811205524,1.03558542922971,1.48013293576957,15.549030516939625,44.0,0.006432836584217638,0.055518518206846064
12.15,85.385,-6.55,47.16,84.81,-5.875,45.92,0.7411432564395877,0.576548188824202,0.662128720653166,36.55406231267516,45.0,0.0,0.0
12.16,85.385,-6.55,47.16,85.44,-5.88,46.265,0.8216093731144494,0.639144176364385,0.4844934298463,38.59508189970465,44.0,0.0,0.0
12.17,85.385,-6.55,47.16,84.84,-6.67,46.365,0.9557195675725523,0.743470822264689,0.461286821794263,38.09287175909043,43.0,0.0,0.0
12.18,85.385,-6.55,47.16,85.05,-6.525,47.325,1.2507619953803784,0.972989441689524,0.227838287980844,37.395634144606646,42.0,0.0,0.0
12.19,85.385,-6.55,47.16,85.18,-6.945,47.24,0.9825416064641724,0.764336150666832,0.290722840607191,38.63419469989879,41.0,0.0,0.0
12.20,85.385,-6.55,47.16,85.275,-7.52,46.415,1.3044060731636198,1.01472010004965,0.744358830212071,27.796699330784,40.0,0.0,0.0
12.21,85.385,-6.55,47.16,84.8,-5.58,46.98,1.1434738398138964,0.889528125747198,0.746409948007544,35.524611379738985,39.0,0.0,0.0
12.22,85.385,-6.55,47.16,85.075,-5.775,47.23,1.0093636453557935,0.785201479846893,0.56116237583108,36.38711993184938,38.0,0.0,0.0
12.23,85.385,-6.55,47.16,84.705,-5.86,47.84,0.8216093731144494,0.639144176364385,0.708927258469279,35.17626809738773,37.0,0.0,0.0
12.24,85.385,-6.55,47.16,84.825,-5.45,47.765,0.7679652953312082,0.597413518004263,0.878833995565558,33.571130727621494,36.0,0.0,0.0
12.25,85.385,-6.55,47.16,84.85,-5.7,48.02,0.7143212175479672,0.555682860422059,0.766627856325601,31.96726313731762,35.0,0.0,0.0
12.26,85.385,-6.55,47.16,84.695,-5.95,49.24,1.1702958787055167,0.910393454927258,0.962000556665359,25.509141895212146,34.0,0.0,0.0
12.27,85.385,-6.55,47.16,85.11,-5.77,47.485,0.5802110230898643,0.451356214521754,0.581145422641872,28.878707433951355,33.0,0.0,0.0
12.28,85.385,-6.55,47.16,85.525,-6.125,47.49,0.660677139764726,0.513952202061937,0.336386099379951,29.113440087727653,32.0,0.0,0.0
12.29,85.385,-6.55,47.16,85.45,-6.41,47.775,0.8484314120060701,0.660009505544446,0.242649123404004,29.498525117893497,31.0,0.0,0.0
12.30,85.385,-6.55,47.16,84.915,-5.66,48.875,1.3044060731636198,1.01472010004965,0.941460789046751,22.285623538071828,30.0,0.0,0.0
12.31,85.385,-6.55,47.16,85.09,-5.995,47.15,0.7947873342228289,0.618278847184324,0.417410871879043,27.56727382922729,29.0,0.0,0.0
12.32,85.385,-6.55,47.16,84.965,-5.605,48.45,0.8752534508976906,0.680874834724506,0.868287160062729,24.931821588889882,28.0,0.0,0.0
12.33,85.385,-6.55,47.16,85.025,-6.16,48.005,0.472922867523382,0.367894898579428,0.478632445824211,20.702314160741896,27.0,0.0,0.0
12.34,85.385,-6.55,47.16,84.955,-6.205,48.765,1.1702958787055167,0.910393454927258,0.67304886106426,21.232927232531743,26.0,0.0,0.0
12.35,85.385,-6.55,47.16,85.4,-6.505,47.985,0.7947873342228289,0.618278847184324,0.277389025871213,23.06516322123649,25.0,0.0,0.0
12.36,85.385,-6.55,47.16,85.58,-6.56,48.215,0.7679652953312082,0.597413518004263,0.365404288588816,21.240343469462054,24.0,0.0,0.0
12.37,85.385,-6.55,47.16,84.8,-5.795,46.395,0.7679652953312082,0.597413518004263,0.643653057912259,20.00765322716757,23.0,0.0,0.0
12.38,85.385,-6.55,47.16,85.28,-5.87,45.98,0.9557195675725523,0.743470822264689,0.539175917012569,18.13625502881084,22.0,0.0,0.0
12.39,85.385,-6.55,47.16,85.67,-6.67,46.625,1.1434738398138964,0.889528125747198,0.28011743115327,18.031790332646995,21.0,0.0,0.0
12.40,85.385,-6.55,47.16,85.4,-6.41,48.03,0.9288975286809318,0.722605493084628,0.317112896372333,18.647658279757138,20.0,0.0,0.0
12.41,85.385,-6.55,47.16,85.035,-5.885,46.855,1.1971179175971374,0.931258784107319,0.491887481733187,16.590741767572936,19.0,0.0,0.0
12.42,85.385,-6.55,47.16,85.33,-6.71,47.5,0.7947873342228289,0.618278847184324,0.140827870893222,16.615591374920328,18.0,0.0,0.0
12.43,85.385,-6.55,47.16,84.735,-5.175,47.85,1.3044060731636198,1.01472010004965,1.07684763657985,13.260513755018987,17.0,0.0,0.0
12.44,85.385,-6.55,47.16,85.54,-6.715,46.215,0.7679652953312082,0.597413518004263,0.367855006433477,12.765288601229862,16.0,0.0,0.0
12.45,85.385,-6.55,47.16,84.845,-5.955,49.81,1.223939956488758,0.952124112509463,1.07020440110203,8.626627499938163,15.0,0.0,0.0
12.46,85.385,-6.55,47.16,84.81,-6.445,48.615,1.277584034271999,0.993854770869585,0.620423398371295,10.28898034378312,14.0,0.0,0.0
12.47,85.385,-6.55,47.16,85.49,-6.635,47.695,0.6338551008731055,0.493086872881876,0.185070995734448,11.472954766202578,13.0,0.0,0.0
12.48,85.385,-6.55,47.16,85.685,-6.15,47.59,0.7947873342228289,0.618278847184324,0.380874311570002,11.202012681040195,12.0,0.0,0.0
12.49,85.385,-6.55,47.16,84.64,-5.615,48.485,1.1166518009222757,0.868662796567137,0.95951847900641,8.564774865239709,11.0,0.0,0.0
12.50,85.385,-6.55,47.16,85.235,-6.515,45.91,0.6338551008731055,0.493086872881876,0.421451494642281,7.655204486634196,10.0,0.0,0.0
12.51,85.385,-6.55,47.16,85.705,-5.96,46.665,0.7143212175479672,0.555682860422059,0.446252391604824,7.876048057327374,9.0,0.0,0.0
12.52,85.385,-6.55,47.16,85.315,-6.41,48.135,1.0630077231390345,0.826932138207015,0.352643697546516,6.848236271828483,8.0,0.0,0.0
12.53,85.385,-6.55,47.16,85.4,-6.215,48.815,1.1702958787055167,0.910393454927258,0.622411480903585,4.616783714561578,7.0,0.0,0.0
12.54,85.385,-6.55,47.16,84.995,-6.345,49.355,1.2507619953803784,0.972989441689524,0.791945383271468,2.515828029215763,6.0,0.0,0.0
12.55,85.385,-6.55,47.16,85.01,-6.71,45.975,0.8484314120060701,0.660009505544446,0.494699351572249,4.4459687388386175,5.0,0.0,0.0
12.56,85.385,-6.55,47.16,84.775,-5.795,45.615,0.8752534508976906,0.680874834724506,0.756404589805095,3.320220778993305,4.0,0.0,0.0
12.57,85.385,-6.55,47.16,85.135,-5.83,47.1,0.6874991786563465,0.534817531241998,0.504824719698204,2.712803267613901,3.0,0.0,0.0
12.58,85.385,-6.55,47.16,85.505,-5.99,45.66,1.1434738398138964,0.889528125747198,0.562123325508754,1.211715379586822,2.0,0.0,0.0
12.59,85.385,-6.55,47.16,84.8,-5.405,47.3,1.223939956488758,0.952124112509463,0.866587105741186,0.41991998578971707,1.0,0.0,0.0
12.60,85.385,-6.55,47.16,85.35,-6.065,48.605,0.4192787897401409,0.326164240219307,0.622240336552636,0.0,0.0,0.0,0.0
13.1,57.83,-37.285,-0.005,57.275,-36.605,0.025,1.1166518009222757,0.868662796567137,0.56753453942936,47.88538983778428,51.0,0.0,0.0
13.2,57.83,-37.285,-0.005,57.14,-36.3,-0.52,1.1166518009222757,0.868662796567137,0.805124789481441,45.76776685300387,57.0,0.0,0.0
13.3,57.83,-37.285,-0.005,57.745,-37.905,0.265,1.1751726130494478,0.914187150858936,0.298627280558124,43.83664600155753,47.0,0.0,0.0
13.4,57.83,-37.285,-0.005,57.54,-36.865,0.485,1.0581309887951036,0.823138442275337,0.441293095694866,45.08120259328091,47.0,0.0,0.0
13.5,57.83,-37.285,-0.005,58.16,-36.545,-0.505,1.1751726130494478,0.914187150858936,0.522694413995271,42.59288869141736,57.0,0.0,0.0
13.6,57.83,-37.285,-0.005,58.05,-36.92,-0.115,0.6192248978413124,0.481705784308926,0.252366501099273,36.09840035907073,44.0,0.0,0.0
13.7,57.83,-37.285,-0.005,57.3,-36.195,-0.27,0.9410893645407592,0.732089733691739,0.658703360836101,41.13260076424833,52.0,0.0,0.0
13.8,57.83,-37.285,-0.005,57.505,-36.71,0.35,0.7070061160320705,0.549992315746625,0.432776293152608,37.09527498295686,43.0,0.0,0.0
13.9,57.83,-37.285,-0.005,57.08,-37.5,0.565,1.0581309887951036,0.823138442275337,0.779784736860316,39.3446468889314,41.0,0.0,0.0
13.10,57.83,-37.285,-0.005,57.835,-36.04,-1.05,1.321474643367378,1.02799803658843,0.832377557707527,33.90864174495646,52.0,0.0,0.0
13.11,57.83,-37.285,-0.005,57.555,-37.595,-0.395,1.2668552187153508,0.985508639664311,0.372151285459839,36.387161858508904,39.0,0.0,0.0
13.12,57.83,-37.285,-0.005,57.715,-36.83,-0.395,1.0093636453557935,0.785201479846893,0.322703925340441,37.24206906635658,38.0,0.0,0.0
13.13,57.83,-37.285,-0.005,57.75,-36.505,-0.075,0.8377025964494218,0.651663373561254,0.307118439807737,34.92778300749211,49.0,0.0,0.0
13.14,57.83,-37.285,-0.005,58.095,-37.045,0.14,0.751872071996236,0.584894320807393,0.272945438680857,32.43440289464213,36.0,0.0,0.0
13.15,57.83,-37.285,-0.005,57.53,-37.055,0.35,0.7804822468139646,0.607150671984653,0.366419876864813,32.14959076998662,35.0,0.0,0.0
13.16,57.83,-37.285,-0.005,58.185,-37.4,-0.395,1.3526857431685366,1.05227769241817,0.409786413929545,30.57232754276303,34.0,0.0,0.0
13.17,57.83,-37.285,-0.005,58.255,-37.34,0.605,1.2954653935330793,1.00776499084157,0.549001945939774,29.883713471033467,33.0,0.0,0.0
13.18,57.83,-37.285,-0.005,58.16,-37.245,0.055,0.6660415475430501,0.518125268053533,0.301591059117344,26.760229332481117,32.0,0.0,0.0
13.19,57.83,-37.285,-0.005,57.42,-36.985,-0.205,0.6374313727253216,0.495868916876273,0.410751270842061,25.312956475012808,31.0,0.0,0.0
13.20,57.83,-37.285,-0.005,57.295,-36.475,-0.325,1.0665839949912506,0.829714182201412,0.61218697870299,29.11426369472084,38.0,0.0,0.0
13.21,57.83,-37.285,-0.005,57.335,-36.245,-0.4,1.1166518009222757,0.868662796567137,0.652001532627494,27.577326260358095,38.0,0.0,0.0
13.22,57.83,-37.285,-0.005,57.75,-36.675,-0.355,1.262953831240206,0.982473682296635,0.331519161000585,26.556267402848277,40.0,0.0,0.0
13.23,57.83,-37.285,-0.005,57.18,-37.25,0.535,0.7070061160320705,0.549992315746625,0.686880650232144,23.094167824784368,27.0,0.0,0.0
13.24,57.83,-37.285,-0.005,57.155,-37.7,-0.16,0.9410893645407592,0.732089733691739,0.642559814115696,24.584091098559156,26.0,0.0,0.0
13.25,57.83,-37.285,-0.005,57.41,-37.42,0.575,1.2044330191130337,0.936949328004836,0.535657463536877,23.65305103262566,25.0,0.0,0.0
13.26,57.83,-37.285,-0.005,57.25,-36.69,0.61,1.23369342517662,0.959711505150735,0.698715356216356,22.864574901423868,25.0,0.0,0.0
13.27,57.83,-37.285,-0.005,57.175,-37.085,0.19,1.0288705827315174,0.800376265129438,0.614958703831906,22.400300093311003,23.0,0.0,0.0
13.28,57.83,-37.285,-0.005,57.78,-37.74,0.335,0.472922867523382,0.367894898579428,0.279589831021899,12.41542797117132,22.0,0.0,0.0
13.29,57.83,-37.285,-0.005,57.255,-36.205,-0.525,1.1166518009222757,0.868662796567137,0.746777683018132,19.818386788975218,30.0,0.0,0.0
13.30,57.83,-37.285,-0.005,57.795,-35.87,-1.1,1.4092558615581363,1.09628456880405,0.899123520570868,15.922997268782334,32.0,0.0,0.0
13.31,57.83,-37.285,-0.005,57.855,-35.755,-0.075,1.23369342517662,0.959711505150735,0.584683856950539,16.864606955202284,31.0,0.0,0.0
13.32,57.83,-37.285,-0.005,57.65,-37.295,-0.095,1.0873913948586895,0.845900619421237,0.173538891640967,17.647734170518124,18.0,0.00011056551019922728,0.002258949705472051
13.33,57.83,-37.285,-0.005,56.75,-35.46,-0.075,1.262953831240206,0.982473682296635,1.20969962669799,13.463410445247606,22.0,0.0,0.0
13.34,57.83,-37.285,-0.005,57.04,-36.0,-0.495,1.3507350494309645,1.05076021373433,0.928040129710744,13.750958360089182,25.0,0.0,0.0
13.35,57.83,-37.285,-0.005,57.09,-35.52,-0.475,1.2922142373037921,1.00523585944253,1.00267414267968,11.558300536180315,25.0,0.0,0.0
13.36,57.83,-37.285,-0.005,58.18,-36.87,0.445,1.2922142373037921,1.00523585944253,0.457467193241035,13.388215430723546,14.0,0.0,0.0
13.37,57.83,-37.285,-0.005,58.035,-38.05,0.555,1.2922142373037921,1.00523585944253,0.492583146636641,12.457479213066708,13.0,0.0,0.0
13.38,57.83,-37.285,-0.005,57.24,-37.16,0.445,0.7362665220956568,0.572754492892525,0.612525130945718,10.671676582872664,12.0,0.0,0.0
13.39,57.83,-37.285,-0.005,57.61,-37.045,0.35,0.8240477402864149,0.641041024330223,0.316999112580301,10.229875329325532,11.0,0.0,0.0
13.40,57.83,-37.285,-0.005,57.32,-36.59,0.385,1.0288705827315174,0.800376265129438,0.590485555459503,9.699898803974273,11.0,0.0,0.0
13.41,57.83,-37.285,-0.005,57.56,-36.94,1.02,1.4385162676217225,1.11904674594995,0.716337690673536,8.329915096052098,9.0,0.0,0.0
13.42,57.83,-37.285,-0.005,57.325,-37.825,0.115,1.1751726130494478,0.914187150858936,0.50809527843288,7.97090121862955,8.0,0.0,0.0
13.43,57.83,-37.285,-0.005,57.38,-37.725,-0.155,1.1751726130494478,0.914187150858936,0.451819160663087,6.958731255435137,7.0,0.0,0.0
13.44,57.83,-37.285,-0.005,57.355,-38.265,-0.105,1.1459122069858618,0.891424973713036,0.569365201239137,5.872851326546329,6.0,0.0,0.0
13.45,57.83,-37.285,-0.005,57.15,-37.83,0.205,1.3507350494309645,1.05076021373433,0.666370344023125,4.7463389059047785,5.0,0.0,0.0
13.46,57.83,-37.285,-0.005,57.575,-37.68,0.21,0.882568552413587,0.686565378622023,0.307392971516367,3.792771212555304,4.0,0.0,0.0
13.47,57.83,-37.285,-0.005,57.16,-38.335,1.01,1.3507350494309645,1.05076021373433,0.968563156472364,2.626224178320802,3.0,0.0,0.0
13.48,57.83,-37.285,-0.005,57.455,-37.98,-0.235,1.3799954554945504,1.07352239088023,0.452975830487007,1.7497674795967937,2.0,0.0,0.0
13.49,57.83,-37.285,-0.005,57.505,-36.88,-0.155,0.882568552413587,0.686565378622023,0.346560908002433,1.0,1.0,0.0,0.0
13.50,57.83,-37.285,-0.005,57.275,-36.415,0.395,0.911828958477173,0.709327555767922,0.657013729450048,1.0605461270399122e-06,1.0,0.0,0.0
14.1,56.47,-31.985,0.38,56.45,-32.045,0.19,1.2507619953803784,0.972989441689524,0.131435092319265,46.37993935432353,49.0,0.0,0.0
14.2,56.47,-31.985,0.38,56.41,-30.66,0.36,1.0093636453557935,0.785201479846893,0.562650295970003,44.52855705072809,48.0,0.0,0.0
14.3,56.47,-31.985,0.38,56.635,-31.72,0.37,0.8216093731144494,0.639144176364385,0.188590198821708,46.408106047571984,47.0,0.0,0.0
14.4,56.47,-31.985,0.38,56.365,-32.86,1.18,1.2507619953803784,0.972989441689524,0.643986718486902,41.76028682336543,46.0,0.0,0.0
14.5,56.47,-31.985,0.38,56.21,-30.615,0.755,0.9288975286809318,0.722605493084628,0.680394343944276,41.286381422429336,45.0,0.0,0.0
14.6,56.47,-31.985,0.38,56.515,-32.695,0.63,0.7411432564395877,0.576548188824202,0.33788590176224,42.53012507966165,44.0,0.0,0.0
14.7,56.47,-31.985,0.38,56.41,-31.91,0.59,0.7947873342228289,0.618278847184324,0.155015363107823,42.39738262011573,43.0,0.0,0.0
14.8,56.47,-31.985,0.38,56.195,-32.885,1.34,1.3044060731636198,1.01472010004965,0.774013802937793,36.56920179709932,42.0,0.0,0.0
14.9,56.47,-31.985,0.38,56.63,-32.395,0.63,0.8216093731144494,0.639144176364385,0.279028669452853,40.484957437539016,41.0,0.0,0.0
14.10,56.47,-31.985,0.38,56.145,-32.77,0.44,0.8484314120060701,0.660009505544446,0.444276010110732,39.29924140741994,40.0,0.0,0.0
14.11,56.47,-31.985,0.38,56.47,-31.625,0.15,0.9288975286809318,0.722605493084628,0.214818060174702,38.749976515773675,39.0,0.0,0.0
14.12,56.47,-31.985,0.38,56.67,-31.615,0.27,0.6070330619814848,0.472221543701815,0.251703941111435,35.173166731451744,38.0,0.0,0.0
14.13,56.47,-31.985,0.38,56.425,-32.65,0.6,0.8216093731144494,0.639144176364385,0.312574254066008,36.32301111018858,37.0,0.0,0.0
14.14,56.47,-31.985,0.38,56.39,-31.7,0.21,0.660677139764726,0.513952202061937,0.180140966188856,34.14290704673494,36.0,0.0,0.0
14.15,56.47,-31.985,0.38,56.28,-33.05,0.51,1.1434738398138964,0.889528125747198,0.479344755880959,33.3632399250118,35.0,0.0,0.0
14.16,56.47,-31.985,0.38,56.27,-30.905,0.145,1.036185684247414,0.806066809026954,0.515156952873062,32.563330796912545,34.0,0.0,0.0
14.17,56.47,-31.985,0.38,56.495,-31.815,1.16,1.277584034271999,0.993854770869585,0.529242378922194,30.642805736621643,33.0,0.0,0.0
14.18,56.47,-31.985,0.38,56.395,-32.585,0.33,0.8752534508976906,0.680874834724506,0.260328204254066,31.753558142808295,32.0,0.0,0.0
14.19,56.47,-31.985,0.38,56.495,-31.75,-0.31,0.902075489789311,0.701740163904567,0.47482758226755,30.62701974865269,31.0,0.0,0.0
14.20,56.47,-31.985,0.38,56.62,-31.655,0.855,1.1971179175971374,0.931258784107319,0.376151959016408,28.816096588019274,30.0,0.0,0.0
14.21,56.47,-31.985,0.38,56.38,-32.245,-0.08,1.1166518009222757,0.868662796567137,0.337905346617714,28.452374789556767,29.0,0.0,0.0
14.22,56.47,-31.985,0.38,56.705,-32.165,-0.1,0.8484314120060701,0.660009505544446,0.395968043751149,27.784221639783528,28.0,0.0,0.0
14.23,56.47,-31.985,0.38,55.59,-31.825,0.055,0.902075489789311,0.701740163904567,0.851449288489037,26.58962239948725,27.0,0.0,0.0
14.24,56.47,-31.985,0.38,55.785,-31.475,0.17,0.6338551008731055,0.493086872881876,0.686747046873101,24.184076681963518,26.0,0.0,0.0
14.25,56.47,-31.985,0.38,55.94,-31.3,-0.375,0.9825416064641728,0.764336150666832,0.764408951738175,23.898623778093775,25.0,0.0,0.0
14.26,56.47,-31.985,0.38,56.43,-31.435,0.055,1.1702958787055167,0.910393454927258,0.318685676556835,23.082441826361617,24.0,0.0,0.0
14.27,56.47,-31.985,0.38,56.32,-32.825,0.74,0.9288975286809318,0.722605493084628,0.4408307699159,22.563066294175144,23.0,0.0,0.0
14.28,56.47,-31.985,0.38,56.43,-32.69,1.38,1.33122811205524,1.03558542922971,0.721042367544766,19.08520399192604,22.0,0.0,0.0
14.29,56.47,-31.985,0.38,56.25,-32.835,0.9,0.7143212175479672,0.555682860422059,0.529296060866014,20.113086338443406,21.0,0.0,0.0
14.30,56.47,-31.985,0.38,56.425,-31.835,-0.735,1.1166518009222757,0.868662796567137,0.754663232234875,19.24234178826142,20.0,0.0,0.0
14.31,56.47,-31.985,0.38,56.76,-32.4,0.485,1.0898297620306552,0.847797467387076,0.325599354400815,18.682617299781512,19.0,0.0,0.0
14.32,56.47,-31.985,0.38,56.965,-31.165,-0.37,0.902075489789311,0.701740163904567,0.76353158842938,17.249873858426874,18.0,0.0,0.0
14.33,56.47,-31.985,0.38,56.215,-32.81,0.385,0.902075489789311,0.701740163904567,0.414644689857956,16.880865652859022,17.0,0.0,0.0
14.34,56.47,-31.985,0.38,56.245,-32.855,0.61,1.1971179175971374,0.931258784107319,0.440749906551789,15.156971405764285,16.0,0.0,0.0
14.35,56.47,-31.985,0.38,56.3,-32.46,0.425,0.7679652953312082,0.597413518004263,0.253639587551887,14.896468793192582,15.0,0.0,0.0
14.36,56.47,-31.985,0.38,56.57,-32.365,0.555,0.7143212175479672,0.555682860422059,0.21579352211085,13.760244347839148,14.0,0.0,0.0
14.37,56.47,-31.985,0.38,56.88,-32.04,0.9,0.9825416064641728,0.764336150666832,0.514451615240705,12.896162122495678,13.0,0.0,0.0
14.38,56.47,-31.985,0.38,56.835,-31.59,0.05,0.8216093731144494,0.639144176364385,0.435474566018115,11.946970280542923,12.0,0.0,0.0
14.39,56.47,-31.985,0.38,56.77,-32.18,0.045,0.8484314120060701,0.660009505544446,0.366273830397154,10.975772229256162,11.0,0.0,0.0
14.40,56.47,-31.985,0.38,56.785,-31.43,-0.065,1.0630077231390345,0.826932138207015,0.477222871537781,9.747649728274256,10.0,0.0,0.0
14.41,56.47,-31.985,0.38,56.405,-32.52,0.54,1.0898297620306552,0.847797467387076,0.251899517318997,8.758431287791803,9.0,0.0,0.0
14.42,56.47,-31.985,0.38,56.525,-31.56,0.54,1.1434738398138964,0.889528125747198,0.215229259421894,7.62807332878553,8.0,0.0,0.0
14.43,56.47,-31.985,0.38,56.55,-32.385,-0.195,1.0093636453557935,0.785201479846893,0.426753604136187,6.869008741260447,7.0,0.0,0.0
14.44,56.47,-31.985,0.38,56.595,-32.07,0.595,0.9557195675725523,0.743470822264689,0.187664391788828,5.941294049384774,6.0,0.0,0.0
14.45,56.47,-31.985,0.38,56.565,-32.41,1.045,1.1434738398138964,0.889528125747198,0.482327755357851,4.6188524356581215,5.0,0.0,0.0
14.46,56.47,-31.985,0.38,56.575,-32.465,-0.17,1.1166518009222757,0.868662796567137,0.430661884219771,3.6852146884153054,4.0,0.0,0.0
14.47,56.47,-31.985,0.38,56.65,-31.56,0.16,0.5265669453066231,0.409625556161633,0.28414250826054,2.788522306639868,3.0,0.0,0.0
14.48,56.47,-31.985,0.38,56.47,-31.785,0.245,0.7679652953312082,0.597413518004263,0.122602095236643,1.9841360634508436,2.0,0.0,0.0
14.49,56.47,-31.985,0.38,55.655,-31.875,0.605,1.1166518009222757,0.868662796567137,0.775765223232533,0.9252019748370238,1.0,0.0,0.0
14.50,56.47,-31.985,0.38,56.395,-32.31,0.405,0.660677139764726,0.513952202061937,0.152455831490727,0.0,0.0,0.0,0.0
15.1,43.9,57.235,35.55,44.205,57.66,36.12,1.0093636453557935,0.785201479846893,0.358545103992094,46.6364609752612,55.0,0.0,0.0
15.2,43.9,57.235,35.55,44.0,58.705,34.82,1.1702958787055167,0.910393454927258,0.803139318537861,36.65433097718651,53.0,0.0,0.0
15.3,43.9,57.235,35.55,44.39,56.365,35.37,0.472922867523382,0.367894898579428,0.531600858068632,40.938388153293886,53.0,0.0,0.0
15.4,43.9,57.235,35.55,44.15,56.825,33.665,1.1971179175971374,0.931258784107319,0.87914191569182,35.425971587073136,52.0,0.0,0.0
15.5,43.9,57.235,35.55,44.28,55.78,35.095,0.8484314120060701,0.660009505544446,0.555630399020194,41.616315610390274,51.0,0.0,0.0
15.6,43.9,57.235,35.55,44.21,56.51,34.85,1.3044060731636193,1.01472010004965,0.397894725827253,38.855034008278004,50.0,0.0,0.0
15.7,43.9,57.235,35.55,43.935,57.085,36.18,0.7679652953312082,0.597413518004263,0.347524677158448,42.61128191559091,49.0,0.0,0.0
15.8,43.9,57.235,35.55,44.285,55.49,34.885,0.6606771397647256,0.513952202061937,0.61735668893699,35.251562135688566,48.0,0.0,0.0
15.9,43.9,57.235,35.55,44.27,54.655,34.94,0.9020754897893107,0.701740163904567,0.867004982341451,26.67971722537428,46.0,0.0,0.0
15.10,43.9,57.235,35.55,44.085,54.68,35.84,1.0898297620306552,0.847797467387076,1.05485079000348,25.267589941101384,45.0,0.0,0.0
15.11,43.9,57.235,35.55,44.02,58.135,37.48,1.0093636453557935,0.785201479846893,0.7837621082905,28.71773744932299,43.0,0.0,0.0
15.12,43.9,57.235,35.55,44.185,58.0,36.025,1.036185684247414,0.806066809026954,0.346605477468234,36.839669049506355,44.0,0.0,0.0
15.13,43.9,57.235,35.55,44.015,54.985,36.335,1.0630077231390345,0.826932138207015,1.12254870830501,25.28198216332113,43.0,0.0,0.0
15.14,43.9,57.235,35.55,44.145,57.565,36.195,0.9288975286809318,0.722605493084628,0.34462099123009,36.40534877962035,42.0,0.0,0.0
15.15,43.9,57.235,35.55,43.845,57.185,36.615,0.49974490641500263,0.388760226981572,0.535785441370317,30.7947907577384,41.0,0.0,0.0
15.16,43.9,57.235,35.55,44.065,57.545,35.2,0.8752534508976906,0.680874834724506,0.299594116339702,35.266087849002,40.0,0.0,0.0
15.17,43.9,57.235,35.55,44.07,56.99,35.25,0.6338551008731055,0.493086872881876,0.195826734196212,33.430528018185306,39.0,0.0001053707298083425,0.004418197596861601
15.18,43.9,57.235,35.55,44.1,56.71,34.49,0.7947873342228289,0.618278847184324,0.469257340490063,31.546747244570067,38.0,0.0,0.0
15.19,43.9,57.235,35.55,43.76,59.55,37.375,1.277584034271999,0.993854770869585,0.748271486038597,13.711163085221987,32.0,0.0,0.0
15.20,43.9,57.235,35.55,43.485,58.86,35.83,1.1166518009222757,0.868662796567137,0.636562340105053,24.62400949666572,35.0,0.0,0.0
15.21,43.9,57.235,35.55,44.51,53.615,34.205,1.277584034271999,0.993854770869585,1.20114795880618,8.753664730604143,31.0,0.0,0.0
15.22,43.9,57.235,35.55,44.385,55.485,35.695,1.0898297620306552,0.847797467387076,0.825193202664541,25.467976389919404,34.0,0.0,0.0
15.23,43.9,57.235,35.55,44.04,57.335,34.42,0.9020754897893107,0.701740163904567,0.594043129872144,28.24956093931111,33.0,0.0,0.0
15.24,43.9,57.235,35.55,44.21,57.285,34.68,0.9825416064641728,0.764336150666832,0.526341401723817,28.081995827840974,32.0,0.0,0.0
15.25,43.9,57.235,35.55,44.405,57.33,34.265,0.9557195675725523,0.743470822264689,0.807254000896532,25.412783470711698,31.0,0.0,0.0
15.26,43.9,57.235,35.55,44.26,57.67,34.245,1.0898297620306552,0.847797467387076,0.821243880009428,23.417639172606172,30.0,0.0,0.0
15.27,43.9,57.235,35.55,43.8,58.515,34.9,1.1702958787055167,0.910393454927258,0.707785881993877,21.046468281496555,29.0,0.0,0.0
15.28,43.9,57.235,35.55,44.415,57.755,33.465,1.1166518009222757,0.868662796567137,1.24847924808864,16.5103184204614,28.0,2.7115757141948734e-05,0.00030799996424770603
15.29,43.9,57.235,35.55,44.065,57.89,35.42,0.5802110230898643,0.451356214521754,0.319505923310085,22.465196673387084,27.0,0.0,0.0
15.30,43.9,57.235,35.55,43.855,58.16,34.54,0.8752534508976906,0.680874834724506,0.749368404021284,19.516647130683857,26.0,0.0,0.0
15.31,43.9,57.235,35.55,44.16,58.065,36.41,1.2239399564887576,0.952124112509463,0.408014855090371,19.034666920416424,25.0,0.0,0.0
15.32,43.9,57.235,35.55,43.93,57.395,35.02,0.9288975286809318,0.722605493084628,0.301325631855773,20.911593927758812,24.0,0.0,0.0
15.33,43.9,57.235,35.55,44.085,58.86,37.385,1.1434738398138964,0.889528125747198,0.712193209446809,12.069208934283097,21.0,0.0,0.0
15.34,43.9,57.235,35.55,43.83,58.395,37.185,0.9825416064641728,0.764336150666832,0.62606178308128,14.081882977952995,21.0,0.0,0.0
15.35,43.9,57.235,35.55,43.8,58.7,37.35,0.8752534508976906,0.680874834724506,0.684757708668797,11.320724348671995,19.0,0.0,0.0
15.36,43.9,57.235,35.55,43.96,57.49,35.225,0.8484314120060701,0.660009505544446,0.235486068181742,17.819664394947225,20.0,0.0,0.0
15.37,43.9,57.235,35.55,43.71,58.0,37.035,0.8484314120060701,0.660009505544446,0.615769684449938,13.046637101711529,19.0,0.0,0.0
15.38,43.9,57.235,35.55,44.025,57.465,36.05,0.7143212175479672,0.555682860422059,0.234238032182822,15.312581288112973,18.0,0.0,0.0
15.39,43.9,57.235,35.55,43.89,57.305,35.07,0.7947873342228289,0.618278847184324,0.252745389369951,15.236201308981482,17.0,0.0,0.0
15.40,43.9,57.235,35.55,44.18,57.995,35.87,0.472922867523382,0.367894898579428,0.337380938744209,11.324603799418758,16.0,0.0,0.0
15.41,43.9,57.235,35.55,44.36,55.375,33.1,0.8752534508976906,0.680874834724506,1.05022258098538,8.67176362211944,15.0,0.0,0.0
15.42,43.9,57.235,35.55,43.97,57.06,36.19,0.7947873342228289,0.618278847184324,0.363381510386368,12.527648395286295,14.0,0.0,0.0
15.43,43.9,57.235,35.55,44.51,56.31,35.52,0.7411432564395873,0.576548188824202,0.658206432633012,12.271693815102472,13.0,0.0,0.0
15.44,43.9,57.235,35.55,44.245,56.895,36.105,0.7143212175479672,0.555682860422059,0.485561860597755,10.677065234541253,12.0,0.0,0.0
15.45,43.9,57.235,35.55,43.74,56.705,35.635,0.8752534508976906,0.680874834724506,0.266675670054754,10.176128585433482,11.0,0.0,0.0
15.46,43.9,57.235,35.55,44.385,56.14,35.77,0.7947873342228289,0.618278847184324,0.657090397017,9.247660803793694,10.0,0.0,0.0
15.47,43.9,57.235,35.55,44.15,56.93,35.065,0.8484314120060701,0.660009505544446,0.300922085434071,8.155085072568507,9.0,0.0,0.0
15.48,43.9,57.235,35.55,44.68,56.155,33.76,0.7947873342228289,0.618278847184324,1.02015731363709,5.886253924208359,8.0,0.0,0.0
15.49,43.9,57.235,35.55,44.055,56.26,32.885,1.2507619953803788,0.972989441689524,1.14742195724144,2.9806802926259177,7.0,0.0,0.0
15.50,43.9,57.235,35.55,44.305,54.875,35.175,0.8484314120060701,0.660009505544446,0.853459372783188,5.086208493148928,6.0,0.0,0.0
15.51,43.9,57.235,35.55,44.15,57.03,34.875,1.0093636453557937,0.785201479846893,0.373515064284694,4.34296071191845,5.0,0.0,0.0
15.52,43.9,57.235,35.55,44.395,55.625,35.705,1.1434738398138964,0.889528125747198,0.790658379756454,3.65934050363967,4.0,0.0,0.0
15.53,43.9,57.235,35.55,44.01,56.96,37.305,1.036185684247414,0.806066809026954,0.931256404809252,2.7027896080064284,3.0,0.0,0.0
15.54,43.9,57.235,35.55,44.23,56.12,36.82,1.0093636453557935,0.785201479846893,0.987301652684137,1.9231377130144476,2.0,0.0,0.0
15.55,43.9,57.235,35.55,44.355,56.665,35.75,0.5802110230898643,0.451356214521754,0.509026478533265,0.8769383729104528,1.0,0.0,0.0
15.56,43.9,57.235,35.55,43.67,55.35,35.855,1.0630077231390345,0.826932138207015,0.824724147997578,0.0,0.0,0.0,0.0
16.1,45.405,37.055,22.165,45.75,37.435,22.28,1.036185684247414,0.806066809026954,0.360216226808256,46.013152973169035,49.0,0.003049171054621741,0.1377639384928007
16.2,45.405,37.055,22.165,45.685,37.17,23.84,1.277584034271999,0.993854770869585,0.994094891368645,36.397432416422326,48.0,0.0,0.0
16.3,45.405,37.055,22.165,45.58,37.22,23.435,1.0093636453557935,0.785201479846893,0.729618389056068,42.82876779427618,47.0,2.2808964397099044e-05,0.0011611683666497973
16.4,45.405,37.055,22.165,45.185,38.015,21.58,1.1166518009222757,0.868662796567137,0.705215716377632,39.23387087515794,46.0,3.5103691601230208e-06,0.0008409991391629217
16.5,45.405,37.055,22.165,45.415,37.615,21.83,0.6874991786563465,0.534817531241998,0.39142718919628,40.44936238762653,45.0,0.0012768233030814237,0.08328049016922208
16.6,45.405,37.055,22.165,45.425,36.36,24.155,1.2507619953803784,0.972989441689524,1.36975128956609,30.136040577420633,44.0,0.00338414611834009,0.037456478380205036
16.7,45.405,37.055,22.165,45.46,36.605,23.625,1.277584034271999,0.993854770869585,0.987173303156019,32.427937294374885,43.0,0.0,0.0
16.8,45.405,37.055,22.165,45.41,36.28,23.785,1.3044060731636198,1.01472010004965,1.18402993293926,28.787304675421584,42.0,1.6157691743051962e-06,0.0001000789460119526
16.9,45.405,37.055,22.165,45.595,36.735,22.51,0.5265669453066231,0.409625556161633,0.355816524886481,35.35265425412916,41.0,0.0006601534758930923,0.08081955233264389
16.10,45.405,37.055,22.165,45.36,36.975,22.76,0.472922867523382,0.367894898579428,0.374305207605672,33.32009973741691,40.0,0.0007741909653157585,0.08397783360153349
16.11,45.405,37.055,22.165,45.425,37.475,22.825,1.0898297620306552,0.847797467387076,0.329815841632094,36.01324012680634,39.0,0.006398120741452775,0.24071559057131278
16.12,45.405,37.055,22.165,45.37,38.11,21.43,1.3044060731636198,1.01472010004965,0.786310896004731,28.524898528550647,38.0,0.0,0.0
16.13,45.405,37.055,22.165,45.43,37.52,22.025,0.8752534508976906,0.680874834724506,0.261495197484611,35.14288055023549,37.0,0.005740664332903843,0.2356686705959831
16.14,45.405,37.055,22.165,45.455,37.295,21.785,0.9557195675725523,0.743470822264689,0.299506049179216,33.65914265750001,36.0,0.004960580392625764,0.20774359676980914
16.15,45.405,37.055,22.165,45.64,37.605,21.78,0.8484314120060701,0.660009505544446,0.469582738391991,32.62595233598511,35.0,0.0015351759690310455,0.06211574054044977
16.16,45.405,37.055,22.165,45.41,37.665,22.47,0.6070330619814848,0.472221543701815,0.232733448445521,30.51232956691554,34.0,0.0036814413141987414,0.20028986304540558
16.17,45.405,37.055,22.165,45.285,39.285,20.54,1.4116942287301018,1.09818141676989,1.68110159989537,11.208326984074656,32.0,0.03784289055569879,0.151338619116833
16.18,45.405,37.055,22.165,45.075,37.78,22.52,0.7143212175479672,0.555682860422059,0.417579414688634,29.849068871205777,32.0,0.0016459605891597964,0.10604827087772667
16.19,45.405,37.055,22.165,45.48,37.05,21.84,0.6338551008731055,0.493086872881876,0.204245669406232,28.011648018780225,31.0,0.000567291570796906,0.09747774124239499
16.20,45.405,37.055,22.165,45.54,37.245,20.96,1.0630077231390345,0.826932138207015,0.773534322907002,24.49854942942731,30.0,0.0,0.0
16.21,45.405,37.055,22.165,45.16,38.995,22.845,1.2507619953803784,0.972989441689524,0.761817884174061,19.274345876889004,29.0,0.0,0.0
16.22,45.405,37.055,22.165,45.355,37.095,23.35,0.902075489789311,0.701740163904567,0.690098974786193,26.42278257169238,28.0,0.0002116190922760927,0.006957248852687181
16.23,45.405,37.055,22.165,45.15,37.965,23.2,0.8484314120060701,0.660009505544446,0.573092803411365,24.326649077195,27.0,0.0016587329702178993,0.05192900733858707
16.24,45.405,37.055,22.165,45.5,37.045,23.55,1.33122811205524,1.03558542922971,0.822764892016489,18.97780087681636,26.0,0.0,0.0
16.25,45.405,37.055,22.165,45.415,37.215,23.305,0.8752534508976906,0.680874834724506,0.635575608574749,23.5597496968813,25.0,0.0007688790870566196,0.022900292207624462
16.26,45.405,37.055,22.165,45.205,38.06,22.45,1.1702958787055167,0.910393454927258,0.428491902363205,20.04507562820164,24.0,0.002723765083050326,0.10818764074528882
16.27,45.405,37.055,22.165,45.635,37.385,21.68,1.036185684247414,0.806066809026954,0.443429577420302,20.689973417829705,23.0,0.00029945845023017454,0.03478211522968277
16.28,45.405,37.055,22.165,45.04,37.465,23.54,0.9825416064641728,0.764336150666832,0.804405193739442,19.31241657348371,22.0,0.0,0.0
16.29,45.405,37.055,22.165,45.145,37.815,25.43,1.2507619953803784,0.972989441689524,1.75588836194785,6.223621564515907,21.0,0.03706703608184112,0.11704396277511886
16.30,45.405,37.055,22.165,45.145,38.37,24.175,0.7947873342228289,0.618278847184324,1.01931728943639,12.272720050166715,20.0,0.0,0.0
16.31,45.405,37.055,22.165,45.65,36.33,20.695,1.036185684247414,0.806066809026954,0.794229305319348,16.313950986309507,19.0,0.0,0.0
16.32,45.405,37.055,22.165,45.715,36.795,22.055,0.5533889841982438,0.430490885341693,0.312166548357028,17.21886745260717,18.0,0.0,0.0
16.33,45.405,37.055,22.165,45.565,37.28,21.225,0.9825416064641728,0.764336150666832,0.634405173410697,15.97431417479084,17.0,0.0,0.0
16.34,45.405,37.055,22.165,45.645,36.32,22.465,1.0898297620306552,0.847797467387076,0.507200473123034,14.80399338456023,16.0,0.0,0.0
16.35,45.405,37.055,22.165,45.465,37.145,21.93,0.5533889841982438,0.430490885341693,0.173653751345127,14.42280358454735,15.0,0.0,0.0
16.36,45.405,37.055,22.165,45.555,36.73,22.04,0.5265669453066231,0.409625556161633,0.189090736386138,13.325390665612556,14.0,0.0,0.0
16.37,45.405,37.055,22.165,45.72,37.675,22.02,0.6338551008731055,0.493086872881876,0.44582045982834,12.47753694826386,13.0,0.0,0.0
16.38,45.405,37.055,22.165,45.475,36.36,21.665,0.8216093731144494,0.639144176364385,0.303450023017914,11.590626386765761,12.0,0.0,0.0
16.39,45.405,37.055,22.165,45.5,36.74,21.505,0.7411432564395877,0.576548188824202,0.351178046766243,10.5664080884422,11.0,0.0,0.0
16.40,45.405,37.055,22.165,45.685,36.26,21.505,0.6874991786563465,0.534817531241998,0.452866182682721,9.31804183929384,10.0,0.0,0.0
16.41,45.405,37.055,22.165,45.97,37.3,22.655,1.036185684247414,0.806066809026954,0.595092950548145,8.603611877550996,9.0,0.0,0.0
16.42,45.405,37.055,22.165,45.4,36.58,22.45,0.7143212175479672,0.555682860422059,0.335803944403899,7.820646335700895,8.0,0.0,0.0
16.43,45.405,37.055,22.165,45.73,36.795,22.69,0.6874991786563465,0.534817531241998,0.495174730076575,6.829684260981239,7.0,0.0,0.0
16.44,45.405,37.055,22.165,45.64,36.33,21.805,0.5265669453066231,0.409625556161633,0.358475177959684,5.277330162718037,6.0,0.0,0.0
16.45,45.405,37.055,22.165,45.315,38.2,23.095,0.6070330619814848,0.472221543701815,0.516629176916675,4.175370151172368,5.0,0.0,0.0
16.46,45.405,37.055,22.165,45.545,36.495,22.885,1.036185684247414,0.806066809026954,0.615313192386728,3.8612860456902185,4.0,0.0,0.0
16.47,45.405,37.055,22.165,45.475,37.345,23.4,1.1971179175971374,0.931258784107319,0.668969867387233,2.3416699182620833,3.0,0.0,0.0
16.48,45.405,37.055,22.165,45.63,35.78,22.615,0.7143212175479672,0.555682860422059,0.78660864398708,2.0,2.0,0.0,0.0
16.49,45.405,37.055,22.165,45.745,36.54,22.47,0.6070330619814848,0.472221543701815,0.486518364810768,1.0,1.0,0.0,0.0
16.50,45.405,37.055,22.165,45.505,36.47,22.04,0.5802110230898643,0.451356214521754,0.251201481738092,0.0,0.0,0.0,0.0
17.1,61.905,-0.165,-0.25,61.58,-0.11,-0.24,1.3044060731636198,1.01472010004965,0.290914807844452,45.55013101644361,49.0,0.0,0.0
17.2,61.905,-0.165,-0.25,61.58,-0.125,-0.345,1.036185684247414,0.806066809026954,0.300429439496432,47.60238518040169,48.0,0.0,0.0
17.3,61.905,-0.165,-0.25,61.905,-0.23,-0.115,0.9825416064641728,0.764336150666832,0.165406134888139,46.775814532257904,47.0,0.0,0.0
17.4,61.905,-0.165,-0.25,61.9,-0.275,-0.38,0.9825416064641728,0.764336150666832,0.205897449512694,45.7758145322579,46.0,0.0,0.0
17.5,61.905,-0.165,-0.25,61.35,-0.08,-0.605,1.0898297620306552,0.847797467387076,0.604621641104731,44.2461717648797,45.0,0.0,0.0
17.6,61.905,-0.165,-0.25,61.55,-0.135,0.18,1.1702958787055167,0.910393454927258,0.52734205957022,42.58699828430832,44.0,0.0,0.0
17.7,61.905,-0.165,-0.25,61.995,-0.34,-0.095,0.5533889841982438,0.430490885341693,0.311167571943103,36.446295149073684,43.0,0.0,0.0
17.8,61.905,-0.165,-0.25,62.05,-0.025,-0.465,1.0093636453557935,0.785201479846893,0.322310918681363,41.78149446145126,42.0,0.0,0.0
17.9,61.905,-0.165,-0.25,62.15,0.025,-0.015,0.660677139764726,0.513952202061937,0.422584766732786,37.7006059798171,41.0,0.0,0.0
17.10,61.905,-0.165,-0.25,61.845,-0.21,-0.23,0.5802110230898643,0.451356214521754,0.0865926010344668,34.440275950531735,40.0,0.0,0.0
17.11,61.905,-0.165,-0.25,62.265,-0.1,-0.285,0.8752534508976906,0.680874834724506,0.324382040199291,38.634847561892336,39.0,0.0,0.0
17.12,61.905,-0.165,-0.25,61.935,-0.045,-0.08,0.660677139764726,0.513952202061937,0.246419666442273,34.70060597981709,38.0,0.0,0.0
17.13,61.905,-0.165,-0.25,62.21,-0.15,0.13,0.7411432564395877,0.576548188824202,0.459907361168113,35.2752326491505,37.0,0.0,0.0
17.14,61.905,-0.165,-0.25,62.435,-0.06,-0.265,1.1166518009222757,0.868662796567137,0.478880551737579,35.59584278742462,36.0,0.0,0.0
17.15,61.905,-0.165,-0.25,61.94,-0.26,-0.345,0.9288975286809318,0.722605493084628,0.170665634134801,34.83452048256879,35.0,0.0,0.0
17.16,61.905,-0.165,-0.25,62.265,0.29,-0.4,1.3580501509468608,1.05645075840977,0.759287943865976,31.588783323946267,34.0,0.0,0.0
17.17,61.905,-0.165,-0.25,62.155,-0.145,-0.155,0.9288975286809318,0.722605493084628,0.235408986168312,32.890503467099904,33.0,0.0,0.0
17.18,61.905,-0.165,-0.25,61.79,-0.475,-0.2,0.6874991786563465,0.534817531241998,0.469001823318402,29.67546596983982,32.0,0.0,0.0
17.19,61.905,-0.165,-0.25,62.045,0.095,-0.275,1.1702958787055167,0.910393454927258,0.406851168543795,30.441903360797415,31.0,0.0,0.0
17.20,61.905,-0.165,-0.25,61.91,-0.605,-0.335,1.0093636453557935,0.785201479846893,0.647867404416778,29.889542641722564,30.0,0.0,0.0
17.21,61.905,-0.165,-0.25,61.47,-0.145,-0.385,1.1971179175971374,0.931258784107319,0.397947687500579,28.30321796343814,29.0,0.0,0.0
17.22,61.905,-0.165,-0.25,62.08,-0.205,-0.095,1.036185684247414,0.806066809026954,0.222921604134649,27.853351147758854,28.0,0.0,0.0
17.23,61.905,-0.165,-0.25,62.54,-0.19,-0.415,0.9825416064641728,0.764336150666832,0.566683039772962,26.91299555814222,27.0,0.0,0.0
17.24,61.905,-0.165,-0.25,62.435,-0.265,-0.17,0.902075489789311,0.701740163904567,0.482769656164599,25.833855680950478,26.0,0.0,0.0
17.25,61.905,-0.165,-0.25,62.335,0.145,-0.145,0.6338551008731055,0.493086872881876,0.600716397940771,21.950827670968888,25.0,0.0,0.0
17.26,61.905,-0.165,-0.25,61.99,0.085,-0.285,1.2507619953803784,0.972989441689524,0.381601308936981,23.23470977885715,24.0,0.0,0.0
17.27,61.905,-0.165,-0.25,62.22,-0.135,0.1,0.5802110230898643,0.451356214521754,0.442456837878685,19.091346901431997,23.0,0.0,0.0
17.28,61.905,-0.165,-0.25,62.115,0.295,-0.475,1.277584034271999,0.993854770869585,0.741799674487814,21.45007030628338,22.0,0.0,0.0
17.29,61.905,-0.165,-0.25,61.98,0.005,-0.26,0.902075489789311,0.701740163904567,0.261342693584876,20.88483330374256,21.0,0.0,0.0
17.30,61.905,-0.165,-0.25,61.93,-0.45,0.025,0.7411432564395877,0.576548188824202,0.501691998369261,18.948476454722485,20.0,0.0,0.0
17.31,61.905,-0.165,-0.25,62.08,-0.125,-0.16,1.0898297620306552,0.847797467387076,0.183921038932512,18.943783017201625,19.0,0.0,0.0
17.32,61.905,-0.165,-0.25,62.325,0.28,0.27,1.036185684247414,0.806066809026954,0.915444505644386,17.961988002608273,18.0,0.0,0.0
17.33,61.905,-0.165,-0.25,62.01,-0.22,0.36,1.0093636453557935,0.785201479846893,0.617943459567443,16.976104552968906,17.0,0.0,0.0
17.34,61.905,-0.165,-0.25,62.155,-0.235,0.14,0.660677139764726,0.513952202061937,0.455135475241981,14.01380492400292,16.0,0.0,0.0
17.35,61.905,-0.165,-0.25,62.1,-0.095,-0.235,1.1702958787055167,0.910393454927258,0.197099162614029,14.976203118590188,15.0,0.0,0.0
17.36,61.905,-0.165,-0.25,62.14,-0.03,-0.385,1.2507619953803784,0.972989441689524,0.31409483354072,13.90412805930843,14.0,0.0,0.0
17.37,61.905,-0.165,-0.25,62.52,0.075,-0.28,0.8216093731144494,0.639144176364385,0.635923842511786,12.64828410622534,13.0,0.0,0.0
17.38,61.905,-0.165,-0.25,62.065,0.32,0.21,1.1702958787055167,0.910393454927258,0.867984668981967,11.992062999194,12.0,0.0,0.0
17.39,61.905,-0.165,-0.25,61.48,0.035,-0.435,1.223939956488758,0.952124112509463,0.505464790966582,10.973379782286841,11.0,0.0,0.0
17.40,61.905,-0.165,-0.25,62.02,-0.075,-0.355,1.0898297620306552,0.847797467387076,0.196082871429562,10.0,10.0,0.0,0.0
17.41,61.905,-0.165,-0.25,62.24,-0.575,-0.105,1.0630077231390345,0.826932138207015,0.681510363181186,8.999765999779857,9.0,0.0,0.0
17.42,61.905,-0.165,-0.25,61.865,0.03,-0.07,0.8484314120060701,0.660009505544446,0.34273276424218,7.791924185085318,8.0,0.0,0.0
17.43,61.905,-0.165,-0.25,61.445,0.015,-0.235,1.1702958787055167,0.910393454927258,0.477879345871325,7.0,7.0,0.0,0.0
17.44,61.905,-0.165,-0.25,62.095,-0.315,-0.4,1.0898297620306552,0.847797467387076,0.310643466569232,6.0,6.0,0.0,0.0
17.45,61.905,-0.165,-0.25,61.475,-0.07,-0.505,1.1971179175971374,0.931258784107319,0.468710100355611,5.0,5.0,0.0,0.0
17.46,61.905,-0.165,-0.25,61.905,-0.13,-0.495,1.33122811205524,1.03558542922971,0.246793601012476,4.0,4.0,0.0,0.0
17.47,61.905,-0.165,-0.25,61.95,-0.13,-0.255,1.1702958787055167,0.910393454927258,0.0648880183714646,3.0,3.0,0.0,0.0
17.48,61.905,-0.165,-0.25,62.1,0.24,-0.41,1.1166518009222757,0.868662796567137,0.64600403953624,2.0,2.0,0.0,0.0
17.49,61.905,-0.165,-0.25,61.61,-0.11,-0.305,1.2507619953803784,0.972989441689524,0.271676796485084,1.0,1.0,0.0,0.0
17.50,61.905,-0.165,-0.25,61.51,-0.145,-0.34,1.2507619953803784,0.972989441689524,0.352060822406783,0.0,0.0,0.0,0.0
