1.1,64.46,-30.1,40.245,65.685,-29.885,40.815,1.0630077231390345,0.595541889498709,1.04646197867181,47.6551576848121,49.0,0.0,0.0
1.2,64.46,-30.1,40.245,66.47,-30.35,40.805,1.1166518009222757,0.62559557103018,1.65530543833131,43.967766103797835,48.0,0.0643335886209489,0.5218721033958003
1.3,64.46,-30.1,40.245,66.43,-30.19,40.02,0.7947873342228289,0.445273482401596,1.61547923608161,42.025418121503655,47.0,0.055588704288180614,0.47738744095354446
1.4,64.46,-30.1,40.245,65.835,-31.26,42.97,0.7411432564395877,0.415219800870125,1.46600064282006,26.483858824877338,46.0,0.006982681447541446,0.09748263366220852
1.5,64.46,-30.1,40.245,66.34,-29.845,40.77,0.7947873342228289,0.445273482401596,1.5643426010491,41.64368805533512,45.0,0.040789621828551,0.39446589181747455
1.6,64.46,-30.1,40.245,66.555,-30.49,41.25,0.9557195675725523,0.535434526996009,1.74761464134554,38.26352333502293,44.0,0.10145631887343219,0.5845039541846262
1.7,64.46,-30.1,40.245,66.08,-30.315,41.25,1.1166518009222757,0.62559557103018,1.37619011826372,39.877079310051386,43.0,0.00753519806783733,0.14140459144470022
1.8,64.46,-30.1,40.245,66.455,-30.93,41.29,1.3848721898384815,0.775863978127292,1.68131634607193,34.52607015986147,42.0,0.07058208059896759,0.48059804656050115
1.9,64.46,-30.1,40.245,66.125,-30.88,41.895,1.33122811205524,0.745810296595821,1.47986945987955,32.26422628622607,41.0,0.017509805507646366,0.2109398234254984
1.10,64.46,-30.1,40.245,66.56,-30.405,41.325,1.1166518009222757,0.62559557103018,1.75799684391927,34.009377339109,40.0,0.11763119809078271,0.5907532685760861
1.11,64.46,-30.1,40.245,65.695,-31.045,41.785,1.1702958787055167,0.655649252561651,1.15507160129422,32.366038772632855,39.0,0.00014256058958870361,0.00573308927261583
1.12,64.46,-30.1,40.245,65.675,-30.11,39.375,0.8752534508976906,0.490354004698802,1.05802598628082,34.4994052046017,38.0,0.0,0.0
1.13,64.46,-30.1,40.245,65.93,-29.9,39.815,0.902075489789311,0.505380845464538,1.21573834048897,34.4925840455654,37.0,0.0008602270267962801,0.0280975156409979
1.14,64.46,-30.1,40.245,65.925,-29.975,39.62,1.223939956488758,0.685702933532879,1.2236227384263,32.67347680668686,36.0,0.0010387431202881902,0.03162097699590276
1.15,64.46,-30.1,40.245,65.775,-30.27,40.26,1.2507619953803784,0.700729774298615,1.08271906501259,33.6447858514905,35.0,0.0,0.0
1.16,64.46,-30.1,40.245,65.64,-30.45,40.49,1.1702958787055167,0.655649252561651,0.980443430232347,33.09487302673553,34.0,0.0,0.0
1.17,64.46,-30.1,40.245,65.49,-30.33,41.895,1.1702958787055167,0.655649252561651,1.0418459639596,28.69934399017419,33.0,0.0,0.0
1.18,64.46,-30.1,40.245,65.165,-29.835,39.735,0.5802110230898643,0.325058756835955,0.60895249220153,29.209834746159217,32.0,0.0,0.0
1.19,64.46,-30.1,40.245,65.805,-29.795,39.215,1.3848721898384815,0.775863978127292,1.16414773665417,25.527140334352882,31.0,0.0003203073541522951,0.008792478597019074
1.20,64.46,-30.1,40.245,65.66,-30.65,41.56,1.1971179175971374,0.670676093327386,1.08675459525911,26.88397678021201,30.0,0.0,0.0
1.21,64.46,-30.1,40.245,65.355,-30.625,41.325,1.0630077231390345,0.595541889498709,0.827982326498767,27.193555226714185,29.0,0.0,0.0
1.22,64.46,-30.1,40.245,65.435,-29.87,39.6,0.8216093731144494,0.460300323167332,0.834265651337074,25.975727461129832,28.0,0.0,0.0
1.23,64.46,-30.1,40.245,64.965,-31.335,42.2,0.7947873342228289,0.445273482401596,0.816404373852587,20.18382277569341,27.0,0.0,0.0
1.24,64.46,-30.1,40.245,65.33,-30.355,40.725,0.8752534508976906,0.490354004698802,0.736452902436725,25.517477444521724,26.0,0.0,0.0
1.25,64.46,-30.1,40.245,65.075,-29.845,40.095,0.6874991786563465,0.385166119898896,0.517783248298365,24.150690860819616,25.0,0.0,0.0
1.26,64.46,-30.1,40.245,65.54,-30.795,41.145,1.2507619953803784,0.700729774298615,0.953461800583257,22.088867462792855,24.0,0.0,0.0
1.27,64.46,-30.1,40.245,65.365,-30.73,41.36,1.3044060731636198,0.730783455830086,0.843557321425956,20.714497235694115,23.0,0.0,0.0
1.28,64.46,-30.1,40.245,65.18,-30.735,42.0,1.0898297620306552,0.610568730264444,0.849713585767785,18.069352257276897,22.0,0.0,0.0
1.29,64.46,-30.1,40.245,65.365,-29.79,39.3,0.8484314120060701,0.475327163933067,0.817300970059799,19.40839135346549,21.0,0.0,0.0
1.30,64.46,-30.1,40.245,65.305,-30.41,41.13,1.0898297620306552,0.610568730264444,0.761631923594803,19.102224203149458,20.0,0.0,0.0
1.31,64.46,-30.1,40.245,65.185,-30.13,40.965,0.9557195675725523,0.535434526996009,0.659425344810803,18.5428173574762,19.0,0.0,0.0
1.32,64.46,-30.1,40.245,64.865,-30.45,41.135,1.0630077231390345,0.595541889498709,0.455998988428762,17.23309361566739,18.0,0.0,0.0
1.33,64.46,-30.1,40.245,64.685,-29.285,40.005,0.6338551008731055,0.355112438367425,0.38795805710591,16.113766942554204,17.0,0.0,0.0
1.34,64.46,-30.1,40.245,64.52,-30.335,41.31,0.8216093731144494,0.460300323167332,0.384536958181696,14.971653400295185,16.0,0.0,0.0
1.35,64.46,-30.1,40.245,64.785,-30.535,41.505,0.9557195675725523,0.535434526996009,0.514521736064687,13.560787818481513,15.0,0.0,0.0
1.36,64.46,-30.1,40.245,64.58,-29.505,39.985,0.9825416064641728,0.550461367201502,0.261821913062231,13.846699920593945,14.0,0.0,0.0
1.37,64.46,-30.1,40.245,64.645,-29.715,39.635,0.8484314120060701,0.475327163933067,0.270975514494835,12.637894124247527,13.0,0.0,0.0
1.38,64.46,-30.1,40.245,64.805,-29.65,39.72,1.0898297620306552,0.610568730264444,0.356511212429624,11.748600024317161,12.0,0.0,0.0
1.39,64.46,-30.1,40.245,64.42,-30.15,41.395,0.660677139764726,0.370139279133161,0.444303739156833,9.852359793441666,11.0,0.0,0.0
1.40,64.46,-30.1,40.245,64.96,-29.915,40.775,0.7679652953312082,0.430246641635861,0.488203997971417,9.620592130126562,10.0,0.0,0.0
1.41,64.46,-30.1,40.245,65.045,-29.635,39.565,1.4385162676217225,0.805917659658763,0.545735342366942,8.265248766158338,9.0,0.0,0.0
1.42,64.46,-30.1,40.245,64.945,-29.395,38.875,1.3848721898384815,0.775863978127292,0.632759684858548,6.676226706362003,8.0,0.0,0.0
1.43,64.46,-30.1,40.245,64.64,-30.3,39.695,0.6338551008731055,0.355112438367425,0.311825179533679,6.792932962803655,7.0,0.0,0.0
1.44,64.46,-30.1,40.245,64.675,-30.47,40.825,0.7679652953312082,0.430246641635861,0.275984661476642,5.875904477708309,6.0,0.0,0.0
1.45,64.46,-30.1,40.245,64.62,-29.945,39.16,0.8752534508976906,0.490354004698802,0.426595754694833,4.641410613214512,5.0,0.0,0.0
1.46,64.46,-30.1,40.245,64.505,-29.91,40.25,0.902075489789311,0.505380845464538,0.0953915496659332,3.987703536620563,4.0,0.0,0.0
1.47,64.46,-30.1,40.245,64.555,-29.62,39.83,0.7679652953312082,0.430246641635861,0.218518180276339,2.8524831271205464,3.0,0.0,0.0
1.48,64.46,-30.1,40.245,64.585,-30.57,41.295,1.1434738398138964,0.640622411795915,0.379739556479468,2.0,2.0,0.0,0.0
1.49,64.46,-30.1,40.245,64.53,-30.51,41.08,0.9825416064641728,0.550461367201502,0.297996515047133,1.0,1.0,0.0,0.0
1.50,64.46,-30.1,40.245,64.585,-30.23,40.66,1.33122811205524,0.745810296595821,0.17901840637785,0.0,0.0,0.0,0.0
2.1,65.31,-10.12,13.085,65.185,-10.085,12.9,1.0630077231390345,0.595541889498709,0.153290387488623,48.896954361767996,49.0,4.215232101306669e-05,0.0020862537917712446
2.2,65.31,-10.12,13.085,64.985,-9.99,14.145,1.1166518009222757,0.62559557103018,0.762031247591366,46.51033002566096,48.0,0.0,0.0
2.3,65.31,-10.12,13.085,65.155,-10.185,13.38,0.7947873342228289,0.445273482401596,0.220904998656797,46.40136151084731,47.0,0.0,0.0
2.4,65.31,-10.12,13.085,65.06,-10.17,13.14,0.7411432564395877,0.415219800870125,0.210605414776556,45.279167790779745,46.0,0.0,0.0
2.5,65.31,-10.12,13.085,64.82,-10.23,13.68,0.7947873342228289,0.445273482401596,0.542411363614201,44.11627627305606,45.0,0.0,0.0
2.6,65.31,-10.12,13.085,65.14,-10.345,13.47,0.9557195675725523,0.535434526996009,0.300490855678751,43.63142880334192,44.0,0.0,0.0
2.7,65.31,-10.12,13.085,65.05,-9.975,12.74,1.1166518009222757,0.62559557103018,0.308212754841294,42.87634406934774,43.0,0.0,0.0
2.8,65.31,-10.12,13.085,64.525,-10.145,11.905,1.3848721898384815,0.775863978127292,1.00626042816384,39.51846709528422,42.0,0.0,0.0
2.9,65.31,-10.12,13.085,65.435,-10.13,12.39,1.33122811205524,0.745810296595821,0.462397523289962,40.037353606200696,41.0,0.0,0.0
2.10,65.31,-10.12,13.085,65.285,-9.995,12.715,1.1166518009222757,0.62559557103018,0.233168576063553,39.874808395559,40.0,0.0,0.0
2.11,65.31,-10.12,13.085,65.29,-9.995,12.795,1.1702958787055167,0.655649252561651,0.188311512176578,38.78804879879902,39.0,0.0,0.0
2.12,65.31,-10.12,13.085,65.24,-10.26,13.985,0.8752534508976906,0.490354004698802,0.552017333222086,37.1538902636011,38.0,0.0,0.0
2.13,65.31,-10.12,13.085,64.86,-10.01,12.89,0.902075489789311,0.505380845464538,0.393501361413981,36.86117213194944,37.0,0.0,0.0
2.14,65.31,-10.12,13.085,65.535,-10.065,12.64,1.223939956488758,0.685702933532879,0.332446463745755,35.63747257417499,36.0,0.0,0.0
2.15,65.31,-10.12,13.085,65.29,-10.085,12.645,1.2507619953803784,0.700729774298615,0.276674334332012,34.56921922313726,35.0,0.0,0.0
2.16,65.31,-10.12,13.085,65.265,-10.135,13.04,1.1702958787055167,0.655649252561651,0.0507680831237949,33.74724992234107,34.0,0.0011283291160263896,0.03556428713965316
2.17,65.31,-10.12,13.085,65.12,-10.11,12.885,1.1702958787055167,0.655649252561651,0.200584507678305,32.780180517453154,33.0,0.0,0.0
2.18,65.31,-10.12,13.085,65.265,-10.365,13.64,0.5802110230898643,0.325058756835955,0.358005376062806,30.430174908941744,32.0,0.0,0.0
2.19,65.31,-10.12,13.085,65.24,-10.265,12.69,1.3848721898384815,0.775863978127292,0.319012962662229,29.930237906473092,31.0,0.0,0.0
2.20,65.31,-10.12,13.085,65.585,-10.085,12.86,1.1971179175971374,0.670676093327386,0.264428605525787,29.75699458021114,30.0,0.0,0.0
2.21,65.31,-10.12,13.085,65.075,-9.84,12.965,1.0630077231390345,0.595541889498709,0.304318909076213,28.922785968298335,29.0,0.0,0.0
2.22,65.31,-10.12,13.085,65.36,-10.155,13.23,0.8216093731144494,0.460300323167332,0.0980047623553663,27.699128254634893,28.0,0.0004887240679522976,0.014443506443075656
2.23,65.31,-10.12,13.085,65.44,-10.1,13.285,0.7947873342228289,0.445273482401596,0.171095311021558,26.631491917326354,27.0,1.3556663473566325e-05,0.0003947096131259688
2.24,65.31,-10.12,13.085,64.95,-9.95,13.465,0.8752534508976906,0.490354004698802,0.434714366293519,25.67874573270148,26.0,0.0,0.0
2.25,65.31,-10.12,13.085,65.125,-10.135,13.175,0.6874991786563465,0.385166119898896,0.161541654867047,24.412718257807587,25.0,4.038202226526247e-05,0.0010764529956543843
2.26,65.31,-10.12,13.085,65.33,-9.98,13.12,1.2507619953803784,0.700729774298615,0.131429840185488,23.65104687659188,24.0,0.00023188314333940835,0.0056925787729614425
2.27,65.31,-10.12,13.085,63.98,-10.09,12.385,1.3044060731636198,0.730783455830086,1.18578418652278,21.69673878350015,23.0,0.006688710203923169,0.049590255696635
2.28,65.31,-10.12,13.085,64.99,-9.885,13.045,1.0898297620306552,0.610568730264444,0.330134889356254,21.896978651667663,22.0,0.0,0.0
2.29,65.31,-10.12,13.085,65.12,-9.99,13.125,0.8484314120060701,0.475327163933067,0.198709999148083,20.81390978419554,21.0,0.0,0.0
2.30,65.31,-10.12,13.085,64.835,-10.18,12.685,1.0898297620306552,0.610568730264444,0.47845939797979,19.917869323204698,20.0,0.0,0.0
2.31,65.31,-10.12,13.085,64.965,-10.015,13.515,0.9557195675725523,0.535434526996009,0.422380698517312,18.738053436161064,19.0,0.0,0.0
2.32,65.31,-10.12,13.085,65.235,-10.04,12.86,1.0630077231390345,0.595541889498709,0.154407924946124,17.94948329517254,18.0,0.0,0.0
2.33,65.31,-10.12,13.085,65.245,-10.085,13.275,0.6338551008731055,0.355112438367425,0.143739803233296,16.397833866643502,17.0,0.0,0.0
2.34,65.31,-10.12,13.085,64.935,-10.03,13.795,0.8216093731144494,0.460300323167332,0.570777387079447,15.462866647662604,16.0,0.0,0.0
2.35,65.31,-10.12,13.085,65.28,-9.95,13.4,0.9557195675725523,0.535434526996009,0.283297568858979,14.83042284891198,15.0,0.0,0.0
2.36,65.31,-10.12,13.085,65.285,-10.085,13.05,0.9825416064641728,0.550461367201502,0.0382732648285385,13.923599832038054,14.0,0.0004024979636894474,0.005989499007868093
2.37,65.31,-10.12,13.085,65.35,-10.19,13.12,0.8484314120060701,0.475327163933067,0.0671010681212773,12.819422881564355,13.0,9.873530599896535e-05,0.0013960178752601595
2.38,65.31,-10.12,13.085,65.23,-10.02,13.1,1.0898297620306552,0.610568730264444,0.11172538201069,11.910871258467933,12.0,0.0,0.0
2.39,65.31,-10.12,13.085,65.155,-10.19,13.345,0.660677139764726,0.370139279133161,0.204218175511964,10.43728809627983,11.0,0.0,0.0
2.40,65.31,-10.12,13.085,65.18,-10.23,13.205,0.7679652953312082,0.430246641635861,0.149008890681465,9.682458127593565,10.0,0.0,0.0
2.41,65.31,-10.12,13.085,65.21,-10.05,12.635,1.4385162676217225,0.805917659658763,0.290562435278466,8.509785385485612,9.0,0.0,0.0
2.42,65.31,-10.12,13.085,65.45,-10.025,12.355,1.3848721898384815,0.775863978127292,0.469292833150755,7.661282710265412,8.0,0.0,0.0
2.43,65.31,-10.12,13.085,65.3,-10.125,13.11,0.6338551008731055,0.355112438367425,0.0174086166471392,6.794388226305905,7.0,0.0011843105864539154,0.00982384448117829
2.44,65.31,-10.12,13.085,65.37,-10.27,13.31,0.7679652953312082,0.430246641635861,0.171275761477151,5.826113197003085,6.0,0.0,0.0
2.45,65.31,-10.12,13.085,65.34,-10.215,13.39,0.8752534508976906,0.490354004698802,0.190219284510955,4.8324010298468485,5.0,0.0,0.0
2.46,65.31,-10.12,13.085,65.46,-10.28,13.655,0.902075489789311,0.505380845464538,0.37045708447557,3.7287344581584234,4.0,0.0,0.0
2.47,65.31,-10.12,13.085,65.16,-10.11,13.215,0.7679652953312082,0.430246641635861,0.150164996813235,2.850109206076442,3.0,0.0,0.0
2.48,65.31,-10.12,13.085,65.27,-10.015,13.005,1.1434738398138964,0.640622411795915,0.0971603926119435,1.9451542708605045,2.0,0.0,0.0
2.49,65.31,-10.12,13.085,65.465,-9.945,12.015,0.9825416064641728,0.550461367201502,0.679037218283667,1.0,1.0,0.0,0.0
2.50,65.31,-10.12,13.085,65.81,-9.595,11.49,1.33122811205524,0.745810296595821,1.09484739549437,0.0,0.0,0.0,0.0
3.1,50.595,-26.245,-17.51,50.625,-26.28,-17.93,1.3465549914218806,0.754397062507566,0.231895104951547,44.5205981483818,49.0,0.0,0.0
3.2,50.595,-26.245,-17.51,50.465,-26.34,-17.665,0.8867486104226707,0.496794078992551,0.153951384007226,47.41429651959896,48.0,0.00017963776260044323,0.009899185668382224
3.3,50.595,-26.245,-17.51,50.345,-26.09,-18.15,1.3465549914218806,0.754397062507566,0.465869422713355,42.53112258156808,47.0,0.0,0.0
3.4,50.595,-26.245,-17.51,50.795,-25.555,-18.69,1.2545937152220388,0.702876465916612,0.869385842915846,42.09050959704851,46.0,0.0,0.0
3.5,50.595,-26.245,-17.51,50.81,-26.305,-17.325,0.42694222942346105,0.239191095477535,0.245330608213706,40.25392892857139,45.0,0.0,0.0
3.6,50.595,-26.245,-17.51,50.72,-25.47,-18.825,1.4385162676217225,0.805917659658763,0.952312348722069,36.378859068040825,44.0,0.0,0.0
3.7,50.595,-26.245,-17.51,50.265,-26.015,-17.625,0.610864781823145,0.342232289219687,0.362751112149697,41.09378253070416,43.0,0.0,0.0
3.8,50.595,-26.245,-17.51,50.73,-26.485,-17.745,0.8867486104226707,0.496794078992551,0.195751207614916,41.48027741846691,42.0,4.014798758888459e-05,0.0019648631515177205
3.9,50.595,-26.245,-17.51,50.895,-25.745,-18.1,1.3465549914218806,0.754397062507566,0.567338858937342,36.96782691634454,41.0,0.0,0.0
3.10,50.595,-26.245,-17.51,50.54,-26.515,-16.8,0.7947873342228289,0.445273482401596,0.472945280877979,38.539509703478416,40.0,0.0,0.0
3.11,50.595,-26.245,-17.51,50.31,-25.7,-17.625,1.3465549914218806,0.754397062507566,0.415668996966332,35.05453096926036,39.0,0.0,0.0
3.12,50.595,-26.245,-17.51,50.52,-25.04,-19.08,1.4385162676217225,0.805917659658763,1.22979708992257,28.72879926218917,38.0,0.005070907224908949,0.04460797622484799
3.13,50.595,-26.245,-17.51,50.45,-25.41,-18.55,1.4385162676217225,0.805917659658763,0.842219966690437,30.574309311805347,37.0,0.0,0.0
3.14,50.595,-26.245,-17.51,50.18,-25.92,-18.115,1.0706711628223546,0.599835272734702,0.594497571662985,35.203702797080254,36.0,0.0,0.0
3.15,50.595,-26.245,-17.51,50.225,-26.34,-17.65,0.7028260580229869,0.393752885810641,0.377452217330332,34.32158169999393,35.0,0.0,0.0
3.16,50.595,-26.245,-17.51,50.815,-25.98,-17.235,0.3349809532236191,0.187670498886581,0.27381352631515,30.32205258937886,34.0,0.0,0.0
3.17,50.595,-26.245,-17.51,50.56,-26.48,-17.62,0.7947873342228289,0.445273482401596,0.115763279420376,32.61120164884935,33.0,0.0,0.0
3.18,50.595,-26.245,-17.51,50.615,-26.53,-17.735,1.2545937152220388,0.702876465916612,0.152730014253559,29.86989904138371,32.0,0.0,0.0
3.19,50.595,-26.245,-17.51,50.125,-25.425,-18.035,1.3465549914218806,0.754397062507566,0.751771586627364,27.48485485630616,31.0,0.0,0.0
3.20,50.595,-26.245,-17.51,50.39,-26.01,-17.41,0.3349809532236191,0.187670498886581,0.232576539921358,27.078809024487676,30.0,0.0,0.0
3.21,50.595,-26.245,-17.51,50.595,-26.38,-17.56,0.7947873342228289,0.445273482401596,0.0626125798801107,28.678329703055937,29.0,0.0,0.0
3.22,50.595,-26.245,-17.51,50.705,-26.06,-17.53,0.8867486104226707,0.496794078992551,0.146573674157825,27.811671297979274,28.0,0.0,0.0
3.23,50.595,-26.245,-17.51,50.8,-26.05,-17.43,0.7947873342228289,0.445273482401596,0.224056904828069,26.685159390025927,27.0,0.0,0.0
3.24,50.595,-26.245,-17.51,50.67,-26.085,-17.285,0.3349809532236191,0.187670498886581,0.144102903430916,23.127946614970536,26.0,0.0,0.0
3.25,50.595,-26.245,-17.51,50.71,-26.255,-17.465,0.518903505623303,0.290711692628732,0.118109991246966,23.59945588382172,25.0,0.0,0.0
3.26,50.595,-26.245,-17.51,50.68,-26.16,-17.56,0.9787098866225127,0.548314676143748,0.103294274831005,23.86274859881397,24.0,0.0,0.0
3.27,50.595,-26.245,-17.51,50.96,-25.65,-18.115,1.4385162676217225,0.805917659658763,0.640322777182957,19.5294305915258,23.0,0.0,0.0
3.28,50.595,-26.245,-17.51,50.775,-26.11,-17.44,0.7028260580229869,0.393752885810641,0.190933637687019,21.585533053582385,22.0,0.0,0.0
3.29,50.595,-26.245,-17.51,50.73,-26.23,-16.685,1.0706711628223546,0.599835272734702,0.486217707780336,20.372623178668416,21.0,0.0,0.0
3.30,50.595,-26.245,-17.51,50.71,-25.965,-17.23,0.42694222942346105,0.239191095477535,0.204254560235216,18.478813373734702,20.0,0.0,0.0
3.31,50.595,-26.245,-17.51,50.435,-26.195,-17.36,0.610864781823145,0.342232289219687,0.178372570892421,18.307955475578442,19.0,0.0,0.0
3.32,50.595,-26.245,-17.51,50.395,-26.305,-17.33,0.518903505623303,0.290711692628732,0.231087536974406,16.940064727156347,18.0,0.0,0.0
3.33,50.595,-26.245,-17.51,50.345,-26.49,-17.495,0.8867486104226707,0.496794078992551,0.279389962438239,16.861621301472383,17.0,0.0,0.0
3.34,50.595,-26.245,-17.51,50.6,-26.155,-18.345,1.4385162676217225,0.805917659658763,0.484683689617368,13.729506873843341,16.0,0.0,0.0
3.35,50.595,-26.245,-17.51,50.65,-25.38,-18.585,1.4385162676217225,0.805917659658763,0.859913426033465,12.39705435125462,15.0,0.0,0.0
3.36,50.595,-26.245,-17.51,50.31,-26.07,-18.125,1.2545937152220388,0.702876465916612,0.478901240822684,13.158422340507316,14.0,0.0,0.0
3.37,50.595,-26.245,-17.51,50.46,-25.985,-17.19,0.610864781823145,0.342232289219687,0.225255073127399,12.838672477591226,13.0,0.0,0.0
3.38,50.595,-26.245,-17.51,50.645,-25.76,-17.2,0.610864781823145,0.342232289219687,0.247589866722496,11.834668831008413,12.0,0.0,0.0
3.39,50.595,-26.245,-17.51,50.475,-26.02,-17.385,0.42694222942346105,0.239191095477535,0.161866928696432,10.570468735763193,11.0,0.0,0.0
3.40,50.595,-26.245,-17.51,50.475,-26.335,-17.315,0.7028260580229869,0.393752885810641,0.179288800736281,9.913599928930154,10.0,0.0,0.0
3.41,50.595,-26.245,-17.51,50.47,-26.235,-17.205,0.610864781823145,0.342232289219687,0.211659621696046,8.838617438913493,9.0,0.0,0.0
3.42,50.595,-26.245,-17.51,50.39,-26.425,-17.795,0.7028260580229869,0.393752885810641,0.255218690039294,7.919238915820854,8.0,0.0,0.0
3.43,50.595,-26.245,-17.51,50.365,-26.865,-17.335,0.610864781823145,0.342232289219687,0.423183565737451,6.826654442753279,7.0,0.0,0.0
3.44,50.595,-26.245,-17.51,50.3,-26.08,-17.42,0.7028260580229869,0.393752885810641,0.305319828232357,5.918048916125372,6.0,0.0,0.0
3.45,50.595,-26.245,-17.51,50.645,-26.41,-17.615,0.7947873342228289,0.445273482401596,0.0957781262459254,4.962787638327675,5.0,0.0,0.0
3.46,50.595,-26.245,-17.51,50.43,-25.94,-17.8,0.9787098866225127,0.548314676143748,0.308416281761803,3.9895153152071563,4.0,0.0,0.0
3.47,50.595,-26.245,-17.51,50.6,-26.6,-17.55,0.7028260580229869,0.393752885810641,0.169324530676207,2.917896132459819,3.0,0.0,0.0
3.48,50.595,-26.245,-17.51,50.675,-26.435,-17.315,0.518903505623303,0.290711692628732,0.187310732054567,1.7390432239455227,2.0,0.0,0.0
3.49,50.595,-26.245,-17.51,50.37,-25.915,-17.87,1.0706711628223546,0.599835272734702,0.378130525662577,1.0,1.0,0.0,0.0
3.50,50.595,-26.245,-17.51,50.535,-26.025,-18.495,1.3465549914218806,0.754397062507566,0.60118459437465,0.0,0.0,0.0,0.0
4.1,49.93,-16.24,-10.795,49.49,-16.285,-11.195,1.1702958787055167,0.655649252561651,0.510028337973891,58.86480988618341,59.0,0.0,0.0
4.2,49.93,-16.24,-10.795,48.9,-16.115,-10.645,1.0630077231390345,0.595541889498709,1.03487976023619,57.539023169248914,58.0,0.0,0.0
4.3,49.93,-16.24,-10.795,49.44,-15.32,-10.605,1.0898297620306552,0.610568730264444,0.798791444223734,56.63680518094443,57.0,0.0,0.0
4.4,49.93,-16.24,-10.795,49.34,-16.25,-11.115,1.036185684247414,0.580515048732973,0.626343407835638,55.91513668153723,56.0,0.0,0.0
4.5,49.93,-16.24,-10.795,50.19,-16.36,-10.53,1.0630077231390345,0.595541889498709,0.339470906105019,54.805933424657646,55.0,0.0001668504217404339,0.009864935163149692
4.6,49.93,-16.24,-10.795,49.6,-16.53,-10.905,1.036185684247414,0.580515048732973,0.382312968686146,53.95489489002906,54.0,3.3527652398840076e-05,0.00181073982170337
4.7,49.93,-16.24,-10.795,50.48,-15.53,-10.515,1.0093636453557935,0.565488207967238,0.732185427835936,52.130336305652214,53.0,0.0,0.0
4.8,49.93,-16.24,-10.795,50.78,-16.09,-11.28,1.1971179175971374,0.670676093327386,0.926054753634451,50.7216958533786,52.0,0.0,0.0
4.9,49.93,-16.24,-10.795,49.36,-16.085,-11.02,0.9825416064641728,0.550461367201502,0.607410729311128,50.97290831868838,51.0,0.0,0.0
4.10,49.93,-16.24,-10.795,49.63,-16.565,-10.9,0.6874991786563465,0.385166119898896,0.369572156962627,49.8125429406436,50.0,6.892886093860913e-05,0.003550447046013846
4.11,49.93,-16.24,-10.795,49.955,-16.275,-10.845,1.1434738398138964,0.640622411795915,0.042956835279062,48.90243456666355,49.0,0.008910040862320744,0.26384377999327935
4.12,49.93,-16.24,-10.795,49.52,-16.08,-11.06,0.9288975286809318,0.520407686230273,0.473221524911691,47.986008544234764,48.0,0.0,0.0
4.13,49.93,-16.24,-10.795,48.67,-16.21,-10.885,1.1434738398138964,0.640622411795915,1.25987228239543,46.451565301357206,47.0,0.004209561040012768,0.035760922728111134
4.14,49.93,-16.24,-10.795,49.695,-16.175,-10.855,0.8484314120060701,0.475327163933067,0.244975628665693,45.981200176530756,46.0,0.001188845148318933,0.0552503400741517
4.15,49.93,-16.24,-10.795,48.685,-16.2,-11.045,1.1702958787055167,0.655649252561651,1.25558254537558,44.44347948458106,45.0,0.003978617016885602,0.03347902509189475
4.16,49.93,-16.24,-10.795,49.755,-15.995,-10.865,0.9825416064641728,0.550461367201502,0.259873282319079,43.969440253492024,44.0,0.0009957852585408605,0.0451406200979924
4.17,49.93,-16.24,-10.795,49.455,-16.345,-10.995,0.7947873342228289,0.445273482401596,0.492645101470724,42.96781636243563,43.0,0.0,0.0
4.18,49.93,-16.24,-10.795,49.75,-16.005,-10.91,0.8216093731144494,0.460300323167332,0.270979405964219,41.96428604387032,42.0,0.0008964871185027283,0.0387964221459533
4.19,49.93,-16.24,-10.795,49.335,-15.585,-10.855,1.0093636453557935,0.565488207967238,0.763693616286965,40.89582246583286,41.0,0.0,0.0
4.20,49.93,-16.24,-10.795,49.605,-15.835,-10.72,0.7679652953312082,0.430246641635861,0.426032110546206,39.92681317275262,40.0,0.0,0.0
4.21,49.93,-16.24,-10.795,49.79,-16.06,-11.01,1.036185684247414,0.580515048732973,0.259278699053408,38.97016086832912,39.0,0.001137512711464656,0.045597699558074335
4.22,49.93,-16.24,-10.795,49.665,-16.405,-10.63,1.0093636453557935,0.565488207967238,0.321652118544389,37.97908030243321,38.0,0.00042694950899117753,0.016345308603681594
4.23,49.93,-16.24,-10.795,49.795,-16.255,-10.925,1.0093636453557935,0.565488207967238,0.159068345312644,36.98186487712452,37.0,0.003349062991764837,0.12609259736491849
4.24,49.93,-16.24,-10.795,49.71,-16.08,-10.965,0.9288975286809318,0.520407686230273,0.285788634196954,35.979875877589606,36.0,0.0008566875696554786,0.03144031730259795
4.25,49.93,-16.24,-10.795,49.875,-16.135,-10.92,0.9288975286809318,0.520407686230273,0.138454216362745,34.96803900080231,35.0,0.004022790685345184,0.14531346511930662
4.26,49.93,-16.24,-10.795,50.575,-16.07,-11.11,1.2507619953803784,0.700729774298615,0.699574321336938,33.46495769613449,34.0,0.0,0.0
4.27,49.93,-16.24,-10.795,49.245,-16.245,-11.115,0.9825416064641728,0.550461367201502,0.716677294197406,32.96546282760737,33.0,0.0,0.0
4.28,49.93,-16.24,-10.795,49.305,-15.56,-10.995,1.0898297620306552,0.610568730264444,0.82500648214598,31.896054596574437,32.0,0.0,0.0
4.29,49.93,-16.24,-10.795,49.8,-15.925,-10.375,0.9557195675725523,0.535434526996009,0.329136203418095,30.92473604287327,31.0,0.000396900716132756,0.013048289788996513
4.30,49.93,-16.24,-10.795,50.705,-16.055,-11.34,1.1166518009222757,0.62559557103018,0.881375340182104,29.47494169989889,30.0,0.0,0.0
4.31,49.93,-16.24,-10.795,49.475,-16.335,-10.91,1.1702958787055167,0.655649252561651,0.462727457976364,28.930488638530683,29.0,0.0,0.0
4.32,49.93,-16.24,-10.795,49.37,-16.405,-11.255,1.1702958787055167,0.655649252561651,0.631297423466139,27.923500055731104,28.0,0.0,0.0
4.33,49.93,-16.24,-10.795,49.78,-16.12,-10.89,0.7947873342228289,0.445273482401596,0.192062896872829,26.97128714614199,27.0,0.0033967667466179457,0.09432346722120252
4.34,49.93,-16.24,-10.795,49.705,-16.065,-11.01,0.9557195675725523,0.535434526996009,0.311531629213727,25.979996428457547,26.0,0.0007524816700725772,0.01994851259992342
4.35,49.93,-16.24,-10.795,49.8,-16.05,-10.99,0.8752534508976906,0.490354004698802,0.249526310352824,24.970477380531666,25.0,0.0020015492815621317,0.05150005766634747
4.36,49.93,-16.24,-10.795,49.215,-15.955,-10.445,1.1434738398138964,0.640622411795915,0.760167308616988,23.917249231949004,24.0,0.0,0.0
4.37,49.93,-16.24,-10.795,49.425,-16.36,-11.075,0.9288975286809318,0.520407686230273,0.535846857932968,22.999621857119443,23.0,0.0,0.0
4.38,49.93,-16.24,-10.795,49.56,-15.835,-10.17,0.8752534508976906,0.490354004698802,0.569269076439599,21.910284711974988,22.0,0.0,0.0
4.39,49.93,-16.24,-10.795,49.79,-15.98,-10.785,0.9288975286809318,0.520407686230273,0.229198947397079,20.963931774390666,21.0,0.0029756796771181963,0.06471614214914782
4.40,49.93,-16.24,-10.795,50.11,-16.255,-10.65,0.7143212175479672,0.400192960664632,0.206279766270629,19.90402052572702,20.0,0.0035946875160049454,0.07797804289860742
4.41,49.93,-16.24,-10.795,50.045,-16.205,-10.72,1.1434738398138964,0.640622411795915,0.124899021486571,18.90925970239384,19.0,0.007853234698072933,0.15669007663726148
4.42,49.93,-16.24,-10.795,49.905,-16.05,-10.955,0.9557195675725523,0.535434526996009,0.196424564398923,17.958807568054716,18.0,0.004776307967968317,0.08946195101123197
4.43,49.93,-16.24,-10.795,50.38,-16.39,-11.185,1.0093636453557935,0.565488207967238,0.513946136060559,16.886726440920093,17.0,0.0,0.0
4.44,49.93,-16.24,-10.795,49.985,-16.065,-10.92,0.9288975286809318,0.520407686230273,0.177191185060732,15.949481534611847,16.0,0.006254985130863931,0.1050718378475574
4.45,49.93,-16.24,-10.795,50.315,-16.145,-10.895,0.9825416064641728,0.550461367201502,0.399787631096855,14.891164518027146,15.0,1.735810058253535e-05,0.00028715120781872423
4.46,49.93,-16.24,-10.795,49.785,-16.185,-10.855,0.9557195675725523,0.535434526996009,0.158301448291435,13.979077391776048,14.0,0.00885620941702789,0.12644724296394202
4.47,49.93,-16.24,-10.795,49.8,-16.195,-10.96,0.6874991786563465,0.385166119898896,0.179219819467092,12.938264516786788,13.0,0.007558069924803959,0.10312920771780364
4.48,49.93,-16.24,-10.795,49.665,-16.09,-11.08,0.7679652953312082,0.430246641635861,0.359932799635064,11.97450956100747,12.0,0.00043722074391728513,0.00537059601545171
4.49,49.93,-16.24,-10.795,49.535,-16.26,-10.87,0.8484314120060701,0.475327163933067,0.397779165184995,10.996543082865122,11.0,3.870055457779453e-05,0.00042704858732443786
4.50,49.93,-16.24,-10.795,49.47,-16.27,-11.22,0.9825416064641728,0.550461367201502,0.536771431704734,9.998556757640962,10.0,0.0,0.0
4.51,49.93,-16.24,-10.795,49.44,-16.385,-11.175,1.1434738398138964,0.640622411795915,0.546323402427818,8.972022212601713,9.0,0.0,0.0
4.52,49.93,-16.24,-10.795,49.075,-15.975,-11.1,1.0630077231390345,0.595541889498709,0.910514095721775,7.994524455007691,8.0,0.0,0.0
4.53,49.93,-16.24,-10.795,48.585,-16.905,-11.02,1.223939956488758,0.685702933532879,1.41241695839222,6.768913162522972,7.0,0.047870016904359186,0.12323890257186874
4.54,49.93,-16.24,-10.795,49.745,-16.18,-10.885,0.9557195675725523,0.535434526996009,0.202834941533002,6.0,6.0,0.0,0.0
4.55,49.93,-16.24,-10.795,49.42,-16.34,-10.99,0.9825416064641728,0.550461367201502,0.525530062462488,5.0,5.0,0.0,0.0
4.56,49.93,-16.24,-10.795,50.025,-16.135,-10.97,0.8484314120060701,0.475327163933067,0.182556240254878,4.0,4.0,0.0,0.0
4.57,49.93,-16.24,-10.795,49.72,-16.05,-10.98,0.7143212175479672,0.400192960664632,0.295346688116374,3.0,3.0,0.0,0.0
4.58,49.93,-16.24,-10.795,49.76,-15.97,-11.095,0.8216093731144494,0.460300323167332,0.357999110890248,2.0,2.0,0.0,0.0
4.59,49.93,-16.24,-10.795,49.85,-16.155,-10.945,0.6338551008731055,0.355112438367425,0.153656362600498,1.0,1.0,0.0,0.0
4.60,49.93,-16.24,-10.795,49.42,-16.445,-11.155,0.7947873342228289,0.445273482401596,0.562900037230728,0.0,0.0,0.0,0.0
5.1,60.79,34.78,62.19,60.725,34.33,62.635,0.9288975286809318,0.520407686230273,0.374963467613528,34.44165475016721,48.0,9.555876326927225e-08,0.00012139358655528257
5.2,60.79,34.78,62.19,60.075,35.215,62.52,1.1971179175971374,0.670676093327386,0.64971644253842,31.208856133827464,46.0,0.0,0.0
5.3,60.79,34.78,62.19,60.91,34.305,64.9,1.1971179175971374,0.670676093327386,1.1527992021612,20.88754404860851,30.0,0.0,0.0
5.4,60.79,34.78,62.19,60.67,34.46,59.805,0.902075489789311,0.505380845464538,0.773400765968345,28.46516498660131,45.0,0.00013813824488756335,0.013360746676627825
5.5,60.79,34.78,62.19,60.87,34.1,60.725,0.5802110230898643,0.325058756835955,0.399434301166017,32.31870508945629,45.0,5.2272872500181455e-05,0.02646749527761958
5.6,60.79,34.78,62.19,61.155,33.89,62.305,0.9557195675725523,0.535434526996009,0.601806859923132,30.736491172106184,43.0,0.0,0.0
5.7,60.79,34.78,62.19,61.03,34.29,59.52,0.660677139764726,0.370139279133161,0.848475092994905,24.13767494920883,39.0,7.683053301365624e-05,0.00460338177537485
5.8,60.79,34.78,62.19,60.44,34.125,61.985,0.6874991786563465,0.385166119898896,0.435199753436074,30.500123563672435,41.0,0.0,0.0
5.9,60.79,34.78,62.19,60.61,34.77,61.115,1.0898297620306552,0.610568730264444,0.417432022900453,29.458490218467258,41.0,7.707788276636606e-07,0.002424486888950087
5.10,60.79,34.78,62.19,60.07,34.88,64.445,0.9288975286809318,0.520407686230273,0.992238737181193,19.87717848096906,27.0,0.0,0.0
5.11,60.79,34.78,62.19,61.19,34.185,58.675,1.036185684247414,0.580515048732973,1.15564997160803,18.08143395079963,30.0,0.0,0.0
5.12,60.79,34.78,62.19,60.795,34.36,59.31,1.0630077231390345,0.595541889498709,0.9184925936398,19.591058517887554,35.0,8.6890336373283e-07,3.24974436026798e-05
5.13,60.79,34.78,62.19,60.535,34.73,59.2,1.1702958787055167,0.655649252561651,1.10390099539957,17.5033968367709,34.0,0.0,0.0
5.14,60.79,34.78,62.19,60.67,33.96,60.145,0.9288975286809318,0.520407686230273,0.563456121177026,21.843062577248773,35.0,0.0004188173725200032,0.04877722320572621
5.15,60.79,34.78,62.19,60.535,33.945,59.405,0.7411432564395877,0.415219800870125,0.819454025612766,16.92297855984674,32.0,0.0002682569216285242,0.009967683174644274
5.16,60.79,34.78,62.19,61.19,33.705,59.725,0.7947873342228289,0.445273482401596,0.750930260468602,17.20959139814876,31.0,0.0003890187376341937,0.02003376482178316
5.17,60.79,34.78,62.19,60.95,34.195,63.37,0.9825416064641728,0.550461367201502,0.690867835928788,22.224324287414813,29.0,0.0,0.0
5.18,60.79,34.78,62.19,61.055,34.015,56.39,1.277584034271999,0.71575661506435,1.92406213599147,5.945957120113235,11.0,0.0009311841379058073,0.02033697287770133
5.19,60.79,34.78,62.19,60.73,34.81,62.95,0.8752534508976906,0.490354004698802,0.267392095688157,21.846846109552732,30.0,1.5159500542903644e-08,0.00012605684758140506
5.20,60.79,34.78,62.19,61.28,33.52,59.97,0.9288975286809318,0.520407686230273,0.747724125805414,16.10826122702354,29.0,0.0,0.0
5.21,60.79,34.78,62.19,60.965,34.585,64.695,1.2507619953803784,0.700729774298615,0.97498503434945,16.408238017993487,21.0,0.0,0.0
5.22,60.79,34.78,62.19,60.665,34.465,63.065,0.9825416064641728,0.550461367201502,0.459624984858513,19.513737602204873,27.0,0.0,0.0
5.23,60.79,34.78,62.19,60.645,34.51,58.105,1.1434738398138964,0.640622411795915,1.42227897267333,8.60823193950144,16.0,0.00037932233530664467,0.011605956128365019
5.24,60.79,34.78,62.19,60.935,34.37,59.195,0.8484314120060701,0.475327163933067,0.971945771592885,11.073476445284255,24.0,0.0,0.0
5.25,60.79,34.78,62.19,60.645,34.345,59.03,0.9288975286809318,0.520407686230273,1.0250323849251,9.396591378377714,22.0,0.0,0.0
5.26,60.79,34.78,62.19,61.425,33.325,63.24,1.2507619953803784,0.700729774298615,1.21064592811082,15.760435885059584,23.0,0.0006305350827706268,0.005433295144243592
5.27,60.79,34.78,62.19,60.825,34.725,60.605,0.7411432564395877,0.415219800870125,0.55870223207128,14.589943523817558,23.0,0.0,0.0
5.28,60.79,34.78,62.19,60.895,34.585,62.28,0.8752534508976906,0.490354004698802,0.15850707077845,16.685838956762343,22.0,1.0052200261753152e-06,0.0006172900119204287
5.29,60.79,34.78,62.19,60.08,35.31,64.355,1.036185684247414,0.580515048732973,0.874478683415297,13.108379977946022,16.0,0.0,0.0
5.30,60.79,34.78,62.19,61.345,33.345,58.25,0.7411432564395877,0.415219800870125,1.19195568971513,5.231421201562042,11.0,1.1917660502589334e-06,0.00012401721941685985
5.31,60.79,34.78,62.19,61.555,33.415,59.12,0.7679652953312082,0.430246641635861,1.06334783497545,5.997454974767516,14.0,0.0,0.0
5.32,60.79,34.78,62.19,60.995,34.235,61.76,0.6338551008731055,0.355112438367425,0.2850552095019,14.02879081680255,18.0,5.99501952470653e-06,0.0008573722263726407
5.33,60.79,34.78,62.19,60.24,34.79,62.595,0.8216093731144494,0.460300323167332,0.500885983699068,13.489116918832272,16.0,0.0,0.0
5.34,60.79,34.78,62.19,60.53,35.14,65.385,0.9557195675725523,0.535434526996009,1.03560195015058,8.567743652510886,13.0,0.0,0.0
5.35,60.79,34.78,62.19,60.15,35.815,63.49,1.1702958787055167,0.655649252561651,0.698396010826094,10.180031705747036,12.0,0.0,0.0
5.36,60.79,34.78,62.19,61.34,32.85,62.165,0.8752534508976906,0.490354004698802,1.15022728697431,9.151806356447011,14.0,0.0,0.0
5.37,60.79,34.78,62.19,60.625,34.515,63.42,0.8484314120060701,0.475327163933067,0.5653951227574,9.634888144747137,12.0,0.0,0.0
5.38,60.79,34.78,62.19,60.22,34.495,63.585,1.0630077231390345,0.595541889498709,0.789585027919324,8.441919150277595,11.0,0.0,0.0
5.39,60.79,34.78,62.19,59.8,34.78,63.64,0.9825416064641728,0.550461367201502,1.01029446601391,7.241815001956707,9.0,0.0,0.0
5.40,60.79,34.78,62.19,60.075,35.135,63.69,0.6070330619814848,0.34008559760169,0.759345477762566,6.150007498506609,8.0,0.0,0.0
5.41,60.79,34.78,62.19,60.72,34.615,62.38,1.036185684247414,0.580515048732973,0.156835112651516,6.385106464194853,9.0,5.0369891975443104e-08,0.00015585418437697883
5.42,60.79,34.78,62.19,60.695,34.725,63.25,1.0630077231390345,0.595541889498709,0.408903722901138,4.738584235533762,7.0,0.0,0.0
5.43,60.79,34.78,62.19,60.31,34.46,62.72,1.1166518009222757,0.62559557103018,0.534961456553741,4.124055758198265,6.0,0.0,0.0
5.44,60.79,34.78,62.19,60.57,34.4,60.725,0.8484314120060701,0.475327163933067,0.463597499076796,3.9139651836555567,6.0,0.0,0.0
5.45,60.79,34.78,62.19,60.995,33.9,61.94,0.6874991786563465,0.385166119898896,0.458387437401413,2.7833525390926823,5.0,0.0,0.0
5.46,60.79,34.78,62.19,60.275,34.82,63.575,1.0093636453557935,0.565488207967238,0.658485624407557,1.0075912305959556,3.0,0.0,0.0
5.47,60.79,34.78,62.19,61.31,33.585,58.935,0.902075489789311,0.505380845464538,1.00319446768438,1.966736335734776,2.0,0.0,0.0
5.48,60.79,34.78,62.19,60.63,34.525,64.07,0.8484314120060701,0.475327163933067,0.781789086866572,0.0,0.0,0.0,0.0
5.49,60.79,34.78,62.19,61.6,32.3,58.185,1.0898297620306552,0.610568730264444,1.35116244444854,0.9267791430334935,1.0,0.0,0.0
5.50,60.79,34.78,62.19,61.225,33.815,59.01,1.036185684247414,0.580515048732973,0.976814679521619,0.0,0.0,0.0,0.0
6.1,63.155,13.505,21.46,62.925,13.675,20.875,0.9288975286809318,0.520407686230273,0.475320800056039,48.39235183687907,49.0,0.0,0.0
6.2,63.155,13.505,21.46,62.88,13.405,20.985,0.9288975286809318,0.520407686230273,0.345008981839325,47.592091955123855,48.0,0.0,0.0
6.3,63.155,13.505,21.46,62.745,13.57,21.21,1.0898297620306552,0.610568730264444,0.390592399028167,46.39895107734678,47.0,0.0,0.0
6.4,63.155,13.505,21.46,63.105,13.935,20.82,0.9825416064641728,0.550461367201502,0.629133563194825,45.09512425989195,46.0,0.0,0.0
6.5,63.155,13.505,21.46,62.89,13.495,21.135,0.7679652953312082,0.430246641635861,0.293834357324074,44.47007343311414,45.0,0.0,0.0
6.6,63.155,13.505,21.46,63.01,12.74,22.255,1.3044060731636198,0.730783455830086,0.943255884965444,40.72351858279338,44.0,0.0,0.0
6.7,63.155,13.505,21.46,63.005,13.385,21.18,0.8216093731144494,0.460300323167332,0.193885716505927,42.64240661373276,43.0,0.0,0.0
6.8,63.155,13.505,21.46,62.925,13.42,21.01,0.9288975286809318,0.520407686230273,0.311493130711274,41.635244067918045,42.0,0.0,0.0
6.9,63.155,13.505,21.46,63.155,13.68,19.965,1.3044060731636198,0.730783455830086,0.983432057804284,37.783805184513795,41.0,0.0,0.0
6.10,63.155,13.505,21.46,63.125,13.315,22.4,0.902075489789311,0.505380845464538,0.6408524422666,37.44291654178488,40.0,0.0,0.0
6.11,63.155,13.505,21.46,63.615,12.785,19.965,1.223939956488758,0.685702933532879,0.89381118756467,35.27652027439627,39.0,0.0,0.0
6.12,63.155,13.505,21.46,62.89,13.72,20.575,1.1166518009222757,0.62559557103018,0.673310606303651,37.084463439035474,38.0,0.0,0.0
6.13,63.155,13.505,21.46,63.475,12.495,19.985,1.223939956488758,0.685702933532879,0.916737370210412,32.69640336231903,37.0,0.0,0.0
6.14,63.155,13.505,21.46,63.18,13.415,20.995,0.49974490641500263,0.279978234538748,0.252236786605093,34.69626006114121,36.0,0.0,0.0
6.15,63.155,13.505,21.46,63.395,13.06,21.38,0.9557195675725523,0.535434526996009,0.393432229741731,34.754169237720056,35.0,0.0,0.0
6.16,63.155,13.505,21.46,63.3,12.93,21.24,0.9825416064641728,0.550461367201502,0.434285549441542,33.73856516795545,34.0,0.0,0.0
6.17,63.155,13.505,21.46,63.22,12.31,20.635,1.1434738398138964,0.640622411795915,0.85917883057924,30.889456215516894,33.0,0.0,0.0
6.18,63.155,13.505,21.46,63.055,12.095,20.44,1.0630077231390345,0.595541889498709,1.02168765888628,28.49804092697956,32.0,0.0,0.0
6.19,63.155,13.505,21.46,63.2,12.595,21.255,0.8484314120060701,0.475327163933067,0.688808003366364,30.402804643804327,31.0,0.0,0.0
6.20,63.155,13.505,21.46,62.825,13.505,21.27,0.8484314120060701,0.475327163933067,0.300856308929364,29.759618243151728,30.0,0.0,0.0
6.21,63.155,13.505,21.46,62.91,13.825,21.465,0.9825416064641728,0.550461367201502,0.326742104888405,28.668490895061954,29.0,0.0,0.0
6.22,63.155,13.505,21.46,62.935,13.365,21.68,0.8216093731144494,0.460300323167332,0.279756282308299,27.664332660826904,28.0,0.0,0.0
6.23,63.155,13.505,21.46,62.64,13.49,21.135,0.8216093731144494,0.460300323167332,0.474566597283288,26.689251403354387,27.0,0.0,0.0
6.24,63.155,13.505,21.46,63.07,13.545,20.8,0.9288975286809318,0.520407686230273,0.419022795887484,25.625744731480413,26.0,0.0,0.0
6.25,63.155,13.505,21.46,62.955,13.675,20.68,1.0630077231390345,0.595541889498709,0.573937108237872,24.466419458232753,25.0,0.0,0.0
6.26,63.155,13.505,21.46,63.0,13.915,21.65,1.0898297620306552,0.610568730264444,0.315779508033989,23.52571975027966,24.0,0.0,0.0
6.27,63.155,13.505,21.46,63.13,12.57,22.19,1.33122811205524,0.745810296595821,1.03227216649563,21.02294905640771,23.0,0.0,0.0
6.28,63.155,13.505,21.46,62.58,13.72,20.6,1.1702958787055167,0.655649252561651,0.788205897771655,21.247289491483713,22.0,0.0,0.0
6.29,63.155,13.505,21.46,63.05,14.07,22.83,1.0630077231390345,0.595541889498709,0.708682990763302,18.18333728509912,21.0,0.0,0.0
6.30,63.155,13.505,21.46,63.065,13.62,20.79,0.8752534508976906,0.490354004698802,0.460758700037076,19.82940520270268,20.0,0.0,0.0
6.31,63.155,13.505,21.46,63.235,13.47,21.245,1.036185684247414,0.580515048732973,0.135282927940123,18.883270224492286,19.0,0.0,0.0
6.32,63.155,13.505,21.46,63.195,13.285,20.245,0.8484314120060701,0.475327163933067,0.666833657736291,17.29070776623682,18.0,0.0,0.0
6.33,63.155,13.505,21.46,63.1,13.65,20.925,0.902075489789311,0.505380845464538,0.393449723758966,16.867186145586974,17.0,0.0,0.0
6.34,63.155,13.505,21.46,63.135,13.65,22.3,0.9557195675725523,0.535434526996009,0.451012742652774,15.156523976335965,16.0,0.0,0.0
6.35,63.155,13.505,21.46,63.11,12.695,21.175,1.0898297620306552,0.610568730264444,0.594601456726648,14.738656175307813,15.0,0.0,0.0
6.36,63.155,13.505,21.46,63.51,12.485,19.74,1.1971179175971374,0.670676093327386,1.0175014354858,11.172506342892575,14.0,0.0,0.0
6.37,63.155,13.505,21.46,62.935,13.565,21.215,0.8752534508976906,0.490354004698802,0.254999784132448,12.969411187861018,13.0,0.0,0.0
6.38,63.155,13.505,21.46,62.95,13.35,20.84,0.660677139764726,0.370139279133161,0.372402110080813,11.884547594808572,12.0,0.0,0.0
6.39,63.155,13.505,21.46,63.115,13.58,21.145,0.8752534508976906,0.490354004698802,0.2263093517239,10.97232106458441,11.0,0.0,0.0
6.40,63.155,13.505,21.46,62.94,13.515,21.38,0.6338551008731055,0.355112438367425,0.188733015219318,9.927247976829076,10.0,0.0,0.0
6.41,63.155,13.505,21.46,63.015,13.945,21.27,0.9557195675725523,0.535434526996009,0.4334237682045,8.949030567877731,9.0,0.0,0.0
6.42,63.155,13.505,21.46,62.84,14.12,21.405,1.0630077231390345,0.595541889498709,0.569736703442597,7.906195218950702,8.0,0.0,0.0
6.43,63.155,13.505,21.46,63.01,13.84,20.615,0.6874991786563465,0.385166119898896,0.691772143545011,6.807508228687995,7.0,0.0,0.0
6.44,63.155,13.505,21.46,63.26,14.17,20.88,1.1166518009222757,0.62559557103018,0.766675371398598,5.867820024523559,6.0,0.0,0.0
6.45,63.155,13.505,21.46,63.12,13.825,21.875,0.6338551008731055,0.355112438367425,0.254771889939032,4.838097763706159,5.0,0.0,0.0
6.46,63.155,13.505,21.46,63.205,13.435,22.19,1.0630077231390345,0.595541889498709,0.4623816161995,3.788447915035947,4.0,0.0,0.0
6.47,63.155,13.505,21.46,63.01,13.08,19.925,1.0898297620306552,0.610568730264444,0.829582749954931,2.343086107073356,3.0,0.0,0.0
6.48,63.155,13.505,21.46,63.15,13.525,22.04,0.8216093731144494,0.460300323167332,0.335562986273759,2.0,2.0,0.0,0.0
6.49,63.155,13.505,21.46,63.44,13.9,21.795,0.8484314120060701,0.475327163933067,0.366369958660885,1.0,1.0,0.0,0.0
6.50,63.155,13.505,21.46,63.33,13.86,22.435,0.9557195675725523,0.535434526996009,0.522587567081236,0.0,0.0,0.0,0.0
7.1,45.64,26.295,-26.63,46.66,25.13,-26.57,1.2507619953803784,0.700729774298615,1.15874763745904,44.4473439165381,49.0,0.005539877551123017,0.21916993582428315
7.2,45.64,26.295,-26.63,46.14,26.355,-27.08,0.902075489789311,0.505380845464538,0.53548483496689,43.43531987406602,48.0,0.05437115370939483,0.6984720621907741
7.3,45.64,26.295,-26.63,45.595,25.145,-25.255,0.8216093731144494,0.460300323167332,0.693726804348742,37.682156626690066,47.0,0.03833987937846854,0.5967940952408802
7.4,45.64,26.295,-26.63,45.58,25.445,-26.655,0.9288975286809318,0.520407686230273,0.470344009808333,40.446513271278754,46.0,0.05560180447404448,0.6586890518799005
7.5,45.64,26.295,-26.63,45.52,26.655,-27.065,0.44610082863176137,0.249924553567519,0.242861958247906,34.77019724335915,45.0,0.07395798962440521,0.5669603503967063
7.6,45.64,26.295,-26.63,45.585,25.36,-25.51,0.8752534508976906,0.490354004698802,0.564542818186996,37.14001230264929,44.0,0.059791449811143906,0.6627285565767147
7.7,45.64,26.295,-26.63,46.835,26.115,-26.63,1.0093636453557935,0.565488207967238,1.15712610667077,40.48353325539071,43.0,0.0061186612447252375,0.21516448808682112
7.8,45.64,26.295,-26.63,46.69,26.385,-25.74,1.1166518009222757,0.62559557103018,1.14183098479466,39.259541410348454,42.0,0.00666042293050994,0.2238931395249746
7.9,45.64,26.295,-26.63,45.865,26.215,-27.31,0.6338551008731055,0.355112438367425,0.461300068513283,34.41669633593342,41.0,0.05734923807787314,0.5480697839029429
7.10,45.64,26.295,-26.63,45.875,26.325,-26.475,0.472922867523382,0.264951394333255,0.245094505303175,33.67867538638227,40.0,0.11878535928534635,0.6829468856675873
7.11,45.64,26.295,-26.63,45.495,26.685,-25.78,1.1702958787055167,0.655649252561651,0.628912477019663,32.744457242551334,39.0,0.042264657962736624,0.5988327565288465
7.12,45.64,26.295,-26.63,47.55,26.775,-26.81,1.0898297620306552,0.610568730264444,1.86547032595917,33.151825507538305,38.0,0.028974813457202778,0.4963132122406392
7.13,45.64,26.295,-26.63,46.565,27.15,-27.125,1.0093636453557935,0.565488207967238,0.969586555359653,31.067448581289806,37.0,0.013175176611005368,0.33509738192919264
7.14,45.64,26.295,-26.63,46.405,25.12,-26.47,1.223939956488758,0.685702933532879,0.944661788273488,32.55713706478331,36.0,0.02514860158230616,0.5521944450131415
7.15,45.64,26.295,-26.63,46.835,26.105,-26.69,0.8752534508976906,0.490354004698802,1.15968604596283,32.5142511772879,35.0,0.007371625205923971,0.21121978551388113
7.16,45.64,26.295,-26.63,47.155,26.1,-26.36,0.9825416064641728,0.550461367201502,1.47112088091304,31.637487816268973,34.0,0.002371723484286759,0.0439732227340941
7.17,45.64,26.295,-26.63,47.665,26.69,-25.54,1.2507619953803784,0.700729774298615,2.10243080601791,27.955988929855383,33.0,0.07358794565153529,0.5912269450701083
7.18,45.64,26.295,-26.63,47.435,25.99,-26.27,0.9825416064641728,0.550461367201502,1.74895714882996,29.222335187221766,32.0,0.018516220604647648,0.31510152889064547
7.19,45.64,26.295,-26.63,46.26,27.225,-27.025,0.660677139764726,0.370139279133161,0.727168932507818,24.608632638860144,31.0,0.026887609355788947,0.46949289911277303
7.20,45.64,26.295,-26.63,47.625,25.91,-25.32,1.223939956488758,0.685702933532879,2.03491395390317,25.700147256973487,30.0,0.05237815939442613,0.5177857079101278
7.21,45.64,26.295,-26.63,46.515,25.1,-26.575,1.2507619953803784,0.700729774298615,1.05275353291597,25.94860960520855,29.0,0.017811873276640793,0.3693522539406352
7.22,45.64,26.295,-26.63,46.535,26.26,-26.11,0.8752534508976906,0.490354004698802,0.907178891878691,25.957773465006344,28.0,0.03447452630533894,0.5857501098597956
7.23,45.64,26.295,-26.63,46.655,26.01,-26.805,0.902075489789311,0.505380845464538,1.00307851847754,24.524865364814502,27.0,0.02362709276331628,0.43986806316215377
7.24,45.64,26.295,-26.63,45.7,25.015,-25.385,0.8484314120060701,0.475327163933067,0.678493693101905,20.563869475107207,26.0,0.06262412281679881,0.6564793953673711
7.25,45.64,26.295,-26.63,45.63,26.425,-28.035,1.2507619953803784,0.700729774298615,0.753489254286855,16.37805750376779,24.0,0.01004946056471151,0.2603740363234569
7.26,45.64,26.295,-26.63,46.97,26.005,-26.28,0.9825416064641728,0.550461367201502,1.29635306709187,22.23269991418675,24.0,0.0034344913033420798,0.07802176028541317
7.27,45.64,26.295,-26.63,45.61,24.865,-25.395,0.8216093731144494,0.460300323167332,0.716177536441131,17.3828272872104,23.0,0.06003264630907387,0.5992542115388833
7.28,45.64,26.295,-26.63,46.11,26.34,-25.305,1.0630077231390345,0.595541889498709,0.883979306990391,19.019899577570296,22.0,0.04086980454040947,0.5081522522276006
7.29,45.64,26.295,-26.63,47.09,25.95,-26.215,0.902075489789311,0.505380845464538,1.41690653736243,19.369765779088517,21.0,0.0022282506450083573,0.018707895235864302
7.30,45.64,26.295,-26.63,46.53,28.195,-27.15,1.3580501509468608,0.760837137361557,1.22393821475721,12.12592508231812,19.0,0.0013033839842587016,0.03496837310970973
7.31,45.64,26.295,-26.63,46.715,25.155,-26.34,1.3044060731636198,0.730783455830086,1.17143520500993,17.103243360621963,19.0,0.013628939100839762,0.20611912606023733
7.32,45.64,26.295,-26.63,46.32,26.495,-26.95,0.7947873342228289,0.445273482401596,0.671032511460562,15.224597920337366,18.0,0.07323613298776638,0.6872176696297939
7.33,45.64,26.295,-26.63,47.015,25.64,-25.55,1.1166518009222757,0.62559557103018,1.42606282090854,15.5319165197186,17.0,0.002340781651859245,0.019168559616957025
7.34,45.64,26.295,-26.63,46.415,27.31,-26.96,0.9825416064641728,0.550461367201502,0.878127192400302,12.269598322475133,16.0,0.038951983763954666,0.3814170314023062
7.35,45.64,26.295,-26.63,47.91,26.65,-25.61,1.3580501509468608,0.760837137361557,2.31355520373228,12.046209150465627,15.0,0.11666729991521159,0.5670902844320013
7.36,45.64,26.295,-26.63,47.35,25.905,-26.165,0.9288975286809318,0.520407686230273,1.67244639747983,12.650947733856798,14.0,0.028794056676688533,0.21744852928547517
7.37,45.64,26.295,-26.63,48.145,25.135,-26.055,1.2507619953803784,0.700729774298615,2.49676249793865,10.167853941222976,13.0,0.16648518347815308,0.619275057321158
7.38,45.64,26.295,-26.63,46.545,26.32,-27.61,1.0898297620306552,0.610568730264444,1.02730758758266,8.963270719440674,12.0,0.00031586899483758353,0.013838347532099428
7.39,45.64,26.295,-26.63,47.09,23.885,-23.53,1.223939956488758,0.685702933532879,2.09990342266562,3.723581726935806,11.0,0.014030697749142637,0.08705096219270156
7.40,45.64,26.295,-26.63,47.63,24.175,-24.77,1.33122811205524,0.745810296595821,2.21121986830734,5.47243619614291,10.0,0.055637117719741606,0.23340862454727165
7.41,45.64,26.295,-26.63,45.93,26.2,-25.285,1.036185684247414,0.580515048732973,0.784672930339672,8.097361527391675,9.0,0.0007249615245501404,0.00728664636745946
7.42,45.64,26.295,-26.63,45.385,26.72,-26.94,0.9288975286809318,0.520407686230273,0.313418362431122,6.659576220110173,8.0,0.09065318911627862,0.46977952749964763
7.43,45.64,26.295,-26.63,47.545,26.285,-26.845,1.1971179175971374,0.670676093327386,1.85192156187912,6.352064690176535,7.0,0.04659870007687306,0.402330134692368
7.44,45.64,26.295,-26.63,47.0,26.27,-26.345,0.8484314120060701,0.475327163933067,1.32289527580216,5.800324453333546,6.0,0.0,0.0
7.45,45.64,26.295,-26.63,46.485,26.155,-25.95,0.902075489789311,0.505380845464538,0.885196897082484,4.82410243593062,5.0,0.0,0.0
7.46,45.64,26.295,-26.63,46.865,26.1,-25.55,1.223939956488758,0.685702933532879,1.30891344805287,3.5840654696650325,4.0,0.0,0.0
7.47,45.64,26.295,-26.63,46.915,25.985,-27.25,1.1971179175971374,0.670676093327386,1.31487168454561,2.3939908304744644,3.0,0.0,0.0
7.48,45.64,26.295,-26.63,45.93,26.54,-26.515,0.3656347119568998,0.204844031270313,0.327915091962295,1.1952683429897735,2.0,0.1230090643130863,0.1739970968354174
7.49,45.64,26.295,-26.63,46.935,24.625,-24.885,1.1971179175971374,0.670676093327386,1.55460544457979,0.6009486142425977,1.0,0.0,0.0
7.50,45.64,26.295,-26.63,47.36,26.34,-27.04,1.2507619953803784,0.700729774298615,1.68038207114538,0.0,0.0,0.0,0.0
8.1,46.855,11.465,-13.315,46.89,11.335,-13.23,1.1873049765392274,0.665178468711653,0.110895138373823,58.81437257675459,59.0,0.0,0.0
8.2,46.855,11.465,-13.315,46.87,11.455,-13.36,0.8104880399154848,0.454069682010866,0.03761380165562,57.996487288300564,58.0,0.0,0.0
8.3,46.855,11.465,-13.315,46.53,11.19,-13.395,0.7476852171448609,0.418884884134028,0.41039974519001,56.97090741043793,57.0,0.0,0.0
8.4,46.855,11.465,-13.315,46.61,11.26,-13.415,0.998896508227356,0.559624075081138,0.318336515630493,55.99961435897026,56.0,0.0,0.0
8.5,46.855,11.465,-13.315,46.77,11.62,-13.085,0.6848823943742373,0.38370008625719,0.252413402032655,54.899728454470385,55.0,0.0,0.0
8.6,46.855,11.465,-13.315,46.895,11.365,-13.25,1.1559035651539156,0.647586069493113,0.0899454400592889,53.906833678402364,54.0,0.0,0.0
8.7,46.855,11.465,-13.315,46.71,11.275,-13.075,1.0616993309979799,0.594808872957977,0.232411516873212,52.99033945558434,53.0,0.0,0.0
8.8,46.855,11.465,-13.315,46.84,11.365,-13.32,0.8104880399154848,0.454069682010866,0.0884354940578063,51.996487288300564,52.0,0.0,0.0
8.9,46.855,11.465,-13.315,47.005,11.49,-13.275,0.7790866285301729,0.436477283352568,0.151636494404473,50.98877593710385,51.0,0.0,0.0
8.10,46.855,11.465,-13.315,46.92,11.205,-13.25,0.6220795716036134,0.348515288940594,0.221403344947799,49.786618288893045,50.0,0.0,0.0
8.11,46.855,11.465,-13.315,46.77,11.415,-13.305,0.9674950968420443,0.54203167642284,0.0922756536468404,49.0,49.0,0.0,0.0
8.12,46.855,11.465,-13.315,46.775,11.42,-13.25,0.9674950968420443,0.54203167642284,0.0909081121136886,48.0,48.0,0.0,0.0
8.13,46.855,11.465,-13.315,46.795,11.525,-13.315,0.7790866285301729,0.436477283352568,0.0777595591203161,46.98877593710385,47.0,0.0,0.0
8.14,46.855,11.465,-13.315,46.835,11.39,-13.265,0.6848823943742373,0.38370008625719,0.0639454585072728,45.91286852945784,46.0,0.0,0.0
8.15,46.855,11.465,-13.315,46.98,11.37,-13.155,0.8732908626861087,0.489254479887704,0.164051254885873,45.0,45.0,0.0,0.0
8.16,46.855,11.465,-13.315,46.98,11.54,-13.35,1.0931007423832917,0.612401271616274,0.135673964600181,43.99143798854382,44.0,0.0,0.0
8.17,46.855,11.465,-13.315,46.95,11.5,-13.35,0.9674950968420443,0.54203167642284,0.0975216464914533,43.0,43.0,0.0,0.0
8.18,46.855,11.465,-13.315,46.75,11.33,-13.345,1.0616993309979799,0.594808872957977,0.161437614128444,41.99742227140665,42.0,0.0,0.0
8.19,46.855,11.465,-13.315,46.85,11.675,-13.32,0.9046922740714205,0.506846878546002,0.177944421714585,41.0,41.0,0.0,0.0
8.20,46.855,11.465,-13.315,46.85,11.455,-13.34,0.9674950968420443,0.54203167642284,0.0221940388612848,40.0,40.0,0.0,0.0
8.21,46.855,11.465,-13.315,47.04,11.51,-13.225,0.9480561278892321,0.531141143760015,0.198659022944147,39.0,39.0,0.0,0.0
8.22,46.855,11.465,-13.315,46.72,11.215,-13.475,0.8560948516893903,0.479620547169061,0.3047472977336,37.99988438930038,38.0,0.0,0.0
8.23,46.855,11.465,-13.315,47.035,11.185,-13.17,0.8560948516893903,0.479620547169061,0.285590881588282,36.99988438930038,37.0,0.0,0.0
8.24,46.855,11.465,-13.315,46.825,11.45,-13.15,0.8560948516893903,0.479620547169061,0.112143726050366,35.99988438930038,36.0,0.0,0.0
8.25,46.855,11.465,-13.315,46.985,11.565,-13.235,0.7641335754895482,0.428099950017864,0.172303898834589,34.98245791595809,35.0,0.0,0.0
8.26,46.855,11.465,-13.315,47.045,11.365,-13.33,1.1626324390221967,0.651355869325657,0.205999058200293,33.945456394244076,34.0,0.0,0.0
8.27,46.855,11.465,-13.315,47.01,11.545,-13.12,1.040017404089074,0.58266174035097,0.227256669268564,32.99914363542963,33.0,0.0,0.0
8.28,46.855,11.465,-13.315,46.83,11.47,-13.345,1.1013249215556353,0.617008805118435,0.0310320235107202,31.98855386754842,32.0,0.0,0.0
8.29,46.855,11.465,-13.315,46.91,11.235,-13.47,0.8867486104226707,0.496794078992551,0.262091018754558,31.0,31.0,0.0,0.0
8.30,46.855,11.465,-13.315,46.77,11.47,-13.37,0.8867486104226707,0.496794078992551,0.0902225940791284,30.0,30.0,0.0,0.0
8.31,46.855,11.465,-13.315,46.715,11.625,-13.3,0.9787098866225127,0.548314676143748,0.195751246690585,29.0,29.0,0.0,0.0
8.32,46.855,11.465,-13.315,46.705,11.315,-13.345,1.0093636453557935,0.565488207967238,0.200690843282948,28.0,28.0,0.0,0.0
8.33,46.855,11.465,-13.315,46.6,11.565,-13.395,1.223939956488758,0.685702933532879,0.261320517447292,26.8500118032092,27.0,0.0,0.0
8.34,46.855,11.465,-13.315,46.74,11.55,-13.34,0.7028260580229869,0.393752885810641,0.131112213344819,25.97499768541564,26.0,0.0,0.0
8.35,46.855,11.465,-13.315,46.615,11.8,-13.51,0.8867486104226707,0.496794078992551,0.354303531837856,25.0,25.0,0.0,0.0
8.36,46.855,11.465,-13.315,46.86,11.56,-13.18,0.9787098866225127,0.548314676143748,0.142985406493581,24.0,24.0,0.0,0.0
8.37,46.855,11.465,-13.315,46.935,11.565,-13.335,0.8254410929561096,0.462447014785328,0.112796349885592,22.999976684873275,23.0,0.0,0.0
8.38,46.855,11.465,-13.315,46.795,11.29,-13.375,0.7334798167562675,0.410926418194374,0.179652007013409,21.986602453066645,22.0,0.0,0.0
8.39,46.855,11.465,-13.315,46.995,11.53,-13.315,0.8560948516893903,0.479620547169061,0.147338349347387,21.0,21.0,0.0,0.0
8.40,46.855,11.465,-13.315,46.78,11.46,-13.4,0.8867486104226707,0.496794078992551,0.0941594194052804,20.0,20.0,0.0,0.0
8.41,46.855,11.465,-13.315,46.765,11.655,-13.48,1.0616993309979799,0.594808872957977,0.182282025652938,18.99742575612182,19.0,0.0,0.0
8.42,46.855,11.465,-13.315,47.07,11.605,-13.26,0.7162838057595491,0.40129248547573,0.250774195103336,17.980548391327517,18.0,0.0,0.0
8.43,46.855,11.465,-13.315,46.9,11.455,-13.24,0.9674950968420443,0.54203167642284,0.0654151875023158,17.0,17.0,0.0,0.0
8.44,46.855,11.465,-13.315,46.83,11.495,-13.335,0.6534809829889254,0.366107687598892,0.0343910695842448,15.948196401473886,16.0,0.0,0.0
8.45,46.855,11.465,-13.315,46.915,11.4,-13.31,0.7162838057595491,0.40129248547573,0.0800135929139431,14.980548391327515,15.0,0.0,0.0
8.46,46.855,11.465,-13.315,46.95,11.575,-13.27,1.1873049765392274,0.665178468711653,0.1429390036648,13.99665447398455,14.0,0.0,0.0
8.47,46.855,11.465,-13.315,46.675,11.305,-13.21,0.9046922740714205,0.506846878546002,0.218031526967713,13.0,13.0,0.0,0.0
8.48,46.855,11.465,-13.315,46.85,11.3,-13.31,0.8418894513007967,0.471662080669164,0.14087402672764,12.0,12.0,0.0,0.0
8.49,46.855,11.465,-13.315,46.9,11.565,-13.45,0.7790866285301729,0.436477283352568,0.109142694558372,10.999614358970263,11.0,0.0,0.0
8.50,46.855,11.465,-13.315,46.745,11.225,-13.5,0.8104880399154848,0.454069682010866,0.298860736864475,10.0,10.0,0.0,0.0
8.51,46.855,11.465,-13.315,46.92,11.44,-13.265,0.9674950968420443,0.54203167642284,0.0713753720942494,9.0,9.0,0.0,0.0
8.52,46.855,11.465,-13.315,46.83,11.595,-13.26,0.8418894513007967,0.471662080669164,0.131679533617355,8.0,8.0,0.0,0.0
8.53,46.855,11.465,-13.315,46.85,11.43,-13.18,0.9046922740714205,0.506846878546002,0.085807945231796,7.0,7.0,0.0,0.0
8.54,46.855,11.465,-13.315,46.92,11.42,-13.445,0.9674950968420443,0.54203167642284,0.125761360994033,6.0,6.0,0.0,0.0
8.55,46.855,11.465,-13.315,46.62,11.34,-13.44,0.998896508227356,0.559624075081138,0.278672021188141,5.0,5.0,0.0,0.0
8.56,46.855,11.465,-13.315,46.715,11.425,-13.295,1.1559035651539156,0.647586069493113,0.139872069210357,4.0,4.0,0.0,0.0
8.57,46.855,11.465,-13.315,46.65,11.335,-13.555,0.8732908626861087,0.489254479887704,0.303818984663041,3.0,3.0,0.0,0.0
8.58,46.855,11.465,-13.315,46.82,11.515,-13.325,0.9674950968420443,0.54203167642284,0.0531704517952637,2.0,2.0,0.0,0.0
8.59,46.855,11.465,-13.315,46.84,11.36,-13.275,1.0302979196126678,0.577216474299679,0.0854741120782812,1.0,1.0,0.0,0.0
8.60,46.855,11.465,-13.315,46.96,11.525,-13.18,0.8104880399154848,0.454069682010866,0.157939353889634,0.0,0.0,0.0,0.0
9.1,35.47,6.815,-44.48,35.485,6.975,-45.02,1.3580501509468608,0.760837137361557,0.139130873904213,58.035835563054185,59.0,0.0022108494622157565,0.09212454714044249
9.2,35.47,6.815,-44.48,35.26,6.75,-44.75,1.223939956488758,0.685702933532879,0.234450070534379,57.67573563782477,58.0,0.0005180844669647368,0.03035289841254648
9.3,35.47,6.815,-44.48,34.785,6.145,-44.785,1.3044060731636198,0.730783455830086,0.816564317563386,55.86510580638934,57.0,0.0,0.0
9.4,35.47,6.815,-44.48,35.45,7.035,-45.145,1.1166518009222757,0.62559557103018,0.16088094598443,55.47826237925376,56.0,0.0017719115415928057,0.07569904359160372
9.5,35.47,6.815,-44.48,35.965,6.43,-44.155,0.8484314120060701,0.475327163933067,0.440778400181859,53.36932533528655,55.0,0.0,0.0
9.6,35.47,6.815,-44.48,33.995,6.935,-43.905,1.2507619953803784,0.700729774298615,1.25244368919109,50.04266978463616,54.0,0.009918757750228208,0.08626577589817325
9.7,35.47,6.815,-44.48,35.38,7.11,-44.9,1.1702958787055167,0.655649252561651,0.117982228143935,52.72430153493839,53.0,0.0025889307406537503,0.1117668086940298
9.8,35.47,6.815,-44.48,35.41,6.92,-44.91,1.0093636453557935,0.565488207967238,0.13140708557256,51.81524946319012,52.0,0.0022866722941980487,0.0993507275657751
9.9,35.47,6.815,-44.48,35.19,7.15,-44.535,1.1166518009222757,0.62559557103018,0.31598392985757,50.797145175058155,51.0,7.029328162571747e-05,0.003753624153794177
9.10,35.47,6.815,-44.48,35.655,7.05,-44.915,0.9825416064641728,0.550461367201502,0.173752803884843,49.693087429925484,50.0,0.001319729791592617,0.06290074630145066
9.11,35.47,6.815,-44.48,35.43,6.855,-44.44,1.1971179175971374,0.670676093327386,0.0552588434073854,48.64498200659149,49.0,0.004530472738720332,0.1683982812850525
9.12,35.47,6.815,-44.48,35.955,6.635,-44.21,1.1702958787055167,0.655649252561651,0.406513791332048,46.88169007090897,48.0,0.0,0.0
9.13,35.47,6.815,-44.48,33.85,6.995,-45.44,1.3580501509468608,0.760837137361557,1.3604019529082,40.21874613076786,47.0,0.029006457328983694,0.17225876705024137
9.14,35.47,6.815,-44.48,34.92,7.195,-44.915,1.0093636453557935,0.565488207967238,0.471656250529573,45.54330836221738,46.0,0.0,0.0
9.15,35.47,6.815,-44.48,35.945,6.885,-44.41,0.6070330619814848,0.34008559760169,0.401857586232807,42.77966163749172,45.0,0.0,0.0
9.16,35.47,6.815,-44.48,35.605,7.07,-44.57,1.0898297620306552,0.610568730264444,0.183973205585157,43.83234624494949,44.0,0.00015203387300237247,0.0071095197514484615
9.17,35.47,6.815,-44.48,35.41,6.955,-44.94,1.1702958787055167,0.655649252561651,0.12649166822869,42.82447354691181,43.0,0.0006165604433900597,0.0273608548439968
9.18,35.47,6.815,-44.48,35.66,6.935,-44.71,1.1434738398138964,0.640622411795915,0.163321211273161,41.801747365434025,42.0,0.00028183953617823965,0.012623143206267699
9.19,35.47,6.815,-44.48,35.26,7.46,-43.79,1.2507619953803784,0.700729774298615,0.757646173217982,40.19934986280551,41.0,0.0,0.0
9.20,35.47,6.815,-44.48,35.34,7.21,-44.975,0.9825416064641728,0.550461367201502,0.167043459809002,39.75717982899534,40.0,0.00028605490430096966,0.011840913434896296
9.21,35.47,6.815,-44.48,36.06,6.39,-44.075,1.1971179175971374,0.670676093327386,0.516729809598429,37.64177500084018,39.0,0.0,0.0
9.22,35.47,6.815,-44.48,35.295,7.635,-46.045,1.3580501509468608,0.760837137361557,0.327874642435196,32.757800131367375,38.0,0.0,0.0
9.23,35.47,6.815,-44.48,35.77,6.61,-44.14,1.0630077231390345,0.595541889498709,0.25726350720421,36.579421417470044,37.0,0.0,0.0
9.24,35.47,6.815,-44.48,35.275,7.34,-43.94,1.0898297620306552,0.610568730264444,0.611945491190824,35.74751316528662,36.0,0.0,0.0
9.25,35.47,6.815,-44.48,34.955,7.48,-45.15,1.1702958787055167,0.655649252561651,0.490202913610778,34.025523429773344,35.0,0.0,0.0
9.26,35.47,6.815,-44.48,35.215,7.11,-44.815,0.9825416064641728,0.550461367201502,0.233641610641851,33.88161340431917,34.0,8.081520248223275e-06,0.00027880898417647124
9.27,35.47,6.815,-44.48,35.49,6.7,-44.315,0.7947873342228289,0.445273482401596,0.0394155060145271,32.62344186717475,33.0,0.0022171672446332723,0.07840466970312862
9.28,35.47,6.815,-44.48,35.1,6.84,-45.15,1.3044060731636198,0.730783455830086,0.407409444392079,31.474589483229924,32.0,0.0,0.0
9.29,35.47,6.815,-44.48,35.95,6.805,-44.535,0.8216093731144494,0.460300323167332,0.399613066451974,30.470852209651124,31.0,0.0,0.0
9.30,35.47,6.815,-44.48,35.19,6.755,-44.365,0.902075489789311,0.505380845464538,0.23233164576808,29.915558386188064,30.0,1.1287914935233005e-05,0.000343666458573039
9.31,35.47,6.815,-44.48,35.735,6.46,-44.165,1.33122811205524,0.745810296595821,0.261934432892497,28.3379884493158,29.0,0.0,0.0
9.32,35.47,6.815,-44.48,35.795,6.63,-43.935,0.9825416064641728,0.550461367201502,0.29920401938006,27.47836637420786,28.0,0.0,0.0
9.33,35.47,6.815,-44.48,35.315,6.865,-44.21,0.9557195675725523,0.535434526996009,0.196115137246095,26.901408648464198,27.0,0.000172883735910954,0.004768299733906163
9.34,35.47,6.815,-44.48,34.495,7.105,-44.305,1.1702958787055167,0.655649252561651,0.847517977954703,25.482669016420072,26.0,0.0,0.0
9.35,35.47,6.815,-44.48,35.47,6.82,-44.045,0.8484314120060701,0.475327163933067,0.190125431530397,24.71333714182909,25.0,0.00021568502547112797,0.005723190166743908
9.36,35.47,6.815,-44.48,35.53,6.54,-44.045,1.0093636453557935,0.565488207967238,0.0995905726055752,23.73160236044608,24.0,0.00161209795811249,0.04037602352539873
9.37,35.47,6.815,-44.48,36.05,6.415,-43.945,0.902075489789311,0.505380845464538,0.498245778036302,22.067045408900434,23.0,0.0,0.0
9.38,35.47,6.815,-44.48,35.26,7.055,-44.89,1.1971179175971374,0.670676093327386,0.190262248962665,21.84984467864962,22.0,0.0002682526123123368,0.005986670494826686
9.39,35.47,6.815,-44.48,36.01,6.435,-44.1,0.7143212175479672,0.400192960664632,0.470364212339018,19.905423307891827,21.0,0.0,0.0
9.40,35.47,6.815,-44.48,35.695,6.715,-44.385,0.7143212175479672,0.400192960664632,0.190403767550108,19.36925420419896,20.0,0.00023044857309791164,0.005210983504858621
9.41,35.47,6.815,-44.48,35.9,6.53,-44.365,1.277584034271999,0.71575661506435,0.390440488157941,18.5279205800493,19.0,0.0,0.0
9.42,35.47,6.815,-44.48,34.83,7.245,-44.625,1.2507619953803784,0.700729774298615,0.583165989629195,17.766765733977646,18.0,0.0,0.0
9.43,35.47,6.815,-44.48,36.095,6.325,-44.055,1.0093636453557935,0.565488207967238,0.556451234326058,16.133275704458953,17.0,0.0,0.0
9.44,35.47,6.815,-44.48,34.72,6.925,-45.715,1.3848721898384815,0.775863978127292,0.767631374858751,14.870570737459582,16.0,0.0,0.0
9.45,35.47,6.815,-44.48,36.075,6.725,-44.385,0.8752534508976906,0.490354004698802,0.503703227581765,14.567598570134754,15.0,0.0,0.0
9.46,35.47,6.815,-44.48,35.17,7.245,-44.815,1.2507619953803784,0.700729774298615,0.309164708935691,13.864692104357998,14.0,0.0,0.0
9.47,35.47,6.815,-44.48,34.335,7.545,-44.675,1.1702958787055167,0.655649252561651,1.03138374712343,12.479722735259225,13.0,0.0,0.0
9.48,35.47,6.815,-44.48,34.665,7.23,-45.24,1.3580501509468608,0.760837137361557,0.677985141486487,11.44251517616487,12.0,0.0,0.0
9.49,35.47,6.815,-44.48,35.23,6.995,-44.03,1.036185684247414,0.580515048732973,0.370659581604525,10.973996839672218,11.0,0.0,0.0
9.50,35.47,6.815,-44.48,34.63,7.16,-43.83,1.1166518009222757,0.62559557103018,0.860194494791295,9.865908567707617,10.0,0.0,0.0
9.51,35.47,6.815,-44.48,33.975,6.56,-44.59,1.3580501509468608,0.760837137361557,1.24555576416962,8.313459325356572,9.0,0.015416154589935695,0.04624042528291258
9.52,35.47,6.815,-44.48,35.495,6.57,-44.25,0.7143212175479672,0.400192960664632,0.0972506582717581,7.935079467650282,8.0,0.0,0.0
9.53,35.47,6.815,-44.48,35.39,6.83,-44.3,0.9557195675725523,0.535434526996009,0.109168278436797,7.0,7.0,0.0,0.0
9.54,35.47,6.815,-44.48,34.8,6.96,-44.49,1.1702958787055167,0.655649252561651,0.560816909741955,5.937571228839982,6.0,0.0,0.0
9.55,35.47,6.815,-44.48,35.285,6.84,-44.635,1.1166518009222757,0.62559557103018,0.161221632751221,4.990543504666389,5.0,0.0,0.0
9.56,35.47,6.815,-44.48,36.13,6.405,-43.785,0.9557195675725523,0.535434526996009,0.564457376510136,3.9251957595560087,4.0,0.0,0.0
9.57,35.47,6.815,-44.48,35.02,6.72,-45.02,1.3044060731636198,0.730783455830086,0.47196284238987,2.9492236554743982,3.0,0.0,0.0
9.58,35.47,6.815,-44.48,35.96,6.465,-44.145,0.7679652953312082,0.430246641635861,0.428392337867135,2.0,2.0,0.0,0.0
9.59,35.47,6.815,-44.48,35.795,6.57,-44.055,0.9825416064641728,0.550461367201502,0.28135578133481,1.0,1.0,0.0,0.0
9.60,35.47,6.815,-44.48,35.38,6.96,-44.76,1.036185684247414,0.580515048732973,0.0913522357694813,0.0,0.0,0.0,0.0
10.1,36.405,5.805,-31.82,36.715,5.945,-31.665,1.1702958787055167,0.655649252561651,0.318473192026057,58.42163266756847,59.0,0.0,0.0
10.2,36.405,5.805,-31.82,36.17,6.17,-31.985,0.8484314120060701,0.475327163933067,0.2907506915645,57.8494514938056,58.0,0.0,0.0
10.3,36.405,5.805,-31.82,36.73,5.935,-31.58,0.7411432564395877,0.415219800870125,0.350137536152937,56.85391523123862,57.0,0.0,0.0
10.4,36.405,5.805,-31.82,36.555,5.865,-31.94,0.5533889841982438,0.310031916070219,0.13038191696506,55.37283671605562,56.0,0.0,0.0
10.5,36.405,5.805,-31.82,36.225,6.02,-31.895,0.8752534508976906,0.490354004698802,0.202285929220321,54.91184654723937,55.0,0.0,0.0
10.6,36.405,5.805,-31.82,37.005,5.71,-31.67,1.1166518009222757,0.62559557103018,0.506425548314033,53.69364824591005,54.0,0.0,0.0
10.7,36.405,5.805,-31.82,36.725,6.17,-32.085,0.8216093731144494,0.460300323167332,0.323493613941449,52.916386311751474,53.0,0.0,0.0
10.8,36.405,5.805,-31.82,36.17,5.97,-31.78,0.660677139764726,0.370139279133161,0.245205102771248,51.69051030344401,52.0,0.0,0.0
10.9,36.405,5.805,-31.82,36.37,5.865,-32.27,0.7679652953312082,0.430246641635861,0.200646550206869,50.825256739279666,51.0,0.0,0.0
10.10,36.405,5.805,-31.82,36.49,6.095,-32.23,1.0093636453557935,0.565488207967238,0.141009644235026,49.84069054437028,50.0,0.0,0.0
10.11,36.405,5.805,-31.82,36.595,6.015,-32.045,1.036185684247414,0.580515048732973,0.182334082720846,48.8562393036035,49.0,0.0,0.0
10.12,36.405,5.805,-31.82,36.14,5.83,-31.965,0.8752534508976906,0.490354004698802,0.229802642406025,47.90569712964391,48.0,0.0,0.0
10.13,36.405,5.805,-31.82,36.31,5.95,-31.545,0.8752534508976906,0.490354004698802,0.261019047394334,46.937802767853576,47.0,0.0,0.0
10.14,36.405,5.805,-31.82,36.36,6.095,-31.695,0.8484314120060701,0.475327163933067,0.286239816747197,45.92361232922724,46.0,0.0,0.0
10.15,36.405,5.805,-31.82,36.415,6.025,-31.69,0.8216093731144494,0.460300323167332,0.23241722733532,44.924229311078626,45.0,0.0,0.0
10.16,36.405,5.805,-31.82,36.975,5.165,-32.275,1.3848721898384815,0.775863978127292,0.855500735111321,41.27550933238527,44.0,0.0,0.0
10.17,36.405,5.805,-31.82,36.995,5.8,-31.89,0.8484314120060701,0.475327163933067,0.497803227517091,42.984552973258715,43.0,0.0,0.0
10.18,36.405,5.805,-31.82,36.82,5.73,-31.735,0.7947873342228289,0.445273482401596,0.350015508611499,41.972908639537806,42.0,0.0,0.0
10.19,36.405,5.805,-31.82,36.77,5.6,-31.555,0.7143212175479672,0.400192960664632,0.318177162811598,40.917877286934655,41.0,0.0,0.0
10.20,36.405,5.805,-31.82,36.54,5.98,-32.255,0.7411432564395877,0.415219800870125,0.175899336444393,39.89636638573802,40.0,0.0,0.0
10.21,36.405,5.805,-31.82,36.85,5.625,-31.46,1.036185684247414,0.580515048732973,0.387953677196431,38.85430725314121,39.0,0.0,0.0
10.22,36.405,5.805,-31.82,36.65,5.93,-31.67,0.9288975286809318,0.520407686230273,0.266598805853871,37.96657061939025,38.0,0.0,0.0
10.23,36.405,5.805,-31.82,36.655,5.915,-31.85,0.7947873342228289,0.445273482401596,0.221965803427559,36.974523481371094,37.0,0.0,0.0
10.24,36.405,5.805,-31.82,36.675,5.905,-31.775,0.902075489789311,0.505380845464538,0.247144071794437,35.98065109943326,36.0,0.0,0.0
10.25,36.405,5.805,-31.82,36.91,5.825,-31.48,0.902075489789311,0.505380845464538,0.466406232387524,34.95736473932881,35.0,0.0,0.0
10.26,36.405,5.805,-31.82,36.66,5.755,-31.51,0.8216093731144494,0.460300323167332,0.25171788513277,33.97218675873398,34.0,0.0,0.0
10.27,36.405,5.805,-31.82,36.69,5.885,-31.745,0.9288975286809318,0.520407686230273,0.258513498015991,32.96965318977293,33.0,0.0,0.0
10.28,36.405,5.805,-31.82,36.605,5.77,-31.66,0.6070330619814848,0.34008559760169,0.179242557184274,31.790432254352222,32.0,0.0,0.0
10.29,36.405,5.805,-31.82,36.64,5.87,-31.63,0.6874991786563465,0.385166119898896,0.245217517622865,30.896279580836264,31.0,0.0,0.0
10.30,36.405,5.805,-31.82,36.7,5.915,-31.8,0.6874991786563465,0.385166119898896,0.26506811565534,29.900324874810025,30.0,0.0,0.0
10.31,36.405,5.805,-31.82,36.275,5.97,-31.63,1.0630077231390345,0.595541889498709,0.245570427192474,28.821705027670927,29.0,0.0,0.0
10.32,36.405,5.805,-31.82,36.24,5.765,-31.4,0.9557195675725523,0.535434526996009,0.240285192739789,27.935092706190126,28.0,0.0,0.0
10.33,36.405,5.805,-31.82,36.27,6.02,-31.945,0.7679652953312082,0.430246641635861,0.162203920990029,26.91792253550338,27.0,0.0,0.0
10.34,36.405,5.805,-31.82,36.785,5.81,-31.56,0.8484314120060701,0.475327163933067,0.348804637455634,25.97494194883265,26.0,0.0,0.0
10.35,36.405,5.805,-31.82,36.245,5.465,-32.72,1.3044060731636198,0.730783455830086,0.717768523339018,23.557977434310224,25.0,0.0,0.0
10.36,36.405,5.805,-31.82,36.31,6.03,-31.945,0.9557195675725523,0.535434526996009,0.147135195292761,23.915600201779153,24.0,0.0,0.0
10.37,36.405,5.805,-31.82,36.465,5.77,-31.45,0.5265669453066231,0.295005075304484,0.180452590136517,22.823787240631425,23.0,0.0,0.0
10.38,36.405,5.805,-31.82,36.42,6.195,-32.04,0.902075489789311,0.505380845464538,0.213286229245692,21.929366288667275,22.0,0.0,0.0
10.39,36.405,5.805,-31.82,36.635,6.025,-31.94,0.8216093731144494,0.460300323167332,0.228205849469224,20.990666526759345,21.0,0.0,0.0
10.40,36.405,5.805,-31.82,36.75,5.78,-31.765,0.44610082863176137,0.249924553567519,0.290125546330125,19.63312720718525,20.0,0.0,0.0
10.41,36.405,5.805,-31.82,36.575,5.955,-31.44,1.1702958787055167,0.655649252561651,0.33831164905923,18.82889473904411,19.0,0.0,0.0
10.42,36.405,5.805,-31.82,36.56,6.035,-31.98,0.8752534508976906,0.490354004698802,0.174166428049353,17.98089081555523,18.0,0.0,0.0
10.43,36.405,5.805,-31.82,36.81,5.99,-32.055,0.8216093731144494,0.460300323167332,0.348607129600454,16.9930135472934,17.0,0.0,0.0
10.44,36.405,5.805,-31.82,36.805,5.635,-31.815,0.7143212175479672,0.400192960664632,0.360247451285775,15.990389374028227,16.0,0.0,0.0
10.45,36.405,5.805,-31.82,36.76,5.915,-32.15,0.8216093731144494,0.460300323167332,0.318079810784436,14.987383469079184,15.0,0.0,0.0
10.46,36.405,5.805,-31.82,36.825,5.8,-31.21,0.7679652953312082,0.430246641635861,0.476567215427955,13.993208280125543,14.0,0.0,0.0
10.47,36.405,5.805,-31.82,36.515,5.865,-31.575,0.9288975286809318,0.520407686230273,0.194252183131272,12.990310024873919,13.0,0.0,0.0
10.48,36.405,5.805,-31.82,36.34,5.535,-32.27,0.8752534508976906,0.490354004698802,0.431011095246231,11.939363343722476,12.0,0.0,0.0
10.49,36.405,5.805,-31.82,37.285,5.355,-31.13,0.7411432564395877,0.415219800870125,0.768088673130246,10.942546235771507,11.0,0.0,0.0
10.50,36.405,5.805,-31.82,37.345,5.485,-31.25,0.9288975286809318,0.520407686230273,0.808592934592493,9.957959937060089,10.0,0.0,0.0
10.51,36.405,5.805,-31.82,36.2,5.95,-31.98,1.1702958787055167,0.655649252561651,0.181951772696521,8.843256069832027,9.0,0.0,0.0
10.52,36.405,5.805,-31.82,36.34,5.965,-31.57,0.8752534508976906,0.490354004698802,0.252845032858402,7.997983460583176,8.0,0.0,0.0
10.53,36.405,5.805,-31.82,36.645,5.97,-31.51,0.7411432564395877,0.415219800870125,0.346114083474186,7.0,7.0,0.0,0.0
10.54,36.405,5.805,-31.82,36.825,5.815,-31.555,0.6338551008731055,0.355112438367425,0.382131027160058,6.0,6.0,0.0,0.0
10.55,36.405,5.805,-31.82,36.87,5.925,-32.125,0.902075489789311,0.505380845464538,0.402219326006154,4.994892060878822,5.0,0.0,0.0
10.56,36.405,5.805,-31.82,37.03,5.59,-31.29,0.9557195675725523,0.535434526996009,0.551012631843794,3.9844754000313896,4.0,0.0,0.0
10.57,36.405,5.805,-31.82,36.85,5.69,-31.465,0.472922867523382,0.264951394333255,0.393160066878276,2.9844754000313896,3.0,0.0,0.0
10.58,36.405,5.805,-31.82,36.5,5.855,-32.005,0.7679652953312082,0.430246641635861,0.104557569835246,2.0,2.0,0.0,0.0
10.59,36.405,5.805,-31.82,36.92,5.84,-31.555,0.7679652953312082,0.430246641635861,0.462873271491237,1.0,1.0,0.0,0.0
10.60,36.405,5.805,-31.82,36.565,5.85,-31.66,0.9557195675725523,0.535434526996009,0.177177448452841,0.0,0.0,0.0,0.0
11.1,85.83,-9.91,69.905,84.845,-9.63,73.195,0.9787098866225129,0.548314676143748,1.07808254228353,29.75561869553636,43.0,0.0,0.0
11.2,85.83,-9.91,69.905,85.575,-9.335,66.885,1.0706711628223546,0.599835272734702,0.770661080168592,14.94570255762251,35.0,0.0,0.0
11.3,85.83,-9.91,69.905,85.005,-9.69,69.95,0.7334798167562675,0.410926418194374,0.555491461233119,39.18554917824129,47.0,8.674694651716908e-06,0.003345441876358538
11.4,85.83,-9.91,69.905,85.465,-9.45,70.93,0.8867486104226707,0.496794078992551,0.475124449955458,39.304841378053624,46.0,0.00024205685493333893,0.02878484495839742
11.5,85.83,-9.91,69.905,85.585,-9.775,68.52,0.8867486104226707,0.496794078992551,0.37321908705772,26.394443221544204,43.0,0.0,0.0
11.6,85.83,-9.91,69.905,83.775,-9.695,73.835,1.3159012326886,0.737223530684076,1.6837978919828,19.123099897315416,35.0,0.006775055001430844,0.0670206596324814
11.7,85.83,-9.91,69.905,85.62,-9.755,67.535,0.7947873342228289,0.445273482401596,0.599754483841411,17.009627473308537,36.0,0.0,0.0
11.8,85.83,-9.91,69.905,85.375,-9.485,67.395,0.9480561278892321,0.531141143760015,0.686744201558385,15.088566755630243,32.0,0.0,0.0
11.9,85.83,-9.91,69.905,85.095,-9.47,68.215,1.0706711628223546,0.599835272734702,0.648650910140237,20.807771364617153,38.0,0.0,0.0
11.10,85.83,-9.91,69.905,85.215,-9.335,68.225,1.0093636453557935,0.565488207967238,0.614549714440504,19.81080121831644,37.0,0.0,0.0
11.11,85.83,-9.91,69.905,84.805,-10.01,69.655,1.1932861977554774,0.668529401709389,0.678635106523476,30.51972819027763,39.0,0.0,0.0
11.12,85.83,-9.91,69.905,85.35,-9.94,71.635,0.8560948516893903,0.479620547169061,0.528202283947461,33.53271441175569,38.0,0.0,0.0
11.13,85.83,-9.91,69.905,85.225,-9.76,72.875,1.131978680288916,0.634182336941925,0.855128278807669,27.49595884948929,37.0,0.0,0.0
11.14,85.83,-9.91,69.905,85.58,-9.65,69.03,0.8560948516893903,0.479620547169061,0.282734174704835,24.19150285899482,35.0,0.0,0.0
11.15,85.83,-9.91,69.905,85.175,-10.025,70.45,0.9480561278892321,0.531141143760015,0.449133057415612,30.888806813593185,35.0,0.0,0.0
11.16,85.83,-9.91,69.905,85.09,-9.57,71.155,0.8867486104226707,0.496794078992551,0.632632150965401,30.71695403888982,34.0,0.0,0.0
11.17,85.83,-9.91,69.905,85.205,-9.725,69.845,0.7028260580229869,0.393752885810641,0.421612518856682,26.89109788914456,33.0,0.0,0.0
11.18,85.83,-9.91,69.905,85.3,-9.535,68.14,1.0093636453557935,0.565488207967238,0.560996925135587,13.738479038202376,29.0,0.0,0.0
11.19,85.83,-9.91,69.905,85.295,-9.435,71.07,0.9174023691559514,0.513967611376283,0.566200934508643,28.209700703815482,31.0,0.0,0.0
11.20,85.83,-9.91,69.905,85.6,-10.13,70.445,0.7028260580229869,0.393752885810641,0.217699323807903,25.62096678930495,30.0,8.524943391761337e-10,1.7128451081362786e-07
11.21,85.83,-9.91,69.905,84.81,-9.055,68.135,0.998896508227356,0.559624075081138,0.88051267021669,10.961340333581369,26.0,0.0,0.0
11.22,85.83,-9.91,69.905,85.395,-9.81,69.435,0.8732908626861092,0.489254479887704,0.307304421416737,19.45706815189896,28.0,0.0,0.0
11.23,85.83,-9.91,69.905,85.325,-9.58,71.78,0.7162838057595486,0.40129248547573,0.636749362470273,24.591893162760215,27.0,0.0,0.0
11.24,85.83,-9.91,69.905,85.57,-9.695,71.33,0.7162838057595491,0.40129248547573,0.437981866816525,23.70645399837459,26.0,0.0,0.0
11.25,85.83,-9.91,69.905,85.115,-9.295,68.605,0.8104880399154848,0.454069682010866,0.625087588213734,11.640503456721593,24.0,0.0,0.0
11.26,85.83,-9.91,69.905,85.02,-9.4,71.52,1.0302979196126678,0.577216474299679,0.765854172326727,22.274461191695227,24.0,0.0,0.0
11.27,85.83,-9.91,69.905,85.48,-9.64,69.35,1.0616993309979799,0.594808872957977,0.290230952314507,14.47186951091235,22.0,0.0,0.0
11.28,85.83,-9.91,69.905,84.88,-9.265,73.37,0.9360936854567323,0.5244392772043,1.18459292620292,17.375806313438915,21.0,3.999621413805073e-05,0.0017829239488945658
11.29,85.83,-9.91,69.905,84.86,-9.28,71.48,0.998896508227356,0.559624075081138,0.870690327951347,19.478067237691576,21.0,0.0,0.0
11.30,85.83,-9.91,69.905,85.34,-9.28,72.44,0.998896508227356,0.559624075081138,0.858507310603151,17.808723108462644,20.0,0.0,0.0
11.31,85.83,-9.91,69.905,85.425,-9.49,71.855,0.9557195675725523,0.535434526996009,0.648193900702667,17.46103853130956,19.0,0.0,0.0
11.32,85.83,-9.91,69.905,85.435,-9.515,71.29,0.7947873342228289,0.445273482401596,0.525366845126231,16.47122358181379,18.0,0.0,0.0
11.33,85.83,-9.91,69.905,84.395,-9.875,70.975,0.9879060142424969,0.553466735466698,0.9810963316598,14.91147472805813,17.0,0.0,0.0
11.34,85.83,-9.91,69.905,85.095,-10.14,72.455,1.2132111409321098,0.67969219756273,0.77552939856345,13.76076906982376,16.0,0.0,0.0
11.35,85.83,-9.91,69.905,85.635,-9.79,72.2,0.9879060142424969,0.553466735466698,0.602468450922005,13.157363358854301,15.0,0.0,0.0
11.36,85.83,-9.91,69.905,85.235,-9.58,74.38,0.9557195675725523,0.535434526996009,1.21851884386146,7.21852013163097,13.0,1.7626273289817544e-05,0.0013040697047597965
11.37,85.83,-9.91,69.905,85.235,-9.69,72.85,0.8591602275627183,0.481337900463458,0.860319072555266,10.301351849215534,13.0,0.0,0.0
11.38,85.83,-9.91,69.905,85.155,-9.38,72.75,1.0522789075823862,0.58953115352856,0.940867005614205,9.477097227427443,12.0,0.0,0.0
11.39,85.83,-9.91,69.905,85.38,-9.69,71.595,0.9879060142424969,0.553466735466698,0.552582038350986,9.98289908101177,11.0,0.0,0.0
11.40,85.83,-9.91,69.905,85.39,-9.845,71.18,0.8269737808927735,0.463305691432527,0.436763468783525,9.12721761263192,10.0,0.0,0.0
11.41,85.83,-9.91,69.905,85.055,-9.6,72.39,1.0302979196126678,0.577216474299679,0.849093416221745,7.134546037555067,9.0,0.0,0.0
11.42,85.83,-9.91,69.905,84.875,-9.26,70.825,0.998896508227356,0.559624075081138,0.79118829290659,7.209997086288487,8.0,0.0,0.0
11.43,85.83,-9.91,69.905,85.47,-9.545,69.905,0.998896508227356,0.559624075081138,0.314565969022823,5.548686518772845,7.0,0.0,0.0
11.44,85.83,-9.91,69.905,85.33,-9.795,73.32,1.1559035651539156,0.647586069493113,0.918374377059188,3.4455845930123834,5.0,0.0,0.0
11.45,85.83,-9.91,69.905,85.705,-9.86,70.3,0.7790866285301729,0.436477283352568,0.13677002768766,4.2714089682778695,5.0,0.0001309831188404369,0.0008882451769544641
11.46,85.83,-9.91,69.905,84.565,-9.415,72.73,0.8418894513007967,0.471662080669164,1.16332370168035,2.3803066148183056,4.0,0.0,0.0
11.47,85.83,-9.91,69.905,85.175,-9.79,69.57,0.8732908626861087,0.489254479887704,0.438607402194703,2.64854008599217,3.0,0.0,0.0
11.48,85.83,-9.91,69.905,84.84,-9.315,71.25,0.6848823943742373,0.38370008625719,0.840501442388305,1.4665897287707117,2.0,0.0,0.0
11.49,85.83,-9.91,69.905,84.92,-9.28,71.885,1.0302979196126678,0.577216474299679,0.902623202433342,0.2091871596066761,1.0,0.0,0.0
11.50,85.83,-9.91,69.905,84.705,-9.31,68.185,0.9360936854567323,0.5244392772043,0.879593024526773,0.0,0.0,0.0,0.0
12.1,85.385,-6.55,47.16,85.61,-6.665,47.375,0.7679652953312086,0.430246641635861,0.173606686670906,55.60886472985052,59.0,0.0001626634858912548,0.04122870755501064
12.2,85.385,-6.55,47.16,85.54,-6.74,48.315,0.8484314120060703,0.475327163933067,0.383448347250221,52.719324483357575,58.0,0.00012007078110993535,0.010878670867495428
12.3,85.385,-6.55,47.16,85.495,-6.905,49.26,1.1434738398138964,0.640622411795915,0.672408849242261,43.07124167375643,57.0,0.0,0.0
12.4,85.385,-6.55,47.16,85.095,-6.3,48.375,0.6874991786563465,0.385166119898896,0.497719942227284,50.788364446802625,56.0,0.0,0.0
12.5,85.385,-6.55,47.16,85.57,-7.475,46.42,1.223939956488758,0.685702933532879,0.721966927992923,43.66532027812166,55.0,0.0,0.0
12.6,85.385,-6.55,47.16,85.36,-6.845,47.77,1.0630077231390345,0.595541889498709,0.247361189599444,50.379823304477355,54.0,0.0002801721988537391,0.039109845618536004
12.7,85.385,-6.55,47.16,85.04,-5.78,48.205,1.0898297620306552,0.610568730264444,0.707932892102884,48.80403158031592,53.0,0.0,0.0
12.8,85.385,-6.55,47.16,85.43,-5.535,44.555,0.8752534508976906,0.490354004698802,0.991106423319415,24.20214182510293,50.0,0.0,0.0
12.9,85.385,-6.55,47.16,84.97,-6.09,47.9,0.6070330619814848,0.34008559760169,0.507171662027418,47.83561231763912,51.0,0.0,0.0
12.10,85.385,-6.55,47.16,85.575,-6.94,48.59,1.0093636453557935,0.565488207967238,0.495369057620183,43.44473388050022,50.0,0.0,0.0
12.11,85.385,-6.55,47.16,85.28,-6.415,46.255,0.9557195675725523,0.535434526996009,0.301115614951066,43.02783439519867,49.0,5.446776197493232e-07,0.0012256163916914637
12.12,85.385,-6.55,47.16,85.24,-6.01,47.935,0.49974490641500263,0.279978234538748,0.489945532607498,43.675275559156475,48.0,0.0,0.0
12.13,85.385,-6.55,47.16,85.51,-6.675,47.55,1.036185684247414,0.580515048732973,0.159006177223699,44.54891118036523,47.0,0.00039904511211550015,0.06055096070911533
12.14,85.385,-6.55,47.16,84.845,-5.545,50.76,1.33122811205524,0.745810296595821,1.48013293576957,17.055679758116245,44.0,0.007346778386850228,0.06307243809391327
12.15,85.385,-6.55,47.16,84.81,-5.875,45.92,0.7411432564395877,0.415219800870125,0.662128720653166,37.431220714366894,45.0,0.0,0.0
12.16,85.385,-6.55,47.16,85.44,-5.88,46.265,0.8216093731144494,0.460300323167332,0.4844934298463,39.088099038048405,44.0,0.0,0.0
12.17,85.385,-6.55,47.16,84.84,-6.67,46.365,0.9557195675725523,0.535434526996009,0.461286821794263,38.35098205774619,43.0,0.0,0.0
12.18,85.385,-6.55,47.16,85.05,-6.525,47.325,1.2507619953803784,0.700729774298615,0.227838287980844,39.98858896424609,42.0,0.0,0.0
12.19,85.385,-6.55,47.16,85.18,-6.945,47.24,0.9825416064641724,0.550461367201502,0.290722840607191,38.96532889226608,41.0,0.0,0.0
12.20,85.385,-6.55,47.16,85.275,-7.52,46.415,1.3044060731636198,0.730783455830086,0.744358830212071,30.783467664724782,40.0,0.0,0.0
12.21,85.385,-6.55,47.16,84.8,-5.58,46.98,1.1434738398138964,0.640622411795915,0.746409948007544,36.76073609225618,39.0,0.0,0.0
12.22,85.385,-6.55,47.16,85.075,-5.775,47.23,1.0093636453557935,0.565488207967238,0.56116237583108,36.79294849198639,38.0,0.0,0.0
12.23,85.385,-6.55,47.16,84.705,-5.86,47.84,0.8216093731144494,0.460300323167332,0.708927258469279,35.66603870534757,37.0,0.0,0.0
12.24,85.385,-6.55,47.16,84.825,-5.45,47.765,0.7679652953312082,0.430246641635861,0.878833995565558,34.33710187254903,36.0,0.0,0.0
12.25,85.385,-6.55,47.16,84.85,-5.7,48.02,0.7143212175479672,0.400192960664632,0.766627856325601,33.130522463259695,35.0,0.0,0.0
12.26,85.385,-6.55,47.16,84.695,-5.95,49.24,1.1702958787055167,0.655649252561651,0.962000556665359,26.726359977944213,34.0,0.0,0.0
12.27,85.385,-6.55,47.16,85.11,-5.77,47.485,0.5802110230898643,0.325058756835955,0.581145422641872,31.22582290919594,33.0,0.0,0.0
12.28,85.385,-6.55,47.16,85.525,-6.125,47.49,0.660677139764726,0.370139279133161,0.336386099379951,30.624929107021373,32.0,0.0,0.0
12.29,85.385,-6.55,47.16,85.45,-6.41,47.775,0.8484314120060701,0.475327163933067,0.242649123404004,29.874148236660965,31.0,0.0,0.0
12.30,85.385,-6.55,47.16,84.915,-5.66,48.875,1.3044060731636198,0.730783455830086,0.941460789046751,24.46624036950129,30.0,0.0,0.0
12.31,85.385,-6.55,47.16,85.09,-5.995,47.15,0.7947873342228289,0.445273482401596,0.417410871879043,28.03893110162605,29.0,0.0,0.0
12.32,85.385,-6.55,47.16,84.965,-5.605,48.45,0.8752534508976906,0.490354004698802,0.868287160062729,25.194364944291014,28.0,0.0,0.0
12.33,85.385,-6.55,47.16,85.025,-6.16,48.005,0.472922867523382,0.264951394333255,0.478632445824211,24.13056994581348,27.0,0.0,0.0
12.34,85.385,-6.55,47.16,84.955,-6.205,48.765,1.1702958787055167,0.655649252561651,0.67304886106426,22.02386013164173,26.0,0.0,0.0
12.35,85.385,-6.55,47.16,85.4,-6.505,47.985,0.7947873342228289,0.445273482401596,0.277389025871213,23.524181424665212,25.0,0.0,0.0
12.36,85.385,-6.55,47.16,85.58,-6.56,48.215,0.7679652953312082,0.430246641635861,0.365404288588816,21.81152536456762,24.0,0.0,0.0
12.37,85.385,-6.55,47.16,84.8,-5.795,46.395,0.7679652953312082,0.430246641635861,0.643653057912259,20.478918768941764,23.0,0.0,0.0
12.38,85.385,-6.55,47.16,85.28,-5.87,45.98,0.9557195675725523,0.535434526996009,0.539175917012569,18.248539173090453,22.0,0.0,0.0
12.39,85.385,-6.55,47.16,85.67,-6.67,46.625,1.1434738398138964,0.640622411795915,0.28011743115327,18.6423256481795,21.0,0.0,0.0
12.40,85.385,-6.55,47.16,85.4,-6.41,48.03,0.9288975286809318,0.520407686230273,0.317112896372333,18.805018146541318,20.0,0.0,0.0
12.41,85.385,-6.55,47.16,85.035,-5.885,46.855,1.1971179175971374,0.670676093327386,0.491887481733187,17.50191256827345,19.0,0.0,0.0
12.42,85.385,-6.55,47.16,85.33,-6.71,47.5,0.7947873342228289,0.445273482401596,0.140827870893222,17.006060364010974,18.0,0.0,0.0
12.43,85.385,-6.55,47.16,84.735,-5.175,47.85,1.3044060731636198,0.730783455830086,1.07684763657985,14.660541446064814,17.0,0.0,0.0
12.44,85.385,-6.55,47.16,85.54,-6.715,46.215,0.7679652953312082,0.430246641635861,0.367855006433477,13.01461814135336,16.0,0.0,0.0
12.45,85.385,-6.55,47.16,84.845,-5.955,49.81,1.223939956488758,0.685702933532879,1.07020440110203,9.28579346308921,15.0,0.0,0.0
12.46,85.385,-6.55,47.16,84.81,-6.445,48.615,1.277584034271999,0.71575661506435,0.620423398371295,11.41361886393004,14.0,0.0,0.0
12.47,85.385,-6.55,47.16,85.49,-6.635,47.695,0.6338551008731055,0.355112438367425,0.185070995734448,12.117024334863464,13.0,0.0,0.0
12.48,85.385,-6.55,47.16,85.685,-6.15,47.59,0.7947873342228289,0.445273482401596,0.380874311570002,11.385321151898662,12.0,0.0,0.0
12.49,85.385,-6.55,47.16,84.64,-5.615,48.485,1.1166518009222757,0.62559557103018,0.95951847900641,8.947355539310971,11.0,0.0,0.0
12.50,85.385,-6.55,47.16,85.235,-6.515,45.91,0.6338551008731055,0.355112438367425,0.421451494642281,8.0524629477667,10.0,0.0,0.0
12.51,85.385,-6.55,47.16,85.705,-5.96,46.665,0.7143212175479672,0.400192960664632,0.446252391604824,8.163831447005856,9.0,0.0,0.0
12.52,85.385,-6.55,47.16,85.315,-6.41,48.135,1.0630077231390345,0.595541889498709,0.352643697546516,7.076331051798446,8.0,0.0,0.0
12.53,85.385,-6.55,47.16,85.4,-6.215,48.815,1.1702958787055167,0.655649252561651,0.622411480903585,5.005868588020482,7.0,0.0,0.0
12.54,85.385,-6.55,47.16,84.995,-6.345,49.355,1.2507619953803784,0.700729774298615,0.791945383271468,3.028283371127756,6.0,0.0,0.0
12.55,85.385,-6.55,47.16,85.01,-6.71,45.975,0.8484314120060701,0.475327163933067,0.494699351572249,4.504245081998242,5.0,0.0,0.0
12.56,85.385,-6.55,47.16,84.775,-5.795,45.615,0.8752534508976906,0.490354004698802,0.756404589805095,3.3660335165294013,4.0,0.0,0.0
12.57,85.385,-6.55,47.16,85.135,-5.83,47.1,0.6874991786563465,0.385166119898896,0.504824719698204,2.8921995300305676,3.0,0.0,0.0
12.58,85.385,-6.55,47.16,85.505,-5.99,45.66,1.1434738398138964,0.640622411795915,0.562123325508754,1.3588052718513925,2.0,0.0,0.0
12.59,85.385,-6.55,47.16,84.8,-5.405,47.3,1.223939956488758,0.685702933532879,0.866587105741186,0.7716613062332003,1.0,0.0,0.0
12.60,85.385,-6.55,47.16,85.35,-6.065,48.605,0.4192787897401409,0.234897712801784,0.622240336552636,0.0,0.0,0.0,0.0
13.1,57.83,-37.285,-0.005,57.275,-36.605,0.025,1.1166518009222757,0.62559557103018,0.56753453942936,48.474227619278395,51.0,0.0,0.0
13.2,57.83,-37.285,-0.005,57.14,-36.3,-0.52,1.1166518009222757,0.62559557103018,0.805124789481441,46.33831735368458,57.0,0.0,0.0
13.3,57.83,-37.285,-0.005,57.745,-37.905,0.265,1.1751726130494478,0.658381405224423,0.298627280558124,44.754220777173714,47.0,0.0,0.0
13.4,57.83,-37.285,-0.005,57.54,-36.865,0.485,1.0581309887951036,0.592809736835936,0.441293095694866,45.477068992166664,47.0,0.0,0.0
13.5,57.83,-37.285,-0.005,58.16,-36.545,-0.505,1.1751726130494478,0.658381405224423,0.522694413995271,43.498153381925434,57.0,0.0,0.0
13.6,57.83,-37.285,-0.005,58.05,-36.92,-0.115,0.6192248978413124,0.346915979818865,0.252366501099273,41.355825239046396,44.0,0.0,0.0
13.7,57.83,-37.285,-0.005,57.3,-36.195,-0.27,0.9410893645407592,0.527238068447448,0.658703360836101,41.687322945884894,52.0,0.0,0.0
13.8,57.83,-37.285,-0.005,57.505,-36.71,0.35,0.7070061160320705,0.39609473111023,0.432776293152608,40.474319877771094,43.0,0.0,0.0
13.9,57.83,-37.285,-0.005,57.08,-37.5,0.565,1.0581309887951036,0.592809736835936,0.779784736860316,39.66496516913498,41.0,0.0,0.0
13.10,57.83,-37.285,-0.005,57.835,-36.04,-1.05,1.321474643367378,0.740345990710033,0.832377557707527,35.54892802857577,52.0,0.0,0.0
13.11,57.83,-37.285,-0.005,57.555,-37.595,-0.395,1.2668552187153508,0.709745879094201,0.372151285459839,37.72155808688495,39.0,0.0,0.0
13.12,57.83,-37.285,-0.005,57.715,-36.83,-0.395,1.0093636453557935,0.565488207967238,0.322703925340441,37.56844835883511,38.0,0.0,0.0
13.13,57.83,-37.285,-0.005,57.75,-36.505,-0.075,0.8377025964494218,0.469316427402676,0.307118439807737,36.22530111297241,49.0,0.0,0.0
13.14,57.83,-37.285,-0.005,58.095,-37.045,0.14,0.751872071996236,0.421230537400516,0.272945438680857,34.75972346188887,36.0,0.0,0.0
13.15,57.83,-37.285,-0.005,57.53,-37.055,0.35,0.7804822468139646,0.437259167587984,0.366419876864813,34.10036349173526,35.0,0.0,0.0
13.16,57.83,-37.285,-0.005,58.185,-37.4,-0.395,1.3526857431685366,0.757831769096361,0.409786413929545,32.25516020596243,34.0,0.0,0.0
13.17,57.83,-37.285,-0.005,58.255,-37.34,0.605,1.2954653935330793,0.725774509281669,0.549001945939774,31.163013123993842,33.0,0.0,0.0
13.18,57.83,-37.285,-0.005,58.16,-37.245,0.055,0.6660415475430501,0.373144647398357,0.301591059117344,30.054294866592883,32.0,0.0,0.0
13.19,57.83,-37.285,-0.005,57.42,-36.985,-0.205,0.6374313727253216,0.357116017210889,0.410751270842061,29.194173904903813,31.0,0.0,0.0
13.20,57.83,-37.285,-0.005,57.295,-36.475,-0.325,1.0665839949912506,0.597545468342172,0.61218697870299,29.345903960762218,38.0,0.0,0.0
13.21,57.83,-37.285,-0.005,57.335,-36.245,-0.4,1.1166518009222757,0.62559557103018,0.652001532627494,27.84707355701969,38.0,0.0,0.0
13.22,57.83,-37.285,-0.005,57.75,-36.675,-0.355,1.262953831240206,0.707560156515789,0.331519161000585,27.280326264815777,40.0,0.0,0.0
13.23,57.83,-37.285,-0.005,57.18,-37.25,0.535,0.7070061160320705,0.39609473111023,0.686880650232144,25.55376241961309,27.0,0.0,0.0
13.24,57.83,-37.285,-0.005,57.155,-37.7,-0.16,0.9410893645407592,0.527238068447448,0.642559814115696,25.037677109438697,26.0,0.0,0.0
13.25,57.83,-37.285,-0.005,57.41,-37.42,0.575,1.2044330191130337,0.674774322321545,0.535657463536877,24.05968344456143,25.0,0.0,0.0
13.26,57.83,-37.285,-0.005,57.25,-36.69,0.61,1.23369342517662,0.691167239418667,0.698715356216356,23.355195983164435,25.0,0.0,0.0
13.27,57.83,-37.285,-0.005,57.175,-37.085,0.19,1.0288705827315174,0.576416819738814,0.614958703831906,22.63994461974086,23.0,0.0,0.0
13.28,57.83,-37.285,-0.005,57.78,-37.74,0.335,0.472922867523382,0.264951394333255,0.279589831021899,17.779954175681024,22.0,0.0,0.0
13.29,57.83,-37.285,-0.005,57.255,-36.205,-0.525,1.1166518009222757,0.62559557103018,0.746777683018132,19.858356712692945,30.0,0.0,0.0
13.30,57.83,-37.285,-0.005,57.795,-35.87,-1.1,1.4092558615581363,0.789524742561641,0.899123520570868,16.569851852130782,32.0,0.0,0.0
13.31,57.83,-37.285,-0.005,57.855,-35.755,-0.075,1.23369342517662,0.691167239418667,0.584683856950539,17.030204356789458,31.0,0.0,0.0
13.32,57.83,-37.285,-0.005,57.65,-37.295,-0.095,1.0873913948586895,0.609202653933058,0.173538891640967,17.683784914426088,18.0,0.00011034010772387857,0.002258949705472051
13.33,57.83,-37.285,-0.005,56.75,-35.46,-0.075,1.262953831240206,0.707560156515789,1.20969962669799,13.678991948153264,22.0,0.0,0.0
13.34,57.83,-37.285,-0.005,57.04,-36.0,-0.495,1.3507350494309645,0.756738907807155,0.928040129710744,14.229098372855026,25.0,0.0,0.0
13.35,57.83,-37.285,-0.005,57.09,-35.52,-0.475,1.2922142373037921,0.723953073612911,1.00267414267968,11.842744392835545,25.0,0.0,0.0
13.36,57.83,-37.285,-0.005,58.18,-36.87,0.445,1.2922142373037921,0.723953073612911,0.457467193241035,13.70126455771301,14.0,0.0,0.0
13.37,57.83,-37.285,-0.005,58.035,-38.05,0.555,1.2922142373037921,0.723953073612911,0.492583146636641,12.766340519200588,13.0,0.0,0.0
13.38,57.83,-37.285,-0.005,57.24,-37.16,0.445,0.7362665220956568,0.412487648207352,0.612525130945718,11.63751082709853,12.0,0.0,0.0
13.39,57.83,-37.285,-0.005,57.61,-37.045,0.35,0.8240477402864149,0.461666399498718,0.316999112580301,10.792243083438539,11.0,0.0,0.0
13.40,57.83,-37.285,-0.005,57.32,-36.59,0.385,1.0288705827315174,0.576416819738814,0.590485555459503,9.772387123302737,11.0,0.0,0.0
13.41,57.83,-37.285,-0.005,57.56,-36.94,1.02,1.4385162676217225,0.805917659658763,0.716337690673536,8.700950997459898,9.0,0.0,0.0
13.42,57.83,-37.285,-0.005,57.325,-37.825,0.115,1.1751726130494478,0.658381405224423,0.50809527843288,7.975741758980457,8.0,0.0,0.0
13.43,57.83,-37.285,-0.005,57.38,-37.725,-0.155,1.1751726130494478,0.658381405224423,0.451819160663087,6.963571905279493,7.0,0.0,0.0
13.44,57.83,-37.285,-0.005,57.355,-38.265,-0.105,1.1459122069858618,0.641988488127302,0.569365201239137,5.872997492446061,6.0,0.0,0.0
13.45,57.83,-37.285,-0.005,57.15,-37.83,0.205,1.3507350494309645,0.756738907807155,0.666370344023125,4.945154861497373,5.0,0.0,0.0
13.46,57.83,-37.285,-0.005,57.575,-37.68,0.21,0.882568552413587,0.494452233692962,0.307392971516367,3.9546624359005023,4.0,0.0,0.0
13.47,57.83,-37.285,-0.005,57.16,-38.335,1.01,1.3507350494309645,0.756738907807155,0.968563156472364,2.7397823016775393,3.0,0.0,0.0
13.48,57.83,-37.285,-0.005,57.455,-37.98,-0.235,1.3799954554945504,0.773131824904277,0.452975830487007,1.9072793182997723,2.0,0.0,0.0
13.49,57.83,-37.285,-0.005,57.505,-36.88,-0.155,0.882568552413587,0.494452233692962,0.346560908002433,1.0,1.0,0.0,0.0
13.50,57.83,-37.285,-0.005,57.275,-36.415,0.395,0.911828958477173,0.510845150790084,0.657013729450048,1.0605461270399122e-06,1.0,0.0,0.0
14.1,56.47,-31.985,0.38,56.45,-32.045,0.19,1.2507619953803784,0.700729774298615,0.131435092319265,48.3434884555612,49.0,0.0,0.0
14.2,56.47,-31.985,0.38,56.41,-30.66,0.36,1.0093636453557935,0.565488207967238,0.562650295970003,44.717809483417426,48.0,0.0,0.0
14.3,56.47,-31.985,0.38,56.635,-31.72,0.37,0.8216093731144494,0.460300323167332,0.188590198821708,46.801875326428274,47.0,0.0,0.0
14.4,56.47,-31.985,0.38,56.365,-32.86,1.18,1.2507619953803784,0.700729774298615,0.643986718486902,43.61350244658575,46.0,0.0,0.0
14.5,56.47,-31.985,0.38,56.21,-30.615,0.755,0.9288975286809318,0.520407686230273,0.680394343944276,41.4028012355918,45.0,0.0,0.0
14.6,56.47,-31.985,0.38,56.515,-32.695,0.63,0.7411432564395877,0.415219800870125,0.33788590176224,43.377310599230555,44.0,0.0,0.0
14.7,56.47,-31.985,0.38,56.41,-31.91,0.59,0.7947873342228289,0.445273482401596,0.155015363107823,42.877994671763176,43.0,0.0,0.0
14.8,56.47,-31.985,0.38,56.195,-32.885,1.34,1.3044060731636198,0.730783455830086,0.774013802937793,38.941921700431074,42.0,0.0,0.0
14.9,56.47,-31.985,0.38,56.63,-32.395,0.63,0.8216093731144494,0.460300323167332,0.279028669452853,40.75386829602347,41.0,0.0,0.0
14.10,56.47,-31.985,0.38,56.145,-32.77,0.44,0.8484314120060701,0.475327163933067,0.444276010110732,39.48676055175428,40.0,0.0,0.0
14.11,56.47,-31.985,0.38,56.47,-31.625,0.15,0.9288975286809318,0.520407686230273,0.214818060174702,38.851308396246566,39.0,0.0,0.0
14.12,56.47,-31.985,0.38,56.67,-31.615,0.27,0.6070330619814848,0.34008559760169,0.251703941111435,37.252609024328315,38.0,0.0,0.0
14.13,56.47,-31.985,0.38,56.425,-32.65,0.6,0.8216093731144494,0.460300323167332,0.312574254066008,36.5916854445135,37.0,0.0,0.0
14.14,56.47,-31.985,0.38,56.39,-31.7,0.21,0.660677139764726,0.370139279133161,0.180140966188856,35.57121082268138,36.0,0.0,0.0
14.15,56.47,-31.985,0.38,56.28,-33.05,0.51,1.1434738398138964,0.640622411795915,0.479344755880959,33.874254623484774,35.0,0.0,0.0
14.16,56.47,-31.985,0.38,56.27,-30.905,0.145,1.036185684247414,0.580515048732973,0.515156952873062,32.74164651365672,34.0,0.0,0.0
14.17,56.47,-31.985,0.38,56.495,-31.815,1.16,1.277584034271999,0.71575661506435,0.529242378922194,32.131246136120296,33.0,0.0,0.0
14.18,56.47,-31.985,0.38,56.395,-32.585,0.33,0.8752534508976906,0.490354004698802,0.260328204254066,31.853611510686484,32.0,0.0,0.0
14.19,56.47,-31.985,0.38,56.495,-31.75,-0.31,0.902075489789311,0.505380845464538,0.47482758226755,30.704347297153767,31.0,0.0,0.0
14.20,56.47,-31.985,0.38,56.62,-31.655,0.855,1.1971179175971374,0.670676093327386,0.376151959016408,29.623279093300617,30.0,0.0,0.0
14.21,56.47,-31.985,0.38,56.38,-32.245,-0.08,1.1166518009222757,0.62559557103018,0.337905346617714,28.865321843522,29.0,0.0,0.0
14.22,56.47,-31.985,0.38,56.705,-32.165,-0.1,0.8484314120060701,0.475327163933067,0.395968043751149,27.89931154355402,28.0,0.0,0.0
14.23,56.47,-31.985,0.38,55.59,-31.825,0.055,0.902075489789311,0.505380845464538,0.851449288489037,26.665813248831554,27.0,0.0,0.0
14.24,56.47,-31.985,0.38,55.785,-31.475,0.17,0.6338551008731055,0.355112438367425,0.686747046873101,25.343487458043217,26.0,0.0,0.0
14.25,56.47,-31.985,0.38,55.94,-31.3,-0.375,0.9825416064641728,0.550461367201502,0.764408951738175,23.984603063970106,25.0,0.0,0.0
14.26,56.47,-31.985,0.38,56.43,-31.435,0.055,1.1702958787055167,0.655649252561651,0.318685676556835,23.609137622874766,24.0,0.0,0.0
14.27,56.47,-31.985,0.38,56.32,-32.825,0.74,0.9288975286809318,0.520407686230273,0.4408307699159,22.638402908552727,23.0,0.0,0.0
14.28,56.47,-31.985,0.38,56.43,-32.69,1.38,1.33122811205524,0.745810296595821,0.721042367544766,20.590373922837333,22.0,0.0,0.0
14.29,56.47,-31.985,0.38,56.25,-32.835,0.9,0.7143212175479672,0.400192960664632,0.529296060866014,20.474078136941298,21.0,0.0,0.0
14.30,56.47,-31.985,0.38,56.425,-31.835,-0.735,1.1166518009222757,0.62559557103018,0.754663232234875,19.535056858978027,20.0,0.0,0.0
14.31,56.47,-31.985,0.38,56.76,-32.4,0.485,1.0898297620306552,0.610568730264444,0.325599354400815,18.911305811838165,19.0,0.0,0.0
14.32,56.47,-31.985,0.38,56.965,-31.165,-0.37,0.902075489789311,0.505380845464538,0.76353158842938,17.27837782620844,18.0,0.0,0.0
14.33,56.47,-31.985,0.38,56.215,-32.81,0.385,0.902075489789311,0.505380845464538,0.414644689857956,16.9093842177991,17.0,0.0,0.0
14.34,56.47,-31.985,0.38,56.245,-32.855,0.61,1.1971179175971374,0.670676093327386,0.440749906551789,15.718181626492266,16.0,0.0,0.0
14.35,56.47,-31.985,0.38,56.3,-32.46,0.425,0.7679652953312082,0.430246641635861,0.253639587551887,14.991192088939519,15.0,0.0,0.0
14.36,56.47,-31.985,0.38,56.57,-32.365,0.555,0.7143212175479672,0.400192960664632,0.21579352211085,13.98269227608949,14.0,0.0,0.0
14.37,56.47,-31.985,0.38,56.88,-32.04,0.9,0.9825416064641728,0.550461367201502,0.514451615240705,12.96928246630257,13.0,0.0,0.0
14.38,56.47,-31.985,0.38,56.835,-31.59,0.05,0.8216093731144494,0.460300323167332,0.435474566018115,11.971100530587877,12.0,0.0,0.0
14.39,56.47,-31.985,0.38,56.77,-32.18,0.045,0.8484314120060701,0.475327163933067,0.366273830397154,10.989616002235405,11.0,0.0,0.0
14.40,56.47,-31.985,0.38,56.785,-31.43,-0.065,1.0630077231390345,0.595541889498709,0.477222871537781,9.904203944528353,10.0,0.0,0.0
14.41,56.47,-31.985,0.38,56.405,-32.52,0.54,1.0898297620306552,0.610568730264444,0.251899517318997,8.952710006812858,9.0,0.0,0.0
14.42,56.47,-31.985,0.38,56.525,-31.56,0.54,1.1434738398138964,0.640622411795915,0.215229259421894,7.913628069769722,8.0,0.0,0.0
14.43,56.47,-31.985,0.38,56.55,-32.385,-0.195,1.0093636453557935,0.565488207967238,0.426753604136187,6.965682155550618,7.0,0.0,0.0
14.44,56.47,-31.985,0.38,56.595,-32.07,0.595,0.9557195675725523,0.535434526996009,0.187664391788828,5.994892060737258,6.0,0.0,0.0
14.45,56.47,-31.985,0.38,56.565,-32.41,1.045,1.1434738398138964,0.640622411795915,0.482327755357851,4.903224940642596,5.0,0.0,0.0
14.46,56.47,-31.985,0.38,56.575,-32.465,-0.17,1.1166518009222757,0.62559557103018,0.430661884219771,3.922661068977589,4.0,0.0,0.0
14.47,56.47,-31.985,0.38,56.65,-31.56,0.16,0.5265669453066231,0.295005075304484,0.28414250826054,2.9445632699763786,3.0,0.0,0.0
14.48,56.47,-31.985,0.38,56.47,-31.785,0.245,0.7679652953312082,0.430246641635861,0.122602095236643,2.0,2.0,0.0,0.0
14.49,56.47,-31.985,0.38,55.655,-31.875,0.605,1.1166518009222757,0.62559557103018,0.775765223232533,0.9903893740282269,1.0,0.0,0.0
14.50,56.47,-31.985,0.38,56.395,-32.31,0.405,0.660677139764726,0.370139279133161,0.152455831490727,0.0,0.0,0.0,0.0
15.1,43.9,57.235,35.55,44.205,57.66,36.12,1.0093636453557935,0.565488207967238,0.358545103992094,47.11011456465394,55.0,0.0,0.0
15.2,43.9,57.235,35.55,44.0,58.705,34.82,1.1702958787055167,0.655649252561651,0.803139318537861,38.01372612725694,53.0,0.0,0.0
15.3,43.9,57.235,35.55,44.39,56.365,35.37,0.472922867523382,0.264951394333255,0.531600858068632,45.2806606588291,53.0,0.0,0.0
15.4,43.9,57.235,35.55,44.15,56.825,33.665,1.1971179175971374,0.670676093327386,0.87914191569182,36.77489031270974,52.0,0.0,0.0
15.5,43.9,57.235,35.55,44.28,55.78,35.095,0.8484314120060701,0.475327163933067,0.555630399020194,41.812625549458794,51.0,0.0,0.0
15.6,43.9,57.235,35.55,44.21,56.51,34.85,1.3044060731636193,0.730783455830086,0.397894725827253,42.16066114928497,50.0,0.0,0.0
15.7,43.9,57.235,35.55,43.935,57.085,36.18,0.7679652953312082,0.430246641635861,0.347524677158448,42.90690845474004,49.0,0.0,0.0
15.8,43.9,57.235,35.55,44.285,55.49,34.885,0.6606771397647256,0.370139279133161,0.61735668893699,36.089474193827776,48.0,0.0,0.0
15.9,43.9,57.235,35.55,44.27,54.655,34.94,0.9020754897893107,0.505380845464538,0.867004982341451,26.7603370637218,46.0,0.0,0.0
15.10,43.9,57.235,35.55,44.085,54.68,35.84,1.0898297620306552,0.610568730264444,1.05485079000348,25.669940450121747,45.0,0.0,0.0
15.11,43.9,57.235,35.55,44.02,58.135,37.48,1.0093636453557935,0.565488207967238,0.7837621082905,29.032678635941345,43.0,0.0,0.0
15.12,43.9,57.235,35.55,44.185,58.0,36.025,1.036185684247414,0.580515048732973,0.346605477468234,37.27623615058255,44.0,0.0,0.0
15.13,43.9,57.235,35.55,44.015,54.985,36.335,1.0630077231390345,0.595541889498709,1.12254870830501,25.65358358570309,43.0,0.0,0.0
15.14,43.9,57.235,35.55,44.145,57.565,36.195,0.9288975286809318,0.520407686230273,0.34462099123009,36.573562103176506,42.0,0.0,0.0
15.15,43.9,57.235,35.55,43.845,57.185,36.615,0.49974490641500263,0.279978234538748,0.535785441370317,33.29344404178022,41.0,0.0,0.0
15.16,43.9,57.235,35.55,44.065,57.545,35.2,0.8752534508976906,0.490354004698802,0.299594116339702,35.36889874777282,40.0,0.0,0.0
15.17,43.9,57.235,35.55,44.07,56.99,35.25,0.6338551008731055,0.355112438367425,0.195826734196212,34.53098433476948,39.0,0.0001210990638958875,0.004813290775900012
15.18,43.9,57.235,35.55,44.1,56.71,34.49,0.7947873342228289,0.445273482401596,0.469257340490063,31.759801854679413,38.0,0.0,0.0
15.19,43.9,57.235,35.55,43.76,59.55,37.375,1.277584034271999,0.71575661506435,0.748271486038597,14.724753738369143,32.0,0.0,0.0
15.20,43.9,57.235,35.55,43.485,58.86,35.83,1.1166518009222757,0.62559557103018,0.636562340105053,25.13623064604145,35.0,0.0,0.0
15.21,43.9,57.235,35.55,44.51,53.615,34.205,1.277584034271999,0.71575661506435,1.20114795880618,9.180096323291815,31.0,0.0,0.0
15.22,43.9,57.235,35.55,44.385,55.485,35.695,1.0898297620306552,0.610568730264444,0.825193202664541,25.838279597691276,34.0,0.0,0.0
15.23,43.9,57.235,35.55,44.04,57.335,34.42,0.9020754897893107,0.505380845464538,0.594043129872144,28.334989711341873,33.0,0.0,0.0
15.24,43.9,57.235,35.55,44.21,57.285,34.68,0.9825416064641728,0.550461367201502,0.526341401723817,28.254033872810304,32.0,0.0,0.0
15.25,43.9,57.235,35.55,44.405,57.33,34.265,0.9557195675725523,0.535434526996009,0.807254000896532,25.54130202541157,31.0,0.0,0.0
15.26,43.9,57.235,35.55,44.26,57.67,34.245,1.0898297620306552,0.610568730264444,0.821243880009428,23.84434215760737,30.0,0.0,0.0
15.27,43.9,57.235,35.55,43.8,58.515,34.9,1.1702958787055167,0.655649252561651,0.707785881993877,21.858591684102272,29.0,0.0,0.0
15.28,43.9,57.235,35.55,44.415,57.755,33.465,1.1166518009222757,0.62559557103018,1.24847924808864,16.936017337016796,28.0,2.7233944735173773e-05,0.0003080720525741998
15.29,43.9,57.235,35.55,44.065,57.89,35.42,0.5802110230898643,0.325058756835955,0.319505923310085,23.258472613903113,27.0,0.0,0.0
15.30,43.9,57.235,35.55,43.855,58.16,34.54,0.8752534508976906,0.490354004698802,0.749368404021284,19.58930009747035,26.0,0.0,0.0
15.31,43.9,57.235,35.55,44.16,58.065,36.41,1.2239399564887576,0.685702933532879,0.408014855090371,20.084417999231086,25.0,0.0,0.0
15.32,43.9,57.235,35.55,43.93,57.395,35.02,0.9288975286809318,0.520407686230273,0.301325631855773,20.99850854300424,24.0,0.0,0.0
15.33,43.9,57.235,35.55,44.085,58.86,37.385,1.1434738398138964,0.640622411795915,0.712193209446809,12.500035322812161,21.0,0.0,0.0
15.34,43.9,57.235,35.55,43.83,58.395,37.185,0.9825416064641728,0.550461367201502,0.62606178308128,14.207695607983714,21.0,0.0,0.0
15.35,43.9,57.235,35.55,43.8,58.7,37.35,0.8752534508976906,0.490354004698802,0.684757708668797,11.358251312419597,19.0,0.0,0.0
15.36,43.9,57.235,35.55,43.96,57.49,35.225,0.8484314120060701,0.475327163933067,0.235486068181742,17.873535222748394,20.0,0.0,0.0
15.37,43.9,57.235,35.55,43.71,58.0,37.035,0.8484314120060701,0.475327163933067,0.615769684449938,13.07554212259489,19.0,0.0,0.0
15.38,43.9,57.235,35.55,44.025,57.465,36.05,0.7143212175479672,0.400192960664632,0.234238032182822,15.422291558129942,18.0,0.0,0.0
15.39,43.9,57.235,35.55,43.89,57.305,35.07,0.7947873342228289,0.445273482401596,0.252745389369951,15.307280062784079,17.0,0.0,0.0
15.40,43.9,57.235,35.55,44.18,57.995,35.87,0.472922867523382,0.264951394333255,0.337380938744209,12.13607100531497,16.0,0.0,0.0
15.41,43.9,57.235,35.55,44.36,55.375,33.1,0.8752534508976906,0.490354004698802,1.05022258098538,8.699532912134691,15.0,0.0,0.0
15.42,43.9,57.235,35.55,43.97,57.06,36.19,0.7947873342228289,0.445273482401596,0.363381510386368,12.563898149555284,14.0,0.0,0.0
15.43,43.9,57.235,35.55,44.51,56.31,35.52,0.7411432564395873,0.415219800870125,0.658206432633012,12.38375439351167,13.0,0.0,0.0
15.44,43.9,57.235,35.55,44.245,56.895,36.105,0.7143212175479672,0.400192960664632,0.485561860597755,10.798010979363376,12.0,0.0,0.0
15.45,43.9,57.235,35.55,43.74,56.705,35.635,0.8752534508976906,0.490354004698802,0.266675670054754,10.194618741996166,11.0,0.0,0.0
15.46,43.9,57.235,35.55,44.385,56.14,35.77,0.7947873342228289,0.445273482401596,0.657090397017,9.299335080655258,10.0,0.0,0.0
15.47,43.9,57.235,35.55,44.15,56.93,35.065,0.8484314120060701,0.475327163933067,0.300922085434071,8.188050004370147,9.0,0.0,0.0
15.48,43.9,57.235,35.55,44.68,56.155,33.76,0.7947873342228289,0.445273482401596,1.02015731363709,5.9652959435824044,8.0,0.0,0.0
15.49,43.9,57.235,35.55,44.055,56.26,32.885,1.2507619953803788,0.700729774298615,1.14742195724144,3.1285703016664543,7.0,0.0,0.0
15.50,43.9,57.235,35.55,44.305,54.875,35.175,0.8484314120060701,0.475327163933067,0.853459372783188,5.089142767130324,6.0,0.0,0.0
15.51,43.9,57.235,35.55,44.15,57.03,34.875,1.0093636453557937,0.565488207967238,0.373515064284694,4.393835757328388,5.0,0.0,0.0
15.52,43.9,57.235,35.55,44.395,55.625,35.705,1.1434738398138964,0.640622411795915,0.790658379756454,3.794845050824857,4.0,0.0,0.0
15.53,43.9,57.235,35.55,44.01,56.96,37.305,1.036185684247414,0.580515048732973,0.931256404809252,2.7648457661391017,3.0,0.0,0.0
15.54,43.9,57.235,35.55,44.23,56.12,36.82,1.0093636453557935,0.565488207967238,0.987301652684137,1.9737395003451659,2.0,0.0,0.0
15.55,43.9,57.235,35.55,44.355,56.665,35.75,0.5802110230898643,0.325058756835955,0.509026478533265,0.9553577649765922,1.0,0.0,0.0
15.56,43.9,57.235,35.55,43.67,55.35,35.855,1.0630077231390345,0.595541889498709,0.824724147997578,0.0,0.0,0.0,0.0
16.1,45.405,37.055,22.165,45.75,37.435,22.28,1.036185684247414,0.580515048732973,0.360216226808256,46.99071940386306,49.0,0.0030926416237510644,0.141468768445266
16.2,45.405,37.055,22.165,45.685,37.17,23.84,1.277584034271999,0.71575661506435,0.994094891368645,40.56066522913769,48.0,0.0,0.0
16.3,45.405,37.055,22.165,45.58,37.22,23.435,1.0093636453557935,0.565488207967238,0.729618389056068,43.5695046709188,47.0,2.2421183053827607e-05,0.0011611683666497973
16.4,45.405,37.055,22.165,45.185,38.015,21.58,1.1166518009222757,0.62559557103018,0.705215716377632,40.97778876121478,46.0,3.3609761413665987e-06,0.0008409991391629217
16.5,45.405,37.055,22.165,45.415,37.615,21.83,0.6874991786563465,0.385166119898896,0.39142718919628,41.91256458342278,45.0,0.0024858627022625135,0.12302768153062747
16.6,45.405,37.055,22.165,45.425,36.36,24.155,1.2507619953803784,0.700729774298615,1.36975128956609,33.37208029219446,44.0,0.004998079124134082,0.052413511519118626
16.7,45.405,37.055,22.165,45.46,36.605,23.625,1.277584034271999,0.71575661506435,0.987173303156019,36.58302651263539,43.0,0.0,0.0
16.8,45.405,37.055,22.165,45.41,36.28,23.785,1.3044060731636198,0.730783455830086,1.18402993293926,33.2781612888772,42.0,3.461845829370741e-06,0.0001575020040968072
16.9,45.405,37.055,22.165,45.595,36.735,22.51,0.5265669453066231,0.295005075304484,0.355816524886481,37.979797092836485,41.0,0.0016160536700112723,0.11939221449855264
16.10,45.405,37.055,22.165,45.36,36.975,22.76,0.472922867523382,0.264951394333255,0.374305207605672,36.787069875783565,40.0,0.0022630146496616164,0.14238161035462746
16.11,45.405,37.055,22.165,45.425,37.475,22.825,1.0898297620306552,0.610568730264444,0.329815841632094,37.152396492693036,39.0,0.006232552827816414,0.24071559057131278
16.12,45.405,37.055,22.165,45.37,38.11,21.43,1.3044060731636198,0.730783455830086,0.786310896004731,32.47690711616943,38.0,0.0,0.0
16.13,45.405,37.055,22.165,45.43,37.52,22.025,0.8752534508976906,0.490354004698802,0.261495197484611,35.39022886434934,37.0,0.007063597957566651,0.2677340483306883
16.14,45.405,37.055,22.165,45.455,37.295,21.785,0.9557195675725523,0.535434526996009,0.299506049179216,34.00340215714305,36.0,0.0055491330265664,0.22238068698401414
16.15,45.405,37.055,22.165,45.64,37.605,21.78,0.8484314120060701,0.475327163933067,0.469582738391991,32.90090356203731,35.0,0.002006753728977893,0.0723484797800974
16.16,45.405,37.055,22.165,45.41,37.665,22.47,0.6070330619814848,0.34008559760169,0.232733448445521,32.03420587506824,34.0,0.007858168663502038,0.2567060491909734
16.17,45.405,37.055,22.165,45.285,39.285,20.54,1.4116942287301018,0.790890818893028,1.68110159989537,14.105741769191399,32.0,0.06432004511396823,0.2701727742976357
16.18,45.405,37.055,22.165,45.075,37.78,22.52,0.7143212175479672,0.400192960664632,0.417579414688634,30.419171300205008,32.0,0.002084521346437017,0.12047733279052573
16.19,45.405,37.055,22.165,45.48,37.05,21.84,0.6338551008731055,0.355112438367425,0.204245669406232,28.97538893143148,31.0,0.0008384441279728842,0.12052708758129692
16.20,45.405,37.055,22.165,45.54,37.245,20.96,1.0630077231390345,0.595541889498709,0.773534322907002,25.252654171514667,30.0,0.0,0.0
16.21,45.405,37.055,22.165,45.16,38.995,22.845,1.2507619953803784,0.700729774298615,0.761817884174061,21.233031323791128,29.0,0.0,0.0
16.22,45.405,37.055,22.165,45.355,37.095,23.35,0.902075489789311,0.505380845464538,0.690098974786193,26.5841123270664,28.0,0.0002171705549632921,0.007069397320775816
16.23,45.405,37.055,22.165,45.15,37.965,23.2,0.8484314120060701,0.475327163933067,0.573092803411365,24.481139874047734,27.0,0.001780864551658133,0.05397739228283808
16.24,45.405,37.055,22.165,45.5,37.045,23.55,1.33122811205524,0.745810296595821,0.822764892016489,22.550832128902858,26.0,0.0,0.0
16.25,45.405,37.055,22.165,45.415,37.215,23.305,0.8752534508976906,0.490354004698802,0.635575608574749,23.640712443630466,25.0,0.0008080127338505588,0.023516140506145245
16.26,45.405,37.055,22.165,45.205,38.06,22.45,1.1702958787055167,0.655649252561651,0.428491902363205,21.65441457636315,24.0,0.0025213370184015583,0.10818764074528882
16.27,45.405,37.055,22.165,45.635,37.385,21.68,1.036185684247414,0.580515048732973,0.443429577420302,21.298336890694294,23.0,0.00029090475030066153,0.03478211522968277
16.28,45.405,37.055,22.165,45.04,37.465,23.54,0.9825416064641728,0.550461367201502,0.804405193739442,19.628194929125282,22.0,0.0,0.0
16.29,45.405,37.055,22.165,45.145,37.815,25.43,1.2507619953803784,0.700729774298615,1.75588836194785,7.029785836341242,21.0,0.04823433856457004,0.14585746830594584
16.30,45.405,37.055,22.165,45.145,38.37,24.175,0.7947873342228289,0.445273482401596,1.01931728943639,12.312053396531095,20.0,0.0,0.0
16.31,45.405,37.055,22.165,45.65,36.33,20.695,1.036185684247414,0.580515048732973,0.794229305319348,16.880107819277256,19.0,0.0,0.0
16.32,45.405,37.055,22.165,45.715,36.795,22.055,0.5533889841982438,0.310031916070219,0.312166548357028,17.74397889156743,18.0,0.0,0.0
16.33,45.405,37.055,22.165,45.565,37.28,21.225,0.9825416064641728,0.550461367201502,0.634405173410697,16.26257148725619,17.0,0.0,0.0
16.34,45.405,37.055,22.165,45.645,36.32,22.465,1.0898297620306552,0.610568730264444,0.507200473123034,15.647988538361052,16.0,0.0,0.0
16.35,45.405,37.055,22.165,45.465,37.145,21.93,0.5533889841982438,0.310031916070219,0.173653751345127,14.780544632126507,15.0,0.0,0.0
16.36,45.405,37.055,22.165,45.555,36.73,22.04,0.5265669453066231,0.295005075304484,0.189090736386138,13.74349246652005,14.0,0.0,0.0
16.37,45.405,37.055,22.165,45.72,37.675,22.02,0.6338551008731055,0.355112438367425,0.44582045982834,12.684475888531953,13.0,0.0,0.0
16.38,45.405,37.055,22.165,45.475,36.36,21.665,0.8216093731144494,0.460300323167332,0.303450023017914,11.61628837551438,12.0,0.0,0.0
16.39,45.405,37.055,22.165,45.5,36.74,21.505,0.7411432564395877,0.415219800870125,0.351178046766243,10.62896510807695,11.0,0.0,0.0
16.40,45.405,37.055,22.165,45.685,36.26,21.505,0.6874991786563465,0.385166119898896,0.452866182682721,9.429114338050326,10.0,0.0,0.0
16.41,45.405,37.055,22.165,45.97,37.3,22.655,1.036185684247414,0.580515048732973,0.595092950548145,8.897980389933444,9.0,0.0,0.0
16.42,45.405,37.055,22.165,45.4,36.58,22.45,0.7143212175479672,0.400192960664632,0.335803944403899,7.908890810493203,8.0,0.0,0.0
16.43,45.405,37.055,22.165,45.73,36.795,22.69,0.6874991786563465,0.385166119898896,0.495174730076575,6.943289479282594,7.0,0.0,0.0
16.44,45.405,37.055,22.165,45.64,36.33,21.805,0.5265669453066231,0.295005075304484,0.358475177959684,5.5789408872059445,6.0,0.0,0.0
16.45,45.405,37.055,22.165,45.315,38.2,23.095,0.6070330619814848,0.34008559760169,0.516629176916675,4.379221436260705,5.0,0.0,0.0
16.46,45.405,37.055,22.165,45.545,36.495,22.885,1.036185684247414,0.580515048732973,0.615313192386728,3.9852814349070496,4.0,0.0,0.0
16.47,45.405,37.055,22.165,45.475,37.345,23.4,1.1971179175971374,0.670676093327386,0.668969867387233,2.741817285175918,3.0,0.0,0.0
16.48,45.405,37.055,22.165,45.63,35.78,22.615,0.7143212175479672,0.400192960664632,0.78660864398708,2.0,2.0,0.0,0.0
16.49,45.405,37.055,22.165,45.745,36.54,22.47,0.6070330619814848,0.34008559760169,0.486518364810768,1.0,1.0,0.0,0.0
16.50,45.405,37.055,22.165,45.505,36.47,22.04,0.5802110230898643,0.325058756835955,0.251201481738092,0.0,0.0,0.0,0.0
17.1,61.905,-0.165,-0.25,61.58,-0.11,-0.24,1.3044060731636198,0.730783455830086,0.290914807844452,48.06014205246806,49.0,0.0,0.0
17.2,61.905,-0.165,-0.25,61.58,-0.125,-0.345,1.036185684247414,0.580515048732973,0.300429439496432,47.96194619055548,48.0,0.0,0.0
17.3,61.905,-0.165,-0.25,61.905,-0.23,-0.115,0.9825416064641728,0.550461367201502,0.165406134888139,46.99052255515012,47.0,0.0,0.0
17.4,61.905,-0.165,-0.25,61.9,-0.275,-0.38,0.9825416064641728,0.550461367201502,0.205897449512694,45.99052255515012,46.0,0.0,0.0
17.5,61.905,-0.165,-0.25,61.35,-0.08,-0.605,1.0898297620306552,0.610568730264444,0.604621641104731,44.84512919555787,45.0,0.0,0.0
17.6,61.905,-0.165,-0.25,61.55,-0.135,0.18,1.1702958787055167,0.655649252561651,0.52734205957022,43.69709071254094,44.0,0.0,0.0
17.7,61.905,-0.165,-0.25,61.995,-0.34,-0.095,0.5533889841982438,0.310031916070219,0.311167571943103,41.18708710886701,43.0,0.0,0.0
17.8,61.905,-0.165,-0.25,62.05,-0.025,-0.465,1.0093636453557935,0.565488207967238,0.322310918681363,41.98944769489893,42.0,0.0,0.0
17.9,61.905,-0.165,-0.25,62.15,0.025,-0.015,0.660677139764726,0.370139279133161,0.422584766732786,40.25409073831878,41.0,0.0,0.0
17.10,61.905,-0.165,-0.25,61.845,-0.21,-0.23,0.5802110230898643,0.325058756835955,0.0865926010344668,38.51625450823608,40.0,0.0,0.0
17.11,61.905,-0.165,-0.25,62.265,-0.1,-0.285,0.8752534508976906,0.490354004698802,0.324382040199291,38.97150252720793,39.0,0.0,0.0
17.12,61.905,-0.165,-0.25,61.935,-0.045,-0.08,0.660677139764726,0.370139279133161,0.246419666442273,37.25409073831877,38.0,0.0,0.0
17.13,61.905,-0.165,-0.25,62.21,-0.15,0.13,0.7411432564395877,0.415219800870125,0.459907361168113,36.69649859918309,37.0,0.0,0.0
17.14,61.905,-0.165,-0.25,62.435,-0.06,-0.265,1.1166518009222757,0.62559557103018,0.478880551737579,35.937833998642375,36.0,0.0,0.0
17.15,61.905,-0.165,-0.25,61.94,-0.26,-0.345,0.9288975286809318,0.520407686230273,0.170665634134801,34.992875521462,35.0,0.0,0.0
17.16,61.905,-0.165,-0.25,62.265,0.29,-0.4,1.3580501509468608,0.760837137361557,0.759287943865976,33.3385715968537,34.0,0.0,0.0
17.17,61.905,-0.165,-0.25,62.155,-0.145,-0.155,0.9288975286809318,0.520407686230273,0.235408986168312,32.99798346058317,33.0,0.0,0.0
17.18,61.905,-0.165,-0.25,61.79,-0.475,-0.2,0.6874991786563465,0.385166119898896,0.469001823318402,31.532541909467348,32.0,0.0,0.0
17.19,61.905,-0.165,-0.25,62.045,0.095,-0.275,1.1702958787055167,0.655649252561651,0.406851168543795,30.887162422806167,31.0,0.0,0.0
17.20,61.905,-0.165,-0.25,61.91,-0.605,-0.335,1.0093636453557935,0.565488207967238,0.647867404416778,29.99086207792271,30.0,0.0,0.0
17.21,61.905,-0.165,-0.25,61.47,-0.145,-0.385,1.1971179175971374,0.670676093327386,0.397947687500579,28.845957498302234,29.0,0.0,0.0
17.22,61.905,-0.165,-0.25,62.08,-0.205,-0.095,1.036185684247414,0.580515048732973,0.222921604134649,27.988036407752688,28.0,0.0,0.0
17.23,61.905,-0.165,-0.25,62.54,-0.19,-0.415,0.9825416064641728,0.550461367201502,0.566683039772962,26.99418771752351,27.0,0.0,0.0
17.24,61.905,-0.165,-0.25,62.435,-0.265,-0.17,0.902075489789311,0.505380845464538,0.482769656164599,25.994123129191703,26.0,0.0,0.0
17.25,61.905,-0.165,-0.25,62.335,0.145,-0.145,0.6338551008731055,0.355112438367425,0.600716397940771,24.26746605877285,25.0,0.0,0.0
17.26,61.905,-0.165,-0.25,61.99,0.085,-0.285,1.2507619953803784,0.700729774298615,0.381601308936981,23.820293835963042,24.0,0.0,0.0
17.27,61.905,-0.165,-0.25,62.22,-0.135,0.1,0.5802110230898643,0.325058756835955,0.442456837878685,21.954294888898072,23.0,0.0,0.0
17.28,61.905,-0.165,-0.25,62.115,0.295,-0.475,1.277584034271999,0.71575661506435,0.741799674487814,21.88709482201077,22.0,0.0,0.0
17.29,61.905,-0.165,-0.25,61.98,0.005,-0.26,0.902075489789311,0.505380845464538,0.261342693584876,20.994892060878822,21.0,0.0,0.0
17.30,61.905,-0.165,-0.25,61.93,-0.45,0.025,0.7411432564395877,0.415219800870125,0.501691998369261,19.832253639165966,20.0,0.0,0.0
17.31,61.905,-0.165,-0.25,62.08,-0.125,-0.16,1.0898297620306552,0.610568730264444,0.183921038932512,18.994892060878822,19.0,0.0,0.0
17.32,61.905,-0.165,-0.25,62.325,0.28,0.27,1.036185684247414,0.580515048732973,0.915444505644386,17.99089048123392,18.0,0.0,0.0
17.33,61.905,-0.165,-0.25,62.01,-0.22,0.36,1.0093636453557935,0.565488207967238,0.617943459567443,16.999901434032303,17.0,0.0,0.0
17.34,61.905,-0.165,-0.25,62.155,-0.235,0.14,0.660677139764726,0.370139279133161,0.455135475241981,15.557118299779837,16.0,0.0,0.0
17.35,61.905,-0.165,-0.25,62.1,-0.095,-0.235,1.1702958787055167,0.655649252561651,0.197099162614029,15.0,15.0,0.0,0.0
17.36,61.905,-0.165,-0.25,62.14,-0.03,-0.385,1.2507619953803784,0.700729774298615,0.31409483354072,13.992875521461997,14.0,0.0,0.0
17.37,61.905,-0.165,-0.25,62.52,0.075,-0.28,0.8216093731144494,0.460300323167332,0.635923842511786,12.962557045503326,13.0,0.0,0.0
17.38,61.905,-0.165,-0.25,62.065,0.32,0.21,1.1702958787055167,0.655649252561651,0.867984668981967,11.999995944054655,12.0,0.0,0.0
17.39,61.905,-0.165,-0.25,61.48,0.035,-0.435,1.223939956488758,0.685702933532879,0.505464790966582,10.999559295479127,11.0,0.0,0.0
17.40,61.905,-0.165,-0.25,62.02,-0.075,-0.355,1.0898297620306552,0.610568730264444,0.196082871429562,10.0,10.0,0.0,0.0
17.41,61.905,-0.165,-0.25,62.24,-0.575,-0.105,1.0630077231390345,0.595541889498709,0.681510363181186,8.99999999804712,9.0,0.0,0.0
17.42,61.905,-0.165,-0.25,61.865,0.03,-0.07,0.8484314120060701,0.475327163933067,0.34273276424218,7.98044232119774,8.0,0.0,0.0
17.43,61.905,-0.165,-0.25,61.445,0.015,-0.235,1.1702958787055167,0.655649252561651,0.477879345871325,7.0,7.0,0.0,0.0
17.44,61.905,-0.165,-0.25,62.095,-0.315,-0.4,1.0898297620306552,0.610568730264444,0.310643466569232,6.0,6.0,0.0,0.0
17.45,61.905,-0.165,-0.25,61.475,-0.07,-0.505,1.1971179175971374,0.670676093327386,0.468710100355611,5.0,5.0,0.0,0.0
17.46,61.905,-0.165,-0.25,61.905,-0.13,-0.495,1.33122811205524,0.745810296595821,0.246793601012476,4.0,4.0,0.0,0.0
17.47,61.905,-0.165,-0.25,61.95,-0.13,-0.255,1.1702958787055167,0.655649252561651,0.0648880183714646,3.0,3.0,0.0,0.0
17.48,61.905,-0.165,-0.25,62.1,0.24,-0.41,1.1166518009222757,0.62559557103018,0.64600403953624,2.0,2.0,0.0,0.0
17.49,61.905,-0.165,-0.25,61.61,-0.11,-0.305,1.2507619953803784,0.700729774298615,0.271676796485084,1.0,1.0,0.0,0.0
17.50,61.905,-0.165,-0.25,61.51,-0.145,-0.34,1.2507619953803784,0.700729774298615,0.352060822406783,0.0,0.0,0.0,0.0
