Pair,L1,a1,b1,L2,a2,b2,DV,DV normF1,DECIEDE2000
1.1,60.257355,-34.008846,36.275349,60.149834,-32.760582,33.050049,1.02941,1.08647253795383,1.22104569165238
1.2,60.257355,-34.008846,36.275349,60.418064,-31.909567,35.437428,1.11176,1.17338738577977,0.824156456797475
1.3,60.257355,-34.008846,36.275349,60.462589,-34.174015,39.446148,1.13294,1.19574144135904,1.26423765252204
1.4,60.257355,-34.008846,36.275349,59.870667,-31.966873,37.225582,1.15294,1.21685008685411,1.16795258354093
1.5,60.257355,-34.008846,36.275349,60.816914,-36.710571,37.431435,1.09176,1.1522787402847,1.11281173877474
1.6,60.257355,-34.008846,36.275349,60.489277,-34.382278,40.049782,1.01176,1.06784415830443,1.46798103196811
1.7,60.257355,-34.008846,36.275349,60.212593,-31.359093,33.140129,1.25882,1.32859925610499,1.30907262321062
1.8,60.257355,-34.008846,36.275349,59.653114,-31.068605,34.513477,1.08118,1.14111226681781,1.27101508340611
1.9,60.257355,-34.008846,36.275349,59.942905,-34.424133,33.689507,1.16353,1.22802711464375,1.20310234944927
1.10,60.257355,-34.008846,36.275349,60.033012,-35.086063,34.703239,0.916471,0.967273072275464,0.968097395421532
1.11,59.17741,-19.078669,57.556789,59.361084,-20.680395,54.90921,1.14613,1.20966259306304,1.45162838637225
1.12,59.17741,-19.078669,57.556789,59.543865,-19.435497,52.918056,1.15759,1.22175784693171,1.61174747095767
1.13,59.17741,-19.078669,57.556789,59.287724,-18.096468,54.41658,1.08883,1.14918632371967,0.906081600685257
1.14,59.17741,-19.078669,57.556789,59.029823,-20.339642,60.82214,0.939828,0.991924803916877,0.932241906248116
1.15,59.17741,-19.078669,57.556789,59.085236,-21.093271,58.610378,1.13467,1.19756733919437,0.974381192187815
1.16,59.17741,-19.078669,57.556789,59.094463,-20.960516,56.160183,1.26074,1.33062568607252,1.26544314894015
1.17,59.17741,-19.078669,57.556789,59.122131,-20.983437,55.392879,1.28367,1.35482674813261,1.45844177581302
1.18,59.17741,-19.078669,57.556789,59.26936,-20.560944,55.506065,1.15759,1.22175784693171,1.22994167802261
1.19,59.17741,-19.078669,57.556789,59.31525,-19.784775,54.646328,0.931232,0.982852308083098,1.14824146079867
1.20,59.17741,-19.078669,57.556789,59.085236,-19.289694,61.68021,0.825215,0.870958544610573,1.20359814319265
1.21,59.17741,-19.078669,57.556789,59.076004,-18.828768,62.031918,1.04585,1.10382384455078,1.41323687638494
1.22,59.17741,-19.078669,57.556789,59.140568,-20.820892,59.262199,1.28367,1.35482674813261,0.839442504173231
1.23,59.17741,-19.078669,57.556789,58.965069,-19.250687,62.203011,1.31805,1.39111250973863,1.37438943125781
1.24,60.12291,-25.401049,38.368519,60.077988,-27.294632,41.169613,1.37883,1.45526168339814,1.07559737970405
1.25,60.12291,-25.401049,38.368519,59.951927,-25.584404,41.409966,1.24095,1.30973868135515,1.19031635930075
1.26,60.12291,-25.401049,38.368519,59.915833,-24.728031,41.174774,1.461,1.54198655341462,1.33036450130765
1.27,60.12291,-25.401049,38.368519,60.391327,-27.332436,37.237068,1.57939,1.66693918042267,1.25178996070304
1.28,60.12291,-25.401049,38.368519,59.969959,-24.105118,39.12289,0.993036,1.04808224439195,0.850683031619528
1.29,60.12291,-25.401049,38.368519,60.11393,-23.765646,37.980831,1.10306,1.16420512498941,0.76789571422639
1.30,60.12291,-25.401049,38.368519,60.167778,-28.125673,40.459991,1.58078,1.66840623128458,1.1940598066641
1.31,60.12291,-25.401049,38.368519,59.960945,-25.14229,41.96917,1.70334,1.79776001087835,1.51000757818845
1.32,60.12291,-25.401049,38.368519,59.996998,-23.66811,38.590187,1.34401,1.41851153159123,0.92906311649463
1.33,60.12291,-25.401049,38.368519,59.969959,-22.846863,36.808235,1.4415,1.52140562405693,1.17136511206557
1.34,60.12291,-25.401049,38.368519,60.239456,-23.733757,36.941971,1.01393,1.07013444634065,0.786183473618058
1.35,60.515945,-7.949205,17.12059,60.507057,-8.698397,15.99509,1.48248,1.56465723867632,1.09858878722572
1.36,60.515945,-7.949205,17.12059,60.524834,-6.81941,17.629032,1.28032,1.35129105001219,1.18489356374663
1.37,60.515945,-7.949205,17.12059,60.400242,-6.830273,15.697504,1.02426,1.08103706173885,1.15574111618532
1.38,60.515945,-7.949205,17.12059,60.239456,-8.621399,18.694801,1.36119,1.43664385807149,0.95949109526984
1.39,60.515945,-7.949205,17.12059,60.507057,-6.57367,16.30974,1.18598,1.25172156921196,1.25391432702325
1.40,60.515945,-7.949205,17.12059,60.613579,-6.15074,16.414038,2.00809,2.11940299660942,1.65425358088932
1.41,60.515945,-7.949205,17.12059,60.337795,-7.54275,18.307428,0.916442,0.967242464739496,0.898280703365426
1.42,61.929352,-10.558199,40.607128,62.014931,-12.33586,39.305092,1.45233,1.53283595559251,1.40549944979428
1.43,61.929352,-10.558199,40.607128,61.92078,-12.019363,38.258896,1.5255,1.61006193513621,1.5202443023241
1.44,61.929352,-10.558199,40.607128,61.937916,-9.328341,38.188324,1.33592,1.40997308448848,1.02214346227704
1.45,61.929352,-10.558199,40.607128,61.723186,-8.90379,40.41917,1.46674,1.54804473467171,1.09431792164403
1.46,61.929352,-10.558199,40.607128,61.834995,-9.231165,43.566612,1.59756,1.68611638485494,1.58496554752915
1.47,61.929352,-10.558199,40.607128,62.014931,-12.123996,40.403767,1.44457,1.52464580114043,1.0458526631303
1.48,61.929352,-10.558199,40.607128,62.074726,-9.293166,37.579418,1.38027,1.45678150587379,1.20631136830564
1.49,61.929352,-10.558199,40.607128,62.08326,-10.264501,36.965408,1.53991,1.62527071421541,1.36233847297185
1.50,61.929352,-10.558199,40.607128,61.895065,-9.016234,37.991352,1.36475,1.44040119696961,1.19000487408395
1.51,61.929352,-10.558199,40.607128,61.997829,-8.711558,40.371651,1.75721,1.85461614751931,1.20662810510546
1.52,61.929352,-10.558199,40.607128,61.88649,-12.259735,41.74934,1.46674,1.54804473467171,1.03360806930909
1.53,61.929352,-10.558199,40.607128,61.688721,-9.588286,44.007,1.80044,1.90024248475689,1.57004749263765
1.54,61.929352,-10.558199,40.607128,62.032024,-8.979323,37.382965,1.78603,1.8850337056777,1.35504294477315
1.55,64.136612,-22.719421,3.767724,64.152809,-23.894442,5.964657,1.90291,2.00839262995087,1.52464722254475
1.56,64.136612,-22.719421,3.767724,63.672112,-22.656645,6.468582,1.98058,2.09036805473096,1.87429083173772
1.57,64.136612,-22.719421,3.767724,63.770351,-24.17449,5.600303,1.70874,1.80345934516201,1.39777101189123
1.58,64.136612,-22.719421,3.767724,64.006767,-21.400127,4.911695,2.13592,2.25431890429114,1.15145737723802
1.59,64.136612,-22.719421,3.767724,64.120407,-23.483311,5.890668,1.87379,1.97765844211005,1.43660548959973
1.60,64.136612,-22.719421,3.767724,64.435272,-24.967566,5.245753,1.80583,1.90593126471781,1.45524083973882
1.61,64.136612,-22.719421,3.767724,64.370888,-22.127905,5.731654,2.19417,2.31579783429553,1.4360036346419
1.62,64.136612,-22.719421,3.767724,63.892811,-21.149197,4.631444,1.38835,1.46530939865379,1.14211262311922
1.63,64.136612,-22.719421,3.767724,64.144714,-20.817036,4.046465,1.35922,1.43456465649023,1.11000256254443
1.64,64.136612,-22.719421,3.767724,63.811211,-25.392773,4.561655,2.75728,2.91012230253188,1.44716681446585
1.65,63.010902,-31.095072,-5.854865,62.877323,-33.912304,-5.22271,1.72619,1.82187663835646,1.32603817096693
1.66,63.010902,-31.095072,-5.854865,63.019234,-34.369724,-6.42184,2.01935,2.13128716402315,1.34596402860994
1.67,63.010902,-31.095072,-5.854865,62.860596,-30.833496,-7.561511,1.48512,1.56744357988167,1.18252054539303
1.68,63.010902,-31.095072,-5.854865,62.818741,-29.793686,-4.075099,1.53571,1.62083789866144,1.26310993150726
1.69,63.010902,-31.095072,-5.854865,62.868961,-28.453684,-4.335227,1.5878,1.67581536585335,1.43516927590036
1.70,63.010902,-31.095072,-5.854865,62.969208,-28.907545,-7.050672,1.5625,1.64911292930209,1.38973246619401
1.71,63.010902,-31.095072,-5.854865,62.868961,-33.724255,-5.994662,1.5625,1.64911292930209,1.09699870548659
1.72,63.010902,-31.095072,-5.854865,63.135723,-33.773872,-7.023799,1.43304,1.51247666701252,1.23745751750084
1.73,63.010902,-31.095072,-5.854865,62.885685,-30.026833,-7.584686,1.35565,1.43079676326936,1.35004322176502
1.74,62.718109,-25.087914,-7.83356,62.935822,-23.784439,-8.698171,1.4,1.47760518465467,1.0285329154368
1.75,62.718109,-25.087914,-7.83356,62.977551,-26.707878,-7.244078,1.5968,1.68531425632613,1.01085536733005
1.76,62.718109,-25.087914,-7.83356,63.019234,-28.179426,-7.809586,1.7088,1.8035226710985,1.53617933956083
1.77,62.718109,-25.087914,-7.83356,62.608803,-26.457151,-7.176141,1.2608,1.330689012009,0.91140167164287
1.78,62.718109,-25.087914,-7.83356,62.55825,-25.676392,-7.066313,1.0928,1.15337638985044,0.679064336756101
1.79,62.718109,-25.087914,-7.83356,62.684509,-24.413879,-6.823076,1.0496,1.1077817155811,0.701776238717076
1.80,62.718109,-25.087914,-7.83356,63.027569,-27.703461,-8.29789,1.6864,1.77988098814402,1.272745839051
1.81,62.718109,-25.087914,-7.83356,62.801987,-24.811626,-9.14352,1.232,1.30029256249611,0.940919806241051
1.82,62.718109,-25.087914,-7.83356,63.127411,-25.427595,-9.17878,1.2608,1.330689012009,0.947938697890979
1.83,62.718109,-25.087914,-7.83356,63.24358,-27.991476,-7.213717,1.7504,1.84742865372824,1.63878609646231
1.84,63.168941,-20.919044,-15.118779,63.160637,-19.495073,-15.966379,1.13423,1.19710294899348,1.11214163330567
1.85,63.168941,-20.919044,-15.118779,62.994232,-23.054096,-15.161819,1.20268,1.26934728820034,1.19624530886312
1.86,63.168941,-20.919044,-15.118779,63.193836,-19.875753,-15.956446,1.10872,1.17017887166452,0.907451920688299
1.87,63.168941,-20.919044,-15.118779,63.218716,-20.53377,-16.749008,0.94094,0.993098444606403,1.05288193102898
1.88,63.168941,-20.919044,-15.118779,63.035896,-21.537855,-13.416221,1.37181,1.44785254882937,1.2128395577134
1.89,63.168941,-20.919044,-15.118779,63.193836,-19.7904,-14.360781,1.0094,1.06535333813602,0.669018073677817
1.90,63.168941,-20.919044,-15.118779,63.027569,-20.856705,-13.311865,1.16779,1.2325232561342,1.09975574789796
1.91,63.168941,-20.919044,-15.118779,63.474903,-19.289051,-14.081301,1.32752,1.40110745338055,0.996382694801527
1.92,63.168941,-20.919044,-15.118779,63.384186,-22.267904,-16.285164,1.49664,1.57960215968683,0.85128207930489
1.93,63.168941,-20.919044,-15.118779,63.359409,-21.850452,-16.324804,1.12215,1.18435332711445,0.743083735927642
1.94,63.168941,-20.919044,-15.118779,63.019234,-22.025394,-15.994091,0.918121,0.969014535528807,0.674064261786576
1.95,63.168941,-20.919044,-15.118779,63.160637,-21.019312,-16.713694,1.2255,1.29343225271021,0.917141351034463
1.96,63.168941,-20.919044,-15.118779,63.210426,-21.347866,-16.801956,1.13826,1.20135634106073,0.931599447345147
1.97,63.168941,-20.919044,-15.118779,63.177242,-20.100605,-16.561815,1.16779,1.2325232561342,1.10381212984094
1.98,63.168941,-20.919044,-15.118779,63.318081,-19.107048,-15.779756,1.21342,1.28068263083119,1.26653824046428
1.99,64.225632,-12.870156,-6.938132,64.104187,-12.945864,-5.364041,1.46875,1.55016615354396,1.20305729590899
1.100,64.225632,-12.870156,-6.938132,64.306389,-11.532928,-6.691082,1.47743,1.55932730568882,1.08139460787768
1.101,64.225632,-12.870156,-6.938132,64.087975,-13.920767,-6.431227,1.41667,1.49519924067481,0.993396497625428
1.102,64.225632,-12.870156,-6.938132,64.274109,-11.373306,-6.155379,1.95312,2.06138588446623,1.24706827497544
1.103,64.225632,-12.870156,-6.938132,63.729446,-11.02553,-5.288621,1.95312,2.06138588446623,1.80534106283827
1.104,64.225632,-12.870156,-6.938132,64.079857,-11.668858,-4.97373,1.86458,1.96793791085957,1.60521254127254
1.105,64.225632,-12.870156,-6.938132,64.055511,-12.553768,-5.576959,1.32118,1.39441601275861,1.00747046981896
1.106,64.225632,-12.870156,-6.938132,64.063629,-13.271614,-5.535701,1.57812,1.66559878143373,1.17366078030668
1.107,64.225632,-12.870156,-6.938132,64.41114,-13.198202,-8.796221,1.48264,1.56482610784028,1.3124545191399
1.108,64.225632,-12.870156,-6.938132,64.104187,-13.777676,-6.020433,1.65972,1.75172205505361,1.10326929492125
1.109,64.225632,-12.870156,-6.938132,64.185196,-11.907426,-6.985126,1.15278,1.21668121769015,0.801620935533113
1.110,64.225632,-12.870156,-6.938132,64.225632,-11.698687,-6.326791,1.65972,1.75172205505361,0.968399789917842
1.111,64.225632,-12.870156,-6.938132,64.233719,-11.533608,-6.239874,1.85069,1.95327795656325,1.10897632579129
1.112,64.225632,-12.870156,-6.938132,64.378937,-14.422387,-8.625369,1.86458,1.96793791085957,1.48946389605233
1.113,63.309811,-2.734236,-8.752265,62.642467,-1.887991,-9.470188,1.66282,1.75499389510534,1.32236940641364
1.114,63.309811,-2.734236,-8.752265,63.218716,-1.601357,-8.471242,1.56351,1.65017891589959,1.38986750443356
1.115,63.309811,-2.734236,-8.752265,63.284985,-1.954426,-10.306618,1.49654,1.57949661645936,1.51431498197003
1.116,63.309811,-2.734236,-8.752265,63.185539,-3.937169,-8.490066,1.8291,1.93049117375132,1.44531007973317
1.117,63.309811,-2.734236,-8.752265,63.002563,-1.49278,-8.610412,1.79677,1.89636904830855,1.54543783843677
1.118,63.309811,-2.734236,-8.752265,63.060875,-4.211016,-9.062131,2.39492,2.52767586345226,1.70453390560114
1.119,63.309811,-2.734236,-8.752265,62.709713,-3.14459,-7.358476,1.21478,1.28211801872486,1.29294650562989
1.120,63.309811,-2.734236,-8.752265,63.900963,-3.666717,-7.656416,1.72979,1.82567619454557,1.52519984956574
1.121,63.309811,-2.734236,-8.752265,63.819378,-2.540444,-6.947419,1.26328,1.33330648405039,1.39579442039775
1.122,63.309811,-2.734236,-8.752265,63.622902,-3.118078,-7.618194,1.29792,1.36986665804785,1.03102821331774
1.123,63.309811,-2.734236,-8.752265,62.60038,-1.832401,-9.797555,1.33025,1.40398878349062,1.50870944880551
1.124,63.309811,-2.734236,-8.752265,63.400696,-2.929617,-7.231156,1.67898,1.77204968066535,1.17500629603642
1.125,61.290131,3.72081,-5.37895,61.185471,4.987442,-4.983339,1.52344,1.60788774465022,1.59770295740966
1.126,61.290131,3.72081,-5.37895,61.168003,4.525968,-4.202901,1.33398,1.40792554587545,1.49561371018217
1.127,61.290131,3.72081,-5.37895,61.255276,2.527619,-5.153812,1.48633,1.56872065293412,1.50592199579637
1.128,61.290131,3.72081,-5.37895,61.080532,4.942229,-5.262722,1.55469,1.64087000323626,1.4839738220403
1.129,61.290131,3.72081,-5.37895,61.429237,2.249264,-4.950772,1.76758,1.8655609802085,1.87268594380452
1.130,61.290131,3.72081,-5.37895,61.524582,2.620631,-4.756463,1.26367,1.33371810263755,1.41590853246156
1.131,61.290131,3.72081,-5.37895,61.307549,4.747891,-4.410728,1.54687,1.63261652284769,1.57959402857714
1.132,61.290131,3.72081,-5.37895,60.992859,3.345058,-3.664573,1.32617,1.39968261980963,1.47219908392063
1.133,61.290131,3.72081,-5.37895,61.03672,4.063219,-3.498565,1.53125,1.61613067071604,1.7177811126058
1.134,61.290131,3.72081,-5.37895,61.559196,3.339516,-6.776796,1.40234,1.48007489617759,1.35619746557294
1.135,61.290131,3.72081,-5.37895,61.185471,3.173256,-3.735194,1.41602,1.49451320969622,1.44647454759509
1.136,61.290131,3.72081,-5.37895,61.063011,4.026366,-3.667761,1.32617,1.39968261980963,1.56030686700468
1.137,61.290131,3.72081,-5.37895,61.437916,2.601669,-4.022298,1.40234,1.48007489617759,1.66667981095069
1.138,62.431583,8.088556,8.89526,62.321476,8.603728,10.723514,1.34953,1.42433751774787,1.30653533095527
1.139,62.431583,8.088556,8.89526,61.997829,9.50383,8.218794,1.37652,1.45282363484346,1.6945195073412
1.140,62.431583,8.088556,8.89526,62.363861,7.068036,7.741027,1.09987,1.16083829603295,1.1657390706829
1.141,62.431583,8.088556,8.89526,62.296021,7.139699,10.485916,1.67341,1.76617092289498,1.82767282562091
1.142,62.431583,8.088556,8.89526,62.751682,8.552464,7.049637,1.5857,1.67359895807636,1.68325024290731
1.143,62.431583,8.088556,8.89526,62.667698,9.62562,9.325429,1.64642,1.73768480579939,1.4650678220099
1.144,62.431583,8.088556,8.89526,62.228065,7.011757,9.265014,1.22132,1.28902054580174,1.27746773998488
1.145,62.431583,8.088556,8.89526,62.608803,7.593384,10.5107,1.61943,1.70919868870379,1.50176496111964
1.146,62.431583,8.088556,8.89526,62.810368,6.796015,10.024079,1.52497,1.60950255603059,1.88932651853266
1.147,62.431583,8.088556,8.89526,62.346912,6.859908,8.970544,1.39001,1.46706141622988,1.32786820857734
1.148,62.600384,1.883252,20.960041,62.709713,2.680185,18.408548,1.72684,1.82256266933505,1.73165208752481
1.149,62.600384,1.883252,20.960041,62.363861,3.294644,20.560375,1.58845,1.67650139683193,1.55512034467996
1.150,62.600384,1.883252,20.960041,62.776844,2.245719,18.294903,1.83875,1.94067609520269,1.54169047117754
1.151,62.600384,1.883252,20.960041,62.270554,3.538615,20.862604,1.45969,1.5406039371347,1.77470941454442
1.152,62.600384,1.883252,20.960041,62.211056,3.334256,19.698187,1.65824,1.75016001528697,1.82125740177064
1.153,62.600384,1.883252,20.960041,63.002567,1.454868,18.685389,1.48496,1.56727471071771,1.29624832486675
1.154,62.600384,1.883252,20.960041,62.835487,3.256578,19.197802,1.98556,2.09562410745923,1.89119112832766
1.155,62.600384,1.883252,20.960041,63.027569,0.988338,19.544111,1.19134,1.25737868620464,1.22284565981622
1.156,62.600384,1.883252,20.960041,62.776844,0.700022,20.099669,1.31288,1.38565592487816,1.32250235164561
1.157,62.380802,23.174095,18.426128,62.65929,21.337734,18.506025,1.16359,1.22809044058023,1.17226174853405
1.158,62.380802,23.174095,18.426128,62.304508,24.080732,17.401604,1.17466,1.23977407586175,1.04013315478512
1.159,62.380802,23.174095,18.426128,62.219559,25.48102,19.126387,1.123,1.185250444548,1.17678454469549
1.160,62.380802,23.174095,18.426128,62.473854,22.156172,19.477016,1.33825,1.41243224168865,1.1272412317397
1.161,62.380802,23.174095,18.426128,62.406204,23.957041,19.914648,0.779828,0.823055639956344,0.819930682653834
1.162,62.380802,23.174095,18.426128,62.448498,25.025183,18.102551,1.10578,1.16707590077674,1.19090389955021
1.163,62.380802,23.174095,18.426128,62.245064,24.972042,17.693741,1.19803,1.26443952812274,1.34581917743917
1.164,62.380802,23.174095,18.426128,62.473854,22.286348,19.731054,0.96556,1.01908318721083,1.20847695093633
1.165,62.380802,23.174095,18.426128,62.270554,23.242689,19.782455,0.873309,0.92171850443256,0.856240724228114
1.166,62.380802,23.174095,18.426128,62.642467,22.387699,16.799746,1.123,1.185250444548,0.955672474901599
1.167,62.380802,23.174095,18.426128,62.211056,24.962439,20.32375,1.17466,1.23977407586175,1.12909214230921
1.168,62.380802,23.174095,18.426128,62.100323,25.615082,19.984756,1.31488,1.38776678942767,1.26371008919266
1.169,64.739708,15.750381,4.382495,64.675804,16.25712,2.521043,1.60846,1.69762059664975,1.41420009649134
1.170,64.739708,15.750381,4.382495,64.906975,13.932343,4.705934,1.38419,1.46091880039082,1.40002453077754
1.171,64.739708,15.750381,4.382495,64.906975,14.092083,5.627074,1.52757,1.61224667994495,1.64812733127747
1.172,64.739708,15.750381,4.382495,64.619812,14.481673,5.832911,1.67279,1.76551655488463,1.52689756809438
1.173,64.739708,15.750381,4.382495,64.611809,14.107259,5.037112,1.38419,1.46091880039082,1.37041307480697
1.174,64.739708,15.750381,4.382495,64.571754,17.28174,5.935281,1.33456,1.40853769659481,1.40129337177604
1.175,64.739708,15.750381,4.382495,65.144722,13.863874,3.47624,1.64154,1.73253429629859,1.49041684215473
1.176,64.739708,15.750381,4.382495,64.451347,15.930347,6.530123,1.59191,1.68015319250258,1.55354186619384
1.177,64.739708,15.750381,4.382495,64.79554,17.721302,4.546868,1.28676,1.3580880338616,1.33123814388568
1.178,64.739708,15.750381,4.382495,64.378937,16.738028,6.616297,1.625,1.71507744647417,1.6542677610558
1.179,64.739708,15.750381,4.382495,64.274109,15.276686,7.024458,1.9136,2.01967520096798,2.05292202851561
1.180,62.168503,10.465078,29.888308,61.989277,12.008325,30.260452,1.43808,1.51779604567728,1.13367988182565
1.181,62.168503,10.465078,29.888308,62.117382,9.921897,30.698711,1.03595,1.09337506503072,0.669333574217496
1.182,62.168503,10.465078,29.888308,62.04911,9.130648,29.651943,1.48069,1.56276801490452,1.01734808344529
1.183,62.168503,10.465078,29.888308,62.194042,11.426481,29.68453,1.23702,1.30559083251537,0.789625988357746
1.184,62.168503,10.465078,29.888308,62.228065,9.337888,27.500385,1.40879,1.48688243434975,1.1423220510716
1.185,62.168503,10.465078,29.888308,62.304508,8.696922,28.017298,1.48069,1.56276801490452,1.35032387423713
1.186,62.168503,10.465078,29.888308,62.338436,8.891768,28.800947,1.23702,1.30559083251537,1.15902159735598
1.187,62.168503,10.465078,29.888308,62.296021,11.39535,29.334805,1.26498,1.33510071891747,0.871880077228545
1.188,62.168503,10.465078,29.888308,62.312992,12.260613,31.20022,1.52463,1.60914370905718,1.2492423699398
1.189,62.168503,10.465078,29.888308,62.389271,8.983809,27.163689,1.5526,1.63866414978203,1.39125713452667
1.190,62.168503,10.465078,29.888308,62.168503,11.019789,28.621765,1.15047,1.21424316913547,0.878481667579194
1.191,62.168503,10.465078,29.888308,62.423126,10.524557,27.86212,1.48069,1.56276801490452,1.01777957545658
1.192,61.671474,20.788679,63.073536,61.645592,20.759163,59.124725,1.55556,1.6417882293153,1.24628929276057
1.193,61.671474,20.788679,63.073536,61.619694,18.479187,59.492844,1.3381,1.41227392684744,1.27282325455364
1.194,61.671474,20.788679,63.073536,61.834995,21.864727,60.871777,1.50952,1.59319612738565,1.19360726981874
1.195,61.671474,20.788679,63.073536,61.550545,20.279184,67.85791,1.75714,1.85454226726007,1.61741682420954
1.196,61.671474,20.788679,63.073536,61.602417,18.506922,62.532722,1.41587,1.494354894855,1.31728318702988
1.197,61.671474,20.788679,63.073536,61.800625,18.564619,60.477486,1.29048,1.36201424192368,1.17525502965143
1.198,61.671474,20.788679,63.073536,62.006382,18.93379,57.921841,1.71111,1.80596071965318,1.44827966883758
1.199,61.671474,20.788679,63.073536,61.877911,22.367519,68.528969,1.49365,1.57644641718532,1.39578583705013
1.200,61.671474,20.788679,63.073536,62.014931,22.000708,61.889629,1.13492,1.19783119726305,1.0293577957921
1.201,61.671474,20.788679,63.073536,61.176739,23.052271,65.014091,1.53968,1.62502796479221,1.21960697570456
1.202,61.671474,20.788679,63.073536,61.783432,18.642792,63.577576,1.53968,1.62502796479221,1.39655557627325
1.203,61.671474,20.788679,63.073536,61.826405,22.45425,68.473656,1.43175,1.51111515937809,1.38081810157587
1.204,60.852169,1.789563,65.587479,60.719803,3.220895,66.287918,0.915179,0.965909453776482,0.90616995233508
1.205,60.852169,1.789563,65.587479,60.462589,3.0622,68.327385,0.988839,1.04365259513481,1.06220952219801
1.206,60.852169,1.789563,65.587479,60.551476,3.084808,67.820679,1.0346,1.0919502314598,0.981613981784849
1.207,60.852169,1.789563,65.587479,61.133038,2.045882,62.709343,0.823661,0.869318402855607,0.80663756502053
1.208,60.852169,1.789563,65.587479,60.984081,3.003369,64.893974,1.05246,1.11080025188689,0.803460725839749
1.209,60.852169,1.789563,65.587479,60.560356,3.015314,67.951347,0.86942,0.917613928316044,0.963986779746822
1.210,60.852169,1.789563,65.587479,61.394508,1.028223,67.199242,1.07031,1.12963971799124,0.790885972347076
1.211,60.852169,1.789563,65.587479,60.834545,3.332841,64.806023,1.08036,1.14024681235251,1.00563398500279
1.212,60.852169,1.789563,65.587479,61.316254,1.209635,63.18351,0.777902,0.821022877395169,0.809257111488436
1.213,60.852169,1.789563,65.587479,60.355648,1.826531,69.417778,1.07031,1.12963971799124,1.04329397203898
1.214,63.085842,27.729509,33.920765,63.019234,28.453362,36.655945,1.51943,1.60365546122846,1.16672275650397
1.215,63.085842,27.729509,33.920765,62.650879,23.870768,31.616688,1.58775,1.67576259423961,1.8972356951746
1.216,63.085842,27.729509,33.920765,63.408951,28.065464,36.592178,1.61013,1.69938316854859,1.26474764793584
1.217,63.085842,27.729509,33.920765,63.010902,26.385323,34.712925,1.36749,1.44329308140244,1.09330839562557
1.218,63.085842,27.729509,33.920765,62.743294,30.003965,37.053318,1.23086,1.29908936970289,1.30520821495732
1.219,63.085842,27.729509,33.920765,63.235294,30.994423,34.762001,1.69376,1.78764896968621,1.62852337758819
1.220,63.085842,27.729509,33.920765,63.11079,23.186617,30.492218,1.48881,1.57133812497551,2.19818630419039
1.221,63.085842,27.729509,33.920765,63.144028,30.419266,33.830147,2.08127,2.19663953047587,1.56730136109712
1.222,63.085842,27.729509,33.920765,62.919117,30.627777,36.854412,1.10954,1.17104432612982,1.372997854023
1.223,63.085842,27.729509,33.920765,63.052551,24.681379,33.483528,1.74794,1.84483229033234,1.69979384699283
1.224,35.083103,-44.115772,3.800086,35.023216,-40.070381,1.596998,1.25506,1.32463083075192,1.86439488488686
1.225,35.083103,-44.115772,3.800086,34.782253,-42.562027,4.75114,1.25506,1.32463083075192,0.853641374746221
1.226,35.083103,-44.115772,3.800086,34.620335,-38.435333,3.597958,1.14372,1.20711900128088,2.03070393850651
1.227,35.083103,-44.115772,3.800086,35.498432,-51.603333,6.476638,1.94332,2.05104264817365,2.68526368043798
1.228,35.083103,-44.115772,3.800086,34.660912,-39.533718,4.526602,1.59919,1.68783673946279,1.74436558185275
1.229,35.083103,-44.115772,3.800086,34.660912,-44.779327,5.621924,1.23482,1.30326888151091,1.11454816960987
1.230,35.083103,-44.115772,3.800086,34.882931,-42.985641,5.024867,1.29555,1.36736528355668,0.873579178910895
1.231,35.083103,-44.115772,3.800086,35.321259,-44.552967,5.465439,1.40688,1.48486655870497,0.986650785229171
1.232,35.083103,-44.115772,3.800086,35.043194,-38.37468,1.23097,1.54858,1.63442131203752,2.47002524734511
1.233,35.083103,-44.115772,3.800086,35.498432,-49.018013,4.88342,1.10324,1.16439510279887,1.68136091691878
1.234,35.083103,-44.115772,3.800086,35.341003,-47.807205,5.674574,1.73077,1.82671051817483,1.53726193168149
1.235,35.083103,-44.115772,3.800086,34.660912,-37.117764,2.218003,1.7004,1.79465703999057,2.61770275686152
1.236,35.083103,-44.115772,3.800086,35.43951,-47.983143,3.960627,0.97166,1.02552132408683,1.29466248401596
1.237,35.083103,-44.115772,3.800086,34.882931,-40.977829,1.579803,1.32591,1.39940820741819,1.66650820186534
1.238,37.444653,-26.568275,-29.02739,37.17001,-29.525862,-29.528233,1.59917,1.68781563081729,1.30284609346616
1.239,37.444653,-26.568275,-29.02739,37.8783,-28.26717,-30.792187,1.54759,1.63337643408551,0.944535822336752
1.240,37.444653,-26.568275,-29.02739,37.48106,-28.214296,-31.182697,1.19938,1.26586436169365,0.959553587863935
1.241,37.444653,-26.568275,-29.02739,37.571861,-26.926945,-26.921865,1.19938,1.26586436169365,1.01997912251572
1.242,37.444653,-26.568275,-29.02739,37.408195,-25.425289,-29.948332,1.27676,1.34753371111407,0.772622716576342
1.243,37.444653,-26.568275,-29.02739,37.788532,-27.501261,-27.433578,1.27676,1.34753371111407,0.999606945801151
1.244,37.444653,-26.568275,-29.02739,37.243526,-28.075132,-27.482712,1.56048,1.64698095610708,1.15570255128813
1.245,37.444653,-26.568275,-29.02739,36.985329,-23.704914,-28.655218,1.45731,1.53809200832078,1.37470792166131
1.246,37.444653,-26.568275,-29.02739,37.243526,-24.171177,-28.545488,1.35414,1.42920306053448,1.0977042965244
1.247,37.444653,-26.568275,-29.02739,37.316841,-29.897778,-29.847221,1.98607,2.09616237791936,1.42205129696626
1.248,37.444653,-26.568275,-29.02739,37.003853,-23.628815,-27.078981,1.83131,1.93282367907853,1.42392167938553
1.249,37.444653,-26.568275,-29.02739,37.608093,-28.453279,-30.801001,1.48311,1.56532216100942,0.93237761072043
1.250,37.444653,-26.568275,-29.02739,37.734528,-27.895018,-31.892164,1.62497,1.71504578350593,1.17705838860199
1.251,37.444653,-26.568275,-29.02739,37.644279,-30.226524,-27.325909,2.01186,2.12338197628524,2.07710221464047
1.252,37.444653,-26.568275,-29.02739,37.589985,-30.220947,-28.271643,2.03766,2.15061212897388,1.81310075191791
1.253,22.723295,20.09107,-46.684811,22.584002,19.309719,-47.414867,1.41911,1.49777449542521,0.859939123691699
1.254,22.723295,20.09107,-46.684811,22.618919,16.796024,-42.758579,0.955535,1.00850247865643,1.27313698166008
1.255,22.723295,20.09107,-46.684811,23.033094,14.973575,-42.55302,1.61779,1.7074677797732,2.03749465614631
1.256,22.723295,20.09107,-46.684811,22.964676,23.311981,-51.564125,1.44749,1.5277276633827,1.42364216489231
1.257,22.723295,20.09107,-46.684811,23.101274,18.128374,-46.395802,1.36235,1.43786815951021,1.20841245515012
1.258,22.723295,20.09107,-46.684811,22.723295,20.373119,-48.629288,1.15421,1.21819048584305,0.857189576366591
1.259,22.723295,20.09107,-46.684811,22.513975,16.029432,-43.475376,1.02176,1.07839848105197,1.62394695712645
1.260,22.723295,20.09107,-46.684811,23.033094,15.486859,-44.410229,2.03406,2.14681257278477,2.20698603377013
1.261,22.723295,20.09107,-46.684811,22.723295,22.299795,-46.549507,1.8543,1.95708806707511,1.48614300229019
1.262,22.723295,20.09107,-46.684811,22.408457,13.394528,-40.746483,1.61779,1.7074677797732,2.58425612222105
1.263,22.723295,20.09107,-46.684811,22.549021,24.345951,-50.549301,0.936613,0.988531589153545,1.59529357608914
1.264,22.159967,18.276463,-34.562843,21.726294,17.614317,-35.036835,1.7246,1.8201985010396,0.738438640584272
1.265,22.159967,18.276463,-34.562843,21.799265,19.453405,-34.275036,1.06952,1.12880592649419,0.9338937742419
1.266,22.159967,18.276463,-34.562843,22.052473,20.887571,-36.659988,1.1631,1.2275732787656,1.16329110059885
1.267,22.159967,18.276463,-34.562843,21.944368,16.952526,-31.869539,1.1631,1.2275732787656,1.15851074981215
1.268,22.159967,18.276463,-34.562843,21.762815,21.103886,-37.352467,0.909091,0.959483982087784,1.31084952938336
1.269,22.159967,18.276463,-34.562843,22.195663,19.223789,-37.115963,1.32353,1.39689627860428,1.10584910407079
1.270,22.159967,18.276463,-34.562843,22.443693,18.395334,-36.430336,1.28342,1.35456289006393,1.0521693543885
1.271,22.159967,18.276463,-34.562843,21.542618,21.115187,-36.417706,1.25668,1.32634063103702,1.36089415936211
1.272,22.159967,18.276463,-34.562843,21.799265,21.370529,-35.615723,1.79144,1.89074359428411,1.6301131937143
1.273,22.159967,18.276463,-34.562843,21.726294,21.524843,-36.228394,1.57754,1.66498663071438,1.57669211602122
1.274,22.159967,18.276463,-34.562843,21.653038,20.075859,-36.933514,0.935829,0.987704130250139,1.01508759819905
1.275,22.159967,18.276463,-34.562843,21.653038,22.098574,-36.80526,1.9385,2.04595546460934,1.79699288613992
1.276,36.461243,47.858986,18.390982,36.271507,50.507298,21.228584,1.36364,1.43922966714464,1.41432821837256
1.277,36.461243,47.858986,18.390982,36.271507,53.757896,20.455835,1.87799,1.98209125766402,1.82226181013294
1.278,36.461243,47.858986,18.390982,36.195225,52.23558,18.609442,1.97368,2.08308557203516,1.45542335647494
1.279,36.461243,47.858986,18.390982,36.948235,40.520832,15.930126,2.21292,2.33558718944715,2.51286107987164
1.280,36.461243,47.858986,18.390982,36.499027,48.369331,16.271397,1.36364,1.43922966714464,1.25028405370077
1.281,36.461243,47.858986,18.390982,36.480141,57.49675,21.289219,2.78708,2.94157418431952,2.86821905865726
1.282,36.461243,47.858986,18.390982,36.649616,48.902855,22.076365,1.36364,1.43922966714464,1.89012206294044
1.283,36.461243,47.858986,18.390982,36.743298,50.880886,24.315462,1.91388,2.01997072200491,2.88412850739034
1.284,36.461243,47.858986,18.390982,36.668377,51.904079,17.476454,2.14115,2.2598388150881,1.64270562039441
1.285,36.461243,47.858986,18.390982,36.309563,45.547256,21.141529,2.32057,2.44920447382435,2.06035887219547
1.286,36.461243,47.858986,18.390982,36.911091,53.331696,19.58955,1.75837,1.85584044895802,1.72086073960807
1.287,36.461243,47.858986,18.390982,36.985329,53.00972,22.009542,1.36364,1.43922966714464,2.00912191252921
1.288,24.908562,-15.21734,-11.933549,24.626812,-13.398452,-11.077895,1.03989,1.09753346819325,1.32963981841626
1.289,24.908562,-15.21734,-11.933549,24.341103,-17.345409,-12.114822,1.39601,1.4733940098784,1.50490934522028
1.290,24.908562,-15.21734,-11.933549,24.532022,-17.019703,-12.533622,1.46724,1.54857245080908,1.22671984935074
1.291,24.908562,-15.21734,-11.933549,24.626812,-14.344616,-13.229379,1.55271,1.63878024733225,1.2083173567398
1.292,24.908562,-15.21734,-11.933549,24.595266,-13.713845,-12.856529,1.4245,1.50346327538613,1.43111281985079
1.293,24.908562,-15.21734,-11.933549,24.783821,-14.526625,-13.4425,1.65242,1.74401739944791,1.21812195290526
1.294,24.908562,-15.21734,-11.933549,24.783821,-17.328281,-11.721259,1.65242,1.74401739944791,1.52149158206048
1.295,24.908562,-15.21734,-11.933549,25.551306,-13.902603,-12.658736,1.08262,1.14263208929346,1.2891797700499
1.296,24.908562,-15.21734,-11.933549,24.658312,-16.10898,-13.27937,1.46724,1.54857245080908,0.912068233138379
1.297,24.908562,-15.21734,-11.933549,24.815077,-16.300819,-13.090519,1.36752,1.44332474437068,0.885817508278364
1.298,23.724266,-2.364475,-7.066786,22.950962,-2.715879,-7.733388,1.28806,1.35946009581878,0.83294324065668
1.299,23.724266,-2.364475,-7.066786,23.7901,-1.820439,-7.536076,0.913349,0.963978012713684,0.799799597954905
1.300,23.724266,-2.364475,-7.066786,23.358215,-1.584646,-7.020829,0.971897,1.02577146153594,1.01514741738204
1.301,23.724266,-2.364475,-7.066786,24.373045,-2.717046,-7.868778,0.995316,1.05048862997839,0.84115881014992
1.302,23.724266,-2.364475,-7.066786,23.59194,-3.124209,-7.064123,0.936768,0.988695181156132,0.929683860872297
1.303,23.724266,-2.364475,-7.066786,23.121681,-2.509909,-8.018114,1.17096,1.23586897644517,0.834714046121907
1.304,23.724266,-2.364475,-7.066786,23.658213,-1.961985,-7.809344,0.913349,0.963978012713684,0.78898583994991
1.305,23.724266,-2.364475,-7.066786,23.953741,-3.092851,-7.524142,0.960187,1.01341234959858,0.925465077151052
1.306,23.724266,-2.364475,-7.066786,23.691267,-3.178845,-7.328591,0.936768,0.988695181156132,0.984884914562956
1.307,23.724266,-2.364475,-7.066786,23.425276,-3.104345,-7.536139,1.15925,1.2235098645078,0.950179092950332
1.308,23.724266,-2.364475,-7.066786,24.148355,-1.813088,-8.058277,1.14754,1.21115075257044,1.10481877086913
1.309,22.383753,12.474535,7.389589,22.454252,11.508492,8.227568,1.19122,1.25725203433167,1.17761289625436
1.310,22.383753,12.474535,7.389589,22.837461,11.07297,6.979196,0.867294,0.915370079299919,1.19501955777707
1.311,22.383753,12.474535,7.389589,22.733702,11.08789,7.137346,1.04493,1.102852846858,1.17186025007355
1.312,22.383753,12.474535,7.389589,22.768349,11.100059,7.122762,1.06583,1.12491138140035,1.16591680453204
1.313,22.383753,12.474535,7.389589,22.629381,13.360017,6.630996,1.14943,1.21314551956973,1.0409033095329
1.314,22.383753,12.474535,7.389589,22.559521,12.868414,6.293196,1.08673,1.14696991594269,0.972146004445079
1.315,22.383753,12.474535,7.389589,22.348406,13.053556,6.252919,1.14943,1.21314551956973,1.08020787394072
1.316,22.383753,12.474535,7.389589,22.454252,12.632994,5.731312,1.08673,1.14696991594269,1.29859549939965
1.317,22.383753,12.474535,7.389589,22.559521,11.932903,5.566476,1.02403,1.08079431231566,1.3620503169917
1.318,22.383753,12.474535,7.389589,22.974953,11.672267,5.749377,1.17032,1.23519349978932,1.33775995726797
1.319,22.383753,12.474535,7.389589,22.664217,10.847987,6.356585,1.20167,1.26828130160284,1.42472408419419
1.320,22.383753,12.474535,7.389589,22.06325,11.099277,7.574691,1.38976,1.46679755816119,1.24319396137195
1.321,13.995515,-3.993749,-5.530325,13.937574,-2.929688,-4.793944,1.54676,1.63250042529747,1.34367754116803
1.322,13.995515,-3.993749,-5.530325,13.762395,-2.835008,-4.743961,1.7446,1.84130714653467,1.47030037913878
1.323,13.995515,-3.993749,-5.530325,14.39497,-5.17537,-6.515584,1.65468,1.74640267638885,1.46808180217908
1.324,13.995515,-3.993749,-5.530325,13.465759,-5.264485,-5.120169,1.7446,1.84130714653467,1.58289986554099
1.325,13.995515,-3.993749,-5.530325,13.937574,-5.265557,-5.165707,1.7446,1.84130714653467,1.53364779046451
1.326,13.995515,-3.993749,-5.530325,14.168005,-5.399816,-5.81564,1.7446,1.84130714653467,1.58898570766825
1.327,13.995515,-3.993749,-5.530325,14.053232,-5.264518,-5.763339,1.83453,1.93622217100324,1.43820757752934
1.328,13.995515,-3.993749,-5.530325,13.644453,-4.610777,-4.670846,1.83453,1.93622217100324,1.09665954585094
1.329,13.995515,-3.993749,-5.530325,13.703541,-4.62561,-4.808285,1.70863,1.80334324761179,1.02292188520491
1.330,13.995515,-3.993749,-5.530325,14.225066,-4.076608,-7.09754,1.67266,1.76537934868891,1.21372564916427
1.331,83.105553,-4.162029,-7.933704,83.553795,-4.856949,-9.292874,1.24464,1.31363322644899,1.1825683222159
1.332,83.105553,-4.162029,-7.933704,83.648201,-3.823196,-8.832006,0.844063,0.890851332125124,0.883917893157495
1.333,83.105553,-4.162029,-7.933704,83.385521,-3.663638,-8.713345,1.03004,1.08713746028693,0.88190342550561
1.334,83.105553,-4.162029,-7.933704,82.733345,-2.779744,-8.481234,1.28755,1.35892182535866,1.73062100111571
1.335,83.105553,-4.162029,-7.933704,83.59053,-3.375802,-8.589745,1.1731,1.23812760151314,1.1308426581734
1.336,83.105553,-4.162029,-7.933704,82.871925,-3.983178,-8.774618,0.901288,0.951248444047884,0.690253059522682
1.337,83.105553,-4.162029,-7.933704,82.797356,-2.719991,-8.274137,1.43062,1.50992252090762,1.74879338903415
1.338,83.105553,-4.162029,-7.933704,82.893204,-2.798478,-8.016465,1.3877,1.4646233676752,1.60885907636225
1.339,83.105553,-4.162029,-7.933704,83.98243,-4.979783,-8.831285,1.03004,1.08713746028693,1.18410495330905
1.340,83.105553,-4.162029,-7.933704,83.142624,-3.382164,-8.847998,1.1731,1.23812760151314,1.19052114329474
1.341,83.105553,-4.162029,-7.933704,84.474464,-5.544429,-8.460266,1.28755,1.35892182535866,1.76500911977044
1.342,80.547157,-13.376632,-14.841566,80.714317,-14.808762,-15.762481,1.59734,1.68588418975449,1.02082116397951
1.343,80.547157,-13.376632,-14.841566,80.941849,-14.838901,-15.155063,1.4975,1.58050983144312,1.05535402704951
1.344,80.547157,-13.376632,-14.841566,81.046928,-15.207978,-14.62694,1.46423,1.54539559966208,1.41215781493426
1.345,80.547157,-13.376632,-14.841566,81.096619,-15.314735,-14.341339,1.76373,1.8614975659507,1.56810173684517
1.346,80.547157,-13.376632,-14.841566,80.79213,-13.47356,-15.95735,1.2812,1.35221983041397,0.664664517268286
1.347,80.547157,-13.376632,-14.841566,80.591789,-11.642778,-14.914344,1.54742,1.63319701059881,1.34546166221601
1.348,80.547157,-13.376632,-14.841566,80.819893,-11.41637,-14.506924,1.78037,1.8790599590026,1.48420354704011
1.349,80.547157,-13.376632,-14.841566,80.256027,-11.731208,-15.452349,1.33111,1.40489645524691,1.41805250531367
1.350,80.547157,-13.376632,-14.841566,80.842087,-15.135607,-14.950822,1.51414,1.59807222449501,1.2692372617347
1.351,80.547157,-13.376632,-14.841566,81.046928,-14.215353,-16.424664,1.76373,1.8614975659507,1.00943482025534
1.352,80.547157,-13.376632,-14.841566,80.930771,-13.93081,-13.386839,1.08153,1.14148166811397,1.12111240638646
1.353,80.547157,-13.376632,-14.841566,80.842087,-14.662375,-13.81298,1.24792,1.31709504431018,1.2979718739381
1.354,80.547157,-13.376632,-14.841566,80.424202,-12.53873,-13.491047,1.51414,1.59807222449501,0.889292540381284
1.355,37.462864,-30.639582,-1.700671,37.261875,-26.939013,-2.370748,1.41557,1.49403826517258,1.76764437245759
1.356,37.462864,-30.639582,-1.700671,37.206795,-28.913197,-2.145085,0.687563,0.725676181126227,0.863026502567207
1.357,37.462864,-30.639582,-1.700671,37.499245,-28.802002,-2.660885,1.00101,1.05649826135084,1.0815800369857
1.358,37.462864,-30.639582,-1.700671,37.133175,-29.849382,-2.119854,0.515672,0.544256871986602,0.53941329200351
1.359,37.462864,-30.639582,-1.700671,37.38995,-29.232569,-4.247711,2.00202,2.11299652270167,1.91516137581706
1.360,37.462864,-30.639582,-1.700671,37.408199,-30.200422,-2.937982,1.15268,1.21657567446267,0.884328017961678
1.361,37.462864,-30.639582,-1.700671,37.280209,-30.154894,-3.822695,1.7998,1.89956700810105,1.49661674419444
1.362,37.462864,-30.639582,-1.700671,37.48106,-31.109324,-3.578527,1.4459,1.52604952606585,1.28068767042113
1.363,37.462864,-30.639582,-1.700671,37.662354,-31.112587,-2.616888,0.788675,0.832393049291086,0.6654775776513
1.364,37.462864,-30.639582,-1.700671,37.114742,-31.375387,-2.382415,0.768453,0.811050097831025,0.617957357486945
1.365,37.462864,-30.639582,-1.700671,37.335136,-33.834175,-2.943526,1.64813,1.73948959498921,1.51913496429643
1.366,37.462864,-30.639582,-1.700671,37.698467,-32.572544,-1.892215,0.758342,0.800378622100993,0.839917272083795
1.367,27.600302,-29.435375,-12.171539,27.407864,-27.469625,-11.203574,0.866388,0.914413857658992,0.947285560493119
1.368,27.600302,-29.435375,-12.171539,27.627655,-28.149454,-11.823294,0.636743,0.672039112923263,0.572683268108866
1.369,27.600302,-29.435375,-12.171539,27.654972,-26.861801,-12.210331,1.3048,1.37712803209815,1.23980447563344
1.370,27.600302,-29.435375,-12.171539,27.435459,-26.291338,-12.493537,1.62839,1.71865536188558,1.59816700367132
1.371,27.600302,-29.435375,-12.171539,27.545492,-25.61208,-13.041737,2.15031,2.26950657472484,2.1047600641847
1.372,27.600302,-29.435375,-12.171539,27.380234,-27.437597,-13.372876,1.51357,1.59747062809841,1.40416236335167
1.373,27.600302,-29.435375,-12.171539,27.654972,-27.684763,-13.489986,1.77453,1.87289623451804,1.3512701076135
1.374,27.600302,-29.435375,-12.171539,27.324867,-27.470087,-13.743175,2.32777,2.45680358620257,1.57773596686567
1.375,27.600302,-29.435375,-12.171539,27.600302,-28.433243,-13.823541,2.07724,2.19238613840862,1.264609230782
1.376,27.600302,-29.435375,-12.171539,27.791056,-30.130484,-15.129764,2.27557,2.40171002146045,1.72661895538978
1.377,27.600302,-29.435375,-12.171539,27.324867,-30.063053,-13.321326,0.897704,0.947465774775168,0.705035548379212
1.378,27.600302,-29.435375,-12.171539,27.899317,-30.943708,-13.639717,0.981211,1.03560175774299,0.962104055053929
1.379,27.600302,-29.435375,-12.171539,27.627655,-30.858858,-13.095523,0.91858,0.969498978942918,0.709191108693901
1.380,55.431038,-49.93047,26.83411,55.583668,-49.259148,26.18358,0.321012,0.338806425383118,0.315819237660565
1.381,55.431038,-49.93047,26.83411,55.532864,-48.762138,25.758438,0.554475,0.585210810543855,0.484952792589029
1.382,55.431038,-49.93047,26.83411,55.583668,-49.513599,26.269569,0.301556,0.318271935045517,0.269032954376336
1.383,55.431038,-49.93047,26.83411,55.451427,-49.464329,26.123629,0.379377,0.400406730099096,0.284500407304403
1.384,55.431038,-49.93047,26.83411,55.573513,-49.253998,25.13249,0.856031,0.903482745589372,0.696604297304951
1.385,55.431038,-49.93047,26.83411,55.674934,-49.594036,25.651308,0.57393,0.605744245449182,0.531299061948807
1.386,55.431038,-49.93047,26.83411,55.226509,-49.991859,25.450281,0.836576,0.882949310684046,0.63765619559767
1.387,55.431038,-49.93047,26.83411,55.492168,-50.232319,25.843628,0.768482,0.811080705366992,0.479623651149697
1.388,55.431038,-49.93047,26.83411,55.287991,-50.310722,25.628996,0.768482,0.811080705366992,0.597597016877141
1.389,55.431038,-49.93047,26.83411,55.318691,-50.332066,25.879183,0.515564,0.544142885300928,0.491928782499316
1.390,55.431038,-49.93047,26.83411,55.103226,-50.264984,26.085283,0.418288,0.441474655342023,0.49029800054862
1.391,55.431038,-49.93047,26.83411,55.359585,-50.977573,25.703701,0.856031,0.903482745589372,0.70244886868318
1.392,55.431038,-49.93047,26.83411,55.461617,-51.108845,26.141764,0.700389,0.739213155482214,0.57511793301333
1.393,55.431038,-49.93047,26.83411,55.031113,-52.094528,26.157166,1.01167,1.06774916939971,0.94239383590645
1.394,55.431038,-49.93047,26.83411,55.041424,-51.554726,26.666977,0.700389,0.739213155482214,0.673751232615651
1.395,55.431038,-49.93047,26.83411,55.573513,-51.788448,27.087231,0.554475,0.585210810543855,0.589165246081343
1.396,55.431038,-49.93047,26.83411,55.461617,-50.772346,27.075537,0.262646,0.277205065234864,0.256209669377555
1.397,55.431038,-49.93047,26.83411,55.674934,-51.503441,27.751709,0.457198,0.482541525152675,0.556877246149414
1.398,90.802719,-2.08146,1.455719,90.711411,-2.028047,3.125919,1.0687,1.12794047202889,1.51124570206866
1.399,90.802719,-2.08146,1.455719,91.189026,-1.828244,3.475249,1.24973,1.31900537672749,1.88105065618263
1.400,90.802719,-2.08146,1.455719,90.68856,-1.907585,2.755523,0.888768,0.938034431967972,1.21828414873386
1.401,90.802719,-2.08146,1.455719,91.071152,-1.364467,3.276232,1.43075,1.51005972710333,1.96835139511371
1.402,90.802719,-2.08146,1.455719,90.861977,-1.469924,3.023164,1.35551,1.43064900275089,1.68753725129055
1.403,90.802719,-2.08146,1.455719,90.67485,-1.315188,2.348145,1.17557,1.24073451923178,1.35905712107448
1.404,90.802719,-2.08146,1.455719,90.578743,-1.098153,1.95776,1.12977,1.19239572104808,1.44347577068253
1.405,90.802719,-2.08146,1.455719,91.098381,-0.745106,1.522774,2.07852,2.1937370917203,1.84439998431562
1.406,90.802719,-2.08146,1.455719,91.216194,-0.800243,1.400647,1.64122,1.73219655797067,1.76943411226556
1.407,90.802719,-2.08146,1.455719,90.67942,-1.516574,1.292202,0.782988,0.826390805944564,0.767510463361906
1.408,90.802719,-2.08146,1.455719,90.866539,-0.727788,0.900608,1.7928,1.89217898217778,1.90556103187714
1.409,90.802719,-2.08146,1.455719,91.075691,-1.042527,0.426399,1.506,1.58948100577852,1.6900519991813
1.410,90.802719,-2.08146,1.455719,91.284042,-1.279252,-0.333846,1.20502,1.27181699972326,2.02109086472856
1.411,90.802719,-2.08146,1.455719,91.152786,-1.641874,0.05963,0.964013,1.01745043348179,1.44320373957126
1.412,90.802719,-2.08146,1.455719,91.378883,-1.521533,-0.314125,1.43075,1.51005972710333,1.8607329181425
1.413,90.802719,-2.08146,1.455719,92.759918,-2.185381,1.195739,0.782988,0.826390805944564,1.23867297527345
1.414,90.802719,-2.08146,1.455719,88.969727,-2.276175,2.262651,0.994547,1.04967700255911,1.37860272513658
1.415,90.802719,-2.08146,1.455719,92.287216,-2.799655,1.283729,1.24973,1.31900537672749,1.31981699693225
1.416,90.802719,-2.08146,1.455719,89.233498,-3.246892,1.822214,1.86805,1.97160026085297,1.79374343848368
1.417,90.802719,-2.08146,1.455719,92.420166,-2.623296,2.606,0.572519,0.604255030509505,1.5688152159157
1.418,90.802719,-2.08146,1.455719,92.198402,-2.738364,2.975188,1.29553,1.36734417491119,1.77251716601656
1.419,90.802719,-2.08146,1.455719,89.528664,-2.067738,0.463302,0.557252,0.588141745970845,1.22450779535196
1.420,90.802719,-2.08146,1.455719,89.924301,-1.816212,2.45599,0.661941,0.698633895382497,1.13987399896181
1.421,90.802719,-2.08146,1.455719,89.649994,-3.081164,3.11479,1.65649,1.74831300880615,2.01091924684139
1.422,90.802719,-2.08146,1.455719,91.944473,-3.22845,2.685541,1.80698,1.90714501183378,1.8990854160922
1.423,41.720253,3.289109,-17.93857,41.232006,3.352422,-15.642124,1.73316,1.82923300131149,1.55433217866848
1.424,41.720253,3.289109,-17.93857,41.657719,4.867814,-16.720016,3.17201,3.34784172984033,2.26753425900935
1.425,41.720253,3.289109,-17.93857,41.406208,4.815903,-16.748663,2.51799,2.65756791350615,2.2152489896977
1.426,41.720253,3.289109,-17.93857,42.077229,5.355484,-17.954351,2.3414,2.47118912810746,2.32463905913553
1.427,41.720253,3.289109,-17.93857,41.374615,5.641355,-18.021978,2.91694,3.07863261951899,2.6071811223352
1.428,41.720253,3.289109,-17.93857,42.077229,5.234933,-18.750866,1.58273,1.67046432422035,1.9802384544281
1.429,41.720253,3.289109,-17.93857,42.138866,4.854753,-19.062969,1.51079,1.59453652637459,1.56602110368251
1.430,41.720253,3.289109,-17.93857,41.860466,5.588626,-20.218264,1.8378,1.93967343454168,2.13909249619986
1.431,41.720253,3.289109,-17.93857,41.358803,5.558454,-21.38813,2.13865,2.25720023440122,2.24507774494559
1.432,41.720253,3.289109,-17.93857,43.799587,3.068473,-19.093336,1.63506,1.72569509515819,2.08486597015668
1.433,41.720253,3.289109,-17.93857,44.390274,1.586891,-18.373663,2.81884,2.97509471336569,3.20768093749784
1.434,41.720253,3.289109,-17.93857,43.741329,1.009265,-16.645134,2.91694,3.07863261951899,3.10449571947885
1.435,41.720253,3.289109,-17.93857,37.188408,4.055164,-18.948629,3.64944,3.85173676077581,4.03359490377603
1.436,41.720253,3.289109,-17.93857,39.731644,2.508172,-19.67495,2.9431,3.10624272782654,2.411598148875
1.437,41.720253,3.289109,-17.93857,39.765125,2.102488,-18.361389,2.31524,2.44357901979991,2.28255289892804
1.438,41.720253,3.289109,-17.93857,42.200375,3.218757,-20.301023,1.75932,1.85684310961904,1.5405436165465
1.439,41.720253,3.289109,-17.93857,40.328278,0.800711,-17.762697,3.42054,3.61014831308477,3.09046824256165
1.440,41.720253,3.289109,-17.93857,43.595192,3.433692,-20.589329,2.26292,2.38835880318482,2.30828842197942
1.441,41.720253,3.289109,-17.93857,40.702942,1.478193,-15.840391,2.13865,2.25720023440122,2.25240255790087
1.442,34.782253,27.245667,-21.393272,35.142853,26.693014,-19.78117,0.816495,0.861755175174724,0.884607389696293
1.443,34.782253,27.245667,-21.393272,35.043198,26.995142,-18.490335,1.94124,2.04884734904216,1.6125175438399
1.444,34.782253,27.245667,-21.393272,34.313908,26.870752,-18.645075,1.37835,1.45475507590626,1.53903320617732
1.445,34.782253,27.245667,-21.393272,35.003223,27.807022,-19.951809,1.42062,1.49936819816008,0.981716430404511
1.446,34.782253,27.245667,-21.393272,34.701424,28.378311,-19.715693,1.53814,1.62340259908909,1.2836056036674
1.447,34.782253,27.245667,-21.393272,34.862831,29.547581,-20.107298,2.19588,2.31760262348535,1.56309074579224
1.448,34.782253,27.245667,-21.393272,34.822575,28.983156,-20.563919,1.49485,1.57771293591502,1.12974234431803
1.449,34.782253,27.245667,-21.393272,34.579689,29.508501,-20.474421,1.83505,1.93677099578611,1.40662310528408
1.450,34.782253,27.245667,-21.393272,34.416462,29.937304,-21.220722,1.78144,1.88018927153658,1.37998332704007
1.451,34.782253,27.245667,-21.393272,33.77375,31.376785,-21.588411,2.49278,2.63096046585962,2.09242224097463
1.452,34.782253,27.245667,-21.393272,33.857616,30.544945,-21.815777,1.90928,2.01511573354105,1.67977010925927
1.453,34.782253,27.245667,-21.393272,34.293346,31.261942,-22.297226,2.2268,2.35023658942073,1.80449204376603
1.454,34.782253,27.245667,-21.393272,34.579689,30.277924,-23.256861,1.07113,1.13050517245654,1.37430201190586
1.455,34.782253,27.245667,-21.393272,34.923092,30.505457,-23.658497,1.56907,1.65604711934722,1.51081913896387
1.456,34.782253,27.245667,-21.393272,34.498207,28.984913,-23.220827,0.869072,0.91724663788443,1.01626181884602
1.457,34.782253,27.245667,-21.393272,35.59634,27.761345,-22.201654,0.614433,0.648492418873516,0.786242827270545
1.458,34.782253,27.245667,-21.393272,35.945759,27.899076,-22.789019,0.774227,0.81714416378545,1.18851878466542
1.459,34.782253,27.245667,-21.393272,37.280209,27.717524,-21.981091,1.32577,1.39926044689973,2.10508025243269
1.460,34.782253,27.245667,-21.393272,32.810143,24.388157,-20.652191,1.87732,1.98138411803993,2.08804916986977
1.461,34.782253,27.245667,-21.393272,36.233395,25.022652,-23.16666,2.25876,2.38396820492184,2.20955319737908
1.462,34.782253,27.245667,-21.393272,36.118721,26.365995,-19.787834,0.996907,1.05216782272752,1.37910448567436
1.463,34.782253,27.245667,-21.393272,37.243526,25.813442,-24.886179,2.71546,2.86598412480169,3.17275226896142
1.464,34.782253,27.245667,-21.393272,31.601139,25.170433,-21.706625,2.2268,2.35023658942073,2.80853864297001
1.465,34.782253,27.245667,-21.393272,36.593246,28.569469,-23.231895,1.25155,1.32092626346754,1.76919433181405
1.466,60.781628,26.628914,-14.850884,60.746311,25.423386,-16.087402,1.38117,1.45773139492106,1.07880486463792
1.467,60.781628,26.628914,-14.850884,60.9753,27.481886,-12.960153,1.60245,1.69127744867848,1.28696314276872
1.468,60.781628,26.628914,-14.850884,61.080532,26.431522,-12.4114,1.542,1.62747656766964,1.41546768244223
1.469,60.781628,26.628914,-14.850884,61.089287,25.883974,-12.780062,1.33823,1.41241113304316,1.18006340058844
1.470,60.781628,26.628914,-14.850884,61.089287,25.01026,-12.811135,1.49284,1.57559151704277,1.24801480043483
1.471,60.781628,26.628914,-14.850884,60.293129,23.880619,-12.667847,1.84143,1.94350465369903,1.63308205099806
1.472,60.781628,26.628914,-14.850884,60.595844,23.758535,-13.054231,1.80603,1.90614235117277,1.51672391974432
1.473,60.781628,26.628914,-14.850884,60.373493,23.971628,-14.411986,1.83842,1.94032780255203,1.33072314938652
1.474,60.781628,26.628914,-14.850884,60.657875,23.613691,-14.83318,1.88211,1.986439638636,1.53180451273483
1.475,60.781628,26.628914,-14.850884,60.825729,23.887295,-15.057979,1.95217,2.06038322380522,1.43272374224066
1.476,60.781628,26.628914,-14.850884,60.586975,24.743639,-15.280836,1.4838,1.566050409279,1.06655704760245
1.477,60.781628,26.628914,-14.850884,60.444786,23.85589,-12.717434,1.84746,1.9498689103158,1.59576503239686
1.478,60.781628,26.628914,-14.850884,60.7728,25.921865,-12.678298,1.12411,1.18642197437297,1.20678492940282
1.479,60.781628,26.628914,-14.850884,60.922577,25.900261,-12.727738,1.2968,1.36868457390012,1.18512593026157
1.480,60.781628,26.628914,-14.850884,60.984081,27.571836,-13.021624,1.86969,1.97333116978356,1.27943862797292
1.481,60.781628,26.628914,-14.850884,61.12429,26.38133,-12.485559,1.76062,1.85821517157622,1.37567826736953
1.482,60.781628,26.628914,-14.850884,60.560356,23.753618,-13.089938,2.10525,2.22194879642446,1.51365512817146
1.483,60.781628,26.628914,-14.850884,60.302063,23.901823,-12.794154,2.03652,2.14940893618066,1.58464823579129
1.484,60.781628,26.628914,-14.850884,60.957733,22.270672,-13.737035,3.24916,3.42926832983755,2.14095562227485
1.485,60.781628,26.628914,-14.850884,60.904987,24.932285,-14.648761,1.06969,1.12898534998089,0.82243463976777
1.486,60.781628,26.628914,-14.850884,60.62244,25.04315,-11.965741,1.78091,1.87962989243096,1.64486161254185
1.487,60.781628,26.628914,-14.850884,60.966518,26.197327,-13.530338,1.32363,1.39700182183176,0.747257527158228
1.488,60.781628,26.628914,-14.850884,61.001637,24.796438,-13.834193,1.67924,1.77232409305679,0.939803798007266
1.489,60.781628,26.628914,-14.850884,60.940159,22.91696,-13.167384,2.63484,2.78089517481108,1.85361570473621
1.490,60.781628,26.628914,-14.850884,60.684425,21.671885,-15.296847,2.9494,3.11289195115749,2.69371960484486
1.491,60.781628,26.628914,-14.850884,60.595844,24.491076,-14.879472,1.73938,1.83579779006046,1.0902863097533
1.492,60.781628,26.628914,-14.850884,60.869781,26.586149,-14.892367,0.109547,0.115619439402404,0.0848965033591238
1.493,53.931381,44.543896,48.896751,53.984539,46.073296,50.417065,0.431398,0.455311372464039,0.541274350119931
1.494,53.931381,44.543896,48.896751,54.175232,46.229359,49.660862,0.522515,0.551479195042739,0.649930882134178
1.495,53.931381,44.543896,48.896751,54.364895,46.252567,49.2738,0.577836,0.609866763914368,0.812396594884615
1.496,53.931381,44.543896,48.896751,54.343872,46.326199,48.689896,0.754529,0.796354258837359,0.989615381167469
1.497,53.931381,44.543896,48.896751,54.4174,46.147171,48.369045,0.79912,0.843417039400885,1.04675029162179
1.498,53.931381,44.543896,48.896751,54.543091,46.201389,47.97047,0.99015,1.04503626684701,1.25790803849812
1.499,53.931381,44.543896,48.896751,54.396408,45.605453,47.751476,0.787951,0.831628916324165,1.03866236182113
1.500,53.931381,44.543896,48.896751,54.657913,45.663181,46.982784,1.06579,1.12486916410936,1.4664077811384
1.501,53.931381,44.543896,48.896751,54.22802,44.77832,47.606525,0.703958,0.742979993270808,0.721983342896059
1.502,53.931381,44.543896,48.896751,54.175232,44.48217,47.60342,0.660422,0.697030693757147,0.608526323545885
1.503,53.931381,44.543896,48.896751,54.154095,44.178787,47.29694,0.71504,0.754676293739625,0.647984382647544
1.504,53.931381,44.543896,48.896751,54.027004,43.49295,47.316589,0.498417,0.526045388085733,0.516566206552567
1.505,53.931381,44.543896,48.896751,54.532631,47.70937,49.415211,1.09587,1.15661656693394,1.44571095973012
1.506,45.151043,-2.811008,-2.501926,45.33139,-3.092339,-3.071134,0.684433,0.722372678106249,0.60802394550191
1.507,45.151043,-2.811008,-2.501926,45.178856,-3.125749,-2.870928,0.623786,0.658363876939284,0.487101933161916
1.508,45.151043,-2.811008,-2.501926,45.386665,-3.26021,-2.6558,0.537111,0.566884284525039,0.608217568028734
1.509,45.151043,-2.811008,-2.501926,45.164951,-3.313056,-2.403256,0.654296,0.690565115642008,0.643457685489093
1.510,45.151043,-2.811008,-2.501926,45.386665,-3.556713,-2.135454,0.992279,1.04728328215996,1.03863041754775
1.511,45.151043,-2.811008,-2.501926,45.524429,-3.543811,-1.897792,0.854047,0.901388767956261,1.16136279539101
1.512,45.151043,-2.811008,-2.501926,45.317554,-3.378679,-2.751668,0.669988,0.707126958897437,0.7376305988799849
1.513,45.151043,-2.811008,-2.501926,45.961174,-3.543717,-2.61499,0.908344,0.958695574178543,1.19179485502589
1.514,45.151043,-2.811008,-2.501926,45.081394,-2.931315,-1.923165,0.577086,0.609075189708303,0.561391111965746
1.515,45.151043,-2.811008,-2.501926,42.89854,-3.337323,-2.757914,1.21445,1.28176972607419,2.20695562272957
1.516,45.151043,-2.811008,-2.501926,42.642456,-2.615103,-3.107763,1.26202,1.3319766393842,2.4149467348562
1.517,45.151043,-2.811008,-2.501926,42.793365,-2.900251,-1.820894,1.24857,1.31778107528877,2.28828077157615
1.518,45.151043,-2.811008,-2.501926,45.178856,-3.391616,-2.987074,0.792902,0.836854361516469,0.802192716868562
1.519,45.151043,-2.811008,-2.501926,44.94162,-2.64182,-3.352035,0.760274,0.802417717255817,0.821963047131162
1.520,45.151043,-2.811008,-2.501926,45.081394,-2.938557,-2.013605,0.452428,0.477507113202102,0.48717902479941
1.521,45.151043,-2.811008,-2.501926,46.803467,-3.812742,-2.843082,1.31258,1.38533929519573,2.01584819844143
1.522,45.151043,-2.811008,-2.501926,46.578411,-3.045476,-3.218338,1.11519,1.17700751848217,1.52366898464836
1.523,45.151043,-2.811008,-2.501926,46.710995,-3.345115,-1.845587,1.19614,1.26244476112345,1.76553070380508
1.524,45.151043,-2.811008,-2.501926,45.729923,-3.098526,-1.87039,0.761395,0.803600856835816,0.894168189049589
1.525,62.516075,9.693719,8.869917,58.283024,8.528453,8.373878,3.38,3.56736108866627,3.8562285080059
1.526,62.516075,9.693719,8.869917,68.577057,10.293497,8.542368,5.57,5.87875777037608,4.99896461872363
1.527,24.161263,-9.857612,-18.295889,28.300611,-11.133653,-21.341335,4.47,4.71778226814741,3.48133887789543
1.528,25.381853,-10.939287,-18.032888,28.033894,-12.7443,-19.455858,3.03,3.1979597925026,2.3884090837585
1.529,54.958851,-28.746519,15.812528,58.798046,-27.415251,17.337553,3.49,3.68345863888914,3.73252383062558
1.530,54.958851,-28.746519,15.812528,56.456356,-26.062927,17.806543,3.04,3.20851411525014,2.39760432132826
1.531,54.958851,-28.746519,15.812528,55.154644,-25.030249,17.727829,3.09,3.2612857289878,2.37289166413859
1.532,56.45636,-26.06291,17.80658,52.916649,-24.718689,17.609694,3.75,3.95787103032501,3.42924504391813
1.533,54.896797,-31.312233,17.238083,52.916645,-24.718735,17.609871,3.9,4.11618587153801,3.70595917488401
1.534,54.896797,-31.312233,17.238083,50.838955,-27.263376,16.411703,3.97,4.19006613077074,4.33786754878004
1.535,50.838955,-27.263258,16.41168,56.187775,-29.261965,17.105936,4.38,4.62279336341961,5.25540031948234
1.536,52.916645,-24.718616,17.609802,56.187775,-29.261934,17.10589,3.94,4.15840316252814,3.87283675564477
1.537,54.896797,-31.312233,17.238083,61.098042,-35.322903,17.89843,4.73,4.99219465958328,5.84121785012574
1.538,60.896187,-38.903473,16.049135,65.849754,-41.461391,17.135906,3.52,3.71512160713174,4.26699724793141
1.539,58.480507,30.393116,-0.180173,62.380802,31.832623,-0.540208,2.91,3.0713079195322,3.47079491997086
1.540,58.480507,30.393116,-0.180173,64.241798,33.21701,-1.621403,4.3,4.53835878143934,5.17919167884789
1.541,58.480507,30.393116,-0.180173,62.380802,31.832623,-0.540208,3.02,3.18740546975507,3.47079491997086
1.542,58.480507,30.393116,-0.180173,64.241798,33.21701,-1.621403,4.14,4.36948961747881,5.17919167884789
1.543,67.216965,-2.489731,2.575977,63.251865,-3.020112,2.407461,3.8,4.01064264406267,3.32695045135087
1.544,67.19442,-2.912872,3.850826,71.825623,-3.614798,4.224699,3.51,3.70456728438421,3.70992419560327
1.545,30.37582,3.476698,-34.958138,33.435429,2.692295,-36.979984,3.62,3.82066483460707,2.80692533239224
1.546,30.496466,5.992533,-37.702686,28.114248,5.726606,-35.105156,2.97,3.13463385601741,2.12388795201137
1.547,32.369396,-13.999039,-20.116463,35.459164,-14.781438,-21.057169,2.95,3.11352521052234,2.57738115632432
1.548,39.275635,-26.128975,-21.191074,34.148941,-24.858421,-19.715172,5.48,5.78376886564828,4.38650351796879
1.549,32.369396,-13.999039,-20.116463,35.53764,-21.137602,-22.245789,5.53,5.83654047938594,4.77155599011797
1.550,32.369396,-13.999039,-20.116463,31.277468,-21.816063,-20.109856,5.45,5.75210589740568,4.70891681111157
1.551,32.369396,-13.999039,-20.116463,29.588387,-20.148691,-20.277988,5.32,5.61489970168774,4.29217866745115
1.552,32.369396,-13.999039,-20.116463,32.6348,-21.506765,-20.66925,5.34,5.63600834718281,4.37491969109171
1.553,35.459164,-14.781334,-21.057093,36.061195,-21.562092,-22.162203,4.77,5.03441195057341,3.81844618267787
1.554,35.459164,-14.781334,-21.057093,31.277468,-21.815945,-20.109787,6.56,6.92363572238188,5.44460028816474
1.555,33.070816,-18.073713,-19.322838,40.702946,-25.195724,-23.189289,8.05,8.49622981176435,7.40288195569811
1.556,60.675575,-44.894264,39.810722,60.737476,-33.867989,28.102961,5.37,5.66767131542541,4.85774971752918
1.557,60.675575,-44.894264,39.810722,58.658291,-34.591648,28.587801,4.92,5.19272679178641,4.92007947464378
1.558,60.675575,-44.894264,39.810722,57.104637,-38.454281,32.305595,3.97,4.19006613077074,4.30720991168955
1.559,60.675575,-44.894264,39.810722,56.446445,-43.901657,38.351856,3.64,3.84177348010214,3.83067287639942
1.560,58.658291,-34.591827,28.587822,56.446445,-43.901817,38.351883,5.52,5.82598615663841,4.56596191398288
1.561,60.737476,-33.868229,28.102993,57.104641,-38.454205,32.305771,5.02,5.29827001926174,3.81030000960944
1.562,61.063011,-42.05619,42.715523,57.279461,-40.36079,40.422882,3.37,3.55680676591874,3.46072501806422
1.563,75.095337,-0.532285,84.384766,69.269638,-0.6472,79.116127,3.71,3.91565373933487,4.53566848839982
1.564,74.736542,-3.613302,81.708183,79.139091,-3.735924,85.251396,2.76,2.9129930783192,3.23475504970137
1.565,52.331081,40.095707,54.779003,56.673737,42.677818,57.724091,3.11,3.28239437448287,4.25454930715411
1.566,51.4506,41.28022,52.641716,55.522694,45.51041,56.454082,3.02,3.18740546975507,4.20974718374743
1.567,55.277752,50.730179,35.191422,52.553226,43.285896,27.890947,4.19,4.42226123121647,4.07204948731835
1.568,55.277752,50.730179,35.191422,50.037422,42.680801,28.206703,5.29,5.58323673344514,5.99185277738644
1.569,55.277752,50.730179,35.191422,50.487717,48.119617,32.846394,4.1,4.32727232648867,4.78150234148795
1.570,55.277752,50.730179,35.191422,51.473465,51.351944,36.877319,4.14,4.36948961747881,3.75987526185987
1.571,51.473465,51.352066,36.877335,55.54303,54.492077,39.5331,2.64,2.7863412053488,4.08089358684242
1.572,50.487717,48.119705,32.846241,50.745651,53.057079,38.648331,2.88,3.0396449512896,2.25920168281167
1.573,52.062588,52.378605,32.865681,49.713703,53.599739,39.420212,4.41,4.65445633166221,3.79500268619982
1.574,60.293129,-15.841853,59.432617,65.01017,-16.927208,63.030132,3.47,3.66234999339407,4.1187587452174
1.575,59.807343,-19.738041,57.327293,56.406769,-18.376207,55.204948,2.95,3.11352521052234,3.1635201152342
1.576,61.714573,10.628077,31.698782,57.693752,10.497884,30.176144,3.93,4.14784883978061,3.61337652180273
1.577,61.77483,13.395668,31.494917,66.710503,15.756843,34.626713,3.5,3.69401296163667,4.40630683321428
1.578,61.394508,19.109142,60.998608,66.389832,21.836231,65.072273,3.91,4.12674019428554,4.41528351547005
1.579,61.411877,19.422462,65.299904,56.919193,18.464613,60.690044,3.27,3.45126353844341,4.17849039449058
1.580,22.82711,17.739157,-34.414017,26.098566,19.111952,-37.872101,2.98,3.14518817876494,2.78742185562291
1.581,23.405184,16.900217,-34.256824,27.129957,17.679699,-37.421871,3.13,3.30350301997794,3.10802736000498
1.582,37.553726,45.587086,20.804796,33.878536,42.173317,18.530891,3.95,4.16895748527567,3.33425472499469
1.583,36.948235,47.273624,17.229256,33.178619,43.719856,14.9012,3.9,4.11618587153801,3.41763320929552
1.584,38.039131,-33.343899,-1.68362,35.103035,-31.280479,-1.334379,3.2,3.37738327921067,2.61562163092254
1.585,38.039131,-33.343899,-1.68362,42.672699,-34.328117,-1.463435,4.88,5.15050950079627,4.11833388147213
1.586,26.67771,-26.515356,-9.772418,29.738104,-28.471516,-10.862869,3.28,3.46181786119094,2.52357098531848
1.587,28.060711,-26.172367,-12.724666,31.370398,-28.967501,-12.821016,3.64,3.84177348010214,2.88119326135412
1.588,90.560417,1.66733,1.81549,84.375404,1.316931,2.251513,3.45,3.64124134789901,4.02431224330901
1.589,90.752518,-1.865089,2.553054,86.736259,-2.602544,2.320671,3.25,3.43015489294834,2.73615940533725
1.590,35.222294,29.766779,-21.382965,31.98834,28.285166,-20.377663,3.24,3.41960057020081,2.70329839122242
1.591,34.782253,25.197487,-19.236778,39.496132,29.221016,-21.484358,5.33,5.62545402443528,4.39879421063078
1.592,90.560417,1.66733,1.81549,84.375404,1.316931,2.251513,3.64,3.84177348010214,4.02431224330901
1.593,90.752518,-1.865089,2.553054,86.736259,-2.602544,2.320671,2.61,2.7546782371062,2.73615940533725
1.594,61.463936,24.613506,-14.245343,56.752464,22.756124,-13.460519,3.82,4.03175128955774,4.30198635910995
1.595,61.611057,20.526964,-12.718345,66.603889,21.900915,-12.568662,3.45,3.64124134789901,4.23398670616886
1.596,61.463936,24.613506,-14.245343,56.752464,22.756124,-13.460519,3.28,3.46181786119094,4.30198635910995
1.597,61.611057,20.526964,-12.718345,66.603889,21.900915,-12.568662,3.2,3.37738327921067,4.23398670616886
1.598,34.252171,31.402319,-9.627592,38.67308,33.983028,-11.227219,4.07,4.29560935824607,3.90757067522492
1.599,34.579689,31.9753,-11.976392,29.107674,28.471119,-11.577841,5.79,6.11095287082181,4.58266915250366
1.600,49.520355,-40.411953,-1.780743,54.280727,-43.331654,-1.487334,4.01,4.23228342176087,4.82153559403654
1.601,49.496109,-40.30743,-0.312041,53.760738,-43.658661,-0.454582,3.94,4.15840316252814,4.38678622991431
1.602,21.762815,-5.330461,-4.165325,26.273977,-5.721074,-4.59285,4.17,4.40115258572141,3.29927650085722
1.603,21.762815,-5.330461,-4.165325,17.645058,-3.9375,-3.420687,4.28,4.51725013594427,3.28069360557555
1.604,90.925728,-0.538932,-0.905779,88.638138,-0.896841,-0.709212,1.428,1.50715728834776,1.5381115376087
1.605,81.538322,-0.138157,0.059486,79.579659,0.087818,0.230697,1.498,1.5810375475805,1.39963009880135
1.606,78.25721,-0.145334,-0.177084,76.472595,-0.238812,-0.433428,1.288,1.3593967698823,1.30210847824029
1.607,72.195068,-0.097323,-0.194733,70.217941,-0.088891,-0.061784,1.498,1.5810375475805,1.5136429554258
1.608,64.314461,-0.04561,-0.044272,62.701313,-0.078866,-0.016986,1.4,1.47760518465467,1.35410172167071
1.609,51.746639,-0.336176,-1.034046,50.487717,-0.364114,-1.091599,1.26,1.3298446661892,1.25565279960473
1.610,45.095337,-0.233029,-0.638954,43.639107,-0.196992,-0.55483,1.414,1.49238123650122,1.36929218683938
1.611,39.898655,-0.274651,-1.401929,38.881161,-0.404753,-1.556684,1.484,1.56626149573395,0.918018136374492
1.612,24.481285,-0.396769,-2.149093,23.737452,-0.394988,-2.208737,1.442,1.52193334019431,0.540712814600186
1.613,19.013502,-0.392225,-2.338232,17.827913,-0.369441,-2.372141,1.736,1.83223042897179,0.808344922578037
1.614,10.258947,-0.337053,-2.544859,8.907858,-0.372164,-2.491766,1.47,1.5514854438874,0.846001006972343
1.615,6.77475,-0.290546,-2.421356,5.87145,-0.241373,-2.225596,1.344,1.41850097726848,0.578810227894061
1.616,2.07759,-0.125785,-1.075813,1.17429,-0.099926,-0.807937,1.386,1.46282913280812,0.585098764696965
1.617,2.07759,0.079546,-1.133855,0.9033,-0.063582,-0.550841,1.246,1.31506861434266,0.907901768585237
1.618,71.015465,-18.772522,-25.778711,68.780228,-18.95849,-25.105896,1.624,1.71402201419942,1.76721761006606
1.619,66.320786,-20.08313,-28.516874,64.946693,-19.758181,-28.083265,1.232,1.30029256249611,1.14141124105405
1.620,51.701263,-18.041677,-22.550978,50.628654,-17.791826,-22.331953,1.288,1.3593967698823,1.07865168264212
1.621,48.85923,-17.188835,-21.234711,47.675125,-16.829433,-20.526653,1.372,1.44805308096158,1.22811273178571
1.622,41.547955,-15.280587,-19.750408,40.654354,-15.390312,-19.490849,1.036,1.09342783664446,0.816741666350835
1.623,25.381853,-10.298969,-15.034953,24.481285,-9.768497,-14.540817,1.372,1.44805308096158,0.806336374751664
1.624,83.568497,-0.016315,60.222904,80.805466,-0.504445,59.441711,1.316,1.38894887357539,1.90741569135585
1.625,79.110336,-2.900168,53.850086,76.533401,-2.798481,53.757591,1.386,1.46282913280812,1.82631003366005
1.626,71.859337,-3.832097,49.021439,70.252922,-3.53772,48.603973,1.232,1.30029256249611,1.24756370211893
1.627,59.816395,-3.67042,43.792305,58.046539,-3.525021,42.995831,1.484,1.56626149573395,1.60476739398435
1.628,51.4506,-3.284653,41.471157,49.881954,-3.484262,40.154255,1.512,1.59581359942704,1.64616919916207
1.629,43.58054,-3.991546,34.088932,42.384117,-3.991448,33.724861,1.26,1.3298446661892,1.10854294933489
1.630,38.092533,-3.053049,33.014938,36.649616,-3.088117,32.234447,1.176,1.24118835510992,1.26633324363477
1.631,71.616013,29.325998,9.574788,69.958183,28.577225,9.204361,0.98,1.03432362925827,1.32154171897031
1.632,62.877323,24.639366,7.403552,61.115543,24.276516,7.323507,1.414,1.49238123650122,1.51871342544557
1.633,56.077782,22.58659,6.715023,55.000164,22.407627,6.565872,1.162,1.22641230326338,1.02002089123154
1.634,52.905689,20.17458,5.665442,51.633087,19.723129,5.487911,1.176,1.24118835510992,1.28380103673858
1.635,41.327156,18.16258,5.137015,40.048115,17.995426,5.226207,1.302,1.37417282172884,1.14387328677807
1.636,36.948235,17.386126,5.264829,36.09956,17.019642,5.169783,1.176,1.24118835510992,0.752503164796017
1.637,28.876348,14.531959,4.678038,27.926296,13.900254,4.329706,1.554,1.64014175496668,0.880071489678536
1.638,75.625191,3.199141,67.709763,73.971764,3.274957,65.596619,1.274,1.34462071803575,1.32453445750841
1.639,75.045151,3.712638,68.159973,72.074493,3.854826,67.077576,1.652,1.74357411789251,2.22449931614715
1.640,74.31752,4.167695,67.094818,72.074501,3.854013,67.077484,1.372,1.44805308096158,1.68316460774784
1.641,71.227966,1.615196,62.209904,68.116318,1.500344,59.80759,1.624,1.71402201419942,2.50038607388174
1.642,45.33139,46.762058,23.94488,43.988136,45.743324,23.673737,1.19,1.25596440695647,1.30963553253957
1.643,41.390415,48.237415,26.746296,40.229717,47.305862,26.718287,0.98,1.03432362925827,1.09079384982124
1.644,36.366547,49.014481,31.268713,35.202457,47.824463,30.974993,1.33,1.40372492542194,1.04713522972103
1.645,29.613407,-9.056348,-34.95953,28.694765,-8.891593,-34.170197,1.47,1.5514854438874,0.763843545390185
1.646,29.613407,-9.056348,-34.95953,28.406404,-8.59418,-34.175392,1.568,1.65491780681323,1.02174782437414
1.647,61.860748,-10.803149,44.768566,61.688721,-10.228321,40.521389,1.39,1.46705086190714,1.47091289956367
1.648,61.688721,-10.228362,40.521297,62.014931,-11.884862,41.140507,1.74,1.8364521580708,1.05990120033362
1.649,61.602417,-10.69253,44.759777,61.860748,-9.062932,38.566864,2.36,2.49082016841787,2.20141439318368
1.650,61.860748,-9.062901,38.566849,61.937916,-11.845445,40.300598,2.59,2.73356959161114,1.74166465976914
1.651,61.541893,-10.138509,40.525043,61.955044,-10.005843,40.583672,0.48,0.506607491881601,0.367721877089961
1.652,63.119102,-4.259536,-5.963089,63.433693,-4.418618,-8.409433,2.18,2.30084235896227,1.84131520005909
1.653,63.433693,-4.418558,-8.409455,62.977551,-2.837946,-8.948474,2.69,2.83911281908647,1.95255225203689
1.654,63.433693,-4.418558,-8.409455,63.177242,-2.124738,-9.15677,3.06,3.22962276074521,2.8063109776165
1.655,62.969208,-3.033188,-8.750277,63.729446,-2.227545,-7.486834,1.94,2.04753861302147,1.41554102929423
1.656,62.969208,-3.033188,-8.750277,63.284985,-2.283503,-9.704954,1.44,1.5198224756448,1.21333668617304
1.657,62.969208,-3.033188,-8.750277,62.414665,-3.21093,-7.544514,0.89,0.939334724530468,1.04576035298569
1.658,62.074726,1.631322,-3.481141,62.236565,2.616548,-4.926463,2.04,2.1530818404968,1.68257912105851
1.659,62.236565,2.616369,-4.926349,61.62833,4.780815,-5.143895,2.56,2.70190662336854,2.69390111327259
1.660,61.12429,3.2893,-3.351414,61.636963,3.671946,-4.910094,1.6,1.68869163960534,1.41402064007292
1.661,61.307549,3.587627,-4.438084,61.662849,4.822494,-5.12297,1.2,1.266518729704,1.51166487537748
1.662,61.307549,3.587627,-4.438084,61.22039,4.195497,-4.601471,0.59,0.622705042104468,0.728567818761382
1.663,61.307549,3.587627,-4.438084,61.176739,3.33589,-3.20761,1.0,1.05543227475334,1.0651103768618
1.664,61.307549,3.587627,-4.438084,61.403194,4.794819,-4.312512,0.98,1.03432362925827,1.45518361179638
1.665,62.54982,9.185242,10.755328,62.423126,9.622292,9.302359,1.43,1.50926815289727,1.31943275979837
1.666,62.54982,9.185242,10.755328,62.709713,9.871574,8.832197,1.69,1.78368054433314,1.81225680471279
1.667,62.709713,9.871455,8.832256,62.4823,7.613036,9.372973,2.23,2.35361397269994,2.44139375586683
1.668,63.762173,14.707316,0.650715,64.395035,15.433628,3.624298,2.38,2.51192881391294,2.22067590781518
1.669,64.395042,15.433697,3.624419,63.524296,17.60363,2.163981,2.45,2.58580907314567,2.02002771336588
1.670,64.627815,18.870457,3.753606,63.581844,14.799252,0.778927,3.38,3.56736108866627,3.43784897166979
1.671,64.627815,18.870457,3.753606,64.803513,15.873413,4.246812,2.12,2.23751642247707,2.06760305449768
1.672,23.135275,17.304459,-34.817253,22.584,18.143545,-35.338531,1.03,1.08709524299594,0.553915876519158
1.673,23.135275,17.304459,-34.817253,22.195663,19.946421,-36.508568,1.15,1.21374711596634,1.38097289510672
1.674,22.195663,19.946392,-36.508457,22.998915,17.892027,-34.310883,0.76,0.802128528812535,1.11891078274235
1.675,22.998915,17.892221,-34.310917,23.135275,17.304354,-34.817234,1.25,1.31929034344167,0.652435032965133
1.676,22.998915,17.892221,-34.310917,23.934174,16.738255,-34.775845,0.89,0.939334724530468,1.20011833155709
1.677,22.861593,18.102205,-34.330376,23.033094,17.490633,-34.803165,1.2,1.266518729704,0.651969312497054
1.678,22.861593,18.102205,-34.330376,22.124203,20.254351,-36.512947,0.6,0.633259364852001,1.12069636777046
1.679,22.124203,19.866638,-36.370171,22.930374,17.805658,-34.13908,0.72,0.759911237822401,1.12906818713922
1.680,22.549021,15.54078,-30.682112,22.124205,19.866341,-36.370064,2.29,2.41693990918514,2.39214722078435
1.681,22.513975,13.263478,-31.474159,22.549021,15.54087,-30.682152,3.07,3.24017708349274,1.98751310798023
1.682,22.513975,13.263478,-31.474159,22.124205,19.866444,-36.370113,2.25,2.374722618195,3.01901684874598
1.683,21.944368,19.337234,-36.249416,22.124203,19.866697,-36.37027,0.46,0.485498846386534,0.321978827109166
1.684,37.644279,-30.3267,-1.19013,37.878304,-33.871635,-1.850277,1.52,1.60425705762507,1.53188440810236
1.685,37.878304,-33.871727,-1.850328,37.896221,-30.437382,-1.847032,1.04,1.09764956574347,1.42738222860921
1.686,37.644279,-30.3267,-1.19013,37.949902,-30.884563,-2.604484,1.27,1.34039898893674,1.01573516339912
1.687,38.28743,-30.83779,0.088921,37.878304,-30.900673,-2.537326,2.33,2.45915720017527,1.82243771119988
1.688,37.752544,-28.213318,-1.928556,37.806511,-33.786007,-1.780051,1.71,1.8047891898282,2.3850519097741
1.689,37.788536,-30.405518,-1.783149,37.806511,-33.785938,-1.779898,0.93,0.981552015520602,1.40683618179184
1.690,42.0,3.116429,-15.347556,42.261749,4.568511,-18.164015,1.74,1.8364521580708,1.9027014131889
1.691,41.844917,5.149412,-17.993149,41.26376,2.953419,-17.303785,2.59,2.73356959161114,2.37658835749171
1.692,42.261749,4.568421,-18.164082,41.453533,2.416735,-17.982721,2.68,2.82855849633894,2.49283002462484
1.693,41.844917,5.149412,-17.993149,41.453533,2.416973,-17.98266,3.08,3.25073140624027,3.0962219913495
1.694,41.453533,2.416973,-17.98275,42.200371,3.209737,-20.266949,1.28,1.35095331168427,1.40696358257927
1.695,41.120602,3.005794,-17.32873,41.891529,3.102635,-15.159831,1.66,1.75201757609054,1.58688649982495
1.696,41.120602,3.005794,-17.32873,41.008755,4.824992,-16.850786,2.4,2.533037459408,2.25183092441561
1.697,41.120602,3.005794,-17.32873,42.733093,5.065942,-17.826227,2.79,2.9446560465618,2.6492915056481
1.698,41.120602,3.005794,-17.32873,41.767063,5.21313,-17.965696,2.6,2.74412391435867,2.4083619004992
1.699,41.120602,3.005794,-17.32873,39.529896,2.800512,-19.606386,2.25,2.374722618195,2.0569138421231
1.700,41.120602,3.005794,-17.32873,40.328278,1.880911,-19.082632,2.82,2.9763190148044,2.09016849947991
1.701,41.120602,3.005794,-17.32873,40.180305,1.634736,-18.428913,2.42,2.55414610490307,2.11148945918962
1.702,41.120602,3.005794,-17.32873,42.061802,3.19256,-20.06008,1.76,1.85756080356587,1.7937693846834
1.703,41.120602,3.005794,-17.32873,43.033218,2.380715,-19.188526,2.4,2.533037459408,2.33674309205132
1.704,41.120602,3.005794,-17.32873,41.200222,0.016313,-17.339447,3.66,3.86288212559721,3.49703927489328
1.705,40.180305,1.634617,-18.428911,42.061802,3.192441,-20.06008,2.19,2.3113966817098,2.28174811665768
1.706,43.033218,2.380774,-19.188541,41.200222,0.016378,-17.339458,2.95,3.11352521052234,3.01742650316145
1.707,41.891533,3.102898,-15.15988,42.733097,5.065872,-17.826361,1.81,1.91033241730354,2.33956317798179
1.708,34.190285,32.168232,-9.73429,34.066051,31.63175,-10.904076,0.92,0.970997692773068,0.745395718253395
1.709,34.190285,32.168232,-9.73429,33.520443,30.414986,-12.289613,2.15,2.26917939071967,1.84919415595055
1.710,35.965034,30.561605,-11.031638,35.419838,35.197063,-10.829923,2.28,2.4063855864376,2.0087949547934
1.711,34.066051,32.061588,-9.733544,34.066051,30.260366,-12.659597,1.63,1.72035460784794,1.9750992924981
1.712,34.498207,28.470003,-10.080065,34.375488,32.433029,-11.999133,1.82,1.92088674005107,1.82339527166084
1.713,35.887848,30.486694,-10.968029,35.242119,35.161205,-10.783842,2.16,2.2797337134672,2.04380389530507
1.714,33.962048,31.504326,-10.846254,34.498207,28.469959,-10.080063,1.36,1.43538789366454,1.38566920563561
1.715,57.39555,-41.616154,-6.60528,57.492008,-43.084118,-7.14991,0.68,0.717693946832268,0.564524326312527
1.716,57.39555,-41.616154,-6.60528,58.169697,-45.478054,-7.989485,1.52,1.60425705762507,1.58932474416994
1.717,57.492008,-43.083912,-7.149897,57.463097,-41.96545,-7.462634,0.82,0.865454465297735,0.473151047696032
1.718,58.452362,-45.590378,-6.128921,58.76083,-42.526443,-7.905853,1.33,1.40372492542194,1.67146886172573
1.719,57.269772,-41.540562,-6.555326,57.626629,-45.495079,-7.12554,1.42,1.49871383014974,1.380960745887
1.720,65.826447,-1.697951,5.454526,67.051346,-1.637203,3.425771,2.08,2.19529913148694,1.96688276018876
1.721,67.051346,-1.637362,3.425857,67.186905,-2.95006,3.583408,2.3,2.42749423193267,1.70106426957094
1.722,67.186905,-2.94994,3.58331,67.22448,-2.59114,2.376471,1.37,1.44594221641207,1.10642133509529
1.723,65.826447,-1.626604,5.562673,65.787575,-0.392725,1.412608,4.44,4.68611929990481,3.8801300450876
1.724,65.826447,-1.626604,5.562673,67.22448,-1.693017,3.053566,3.17,3.34572031096807,2.41154009176952
1.725,65.826447,-1.626604,5.562673,67.747025,-1.616042,3.214952,3.24,3.41960057020081,2.50886728478901
1.726,65.826447,-1.626604,5.562673,67.051346,-1.637382,3.514867,2.45,2.58580907314567,1.98281007618809
1.727,66.960732,-4.706641,5.623862,67.171867,-2.920039,4.982064,2.44,2.57525475039814,2.12835482672683
1.728,67.171867,-2.91989,4.982072,66.76371,-3.188375,3.504724,1.36,1.43538789366454,1.36422569345931
1.729,66.960732,-4.706641,5.623862,66.76371,-3.188146,3.504445,2.69,2.83911281908647,2.33481295184439
1.730,67.426811,-2.186042,3.996931,66.76371,-3.188196,3.504646,1.87,1.97365835378874,1.48477178597193
1.731,40.361057,-22.629972,-20.694771,41.008755,-26.057306,-23.354427,2.0,2.11086454950667,1.86667094806585
1.732,41.008755,-26.057455,-23.354342,41.342987,-27.862955,-21.710922,1.71,1.8047891898282,1.43298011317518
1.733,41.008755,-26.057455,-23.354342,41.104649,-27.11038,-21.882095,1.16,1.22430143871387,1.04317308507367
1.734,30.424154,3.374569,-35.603924,30.351616,5.162564,-37.557579,0.86,0.907671756287868,0.7011834042874
1.735,30.424154,3.374569,-35.603924,30.520519,5.991661,-38.548622,0.98,1.03432362925827,0.992978826923077
1.736,30.520519,5.991959,-38.548687,30.424154,4.325249,-38.041538,0.99,1.0448779520058,1.02706435747461
1.737,30.351616,5.99612,-38.344559,30.254545,3.466784,-35.48613,0.92,0.970997692773068,0.958671830306423
1.738,30.351616,5.99612,-38.344559,29.960857,1.476013,-33.487358,1.34,1.41427924816947,1.85089249877086
1.739,30.351616,4.322109,-37.827114,30.375822,6.718535,-37.803238,2.06,2.17419048599187,1.77342733169919
1.740,76.265259,-4.122745,84.881577,75.151733,-0.832315,84.860237,2.27,2.39583126369007,1.99512488928449
1.741,76.265259,-4.122745,84.881577,75.226814,-0.613726,82.287331,2.49,2.6280263641358,2.13747360408749
1.742,75.226814,-0.613697,82.287521,75.718063,2.945673,85.177544,2.07,2.1847448087394,2.11247458278683
1.743,75.151733,-0.832554,84.860275,75.226814,-0.613637,82.287811,0.72,0.759911237822401,0.554598716150578
1.744,74.994911,-0.786576,84.732765,75.126678,-0.581406,82.247658,0.54,0.569933428366801,0.541574779606156
1.745,74.994911,-0.786576,84.732765,75.05143,-1.030228,80.005669,0.63,0.664922333094601,1.0183537432356
1.746,74.994911,-0.786576,84.732765,74.64798,-3.817789,81.958221,1.94,2.04753861302147,1.84584834652694
1.747,75.05143,-1.030198,80.00602,74.64798,-3.817789,81.957649,1.99,2.10031022675914,1.63267886117529
1.748,60.657875,-45.19561,43.921753,61.654221,-43.719452,42.58794,1.31,1.38261627992687,1.00986472187138
1.749,60.657875,-45.19561,43.921753,59.951927,-46.987896,41.229942,1.2,1.266518729704,1.53775350605761
1.750,61.654221,-43.71957,42.58783,60.869781,-45.731274,40.232895,1.51,1.59370273487754,1.53866253513101
1.751,60.869781,-45.731361,40.23296,59.223415,-46.785343,40.720772,1.36,1.43538789366454,1.48414229762473
1.752,60.024014,-45.631672,44.886452,60.657871,-42.997601,41.651669,1.21,1.27707305245154,1.24503242685083
1.753,60.9753,-42.463509,42.901829,60.790455,-45.712959,40.271427,1.39,1.46705086190714,1.87074545614828
1.754,60.462589,-44.732502,43.937408,59.834492,-46.929825,41.337112,1.36,1.43538789366454,1.59452613283429
1.755,52.297634,40.631897,55.162148,53.156815,44.695847,56.706951,1.55,1.63592002586767,1.8352507705738
1.756,51.916264,42.040627,55.536186,51.336044,41.654499,52.876324,0.9,0.949889047278001,1.13686932828116
1.757,50.990017,39.760155,56.681999,51.255623,41.681393,52.987293,1.34,1.41427924816947,2.32337874486074
1.758,51.278622,40.941566,56.399986,51.02478,46.274822,54.998863,3.3,3.48292650668601,3.0630486960747
1.759,55.390224,53.03595,36.99762,54.969185,50.406116,37.426968,1.44,1.5198224756448,1.26720695969281
1.760,55.390224,53.03595,36.99762,55.277748,52.267059,39.040306,1.79,1.88922377180847,1.233448269567
1.761,55.390224,53.03595,36.99762,55.236763,54.707752,39.182182,1.12,1.18208414772374,0.824235546690398
1.762,55.195728,54.649334,39.360844,55.041424,51.199062,35.23859,1.62,1.7098002851004,1.5562285061162
1.763,55.041424,51.199245,35.238541,55.113514,51.163227,38.091148,1.66,1.75201757609054,1.43783414233196
1.764,55.113518,51.163486,38.091103,55.369801,54.100452,37.638294,1.82,1.92088674005107,1.34475473413638
1.765,54.979515,-31.961153,17.245646,55.103226,-29.368788,15.886495,0.95,1.00266066101567,1.15372092958992
1.766,55.103226,-29.368818,15.886596,54.876091,-30.581987,15.212035,0.81,0.854900142550201,0.785652450796933
1.767,56.187778,-29.538774,17.105852,55.492168,-30.474243,15.434319,1.3,1.37206195717934,1.30191377338245
1.768,54.730789,-30.071882,15.222645,54.772366,-27.030115,16.798723,1.79,1.88922377180847,1.88977189199722
1.769,54.730789,-30.071882,15.222645,54.813892,-33.371155,18.511526,2.02,2.13197319500174,1.8774500206876
1.770,54.730789,-30.071882,15.222645,54.845005,-30.506079,15.441336,0.55,0.580487751114334,0.222257310509805
1.771,54.761974,-31.727837,17.276775,54.938183,-29.230814,15.952363,0.87,0.918226079035401,1.12374064823006
1.772,43.359867,-6.504783,-29.759493,42.958473,-4.916024,-31.061073,1.0,1.05543227475334,1.13143886569392
1.773,43.359867,-6.504783,-29.759493,42.581875,-4.787809,-32.634682,1.45,1.53037679839234,1.41554509052299
1.774,43.359867,-6.504783,-29.759493,43.463051,-5.823725,-31.848856,0.89,0.939334724530468,0.718122037134175
1.775,57.240685,12.817614,1.601652,57.260078,13.8297,0.620388,1.43,1.50926815289727,1.0824389622855
1.776,57.240685,12.817614,1.601652,56.762295,11.920816,0.888893,0.96,1.0132149837632,0.982154893869893
1.777,57.260078,13.82988,0.620395,56.634312,12.140729,0.364744,1.51,1.59370273487754,1.45464642931841
1.778,70.490051,8.413617,11.093225,71.029205,9.000785,6.955329,2.99,3.15574250151247,3.46082748620644
1.779,69.032829,10.134535,8.061081,68.540672,9.478486,6.069971,1.64,1.73090893059547,1.5654365344856
1.780,68.540672,9.478486,6.070015,68.108963,7.174581,6.974849,2.49,2.6280263641358,2.6073783834892
1.781,67.998497,7.232209,6.993329,68.874229,10.446022,6.517792,3.43,3.62013270240394,3.32700026039198
1.782,68.598877,10.324798,8.514065,68.41674,9.540333,6.098622,2.04,2.1530818404968,1.83213125858698
1.783,60.675575,-38.570065,18.135775,60.869781,-36.395683,16.555075,0.98,1.03432362925827,0.981405515185691
1.784,60.869781,-36.395813,16.555109,60.275246,-38.922073,16.273561,1.16,1.22430143871387,1.16795941331662
1.785,60.940159,-39.968563,19.477232,60.816914,-39.282604,16.114054,1.66,1.75201757609054,1.64650775869307
1.786,61.080532,-35.796295,17.924597,60.131886,-38.775566,16.307701,1.78,1.87866944906094,1.85268064174974
1.787,60.816914,-39.282452,16.114059,60.131886,-38.775566,16.307859,0.82,0.865454465297735,0.64709414088902
1.788,23.304401,-11.798154,-14.574929,23.304401,-10.222057,-16.227198,2.0,2.11086454950667,1.78879630945145
1.789,23.304401,-10.221864,-16.227217,23.770374,-11.884206,-16.295132,1.42,1.49871383014974,1.34222737962954
1.790,23.304401,-11.798154,-14.574929,23.770374,-11.8844,-16.295111,1.65,1.741463253343,1.05350653912901
1.791,23.770374,-12.577945,-14.172666,23.671442,-11.803973,-16.188946,1.67,1.76257189883807,1.48435280583178
1.792,23.671442,-11.803928,-16.188873,23.2031,-10.481787,-16.119221,1.44,1.5198224756448,1.08404819046736
1.793,23.2031,-10.48192,-16.119186,23.169218,-11.747893,-14.550684,1.84,1.94199538554614,1.54521291757889
1.794,23.169218,-11.747952,-14.55069,24.064253,-14.368859,-14.349902,2.02,2.13197319500174,2.12707112110227
1.795,49.580898,-40.973442,-1.921134,49.483974,-42.145969,-3.553843,1.32,1.3931706026744,1.07261542084535
1.796,49.483974,-42.145851,-3.553866,49.15472,-45.866867,-2.862137,1.12,1.18208414772374,1.40139292194207
1.797,50.251484,-42.59174,-2.723109,49.544586,-43.864124,-2.9341,1.0,1.05543227475334,0.834177633160079
1.798,49.15472,-45.866837,-2.862244,50.251484,-42.591888,-2.723161,1.22,1.28762737519907,1.55092996180856
1.799,49.386765,-40.739964,-0.442414,49.629257,-43.000854,-3.431465,2.08,2.19529913148694,1.99211560972838
1.800,48.945694,-45.524364,-2.790407,50.144627,-42.354786,-2.70714,1.28,1.35095331168427,1.60427618660035
1.801,48.945694,-45.524364,-2.790407,49.773891,-39.642982,-4.322584,1.91,2.01587564477887,2.47414620049675
1.802,65.215782,35.866936,37.121666,64.555717,26.843702,31.382639,3.4,3.58846973416134,3.89191928956036
1.803,64.241798,33.919125,31.686405,64.627815,29.059553,26.65591,2.8,2.95521036930934,2.42026536792908
1.804,64.241798,33.919125,31.686405,64.667809,31.533775,33.74765,2.5,2.63858068688334,2.16983939593513
1.805,64.241798,33.919125,31.686405,64.675804,30.764235,35.35297,4.03,4.25339206725594,3.30124103674401
1.806,46.803467,11.959779,-15.394556,46.974487,8.613555,-14.298701,3.1,3.27184005173534,2.82733868722919
1.807,46.803467,11.959779,-15.394556,46.338337,13.247731,-12.583409,2.23,2.35361397269994,2.50607423945847
1.808,47.5723,10.232026,-11.953878,47.968918,14.331711,-12.977717,2.59,2.73356959161114,3.23268942209174
1.809,47.5723,10.232026,-11.953878,47.494961,9.856531,-16.137222,3.29,3.47237218393847,3.0306762235999
1.810,46.163795,-4.743269,-22.915791,46.055897,-4.659326,-26.422087,2.16,2.2797337134672,1.44374577318845
1.811,47.5723,-5.224561,-24.349827,47.981628,-2.67855,-28.104609,1.89,1.9947669992838,2.09495314647046
1.812,46.431919,-4.950848,-25.982868,46.803467,-2.398264,-27.357294,1.67,1.76257189883807,1.95129686530801
1.813,46.431919,-4.950848,-25.982868,47.131535,-1.512309,-26.65633,2.95,3.11352521052234,2.82851425289576
1.814,74.7239,-19.641907,4.80356,75.872429,-18.54261,1.561702,2.32,2.44860287742774,2.47336470357555
1.815,71.852592,-15.774154,2.068496,71.832367,-15.586888,-1.094851,2.17,2.29028803621474,2.38381440571323
1.816,70.573441,-18.557749,-0.514448,70.168915,-13.799253,-0.421406,3.9,4.11618587153801,3.30618866073706
1.817,70.573441,-18.557749,-0.514448,72.839188,-21.568192,-1.059623,2.02,2.13197319500174,2.50760568421309
1.818,61.48127,-9.042561,19.0116,61.22039,-8.292957,16.626455,1.48,1.56203976663494,1.36211988059849
1.819,61.22039,-8.293137,16.626396,61.202934,-5.282161,16.541496,3.05,3.21906843799767,2.91561173841408
1.820,61.202934,-5.28228,16.541426,61.48127,-9.042531,19.011608,3.84,4.05285993505281,3.4112869715989
1.821,61.834995,0.848636,69.878326,61.080528,0.130466,63.935825,0.87,0.918226079035401,1.67218454185334
1.822,62.423126,-0.949933,63.009583,62.304508,1.713433,65.682297,2.1,2.216407776982,1.8019064658272
1.823,62.057652,-0.772814,66.306541,62.066189,2.320217,66.108971,2.34,2.4697115229228,1.9243291804313
1.824,37.949902,44.051872,15.99596,38.039135,49.406609,20.353861,2.3,2.42749423193267,2.3723836669399
1.825,36.855278,47.905716,17.114307,37.35342,46.104969,20.702898,1.95,2.058092935769,2.38890318383922
1.826,36.855278,47.905716,17.114307,37.243526,46.75169,21.254608,2.11,2.22696209972954,2.52716139822912
1.827,26.876743,-14.304313,-10.173533,26.563139,-16.18782,-11.583471,1.64,1.73090893059547,1.43131785425367
1.828,26.563139,-16.187954,-11.583441,26.505621,-17.846294,-11.058637,1.52,1.60425705762507,1.27737712323212
1.829,26.876743,-14.304313,-10.173533,26.505621,-17.846369,-11.058514,2.19,2.3113966817098,2.40882355233982
1.830,52.297634,-0.409896,18.244532,51.746639,-0.186538,21.264711,1.89,1.9947669992838,1.71127781992074
1.831,51.746639,-0.186449,21.264626,51.393372,1.284671,20.983341,1.86,1.9631040310412,1.60066072849838
1.832,51.393372,1.284641,20.983305,51.621712,-0.16479,19.049828,1.93,2.03698429027394,1.86493468347962
1.833,53.856831,-21.500828,2.699115,53.995159,-21.928516,0.222739,1.84,1.94199538554614,1.78981106056165
1.834,53.995159,-21.928516,0.22287,54.406902,-18.738777,-0.287753,2.04,2.1530818404968,1.95821317963373
1.835,54.406906,-18.738785,-0.287656,53.856831,-21.500589,2.699126,2.68,2.82855849633894,2.70049990110284
1.836,55.400433,53.396729,53.778835,54.886444,48.007195,49.120907,1.67,1.76257189883807,1.77059369325497
1.837,54.886444,48.006958,49.12093,55.51252,46.674351,51.430099,1.85,1.95254970829367,1.63096640090185
1.838,55.51252,46.674259,51.42992,55.400433,53.396667,53.778988,2.85,3.007981983047,2.39922779539271
1.839,44.87149,35.810287,21.346605,45.359039,39.905754,23.929356,1.92,2.0264299675264,1.68960689408527
1.840,45.359039,39.905666,23.929474,45.011585,36.240864,20.708874,1.82,1.92088674005107,1.74622180298447
1.841,45.276009,37.583706,23.897694,44.857445,40.062405,21.715147,2.33,2.45915720017527,2.10032384477914
1.842,56.047722,-34.185932,2.073268,56.36705,-32.096279,-1.607494,2.45,2.58580907314567,2.60255350706894
1.843,56.367054,-32.096081,-1.607512,56.127823,-28.616831,1.532325,3.09,3.2612857289878,2.6204576782416
1.844,56.047722,-34.185932,2.073268,56.127819,-28.617027,1.532337,2.22,2.3430596499524,2.3606556409409
1.845,36.873898,2.025257,-27.400486,36.442333,7.163558,-32.654648,2.15,2.26917939071967,2.43303895525189
1.846,36.649616,6.027445,-30.29653,36.195229,4.032495,-29.725708,1.56,1.6464743486152,1.40843560074503
1.847,36.649616,6.027445,-30.29653,36.761993,3.912012,-30.693001,2.05,2.16363616324434,1.85997110046606
1.848,40.71912,-29.936848,23.550034,41.184315,-27.27042,21.909044,0.97,1.02376930651073,1.27108851049076
1.849,41.184315,-27.270496,21.909061,40.508087,-30.179283,20.870146,1.59,1.6781373168578,1.73025731924415
1.850,40.71912,-29.936848,23.550034,40.508087,-30.179224,20.870127,1.05,1.108203888491,1.40403234825611
1.851,31.62409,36.049889,2.497163,31.555168,32.668987,1.525261,1.83,1.9314410627986,1.43617883568626
1.852,31.62409,36.049889,2.497163,31.64702,33.972969,0.735331,1.17,1.2348557614614,1.29744867773367
1.853,31.509111,33.41103,2.534813,31.113958,36.347134,-0.333286,2.17,2.29028803621474,2.10004022579235
1.854,50.86224,-17.472771,-11.871647,51.00161,-13.823335,-14.457134,3.59,3.78900186636447,3.43635949029619
1.855,51.00161,-13.823364,-14.457191,50.792336,-13.503814,-12.32948,2.05,2.16363616324434,1.29598518547244
1.856,51.036358,-15.90473,-12.758986,50.931995,-12.943414,-12.923802,2.39,2.52248313666047,2.22391849737704
1.857,60.702118,-28.522373,7.553656,60.62244,-28.709539,10.127534,2.01,2.1214188722542,1.5834620726442
1.858,60.702118,-28.522373,7.553656,60.746311,-26.703468,10.357752,2.58,2.7230152688636,2.12185477391583
1.859,60.93137,-29.655077,9.633488,61.141781,-26.660177,11.257139,1.77,1.8681151263134,1.91750958567219
1.860,23.538761,-4.417905,-20.235949,23.966774,-6.903216,-22.121408,3.26,3.44070921569587,2.37574316092186
1.861,23.538761,-4.417905,-20.235949,23.304401,-1.515801,-22.26317,2.25,2.374722618195,2.75286358316138
1.862,23.605213,-7.957049,-20.846567,23.704475,-3.552516,-22.393524,3.1,3.27184005173534,3.86763546633068
1.863,51.507732,-31.901819,43.202671,51.439163,-31.802753,40.057354,0.88,0.928780401782935,1.2052009961443
1.864,51.507732,-31.901819,43.202671,51.587555,-28.311918,41.751678,1.17,1.2348557614614,1.46008308859111
1.865,50.428818,-33.695751,40.653271,50.733971,-29.882835,42.618275,1.78,1.87866944906094,2.18221661110173
1.866,67.494034,10.915003,2.071877,67.119179,11.601607,4.027749,1.14,1.2031927932188,1.58436361428198
1.867,67.314522,13.375117,1.910642,67.247009,9.793412,3.016923,3.13,3.30350301997794,3.17728139013531
1.868,67.314522,13.375117,1.910642,67.119179,11.601578,4.027864,2.08,2.19529913148694,2.25663267984634
1.869,59.969959,-19.370363,48.751637,59.634926,-19.883308,57.40118,2.01,2.1214188722542,2.75811586760111
1.870,59.634926,-19.883308,57.401081,60.060005,-15.917256,59.511612,2.98,3.14518817876494,2.53911032341949
1.871,59.969959,-19.370363,48.751637,60.060005,-15.917268,59.511719,3.53,3.72567592987927,4.61314768028754
1.872,60.319935,-26.971382,43.498901,60.355648,-24.119549,36.682838,2.74,2.89188443282414,2.4210889766919
1.873,60.355648,-24.11949,36.682804,61.176739,-28.321568,37.496204,2.5,2.63858068688334,2.05681153649426
1.874,60.319935,-26.971382,43.498901,61.176739,-28.321657,37.496246,3.1,3.27184005173534,2.84443347021657
1.875,64.659813,-21.87138,4.945468,64.523636,-21.40843,1.619571,2.94,3.1029708877748,2.3066470889172
1.876,64.523636,-21.408638,1.619634,64.48349,-17.265352,1.801653,3.44,3.63068702515147,2.55212138852218
1.877,64.659813,-21.87138,4.945468,64.48349,-17.265133,1.801598,4.0,4.22172909901334,3.38021134824459
1.878,63.548969,-26.942722,-0.218998,62.935822,-29.856096,-3.682643,3.57,3.76789322086941,2.71727221728892
1.879,62.935822,-29.856363,-3.682602,63.077522,-33.74015,-3.552639,1.87,1.97365835378874,1.65225510853387
1.880,63.548969,-26.942722,-0.218998,63.077522,-33.740597,-3.552549,4.82,5.08718356431108,3.63338784693859
1.881,61.089287,23.645374,69.444633,61.255276,19.072248,60.996246,2.61,2.7546782371062,2.55365156997781
1.882,61.255276,19.072248,60.996067,61.02795,19.555092,65.395012,1.04,1.09764956574347,1.2285922029568
1.883,61.089287,23.645374,69.444633,61.02795,19.554853,65.394859,3.09,3.2612857289878,2.04772311899882
1.884,35.810432,-40.561752,3.440969,35.043194,-44.798409,3.871436,1.18,1.24541008420894,1.58986557586801
1.885,35.043198,-44.798489,3.871448,35.103035,-43.918564,5.43911,1.38,1.4564965391596,0.998503836675284
1.886,35.810432,-40.561752,3.440969,35.103035,-43.918488,5.439101,1.7,1.79423486708067,1.67053496068365
1.887,27.899317,-29.165134,-9.072701,28.353571,-29.090569,-11.229582,2.54,2.68079797787347,1.45624135883702
1.888,28.353571,-29.090464,-11.229582,28.033895,-26.549902,-12.707726,2.26,2.38527694094254,1.78460922444623
1.889,27.899317,-29.165134,-9.072701,28.033895,-26.55002,-12.707726,3.79,4.00008832131514,2.98756154947725
1.890,54.438377,-50.634541,30.057386,54.927837,-45.600124,25.859596,2.39,2.52248313666047,1.97004119897321
1.891,54.927841,-45.600258,25.859533,54.343876,-51.955727,28.200708,2.23,2.35361397269994,2.0450566107699
1.892,54.343872,-51.955719,28.200615,53.856831,-52.316906,25.1485,1.56,1.6464743486152,1.42937079893447
1.893,35.713337,25.674494,-18.087009,35.713337,28.417604,-22.801613,1.84,1.94199538554614,2.42564380691821
1.894,35.713337,25.674494,-18.087009,35.043194,29.977543,-21.443403,2.21,2.33250532720487,2.23984609909137
1.895,35.043198,29.977432,-21.443426,35.182606,26.818871,-21.223682,1.81,1.91033241730354,1.4911045090193
1.896,61.585136,25.657118,-8.950221,61.429237,25.036209,-14.214004,3.19,3.36682895646314,3.20526200857871
1.897,61.429237,25.036417,-14.214139,61.550545,18.96542,-12.428081,4.06,4.28505503549854,3.21666111852884
1.898,61.237839,25.929693,-10.878376,61.411877,20.96648,-13.050227,4.15,4.38004394022634,3.23724443174845
1.899,43.033218,-43.405251,13.089993,42.322998,-37.424541,9.918674,1.87,1.97365835378874,2.51517977951508
1.900,42.322998,-37.424526,9.918662,41.720253,-40.241951,8.638138,1.51,1.59370273487754,1.52259178564538
1.901,41.720253,-40.241997,8.638143,41.247887,-42.644684,10.615993,1.54,1.62536570312014,1.31421932750284
1.902,90.975761,0.24899,5.020704,91.698318,2.784125,2.992569,3.6,3.79955618911201,4.13869409598569
1.903,90.975761,0.24899,5.020704,90.519165,1.783216,1.714251,3.26,3.44070921569587,3.79394352224722
1.904,90.975761,0.24899,5.020704,91.801392,3.405747,4.090535,3.85,4.06341425780034,4.53893863223439
1.905,84.303055,1.53534,2.0928620000000002,84.230606,2.220977,0.69211,1.54,1.62536570312014,1.66528844280069
1.906,84.230606,2.220858,0.69211,84.596977,-1.677641,1.40765,4.59,4.84443414111781,5.73458155286181
1.907,84.303055,1.53534,2.0928620000000002,84.596977,-1.677999,1.407489,4.7,4.96053169134067,4.72739848853008
1.908,74.755493,2.384851,3.487024,74.894257,1.445865,-1.516416,5.33,5.62545402443528,4.77148533269824
1.909,74.755493,2.384851,3.487024,74.578278,-0.80601,1.356223,5.5,5.80487751114334,4.89144455592797
1.910,74.578278,-0.806159,1.356266,74.196167,2.684765,0.511127,5.3,5.59379105619268,5.09428949376187
1.911,53.254585,0.169725,-0.951155,53.728653,-0.403217,1.871947,3.04,3.20851411525014,2.91134097715333
1.912,52.553223,0.909326,1.354498,52.927597,1.085779,-1.291484,2.7,2.849667141834,2.5874640708422
1.913,52.608536,-1.90264,0.457344,53.373711,0.931705,-0.332856,3.63,3.83121915735461,4.21600645347342
1.914,61.576488,2.079371,-0.70127,62.125904,-0.40505,-2.342728,4.25,4.48558716770167,4.0059331019301
1.915,62.125904,-0.405289,-2.342622,62.185528,1.460974,-3.22484,3.17,3.34572031096807,2.7976460829049
1.916,61.576488,2.079371,-0.70127,62.185528,1.460855,-3.225069,2.92,3.08186224227974,2.57151641945243
1.917,61.585136,0.716985,1.89157,61.48127,0.340969,-1.262825,3.32,3.50403515218107,3.08516184404546
1.918,61.585136,0.716985,1.89157,61.895065,0.939231,-1.915493,3.96,4.17951180802321,3.67257724631033
1.919,61.394508,-0.548111,1.277802,61.202938,1.501194,0.748724,3.42,3.60957837965641,3.05671974264952
1.920,47.326748,1.842097,-1.251538,47.352684,2.137297,1.166173,2.83,2.98687333755194,2.303545665668
1.921,47.352684,2.137058,1.1662,46.85619,-0.025618,0.352809,3.49,3.68345863888914,3.15514603679718
1.922,47.326748,1.842097,-1.251538,46.85619,-0.025677,0.35269,4.17,4.40115258572141,3.0877299663663
1.923,20.866026,0.461604,2.397194,20.400791,0.184831,0.550425,1.84,1.94199538554614,1.79991378080848
1.924,20.400789,0.184924,0.550424,20.557186,-2.108682,0.62803,4.26,4.49614149044921,3.24564700412931
1.925,20.673613,0.07039,0.76506,20.789303,0.965077,0.085526,1.39,1.46705086190714,1.47842195912971
1.926,86.627693,-4.505845,43.222855,86.39003,-2.954652,48.862671,2.26,2.38527694094254,2.26210076523151
1.927,86.39003,-2.954801,48.862797,86.834755,-5.260864,49.538395,1.38,1.4564965391596,1.5609850506341
1.928,87.080177,-6.021064,49.476093,87.23175,-3.900815,47.715088,1.63,1.72035460784794,1.44027447022034
1.929,80.286339,-2.830494,42.172325,80.353638,-1.241197,48.508896,3.45,3.64124134789901,2.4401564122443
1.930,80.353638,-1.240973,48.508858,80.286346,1.241665,47.731892,2.69,2.83911281908647,1.73941670383029
1.931,80.286339,-2.830494,42.172325,80.286339,1.241755,47.732159,4.74,5.00274898233081,3.46025944140929
1.932,68.40213,-2.106791,36.175774,68.460526,1.134854,35.779842,2.64,2.7863412053488,2.4715916480466
1.933,68.40213,-2.106791,36.175774,68.438637,-5.142468,36.781723,2.83,2.98687333755194,2.22679535888933
1.934,67.946846,-0.514272,41.947853,68.40213,-2.106821,36.175941,3.17,3.34572031096807,2.4811732106896
1.935,67.946846,-0.514272,41.947853,68.241142,0.159164,36.441071,2.77,2.92354740106674,2.06400141031594
1.936,62.625641,-1.513702,42.022945,62.827114,-3.311154,34.454937,3.53,3.72567592987927,3.20896098231168
1.937,62.423126,-0.524982,37.594749,62.751682,-3.413616,37.616737,3.27,3.45126353844341,2.1639177036318
1.938,62.625641,-1.513702,42.022945,62.751682,-3.413557,37.616673,2.71,2.86022146458154,2.201265892815
1.939,51.972618,-2.092338,34.6702,52.073818,-2.68459,31.785568,1.2,1.266518729704,1.29530215616385
1.940,52.073814,-2.684434,31.785498,53.599998,-5.515917,35.238796,3.48,3.67290431614161,2.79722203155268
1.941,53.600002,-5.515924,35.238831,51.92754,-2.157894,33.264008,3.73,3.93676238482994,3.02090671627925
1.942,51.938816,-2.414809,30.712978,51.871113,-2.070838,34.641312,2.23,2.35361397269994,1.64648609131963
1.943,51.938816,-2.414809,30.712978,52.519997,-3.726368,32.998085,2.09,2.20585345423447,1.42595188842917
1.944,36.668377,-4.029605,28.151796,37.408195,-2.121273,26.353003,2.61,2.7546782371062,1.82133316470995
1.945,37.408199,-2.121315,26.352955,37.225166,-4.06841,24.962427,2.02,2.13197319500174,1.93222207810027
1.946,37.225166,-4.06832,24.962427,36.836647,-3.874564,28.441769,1.12,1.18208414772374,1.6786814034569
1.947,37.188408,-0.920802,25.234764,37.316841,-2.066045,26.368431,1.56,1.6464743486152,1.12617903546251
1.948,36.761993,-3.02787,24.443378,37.316841,-2.065955,26.368347,2.19,2.3113966817098,1.40674453682497
1.949,68.409431,-11.552015,-4.972911,69.054413,-10.098262,-8.96159,4.12,4.34838097198374,3.54428704377831
1.950,69.054413,-10.098322,-8.961778,68.707779,-6.609661,-11.113789,4.12,4.34838097198374,3.93788187733101
1.951,68.707779,-6.609959,-11.113772,68.314392,-8.750665,-10.911943,2.76,2.9129930783192,2.12112189715084
1.952,60.852169,-9.738184,-6.687685,60.373489,-9.040853,-9.771657,3.22,3.39849192470574,2.51178209824822
1.953,60.373493,-9.041121,-9.771629,60.257355,-12.446758,-9.260426,4.0,4.22172909901334,3.09040374802252
1.954,60.852169,-9.738184,-6.687685,60.257355,-12.446896,-9.260566,4.21,4.44336987671154,2.65918117607598
1.955,62.583534,-12.343284,-8.065589,62.380802,-13.336552,-11.483627,3.09,3.2612857289878,2.27769206400792
1.956,62.380802,-13.336641,-11.483716,62.202549,-9.468149,-8.963191,5.05,5.32993298750434,3.26539778768089
1.957,62.583534,-12.343284,-8.065589,62.202549,-9.46806,-8.963099,3.33,3.51458947492861,2.76494586875941
1.958,54.249111,-11.179517,-5.832121,53.481651,-11.853148,-9.233289,3.23,3.40904624745327,2.53548927117211
1.959,53.481651,-11.853148,-9.233127,53.973911,-9.117484,-9.464688,3.36,3.54625244317121,2.51092539286221
1.960,54.249111,-11.179517,-5.832121,53.973911,-9.117514,-9.464852,3.61,3.81011051185954,3.61387219860616
1.961,40.361057,-8.361782,-7.028759,40.048119,-7.975266,-4.891597,2.32,2.44860287742774,1.65284799457519
1.962,40.048115,-7.975255,-4.891642,40.654354,-10.427422,-4.374039,2.39,2.52248313666047,2.46334052634643
1.963,40.654354,-10.427422,-4.373948,41.056744,-8.363739,-4.952534,1.81,1.91033241730354,2.0810731189919
1.964,21.394373,-5.173716,-4.278908,21.282413,-5.965609,-5.913222,1.76,1.85756080356587,1.45318072393938
1.965,21.282413,-5.965475,-5.913271,21.282413,-6.518055,-4.102059,2.25,2.374722618195,1.67414267045559
1.966,21.394373,-5.173716,-4.278908,21.282413,-6.518174,-4.102018,1.85,1.95254970829367,1.49831487397191
1.967,62.380802,32.378571,-0.147722,62.185532,35.070721,2.955289,2.68,2.82855849633894,2.12373919977925
1.968,62.185532,35.070633,2.955312,62.490749,39.537548,2.165647,2.25,2.374722618195,1.78872412296326
1.969,62.380802,32.378571,-0.147722,62.490746,39.537289,2.165486,3.4,3.58846973416134,3.03928359101082
1.970,47.040016,26.017706,-1.151917,47.404495,31.657328,1.618461,3.19,3.36682895646314,3.07088981457662
1.971,47.404495,31.657207,1.61844,47.391548,27.690437,1.810855,2.26,2.38527694094254,1.75305757487057
1.972,47.040016,26.017706,-1.151917,47.391548,27.690319,1.810759,2.2,2.32195100445734,2.05326382009814
1.973,21.726294,15.280646,-1.367774,21.835646,17.679193,-0.207485,2.64,2.7863412053488,1.83938740075061
1.974,21.835646,17.67906,-0.207478,21.980473,16.65033,0.924282,1.68,1.7731262215856,1.04454627027918
1.975,21.726294,15.280646,-1.367774,21.980473,16.65045,0.924277,2.86,3.01853630579454,1.86493712693392
1.976,75.779869,20.183804,40.947208,75.866257,14.246047,34.876385,5.44,5.74155157465814,3.5040339097662
1.977,75.866257,14.246315,34.876354,76.038559,11.430151,35.647366,2.14,2.25862506797214,2.21815107690848
1.978,75.779869,20.183804,40.947208,76.038559,11.430181,35.647598,6.34,6.69144062193614,5.32816568776867
1.979,61.7318,10.148634,27.097399,61.602417,13.196148,31.410618,3.01,3.17685114700754,2.3687894021919
1.980,61.602417,13.196177,31.410522,61.826405,10.219472,31.749331,2.99,3.15574250151247,2.32373659801922
1.981,61.7318,10.148634,27.097399,61.826405,10.219741,31.749168,3.33,3.51458947492861,2.18091520189485
1.982,45.838963,9.817338,25.960958,46.365105,7.779533,22.730371,2.51,2.64913500963087,1.98030000457126
1.983,46.365105,7.779444,22.730297,45.702602,11.665258,21.519072,5.27,5.56212808795007,3.8201496671456
1.984,45.838963,9.817338,25.960958,45.702602,11.66511,21.519011,3.93,4.14784883978061,3.40003829055083
1.985,26.848423,8.511765,18.244299,26.390116,7.25464,14.99554,2.16,2.2797337134672,1.98103720608326
1.986,26.390116,7.254595,14.995491,26.67771,5.281576,15.936484,2.89,3.05019927403714,2.46530300118241
1.987,26.848423,8.511765,18.244299,26.67771,5.281472,15.936432,4.46,4.70722794539987,3.1716345820531
1.988,50.769001,25.38973,0.655839,50.885509,25.021931,3.6153,1.75,1.84700648081834,1.94291512139436
1.989,51.780636,23.386131,0.534275,51.904984,22.938185,3.899427,1.88,1.98421267653627,2.24635938700431
1.990,51.381916,26.204363,5.334191,51.198063,26.016098,1.017671,2.36,2.49082016841787,2.80342894412978
1.991,51.381916,26.204363,5.334191,51.047935,24.890022,9.025714,2.64,2.7863412053488,2.71459937817337
1.992,51.541965,24.54722,9.724677,51.689911,23.202326,13.171474,2.5,2.63858068688334,2.70436056255362
1.993,50.838955,19.941118,15.479286,51.290112,18.088917,17.778141,2.18,2.30084235896227,2.43674832319463
1.994,51.105755,17.067816,20.432623,50.757332,14.727862,21.503677,2.51,2.64913500963087,2.17841345578001
1.995,50.628658,13.640408,20.745934,50.733971,11.182321,22.495691,3.08,3.25073140624027,2.66999741751383
1.996,50.96682,8.495759,24.101707,51.221096,6.150157,25.01894,2.61,2.7546782371062,2.30028644998317
1.997,50.96682,8.495759,24.101707,51.244118,5.85003,25.390585,3.03,3.1979597925026,2.65243314598298
1.998,50.873875,1.705769,25.025928,51.198063,-1.004326,24.560135,2.78,2.93410172381427,2.56503823646185
1.999,49.881954,-6.178273,23.285236,49.905922,-9.216836,22.124119,2.49,2.6280263641358,2.79561165710485
1.1000,50.546513,-17.619324,18.252106,50.192162,-14.344807,20.415913,2.53,2.67024365512594,2.81416872168435
1.1001,49.785915,-20.800692,14.800025,50.369812,-22.366034,11.760392,2.15,2.26917939071967,2.31691659099027
1.1002,50.955215,-23.381392,9.570577,50.581745,-24.485786,6.330908,2.32,2.44860287742774,2.31801963550966
1.1003,50.52301,-25.385704,0.193805,50.931999,-25.359365,-2.700922,1.93,2.03698429027394,2.08523676964038
1.1004,50.061275,-23.911198,-5.3839,50.405228,-22.898642,-8.760909,2.7,2.849667141834,2.5579797777444
1.1005,50.687206,-20.24176,-13.826896,50.357998,-18.822725,-15.64047,1.53,1.6148113803726,1.63462547416371
1.1006,49.989662,-14.312641,-20.112686,50.51125,-11.908682,-21.836609,1.85,1.95254970829367,2.09452572553026
1.1007,50.52301,-7.130917,-24.381063,50.850601,-4.826145,-24.798477,1.93,2.03698429027394,1.87611249883838
1.1008,50.652088,0.183831,-24.708681,51.0942,2.78075,-25.021429,2.11,2.22696209972954,2.31015984044857
1.1009,49.881954,7.48931,-23.743315,49.773891,9.805821,-22.437998,2.36,2.49082016841787,2.63479748621369
1.1010,49.797935,13.334814,-20.637012,49.886749,15.541023,-19.52627,2.15,2.26917939071967,2.09430969076295
1.1011,49.881954,15.542047,-19.531717,50.163647,17.603216,-17.137688,2.34,2.4697115229228,2.51091854994509
1.1012,50.417027,18.435682,-15.066799,50.534767,20.136862,-12.050967,2.41,2.54359178215554,2.41862007177122
1.1013,50.827305,21.6497,-14.418571,50.850601,23.868753,-11.273953,2.09,2.20585345423447,2.5219363487604
1.1014,50.605209,20.716892,-10.157693,51.290115,21.612787,-6.012924,2.58,2.7230152688636,2.79368766692267
1.1015,50.558262,24.314123,-7.124293,50.687206,25.921114,-3.672674,1.8,1.899778094556,2.35381659827967
1.1016,50.558262,24.314123,-7.124293,50.687206,25.652714,-3.247802,2.29,2.41693990918514,2.54821178391528
1.1017,42.988392,39.817799,2.420442,43.315536,39.269077,6.565215,1.72,1.81534351257574,2.43688635290182
1.1018,42.551537,43.267765,16.363024,43.37463,41.469414,21.105474,2.17,2.29028803621474,3.21219303345289
1.1019,49.423252,43.18121,34.867008,49.374592,46.315643,31.98053,2.06,2.17419048599187,2.59928932778677
1.1020,50.061275,37.875839,51.369839,49.809952,34.680492,54.00798,1.47,1.5514854438874,2.58622671931268
1.1021,69.312546,21.833036,64.167267,69.633034,18.968876,64.937149,1.67,1.76257189883807,1.87898690620163
1.1022,69.519356,23.559267,62.963558,69.633034,18.968994,64.93734,2.34,2.4697115229228,3.13377416635977
1.1023,68.460518,-0.986367,71.334984,68.845329,-4.656554,71.417603,2.13,2.2480707452246,2.20243268831519
1.1024,68.765747,1.132695,71.996552,68.845329,-4.656394,71.417595,3.2,3.37738327921067,3.46385690340959
1.1025,69.604645,-0.045625,72.286209,68.845329,-4.656554,71.417511,2.65,2.79689552809634,2.82610935324394
1.1026,60.948948,-12.338242,58.745937,61.089287,-16.649065,57.868229,2.3,2.42749423193267,2.58497788997523
1.1027,51.105755,-32.348072,45.65789,51.404827,-36.601044,42.290524,1.63,1.72035460784794,2.67467629438012
1.1028,50.943607,-43.654781,32.677731,50.369812,-46.728775,28.174463,1.78,1.87866944906094,2.61744119684002
1.1029,49.629257,-50.081348,15.955322,49.833973,-51.532883,12.004609,1.63,1.72035460784794,2.16789318427321
1.1030,49.9538,-47.965702,-0.350058,49.773891,-48.058891,-4.376344,1.92,2.0264299675264,2.38265598201345
1.1031,53.069675,-41.547806,-8.875042,53.395325,-41.95071,-5.948508,1.56,1.6464743486152,1.86898504156524
1.1032,37.003853,-28.441145,-15.471752,37.059353,-27.696524,-17.697077,1.42,1.49871383014974,1.45158872172287
1.1033,37.003853,-28.441145,-15.471752,36.668377,-26.338417,-18.475231,1.95,2.058092935769,2.31331949179473
1.1034,37.206795,-19.681837,-23.649042,37.770546,-17.418816,-25.642082,1.25,1.31929034344167,1.84357952488378
1.1035,38.021313,-12.454347,-26.629408,37.98563,-9.354229,-27.908321,1.41,1.4881595074022,2.17126558029717
1.1036,38.021313,-3.922389,-27.540432,38.216721,-0.889203,-27.848351,1.87,1.97365835378874,2.41430750598365
1.1037,42.89854,8.312167,-30.312408,43.048145,11.324059,-28.988466,3.02,3.18740546975507,2.97158037178345
1.1038,42.973438,17.843439,-25.24209,43.345097,19.758728,-23.559269,1.69,1.78368054433314,2.02806583270802
1.1039,45.289864,32.366905,-17.890408,44.94162,35.310215,-13.260398,1.95,2.058092935769,3.09795036519214
1.1040,43.152416,37.732285,-9.617787,43.551212,37.74725,-6.274321,1.1,1.16097550222867,1.83116821778064
1.1041,43.152416,37.732285,-9.617787,43.930248,38.377018,-3.941547,1.89,1.9947669992838,3.18168712573008
1.1042,35.242119,45.157204,16.384867,35.703606,43.352867,21.707296,2.69,2.83911281908647,3.41130451874283
1.1043,51.244118,59.328182,41.382378,51.467751,57.243237,45.680168,2.62,2.76523255985374,2.61747158791879
1.1044,46.324947,59.827499,45.505112,46.783676,57.278339,49.358768,2.12,2.23751642247707,2.57861009279125
1.1045,49.977715,37.94017,51.353111,49.70768,34.859726,54.114765,1.97,2.07920158126407,2.57312132351581
1.1046,69.426773,23.786797,62.873615,69.448158,19.048836,64.801262,2.75,2.90243875557167,3.21177125479607
1.1047,51.128857,-32.447636,45.799156,51.4506,-36.629578,42.413197,1.67,1.76257189883807,2.65287438373926
1.1048,39.931938,-48.000504,-2.849306,39.806923,-47.109764,-6.132222,1.91,2.01587564477887,2.00851797658949
1.1049,39.931938,-48.000504,-2.849306,39.981789,-47.98275,-9.237774,3.57,3.76789322086941,3.77075375711287
1.1050,47.905281,-49.585243,-6.786449,47.352684,-49.861763,-9.634287,1.88,1.98421267653627,1.71811320887229
1.1051,37.114742,-28.371401,-15.476032,37.160809,-27.809332,-17.771332,1.61,1.69924596235287,1.44160549440396
1.1052,37.335136,-19.935518,-23.446417,37.905174,-17.708971,-25.365938,1.44,1.5198224756448,1.80653359459046
1.1053,38.163567,-12.796434,-26.366819,38.065845,-9.74362,-27.684864,1.71,1.8047891898282,2.14499946932184
1.1054,42.958473,7.989877,-30.309027,43.085426,11.132853,-29.061697,3.66,3.86288212559721,3.03620682781344
1.1055,26.67771,16.834044,-42.636372,27.087961,19.543564,-42.350658,2.87,3.02909062854207,1.96124207629772
1.1056,26.67771,16.834044,-42.636372,26.691988,19.089689,-40.997787,3.22,3.39849192470574,2.29451619354871
1.1057,31.784132,39.294998,-13.80234,31.772736,36.644222,-18.223768,2.5,2.63858068688334,2.74648698782321
1.1058,31.784132,39.294998,-13.80234,32.413834,37.991497,-18.653765,2.14,2.25862506797214,2.70169722869472
1.1059,26.67771,37.071995,-13.957189,26.34664,38.279858,-9.25747,2.24,2.36416829544747,2.61905768942307
1.1060,50.487717,-11.72461,-21.690321,50.657944,-7.12349,-24.22546,4.16,4.39059826297387,3.7386900702971
1.1061,50.955215,-4.73074,-24.630684,50.757328,0.181386,-24.514521,4.93,5.20328111453394,4.36967644114802
1.1062,49.941837,7.48964,-23.547792,51.111534,2.784103,-24.815784,5.05,5.32993298750434,4.95581316548859
1.1063,39.29266,-21.427395,-21.015078,38.11919,-17.874346,-25.041441,2.56,2.70190662336854,3.34574810281045
1.1064,38.110306,-17.836069,-25.056265,37.490154,-11.347415,-27.527931,3.78,3.98953399856761,4.32035140547518
1.1065,38.28743,-9.952696,-27.37093,38.296257,-4.105003,-27.397863,4.09,4.31671800374114,4.34814648964921
1.1066,51.496315,40.923615,50.700367,51.547668,43.522007,56.055313,1.9,2.00532132203134,1.62764777893595
1.1067,51.496315,40.923615,50.700367,50.850601,44.732555,59.576252,3.04,3.20851411525014,2.76243338634704
1.1068,51.496315,40.923615,50.700367,50.97842,44.430157,62.538162,3.37,3.55680676591874,3.81183646440709
1.1069,51.496315,40.923615,50.700367,51.859818,38.425926,43.558334,2.77,2.92354740106674,2.54201829966699
1.1070,51.496315,40.923615,50.700367,52.663761,42.720638,61.836685,3.48,3.67290431614161,4.10377179883793
1.1071,51.496315,40.923615,50.700367,51.065292,40.159676,57.216358,3.03,3.1979597925026,3.01917519939491
1.1072,51.496315,40.923615,50.700367,50.809826,38.383499,61.422569,3.99,4.21117477626581,5.35474134894688
1.1073,51.496315,40.923615,50.700367,51.467754,39.046726,56.623566,2.61,2.7546782371062,3.20420342644612
1.1074,51.496315,40.923615,50.700367,51.978245,37.721176,57.219364,3.83,4.04230561230527,4.04330389119262
1.1075,51.496315,40.923615,50.700367,51.128857,35.896854,57.038246,4.28,4.51725013594427,4.81574658904273
1.1076,51.496315,40.923615,50.700367,52.258572,36.291714,56.775284,4.6,4.85498846386534,4.57816192237387
1.1077,51.496315,40.923615,50.700367,51.712616,47.533688,46.835049,4.35,4.59113039517701,4.54902941047594
1.1078,51.496315,40.923615,50.700367,51.180775,35.958073,52.263851,2.91,3.0713079195322,3.08974214574522
1.1079,51.496315,40.923615,50.700367,51.92754,35.076653,51.866962,3.63,3.83121915735461,3.43868357299044
1.1080,51.496315,40.923615,50.700367,51.007404,47.062946,50.467876,3.36,3.54625244317121,3.07614395597834
1.1081,51.496315,40.923615,50.700367,51.28437,46.570473,52.928108,3.18,3.35627463371561,2.18581710527872
1.1082,51.496315,40.923615,50.700367,51.882408,46.841766,55.605648,3.13,3.30350301997794,2.06866136373976
1.1083,51.496315,40.923615,50.700367,51.370453,45.849808,56.65136,2.4,2.533037459408,1.88641058577144
1.1084,75.208054,-3.781472,78.674438,75.067116,1.185844,87.234528,3.79,4.00008832131514,3.38673863610271
1.1085,75.208054,-3.781472,78.674438,74.862755,1.829889,91.94841,4.77,5.03441195057341,4.22280619225003
1.1086,75.208054,-3.781472,78.674438,74.887962,0.708452,88.835701,4.25,4.48558716770167,3.3742132902374
1.1087,75.208054,-3.781472,78.674438,74.470337,-0.246026,89.167061,3.26,3.44070921569587,3.08469183347471
1.1088,75.208054,-3.781472,78.674438,74.505287,-1.220338,88.56012,2.94,3.1029708877748,2.65450116604443
1.1089,75.208054,-3.781472,78.674438,75.782959,-2.381584,91.524902,2.7,2.849667141834,2.87195389894088
1.1090,75.208054,-3.781472,78.674438,75.930954,-4.588816,70.353233,2.34,2.4697115229228,2.10196450188316
1.1091,75.208054,-3.781472,78.674438,75.513496,-2.356072,70.961365,2.71,2.86022146458154,1.90429147429183
1.1092,75.208054,-3.781472,78.674438,74.884811,-7.138892,71.03344,2.63,2.77578688260127,2.82301753522156
1.1093,75.208054,-3.781472,78.674438,74.969765,-7.633768,83.930573,3.58,3.77844754361694,2.27522285638321
1.1094,75.208054,-3.781472,78.674438,75.482422,1.127596,73.796715,4.19,4.42226123121647,3.0360371559429
1.1095,75.208054,-3.781472,78.674438,75.696411,0.931473,76.551453,3.67,3.87343644834474,2.77188084860016
1.1096,75.208054,-3.781472,78.674438,74.730225,-8.630614,79.147003,3.75,3.95787103032501,2.72703600026203
1.1097,75.208054,-3.781472,78.674438,74.673302,1.267196,78.572609,3.99,4.21117477626581,2.93265813913045
1.1098,75.208054,-3.781472,78.674438,74.537041,-8.549176,76.036232,3.66,3.86288212559721,2.89967216103734
1.1099,75.208054,-3.781472,78.674438,74.717583,-8.11907,74.865402,3.75,3.95787103032501,2.76529410136525
1.1100,75.208054,-3.781472,78.674438,74.969765,1.557358,86.374077,4.68,4.93942304584561,3.47705653237506
1.1101,71.282639,-7.052512,44.795494,71.398582,-2.6436,46.13401,4.26087,4.49705971652824,3.12142285281557
1.1102,71.282639,-7.052512,44.795494,70.967339,-6.65714,45.820759,0.84058,0.887175261512158,0.539173767231576
1.1103,71.282639,-7.052512,44.795494,71.758118,-10.273877,45.622677,2.89855,3.05922321998628,2.0885125482807
1.1104,71.282639,-7.052512,44.795494,71.180069,-8.981453,43.858223,1.21739,1.28487269696196,1.40665424686993
1.1105,71.282639,-7.052512,44.795494,71.323593,-7.72959,47.694462,1.91304,2.01908415889412,0.966606406021105
1.1106,71.282639,-7.052512,44.795494,70.594261,-3.690391,47.40477,3.15942,3.33455383750118,2.63387692242133
1.1107,71.282639,-7.052512,44.795494,71.663429,-6.113766,46.212288,0.898551,0.948359725911884,0.917747361657415
1.1108,71.282639,-7.052512,44.795494,71.063538,-9.834064,45.700779,2.69565,2.84507601143883,1.78207368645383
1.1109,71.282639,-7.052512,44.795494,70.939812,-8.657349,46.254623,1.91304,2.01908415889412,1.08445842453107
1.1110,71.282639,-7.052512,44.795494,70.691292,-10.177248,44.336166,3.18841,3.36515081914628,2.15924066395049
1.1111,71.282639,-7.052512,44.795494,71.58889,-6.200951,45.611439,1.7971,1.89671734095922,0.72754220173319
1.1112,71.282639,-7.052512,44.795494,70.795013,-9.924723,42.496162,2.37681,2.50856198495647,2.29723005626115
1.1113,71.282639,-7.052512,44.795494,71.138977,-7.677126,41.475903,1.30435,1.37665308757451,1.33888887544236
1.1114,71.282639,-7.052512,44.795494,71.636337,-8.132483,46.650795,1.33333,1.40723951489686,0.869907941882625
1.1115,65.592659,30.518431,37.095493,65.443893,35.442749,37.130245,3.53075,3.72646750408534,2.66169832444851
1.1116,65.592659,30.518431,37.095493,65.810898,27.048811,36.836468,1.5262,1.61080073772854,1.93982118211022
1.1117,65.592659,30.518431,37.095493,65.113106,31.658255,38.135792,0.592255,0.625085041884036,0.636015821880894
1.1118,65.592659,30.518431,37.095493,66.089806,34.973812,39.371635,2.18679,2.30800874410785,1.94977159987199
1.1119,65.592659,30.518431,37.095493,66.481705,30.508141,42.480831,2.36902,2.50034016753615,2.67492029328672
1.1120,65.592659,30.518431,37.095493,65.935089,28.613585,37.884537,1.23007,1.29825557820583,1.39880274222558
1.1121,65.592659,30.518431,37.095493,66.097527,29.908379,40.428902,2.2779,2.40416917866062,1.90009892420151
1.1122,65.592659,30.518431,37.095493,65.981567,26.952259,36.634029,1.27563,1.3463410726436,1.95703230787014
1.1123,65.592659,30.518431,37.095493,65.810898,27.048811,36.836468,2.96128,3.12543048658156,1.93982118211022
1.1124,65.592659,30.518431,37.095493,66.236244,30.058823,39.301487,1.68565,1.77908941393796,1.36457860225991
1.1125,65.592659,30.518431,37.095493,65.795349,28.472292,38.988216,2.2779,2.40416917866062,1.90692059373671
1.1126,65.592659,30.518431,37.095493,65.880806,33.342068,40.743328,1.50342,1.58675799050966,1.43446332940775
1.1127,65.592659,30.518431,37.095493,65.96608,28.381781,38.781651,1.93622,2.0435490790229,1.88662347414201
1.1128,65.592659,30.518431,37.095493,65.057709,30.665947,39.804905,1.82232,1.9233353429285,1.34205868887442
1.1129,46.843018,9.459996,-14.706019,46.578411,12.024842,-15.567065,2.52157,2.66134636104977,2.12342397612192
1.1130,46.843018,9.459996,-14.706019,47.752029,9.151309,-13.839125,0.594439,0.627390105972098,1.04759390541525
1.1131,46.843018,9.459996,-14.706019,47.066193,8.252254,-13.079809,1.15053,1.21430649507195,1.28986672059967
1.1132,46.843018,9.459996,-14.706019,45.988266,11.218498,-16.208773,1.57239,1.6595511544994,1.69900780038436
1.1133,46.843018,9.459996,-14.706019,47.404495,9.76618,-14.01267,0.642378,0.677986473791498,0.851618893123253
1.1134,46.843018,9.459996,-14.706019,47.815975,10.316725,-13.992885,0.958773,1.01191996836208,1.4483382857403
1.1135,46.843018,9.459996,-14.706019,46.217606,10.204192,-14.516825,0.699904,0.738701270828958,0.968668091872004
1.1136,46.843018,9.459996,-14.706019,47.040016,9.666692,-15.665176,0.488974,0.516078941115237,0.632847759639342
1.1137,46.843018,9.459996,-14.706019,45.784492,8.67637,-13.369141,1.17929,1.24466072729386,1.38611345368693
1.1138,46.843018,9.459996,-14.706019,47.790409,7.846832,-13.960263,1.79291,1.892295079728,1.73137899276695
1.1139,46.843018,9.459996,-14.706019,47.43037,7.426414,-14.50227,1.43816,1.51788048025926,2.05881516920809
1.1140,46.843018,9.459996,-14.706019,47.5723,9.072626,-15.610582,0.958773,1.01191996836208,1.10961919443176
1.1141,46.843018,9.459996,-14.706019,47.261806,8.440722,-14.024857,0.805369,0.850012435685819,0.99622707801792
1.1142,46.843018,9.459996,-14.706019,47.2878,10.893925,-14.05887,1.61074,1.70002698223619,1.60514097251764
1.1143,47.235798,-4.873497,-25.659845,48.032433,-6.229394,-26.16704,0.899281,0.949130191472454,1.38607974860663
1.1144,47.235798,-4.873497,-25.659845,47.89254,-6.464955,-23.92292,1.11511,1.17692308390019,1.51485419205257
1.1145,47.235798,-4.873497,-25.659845,47.365646,-4.688555,-24.64673,0.707434,0.746648675857851,0.493464434274071
1.1146,47.235798,-4.873497,-25.659845,47.546543,-5.248015,-24.230824,1.05516,1.11364991902873,0.671858411262849
1.1147,47.235798,-4.873497,-25.659845,47.196739,-6.188429,-27.027718,1.31894,1.39205184446316,1.28499049786038
1.1148,47.235798,-4.873497,-25.659845,47.585175,-6.104958,-25.353298,0.683453,0.721338354476991,1.0299187853473
1.1149,47.235798,-4.873497,-25.659845,47.274811,-2.506462,-27.221846,1.91847,2.02481515614603,1.7785723826552
1.1150,47.235798,-4.873497,-25.659845,47.026924,-6.090162,-26.323709,1.1271,1.18957771687448,1.0831148305613
1.1151,47.235798,-4.873497,-25.659845,47.066196,-4.81769,-23.221413,1.7506,1.84763974018319,1.04325595340886
1.1152,47.235798,-4.873497,-25.659845,47.183708,-8.770484,-23.828453,2.63789,2.78411424324908,3.0898645575341
1.1153,47.235798,-4.873497,-25.659845,48.373238,-2.047321,-26.305017,1.4988,1.5818818934003,2.52454012384203
1.1154,47.235798,-4.873497,-25.659845,47.610901,-6.321294,-24.666119,1.19904,1.26550551472024,1.2191542186712
1.1155,47.235798,-4.873497,-25.659845,48.573505,-5.818207,-23.30015,1.64269,1.73374804341456,1.74655261864593
1.1156,47.235798,-4.873497,-25.659845,47.867039,-6.135065,-23.704105,1.13909,1.20223234984878,1.34797170427156
1.1157,71.214287,-18.133331,-0.36693,71.7108,-21.133921,-0.813583,2.10309,2.21966906271099,1.87801526404129
1.1158,71.214287,-18.133331,-0.36693,71.227966,-16.388208,2.159288,2.06186,2.17615359002291,2.22609538138891
1.1159,71.214287,-18.133331,-0.36693,70.829529,-15.738812,2.106069,3.50515,3.69944843785165,2.49316942478352
1.1160,71.214287,-18.133331,-0.36693,71.364517,-20.53879,1.088389,1.62887,1.71916196937746,1.8069663245152
1.1161,71.214287,-18.133331,-0.36693,71.214287,-14.126379,2.68132,4.8866,5.15747535380965,3.66315580255944
1.1162,71.214287,-18.133331,-0.36693,70.850235,-18.903822,2.844337,2.28866,2.41552562993697,2.38107735859357
1.1163,71.214287,-18.133331,-0.36693,71.609238,-15.665607,1.761258,3.36082,3.5471178976365,2.3396910757737
1.1164,71.214287,-18.133331,-0.36693,71.001717,-22.70315,1.055757,3.48454,3.67769597866899,2.87006251855077
1.1165,71.214287,-18.133331,-0.36693,71.063538,-17.569584,2.338595,1.95876,2.06733852249584,2.0326510465304
1.1166,71.214287,-18.133331,-0.36693,71.724319,-19.315683,1.709486,1.54639,1.63210991535581,1.71461627395179
1.1167,71.214287,-18.133331,-0.36693,70.864029,-17.594755,1.534497,1.60825,1.69739895587205,1.47279051510069
1.1168,71.214287,-18.133331,-0.36693,70.981094,-19.186682,4.152326,3.52577,3.72121145135707,3.29179418648622
1.1169,71.214287,-18.133331,-0.36693,71.58889,-21.204393,0.239026,1.89691,2.00206003630235,1.93130650952416
1.1170,71.214287,-18.133331,-0.36693,71.084129,-16.117289,0.823676,1.6701,1.76267744206554,1.61836230645213
1.1171,71.214287,-18.133331,-0.36693,71.090988,-18.228727,0.685333,1.01031,1.06631378150604,0.781517712821676
1.1172,71.214287,-18.133331,-0.36693,71.221123,-21.468981,-0.680605,2.06186,2.17615359002291,2.0163826120486
1.1173,71.214287,-18.133331,-0.36693,71.25531,-21.187243,1.447995,2.2268,2.35023658942073,2.24814392385606
1.1174,71.214287,-18.133331,-0.36693,70.994843,-19.411667,1.380275,1.38144,1.45801636163525,1.50258588919312
1.1175,71.214287,-18.133331,-0.36693,71.534607,-21.712143,-1.081941,2.76289,2.91604327759324,2.20697717557519
1.1176,52.707874,-0.509537,0.432108,52.817913,-1.70578,-1.386986,2.8,2.95521036930934,2.40591236587609
1.1177,52.707874,-0.509537,0.432108,52.839878,-1.470072,0.394608,1.83636,1.93815361206603,1.3587269789998
1.1178,52.707874,-0.509537,0.432108,52.508911,-1.114043,-1.547143,2.16364,2.28357548694731,2.09925262520291
1.1179,52.707874,-0.509537,0.432108,53.814156,-0.30125,2.250995,1.63636,1.72706715711537,2.05584318833493
1.1180,52.707874,-0.509537,0.432108,53.481651,-1.505632,1.566985,1.54545,1.63111780901754,1.89182733202922
1.1181,52.707874,-0.509537,0.432108,53.004173,-0.130079,-1.892733,2.90909,3.07034747616218,2.33975653782243
1.1182,52.707874,-0.509537,0.432108,52.663757,-2.054657,-0.110976,2.45455,2.5906112899958,2.20262806110074
1.1183,52.707874,-0.509537,0.432108,53.189438,-0.061074,-0.485857,0.963636,1.0170525355142,1.2172352068029
1.1184,52.707874,-0.509537,0.432108,53.058765,0.362148,-0.099415,1.63636,1.72706715711537,1.4421048566776
1.1185,52.707874,-0.509537,0.432108,53.524734,0.935619,-1.505489,2.27273,2.39871259380015,2.90789854994547
1.1186,52.707874,-0.509537,0.432108,53.395325,1.482182,-1.209027,3.0,3.16629682426,3.37954096211825
1.1187,52.707874,-0.509537,0.432108,53.200302,-1.041026,2.061271,1.45455,1.53517901524246,1.75756768849961
1.1188,52.707874,-0.509537,0.432108,53.254585,1.798958,-0.066632,2.36364,2.49466194189797,3.43171717958978
1.1189,52.707874,-0.509537,0.432108,52.663757,0.20281,1.189207,1.81818,1.91896585331102,1.28815221164309
1.1190,42.612183,0.751808,-15.65769,43.152416,-0.048409,-14.26813,1.35685,1.43206328199906,1.28101281324617
1.1191,42.612183,0.751808,-15.65769,43.256325,-0.554852,-15.961747,1.35685,1.43206328199906,1.71282166097214
1.1192,42.612183,0.751808,-15.65769,42.551537,1.592883,-15.847075,0.949796,1.00244535283162,1.00583168507267
1.1193,42.612183,0.751808,-15.65769,42.733093,-0.701881,-16.227003,1.64179,1.73279815436728,1.82561735297272
1.1194,42.612183,0.751808,-15.65769,42.838486,-0.755431,-15.567472,1.49254,1.57527488736034,1.81532127904715
1.1195,42.612183,0.751808,-15.65769,43.167282,0.382945,-13.757192,1.66893,1.76144258630408,1.27392986981054
1.1196,42.612183,0.751808,-15.65769,43.973675,1.477626,-14.26543,1.89959,2.00488859479869,1.86309381764109
1.1197,42.612183,0.751808,-15.65769,41.876003,-0.176758,-12.984466,1.83175,1.93328806927942,1.97993196015956
1.1198,42.612183,0.751808,-15.65769,42.185009,-0.181711,-14.79238,1.12619,1.18861727350446,1.23195282000274
1.1199,42.612183,0.751808,-15.65769,41.907051,1.877974,-15.95851,1.27544,1.34614054051139,1.48345299041438
1.1200,42.612183,0.751808,-15.65769,43.507164,1.94246,-14.955472,1.56038,1.64687541287961,1.82992640229599
1.1201,42.612183,0.751808,-15.65769,42.353573,1.990925,-13.848582,2.34735,2.47746895014224,2.13676461406799
1.1202,42.612183,0.751808,-15.65769,43.639107,0.746967,-13.490405,1.89959,2.00488859479869,1.63046732404087
1.1203,42.612183,0.751808,-15.65769,43.063065,2.111344,-17.228067,1.35685,1.43206328199906,1.6795740452493
1.1204,70.203941,-2.140631,43.501633,70.864029,-2.856971,45.588413,1.00534,1.06106828310052,0.965745196029875
1.1205,70.203941,-2.140631,43.501633,71.077263,-2.763619,42.541149,0.596085,0.629127347496342,0.882588867761903
1.1206,70.203941,-2.140631,43.501633,69.262474,-0.889665,42.857716,1.45018,1.53056677620179,1.16377426189216
1.1207,70.203941,-2.140631,43.501633,71.500641,-3.582546,43.627548,1.56584,1.65263807309976,1.41778502241884
1.1208,70.203941,-2.140631,43.501633,68.700531,-1.879445,43.974289,0.836299,0.882656955943939,1.19758942892531
1.1209,70.203941,-2.140631,43.501633,71.47345,-3.746199,45.188206,1.97509,2.08457373154256,1.54725230723906
1.1210,70.203941,-2.140631,43.501633,75.426437,-3.858319,42.607803,2.38434,2.51650938998537,4.11472128431872
1.1211,70.203941,-2.140631,43.501633,68.787468,-1.091324,44.192535,1.75267,1.84982448499193,1.35757415487691
1.1212,70.203941,-2.140631,43.501633,75.220566,-2.796027,41.841209,1.77936,1.87799397240509,3.83775874450928
1.1213,70.203941,-2.140631,43.501633,70.815727,-1.393984,43.397396,0.569395,0.600957860083175,0.707944357538106
1.1214,70.203941,-2.140631,43.501633,71.104706,-3.401385,44.383648,1.61032,1.69958370068079,1.13962440751578
1.1215,70.203941,-2.140631,43.501633,74.221741,-2.38332,41.431679,1.74377,1.84043113774662,3.11967307565276
1.1216,70.203941,-2.140631,43.501633,68.555229,-0.468977,44.42157,1.77936,1.87799397240509,1.78551234596788
1.1217,70.203941,-2.140631,43.501633,68.765747,-3.787609,43.533478,2.09075,2.20664502844054,1.61078322912064
1.1218,70.203941,-2.140631,43.501633,74.508461,-3.492687,43.69825,1.9395,2.04701089688409,3.37514116603254
1.1219,70.203941,-2.140631,43.501633,71.886292,-1.73426,42.661289,1.36121,1.43666496671699,1.34393478484299
1.1220,70.203941,-2.140631,43.501633,72.221817,-5.023428,45.402843,2.34875,2.4789465553269,2.54466547650979
1.1221,70.203941,-2.140631,43.501633,75.170509,-3.340276,41.118469,1.90391,2.00944806222562,3.92632446135975
1.1222,70.203941,-2.140631,43.501633,66.336136,-1.238303,45.809147,3.10498,3.27709610446361,3.22272544670036
1.1223,70.203941,-2.140631,43.501633,74.27285,-3.521164,42.806984,1.98399,2.09396707878787,3.23377991522167
1.1224,70.203941,-2.140631,43.501633,74.711258,-1.754081,51.539986,3.20285,3.38039126119372,4.2706840803976
1.1225,70.203941,-2.140631,43.501633,75.139206,-0.779157,44.417885,3.16726,3.34282842653525,3.84091749226543
1.1226,70.203941,-2.140631,43.501633,74.413094,-4.507824,42.181534,2.41103,2.54467887739853,3.63635276481382
1.1227,70.203941,-2.140631,43.501633,69.205185,-4.003218,42.75396,1.70819,1.8028788574109,1.57101780688797
1.1228,70.203941,-2.140631,43.501633,69.40538,-0.928324,43.544308,0.898577,0.948387167151027,1.06177206711025
1.1229,70.203941,-2.140631,43.501633,69.526474,-0.881797,44.1367,1.76157,1.85921783223723,1.06769697057075
1.1230,70.203941,-2.140631,43.501633,69.233841,-1.714781,48.1693,1.97509,2.08457373154256,1.74742304013711
1.1231,70.203941,-2.140631,43.501633,70.196938,-2.145281,44.834465,0.462633,0.48827779956596,0.447358646671638
1.1232,65.388947,31.454832,35.579201,65.026024,30.09618,35.007328,0.220327,0.232540226799578,0.684079113665557
1.1233,65.388947,31.454832,35.579201,64.160919,33.677383,35.706707,1.74129,1.83781366570523,1.54410623490418
1.1234,65.388947,31.454832,35.579201,64.459389,32.080742,36.879532,0.618337,0.652612826474153,0.920376300277173
1.1235,65.388947,31.454832,35.579201,64.395042,31.973896,33.94614,1.46411,1.54526894778911,1.32978943764656
1.1236,65.388947,31.454832,35.579201,65.459579,30.06686,33.467705,0.817342,0.86264912631144,0.851909447047007
1.1237,65.388947,31.454832,35.579201,63.941689,32.329018,33.111778,2.48045,2.61794698591191,2.01979684667798
1.1238,65.388947,31.454832,35.579201,65.490929,34.15789,38.267532,1.59915,1.6877945221718,1.19466019150371
1.1239,65.388947,31.454832,35.579201,64.6838,30.405853,33.980846,0.312722,0.330056891825412,0.863804203663036
1.1240,65.388947,31.454832,35.579201,64.986382,32.153748,35.099213,0.767591,0.810140315210187,0.661161754631019
1.1241,65.388947,31.454832,35.579201,65.787575,33.375114,37.916954,1.44989,1.53026070084211,1.00068065627258
1.1242,65.388947,31.454832,35.579201,61.62833,30.363129,31.302296,3.12011,3.29306479478063,3.695423562207
1.1243,65.388947,31.454832,35.579201,65.561386,28.673454,34.269928,1.22246,1.29022373859496,1.26636867642238
1.1244,65.388947,31.454832,35.579201,64.946693,32.019928,35.7757,0.319829,0.337557849002084,0.445745221282523
1.1245,65.388947,31.454832,35.579201,65.483093,29.370676,34.545959,0.938166,0.990170675476237,0.933131667870217
1.1246,65.388947,31.454832,35.579201,65.192108,33.297691,35.429081,1.43568,1.51526300821787,1.06564966236863
1.1247,65.388947,31.454832,35.579201,64.667816,31.456507,33.98457,1.22246,1.29022373859496,1.01484426439297
1.1248,65.388947,31.454832,35.579201,65.200005,30.516371,37.189526,1.70576,1.80031415698325,1.22368645134607
1.1249,65.388947,31.454832,35.579201,65.451736,28.471462,33.782463,1.24378,1.3127255546927,1.31661753943648
1.1250,65.388947,31.454832,35.579201,64.475456,34.248322,35.278191,2.32409,2.45291959543148,1.77763447694581
1.1251,65.388947,31.454832,35.579201,65.709724,32.956566,37.345135,1.1656,1.23021185945249,0.773291272037596
1.1252,65.388947,31.454832,35.579201,64.611809,30.411116,32.945335,1.29353,1.36523331036168,1.27037743615065
1.1253,65.388947,31.454832,35.579201,64.579765,30.533854,35.540939,0.533049,0.56259711862499,0.832930657937471
1.1254,65.388947,31.454832,35.579201,63.326351,30.250778,36.83897,1.9403,2.0478552427039,2.08062795429827
1.1255,65.388947,31.454832,35.579201,64.322525,32.440899,34.505249,1.60625,1.69528809132254,1.32247416498743
1.1256,65.388947,31.454832,35.579201,65.381096,31.899908,34.907112,0.8742,0.922658894589365,0.535058271806499
1.1257,65.388947,31.454832,35.579201,64.531654,28.136015,35.975761,2.3312,2.46042371890497,2.13787468282067
1.1258,65.388947,31.454832,35.579201,62.465405,33.340954,30.142002,3.95167,4.17072005717451,4.35854388544087
1.1259,65.388947,31.454832,35.579201,64.843338,33.642212,34.354042,2.26724,2.39291827061175,1.71995339975154
1.1260,65.388947,31.454832,35.579201,65.121017,29.257523,34.242176,0.696517,0.735126521714369,0.985380995354938
1.1261,46.882519,11.672404,-14.785732,47.157631,11.107472,-14.963532,0.340557,0.359434849193172,0.609037487779233
1.1262,46.882519,11.672404,-14.785732,47.378597,12.399621,-14.607193,1.08359,1.14365585859997,0.822262228625847
1.1263,46.882519,11.672404,-14.785732,47.131527,11.726325,-14.493322,0.283798,0.299529568710447,0.327287486440435
1.1264,46.882519,11.672404,-14.785732,45.961178,11.871773,-16.077568,0.629515,0.664410448441346,1.20604369180737
1.1265,46.882519,11.672404,-14.785732,46.935104,12.451385,-15.022421,0.985552,1.0401833892477,0.606818942418866
1.1266,46.882519,11.672404,-14.785732,47.287796,9.882204,-13.807115,1.30031,1.37238914118451,1.51448967113111
1.1267,46.882519,11.672404,-14.785732,47.092339,11.208915,-14.671347,0.288958,0.304975599248174,0.426721670951213
1.1268,46.882519,11.672404,-14.785732,46.001804,10.720681,-15.873279,1.44995,1.5303240267786,1.56791874677831
1.1269,46.882519,11.672404,-14.785732,46.485268,11.097709,-15.4621,1.00103,1.05651936999633,0.887838941259027
1.1270,46.882519,11.672404,-14.785732,46.578415,13.960801,-15.12886,1.59443,1.68281288183496,1.79086177109156
1.1271,46.882519,11.672404,-14.785732,47.000713,11.388927,-14.175341,0.330237,0.348542788117717,0.404655392591525
1.1272,46.882519,11.672404,-14.785732,47.066189,12.389042,-14.764808,0.835913,0.882249559085884,0.63070039833063
1.1273,46.882519,11.672404,-14.785732,46.816658,11.88175,-15.121693,0.283798,0.299529568710447,0.233130922609375
1.1274,46.882519,11.672404,-14.785732,47.981628,9.275043,-12.686072,1.56863,1.65558272914632,2.35018550579429
1.1275,46.882519,11.672404,-14.785732,46.816658,13.150018,-15.409671,1.32095,1.39417326333542,1.11542624716054
1.1276,46.882519,11.672404,-14.785732,47.313763,10.550118,-14.58247,0.995872,1.05107545032315,1.024619523763
1.1277,46.882519,11.672404,-14.785732,46.578415,11.222177,-14.176284,0.381837,0.403003093494989,0.530637758032725
1.1278,46.882519,11.672404,-14.785732,46.76387,12.415377,-15.366387,0.639835,0.6753025095168,0.596005142977833
1.1279,46.882519,11.672404,-14.785732,46.365108,10.319695,-15.343955,1.46543,1.54666211839178,1.47594575496372
1.1280,46.882519,11.672404,-14.785732,47.222782,11.053596,-14.47664,0.541796,0.571828984732258,0.592028247937074
1.1281,46.882519,11.672404,-14.785732,45.934059,12.039439,-16.193235,0.892673,0.942155895000884,1.2596307637233
1.1282,46.882519,11.672404,-14.785732,46.921967,13.35953,-14.957146,1.45511,1.53577005731633,1.33797606483202
1.1283,46.882519,11.672404,-14.785732,47.248798,11.866299,-14.345171,0.443756,0.468354404515441,0.530320155502289
1.1284,46.882519,11.672404,-14.785732,46.76387,12.047139,-15.266007,0.185759,0.196056043925905,0.36737554033607
1.1285,46.882519,11.672404,-14.785732,47.157631,11.080889,-14.554321,0.562436,0.593613106883167,0.541508437587867
1.1286,46.882519,11.672404,-14.785732,47.17067,12.108297,-14.704404,0.624355,0.658964417903618,0.482197257391491
1.1287,46.882519,11.672404,-14.785732,47.013821,11.009042,-14.812324,0.567595,0.599058081988619,0.594644499012178
1.1288,46.882519,11.672404,-14.785732,47.131527,12.335246,-14.765049,0.794634,0.838682370216342,0.610813886267031
1.1289,46.974487,-5.338224,-24.143667,48.797333,-4.019587,-25.025913,1.95985,2.06848894367532,2.09743056824024
1.1290,46.974487,-5.338224,-24.143667,48.133785,-7.201355,-25.257195,2.17973,2.30055739224809,1.97205968484871
1.1291,46.974487,-5.338224,-24.143667,49.044228,-2.03844,-25.081593,3.34608,3.5315608259066398,3.41001429926437
1.1292,46.974487,-5.338224,-24.143667,50.132732,-5.439182,-23.602091,1.47228,1.55389182947384,3.14602643706531
1.1293,46.974487,-5.338224,-24.143667,49.0811,-5.199367,-24.532782,0.917782,0.968656743987665,2.08974074194146
1.1294,46.974487,-5.338224,-24.143667,48.772537,-2.672256,-26.252129,2.81071,2.96651404897195,2.76293323129306
1.1295,46.974487,-5.338224,-24.143667,48.685612,-6.246889,-24.185173,1.08031,1.14019404073878,1.84544984348759
1.1296,46.974487,-5.338224,-24.143667,49.374592,-6.211933,-26.086388,2.31358,2.44182700222382,2.63817711417305
1.1297,46.974487,-5.338224,-24.143667,48.73531,-4.526822,-27.288454,2.11281,2.22992786442159,2.14217695626751
1.1298,46.974487,-5.338224,-24.143667,48.133785,-4.464638,-28.296122,2.12237,2.24001779696824,1.94875811351864
1.1299,46.974487,-5.338224,-24.143667,48.760132,-5.697698,-25.600773,1.28107,1.35208262421825,1.90049494425897
1.1300,46.974487,-5.338224,-24.143667,48.698044,-4.678724,-26.183531,1.33843,1.41262221949811,1.91268583183267
1.1301,46.974487,-5.338224,-24.143667,49.423252,-6.380499,-24.647871,1.64436,1.73551061531339,2.58646672801835
1.1302,46.974487,-5.338224,-24.143667,50.08511,-5.116676,-23.47584,1.35755,1.43280208459139,3.11065299128791
1.1303,46.974487,-5.338224,-24.143667,47.981628,-6.69933,-23.871952,1.31931,1.39244235440482,1.48407683518554
1.1304,46.974487,-5.338224,-24.143667,49.093384,-5.260174,-24.724117,0.8413,0.887935172749981,2.10770063923317
1.1305,46.974487,-5.338224,-24.143667,48.272621,-4.212461,-25.531704,1.20459,1.27136316384512,1.6044636995745
1.1306,46.974487,-5.338224,-24.143667,48.809723,-5.845305,-23.965975,0.965583,1.01910746215315,1.85802803627099
1.1307,46.974487,-5.338224,-24.143667,48.871597,-5.8938,-24.960522,0.975143,1.02919739469979,1.96909291881226
1.1308,46.974487,-5.338224,-24.143667,49.093384,-2.556716,-25.326153,3.09751,3.2692120253712,3.08258261370663
1.1309,46.974487,-5.338224,-24.143667,50.08511,-4.324798,-22.836958,1.88337,1.98776948330219,3.28370784395415
1.1310,46.974487,-5.338224,-24.143667,49.019623,-2.420908,-26.008892,3.24092,3.42057156789358,3.07874963823327
1.1311,46.974487,-5.338224,-24.143667,49.447544,-6.69211,-27.026808,2.55258,2.69407531588987,2.9881132574997
1.1312,46.974487,-5.338224,-24.143667,47.879787,-7.771471,-24.548243,2.3327,2.4620068673171,2.15359668765549
1.1313,46.974487,-5.338224,-24.143667,48.045116,-7.795154,-24.376974,2.32314,2.45191693477046,2.23505204829801
1.1314,46.974487,-5.338224,-24.143667,49.130199,-2.920723,-24.231207,3.01147,3.17840263245143,2.96923527867304
1.1315,46.974487,-5.338224,-24.143667,49.0811,-3.066265,-25.438837,2.78203,2.93624425133202,2.77561367178251
1.1316,46.974487,-5.338224,-24.143667,49.689598,-6.203372,-24.980022,1.56788,1.65479115494026,2.81664153973454
1.1317,46.974487,-5.338224,-24.143667,49.520355,-6.036674,-24.016258,1.52008,1.60434149220705,2.58561947830162
1.1318,71.825623,-18.089138,-0.94298,71.731087,-18.592171,-1.578217,0.427529,0.451227904993019,0.560303757608615
1.1319,71.825623,-18.089138,-0.94298,72.047661,-17.635418,-0.193706,0.745568,0.786896530223294,0.644624420847475
1.1320,71.825623,-18.089138,-0.94298,72.221809,-19.109219,0.68534,1.73097,1.82692160462978,1.39217130110835
1.1321,71.825623,-18.089138,-0.94298,71.906487,-16.351366,-2.213495,1.80918,1.90946696283824,1.54039597704631
1.1322,71.825623,-18.089138,-0.94298,71.940147,-19.51421,-1.306299,0.948905,1.00150496267481,0.923968243986414
1.1323,71.825623,-18.089138,-0.94298,71.893028,-17.530643,-1.117773,0.469239,0.49524998517298,0.393338795961658
1.1324,71.825623,-18.089138,-0.94298,71.993935,-16.722622,-1.690373,1.38686,1.46373680456441,1.09107672152907
1.1325,71.825623,-18.089138,-0.94298,71.138977,-19.391445,0.859558,1.73618,1.83242040678125,1.63899960453543
1.1326,71.825623,-18.089138,-0.94298,72.027527,-16.687149,-0.524897,0.990615,1.04552704285478,0.980330869070574
1.1327,71.825623,-18.089138,-0.94298,71.926689,-17.613472,-1.537853,0.943691,0.996001938794249,0.555578797735516
1.1328,71.825623,-18.089138,-0.94298,71.663437,-19.359089,0.406003,1.45985,1.54077280629866,1.28234237181248
1.1329,71.825623,-18.089138,-0.94298,71.636345,-18.940004,-1.809015,0.907195,0.957482882494852,0.826818309111508
1.1330,71.825623,-18.089138,-0.94298,71.825623,-18.096888,-0.984842,0.203337,0.214608432451519,0.0311951985814338
1.1331,71.825623,-18.089138,-0.94298,71.398582,-20.804569,-1.116537,1.73097,1.82692160462978,1.68856265796879
1.1332,71.825623,-18.089138,-0.94298,71.764877,-17.671333,-1.366045,0.573514,0.605305185622884,0.425731608392383
1.1333,71.825623,-18.089138,-0.94298,71.893028,-17.469995,-0.782333,0.255474,0.269635504960333,0.419353179820253
1.1334,71.825623,-18.089138,-0.94298,71.676971,-18.260988,-1.595028,0.636079,0.671338305892827,0.502603746320747
1.1335,71.825623,-18.089138,-0.94298,70.843338,-19.24361,1.885674,2.14807,2.2671424064294,2.30407557446072
1.1336,71.825623,-18.089138,-0.94298,71.656662,-19.318157,-1.6516,0.980188,1.03452205052592,0.919711126208285
1.1337,71.825623,-18.089138,-0.94298,71.91996,-17.603411,-0.8233,0.281543,0.297149568930878,0.332283437477092
1.1338,71.825623,-18.089138,-0.94298,71.622795,-20.832075,-0.994934,1.61627,1.70586352271557,1.67904184020245
1.1339,71.825623,-18.089138,-0.94298,71.805382,-17.72995,-1.422109,0.604797,0.638322273473993,0.433440837281119
1.1340,71.825623,-18.089138,-0.94298,71.8526,-19.414932,-0.692602,0.834202,0.880443714463781,0.856419960874743
1.1341,71.825623,-18.089138,-0.94298,71.412209,-19.717726,-2.099492,1.45985,1.54077280629866,1.32520290533186
1.1342,71.825623,-18.089138,-0.94298,72.034233,-16.919209,-1.154695,1.08446,1.144574084679,0.806755611776127
1.1343,71.825623,-18.089138,-0.94298,72.401939,-18.520184,1.481282,2.03858,2.15158312666665,1.84971016008278
1.1344,71.825623,-18.089138,-0.94298,72.188377,-15.346027,-1.485301,1.73097,1.82692160462978,1.94147531912478
1.1345,71.825623,-18.089138,-0.94298,72.408592,-19.506802,-1.160124,0.943691,0.996001938794249,0.997223754456205
1.1346,71.825623,-18.089138,-0.94298,71.832367,-17.775043,-1.198154,0.427529,0.451227904993019,0.283075736079323
1.1347,52.960438,-0.215942,0.16867,53.58926,-1.69242,1.100019,2.51111,2.65030653945585,2.32618428552277
1.1348,52.960438,-0.215942,0.16867,52.531075,1.135774,0.042401,2.51111,2.65030653945585,2.0264014197007
1.1349,52.960438,-0.215942,0.16867,52.118702,0.745506,-3.347298,3.38519,3.57283878217224,3.63703624760353
1.1350,52.960438,-0.215942,0.16867,52.308792,0.1965,-0.255643,0.977778,1.03197845874377,0.980304514551719
1.1351,52.960438,-0.215942,0.16867,52.497826,-0.437549,0.02195,0.325926,0.343992819581255,0.576689692543399
1.1352,52.960438,-0.215942,0.16867,52.241821,-1.112231,-1.044169,1.91852,2.02486792775977,1.87136830732781
1.1353,52.960438,-0.215942,0.16867,52.861832,-0.630516,3.403501,3.17778,3.35393157406565,3.04149554101119
1.1354,52.960438,-0.215942,0.16867,52.960438,2.151435,-1.579021,3.7037,3.90900451600393,3.72113995489737
1.1355,52.960438,-0.215942,0.16867,53.276279,-1.970127,-0.912755,3.18519,3.36175232722158,2.66802809863955
1.1356,52.960438,-0.215942,0.16867,53.373714,-1.304437,-0.279672,1.7037,1.79813996649726,1.66284305147775
1.1357,52.960438,-0.215942,0.16867,52.674797,1.47451,-0.956135,3.0963,3.26793495231875,2.68511661884008
1.1358,52.960438,-0.215942,0.16867,53.557014,-0.199986,1.16055,1.06667,1.12579794451114,1.1251414572167
1.1359,52.960438,-0.215942,0.16867,51.678555,-0.521563,-2.255281,2.96296,3.12720361280314,2.67026449202604
1.1360,52.960438,-0.215942,0.16867,52.375626,-0.520912,-0.40756,0.888889,0.938162139273217,0.922178262112907
1.1361,52.960438,-0.215942,0.16867,52.718895,-0.407324,0.636037,0.274074,0.289266545270745,0.584269575946883
1.1362,52.960438,-0.215942,0.16867,53.080578,1.462485,1.143956,2.88148,3.04120699105624,2.5907448600467
1.1363,52.960438,-0.215942,0.16867,53.406132,-2.41551,0.872765,3.28889,3.4712006541135,3.12059901126547
1.1364,52.960438,-0.215942,0.16867,53.036942,-1.095443,0.529626,1.6963,1.79032976766408,1.308723125216
1.1365,52.960438,-0.215942,0.16867,52.773941,0.644513,0.035434,1.60741,1.69651239276126,1.29648741172479
1.1366,52.960438,-0.215942,0.16867,52.718895,-2.403632,2.016102,3.4,3.58846973416134,3.42796842507831
1.1367,52.960438,-0.215942,0.16867,52.542156,-0.29973,2.141883,2.04444,2.15776795979671,1.92327857570408
1.1368,52.960438,-0.215942,0.16867,52.073818,1.686308,-2.588133,3.8963,4.11228077212142,3.79165722342004
1.1369,52.960438,-0.215942,0.16867,52.319939,0.384821,-2.268283,2.8,2.95521036930934,2.56042365249932
1.1370,52.960438,-0.215942,0.16867,52.817913,0.595608,1.064185,1.81481,1.9154090465451,1.48371041889495
1.1371,52.960438,-0.215942,0.16867,52.062588,-0.780343,-0.132801,1.25926,1.32906364630588,1.23995641036404
1.1372,52.960438,-0.215942,0.16867,53.470875,-0.023033,-0.984022,1.47407,1.55578105324565,1.26951675281812
1.1373,52.960438,-0.215942,0.16867,52.542156,-1.525351,1.895931,2.72593,2.87703450071836,2.46778467535296
1.1374,61.316254,0.500816,0.336991,61.385818,-0.211296,2.085141,2.07626,2.19135181477936,1.98378396668712
1.1375,61.316254,0.500816,0.336991,61.324955,-0.026105,2.377341,2.03748,2.15042215116443,2.09873917507178
1.1376,61.316254,0.500816,0.336991,61.229115,0.506952,1.28481,1.14551,1.20900822505269,0.921994238052581
1.1377,61.316254,0.500816,0.336991,61.12429,0.507838,2.114347,1.8217,1.92268097491815,1.70267383275322
1.1378,61.316254,0.500816,0.336991,61.159264,0.971863,1.755302,1.77933,1.87796230943685,1.49925991708431
1.1379,61.316254,0.500816,0.336991,61.351051,1.271677,1.449992,1.8217,1.92268097491815,1.49999313546416
1.1380,61.316254,0.500816,0.336991,61.202938,1.2229,1.126646,1.75789,1.85533384146614,1.26109914983269
1.1381,61.316254,0.500816,0.336991,61.12429,1.496262,1.11112,1.86341,1.96670305509811,1.5736123682623
1.1382,61.316254,0.500816,0.336991,61.133038,1.558066,0.90555,1.77933,1.87796230943685,1.5754302761531
1.1383,61.316254,0.500816,0.336991,61.403194,1.585109,0.534997,1.72176,1.8172010733793,1.53054745148644
1.1384,61.316254,0.500816,0.336991,61.342354,2.210809,0.646026,2.49783,2.63629039884712,2.36369977061412
1.1385,61.316254,0.500816,0.336991,61.437916,1.748428,0.211585,2.07626,2.19135181477936,1.74967606152704
1.1386,61.316254,0.500816,0.336991,61.229115,1.357063,0.07284,1.64045,1.73138387511911,1.24148275495099
1.1387,61.316254,0.500816,0.336991,61.071774,1.68807,-0.302554,2.07626,2.19135181477936,1.78481197926086
1.1388,61.316254,0.500816,0.336991,61.12429,1.47093,-0.570413,1.84263,1.94477117242874,1.62959931836962
1.1389,61.316254,0.500816,0.336991,61.281422,1.498244,-0.867983,2.05693,2.17095030890838,1.81419968890698
1.1390,61.316254,0.500816,0.336991,61.515923,1.155699,-0.76349,1.99162,2.10202002704424,1.42274510564013
1.1391,61.316254,0.500816,0.336991,61.246559,1.160342,-1.442734,2.01137,2.12286481447062,1.93918097514689
1.1392,61.316254,0.500816,0.336991,61.272709,0.829348,-0.950363,1.67774,1.77074094464466,1.33465200700105
1.1393,61.316254,0.500816,0.336991,61.316254,0.657785,-1.694917,2.03748,2.15042215116443,1.96723573352519
1.1394,61.316254,0.500816,0.336991,61.194206,0.547476,-0.971859,1.34424,1.41875428101442,1.28250266275383
1.1395,61.316254,0.500816,0.336991,61.403194,0.206245,-1.549228,1.89089,1.99570633400833,1.88546111076958
1.1396,61.316254,0.500816,0.336991,63.998638,0.519966,0.388502,1.64045,1.73138387511911,2.27582540874478
1.1397,61.316254,0.500816,0.336991,64.763649,0.456606,0.486569,2.17113,2.29148067468521,2.91364689701816
1.1398,61.316254,0.500816,0.336991,64.290253,0.565361,0.562838,2.22064,2.34373512660825,2.52883147342615
1.1399,61.316254,0.500816,0.336991,63.900963,0.881475,0.478138,2.01137,2.12286481447062,2.26414638458708
1.1400,61.316254,0.500816,0.336991,63.019234,1.03901,0.222043,2.20215,2.32422018384806,1.6489122951536
1.1401,61.316254,0.500816,0.336991,63.786701,1.099438,0.59516,1.99162,2.10202002704424,2.27670296229831
1.1402,61.316254,0.500816,0.336991,63.351151,1.514147,0.43042,2.58759,2.73102599982898,2.2442837601638
1.1403,61.316254,0.500816,0.336991,63.010902,1.584933,0.612094,2.03748,2.15042215116443,2.11132824327192
1.1404,61.316254,0.500816,0.336991,62.117382,1.150388,0.686063,1.72176,1.8172010733793,1.19439328440111
1.1405,61.316254,0.500816,0.336991,61.671474,1.627157,0.588297,2.09546,2.21161611445462,1.62001657003198
1.1406,61.316254,0.500816,0.336991,61.237839,1.132998,0.562813,1.03705,1.09453604053295,0.923737115072207
1.1407,61.316254,0.500816,0.336991,61.246559,1.448591,0.676258,1.55636,1.6426325751351,1.36845568693097
1.1408,61.316254,0.500816,0.336991,60.966518,1.198919,0.585929,1.2294,1.29754843858175,1.05922249243257
1.1409,61.316254,0.500816,0.336991,60.05101,1.42888,0.741699,1.67774,1.77074094464466,1.74743149056085
1.1410,61.316254,0.500816,0.336991,59.870667,1.414608,0.437045,1.75789,1.85533384146614,1.80415679839736
1.1411,61.316254,0.500816,0.336991,58.574184,1.398493,0.652862,2.20215,2.32422018384806,2.73954819113453
1.1412,61.316254,0.500816,0.336991,59.296902,0.966163,0.462086,1.64045,1.73138387511911,1.89274987960548
1.1413,61.316254,0.500816,0.336991,58.046539,1.182882,0.464981,2.51482,2.65422219319518,3.04877456812333
1.1414,61.316254,0.500816,0.336991,57.837181,0.718357,0.516146,1.97175,2.08104858774489,3.09892687715575
1.1415,61.316254,0.500816,0.336991,58.583538,0.781252,0.248396,1.93161,2.03868353623629,2.44068554601601
1.1416,61.316254,0.500816,0.336991,57.016914,0.73156,0.231314,2.15239,2.27170187385633,3.84244917204097
1.1417,61.316254,0.500816,0.336991,59.562099,0.4567,0.35468,1.52502,1.60955532764433,1.53489449957057
1.1418,61.316254,0.500816,0.336991,57.124107,0.403779,0.222178,2.01137,2.12286481447062,3.73254869365627
1.1419,61.316254,0.500816,0.336991,63.384186,0.691776,0.331423,1.69985,1.79407655223946,1.78262720473251
1.1420,61.316254,0.500816,0.336991,64.112297,0.484171,0.376044,1.89089,1.99570633400833,2.3701537350482
1.1421,61.316254,0.500816,0.336991,64.314461,0.45935,0.603762,1.99162,2.10202002704424,2.55199216473992
1.1422,61.316254,0.500816,0.336991,63.069199,0.162267,0.452274,1.75789,1.85533384146614,1.58159947737762
1.1423,61.316254,0.500816,0.336991,63.565411,0.217747,0.863668,1.84263,1.94477117242874,2.02717999057014
1.1424,61.316254,0.500816,0.336991,63.532524,-0.170763,0.918495,1.8217,1.92268097491815,2.21046109026444
1.1425,61.316254,0.500816,0.336991,62.499191,0.306014,0.539054,1.17392,1.23899305597844,1.07265182493513
1.1426,61.316254,0.500816,0.336991,63.540749,-0.267612,1.116719,2.03748,2.15042215116443,2.33989668509036
1.1427,61.316254,0.500816,0.336991,62.676105,-0.125571,1.077713,1.64045,1.73138387511911,1.66017804359733
1.1428,61.316254,0.500816,0.336991,61.972164,0.004307,0.847712,1.14551,1.20900822505269,1.05872214074346
1.1429,61.316254,0.500816,0.336991,62.159988,-0.67117,1.293516,1.99162,2.10202002704424,2.09571349756744
1.1430,61.316254,0.500816,0.336991,61.541893,-0.503716,1.077227,2.01137,2.12286481447062,1.6694946209745
1.1431,61.316254,0.500816,0.336991,61.185474,-0.335592,0.943573,1.69985,1.79407655223946,1.38530721288809
1.1432,61.316254,0.500816,0.336991,60.551476,-0.667394,1.077107,2.07626,2.19135181477936,1.9890569545523
1.1433,61.316254,0.500816,0.336991,60.569229,0.068494,0.74324,1.27438,1.34502178230016,0.998546565810332
1.1434,61.316254,0.500816,0.336991,59.816395,-0.090207,0.97558,1.75789,1.85533384146614,1.69871811023023
1.1435,61.316254,0.500816,0.336991,59.002087,-0.089244,0.965108,2.09546,2.21161611445462,2.29825586211546
1.1436,61.316254,0.500816,0.336991,58.955811,0.133519,0.714696,2.01137,2.12286481447062,2.17555942389796
1.1437,61.316254,0.500816,0.336991,58.27359,-0.17394,0.562631,2.09546,2.21161611445462,2.87459847943079
1.1438,61.316254,0.500816,0.336991,58.648956,-0.011775,0.477719,2.07626,2.19135181477936,2.47083987175675
1.1439,61.316254,0.500816,0.336991,59.186619,0.456052,0.390336,1.55636,1.6426325751351,1.8684682169114
1.1440,61.316254,0.500816,0.336991,58.065514,0.380088,0.323598,2.07626,2.19135181477936,2.87712140683387
1.1441,61.316254,0.500816,0.336991,57.779877,0.569369,0.137098,1.93161,2.03868353623629,3.13821560631952
1.1442,44.801201,38.272358,23.265364,44.87149,39.711948,25.338432,1.241,1.30979145296889,0.997016427228134
1.1443,44.801201,38.272358,23.265364,44.899559,41.479801,27.159821,1.86844,1.97201187944012,1.84259682646236
1.1444,44.801201,38.272358,23.265364,44.829334,40.694798,26.154762,1.59683,1.68534591929437,1.38121663437922
1.1445,44.801201,38.272358,23.265364,44.885529,40.063187,24.996094,1.11241,1.17407341675836,0.868274853733369
1.1446,44.801201,38.272358,23.265364,44.927605,41.88332,26.849709,1.67256,1.76527380546144,1.74804764130831
1.1447,44.801201,38.272358,23.265364,44.913586,42.028477,26.274622,1.83677,1.93858633929868,1.57973483523956
1.1448,44.801201,38.272358,23.265364,44.885529,40.848297,24.618021,1.14763,1.21124574147517,0.953733008582793
1.1449,44.801201,38.272358,23.265364,44.829334,42.897457,25.374044,2.33995,2.46965875130907,1.65638046066728
1.1450,44.801201,38.272358,23.265364,44.87149,40.606792,23.947336,1.38446,1.461203767105,0.866821356042548
1.1451,44.801201,38.272358,23.265364,44.730747,42.309013,24.073851,2.20169,2.32373468500167,1.52502449991793
1.1452,44.801201,38.272358,23.265364,44.716637,40.102772,23.429531,1.36126,1.43671773833072,0.75299755923343
1.1453,44.801201,38.272358,23.265364,44.716637,41.650463,22.740026,1.77882,1.87742403897673,1.62687167503126
1.1454,44.801201,38.272358,23.265364,44.773037,39.817226,22.966339,1.31404,1.38688022631687,0.779980321198224
1.1455,44.801201,38.272358,23.265364,44.758949,39.573017,22.409124,1.25748,1.32718497685682,0.933857956503683
1.1456,44.801201,38.272358,23.265364,44.730747,40.258553,21.585794,1.94303,2.05073657281397,1.60453844387164
1.1457,44.801201,38.272358,23.265364,44.997604,39.507378,22.191137,1.25748,1.32718497685682,1.03616472941464
1.1458,44.801201,38.272358,23.265364,44.899559,39.626335,20.866898,2.00376,2.11483297485974,1.78228224600234
1.1459,44.801201,38.272358,23.265364,44.74485,38.556396,21.513632,1.14763,1.21124574147517,1.09878715294892
1.1460,44.801201,38.272358,23.265364,44.773037,38.029533,19.561604,2.72078,2.87159902450338,2.13445242652329
1.1461,44.801201,38.272358,23.265364,44.843391,37.431824,20.775724,1.25748,1.32718497685682,1.31160740556512
1.1462,44.801201,38.272358,23.265364,44.857445,36.748955,21.264143,0.903218,0.953285428338158,1.00229923265735
1.1463,44.801201,38.272358,23.265364,44.688396,34.854061,19.078014,1.97962,2.0893548397472,2.15494120359836
1.1464,44.801201,38.272358,23.265364,44.716637,36.187611,21.403639,0.933556,0.985305132689624,0.995018401527421
1.1465,44.801201,38.272358,23.265364,44.815269,34.318062,19.688488,1.86844,1.97201187944012,1.93744236969019
1.1466,44.801201,38.272358,23.265364,47.222782,39.640423,23.880789,1.241,1.30979145296889,2.38256210370847
1.1467,44.801201,38.272358,23.265364,46.123379,38.978432,23.674717,0.882611,0.931536135452316,1.28951047453844
1.1468,44.801201,38.272358,23.265364,47.623756,40.049061,24.345411,1.70624,1.80082076447513,2.80611584335974
1.1469,44.801201,38.272358,23.265364,47.5723,40.522778,24.764917,2.09263,2.20862924111707,2.81367540504821
1.1470,44.801201,38.272358,23.265364,46.069405,39.717682,24.155165,0.892955,0.942453526902364,1.33091223445022
1.1471,44.801201,38.272358,23.265364,47.170673,41.600967,25.563288,2.02174,2.13380964715981,2.62709170630499
1.1472,44.801201,38.272358,23.265364,45.866165,40.348148,24.721346,1.28192,1.3529797416518,1.31059111630649
1.1473,44.801201,38.272358,23.265364,45.974724,42.25671,26.15855,1.93073,2.03775475583451,1.94384322465389
1.1474,44.801201,38.272358,23.265364,45.400471,40.498734,24.994703,1.20761,1.27455056931487,1.09211093566474
1.1475,44.801201,38.272358,23.265364,44.94162,42.389549,26.577145,1.90597,2.01162225271161,1.73061695188829
1.1476,44.801201,38.272358,23.265364,44.2616,40.570984,25.201435,1.10349,1.16465896086756,1.12725118052699
1.1477,44.801201,38.272358,23.265364,42.973438,40.311062,25.263008,1.84949,1.95201143783355,1.96973514394314
1.1478,44.801201,38.272358,23.265364,43.330318,39.156811,24.35841,1.19068,1.2566821009033,1.47232855877821
1.1479,44.801201,38.272358,23.265364,42.185009,38.56673,24.068939,2.13323,2.25147979147206,2.45591282705835
1.1480,44.801201,38.272358,23.265364,43.507164,38.228367,23.643114,1.3299,1.40361938219446,1.23168549913385
1.1481,44.801201,38.272358,23.265364,42.015461,37.237225,22.889879,1.63154,1.72197997355106,2.60426496004869
1.1482,44.801201,38.272358,23.265364,43.330318,37.64455,22.841187,1.0489,1.10704291298877,1.39650850956276
1.1483,44.801201,38.272358,23.265364,41.813801,36.422642,22.189848,1.61772,1.70739389951397,2.85032443663536
1.1484,44.801201,38.272358,23.265364,46.096401,38.530846,23.947065,1.241,1.30979145296889,1.28290756644005
1.1485,44.801201,38.272358,23.265364,47.700783,40.00211,24.350201,1.83677,1.93858633929868,2.87702318050197
1.1486,44.801201,38.272358,23.265364,47.417435,40.011112,24.19216,1.46743,1.54877298294129,2.60157435399653
1.1487,44.801201,38.272358,23.265364,46.458607,39.681278,23.704124,1.48951,1.57207692756784,1.66892818317973
1.1488,44.801201,38.272358,23.265364,47.623756,41.088566,23.442972,2.27981,2.4061850543054,2.95982521147888
1.1489,44.801201,38.272358,23.265364,46.15033,39.788517,23.014376,1.19068,1.2566821009033,1.48893173807032
1.1490,44.801201,38.272358,23.265364,46.163795,40.41777,22.590284,1.72624,1.8219294099702,1.75777452347296
1.1491,44.801201,38.272358,23.265364,46.458607,41.343887,22.345318,2.43621,2.57125466207682,2.29399212312934
1.1492,44.801201,38.272358,23.265364,45.524429,39.906815,22.660521,1.31404,1.38688022631687,1.16870249225533
1.1493,44.801201,38.272358,23.265364,44.716637,40.241558,21.71384,1.79828,1.89796275104343,1.53359964315116
1.1494,44.801201,38.272358,23.265364,44.390274,39.248653,22.117399,1.43763,1.51732110115364,1.04082526099156
1.1495,44.801201,38.272358,23.265364,43.433605,39.319481,21.156086,2.1101,2.22706764295701,1.98781666588946
1.1496,44.801201,38.272358,23.265364,43.551208,38.391315,22.027452,1.69283,1.78666741767069,1.39099723183746
1.1497,44.801201,38.272358,23.265364,41.969048,37.887436,21.214329,1.90597,2.01162225271161,2.84874093825247
1.1498,44.801201,38.272358,23.265364,43.077972,37.676849,22.305689,1.25748,1.32718497685682,1.67479553240149
1.1499,44.801201,38.272358,23.265364,41.673363,36.111137,22.008919,2.03366,2.14639039987487,3.00546643221302
1.1500,44.801201,38.272358,23.265364,43.167282,37.141159,22.786427,0.973011,1.02694721309002,1.58154131048347
1.1501,86.942886,-5.772712,47.495819,86.957611,-6.088197,52.70649,1.69703,1.79110023322465,1.60589854720116
1.1502,86.942886,-5.772712,47.495819,87.060585,-5.84185,50.910049,1.29673,1.36861069364089,1.0779790699554
1.1503,86.942886,-5.772712,47.495819,86.869186,-5.752945,52.251942,1.50579,1.58925936500082,1.49746021979105
1.1504,86.942886,-5.772712,47.495819,86.942886,-5.30717,51.441093,1.39169,1.46883454245147,1.33667087337365
1.1505,86.942886,-5.772712,47.495819,87.021385,-5.284764,50.634026,1.25534,1.32492635178885,1.10394095529842
1.1506,86.942886,-5.772712,47.495819,86.977242,-4.91089,50.231388,1.14205,1.20535642938205,1.12502864479034
1.1507,86.942886,-5.772712,47.495819,87.036087,-4.321931,49.968403,1.29673,1.36861069364089,1.35009300790503
1.1508,86.942886,-5.772712,47.495819,87.109543,-4.731218,49.047199,1.09689,1.15769310785419,0.931450926823861
1.1509,86.942886,-5.772712,47.495819,86.903587,-3.660976,49.424835,1.2343,1.30272005672804,1.6340070085508
1.1510,86.942886,-5.772712,47.495819,87.089966,-3.823636,48.495327,1.28131,1.3523359279642,1.40397046174951
1.1511,86.942886,-5.772712,47.495819,87.031181,-3.92422,47.83239,1.29673,1.36861069364089,1.2702767138146
1.1512,86.942886,-5.772712,47.495819,86.854431,-4.278666,47.00975,1.29673,1.36861069364089,0.995433063381012
1.1513,86.942886,-5.772712,47.495819,86.918327,-3.474162,46.5438,1.45897,1.53984402589687,1.54095234970491
1.1514,86.942886,-5.772712,47.495819,86.972336,-3.405134,45.771137,1.64515,1.73634440681045,1.62039211003526
1.1515,86.942886,-5.772712,47.495819,86.84951,-3.888271,45.409863,1.34227,1.41667507943316,1.34976341037709
1.1516,86.942886,-5.772712,47.495819,86.996864,-4.986082,46.125114,1.14205,1.20535642938205,0.630449046197159
1.1517,86.942886,-5.772712,47.495819,86.879021,-4.389856,44.888504,1.48719,1.56962832469041,1.15876911243142
1.1518,86.942886,-5.772712,47.495819,86.78553,-4.652411,44.627392,1.3171,1.39010984907762,1.11002258608894
1.1519,86.942886,-5.772712,47.495819,86.731331,-5.263799,43.406311,1.29673,1.36861069364089,1.35356810830347
1.1520,86.942886,-5.772712,47.495819,86.972336,-5.456726,44.823627,1.14205,1.20535642938205,0.870343809575845
1.1521,86.942886,-5.772712,47.495819,86.996864,-5.829517,44.7155,1.06219,1.12106960792024,0.931926444587337
1.1522,86.942886,-5.772712,47.495819,86.844597,-6.15077,42.81572,1.47312,1.55477839258463,1.65030152392117
1.1523,86.942886,-5.772712,47.495819,91.157318,-7.911195,48.407284,1.51965,1.60388765632891,2.99891320571362
1.1524,86.942886,-5.772712,47.495819,90.234093,-7.152112,48.311054,1.35722,1.43245379194072,2.27394355025084
1.1525,86.942886,-5.772712,47.495819,90.852867,-7.076853,48.666359,1.35722,1.43245379194072,2.62276527551165
1.1526,86.942886,-5.772712,47.495819,90.016968,-6.537256,48.306755,1.37699,1.45331968801259,2.02255580163303
1.1527,86.942886,-5.772712,47.495819,90.802719,-6.232387,48.947273,1.59664,1.68514538716216,2.49569781169451
1.1528,86.942886,-5.772712,47.495819,89.92894,-6.048702,48.919006,1.37699,1.45331968801259,1.95339961568288
1.1529,86.942886,-5.772712,47.495819,89.952118,-5.269704,48.970028,1.70983,1.80460976634149,2.01406958887689
1.1530,86.942886,-5.772712,47.495819,89.495949,-5.256212,49.27224,1.34227,1.41667507943316,1.77814738245615
1.1531,86.942886,-5.772712,47.495819,89.89183,-4.38579,49.51339,1.47312,1.55477839258463,2.2358251290517
1.1532,86.942886,-5.772712,47.495819,88.695129,-4.68992,49.183746,0.971898,1.02577251696822,1.48710918987188
1.1533,86.942886,-5.772712,47.495819,88.304436,-3.915141,49.613735,1.47312,1.55477839258463,1.74463713787433
1.1534,86.942886,-5.772712,47.495819,87.785362,-4.384179,48.987194,1.16969,1.23452857745623,1.24134765773103
1.1535,86.942886,-5.772712,47.495819,87.143791,-4.211359,48.723194,1.09689,1.15769310785419,1.18793019333128
1.1536,86.942886,-5.772712,47.495819,86.161224,-3.682297,48.808926,1.3171,1.39010984907762,1.61310458397056
1.1537,86.942886,-5.772712,47.495819,86.22599,-4.318323,48.25116,1.09689,1.15769310785419,1.14544953310616
1.1538,86.942886,-5.772712,47.495819,84.945381,-3.791821,47.958111,1.15869,1.22291882243394,1.88822319082626
1.1539,86.942886,-5.772712,47.495819,84.63295,-4.435321,47.322914,1.02671,1.083622870812,1.75197462986477
1.1540,86.942886,-5.772712,47.495819,83.620949,-4.067536,47.059071,1.25534,1.32492635178885,2.45708314780465
1.1541,86.942886,-5.772712,47.495819,82.217201,-3.9041,46.465809,1.43997,1.51979081267656,3.36320736569369
1.1542,86.942886,-5.772712,47.495819,83.431854,-4.192916,46.389454,1.21836,1.28589646626847,2.54007403204786
1.1543,86.942886,-5.772712,47.495819,91.410461,-7.502476,51.113781,1.33224,1.40608909371738,3.1637776440797
1.1544,86.942886,-5.772712,47.495819,89.896469,-6.907967,49.961231,1.12526,1.18763572148894,2.11385918012187
1.1545,86.942886,-5.772712,47.495819,90.670273,-7.540106,51.110573,1.29673,1.36861069364089,2.76982829578079
1.1546,86.942886,-5.772712,47.495819,89.794304,-7.220405,50.10902,1.00259,1.05816584434495,2.1365068150797
1.1547,86.942886,-5.772712,47.495819,89.435135,-7.567106,50.443893,1.12526,1.18763572148894,2.0792271183787
1.1548,86.942886,-5.772712,47.495819,87.930069,-6.99113,49.122559,1.20766,1.27460334092861,1.07243488306557
1.1549,86.942886,-5.772712,47.495819,87.881874,-7.838681,49.903168,1.35722,1.43245379194072,1.53133486895578
1.1550,86.942886,-5.772712,47.495819,87.143791,-7.264488,49.269188,1.20766,1.27460334092861,1.03686867969777
1.1551,86.942886,-5.772712,47.495819,86.672134,-7.051656,48.489632,1.09689,1.15769310785419,0.859300992506185
1.1552,86.942886,-5.772712,47.495819,85.760841,-7.10428,48.483116,1.47312,1.55477839258463,1.16207167561236
1.1553,86.942886,-5.772712,47.495819,85.342087,-6.53405,47.917694,1.09689,1.15769310785419,1.1536183451836
1.1554,86.942886,-5.772712,47.495819,83.986595,-7.07474,47.7943,1.50579,1.58925936500082,2.11347106998291
1.1555,86.942886,-5.772712,47.495819,84.220238,-6.195213,47.177876,1.62763,1.71785323335677,1.80854157162065
1.1556,86.942886,-5.772712,47.495819,84.730469,-5.735581,46.802689,0.814336,0.859476496893532,1.45993737007331
1.1557,86.942886,-5.772712,47.495819,84.02301,-5.473374,46.072578,1.26056,1.33043570826306,1.96832640882811
1.1558,86.942886,-5.772712,47.495819,82.838913,-4.949241,45.06913,1.4256,1.50462425088835,2.84389222839826
1.1559,86.942886,-5.772712,47.495819,83.730927,-4.788652,45.390114,1.14205,1.20535642938205,2.27792317402814
1.1560,86.942886,-5.772712,47.495819,82.324951,-4.398858,44.314445,1.26056,1.33043570826306,3.30600150281327
1.1561,86.942886,-5.772712,47.495819,83.247322,-4.40695,44.697357,1.0854,1.14556619101727,2.70392923945164
1.1562,86.942886,-5.772712,47.495819,82.049713,-3.953941,43.879051,1.29673,1.36861069364089,3.59739298790312
1.1563,56.257603,-31.848982,0.211115,56.007607,-36.763359,-0.639196,1.98619,2.09628902979233,2.03980607942815
1.1564,56.257603,-31.848982,0.211115,56.007607,-37.698021,-0.350327,2.16695,2.28706896777674,2.34104216384791
1.1565,56.257603,-31.848982,0.211115,56.486076,-34.71632,-0.041465,1.16451,1.22906143827301,1.19332277320633
1.1566,56.257603,-31.848982,0.211115,56.107815,-35.585449,-0.13066,1.57389,1.66113430291153,1.52437524934727
1.1567,56.257603,-31.848982,0.211115,56.167801,-37.633949,0.316745,1.8998,2.00511023557639,2.27905640517888
1.1568,56.257603,-31.848982,0.211115,56.057743,-34.598171,0.686235,1.26062,1.33049903419955,1.16968990654695
1.1569,56.257603,-31.848982,0.211115,56.077782,-36.160137,1.741274,1.9162,2.02241932488234,1.97530058386205
1.1570,56.257603,-31.848982,0.211115,56.367054,-34.645134,1.645388,1.61088,1.70017474275465,1.46114024450506
1.1571,56.257603,-31.848982,0.211115,56.077782,-34.961159,2.687,2.07529,2.19032804547285,2.02156345978357
1.1572,56.257603,-31.848982,0.211115,56.267567,-33.092522,1.670678,1.26062,1.33049903419955,1.08504493699924
1.1573,56.257603,-31.848982,0.211115,56.15781,-32.906555,2.580271,1.7186,1.81386590739108,1.61674329196626
1.1574,56.257603,-31.848982,0.211115,56.137821,-32.057533,1.806051,1.32438,1.39779339603782,1.07210833935136
1.1575,56.257603,-31.848982,0.211115,56.277527,-31.002388,2.84508,1.83885,1.94078163843017,1.81267338965102
1.1576,56.257603,-31.848982,0.211115,56.267567,-30.777716,1.76151,1.32438,1.39779339603782,1.14850368558551
1.1577,56.257603,-31.848982,0.211115,56.167801,-28.78451,2.401314,2.07529,2.19032804547285,2.02896126399399
1.1578,56.257603,-31.848982,0.211115,56.287483,-29.437893,1.449778,1.34518,1.41974638735269,1.34885320173181
1.1579,56.257603,-31.848982,0.211115,56.247635,-27.658998,1.497164,1.82201,1.92300815892332,2.05678618945843
1.1580,56.257603,-31.848982,0.211115,56.097805,-28.506248,0.925252,1.39291,1.47012216982667,1.54517408516831
1.1581,56.257603,-31.848982,0.211115,56.277527,-26.402369,1.004551,1.8556,1.95846012903229,2.49587038383087
1.1582,56.257603,-31.848982,0.211115,56.167801,-28.614189,0.573773,1.34518,1.41974638735269,1.42878373857765
1.1583,56.257603,-31.848982,0.211115,60.194672,-34.123264,0.007136,2.43235,2.56718069349627,3.67365687672125
1.1584,56.257603,-31.848982,0.211115,58.424191,-32.970333,0.139654,1.36577,1.44147773788986,2.03432353130447
1.1585,56.257603,-31.848982,0.211115,60.212593,-33.146515,0.381463,2.22664,2.35006772025677,3.60914787116616
1.1586,56.257603,-31.848982,0.211115,58.555466,-32.233517,0.428454,1.28922,1.36068439725749,2.10931688347567
1.1587,56.257603,-31.848982,0.211115,59.69854,-31.059526,0.9199,2.19196,2.31346532896832,3.17038665797758
1.1588,56.257603,-31.848982,0.211115,58.207512,-31.107077,0.769964,1.28922,1.36068439725749,1.8519319486769
1.1589,56.257603,-31.848982,0.211115,59.039062,-29.533144,1.065454,2.2414,2.36564590063213,2.78364415169275
1.1590,56.257603,-31.848982,0.211115,57.588215,-30.456388,0.817284,1.09475,1.15543448278621,1.42199693515964
1.1591,56.257603,-31.848982,0.211115,57.856262,-28.571987,1.441358,2.26586,2.39146177407259,2.22095375558261
1.1592,56.257603,-31.848982,0.211115,56.880032,-29.34704,1.049308,1.26062,1.33049903419955,1.35421485114425
1.1593,56.257603,-31.848982,0.211115,56.525665,-26.972269,1.833192,2.19196,2.31346532896832,2.46849157242136
1.1594,56.257603,-31.848982,0.211115,56.167801,-29.397125,0.820818,1.01359,1.06977559936723,1.1404098768959
1.1595,56.257603,-31.848982,0.211115,55.54303,-27.158062,1.492611,2.05976,2.17393718224593,2.36474140653313
1.1596,56.257603,-31.848982,0.211115,55.664806,-29.462776,0.794798,1.32438,1.39779339603782,1.23442007464688
1.1597,56.257603,-31.848982,0.211115,54.490772,-28.099005,1.099506,1.8998,2.00511023557639,2.41855650642844
1.1598,56.257603,-31.848982,0.211115,54.793133,-29.13352,0.893109,1.26062,1.33049903419955,1.86924800020505
1.1599,56.257603,-31.848982,0.211115,52.916645,-27.732435,0.855503,2.46476,2.60138725352103,3.68909771682584
1.1600,56.257603,-31.848982,0.211115,54.4174,-30.098858,0.648465,1.11833,1.1803215758249,1.91186854379154
1.1601,56.257603,-31.848982,0.211115,51.825905,-29.23259,0.471586,2.46476,2.60138725352103,4.40885244303038
1.1602,56.257603,-31.848982,0.211115,54.301788,-31.013969,0.312227,1.1569,1.22102959866213,1.87899093647592
1.1603,56.257603,-31.848982,0.211115,51.53056,-30.014101,0.291228,2.65785,2.80518067145315,4.61952793122642
1.1604,56.257603,-31.848982,0.211115,58.442974,-32.636562,-0.066317,1.18715,1.25295642497342,2.03230581877004
1.1605,56.257603,-31.848982,0.211115,60.22155,-33.835266,0.247534,2.19196,2.31346532896832,3.66668129102329
1.1606,56.257603,-31.848982,0.211115,58.414795,-33.142605,0.513028,1.42634,1.50540527077167,2.05196126416142
1.1607,56.257603,-31.848982,0.211115,59.78923,-34.581932,1.328877,2.01793,2.129788450193,3.45707660589235
1.1608,56.257603,-31.848982,0.211115,58.093956,-33.573685,1.007244,1.03838,1.09593976545837,1.89685823661916
1.1609,56.257603,-31.848982,0.211115,58.714256,-35.151787,1.876305,1.75352,1.85072160242547,2.81238796729501
1.1610,56.257603,-31.848982,0.211115,57.463097,-33.787872,1.388921,1.23888,1.30755393654641,1.56282018415947
1.1611,56.257603,-31.848982,0.211115,57.68417,-34.580704,2.259705,1.51093,1.59468428689306,2.15974781053855
1.1612,56.257603,-31.848982,0.211115,56.781944,-33.363216,1.496262,1.32438,1.39779339603782,1.15123330821237
1.1613,56.257603,-31.848982,0.211115,56.486076,-34.850014,2.561,2.05976,2.17393718224593,1.93870005229613
1.1614,56.257603,-31.848982,0.211115,56.077782,-33.351295,1.537231,1.41303,1.4913574671947,1.07599681746985
1.1615,56.257603,-31.848982,0.211115,55.461613,-34.027458,2.27816,1.87226,1.97604363072968,1.76686174136544
1.1616,56.257603,-31.848982,0.211115,55.451427,-32.753304,1.468899,1.18715,1.25295642497342,1.18111777382841
1.1617,56.257603,-31.848982,0.211115,53.867489,-33.064632,2.090752,2.44628,2.58188286508359,2.62322640410008
1.1618,56.257603,-31.848982,0.211115,54.605766,-32.289581,1.217018,1.34518,1.41974638735269,1.70168920895662
1.1619,56.257603,-31.848982,0.211115,52.938549,-31.491577,1.198516,2.39499,2.52774974371149,3.23550111599541
1.1620,56.257603,-31.848982,0.211115,54.111782,-31.506578,0.517001,1.42634,1.50540527077167,2.04211541916358
1.1621,56.257603,-31.848982,0.211115,52.241817,-30.37277,0.615013,2.48771,2.62560942422662,3.90771064979641
1.1622,56.257603,-31.848982,0.211115,51.678555,-29.725574,0.227795,2.54226,2.68318325481441,4.49771119992423
1.1623,56.257603,-31.848982,0.211115,54.217468,-30.920561,0.013155,1.18715,1.25295642497342,1.96901148462619
1.1624,35.868515,5.524495,-31.11552,36.137867,3.570956,-27.27051,1.16308,1.22755217012011,1.21338899676033
1.1625,35.868515,5.524495,-31.11552,35.945759,3.792452,-26.620092,1.30435,1.37665308757451,1.52187661839042
1.1626,35.868515,5.524495,-31.11552,35.926468,4.454432,-27.248835,1.23507,1.3035327395796,1.47399552320873
1.1627,35.868515,5.524495,-31.11552,36.022774,5.076796,-28.342535,1.23507,1.3035327395796,1.22822416297006
1.1628,35.868515,5.524495,-31.11552,35.945759,5.79262,-28.982227,1.19342,1.25957398533612,1.3440538381425
1.1629,35.868515,5.524495,-31.11552,35.907166,6.386807,-29.646185,1.37126,1.44727206107826,1.42036558521824
1.1630,35.868515,5.524495,-31.11552,35.713337,6.346124,-30.061243,1.07514,1.1347374558783,1.17584946187031
1.1631,35.868515,5.524495,-31.11552,36.09956,6.805772,-31.128956,1.26423,1.33430914471141,1.01440536655667
1.1632,35.868515,5.524495,-31.11552,35.615875,6.883776,-30.910015,1.29297,1.36464226828782,1.17808182465416
1.1633,35.868515,5.524495,-31.11552,35.771637,7.376073,-31.439459,1.27578,1.34649938748481,1.30025116010908
1.1634,35.868515,5.524495,-31.11552,35.791042,7.76216,-32.112885,1.20542,1.27223917263317,1.31137141701613
1.1635,35.868515,5.524495,-31.11552,35.945759,7.16238,-31.695053,1.22325,1.29105753009202,1.0272620161149
1.1636,35.868515,5.524495,-31.11552,35.713337,7.426101,-31.895163,1.20542,1.27223917263317,1.1513577666325
1.1637,35.868515,5.524495,-31.11552,35.849167,7.895335,-32.496845,1.14462,1.20806889032816,1.26483869211882
1.1638,35.868515,5.524495,-31.11552,35.965034,7.977792,-33.103657,1.45197,1.5324559999736,1.13661434959628
1.1639,35.868515,5.524495,-31.11552,35.55722,8.210104,-33.640648,1.22325,1.29105753009202,1.18424424164007
1.1640,35.868515,5.524495,-31.11552,35.771637,8.645488,-34.430386,1.36026,1.43566230605597,1.27403912897065
1.1641,35.868515,5.524495,-31.11552,35.654903,8.891829,-35.070747,1.19342,1.25957398533612,1.34495780697631
1.1642,35.868515,5.524495,-31.11552,35.926468,8.760614,-35.893555,1.22325,1.29105753009202,1.33460474149817
1.1643,35.868515,5.524495,-31.11552,35.713337,7.846552,-35.211411,1.02268,1.07936947874474,1.12550302521648
1.1644,35.868515,5.524495,-31.11552,35.771637,6.910248,-34.632568,1.12595,1.18836396975852,1.08427873298138
1.1645,35.868515,5.524495,-31.11552,38.163567,5.51306,-32.475559,1.49897,1.58206131688701,2.06683875801702
1.1646,35.868515,5.524495,-31.11552,33.135551,5.375396,-29.886528,1.19342,1.25957398533612,2.30385713672516
1.1647,35.868515,5.524495,-31.11552,38.163567,5.796346,-32.073647,1.39851,1.47603259056529,1.96863752697414
1.1648,35.868515,5.524495,-31.11552,38.199013,6.392351,-32.490402,1.40931,1.48743125913262,2.00731164849886
1.1649,35.868515,5.524495,-31.11552,37.914124,6.537703,-32.248383,1.34365,1.41813157597232,1.77649282096628
1.1650,35.868515,5.524495,-31.11552,37.806511,6.632274,-32.161835,1.4254,1.5044131644334,1.70513403844653
1.1651,35.868515,5.524495,-31.11552,37.444653,6.993342,-32.238842,1.40931,1.48743125913262,1.5026709000278
1.1652,35.868515,5.524495,-31.11552,36.630836,7.084934,-31.402933,1.38221,1.45882904448681,1.26226032727282
1.1653,35.868515,5.524495,-31.11552,36.118721,6.938762,-30.913197,1.34365,1.41813157597232,1.21853082282731
1.1654,35.868515,5.524495,-31.11552,35.459164,6.643839,-30.499256,1.18134,1.2468243634571,1.22173822272084
1.1655,35.868515,5.524495,-31.11552,35.003223,6.657537,-30.344349,1.25262,1.32205557600152,1.45136924779977
1.1656,35.868515,5.524495,-31.11552,34.600018,6.538946,-30.150497,1.52468,1.60919648067091,1.64605483241777
1.1657,35.868515,5.524495,-31.11552,34.0037,5.924304,-29.746603,1.22325,1.29105753009202,1.84060575372467
1.1658,35.868515,5.524495,-31.11552,33.477974,6.171166,-29.749645,1.22325,1.29105753009202,2.29743179492228
1.1659,35.868515,5.524495,-31.11552,33.092415,5.455307,-29.247524,1.37126,1.44727206107826,2.46434037549508
1.1660,35.868515,5.524495,-31.11552,33.157093,5.502381,-29.559862,1.47821,1.56015054286313,2.36437713019751
1.1661,35.868515,5.524495,-31.11552,37.860371,5.95906,-32.505554,1.27578,1.34649938748481,1.74607787386738
1.1662,35.868515,5.524495,-31.11552,37.280209,5.781283,-31.906693,1.04256,1.10035147236684,1.21576401783279
1.1663,35.868515,5.524495,-31.11552,36.892502,6.410605,-31.536617,0.890143,0.939485651345758,1.00139530928713
1.1664,35.868515,5.524495,-31.11552,35.926468,6.436257,-31.063925,0.751075,0.792708795760361,0.739334556815735
1.1665,35.868515,5.524495,-31.11552,34.313908,5.863198,-30.047523,0.726221,0.766477082003642,1.51612441497148
1.1666,35.868515,5.524495,-31.11552,34.169621,5.444482,-30.075739,0.911914,0.962463467399413,1.4861091214318
1.1667,35.868515,5.524495,-31.11552,34.066051,5.060163,-29.898836,0.96142,1.01471369759335,1.53442231543998
1.1668,35.868515,5.524495,-31.11552,35.907166,7.967031,-33.03289,1.22325,1.29105753009202,1.14613479825762
1.1669,35.868515,5.524495,-31.11552,36.290543,8.098811,-33.29665,1.4254,1.5044131644334,1.21516709051029
1.1670,35.868515,5.524495,-31.11552,36.612049,8.168813,-33.219658,1.44138,1.52127897218396,1.37663578407491
1.1671,35.868515,5.524495,-31.11552,36.948235,7.932313,-33.455662,1.39851,1.47603259056529,1.36887572461818
1.1672,35.868515,5.524495,-31.11552,37.608093,6.967942,-33.004108,1.30435,1.37665308757451,1.57968259105701
1.1673,35.868515,5.524495,-31.11552,37.98563,6.791194,-33.073132,1.36026,1.43566230605597,1.87091688770851
1.1674,35.868515,5.524495,-31.11552,37.860371,5.514007,-32.047844,1.23507,1.3035327395796,1.75048578546924
1.1675,35.868515,5.524495,-31.11552,37.462864,4.641659,-31.172781,1.22325,1.29105753009202,1.5213627602385
1.1676,35.868515,5.524495,-31.11552,37.408195,3.923681,-30.886854,1.31565,1.38857947227923,1.74250089960921
1.1677,35.868515,5.524495,-31.11552,37.114738,3.620071,-30.510952,1.47821,1.56015054286313,1.63772365217378
1.1678,35.868515,5.524495,-31.11552,36.836647,3.46247,-30.118,1.12595,1.18836396975852,1.48510784259016
1.1679,35.868515,5.524495,-31.11552,36.404465,3.020519,-29.60146,1.27578,1.34649938748481,1.49302278468661
1.1680,35.868515,5.524495,-31.11552,36.137867,3.007915,-29.258213,1.19342,1.25957398533612,1.35761117096088
1.1681,35.868515,5.524495,-31.11552,35.829807,7.075019,-32.41333,0.860548,0.908250133174433,0.718736822377289
1.1682,35.868515,5.524495,-31.11552,36.137867,7.073176,-32.411011,0.940416,0.992545398094432,0.751676278858017
1.1683,35.868515,5.524495,-31.11552,37.133175,7.100461,-33.051605,1.08158,1.14153443972771,1.24146035638343
1.1684,35.868515,5.524495,-31.11552,36.929672,6.619192,-32.331776,0.911914,0.962463467399413,1.00087237667683
1.1685,35.868515,5.524495,-31.11552,37.608093,5.195405,-31.584677,1.3325,1.40636350610882,1.54148122321191
1.1686,35.868515,5.524495,-31.11552,36.855278,5.2695,-31.478754,0.479126,0.505685044073466,0.907289321341506
1.1687,35.868515,5.524495,-31.11552,36.743298,4.650525,-30.870932,0.982122,1.0365632565453,0.93770915227895
1.1688,35.868515,5.524495,-31.11552,36.366547,3.917173,-30.172318,1.3325,1.40636350610882,0.999615170098096
1.1689,35.868515,5.524495,-31.11552,36.022774,3.374845,-29.628986,1.34365,1.41813157597232,1.1680272753881
1.1690,35.868515,5.524495,-31.11552,35.693874,4.004496,-29.981928,1.12595,1.18836396975852,0.801058004841936
1.1691,44.720165,37.766644,23.12565,43.730396,35.689289,21.568848,1.35877,1.43408971196659,1.28922916156338
1.1692,44.720165,37.766644,23.12565,48.579742,36.674446,22.534721,1.82541,1.92659662865749,3.770297917356
1.1693,44.720165,37.766644,23.12565,45.151043,35.480148,23.348991,1.0134,1.06957506723503,1.19385939335222
1.1694,44.720165,37.766644,23.12565,45.593079,37.65839,23.452785,0.560127,0.591176113760761,0.857764117348434
1.1695,44.720165,37.766644,23.12565,46.401871,37.355133,23.587177,0.983115,1.03761130079412,1.65587995724515
1.1696,44.720165,37.766644,23.12565,43.810497,37.791012,22.511328,0.560127,0.591176113760761,0.927289859709836
1.1697,44.720165,37.766644,23.12565,43.624477,37.621201,22.009541,1.45565,1.53633999074469,1.19965295589464
1.1698,44.720165,37.766644,23.12565,44.529053,38.798275,23.058462,0.479293,0.50586130126335,0.510456134812006
1.1699,44.720165,37.766644,23.12565,45.043018000000004,39.622589,22.522366,1.17392,1.23899305597844,1.08585340272686
1.1700,44.720165,37.766644,23.12565,43.367249,38.831387,21.785275,1.35877,1.43408971196659,1.67902841734789
1.1701,44.720165,37.766644,23.12565,44.62122,36.728287,19.940037,1.39874,1.47627533998848,1.69930536667417
1.1702,44.720165,37.766644,23.12565,45.137123,38.363461,22.080996,0.719572,0.759459512808807,0.878910890697577
1.1703,44.720165,37.766644,23.12565,43.092876,38.027527,22.565903,1.00598,1.06174375975636,1.5681054444156
1.1704,44.720165,37.766644,23.12565,43.315536,39.345013,24.183273,1.35877,1.43408971196659,1.45309294742713
1.1705,44.720165,37.766644,23.12565,41.036758,36.816265,22.133057,1.68676,1.78026094376294,3.41544089851318
1.1706,44.720165,37.766644,23.12565,45.265617,38.938438,23.197872,0.764178,0.806538124856454,0.71564173967275
1.1707,44.720165,37.766644,23.12565,44.839878,36.476879,22.747952,0.272104,0.287187343689481,0.510094105822963
1.1708,44.720165,37.766644,23.12565,45.314095,36.766254,24.487175,1.05255,1.11089524079162,1.24651039557043
1.1709,44.720165,37.766644,23.12565,46.36845,38.327873,22.667063,1.1276,1.19010543301186,1.63802743731882
1.1710,44.720165,37.766644,23.12565,45.314095,38.045937,23.354559,0.534734,0.56437552200795,0.576038402439861
1.1711,44.720165,37.766644,23.12565,43.959206,34.881966,22.462944,1.45007,1.53045067865157,1.35756516042183
1.1712,44.720165,37.766644,23.12565,44.702518,36.736202,21.466169,0.619494,0.653833961616043,0.831722870843936
1.1713,44.720165,37.766644,23.12565,47.835133,38.069309,22.399614,1.68676,1.78026094376294,3.05054135781852
1.1714,44.720165,37.766644,23.12565,46.207523,33.580544,20.557871,1.51391,1.59782947507182,2.2192766593761
1.1715,44.720165,37.766644,23.12565,45.063957,37.626308,23.587803,0.272104,0.287187343689481,0.448484341025231
1.1716,44.720165,37.766644,23.12565,43.897636,39.065884,25.772057,1.47957,1.56158593075679,1.50903135916196
1.1717,44.720165,37.766644,23.12565,45.296791,37.795795,22.248983,0.399078,0.421199801344011,0.755316045594551
1.1718,44.720165,37.766644,23.12565,46.41523,38.82346,21.206083,1.68676,1.78026094376294,2.1574729351249
1.1719,44.720165,37.766644,23.12565,41.696815,38.757702,22.729319,1.82541,1.92659662865749,2.84900831347832
1.1720,44.720165,37.766644,23.12565,43.00708,36.30534,23.155594,1.55978,1.64624215351476,1.72999649127773
1.1721,44.720165,37.766644,23.12565,43.56221,38.508675,22.942991,0.849053,0.896117939176143,1.15259997225044
1.1722,44.720165,37.766644,23.12565,45.431507,39.545952,24.802692,0.866273,0.914292482947396,1.08366777119223
1.1723,44.720165,37.766644,23.12565,45.534737,36.902538,22.784449,0.580972,0.613176599527995,0.838996125439982
1.1724,44.720165,37.766644,23.12565,45.248283,39.168568,24.355015,0.874304,0.92276865954594,0.81134984148713
1.1725,44.720165,37.766644,23.12565,42.823452,40.376244,23.223099,1.68676,1.78026094376294,2.08103884669268
1.1726,44.720165,37.766644,23.12565,41.614643,38.204678,23.429976,1.68676,1.78026094376294,2.86581021342006
1.1727,44.720165,37.766644,23.12565,45.32793,37.76984,25.223213,1.17392,1.23899305597844,1.34655882795068
1.1728,44.720165,37.766644,23.12565,42.755711,37.479897,22.81263,1.47957,1.56158593075679,1.83169844018474
1.1729,44.720165,37.766644,23.12565,43.56221,37.306271,23.892,0.874304,0.92276865954594,1.23155840110445
1.1730,44.720165,37.766644,23.12565,43.055603,38.136776,23.582598,1.03659,1.09405054168656,1.56604958375303
1.1731,44.720165,37.766644,23.12565,44.945122,38.720181,20.759838,1.51391,1.59782947507182,1.66175862702989
1.1732,44.720165,37.766644,23.12565,44.720165,37.533592,19.276834,1.47957,1.56158593075679,2.23166992904526
1.1733,44.720165,37.766644,23.12565,43.525524,36.431755,23.569441,1.00598,1.06174375975636,1.36094568419417
1.1734,44.720165,37.766644,23.12565,42.057941,36.92165,25.099762,1.68676,1.78026094376294,2.83060569225389
1.1735,44.720165,37.766644,23.12565,44.997604,38.227608,24.272371,0.444958,0.469623034109694,0.636880506413165
1.1736,44.720165,37.766644,23.12565,44.107182,36.209934,25.132729,1.42413,1.50307276544447,1.77182485915439
1.1737,44.720165,37.766644,23.12565,46.421906,38.469749,25.540062,1.39874,1.47627533998848,2.05058606675771
1.1738,62.634056,0.170875,0.072071,62.296021,-0.114694,0.009315,0.487271,0.514281539951332,0.518738446648906
1.1739,62.634056,0.170875,0.072071,62.776844,0.203575,0.006585,0.133815,0.141232669846118,0.145782516979811
1.1740,62.634056,0.170875,0.072071,62.448498,-0.001586,0.164428,0.322563,0.34044340084126,0.315961924494107
1.1741,62.634056,0.170875,0.072071,62.726505,0.667746,0.094038,0.80097,0.845369589109179,0.729306391071286
1.1742,62.634056,0.170875,0.072071,62.634056,0.172663,0.111184,0.123801,0.130663571046738,0.0389991032842643
1.1743,62.634056,0.170875,0.072071,62.625641,-0.134033,0.348298,0.474447,0.500746676459896,0.532364913058244
1.1744,62.634056,0.170875,0.072071,62.507633,0.002112,0.242606,0.29373,0.310012122063297,0.32283750873359
1.1745,62.634056,0.170875,0.072071,62.860596,0.531629,0.200109,0.752373,0.794078746852991,0.575713550654034
1.1746,62.634056,0.170875,0.072071,62.969208,0.177059,0.190218,0.45069,0.475672771908581,0.307190832655326
1.1747,62.634056,0.170875,0.072071,62.566681,0.687385,-0.245693,0.752373,0.794078746852991,0.816527837176154
1.1748,62.634056,0.170875,0.072071,62.734901,0.167429,-0.006163,0.133815,0.141232669846118,0.115750683948508
1.1749,62.634056,0.170875,0.072071,62.431583,0.175831,0.188924,0.288793,0.30480145292284,0.20768373845179
1.1750,62.634056,0.170875,0.072071,62.617222,0.215775,0.280331,0.217594,0.229655730392677,0.217084241124056
1.1751,62.634056,0.170875,0.072071,62.852226,0.225421,0.477254,0.500903,0.52866919272077,0.447873469580547
1.1752,62.634056,0.170875,0.072071,62.935822,0.344833,-0.020841,0.558226,0.589169737006455,0.37369293591316
1.1753,62.634056,0.170875,0.072071,62.54982,-0.262958,-0.119506,0.883185,0.932141953578024,0.680424869367345
1.1754,62.634056,0.170875,0.072071,62.952515,0.442805,-0.218326,0.883185,0.932141953578024,0.560632048027587
1.1755,62.634056,0.170875,0.072071,62.902405,0.353535,0.175499,0.474447,0.500746676459896,0.366509464366745
1.1756,62.634056,0.170875,0.072071,62.575108,0.584603,-0.166429,0.548794,0.579214899790982,0.650960508109265
1.1757,62.634056,0.170875,0.072071,62.4823,0.132802,0.020196,0.241351,0.254729634943992,0.149870551795123
1.1758,62.634056,0.170875,0.072071,62.885685,-0.020382,-0.22689,0.568241,0.59973989123811,0.464602823976667
1.1759,62.634056,0.170875,0.072071,63.060875,-0.355578,0.194846,0.883185,0.932141953578024,0.872709037531595
1.1760,62.634056,0.170875,0.072071,63.102474,-0.035897,0.192314,0.500903,0.52866919272077,0.516791055271957
1.1761,62.634056,0.170875,0.072071,63.102474,0.292882,0.386431,0.690222,0.728482575544796,0.534012770409543
1.1762,62.634056,0.170875,0.072071,62.642467,0.233815,-0.098083,0.176516,0.18630068341036,0.193133649012546
1.1763,62.634056,0.170875,0.072071,62.79361,0.07135,-0.54122,0.690222,0.728482575544796,0.639563789955594
1.1764,62.634056,0.170875,0.072071,62.541386,-0.079079,0.022045,0.428807,0.452576747440153,0.385293667185523
1.1765,62.634056,0.170875,0.072071,62.583534,0.028763,0.060222,0.217594,0.229655730392677,0.216396147230557
1.1766,62.634056,0.170875,0.072071,62.583534,0.134799,0.059312,0.143248,0.151188562493866,0.0697460431111993
1.1767,62.634056,0.170875,0.072071,62.134426,0.053322,-0.160622,0.80097,0.845369589109179,0.515047067945033
1.1768,62.634056,0.170875,0.072071,62.583534,0.353876,0.2139,0.41328,0.436189050510058,0.306343791819198
1.1769,62.634056,0.170875,0.072071,62.969208,0.442896,-0.218374,0.590426,0.623154656253513,0.567664940816983
1.1770,62.634056,0.170875,0.072071,62.650879,-0.041304,0.073914,0.331976,0.350378184843513,0.317502984080795
1.1771,62.634056,0.170875,0.072071,62.801987,0.445454,-0.139447,0.568241,0.59973989123811,0.476148500330775
1.1772,62.634056,0.170875,0.072071,62.960861,-0.060565,0.41464,0.45069,0.475672771908581,0.558841136408278
1.1773,62.634056,0.170875,0.072071,62.952515,-0.033943,0.23119,0.383753,0.405025301733417,0.437984019075583
1.1774,62.634056,0.170875,0.072071,62.524513,0.132874,0.020214,0.152176,0.160611461842863,0.120359438360294
1.1775,62.634056,0.170875,0.072071,62.499191,0.170563,0.071956,0.160663,0.169568915558695,0.114527366109119
1.1776,62.634056,0.170875,0.072071,62.74329,0.651192,-0.298205,0.752373,0.794078746852991,0.794321693166755
1.1777,62.634056,0.170875,0.072071,62.55825,0.398345,0.422039,0.631528,0.666535033610424,0.483061182188019
1.1778,62.634056,0.170875,0.072071,63.002567,-0.032089,0.270603,0.445069,0.469740187092192,0.478238767723259
1.1779,62.634056,0.170875,0.072071,62.54982,0.123786,-0.175155,0.346021,0.365201731142424,0.265481889974178
1.1780,62.634056,0.170875,0.072071,62.751682,0.424804,0.200709,0.45069,0.475672771908581,0.406188304117284
1.1781,62.634056,0.170875,0.072071,62.617222,0.109172,-0.488207,0.717532,0.75730643096831,0.562673618553781
1.1782,44.730747,37.294174,23.309671,44.376003,37.268784,22.72851,0.61297,0.646948321455552,0.472998084050771
1.1783,44.730747,37.294174,23.309671,44.603519,37.491535,22.87644,0.450867,0.475859583421212,0.333623050542238
1.1784,44.730747,37.294174,23.309671,45.011585,36.774563,22.939335,0.427907,0.451626858392875,0.342573225872204
1.1785,44.730747,37.294174,23.309671,44.899563,37.223007,23.516575,0.21977,0.23195235102254,0.213085833805176
1.1786,44.730747,37.294174,23.309671,44.857445,37.271179,23.60289,0.182067,0.192159387967515,0.214084270079351
1.1787,44.730747,37.294174,23.309671,44.489975,36.890717,23.295794,0.486312,0.513269380399844,0.288467514487488
1.1788,44.730747,37.294174,23.309671,44.815273,37.019783,23.185396,0.182067,0.192159387967515,0.131106692782487
1.1789,44.730747,37.294174,23.309671,44.94162,37.722893,23.342882,0.352883,0.372444107411781,0.270334870358845
1.1790,44.730747,37.294174,23.309671,44.773037,36.589027,23.044935,0.260301,0.274730076550568,0.271688563069873
1.1791,44.730747,37.294174,23.309671,44.546799,36.978462,23.403906,0.32077,0.338551010772627,0.249309631330254
1.1792,44.730747,37.294174,23.309671,45.151043,37.712601,23.178165,0.61297,0.646948321455552,0.463842846469114
1.1793,44.730747,37.294174,23.309671,44.730747,37.152466,23.52223,0.187658,0.198060309815661,0.16839829471075
1.1794,44.730747,37.294174,23.309671,44.787125,37.338734,23.064131,0.224939,0.23740788045074,0.164670824887586
1.1795,44.730747,37.294174,23.309671,45.081394,37.36092,23.239214,0.394149,0.415997575661752,0.337533464344028
1.1796,44.730747,37.294174,23.309671,44.674267,37.300571,23.319376,0.146392,0.15450684156569,0.0534598553345994
1.1797,44.730747,37.294174,23.309671,44.603519,37.597664,23.048445,0.347371,0.366626564713341,0.281276520035603
1.1798,44.730747,37.294174,23.309671,45.067444,37.233379,23.787325,0.358474,0.378345029259927,0.43434691754552
1.1799,44.730747,37.294174,23.309671,44.575172,37.466965,23.226105,0.187658,0.198060309815661,0.184620834739089
1.1800,44.730747,37.294174,23.309671,44.773037,37.928432,22.963015,0.592439,0.625279241422591,0.431282795267478
1.1801,44.730747,37.294174,23.309671,45.025562,37.69384,23.636393,0.435288,0.45941700401283,0.329915060109301
1.1802,44.730747,37.294174,23.309671,45.05349,37.500896,23.39403,0.435288,0.45941700401283,0.314957097905854
1.1803,44.730747,37.294174,23.309671,45.164955,37.393749,23.579433,0.413835,0.436774815422546,0.433584701379934
1.1804,44.730747,37.294174,23.309671,44.560989,37.502556,23.346313,0.240234,0.253550717093093,0.180648487798529
1.1805,44.730747,37.294174,23.309671,44.913589,36.640297,23.255075,0.450867,0.475859583421212,0.329480305845096
1.1806,44.730747,37.294174,23.309671,44.575172,37.251137,22.78834,0.315602,0.333096536776702,0.330333113857178
1.1807,44.730747,37.294174,23.309671,45.164955,37.560791,23.476326,0.666092,0.703014994754998,0.424197352508652
1.1808,44.730747,37.294174,23.309671,44.730747,36.646122,23.091211,0.331243,0.349604552986119,0.248330452818635
1.1809,44.730747,37.294174,23.309671,44.815273,37.23576,23.075098,0.21977,0.23195235102254,0.148456919454512
1.1810,44.730747,37.294174,23.309671,44.899563,37.791309,23.44515,0.280239,0.2957732852446,0.249452780506147
1.1811,44.730747,37.294174,23.309671,44.815273,37.632698,23.239359,0.158752,0.167551984481641,0.195061725903703
1.1812,44.730747,37.294174,23.309671,44.716637,36.836079,23.054127,0.245277,0.258873262054674,0.178150767381663
1.1813,44.730747,37.294174,23.309671,45.414268,37.658691,23.715281,0.842586,0.889292458655313,0.678541454913634
1.1814,44.730747,37.294174,23.309671,45.081394,37.738724,23.388609,0.507032,0.535137937132733,0.376720984237306
1.1815,44.730747,37.294174,23.309671,45.025562,37.470203,23.557249,0.2503,0.26417469837076,0.303894536137255
1.1816,44.730747,37.294174,23.309671,44.575172,37.364235,22.600819,0.413835,0.436774815422546,0.458296643887379
1.1817,44.730747,37.294174,23.309671,44.857445,37.013508,22.903728,0.280239,0.2957732852446,0.233065392110359
1.1818,44.730747,37.294174,23.309671,44.955627,37.489159,23.577671,0.336557,0.355213120094158,0.249691368446677
1.1819,44.730747,37.294174,23.309671,44.969627,37.100601,23.417488,0.290241,0.306329718856683,0.26203710539273
1.1820,44.730747,37.294174,23.309671,44.61768,37.724308,23.281448,0.19317,0.203877852514102,0.22899439475043
1.1821,44.730747,37.294174,23.309671,44.758949,37.539574,22.716026,0.364151,0.384336718283702,0.419285927688251
1.1822,44.730747,37.294174,23.309671,45.05349,37.210979,23.173771,0.413835,0.436774815422546,0.312429740788317
1.1823,44.730747,37.294174,23.309671,44.603519,38.042461,22.882645,0.518424,0.547161421606723,0.528638852599826
1.1824,44.730747,37.294174,23.309671,44.899563,37.646828,23.888857,0.347371,0.366626564713341,0.325575482725103
1.1825,44.730747,37.294174,23.309671,44.969627,37.32412,23.496201,0.176389,0.186166643511466,0.247872182245083
1.1826,86.765831,-6.928959,46.017548,86.711609,-7.209749,47.192104,0.432366,0.456333030906,0.393100962800674
1.1827,86.765831,-6.928959,46.017548,86.834755,-7.295468,46.042347,0.317306,0.334894993372882,0.246410817405794
1.1828,86.765831,-6.928959,46.017548,86.800301,-6.702139,46.231476,0.233721,0.246676686687624,0.182907836741993
1.1829,86.765831,-6.928959,46.017548,86.883934,-6.789946,46.107258,0.114269,0.120603190603789,0.128866347899375
1.1830,86.765831,-6.928959,46.017548,86.996864,-7.041697,45.730438,0.114269,0.120603190603789,0.201384866223079
1.1831,86.765831,-6.928959,46.017548,86.79538,-6.580777,45.260353,0.299475,0.316075580481755,0.304912082732275
1.1832,86.765831,-6.928959,46.017548,86.898674,-6.620412,45.94495,0.179783,0.189748780651979,0.219731500583921
1.1833,86.765831,-6.928959,46.017548,86.736259,-7.067766,46.631584,0.225633,0.238140350449419,0.205214817553257
1.1834,86.765831,-6.928959,46.017548,86.824913,-7.167195,46.337563,0.176056,0.185815184563973,0.173771795804976
1.1835,86.765831,-6.928959,46.017548,86.538696,-6.474298,46.026039,0.49986,0.527568376858202,0.338468550162298
1.1836,86.765831,-6.928959,46.017548,86.686943,-6.439909,45.624771,0.432366,0.456333030906,0.328822043728397
1.1837,86.765831,-6.928959,46.017548,86.588158,-7.029622,45.867676,0.114269,0.120603190603789,0.147673330522958
1.1838,86.765831,-6.928959,46.017548,86.879021,-6.904219,46.584698,0.12246,0.129248236366293,0.20689962960885
1.1839,86.765831,-6.928959,46.017548,86.834755,-7.039258,46.092392,0.157364,0.166087044484284,0.0846904704475316
1.1840,86.765831,-6.928959,46.017548,86.765831,-6.72681,46.364475,0.213826,0.225678861581407,0.196715081172286
1.1841,86.765831,-6.928959,46.017548,86.908508,-7.22166,46.179672,0.183512,0.193684487604534,0.211001987105567
1.1842,86.765831,-6.928959,46.017548,87.021378,-6.960626,45.902729,0.1686,0.177945881523412,0.171774114577513
1.1843,86.765831,-6.928959,46.017548,86.637573,-6.779184,46.488831,0.221658,0.233945007157275,0.220686033367714
1.1844,86.765831,-6.928959,46.017548,87.197563,-6.889732,46.143147,0.293955,0.310249594325117,0.283664848195597
1.1845,86.765831,-6.928959,46.017548,86.726402,-6.404119,46.272121,0.370812,0.391366952665834,0.379947563117786
1.1846,86.765831,-6.928959,46.017548,86.819992,-6.848373,45.654755,0.110088,0.116190428263045,0.126347640293421
1.1847,86.765831,-6.928959,46.017548,86.898674,-6.790941,46.113861,0.12648,0.133491074110802,0.135077106215481
1.1848,86.765831,-6.928959,46.017548,86.829834,-7.261144,46.006428,0.12648,0.133491074110802,0.226082472581783
1.1849,86.765831,-6.928959,46.017548,86.632637,-6.902028,46.243908,0.110088,0.116190428263045,0.118700695211603
1.1850,86.765831,-6.928959,46.017548,86.736259,-6.674554,45.997116,0.153592,0.162105953943914,0.169749121666249
1.1851,86.765831,-6.928959,46.017548,86.977242,-6.894741,46.307915,0.130454,0.137685361970672,0.171969429522031
1.1852,86.765831,-6.928959,46.017548,86.883934,-7.126414,46.502552,0.187248,0.197627582583012,0.198665417789462
1.1853,86.765831,-6.928959,46.017548,86.617813,-7.230602,45.592922,0.221658,0.233945007157275,0.289011306060622
1.1854,86.765831,-6.928959,46.017548,87.168236,-6.876986,46.302402,0.176056,0.185815184563973,0.281294934058041
1.1855,86.765831,-6.928959,46.017548,86.765831,-7.256606,45.977787,0.206123,0.217548866768982,0.221865873667925
1.1856,86.765831,-6.928959,46.017548,86.518898,-7.280407,45.78693,0.27349,0.28865017282229,0.308135847528346
1.1857,86.765831,-6.928959,46.017548,86.716537,-6.298257,45.617359,0.604099,0.637585581746215,0.415782418743921
1.1858,86.765831,-6.928959,46.017548,86.583214,-6.909454,46.05006,0.12246,0.129248236366293,0.119601542842649
1.1859,86.765831,-6.928959,46.017548,86.706673,-7.091123,46.216839,0.190992,0.201579121019689,0.119405734866329
1.1860,86.765831,-6.928959,46.017548,86.588158,-7.086574,46.106335,0.149801,0.158104810190324,0.153915280580245
1.1861,86.765831,-6.928959,46.017548,86.637573,-7.45829,46.00811,0.353134,0.372709020912744,0.362729641006093
1.1862,86.765831,-6.928959,46.017548,86.8741,-7.271618,45.911854,0.278394,0.29382601269768,0.249214463309774
1.1863,86.765831,-6.928959,46.017548,86.696808,-7.394817,45.967346,0.345153,0.364285615927938,0.317799911879059
1.1864,86.765831,-6.928959,46.017548,86.538696,-7.183772,45.638023,0.233721,0.246676686687624,0.277330851712458
1.1865,86.765831,-6.928959,46.017548,86.553543,-7.063542,45.282799,0.187248,0.197627582583012,0.313961267026676
1.1866,86.765831,-6.928959,46.017548,86.844597,-7.401752,46.090698,0.28343,0.299141169633338,0.314029272659344
1.1867,86.765831,-6.928959,46.017548,87.207329,-7.147621,46.097378,0.299475,0.316075580481755,0.31812294751842
1.1868,86.765831,-6.928959,46.017548,86.780609,-6.110745,45.820366,0.538585,0.568439991698025,0.538523689593992
1.1869,86.765831,-6.928959,46.017548,86.736259,-7.270064,46.284256,0.259463,0.273845624304325,0.224570079901524
1.1870,86.765831,-6.928959,46.017548,86.578278,-6.664305,45.926384,0.246271,0.259922361735779,0.211026086003871
1.1871,86.765831,-6.928959,46.017548,86.746117,-7.492616,46.204777,0.380731,0.401835785399112,0.365399033226937
1.1872,86.765831,-6.928959,46.017548,86.701744,-6.929829,46.480812,0.130454,0.137685361970672,0.159937934571014
1.1873,56.386917,-31.219675,0.611009,55.977489,-30.972208,0.333803,0.298148,0.314675021853157,0.436424657020156
1.1874,56.386917,-31.219675,0.611009,56.525665,-31.50209,0.932555,0.225748,0.238261725161016,0.276005595501426
1.1875,56.386917,-31.219675,0.611009,56.047722,-31.121923,0.5647,0.211066,0.222765868503087,0.319485997584386
1.1876,56.386917,-31.219675,0.611009,56.673737,-30.639708,0.609074,0.346816,0.366040799800853,0.362715768530112
1.1877,56.386917,-31.219675,0.611009,56.426613,-30.76679,0.421238,0.166806,0.176052436022505,0.232636623956694
1.1878,56.386917,-31.219675,0.611009,56.486076,-31.394852,0.425617,0.19642,0.20730800740705,0.172726248819575
1.1879,56.386917,-31.219675,0.611009,56.584969,-30.727087,0.244746,0.449269,0.474173002646156,0.370734350620781
1.1880,56.386917,-31.219675,0.611009,56.376984,-30.695234,0.761717,0.166806,0.176052436022505,0.247760423531177
1.1881,56.386917,-31.219675,0.611009,56.416695,-31.286669,0.743485,0.156717,0.165404179802518,0.097002861590419
1.1882,56.386917,-31.219675,0.611009,56.167801,-31.735863,1.050233,0.327533,0.345688899246784,0.414986292834563
1.1883,56.386917,-31.219675,0.611009,56.267563,-30.85981,0.728853,0.240572,0.253907453201959,0.206261963415823
1.1884,56.386917,-31.219675,0.611009,56.60471,-31.344814,0.811379,0.191528,0.202144832718957,0.247591690562436
1.1885,56.386917,-31.219675,0.611009,56.386917,-31.279131,0.918914,0.19642,0.20730800740705,0.208083693737968
1.1886,56.386917,-31.219675,0.611009,56.187775,-31.868713,0.515423,0.417813,0.440973325011515,0.336841915282028
1.1887,56.386917,-31.219675,0.611009,56.703278,-31.672226,0.670783,0.276382,0.291702482960876,0.351159519185348
1.1888,56.386917,-31.219675,0.611009,56.067764,-31.284098,0.69704,0.260759,0.275213464532405,0.303366190804952
1.1889,56.386917,-31.219675,0.611009,56.495979,-31.878544,0.494822,0.360601,0.380589933708327,0.306327799314777
1.1890,56.386917,-31.219675,0.611009,56.535553,-31.458862,0.591333,0.108568,0.11458617120542,0.171433845474634
1.1891,56.386917,-31.219675,0.611009,56.267563,-31.612736,0.864716,0.260759,0.275213464532405,0.259770181811639
1.1892,56.386917,-31.219675,0.611009,56.117817,-31.475496,0.97182,0.353604,0.373205074081878,0.362879883064392
1.1893,56.386917,-31.219675,0.611009,55.836617,-30.675764,0.724514,0.408495,0.431138807075364,0.568267960127957
1.1894,56.386917,-31.219675,0.611009,56.416695,-31.440687,0.876172,0.230668,0.243454451952802,0.201210432054238
1.1895,56.386917,-31.219675,0.611009,56.247635,-31.368643,0.490532,0.156717,0.165404179802518,0.165683688246191
1.1896,56.386917,-31.219675,0.611009,56.386917,-31.976803,0.834974,0.240572,0.253907453201959,0.348591539285204
1.1897,56.386917,-31.219675,0.611009,55.977489,-30.755247,0.190009,0.474254,0.500542978030868,0.513412989612851
1.1898,56.386917,-31.219675,0.611009,56.426613,-31.25984,0.54552,0.119785,0.126424955031328,0.0601516777414276
1.1899,56.386917,-31.219675,0.611009,56.614582,-32.057137,0.518471,0.303803,0.320643491366887,0.415431268615969
1.1900,56.386917,-31.219675,0.611009,56.32729,-31.045248,0.653533,0.135989,0.143527179611431,0.0972070869911125
1.1901,56.386917,-31.219675,0.611009,56.575089,-30.959291,0.533279,0.130661,0.137903836451546,0.21242789832712
1.1902,56.386917,-31.219675,0.611009,57.036427,-31.410334,0.582674,0.408495,0.431138807075364,0.605044789108369
1.1903,56.386917,-31.219675,0.611009,56.426613,-31.717216,0.295726,0.34022,0.35907916851658,0.302686630553686
1.1904,56.386917,-31.219675,0.611009,55.82653,-31.181913,0.78188,0.391185,0.412869274399383,0.534677042013151
1.1905,56.386917,-31.219675,0.611009,56.29744,-30.239948,0.824422,0.321413,0.339229653725294,0.454603045323957
1.1906,56.386917,-31.219675,0.611009,56.207741,-31.02541,0.466202,0.146459,0.154577555528099,0.209128818797886
1.1907,56.386917,-31.219675,0.611009,56.486076,-31.263065,0.226513,0.333797,0.352300127015839,0.275948293864864
1.1908,56.386917,-31.219675,0.611009,56.505878,-31.583757,0.580958,0.166806,0.176052436022505,0.190433625090447
1.1909,56.386917,-31.219675,0.611009,56.476173,-31.143604,0.556029,0.114223,0.12055464071915,0.0959586546530683
1.1910,56.386917,-31.219675,0.611009,56.584969,-32.298683,0.651786,0.346816,0.366040799800853,0.487675937721576
1.1911,56.386917,-31.219675,0.611009,56.575089,-31.151606,0.655765,0.161781,0.170748888841869,0.179260550107838
1.1912,56.386917,-31.219675,0.611009,56.247635,-31.935303,1.150611,0.488457,0.51553328262919,0.481630224402146
1.1913,56.386917,-31.219675,0.611009,56.505878,-31.322512,0.656361,0.108568,0.11458617120542,0.122131933567443
1.1914,56.386917,-31.219675,0.611009,56.067764,-31.506691,0.632799,0.346816,0.366040799800853,0.320668582944882
1.1915,56.386917,-31.219675,0.611009,56.752464,-31.540102,1.012361,0.292586,0.308804707540979,0.450968683353949
1.1916,56.386917,-31.219675,0.611009,56.317341,-30.755398,0.706651,0.186623,0.196967937411292,0.219009514031238
1.1917,56.386917,-31.219675,0.611009,56.60471,-31.457825,0.39331,0.260759,0.275213464532405,0.269725550828173
1.1918,56.386917,-31.219675,0.611009,56.565208,-31.513021,0.283428,0.333797,0.352300127015839,0.303454806588945
1.1919,56.386917,-31.219675,0.611009,56.575089,-31.346245,0.866184,0.250591,0.264481829162713,0.249517742764034
1.1920,56.386917,-31.219675,0.611009,56.287483,-31.501989,0.16237,0.438109,0.462394378459909,0.339177765096983
1.1921,56.386917,-31.219675,0.611009,55.359585,-31.410614,0.768447,0.758947,0.801017158627219,0.969036519349506
1.1922,56.386917,-31.219675,0.611009,56.267563,-31.059544,0.730026,0.185962,0.19627029667768,0.15348452485518
1.1923,56.386917,-31.219675,0.611009,56.791763,-33.062336,0.844688,0.758947,0.801017158627219,0.862542151329954
1.1924,56.386917,-31.219675,0.611009,56.928974,-31.234272,0.470192,0.390535,0.412183243420794,0.50953459669037
1.1925,56.386917,-31.219675,0.611009,57.636223,-31.501989,0.183464,0.97032,1.02410704483866,1.18952764277476
1.1926,56.386917,-31.219675,0.611009,56.535553,-30.959852,0.67639,0.172466,0.182026182697609,0.182437585156923
1.1927,56.386917,-31.219675,0.611009,56.007607,-30.845303,0.256349,0.172466,0.182026182697609,0.453948771297939
1.1928,56.386917,-31.219675,0.611009,56.486076,-30.200165,0.980285,0.758947,0.801017158627219,0.516959814456411
1.1929,56.386917,-31.219675,0.611009,57.279461,-31.580816,1.074296,0.97032,1.02410704483866,0.890642786415393
1.1930,56.386917,-31.219675,0.611009,56.396843,-32.136333,1.055058,0.491683,0.518938107147544,0.479915932330919
1.1931,56.386917,-31.219675,0.611009,56.919193,-30.280632,0.086012,0.670737,0.707917477671228,0.725519150583384
1.1932,56.386917,-31.219675,0.611009,55.380013,-30.539932,0.644375,0.670737,0.707917477671228,0.984928197724201
1.1933,56.386917,-31.219675,0.611009,56.663887,-31.699776,0.92405,0.364287,0.384480257073068,0.385634948222254
1.1934,56.386917,-31.219675,0.611009,57.182442,-31.40649,0.87232,0.758947,0.801017158627219,0.757680248769642
1.1935,56.386917,-31.219675,0.611009,57.026669,-31.299232,0.404399,0.521416,0.550319274972785,0.607600870933239
1.1936,56.386917,-31.219675,0.611009,56.899616,-31.196211,1.222464,0.7241,0.76423851014889,0.627395534308955
1.1937,56.386917,-31.219675,0.611009,56.752464,-31.371271,0.823862,0.47369,0.499947714227907,0.372083305680279
1.1938,56.386917,-31.219675,0.611009,56.177792,-31.891094,0.066793,0.803404,0.847938511265928,0.503835962847121
1.1939,56.386917,-31.219675,0.611009,56.78194,-31.294958,0.790561,0.23061,0.243393236880867,0.385756603991045
1.1940,56.386917,-31.219675,0.611009,56.167801,-31.323668,0.993477,0.411285,0.434083463121925,0.330058363667589
1.1941,56.386917,-31.219675,0.611009,56.65403,-31.816826,-0.177701,0.97032,1.02410704483866,0.639131269131954
1.1942,56.386917,-31.219675,0.611009,55.987534,-30.51511,1.380653,0.803404,0.847938511265928,0.71238359137985
1.1943,56.386917,-31.219675,0.611009,56.137821,-31.797688,0.558479,0.448772,0.473648452805604,0.338080456956447
1.1944,56.386917,-31.219675,0.611009,55.907124,-30.961613,0.56297,0.364287,0.384480257073068,0.460756149958507
1.1945,56.386917,-31.219675,0.611009,56.277523,-31.18399,0.577248,0.211878,0.223622879510187,0.105065712779662
1.1946,56.386917,-31.219675,0.611009,56.227692,-30.874334,0.926064,0.29684,0.31329451643778,0.300092405886818
1.1947,56.386917,-31.219675,0.611009,56.742634,-31.321384,0.569516,0.448772,0.473648452805604,0.332993916008437
1.1948,56.386917,-31.219675,0.611009,55.977489,-32.265121,0.636874,0.758947,0.801017158627219,0.58019340836477
1.1949,56.386917,-31.219675,0.611009,56.426613,-30.720089,0.16749,0.272961,0.288091849148945,0.367264326521566
1.1950,56.386917,-31.219675,0.611009,56.307392,-31.273954,0.64382,0.158515,0.167301847032525,0.0802463500644964
1.1951,56.386917,-31.219675,0.611009,56.811398,-31.301725,1.00078,0.582096,0.614362905404817,0.472640337260045
1.1952,56.386917,-31.219675,0.611009,56.36705,-30.850124,0.30058,0.199078,0.210113346393344,0.260790556341665
1.1953,56.386917,-31.219675,0.611009,56.357113,-31.063831,0.445012,0.112964,0.119225851485236,0.131972225238474
1.1954,56.386917,-31.219675,0.611009,56.207741,-30.828327,0.5527,0.165553,0.174729979382239,0.238117245700165
1.1955,56.386917,-31.219675,0.611009,56.406769,-31.673468,0.394286,0.185962,0.19627029667768,0.243096617899926
1.1956,56.386917,-31.219675,0.611009,55.99757,-30.441288,0.932251,0.568452,0.599962587448083,0.540762240163951
1.1957,56.386917,-31.219675,0.611009,56.495979,-30.829233,1.005699,0.433261,0.457277642791905,0.332962251005115
1.1958,56.386917,-31.219675,0.611009,57.211575,-31.759851,0.863446,0.803404,0.847938511265928,0.810006397108033
1.1959,56.386917,-31.219675,0.611009,56.077782,-30.861223,0.585118,0.218178,0.230272102841133,0.325563009771437
1.1960,56.386917,-31.219675,0.611009,56.703278,-30.134964,0.550736,0.59676,0.6298397642818,0.550432341692863
1.1961,56.386917,-31.219675,0.611009,56.416695,-31.710546,1.62314,0.97032,1.02410704483866,0.702500274426447
1.1962,56.386917,-31.219675,0.611009,56.791763,-31.577734,0.858496,0.44092,0.46536119858424,0.435157143743284
1.1963,56.386917,-31.219675,0.611009,56.257603,-31.038031,0.9711,0.314833,0.332284909357417,0.283029180992849
1.1964,56.386917,-31.219675,0.611009,56.277523,-31.209679,0.599352,0.22442,0.236860111100143,0.101902716062007
1.1965,56.386917,-31.219675,0.611009,56.087795,-31.66363,1.059796,0.521416,0.550319274972785,0.447317226050287
1.1966,56.386917,-31.219675,0.611009,56.476173,-31.318544,0.53513,0.151343,0.159732286757994,0.106218702595996
1.1967,56.386917,-31.219675,0.611009,56.167801,-32.431656,0.966444,0.612644,0.646604250533982,0.590426320350565
1.1968,56.386917,-31.219675,0.611009,56.307392,-30.148888,0.317614,0.333046,0.351507497377499,0.502906619958334
1.1969,56.386917,-31.219675,0.611009,56.047722,-29.973879,0.513552,0.433261,0.457277642791905,0.62368549276955
1.1970,56.386917,-31.219675,0.611009,56.15781,-30.341528,0.450537,0.242859,0.25632122681432,0.443612847564842
1.1971,56.386917,-31.219675,0.611009,56.565208,-29.822603,1.012362,0.670737,0.707917477671228,0.686515605938273
1.1972,56.386917,-31.219675,0.611009,56.850632,-31.00506,0.645579,0.433261,0.457277642791905,0.438770221510083
1.1973,56.386917,-31.219675,0.611009,55.876923,-30.117073,0.272964,0.482529,0.509276680104452,0.705895554394593
1.1974,56.386917,-31.219675,0.611009,56.15781,-31.015419,0.433073,0.205514,0.216906108513657,0.258573162837739
1.1975,56.386917,-31.219675,0.611009,57.201866,-30.50242,0.778383,0.865414,0.913385866623383,0.819875468958497
1.1976,56.386917,-31.219675,0.611009,55.866848,-30.819221,0.921957,0.521416,0.550319274972785,0.555997793409702
1.1977,56.386917,-31.219675,0.611009,56.257603,-30.304417,-0.298011,0.758947,0.801017158627219,0.738311852389561
1.1978,35.360737,5.327154,-31.007704,35.43951,5.469648,-30.831221,0.331038,0.349388189369795,0.207737920448515
1.1979,35.360737,5.327154,-31.007704,35.459167,5.163983,-31.102339,0.30686,0.323869947830808,0.190544544836334
1.1980,35.360737,5.327154,-31.007704,35.576786,5.660934,-31.041805,0.215195,0.227123748365544,0.305385348072917
1.1981,35.360737,5.327154,-31.007704,35.380451,5.123019,-31.159771,0.316185,0.333711853792883,0.232251124730299
1.1982,35.360737,5.327154,-31.007704,35.321259,4.900648,-30.548117,0.160385,0.169275505386314,0.192453911052353
1.1983,35.360737,5.327154,-31.007704,35.576786,5.455075,-31.182528,0.316185,0.333711853792883,0.187135887467269
1.1984,35.360737,5.327154,-31.007704,35.341003,5.327625,-31.126375,0.124424,0.131321105353909,0.0642707509801374
1.1985,35.360737,5.327154,-31.007704,35.518044,5.275861,-31.215029,0.325958,0.344026593414048,0.194455528247158
1.1986,35.360737,5.327154,-31.007704,35.635399,5.461259,-31.217964,0.481288,0.507966888651483,0.235559732487109
1.1987,35.360737,5.327154,-31.007704,35.182606,5.375607,-30.788649,0.211427,0.223146879554273,0.209542236437767
1.1988,35.360737,5.327154,-31.007704,35.321259,5.779816,-31.219252,0.218958,0.231095340015441,0.27032072323619
1.1989,35.360737,5.327154,-31.007704,35.400154,5.433665,-30.945103,0.119477,0.126099881890704,0.117659601129532
1.1990,35.360737,5.327154,-31.007704,35.400154,5.372988,-31.384466,0.325958,0.344026593414048,0.171985535398173
1.1991,35.360737,5.327154,-31.007704,35.55722,5.032694,-31.058905,0.378547,0.399530721311051,0.302335519401266
1.1992,35.360737,5.327154,-31.007704,35.380451,5.393758,-30.777336,0.264753,0.27942886103777,0.169085389280903
1.1993,35.360737,5.327154,-31.007704,35.122952,5.127508,-30.736898,0.156167,0.164823692051404,0.214625683610459
1.1994,35.360737,5.327154,-31.007704,35.380451,5.158826,-31.218128,0.268722,0.283617871736266,0.233474976549117
1.1995,35.360737,5.327154,-31.007704,35.301498,5.63535,-31.071861,0.184614,0.194847573971312,0.220184046088442
1.1996,35.360737,5.327154,-31.007704,35.06316,4.983022,-30.664169,0.253049,0.267076081694057,0.290973031966557
1.1997,35.360737,5.327154,-31.007704,35.59634,5.567183,-31.436037,0.385724,0.407105558746955,0.230156999053893
1.1998,35.360737,5.327154,-31.007704,35.142853,5.302665,-30.778742,0.276786,0.292128877599877,0.208372798508014
1.1999,35.360737,5.327154,-31.007704,35.498432,5.204914,-31.249998,0.371724,0.392329506900409,0.242686304202208
1.2000,35.360737,5.327154,-31.007704,35.321259,4.834963,-30.821753,0.385724,0.407105558746955,0.313389038128588
1.2001,35.360737,5.327154,-31.007704,35.341003,5.008696,-30.733496,0.164544,0.173665048217013,0.153713695142309
1.2002,35.360737,5.327154,-31.007704,35.142853,5.095078,-30.755865,0.237785,0.250965963452222,0.206935063191979
1.2003,35.360737,5.327154,-31.007704,35.53764,5.06904,-31.269197,0.481288,0.507966888651483,0.357807007185213
1.2004,35.360737,5.327154,-31.007704,35.122952,5.093623,-30.776312,0.28089,0.296460371655464,0.223005595700211
1.2005,35.360737,5.327154,-31.007704,35.419838,5.613729,-31.150581,0.143094,0.151026025923554,0.173985168198072
1.2006,35.360737,5.327154,-31.007704,35.023216,5.395849,-30.815407,0.588445,0.621063844917226,0.316174743279402
1.2007,35.360737,5.327154,-31.007704,35.674397,5.292491,-31.342636,0.588445,0.621063844917226,0.327375700799314
1.2008,35.360737,5.327154,-31.007704,35.103035,5.334186,-30.812668,0.200054,0.211143448293504,0.238349463788901
1.2009,35.360737,5.327154,-31.007704,35.103035,5.371856,-30.968113,0.276786,0.292128877599877,0.21935740085213
1.2010,35.360737,5.327154,-31.007704,35.242119,5.381862,-30.824453,0.293552,0.309824255118391,0.166841241500813
1.2011,35.360737,5.327154,-31.007704,35.202457,5.063473,-30.604147,0.184614,0.194847573971312,0.177847992363845
1.2012,35.360737,5.327154,-31.007704,35.615875,5.037456,-31.028793,0.465797,0.491617187283279,0.317911947989872
1.2013,35.360737,5.327154,-31.007704,35.242119,5.630384,-31.101173,0.297907,0.314420662674942,0.221578124061398
1.2014,35.360737,5.327154,-31.007704,35.380451,5.457178,-30.503191,0.549378,0.579831272239438,0.358596836151528
1.2015,35.360737,5.327154,-31.007704,35.53764,5.307101,-30.925335,0.176713,0.186508603568486,0.149698490412162
1.2016,35.360737,5.327154,-31.007704,35.654903,5.079054,-31.241846,0.654537,0.690819474820224,0.39067207087253
1.2017,35.360737,5.327154,-31.007704,35.400154,5.857067,-31.220377,0.28089,0.296460371655464,0.328701096924942
1.2018,35.360737,5.327154,-31.007704,35.162735,5.135318,-30.988205,0.184614,0.194847573971312,0.216951625083602
1.2019,35.360737,5.327154,-31.007704,35.281719,5.208384,-30.591005,0.207649,0.219159456420255,0.164286745201952
1.2020,35.360737,5.327154,-31.007704,35.182606,5.205809,-30.953705,0.226477,0.239031135289311,0.164375906535473
1.2021,35.360737,5.327154,-31.007704,35.043198,5.468761,-30.910889,0.452233,0.477301303908525,0.305324299817112
1.2022,35.360737,5.327154,-31.007704,35.261925,5.04142,-31.069313,0.365214,0.385458642791764,0.265619133784504
1.2023,35.360737,5.327154,-31.007704,35.518044,5.269886,-30.887978,0.109168,0.115219430570272,0.134848839161313
1.2024,35.360737,5.327154,-31.007704,35.55722,5.382886,-31.152035,0.253049,0.267076081694057,0.16895020587026
1.2025,35.360737,5.327154,-31.007704,35.341003,5.678205,-31.252357,0.218958,0.231095340015441,0.181946853513322
1.2026,35.360737,5.327154,-31.007704,35.261925,5.315021,-30.850403,0.222717,0.235062709936238,0.110977796853077
1.2027,35.360737,5.327154,-31.007704,35.321259,5.790828,-31.645956,0.176713,0.186508603568486,0.201142493339995
1.2028,35.360737,5.327154,-31.007704,35.341003,4.902972,-30.592291,0.222717,0.235062709936238,0.195000029081179
2.1,47.105415,-40.947926,-0.778577,47.049183,-40.774654,-0.817149,0.112941,0.119201576542916,0.0861171264645975
2.2,47.105415,-40.947926,-0.778577,47.355278,-41.037525,-0.884382,0.202353,0.213569887093162,0.255056334228842
2.3,47.105415,-40.947926,-0.778577,47.559425,-41.285973,-0.866527,0.338824,0.357605785061024,0.463434759983421
2.4,47.105415,-40.947926,-0.778577,47.470432,-41.797195,-0.091109,0.705882,0.745010644967434,0.634292986493479
2.5,47.105415,-40.947926,-0.778577,46.963993,-40.70528,-0.78884,0.141176,0.149001706820577,0.162719731710272
2.6,47.105415,-40.947926,-0.778577,46.741409,-40.525635,-0.777596,0.268235,0.283103876218461,0.384943968953048
2.7,47.105415,-40.947926,-0.778577,46.563793,-40.296658,-0.795766,0.517647,0.54634135072924,0.575761303981001
2.8,47.105415,-40.947926,-0.778577,47.224083,-41.082794,-0.650347,0.211765,0.22350361566314,0.149315545390417
2.9,47.105415,-40.947926,-0.778577,47.392845,-41.142139,-0.496525,0.442353,0.466873633033962,0.339530857893956
2.10,47.105415,-40.947926,-0.778577,47.378601,-41.566433,-0.718438,0.338824,0.357605785061024,0.346989703066812
2.11,47.105415,-40.947926,-0.778577,47.573589,-41.933407,-0.633207,0.64,0.675476655842134,0.582201686428789
2.12,47.105415,-40.947926,-0.778577,47.248806,-40.961212,-0.929052,0.164706,0.173836028245523,0.16885238089359
2.13,47.105415,-40.947926,-0.778577,47.372124,-41.51247,-1.041573,0.381176,0.402305452761377,0.364165413518439
2.14,47.105415,-40.947926,-0.778577,47.580025,-42.094868,-1.221102,0.607059,0.640709661279485,0.668200815857427
2.15,47.105415,-40.947926,-0.778577,47.117172,-40.963039,-0.613501,0.235294,0.248336881655811,0.104018887402393
2.16,47.105415,-40.947926,-0.778577,47.242302,-41.260323,-0.546501,0.423529,0.447006175894005,0.227136852113188
2.17,47.105415,-40.947926,-0.778577,47.218876,-41.137081,-0.52074,0.385882,0.407272317046366,0.207506962444907
2.18,47.105415,-40.947926,-0.778577,47.523342,-41.869522,-0.338723,0.705882,0.745010644967434,0.591208297085967
2.19,47.105415,-40.947926,-0.778577,47.321556,-41.485756,-0.755371,0.362353,0.382439051053695,0.284160233522987
2.20,47.105415,-40.947926,-0.778577,47.470432,-41.974251,-0.657787,0.621176,0.655609198702178,0.513353394678202
2.21,32.480335,-2.030883,-41.895298,32.548862,-2.599062,-41.409134,0.131765,0.139069033682873,0.290468476935384
2.22,32.480335,-2.030883,-41.895298,32.713863,-1.482396,-43.03093,0.447059,0.471840497318951,0.304551484447236
2.23,32.480335,-2.030883,-41.895298,32.349373,-1.710041,-41.441402,0.503529,0.531440757874272,0.361090500644947
2.24,32.480335,-2.030883,-41.895298,32.700703,-3.24259,-40.321537,0.461176,0.486740034741644,0.584941734336766
2.25,32.480335,-2.030883,-41.895298,32.37162,-2.620447,-41.079983,0.225882,0.238403153085833,0.276815150498159
2.26,32.480335,-2.030883,-41.895298,32.502464,-1.752911,-42.320782,0.174118,0.183769756815501,0.119711401410878
2.27,32.480335,-2.030883,-41.895298,32.884285,-2.159065,-41.925198,0.338824,0.357605785061024,0.33633682862906
2.28,32.480335,-2.030883,-41.895298,32.940826,-1.904005,-42.798122,0.569412,0.600975802431846,0.432849906910501
2.29,32.480335,-2.030883,-41.895298,32.829792,-0.977746,-43.518417,0.616471,0.650643389849463,0.517262826607657
2.30,32.480335,-2.030883,-41.895298,32.698509,-2.407626,-41.766056,0.202353,0.213569887093162,0.284811339821702
2.31,32.480335,-2.030883,-41.895298,32.601784,-2.163577,-41.981541,0.155294,0.163902299675544,0.148604582534881
2.32,32.480335,-2.030883,-41.895298,32.517941,-0.905426,-42.624947,0.569412,0.600975802431846,0.596027366297893
2.33,32.480335,-2.030883,-41.895298,31.977043,-1.534627,-41.244911,0.710588,0.749977509252423,0.656997333268327
2.34,32.480335,-2.030883,-41.895298,32.855961,-2.627527,-41.194805,0.414118,0.437073502756302,0.407427288944112
2.35,32.480335,-2.030883,-41.895298,32.72263,-2.016149,-42.43713,0.461176,0.486740034741644,0.254511763645028
2.36,32.480335,-2.030883,-41.895298,32.222172,-1.965145,-41.443523,0.550588,0.581108345291889,0.274723615132639
2.37,32.480335,-2.030883,-41.895298,32.834152,-2.423481,-42.032154,0.470588,0.496673763311622,0.412617604267087
2.38,32.480335,-2.030883,-41.895298,32.733585,-2.782423,-40.969242,0.385882,0.407272317046366,0.399610778286913
2.39,32.480335,-2.030883,-41.895298,32.433804,-2.387813,-40.73452,0.536471,0.566208807869196,0.246023487287904
2.40,32.480335,-2.030883,-41.895298,32.362724,-1.50771,-41.644638,0.602353,0.635742796994496,0.433661340091274
2.41,34.190285,51.808216,43.582775,34.715588,53.13483,45.731628,0.569412,0.600975802431846,0.853684623798126
2.42,34.190285,51.808216,43.582775,33.56496,51.294258,45.612991,0.851765,0.898980271505274,1.22246344381292
2.43,34.190285,51.808216,43.582775,34.385742,52.03891,43.812469,0.141176,0.149001706820577,0.179002869047262
2.44,34.190285,51.808216,43.582775,33.4482,51.510384,43.200512,0.588235,0.620842204139528,0.615570147718697
2.45,34.190285,51.808216,43.582775,34.134457,51.828232,43.968327,0.230588,0.243370017370822,0.181846575490684
2.46,34.190285,51.808216,43.582775,34.534908,52.417599,44.04567,0.249412,0.263237474510779,0.339021375495258
2.47,34.190285,51.808216,43.582775,33.56496,51.333477,43.396244,0.583529,0.615875339854539,0.529701084322299
2.48,34.190285,51.808216,43.582775,33.647419,51.867054,44.060642,0.428235,0.451973040178994,0.487533364961207
2.49,34.190285,51.808216,43.582775,33.055687,51.864403,43.944145,0.738824,0.779778694962358,0.930250634889192
2.50,34.190285,51.808216,43.582775,33.65797,51.611317,44.422073,0.512941,0.54137448644425,0.628181677864903
2.51,34.190285,51.808216,43.582775,33.129089,51.806633,47.339005,0.955294,1.00824811947821,1.94447169404927
2.52,34.190285,51.808216,43.582775,34.359085,52.552361,45.329834,0.409412,0.432106638471312,0.657722297902362
2.53,34.190285,51.808216,43.582775,33.003742,51.82431,44.833652,0.757647,0.79964509667004,1.12212801523365
2.54,34.190285,51.808216,43.582775,34.215057,51.356972,42.641239,0.188235,0.198669294238194,0.345970293900471
2.55,34.190285,51.808216,43.582775,34.545094,53.420383,46.832092,0.583529,0.615875339854539,1.18551245083263
2.56,34.190285,51.808216,43.582775,33.788448,51.56078,45.536312,0.72,0.759911237822401,1.04239726484768
2.57,34.190285,51.808216,43.582775,33.995377,51.538044,42.743408,0.197647,0.208603022808172,0.366668113585603
2.58,34.190285,51.808216,43.582775,34.285114,51.534107,43.08432,0.094118,0.0993351748352344,0.193849858899788
2.59,34.190285,51.808216,43.582775,33.281662,51.464649,42.608803,0.691765,0.730111107544741,0.827057408186711
2.60,34.190285,51.808216,43.582775,34.138596,53.062046,46.595966,0.56,0.591042073861868,1.10551653502328
2.61,83.337036,1.298298,101.262978,83.739815,2.502082,102.080269,0.548486,0.578889826650358,0.688013885006051
2.62,83.337036,1.298298,101.262978,83.13945,2.102509,103.90097,0.456341,0.481637019693212,0.627467370540903
2.63,83.337036,1.298298,101.262978,83.816116,1.630251,99.829933,0.517771,0.546472224331309,0.450067353965164
2.64,83.337036,1.298298,101.262978,83.58371,1.269276,100.591599,0.258885,0.273235584449517,0.204784156023031
2.65,83.337036,1.298298,101.262978,83.696388,0.377764,101.89196,0.447565,0.472374546049976,0.546360943418253
2.66,83.337036,1.298298,101.262978,84.185005,0.074277,101.175262,0.508995,0.537209750688074,0.848070758426863
2.67,83.337036,1.298298,101.262978,83.370773,1.299379,101.547249,0.127249,0.134302701530087,0.0558651194750629
2.68,83.337036,1.298298,101.262978,83.209801,1.117798,101.023628,0.118473,0.125040227886852,0.132689757757071
2.69,83.337036,1.298298,101.262978,82.904381,1.323077,101.130661,0.188679,0.199137906168185,0.29121243815389
2.70,83.337036,1.298298,101.262978,84.217651,0.246506,99.399963,0.601141,0.634463613077495,0.865514639003217
2.71,83.337036,1.298298,101.262978,83.752892,0.885896,101.971527,0.219394,0.231555508487233,0.37422585795815
2.72,83.337036,1.298298,101.262978,82.934685,1.681152,102.018196,0.320316,0.338071844519889,0.358136832557089
2.73,83.337036,1.298298,101.262978,83.935043,1.459541,103.458305,0.293989,0.310285479022458,0.563121169759489
2.74,83.337036,1.298298,101.262978,83.49707,1.062468,101.695587,0.122861,0.129671464708469,0.181406667066379
2.75,83.337036,1.298298,101.262978,83.961082,1.432432,104.613342,0.522159,0.551103461152927,0.727492636575129
2.76,83.337036,1.298298,101.262978,83.610466,0.965955,99.205475,0.500219,0.527947277044838,0.446176006004223
2.77,83.337036,1.298298,101.262978,83.517036,2.825609,101.636269,0.653796,0.690037399504631,0.800194810666601
2.78,83.337036,1.298298,101.262978,84.083298,0.020635,102.44239,0.618692,0.65298750493169,0.854454009077034
2.79,83.337036,1.298298,101.262978,84.286499,1.284942,103.96756,0.487056,0.51405462201226,0.79463921547194
2.80,83.337036,1.298298,101.262978,83.259995,1.952924,101.255974,0.390522,0.412169522801222,0.343233909893081
2.81,73.868805,-12.713548,-21.607077,73.536446,-13.833928,-21.011154,0.8,0.844345819802668,0.908018293749338
2.82,73.868805,-12.713548,-21.607077,74.082825,-12.064073,-22.21175,0.550588,0.581108345291889,0.608822256432123
2.83,73.868805,-12.713548,-21.607077,74.222382,-12.637861,-21.483376,0.371765,0.392372779623674,0.270184581425075
2.84,73.868805,-12.713548,-21.607077,73.71328,-12.720397,-21.798758,0.150588,0.158935435390555,0.148645388199746
2.85,73.868805,-12.713548,-21.607077,73.575371,-14.389047,-20.712076,0.917647,0.968514260630574,1.32247195146508
2.86,73.868805,-12.713548,-21.607077,73.794014,-13.230515,-21.448774,0.404706,0.427139774186323,0.378820651846525
2.87,73.868805,-12.713548,-21.607077,74.065506,-11.026644,-22.770529,0.936471,0.98838171777053,1.40755642194829
2.88,73.868805,-12.713548,-21.607077,74.780754,-13.598746,-22.995789,0.865882,0.913879808927967,1.02786787177627
2.89,73.868805,-12.713548,-21.607077,74.242828,-13.13448,-22.231668,0.418824,0.442040367041291,0.455597191765619
2.90,73.868805,-12.713548,-21.607077,74.068077,-12.849094,-21.324337,0.277647,0.293037604788439,0.237617194432365
2.91,73.868805,-12.713548,-21.607077,74.434723,-12.581929,-21.245028,0.555294,0.586075209576878,0.454811201110027
2.92,73.868805,-12.713548,-21.607077,74.652412,-13.728851,-22.190079,0.809412,0.854279548372646,0.877993584365454
2.93,73.868805,-12.713548,-21.607077,73.881042,-12.732629,-21.747696,0.108235,0.114234712257927,0.0683732088736778
2.94,73.868805,-12.713548,-21.607077,74.068077,-12.456508,-22.570904,0.305882,0.3228377350661,0.559826881207024
2.95,73.868805,-12.713548,-21.607077,74.059097,-11.677091,-22.338741,0.691765,0.730111107544741,0.876576439381325
2.96,73.868805,-12.713548,-21.607077,73.379761,-12.617677,-22.459093,0.447059,0.471840497318951,0.568816046676673
2.97,73.868805,-12.713548,-21.607077,73.150574,-12.953817,-22.178558,0.541176,0.571174616721911,0.606404338469057
2.98,73.868805,-12.713548,-21.607077,74.987991,-12.81778,-20.247753,1.00706,1.06288362661309,1.08748023209307
2.99,73.868805,-12.713548,-21.607077,73.455246,-12.781279,-22.11418,0.207059,0.218536751378151,0.391370608680683
2.100,73.868805,-12.713548,-21.607077,74.45826,-12.801238,-20.989946,0.701176,0.740043780682444,0.545489807517172
2.101,65.514427,32.999004,3.564933,65.389732,33.179359,3.1801,0.244211,0.257748171249787,0.272850752031346
2.102,65.514427,32.999004,3.564933,65.525391,32.998871,3.753986,0.155789,0.164424738651547,0.116433153383407
2.103,65.514427,32.999004,3.564933,65.724525,32.467133,3.697629,0.378947,0.399952894220952,0.295763942816097
2.104,65.514427,32.999004,3.564933,65.834991,32.52422,3.469984,0.374737,0.39550952434424,0.328222370826886
2.105,65.514427,32.999004,3.564933,65.33786,32.827274,3.847688,0.202105,0.213308139889023,0.241821072732928
2.106,65.514427,32.999004,3.564933,65.555122,32.679134,3.75916,0.193684,0.204420344703325,0.188981854874851
2.107,65.514427,32.999004,3.564933,65.174744,32.202541,4.739989,0.711579,0.751023442636703,0.876343806463279
2.108,65.514427,32.999004,3.564933,65.692574,32.655769,3.447104,0.223158,0.235528155569405,0.210567263830396
2.109,65.514427,32.999004,3.564933,65.346512,33.364532,2.929516,0.454737,0.479944106324507,0.449213436700574
2.110,65.514427,32.999004,3.564933,66.065094,32.278522,3.14913,0.618947,0.653256640161752,0.583963753608246
2.111,65.514427,32.999004,3.564933,65.122589,32.907761,3.907809,0.357895,0.377733933972845,0.387877158227442
2.112,65.514427,32.999004,3.564933,64.758064,33.647118,3.505934,0.597895,0.631037679913645,0.676961140741839
2.113,65.514427,32.999004,3.564933,65.234711,32.676487,4.176224,0.505263,0.533270877438694,0.471337329270959
2.114,65.514427,32.999004,3.564933,65.125755,33.23933,3.572043,0.370526,0.391065099035254,0.333103358657406
2.115,65.514427,32.999004,3.564933,65.384232,33.235359,2.585286,0.644211,0.679921081151121,0.622891726885995
2.116,65.514427,32.999004,3.564933,65.837326,32.721684,3.075154,0.442105,0.466611885829823,0.408042087765131
2.117,65.514427,32.999004,3.564933,65.698029,33.714306,3.84185,0.433684,0.457724090644125,0.354879069368923
2.118,65.514427,32.999004,3.564933,65.579369,32.353355,3.952414,0.543158,0.573266483490472,0.378893737074348
2.119,65.514427,32.999004,3.564933,65.449387,32.982235,3.518523,0.122105,0.128873557908756,0.0604041835827363
2.120,65.514427,32.999004,3.564933,64.589378,33.571014,3.685557,0.741053,0.782131253502783,0.796617080994994
2.121,19.638876,-16.75136,1.607223,20.318142,-16.909208,1.523583,0.828982,0.874934357989569,0.486572376613215
2.122,19.638876,-16.75136,1.607223,20.318142,-16.974281,2.429238,1.19452,1.26073496083835,0.770394111297197
2.123,19.638876,-16.75136,1.607223,20.063911,-16.70783,1.938368,0.685379,0.723371117038166,0.383971386031019
2.124,19.638876,-16.75136,1.607223,20.007818,-17.29497,1.706934,0.711488,0.750927398299701,0.447052041049919
2.125,19.638876,-16.75136,1.607223,19.647066,-16.709942,1.549242,0.215405,0.227345389143242,0.0501065876000063
2.126,19.638876,-16.75136,1.607223,19.220238,-17.064001,1.224531,0.652742,0.688924973887041,0.461436249680938
2.127,19.638876,-16.75136,1.607223,19.830376,-16.621778,1.862531,0.313316,0.330683818596616,0.250309256283875
2.128,19.638876,-16.75136,1.607223,19.99979,-16.939514,1.618361,0.469974,0.496025727894924,0.279656770467867
2.129,19.638876,-16.75136,1.607223,19.457714,-15.783272,1.348489,0.75718,0.79915220979773,0.696276032057008
2.130,19.638876,-16.75136,1.607223,19.720615,-16.40362,1.390417,0.267624,0.282459007098586,0.284464674346592
2.131,19.638876,-16.75136,1.607223,20.365416,-17.106077,1.838645,1.0248,1.08160699516722,0.577588734006939
2.132,19.638876,-16.75136,1.607223,19.995775,-16.531384,2.018603,0.659269,0.695813780344356,0.42528620197499
2.133,19.638876,-16.75136,1.607223,20.302357,-17.911089,1.890427,1.18146,1.24695101533008,0.907567468877478
2.134,19.638876,-16.75136,1.607223,19.527927,-16.792128,0.88321,0.698433,0.737148729952796,0.54276504376564
2.135,19.638876,-16.75136,1.607223,19.370594,-16.083477,1.647574,0.724543,0.764706066646606,0.496634869190408
2.136,19.638876,-16.75136,1.607223,20.091892,-16.449589,2.390592,1.0248,1.08160699516722,0.699308140809841
2.137,19.638876,-16.75136,1.607223,19.93141,-16.410097,1.610543,0.319843,0.337572625053931,0.308229122714613
2.138,19.638876,-16.75136,1.607223,19.610178,-16.874916,1.27063,0.339426,0.358241155290425,0.266841760098871
2.139,19.638876,-16.75136,1.607223,19.995775,-17.151211,1.67328,0.620104,0.654477775303642,0.365773751447955
2.140,19.638876,-16.75136,1.607223,19.696133,-16.660366,1.429281,0.182768,0.192899245992118,0.147388139086881
2.141,16.503656,20.248148,-11.783588,15.85552,20.039375,-11.490644,0.357662,0.377488018252827,0.470906840251583
2.142,16.503656,20.248148,-11.783588,16.960146,20.378597,-12.085836,0.392556,0.41431627204807,0.354784470961576
2.143,16.503656,20.248148,-11.783588,16.399906,20.137093,-12.344335,0.380925,0.402040539260414,0.376239876291368
2.144,16.503656,20.248148,-11.783588,16.345293,19.551188,-11.702431,0.331492,0.349867355622533,0.419098978239071
2.145,16.503656,20.248148,-11.783588,16.205441,19.96682,-11.570309,0.229718,0.242451791291787,0.26951641445849
2.146,16.503656,20.248148,-11.783588,16.394947,19.983973,-11.712887,0.13376,0.141174621071006,0.167114951434958
2.147,16.503656,20.248148,-11.783588,16.488874,20.98031,-11.828447,0.354754,0.374418821197845,0.419698199629697
2.148,16.503656,20.248148,-11.783588,16.195404,20.343687,-11.563915,0.311137,0.328384031669928,0.260574289941163
2.149,16.503656,20.248148,-11.783588,16.340319,19.908346,-11.727859,0.177377,0.187209410598922,0.223439371810985
2.150,16.503656,20.248148,-11.783588,16.616535,20.642962,-11.70526,0.305321,0.322245637559963,0.260091404467593
2.151,16.503656,20.248148,-11.783588,16.380066,20.176977,-11.849157,0.087235,0.0920706344881072,0.105575545963891
2.152,16.503656,20.248148,-11.783588,16.409815,20.37859,-11.760819,0.081419,0.0859322403781418,0.103000410084763
2.153,16.503656,20.248148,-11.783588,17.046129,19.680902,-12.178279,0.471067,0.497179315371229,0.593568418098716
2.154,16.503656,20.248148,-11.783588,16.300472,20.605318,-12.377376,0.282059,0.297694171984651,0.390498443759736
2.155,16.503656,20.248148,-11.783588,16.839975,21.047499,-11.228234,0.590288,0.623009006599597,0.684587438025514
2.156,16.503656,20.248148,-11.783588,16.839975,20.34017,-11.940334,0.238441,0.25165832702446,0.24481778252772
2.157,16.503656,20.248148,-11.783588,15.222633,20.935474,-10.958765,0.642629,0.678251387292461,1.1171742926544
2.158,16.503656,20.248148,-11.783588,15.570988,20.796076,-11.349428,0.584472,0.616870612489631,0.777292547889257
2.159,16.503656,20.248148,-11.783588,16.592062,20.658627,-11.822962,0.212271,0.224037664394165,0.242190062207174
2.160,16.503656,20.248148,-11.783588,16.64097,20.948952,-11.558816,0.476883,0.503317709481195,0.474365008043182
2.161,53.276272,-0.441932,-6.983118,53.201385,-0.681212,-7.012048,0.365782,0.386058128323824,0.332534984770091
2.162,53.276272,-0.441932,-6.983118,53.432037,-0.681701,-6.966225,0.271386,0.286429543316209,0.359265046277143
2.163,53.276272,-0.441932,-6.983118,53.684746,0.013746,-6.404913,1.05015,1.10836220333221,0.863569803093422
2.164,53.276272,-0.441932,-6.983118,52.728806,-0.372554,-7.010635,0.619469,0.653807575809174,0.54288934667337
2.165,53.276272,-0.441932,-6.983118,53.610737,-0.359347,-7.820802,0.772861,0.815702443298137,0.717792664358586
2.166,53.276272,-0.441932,-6.983118,53.373711,-0.383226,-7.38811,0.324484,0.342470886241061,0.331768437157215
2.167,53.276272,-0.441932,-6.983118,53.443909,-0.407728,-6.955215,0.147493,0.155668872500194,0.17046337307956
2.168,53.276272,-0.441932,-6.983118,53.573135,0.552047,-6.89045,1.15044,1.21421150616723,1.41638356010081
2.169,53.276272,-0.441932,-6.983118,53.379112,-0.411372,-7.12176,0.153392,0.161894867488964,0.151642930411118
2.170,53.276272,-0.441932,-6.983118,53.154636,-0.174681,-7.269518,0.60177,0.635127479978314,0.444288131434603
2.171,53.276272,-0.441932,-6.983118,53.651516,-0.442696,-6.951497,0.489676,0.516819854572114,0.364472116354607
2.172,53.276272,-0.441932,-6.983118,52.321049,-0.403509,-6.944968,0.961652,1.01495855788109,0.936296309403136
2.173,53.276272,-0.441932,-6.983118,53.315281,-0.440541,-6.917935,0.100295,0.105854579996386,0.0624488487326094
2.174,53.276272,-0.441932,-6.983118,53.379112,0.036855,-6.95486,0.890855,0.940237119125382,0.667748320457081
2.175,53.276272,-0.441932,-6.983118,53.158989,-0.304687,-6.965231,0.312684,0.330016785398972,0.219912891113766
2.176,53.276272,-0.441932,-6.983118,53.532265,-0.418756,-7.415176,0.377581,0.398511173733639,0.411815559177871
2.177,53.276272,-0.441932,-6.983118,53.450382,-0.232605,-6.766391,0.619469,0.653807575809174,0.369723606245235
2.178,53.276272,-0.441932,-6.983118,53.32719,-0.359443,-7.858333,0.80236,0.846836639971086,0.669482500207814
2.179,53.276272,-0.441932,-6.983118,53.452538,-0.168208,-6.954048,0.336283,0.354923931650876,0.413117377198861
2.180,53.276272,-0.441932,-6.983118,54.154095,-0.444231,-6.931705,0.99705,1.05231874954281,0.848551474493982
2.181,86.947792,-2.204754,3.654282,87.289818,-1.368534,3.906631,1.11111,1.17270135480118,1.1821743812484
2.182,86.947792,-2.204754,3.654282,87.091438,-2.818859,3.450668,0.826389,0.872197622101134,0.831340522615077
2.183,86.947792,-2.204754,3.654282,87.565109,-1.833692,4.056794,0.805556,0.850209801521198,0.743745985180885
2.184,86.947792,-2.204754,3.654282,86.974792,-2.114703,3.587456,0.270833,0.28584588926827,0.12684404797876
2.185,86.947792,-2.204754,3.654282,86.81015,-2.005539,4.012824,0.361111,0.381128204168452,0.434140342259947
2.186,86.947792,-2.204754,3.654282,86.72049,-1.964609,5.304265,1.16667,1.23134117198647,1.46381240933188
2.187,86.947792,-2.204754,3.654282,86.565414,-2.887379,3.699234,1.00694,1.06275697474012,0.905641912650907
2.188,86.947792,-2.204754,3.654282,86.624237,-2.011003,3.706836,0.305556,0.32249366414453,0.336095730783651
2.189,86.947792,-2.204754,3.654282,87.101715,-1.564333,3.434402,0.743056,0.784245284349114,0.859948884196881
2.190,86.947792,-2.204754,3.654282,87.248833,-2.690586,4.588306,0.944444,0.996796679297139,0.968844616168278
2.191,86.947792,-2.204754,3.654282,87.190727,-2.048269,2.87582,0.701389,0.740268587756967,0.707778930595512
2.192,86.947792,-2.204754,3.654282,87.36779,-2.428666,2.802559,0.833333,0.879526543817021,0.86758015413178
2.193,86.947792,-2.204754,3.654282,86.90654,-2.178624,4.451188,0.777778,0.820892003793099,0.68351446058374
2.194,86.947792,-2.204754,3.654282,87.561714,-2.169178,3.742471,0.305556,0.32249366414453,0.405701497594816
2.195,86.947792,-2.204754,3.654282,87.676567,-2.735139,2.312143,1.21528,1.28264573486223,1.49124360236327
2.196,86.947792,-2.204754,3.654282,86.644493,-2.262628,3.079787,0.631944,0.666974093436721,0.548879053739806
2.197,86.947792,-2.204754,3.654282,87.002258,-2.170074,3.322487,0.270833,0.28584588926827,0.288518916843921
2.198,86.947792,-2.204754,3.654282,87.28299,-2.661876,4.10579,0.708333,0.747597509472854,0.70055283795243
2.199,86.947792,-2.204754,3.654282,86.433685,-2.695352,2.483199,1.20139,1.26798578056591,1.29849778320033
2.200,86.947792,-2.204754,3.654282,87.374603,-1.977161,3.800237,0.347222,0.366469305304402,0.434560951412379
3.1,44.556732,-31.310787,-32.778877,46.852238,-32.445816,-32.922482,2.12969,2.24774356121943,2.2454246147162
3.2,44.556732,-31.310787,-32.778877,49.093384,-32.89156,-37.24086,3.3096,3.49305865652364,4.7046156508872
3.3,44.556732,-31.310787,-32.778877,43.577606,-30.913877,-32.726452,0.664971,0.701831855175,0.928603433507705
3.4,44.556732,-31.310787,-32.778877,45.180248,-30.44528,-30.589294,1.79593,1.89548248519776,1.03242690013372
3.5,44.556732,-31.310787,-32.778877,39.185234,-28.413691,-35.944355,2.92117,3.0830970980412,5.27779748257294
3.6,44.556732,-31.310787,-32.778877,43.741329,-30.462017,-37.943958,1.81564,1.91628505533315,2.3066712979698
3.7,44.556732,-31.310787,-32.778877,46.530544,-30.773958,-35.018837,2.46726,2.60402583420791,2.13744810781475
3.8,44.556732,-31.310787,-32.778877,39.280743,-27.535015,-35.714241,2.90973,3.07102295281802,5.31131436301331
3.9,44.556732,-31.310787,-32.778877,44.083412,-28.151974,-37.515575,2.03242,2.14508166385417,2.70575361848449
3.10,44.556732,-31.310787,-32.778877,53.788528,-30.593946,-31.412298,4.21805,4.4518661065233,9.22640840770175
3.11,44.556732,-31.310787,-32.778877,46.983669,-33.135971,-37.338257,2.68277,2.83148204374,2.85778498682944
3.12,44.556732,-31.310787,-32.778877,41.478745,-29.019936,-34.497936,1.89256,1.99746890590717,3.15732179093344
3.13,44.556732,-31.310787,-32.778877,46.817978,-31.787159,-33.695721,1.25493,1.3244936245562,2.19217398731256
3.14,44.556732,-31.310787,-32.778877,50.701244,-31.401667,-35.834354,3.45645,3.64804888607116,6.16255455098425
3.15,44.556732,-31.310787,-32.778877,41.379356,-28.858633,-38.752048,2.02924,2.14172538922046,4.08980453109801
3.16,44.556732,-31.310787,-32.778877,44.657303,-31.471785,-32.788872,0.138589,0.14627130352579,0.116138860077108
3.17,44.556732,-31.310787,-32.778877,44.437317,-31.692118,-33.595715,0.418309,0.441496819419793,0.329137821302758
3.18,44.556732,-31.310787,-32.778877,45.902847,-30.979948,-38.617847,2.69676,2.8462475412638,2.65243386321627
3.19,44.556732,-31.310787,-32.778877,46.860142,-29.783543,-36.577312,2.7616,2.91468176995881,2.87595424015834
3.20,44.556732,-31.310787,-32.778877,42.054081,-29.020147,-38.65707,2.51558,2.65502432172399,3.62081496641725
3.21,44.556732,-31.310787,-32.778877,36.357056,-29.255663,-27.604942,4.15893,4.38946895043989,7.54579380281164
3.22,44.556732,-31.310787,-32.778877,38.70961,-27.202429,-37.027069,2.86459,3.02338073993566,5.98581812183761
3.23,44.556732,-31.310787,-32.778877,42.612183,-33.187115,-36.953465,1.51875,1.60293776728163,2.36529001971832
3.24,44.556732,-31.310787,-32.778877,43.728207,-34.05938,-36.159443,1.84933,1.95184256866958,1.59137574127093
3.25,44.556732,-31.310787,-32.778877,45.005997,-28.818363,-38.094528,2.18881,2.31014071730285,2.68723415700759
3.26,44.556732,-31.310787,-32.778877,45.029755,-31.304766,-33.686054,1.15639,1.22049132820201,0.579839051658129
3.27,44.556732,-31.310787,-32.778877,48.978981,-28.745426,-29.359674,3.75016,3.95803989948897,4.541202890484
3.28,44.556732,-31.310787,-32.778877,41.000751,-29.807938,-30.704433,2.75652,2.90932017400306,3.36909917440428
3.29,44.556732,-31.310787,-32.778877,47.821083,-32.323616,-35.424484,2.90655,3.06766667818431,3.29653691478076
3.30,44.556732,-31.310787,-32.778877,39.575417,-27.711655,-38.417461,2.60585,2.75029819316598,5.47809112471121
3.31,37.94096,-26.413963,22.532221,38.759975,-27.055428,24.982691,1.45064,1.53105227504818,1.34097985777139
3.32,37.94096,-26.413963,22.532221,38.846592,-27.652151,25.06608,0.809873,0.854766102651308,1.40611163187506
3.33,37.94096,-26.413963,22.532221,38.117416,-28.075758,24.765202,0.733138,0.77377750704811,1.10219787001687
3.34,37.94096,-26.413963,22.532221,38.794655,-28.164686,25.475122,0.971163,1.02499677424627,1.55809289187039
3.35,37.94096,-26.413963,22.532221,37.786736,-29.528694,24.627922,1.31867,1.39176687774898,1.44275366946962
3.36,37.94096,-26.413963,22.532221,38.634762,-28.080297,24.336031,1.12072,1.18284405896156,1.11968229681088
3.37,37.94096,-26.413963,22.532221,39.868664,-27.999357,25.304729,1.67351,1.76627646612245,2.11113349661577
3.38,37.94096,-26.413963,22.532221,38.1334,-30.464113,24.727617,1.94086,2.04844628477776,1.78944632849347
3.39,37.94096,-26.413963,22.532221,39.780178,-28.924278,26.946762,2.07185,2.1866973584477,2.57336404918948
3.40,37.94096,-26.413963,22.532221,39.743366,-31.909815,24.419661,2.31134,2.43946283392837,2.80855887404544
3.41,37.94096,-26.413963,22.532221,38.008827,-28.247211,24.178265,1.02542,1.08226136317756,0.946746662989555
3.42,37.94096,-26.413963,22.532221,35.342979,-34.321106,20.287224,3.1955,3.37263383397428,4.65147320690752
3.43,37.94096,-26.413963,22.532221,36.326672,-30.45022,22.463766,2.26735,2.39303436816197,2.33697243302081
3.44,37.94096,-26.413963,22.532221,40.038177,-31.596237,23.851086,2.12903,2.24704697591809,2.87397658680306
3.45,37.94096,-26.413963,22.532221,36.049675,-27.738676,23.260357,1.60753,1.69663904463423,1.70618783382527
3.46,37.94096,-26.413963,22.532221,36.248646,-27.261871,21.006685,1.85728,1.96023325525387,1.75096464293287
3.47,37.94096,-26.413963,22.532221,37.622574,-27.844311,25.037935,0.932551,0.984244423253497,1.20140434577806
3.48,37.94096,-26.413963,22.532221,36.924099,-27.364588,21.109121,1.71848,1.81373925551811,1.31801224071387
3.49,37.94096,-26.413963,22.532221,37.637047,-27.200224,20.746946,1.65689,1.74873518171605,1.14618390980737
3.50,37.94096,-26.413963,22.532221,38.310371,-26.00712,22.185444,0.106549,0.112455253442693,0.380373654972205
3.51,37.94096,-26.413963,22.532221,35.114986,-23.439978,19.086397,2.35533,2.48589129969477,3.02806664305277
3.52,37.94096,-26.413963,22.532221,38.218491,-28.745186,16.970007,2.90225,3.06312831940287,3.48680345341543
3.53,37.94096,-26.413963,22.532221,33.594593,-30.936674,19.324982,2.92375,3.08582011331006,4.76402473511781
3.54,37.94096,-26.413963,22.532221,38.329769,-32.780602,24.664495,2.36413,2.4951791037126,2.70319050076022
3.55,37.94096,-26.413963,22.532221,40.680279,-33.177597,25.982601,2.43451,2.56946042720974,3.73668819731319
3.56,37.94096,-26.413963,22.532221,33.792645,-23.265856,19.811625,2.81867,2.97491528987898,3.84627710534019
3.57,37.94096,-26.413963,22.532221,32.553276,-24.59882,18.567949,3.06843,3.23852005482138,4.85499841613919
3.58,37.94096,-26.413963,22.532221,38.573685,-24.460569,24.928915,2.03568,2.14852237306987,1.89333138702792
3.59,37.94096,-26.413963,22.532221,34.931118,-31.725746,20.514952,2.94917,3.11264920173429,3.90638903685809
3.60,29.663366,-17.780882,-15.592666,30.337082,-19.286823,-16.190111,2.27366,2.39969414581567,1.02156546821388
3.61,29.663366,-17.780882,-15.592666,28.028526,-18.742056,-15.634098,0.941847,0.994055721679604,1.38127388062203
3.62,29.663366,-17.780882,-15.592666,27.045883,-18.129725,-15.387506,2.12885,2.24685699810864,2.00626558052373
3.63,29.663366,-17.780882,-15.592666,26.879572,-17.577599,-14.544021,3.64538,3.84745170574031,2.19332279457869
3.64,29.663366,-17.780882,-15.592666,30.462749,-24.018875,-13.411894,5.03991,5.31928367585208,4.28731188932059
3.65,29.663366,-17.780882,-15.592666,31.158451,-24.190399,-13.386363,5.23603,5.52627505357671,4.49049748797171
3.66,29.663366,-17.780882,-15.592666,29.673346,-26.267904,-11.751125,6.32839,6.67918705322626,5.97729512138494
3.67,29.663366,-17.780882,-15.592666,30.448284,-23.183617,-14.87591,4.56328,4.8162329907364,3.37918290595666
3.68,29.663366,-17.780882,-15.592666,33.628414,-28.814991,-14.619029,6.44584,6.80314757389604,6.90877101379778
3.69,29.663366,-17.780882,-15.592666,31.074078,-22.11952,-15.782748,3.96807,4.18802914648047,2.75874869184205
3.70,29.663366,-17.780882,-15.592666,30.380657,-21.443739,-15.970723,3.35576,3.54177741032625,2.19544048235633
3.71,29.663366,-17.780882,-15.592666,27.263798,-16.815567,-19.368349,4.07412,4.29995773921806,3.00252943461166
3.72,29.663366,-17.780882,-15.592666,28.063391,-14.35998,-21.45389,5.43672,5.73808975679695,4.55009135426034
3.73,29.663366,-17.780882,-15.592666,27.750319,-13.489217,-20.290024,5.37058,5.66828346614477,4.59210477187375
3.74,29.663366,-17.780882,-15.592666,30.911507,-15.672613,-19.258196,4.99544,5.2723486025938,2.95600872058156
3.75,29.663366,-17.780882,-15.592666,31.128017,-16.310394,-19.110376,4.99886,5.27595818097346,2.69552502499352
3.76,29.663366,-17.780882,-15.592666,29.214819,-17.903961,-19.338327,3.87343,4.08814303599781,2.11393907692872
3.77,29.663366,-17.780882,-15.592666,28.401127,-16.644089,-19.050667,3.96579,4.18562276089403,2.47896782811544
3.78,29.663366,-17.780882,-15.592666,29.389746,-16.900932,-18.912653,4.01368,4.23616741253197,2.13073599134341
3.79,29.663366,-17.780882,-15.592666,28.935692,-20.810698,-25.302143,6.20182,6.54560099021073,4.84936297176457
3.80,29.663366,-17.780882,-15.592666,27.283247,-17.862297,-22.909641,5.41277,5.71281215381661,4.32128762259248
3.81,29.663366,-17.780882,-15.592666,28.287352,-18.004406,-22.289125,5.3797,5.67790900849052,3.74416082826364
3.82,29.663366,-17.780882,-15.592666,28.416956,-18.794264,-22.234827,5.22463,5.51424312564452,3.59156969391471
3.83,29.663366,-17.780882,-15.592666,31.936319,-21.592922,-21.160688,6.15051,6.49144676019313,3.59674803414348
3.84,29.663366,-17.780882,-15.592666,30.457928,-18.034014,-23.709879,6.39795,6.7526029222581,4.32751737119502
3.85,29.663366,-17.780882,-15.592666,28.653053,-15.846234,-22.425413,5.76739,6.08708954708964,4.28880003211419
3.86,29.663366,-17.780882,-15.592666,28.863426,-16.463339,-22.02471,5.78449,6.10513743898792,3.87682372550798
3.87,29.663366,-17.780882,-15.592666,30.064074,-16.640171,-20.914446,5.3569,5.65384515262614,3.24233205018026
3.88,29.663366,-17.780882,-15.592666,30.707293,-17.498272,-20.17761,5.25656,5.54794307817739,2.7368069656014
3.89,76.586235,-3.394574,88.365326,76.552238,-8.469414,86.667297,2.3819,2.51393413523497,2.80554084189945
3.90,76.586235,-3.394574,88.365326,76.81208,-2.356892,94.343094,1.24138,1.31019251723329,1.34488652338753
3.91,76.586235,-3.394574,88.365326,77.036835,-6.361817,91.917915,1.96466,2.07356557291689,1.68493192970442
3.92,76.586235,-3.394574,88.365326,76.484764,-7.172309,91.384369,2.10862,2.22550560319038,2.02736304703986
3.93,76.586235,-3.394574,88.365326,76.979691,-6.569124,92.230064,2.13017,2.24825016871131,1.79163275372607
3.94,76.586235,-3.394574,88.365326,76.922485,-2.86438,86.567047,0.987069,1.0417844800085,0.507862916569509
3.95,76.586235,-3.394574,88.365326,77.270073,-2.082521,88.683907,0.82931,0.875280539775688,0.871226271362972
3.96,76.586235,-3.394574,88.365326,76.810875,-3.994799,85.743958,1.44655,1.52673555704444,0.674073331640683
3.97,76.586235,-3.394574,88.365326,76.245697,-5.949123,86.884087,1.71336,1.80833544227137,1.4718604185717
3.98,76.586235,-3.394574,88.365326,76.485977,-7.310255,82.863777,2.18017,2.30102178244898,2.56074313412164
3.99,76.586235,-3.394574,88.365326,76.30619,-0.78623,91.265755,1.58319,1.67094982306673,1.56810423364725
3.100,76.586235,-3.394574,88.365326,76.322678,-2.543353,90.208984,0.693534,0.731978167238779,0.640658566920221
3.101,76.586235,-3.394574,88.365326,76.633553,-0.461002,87.400345,1.61681,1.70643345614394,1.608116031903
3.102,76.586235,-3.394574,88.365326,76.75769,-3.576742,83.140755,1.16034,1.22466028568728,1.10076134547137
3.103,76.586235,-3.394574,88.365326,77.039238,-4.653747,82.49292,1.48836,1.57086318045187,1.50039572690872
3.104,76.586235,-3.394574,88.365326,76.538261,-3.085625,89.840164,0.82931,0.875280539775688,0.353315324943171
3.105,76.586235,-3.394574,88.365326,75.964798,0.450802,90.415497,1.92414,2.03079945714388,2.19370323625446
3.106,76.586235,-3.394574,88.365326,75.793457,0.706813,90.989815,1.79052,1.88977259659134,2.37747785944139
3.107,76.586235,-3.394574,88.365326,76.101166,-2.943627,83.508659,0.822414,0.868002278808989,1.069718998762
3.108,76.586235,-3.394574,88.365326,76.546768,-1.71407,89.060661,0.7625,0.804767109499418,0.934088847380458
3.109,76.586235,-3.394574,88.365326,76.446426,-3.121561,87.777634,0.70819,0.747446582657564,0.207919541086255
3.110,76.586235,-3.394574,88.365326,75.589851,-1.965028,88.493591,0.755603,0.797487793100444,1.06108692987206
3.111,76.586235,-3.394574,88.365326,76.450081,3.510471,94.145355,2.45345,2.58945031449357,3.90838852066371
3.112,76.586235,-3.394574,88.365326,76.988121,-0.536318,84.885696,1.4556,1.53628721913095,1.71780528372005
3.113,76.586235,-3.394574,88.365326,75.948799,-2.245929,88.97496,0.450862,0.475854306259838,0.791567784535875
3.114,76.586235,-3.394574,88.365326,76.76857,-3.830051,87.983215,1.07241,1.13185612576822,0.287042967083524
3.115,76.586235,-3.394574,88.365326,76.569237,-2.010834,89.610184,0.923276,0.97445528890516,0.808019478770971
3.116,76.586235,-3.394574,88.365326,76.660835,-2.971736,88.89138,0.748276,0.789754640823327,0.26600537956064
3.117,76.586235,-3.394574,88.365326,75.276176,-1.997579,89.086548,0.859483,0.907126097801821,1.22874114992481
3.118,76.586235,-3.394574,88.365326,76.677795,-3.380409,86.644958,0.772414,0.815230665071323,0.355349683164797
3.119,47.858109,-38.116409,-21.61812,49.017159,-34.02663,-26.304356,4.92065,5.193412822765,3.55604759593054
3.120,47.858109,-38.116409,-21.61812,50.300049,-40.439922,-22.519751,3.83781,4.0505485383711,2.57571904556771
3.121,47.858109,-38.116409,-21.61812,48.048923,-45.089535,-18.538054,4.89382,5.16509557483337,3.63506200581134
3.122,47.858109,-38.116409,-21.61812,53.407207,-47.744591,-15.812126,6.82614,7.20452846798473,7.87084779938646
3.123,47.858109,-38.116409,-21.61812,49.634087,-47.444359,-12.549209,7.2042,7.60354519377798,7.26215723408868
3.124,47.858109,-38.116409,-21.61812,48.385792,-30.939484,-31.000774,5.87631,6.20204723045577,6.24819172800826
3.125,47.858109,-38.116409,-21.61812,48.023544,-38.743229,-24.494772,3.56593,3.76359761151116,1.35788338784508
3.126,47.858109,-38.116409,-21.61812,46.644775,-36.511414,-27.130316,5.24854,5.53947851133387,3.23449837086912
3.127,47.858109,-38.116409,-21.61812,45.170517,-34.077999,-29.504404,5.81564,6.13801415434649,5.35240116453429
3.128,47.858109,-38.116409,-21.61812,43.244469,-31.786913,-31.679604,6.49708,6.8572279236544,7.61795414504871
3.129,47.858109,-38.116409,-21.61812,43.1866,-33.936687,-30.632812,5.94749,6.27717289977271,6.83267691188316
3.130,47.858109,-38.116409,-21.61812,40.880394,-37.678425,-24.978354,5.45158,5.75377348039979,6.77435945834009
3.131,47.858109,-38.116409,-21.61812,48.925953,-34.88229,-27.318941,5.58343,5.89293222582601,3.68233414644582
3.132,47.858109,-38.116409,-21.61812,52.597481,-33.751492,-27.481869,6.4049,6.75993817656763,6.16260572172613
3.133,47.858109,-38.116409,-21.61812,49.960976,-34.471241,-27.454325,5.91715,6.2451510845567,4.25701199241142
3.134,47.858109,-38.116409,-21.61812,46.844337,-39.818005,-22.342255,1.45508,1.53573839434808,1.17196206478861
3.135,47.858109,-38.116409,-21.61812,45.54092,-32.031162,-19.562046,4.14236,4.37198043764722,3.25674759275359
3.136,47.858109,-38.116409,-21.61812,48.003231,-30.85498,-20.307447,4.31272,4.5517838799742,2.89279851583161
3.137,47.858109,-38.116409,-21.61812,45.962532,-29.525188,-23.647736,5.31389,5.608451010489,4.5873810308938
3.138,47.858109,-38.116409,-21.61812,44.52124,-32.887341,-20.353342,3.46441,3.6564501269782,3.7984869715311
3.139,47.858109,-38.116409,-21.61812,42.550022,-31.916967,-22.34507,4.84597,5.11459314048642,5.76186140587375
3.140,47.858109,-38.116409,-21.61812,47.618614,-41.049709,-20.775898,3.15519,3.33008935897898,1.41247363190091
3.141,47.858109,-38.116409,-21.61812,50.505371,-39.576664,-21.55298,3.76196,3.97049400033106,2.70792862316872
3.142,47.858109,-38.116409,-21.61812,47.957474,-44.697945,-16.513851,6.24504,6.59121677312557,4.38127018177247
3.143,47.858109,-38.116409,-21.61812,51.262524,-42.663998,-17.124809,6.1902,6.53333686717809,4.87891887816217
3.144,47.858109,-38.116409,-21.61812,46.514572,-43.532093,-16.652491,6.12252,6.46190521082279,4.18682970551244
3.145,47.858109,-38.116409,-21.61812,50.302418,-45.60273,-17.140932,5.96733,6.29811267610382,5.00478262816082
3.146,47.858109,-38.116409,-21.61812,50.081539,-41.412773,-15.67382,6.16453,6.50624392068518,4.4904231010127
3.147,47.858109,-38.116409,-21.61812,55.548111,-32.422401,-24.242056,6.50292,6.86339164813896,8.24969606583292
3.148,29.404896,8.760221,-38.928978,26.882402,13.318522,-43.484776,2.56587,2.70810201082134,2.53018197110874
3.149,29.404896,8.760221,-38.928978,28.300611,9.892959,-39.956184,2.04644,2.15987882434622,0.951081126460847
3.150,29.404896,8.760221,-38.928978,28.556295,11.605214,-42.510571,2.11069,2.22769034799912,1.17294961305908
3.151,29.404896,8.760221,-38.928978,28.268776,14.967535,-46.187386,2.38229,2.51434575382212,2.30011559475457
3.152,29.404896,8.760221,-38.928978,28.819439,8.535285,-38.790409,2.0567,2.17070755948518,0.460910527343002
3.153,29.404896,8.760221,-38.928978,29.495569,10.766896,-42.541412,1.9487,2.05672087381182,0.869397152284897
3.154,29.404896,8.760221,-38.928978,27.682259,4.266837,-34.517494,1.87635,1.98036034873342,2.195144069978
3.155,29.404896,8.760221,-38.928978,27.449245,7.645107,-38.960178,1.473,1.55465174071166,1.69886358678036
3.156,29.404896,8.760221,-38.928978,28.348282,4.264446,-35.055851,1.85529,1.95813294502711,2.05424355995212
3.157,29.404896,8.760221,-38.928978,28.595572,7.211959,-36.70414,1.9865,2.0966162137975,0.831484155610221
3.158,29.404896,8.760221,-38.928978,28.356216,12.657312,-43.856812,2.30076,2.42829636046148,1.55676977087141
3.159,29.404896,8.760221,-38.928978,28.239552,10.573407,-41.638794,2.11663,2.23395961571115,1.10552318534723
3.160,29.404896,8.760221,-38.928978,28.258154,11.50812,-41.789227,2.4406,2.57588800976299,1.32145623837868
3.161,29.404896,8.760221,-38.928978,28.824617,3.319963,-34.785561,1.7419,1.83845747939283,2.50360057873049
3.162,29.404896,8.760221,-38.928978,29.475451,12.966719,-45.160393,2.36069,2.49154841668745,1.5077227725757
3.163,29.404896,8.760221,-38.928978,29.938681,9.471891,-41.351395,2.12689,2.24478835085012,0.887305110170597
3.164,29.404896,8.760221,-38.928978,30.448284,13.029512,-46.844555,2.69006,2.83917614502296,2.04982634311048
3.165,29.404896,8.760221,-38.928978,34.188221,6.307898,-38.37011,2.63985,2.78618289050759,4.08810617759116
3.166,29.404896,8.760221,-38.928978,31.052937,9.63992,-42.513908,2.38553,2.51776535439232,1.78023746515983
3.167,29.404896,8.760221,-38.928978,31.0952,9.396107,-40.53981,2.02538,2.13765142063991,1.38797251017405
3.168,29.404896,8.760221,-38.928978,32.623802,4.662545,-34.327713,2.46436,2.60096508061113,2.93487113681445
3.169,29.404896,8.760221,-38.928978,27.858782,9.717718,-38.808945,2.19222,2.31373974135976,1.39464560574422
3.170,29.404896,8.760221,-38.928978,29.189354,7.389401,-32.391411,3.57505,3.77322315385691,2.60081520451784
3.171,29.404896,8.760221,-38.928978,27.928995,8.821101,-34.57885,3.27052,3.45181236322628,2.57401458483475
3.172,29.404896,8.760221,-38.928978,27.695889,14.502809,-42.821709,2.82883,2.98563848179048,2.84897200527777
3.173,29.404896,8.760221,-38.928978,29.329056,8.896725,-39.394382,1.88769,1.99232895072912,0.164077007070288
3.174,29.404896,8.760221,-38.928978,26.057425,9.337479,-35.133762,3.86879,4.08324583024296,3.4571965065901
3.175,29.404896,8.760221,-38.928978,25.620501,4.66767,-29.028551,3.65443,3.85700336782683,4.07165670172843
3.176,29.404896,8.760221,-38.928978,28.585106,9.269267,-41.365337,2.09179,2.20774267800628,1.09409460131487
3.177,29.404896,8.760221,-38.928978,28.247526,8.651392,-41.9328,1.71706,1.81224054168796,1.77030462779733
3.178,32.936481,59.465057,-0.028572,32.746727,60.125694,3.060681,1.71901,1.81429863462373,1.44101493144136
3.179,32.936481,59.465057,-0.028572,34.036976,59.847973,2.767086,2.18945,2.31081619395869,1.56890047960457
3.180,32.936481,59.465057,-0.028572,33.531048,61.778255,-1.684946,1.85569,1.95855511793702,1.07711054585521
3.181,32.936481,59.465057,-0.028572,35.093071,62.860939,-3.244256,2.88303,3.04284291108211,2.42624248479779
3.182,32.936481,59.465057,-0.028572,32.447105,60.62175,0.192366,0.359186,0.379096497039551,0.51057909665252
3.183,32.936481,59.465057,-0.028572,33.439686,66.672356,-4.109601,3.12015,3.29310701207162,2.58264976226793
3.184,32.936481,59.465057,-0.028572,34.567482,63.967304,5.532771,3.35855,3.54472206637281,3.05236093773135
3.185,32.936481,59.465057,-0.028572,35.089085,62.422443,1.565142,2.63128,2.77713783591296,2.04762794465676
3.186,32.936481,59.465057,-0.028572,32.823242,59.564415,1.884654,0.972664,1.02658097809068,0.887480458207496
3.187,32.936481,59.465057,-0.028572,31.775017,61.082279,-1.006556,1.67514,1.7679968207303,1.11265888835439
3.188,32.936481,59.465057,-0.028572,31.591951,51.509239,3.541886,3.45645,3.64804888607116,3.09270799724129
3.189,32.936481,59.465057,-0.028572,33.759045,65.799271,-3.942443,3.24984,3.42998602378438,2.44528089686227
3.190,32.936481,59.465057,-0.028572,31.811462,52.566177,-0.339155,3.2314,3.41052385263793,2.16039054101243
3.191,32.936481,59.465057,-0.028572,32.262413,52.163685,4.374779,3.29943,3.4823249102894,3.08324093727209
3.192,32.936481,59.465057,-0.028572,34.303627,68.698059,-7.513859,4.04132,4.26533956060615,4.04370005307239
3.193,32.936481,59.465057,-0.028572,34.198547,63.099815,-2.427738,2.71392,2.86435875909857,1.75714386245453
3.194,32.936481,59.465057,-0.028572,32.028976,59.363575,0.183424,1.0445,1.10239901097986,0.730403951448167
3.195,32.936481,59.465057,-0.028572,31.628677,53.279896,-5.008774,4.00381,4.22575029598015,3.14156607031872
3.196,32.936481,59.465057,-0.028572,31.2262,51.449486,2.7128,3.54545,3.74198235852421,3.00067790040748
3.197,32.936481,59.465057,-0.028572,31.020012,56.068981,1.182794,2.81182,2.96768557879692,1.87844050165192
3.198,32.936481,59.465057,-0.028572,35.214363,63.038635,-0.935915,2.7349,2.8865017282229,2.12027095744974
3.199,32.936481,59.465057,-0.028572,34.67915,61.439972,-2.826487,2.88557,3.04552370905998,1.95816011632887
3.200,32.936481,59.465057,-0.028572,33.435429,61.913399,1.551996,1.89574,2.00082518054089,1.04797943296758
3.201,32.936481,59.465057,-0.028572,32.293667,58.748772,-3.651752,2.94342,3.10658046615446,1.74443304549219
3.202,32.936481,59.465057,-0.028572,32.37162,63.420448,0.121786,1.92371,2.03034562126574,1.14545203404972
3.203,32.936481,59.465057,-0.028572,34.276886,62.521255,-0.220492,2.13922,2.25780183079783,1.35912600995572
3.204,32.936481,59.465057,-0.028572,32.641399,59.011467,-1.347765,1.98729,2.09745000529456,0.661850002560288
3.205,32.936481,59.465057,-0.028572,33.586128,65.063057,-2.968935,2.93961,3.10255926918765,2.01144667067549
3.206,32.936481,59.465057,-0.028572,34.084724,60.99276,1.408724,1.97203,2.08134410878182,1.20622241561437
3.207,32.936481,59.465057,-0.028572,32.38718,59.814613,4.296834,1.90718,2.01289932576407,2.05362628430412
3.208,31.967999,8.018895,30.25559,30.652374,10.580029,30.29673,2.4946,2.63288135259967,2.25956972677479
3.209,31.967999,8.018895,30.25559,32.037994,8.234765,30.500162,0.151303,0.159690069467004,0.179286132120219
3.210,31.967999,8.018895,30.25559,30.460339,7.175619,29.245165,0.913541,0.964180655710436,1.36923806334402
3.211,31.967999,8.018895,30.25559,30.037085,6.90895,29.704403,2.50604,2.64495549782285,1.73466765938698
3.212,31.967999,8.018895,30.25559,30.39275,15.84525,27.081135,4.43865,4.68469446633389,6.94994660490742
3.213,31.967999,8.018895,30.25559,30.669104,14.281133,28.919001,4.35474,4.59613314415934,5.23446359004943
3.214,31.967999,8.018895,30.25559,31.381989,9.833368,32.073612,1.95105,2.05920113965749,1.4397067536527
3.215,31.967999,8.018895,30.25559,29.904137,9.454279,30.957916,1.67705,1.77001269637508,1.93344111848988
3.216,31.967999,8.018895,30.25559,30.496466,14.111893,27.062773,4.06675,4.29217920335312,5.70259718792603
3.217,31.967999,8.018895,30.25559,29.852226,5.838539,29.881506,3.12842,3.30183543698383,2.38986591932562
3.218,31.967999,8.018895,30.25559,29.695782,5.41423,28.161142,2.80992,2.96568025747489,2.73013146860644
3.219,31.967999,8.018895,30.25559,29.432638,5.08382,28.986504,2.90083,3.06162960557272,3.03767606441202
3.220,31.967999,8.018895,30.25559,29.482996,5.22953,28.660017,3.13477,3.30853743192851,2.92596229591235
3.221,31.967999,8.018895,30.25559,29.384697,5.376747,29.246151,2.7953,2.950249837618,2.88860900276711
3.222,31.967999,8.018895,30.25559,29.600901,8.152907,28.498665,2.37508,2.50673608712115,2.03478896255892
3.223,31.967999,8.018895,30.25559,33.636864,10.701116,34.407143,2.83916,2.99654109718868,2.57708439674217
3.224,31.967999,8.018895,30.25559,32.17514,7.011658,29.21987,1.33376,1.40769335077501,0.817772913109195
3.225,31.967999,8.018895,30.25559,31.697386,6.751941,28.788509,1.33376,1.40769335077501,1.05809892255914
3.226,31.967999,8.018895,30.25559,29.807636,5.547863,28.407846,2.81055,2.96634517980799,2.58149363773877
3.227,31.967999,8.018895,30.25559,30.147293,5.873173,28.226507,2.54164,2.68252888680407,2.23769991670318
3.228,31.967999,8.018895,30.25559,29.16386,7.649838,28.719683,2.28099,2.40743046438961,2.28329071624484
3.229,31.967999,8.018895,30.25559,28.647835,7.13135,27.675697,2.61348,2.75835114142235,2.83332651106987
3.230,31.967999,8.018895,30.25559,28.749395,7.458208,28.503838,2.39161,2.52418238262282,2.61985634800435
3.231,31.967999,8.018895,30.25559,30.428982,11.115263,31.033375,2.95677,3.12067048702242,2.60637874541103
3.232,31.967999,8.018895,30.25559,29.518181,8.714901,29.538803,1.94342,2.05114819140113,2.0488841916371
3.233,31.967999,8.018895,30.25559,29.953466,10.394433,30.105791,2.65226,2.79928080503728,2.46921157641664
3.234,31.967999,8.018895,30.25559,29.196997,9.373292,27.644579,2.71329,2.86369383676548,2.88193715076549
3.235,31.967999,8.018895,30.25559,31.29841,12.445005,32.744076,3.31723,3.50111160478001,3.1830723218052
3.236,31.967999,8.018895,30.25559,31.244856,11.561033,30.363499,2.94406,3.1072559428103,2.80939935944217
3.237,39.193775,-23.298607,-22.621935,35.441479,-37.497227,-18.419092,5.77519,6.09532191883271,8.19455810949674
3.238,39.193775,-23.298607,-22.621935,39.049934,-33.36417,-23.142429,4.14175,4.37133662395963,4.61535764941263
3.239,39.193775,-23.298607,-22.621935,34.923092,-32.998077,-22.503328,4.12514,4.35380589387597,5.82776293583914
3.240,39.193775,-23.298607,-22.621935,41.200222,-35.130127,-23.335802,5.58693,5.89662623878765,5.6084879250665
3.241,39.193775,-23.298607,-22.621935,35.222298,-25.313684,-27.114658,4.20819,4.44145954429424,3.9222938419246
3.242,39.193775,-23.298607,-22.621935,33.970387,-33.272705,-25.277349,4.51938,4.76989951387473,6.16257029782909
3.243,39.193775,-23.298607,-22.621935,37.162651,-30.306139,-19.254686,4.96124,5.23625281879724,4.68779812410558
3.244,39.193775,-23.298607,-22.621935,33.154942,-25.68021,-27.693289,5.16279,5.44897519377377,5.53191450620057
3.245,39.193775,-23.298607,-22.621935,39.381012,-22.822107,-23.428616,2.20266,2.32475845430818,0.559631086417409
3.246,39.193775,-23.298607,-22.621935,41.047153,-26.06106,-24.810497,4.00997,4.23225175879263,2.15578470208678
3.247,39.193775,-23.298607,-22.621935,41.058342,-24.492168,-25.305843,4.48726,4.73599902920965,2.05201069237894
3.248,39.193775,-23.298607,-22.621935,34.223312,-32.505058,-21.907965,5.77519,6.09532191883271,6.13681401899229
3.249,39.193775,-23.298607,-22.621935,34.886951,-20.37685,-29.077808,6.42193,6.77791218820668,5.22895240878359
3.250,39.193775,-23.298607,-22.621935,38.234413,-27.905821,-27.901453,5.09967,5.38235630859134,2.81062350864888
3.251,39.193775,-23.298607,-22.621935,33.805233,-26.878416,-27.245758,4.58472,4.83886145870711,5.05926616295957
3.252,39.193775,-23.298607,-22.621935,34.250114,-29.397421,-26.18058,3.8804,4.09549939895284,5.0145120235249
3.253,39.193775,-23.298607,-22.621935,40.32008,-33.034077,-22.779619,5.57697,5.88611413333111,4.64376459850033
3.254,39.193775,-23.298607,-22.621935,37.667774,-27.559353,-20.589432,3.77519,3.98445736932604,2.97540363824954
3.255,39.193775,-23.298607,-22.621935,41.339821,-31.919241,-25.799681,5.89922,6.22622718387037,4.21455248350708
3.256,39.193775,-23.298607,-22.621935,39.161304,-23.505135,-23.861826,3.08084,3.25161796935106,0.583737929191645
3.257,39.193775,-23.298607,-22.621935,38.033787,-36.840473,-22.179806,5.95792,6.28818105839839,6.3236711575623
3.258,39.193775,-23.298607,-22.621935,41.632664,-33.818851,-22.387058,6.20819,6.55232409380091,5.40040494879401
3.259,39.193775,-23.298607,-22.621935,40.351231,-33.302864,-24.382563,5.22702,5.51676560878118,4.53053364522264
3.260,39.193775,-23.298607,-22.621935,37.442833,-28.983971,-20.47036,4.23256,4.46718042882998,3.66708672436795
3.261,39.193775,-23.298607,-22.621935,39.750065,-36.939445,-23.386818,6.33555,6.68674394831349,6.06934826289819
3.262,39.193775,-23.298607,-22.621935,39.763451,-41.032864,-21.682096,6.68328,7.05374941321347,8.00086773407673
3.263,39.193775,-23.298607,-22.621935,37.62981,-21.147163,-25.369637,4.97342,5.24910798390373,2.40942403708668
3.264,39.193775,-23.298607,-22.621935,39.121948,-21.395094,-22.684248,3.89812,4.11420165886147,1.0065735538494
3.265,39.193775,-23.298607,-22.621935,36.689003,-19.948847,-26.094618,5.02658,5.30521476362962,3.50878237861095
3.266,39.193775,-23.298607,-22.621935,36.2677,-20.231119,-27.463577,5.27464,5.56702529370493,4.04037757885001
3.267,42.509014,-36.088692,28.069487,42.584908,-35.670116,27.755423,0.134071,0.141502860508454,0.185420615277879
3.268,42.509014,-36.088692,28.069487,43.010815,-25.833988,27.32135,3.9059,4.12241292195905,4.46443000938272
3.269,42.509014,-36.088692,28.069487,42.212658,-37.362057,27.33584,1.12792,1.19044317133978,0.765595484865183
3.270,42.509014,-36.088692,28.069487,43.694641,-37.759624,29.053797,1.55351,1.63962459315205,1.26142286536695
3.271,42.509014,-36.088692,28.069487,40.486897,-36.406399,20.288202,3.71771,3.92379112217322,4.15933737557191
3.272,42.509014,-36.088692,28.069487,38.131622,-37.655788,18.659786,3.84563,4.05880201875967,6.13891353470769
3.273,42.509014,-36.088692,28.069487,37.935596,-29.874653,24.678434,3.51107,3.70569659691819,4.74556942806211
3.274,42.509014,-36.088692,28.069487,41.690563,-34.220695,32.305408,2.49508,2.63338796009155,2.42359925389467
3.275,42.509014,-36.088692,28.069487,42.724045,-39.588669,26.15707,2.36347,2.49448251841126,1.91911712790718
3.276,42.509014,-36.088692,28.069487,41.604454,-40.287621,26.989491,2.47909,2.61651159801824,2.07344180382308
3.277,42.509014,-36.088692,28.069487,40.039833,-36.936199,29.815702,1.76138,1.85901730010503,2.32225669765506
3.278,42.509014,-36.088692,28.069487,42.797878,-40.142277,28.383886,1.77921,1.87783565756388,1.56991643531864
3.279,42.509014,-36.088692,28.069487,41.41568,-36.42675,31.286089,1.88745,1.99207564698318,1.69028454237703
3.280,42.509014,-36.088692,28.069487,40.96069,-34.027534,31.195215,2.33702,2.46656633474404,2.36948191432145
3.281,42.509014,-36.088692,28.069487,41.187496,-34.052883,23.739414,2.31365,2.44190088248305,2.20461905019439
3.282,42.509014,-36.088692,28.069487,41.111031,-32.593712,23.649725,2.35424,2.48474087851529,2.36866270199228
3.283,42.509014,-36.088692,28.069487,42.330647,-36.457554,30.827663,1.58057,1.66818459050688,1.17975057334219
3.284,42.509014,-36.088692,28.069487,42.192692,-36.644005,31.485291,1.89729,2.00246110056675,1.45685762312023
3.285,42.509014,-36.088692,28.069487,41.262173,-38.383968,28.257666,1.27245,1.34298479800988,1.4342132012203
3.286,42.509014,-36.088692,28.069487,39.850323,-38.309994,28.034187,2.19557,2.31727543948018,2.54134070903195
3.287,42.509014,-36.088692,28.069487,41.115814,-36.81398,30.847513,1.61931,1.70907203683082,1.69718305616131
3.288,42.509014,-36.088692,28.069487,38.536976,-27.674797,26.390278,3.39852,3.5869076943947,4.92432337118994
3.289,42.509014,-36.088692,28.069487,39.289257,-27.773003,26.199383,3.26199,3.44280952592263,4.43436317738239
3.290,42.509014,-36.088692,28.069487,39.946899,-35.342857,26.06983,1.99139,2.10177727762104,2.44235310266545
3.291,42.509014,-36.088692,28.069487,41.155663,-38.53426,30.836607,1.22202,1.28975934839407,1.71554261717376
3.292,42.509014,-36.088692,28.069487,38.714825,-36.66267,27.618382,2.83518,2.99234047673516,3.38619532574512
3.293,42.509014,-36.088692,28.069487,37.70929,-30.655577,26.680725,3.4059,3.59469678458238,4.73853110218022
3.294,42.509014,-36.088692,28.069487,43.130104,-42.459721,28.846647,2.83948,2.9968788355166,2.41700293748761
3.295,42.509014,-36.088692,28.069487,43.840298,-35.298527,33.653774,2.85363,3.01181320220436,2.86985658855532
3.296,42.509014,-36.088692,28.069487,41.962856,-35.087582,32.898968,2.23862,2.36271179890831,2.37807051935298
3.297,51.274021,4.979618,-43.476879,49.487617,6.808735,-43.856709,1.62047,1.71029633826954,2.12507175830057
3.298,51.274021,4.979618,-43.476879,47.614758,4.835011,-43.035583,2.01144,2.12293869472985,3.6568927355303
3.299,51.274021,4.979618,-43.476879,51.386497,5.868516,-43.504185,0.792753,0.836697102107531,0.628396963770192
3.300,51.274021,4.979618,-43.476879,49.837574,6.735552,-45.821995,1.61856,1.70828046262476,1.54096197080297
3.301,51.274021,4.979618,-43.476879,48.141376,5.678396,-42.099323,1.67133,1.76397562376349,3.30167180457504
3.302,51.274021,4.979618,-43.476879,51.36816,5.686188,-44.800594,0.87349,0.921909537674291,0.259123863335108
3.303,51.274021,4.979618,-43.476879,52.596375,4.526365,-42.729744,1.4787,1.56066770467776,1.31540507792421
3.304,51.274021,4.979618,-43.476879,48.669441,7.044069,-43.54488,1.7794,1.87803618969608,2.97421402640258
3.305,51.274021,4.979618,-43.476879,50.087494,2.797336,-45.918327,2.56389,2.70601225491733,2.67299826188531
3.306,51.274021,4.979618,-43.476879,50.26215,3.585742,-44.933136,2.10553,2.22224431746139,1.81704204602289
3.307,51.274021,4.979618,-43.476879,48.706745,10.667136,-46.139469,2.74253,2.89455467647926,3.9487106830739
3.308,51.274021,4.979618,-43.476879,52.773937,9.652517,-42.134148,3.04196,3.21058276250865,4.15013988238403
3.309,51.274021,4.979618,-43.476879,51.218796,10.381395,-43.04221,2.89193,3.05223625832741,4.01391245197442
3.310,51.274021,4.979618,-43.476879,49.928673,2.626021,-46.580517,2.815,2.97104185343064,3.05528915787021
3.311,51.274021,4.979618,-43.476879,47.599327,6.004631,-43.850941,1.75715,1.85455282158282,3.71777005692401
3.312,51.274021,4.979618,-43.476879,47.085812,8.394641,-47.920204,2.64272,2.78921198113613,4.31727107656481
3.313,51.274021,4.979618,-43.476879,47.801918,9.817924,-46.870266,2.48951,2.62750920232118,4.09855929956157
3.314,51.274021,4.979618,-43.476879,50.763168,-2.78625,-41.302952,3.17737,3.353498846833,4.77143467647703
3.315,51.274021,4.979618,-43.476879,49.228176,12.074956,-44.992264,3.14749,3.32196253046337,4.85950708865001
3.316,51.274021,4.979618,-43.476879,49.539745,-2.925848,-41.633514,3.11697,3.2897507374379,5.22637419779108
3.317,51.274021,4.979618,-43.476879,52.280899,-4.435671,-39.094254,3.30006,3.48298983262249,5.41265806823354
3.318,51.274021,4.979618,-43.476879,49.449986,12.857674,-46.942852,2.72219,2.87308718401078,4.57371407048634
3.319,51.274021,4.979618,-43.476879,47.217575,14.091667,-48.160061,3.24857,3.42864562479544,6.11135660820402
3.320,51.274021,4.979618,-43.476879,49.787121,-3.70793,-41.693127,3.32041,3.50446787941372,5.677361079193
3.321,51.274021,4.979618,-43.476879,50.589958,-11.128003,-38.972099,4.01716,4.23984031684811,9.81101413858735
3.322,51.274021,4.979618,-43.476879,52.213875,-12.267968,-37.702171,3.95677,4.17610276177575,10.3611130266986
3.323,51.274021,4.979618,-43.476879,50.183846,-4.953394,-40.920509,3.32613,3.51050495202531,6.21992662682829
3.324,51.274021,4.979618,-43.476879,48.67815,-5.826309,-39.628811,3.60648,3.80639539025241,6.91287900069542
3.325,51.274021,4.979618,-43.476879,47.111946,16.51083,-41.57497,4.43865,4.68469446633389,9.90985710218348
3.326,51.274021,4.979618,-43.476879,51.433445,4.992126,-43.405804,0.706929,0.7461156825591,0.162803872260774
3.327,39.389496,53.20533,48.202713,41.271694,56.862949,49.495842,1.74893,1.84587716828435,2.03508798703842
3.328,39.389496,53.20533,48.202713,40.206669,52.271858,45.747578,0.902244,0.952257437302548,1.14465830445126
3.329,39.389496,53.20533,48.202713,38.145824,47.712948,43.752853,2.16186,2.28169681749824,2.05369591413267
3.330,39.389496,53.20533,48.202713,41.309738,46.057655,45.40419,3.04594,3.21478338296217,2.96333038453942
3.331,39.389496,53.20533,48.202713,39.176693,51.809235,45.153866,0.700321,0.73914138608753,1.08794654610046
3.332,39.389496,53.20533,48.202713,39.625908,52.377514,45.809921,0.980769,1.03513525667755,0.909153812295197
3.333,39.389496,53.20533,48.202713,39.898655,49.026104,36.958412,2.42468,2.55908552794892,4.37785998324694
3.334,39.389496,53.20533,48.202713,37.420963,49.695381,42.909187,2.08494,2.20051296692422,2.45401869302311
3.335,39.389496,53.20533,48.202713,39.75676,49.526592,46.888882,2.02511,2.13736645392573,1.28216239418817
3.336,39.389496,53.20533,48.202713,39.891991,51.455307,44.241413,1.28419,1.35537557291549,1.47878607230612
3.337,39.389496,53.20533,48.202713,42.177322,56.033863,47.491283,1.94444,2.05222473232137,2.85440123137432
3.338,39.389496,53.20533,48.202713,38.480938,51.390205,42.520279,1.27511,1.34579224786073,2.31693024124754
3.339,39.389496,53.20533,48.202713,42.490768,58.888783,50.504391,2.27564,2.40178390171968,3.27052184737445
3.340,39.389496,53.20533,48.202713,39.993404,56.393772,44.101151,2.38782,2.52018229430151,2.99151337661156
3.341,39.389496,53.20533,48.202713,39.221088,47.333183,36.197395,2.50107,2.63970999941732,4.44639856293631
3.342,39.389496,53.20533,48.202713,41.271694,55.456726,44.373333,2.03045,2.14300246227291,2.99912367191676
3.343,39.389496,53.20533,48.202713,40.888432,55.105396,45.552685,1.79968,1.89944035622808,2.27302259329874
3.344,39.389496,53.20533,48.202713,42.495331,57.244884,50.876068,2.25588,2.38092855997055,3.00730204877458
3.345,39.389496,53.20533,48.202713,39.506264,54.590816,45.595554,1.48611,1.56848845783368,1.65088321648722
3.346,39.389496,53.20533,48.202713,39.458939,48.772919,44.889263,2.06838,2.1830350084543,1.37898516852582
3.347,39.389496,53.20533,48.202713,41.624832,57.30653,42.911888,2.80769,2.96332664350219,4.27136689372997
3.348,39.389496,53.20533,48.202713,39.227913,53.296749,47.999577,0.441239,0.465697881479887,0.186466280551107
3.349,45.507931,64.962479,46.997776,43.715076,64.365334,52.617779,1.97329,2.08267395344801,3.11752185583851
3.350,45.507931,64.962479,46.997776,44.004036,64.187721,52.327145,1.89373,1.99870376166863,2.91420539164972
3.351,45.507931,64.962479,46.997776,45.713535,62.35067,44.266609,0.68583,0.72384711699408,0.922322325758574
3.352,45.507931,64.962479,46.997776,47.149803,63.699024,47.469856,2.15331,2.2726728715491,1.7029912693429199
3.353,45.507931,64.962479,46.997776,42.675724,67.54039,49.218002,2.47445,2.61161439226339,2.74647233529439
3.354,45.507931,64.962479,46.997776,43.407082,66.13961,45.896454,1.96167,2.07040983041537,2.14157845868275
3.355,45.507931,64.962479,46.997776,46.712318,64.371681,59.294109,3.3223,3.506462646413,5.54559300072059
3.356,45.507931,64.962479,46.997776,43.47776,68.170952,45.272499,2.41463,2.54847843358764,2.57485912253457
3.357,45.507931,64.962479,46.997776,43.703403,67.666115,41.613331,2.63124,2.77709561862197,3.55584903794524
3.358,45.507931,64.962479,46.997776,44.670025,65.577446,51.020626,1.48026,1.56231417902637,1.80641655168473
3.359,45.507931,64.962479,46.997776,48.398338,60.706757,51.334465,3.0302,3.19817087895756,4.28911457999108
3.360,45.507931,64.962479,46.997776,46.881199,55.858082,31.319647,3.53368,3.72955992065036,6.02592705616504
3.361,45.507931,64.962479,46.997776,45.874317,66.283432,54.42939,1.91405,2.02015014549162,2.93163966752822
3.362,45.507931,64.962479,46.997776,43.943283,68.000961,55.820118,1.65389,1.74556888489179,3.45878859475429
3.363,45.507931,64.962479,46.997776,44.529762,67.438286,50.447983,1.04065,1.09833559672206,1.43787692803472
3.364,45.507931,64.962479,46.997776,45.677994,66.536354,59.14349,2.59582,2.7397122074502,4.79751120183073
3.365,45.507931,64.962479,46.997776,41.387257,59.507904,33.496967,3.91173,4.12856609212086,6.5048744601373
3.366,45.507931,64.962479,46.997776,41.053547,63.627651,38.289074,3.69454,3.89933675636719,5.52754029545006
3.367,45.507931,64.962479,46.997776,44.084854,62.172565,41.23296,2.0993,2.21566897438968,2.48270215974745
3.368,45.507931,64.962479,46.997776,44.565243,61.991272,41.19635,2.19164,2.3131275906404,2.26400025054848
3.369,45.507931,64.962479,46.997776,43.439499,61.562645,40.134434,2.89431,3.05474818714132,3.16029801026238
3.370,45.507931,64.962479,46.997776,46.362431,65.826706,56.740395,2.53426,2.67473979661639,4.06722894882706
3.371,45.507931,64.962479,46.997776,45.028355,66.421402,48.19437,0.990708,1.04562519805633,0.612806435388367
3.372,45.507931,64.962479,46.997776,43.287426,66.027946,42.663445,2.64925,2.79610395389027,3.04550902547894
3.373,45.507931,64.962479,46.997776,43.476292,66.184494,54.00663,1.86063,1.9637689533743,3.3523941759858
3.374,45.507931,64.962479,46.997776,42.927025,68.256241,52.260963,1.97735,2.08695900848351,2.95009764071629
3.375,45.507931,64.962479,46.997776,43.921555,67.480804,48.661602,1.60221,1.69102414493254,1.63028484279148
3.376,45.507931,64.962479,46.997776,44.677094,66.87307,43.977867,1.58072,1.66834290534809,2.02940523773482
3.377,45.507931,64.962479,46.997776,45.859364,65.590607,39.724129,2.08827,2.20402755639915,3.47076132582787
3.378,45.507931,64.962479,46.997776,44.996208,66.091095,38.496197,2.67305,2.8212232420294,4.1659195768759
3.379,52.495605,42.108311,56.62326,51.653553,42.396881,57.569874,1.34604,1.42065405910898,0.882669725041532
3.380,52.495605,42.108311,56.62326,52.012005,47.866936,55.420757,3.1305,3.30403073611532,3.18841639087995
3.381,52.495605,42.108311,56.62326,52.503368,46.407009,59.994904,2.011,2.12247430452896,1.47553667730725
3.382,52.495605,42.108311,56.62326,52.908978,45.185326,56.35733,1.90029,2.00562739739102,1.63998086205897
3.383,52.495605,42.108311,56.62326,53.333683,44.536827,58.967484,1.36877,1.44464403471412,1.17708206760211
3.384,52.495605,42.108311,56.62326,53.581738,43.331532,60.182163,1.62243,1.71236498552805,1.50629869437203
3.385,52.495605,42.108311,56.62326,54.888515,36.419331,61.309155,4.06378,4.28904456949711,4.97215297831304
3.386,52.495605,42.108311,56.62326,51.183079,48.307823,54.223644,3.4934,3.6870471086233,3.97575182172001
3.387,52.495605,42.108311,56.62326,50.382801,48.905453,54.2663,4.06378,4.28904456949711,4.53074774287305
3.388,52.495605,42.108311,56.62326,50.08511,49.151268,53.637241,4.06378,4.28904456949711,4.96265776436526
3.389,52.495605,42.108311,56.62326,51.192299,37.241016,55.79314,3.93842,4.15673557953403,2.62067497032652
3.390,52.495605,42.108311,56.62326,52.418999,46.931866,57.201618,2.71554,2.86606855938367,2.18382677314073
3.391,52.495605,42.108311,56.62326,52.534397,45.620438,55.116268,2.18109,2.30199278014175,2.20247694599553
3.392,52.495605,42.108311,56.62326,52.815716,36.051586,55.460335,3.67742,3.88126775582341,2.84689380771158
3.393,52.495605,42.108311,56.62326,51.986126,36.857933,53.991417,3.54472,3.74121189296364,2.16153160709561
3.394,52.495605,42.108311,56.62326,49.753441,49.10236,53.162384,4.44868,4.69528045204967,5.25692334936104
3.395,52.495605,42.108311,56.62326,47.139362,33.415012,50.135544,5.2346,5.52476578542381,6.31085886636667
3.396,52.495605,42.108311,56.62326,51.854164,40.490696,54.537426,2.3629,2.49388092201465,0.901179621041073
3.397,52.495605,42.108311,56.62326,51.903854,44.436043,51.392216,2.57331,2.7159544269455,3.16368439665635
3.398,52.495605,42.108311,56.62326,51.815723,37.976288,52.76247,3.55205,3.74894821153758,1.65559775540762
3.399,52.495605,42.108311,56.62326,51.027096,40.209427,53.043381,3.10411,3.27617787838457,1.79449658255
3.400,52.495605,42.108311,56.62326,51.067604,45.325802,55.683323,2.60191,2.74613979000345,2.34498036708671
3.401,52.495605,42.108311,56.62326,50.950573,43.568226,50.865322,2.65176,2.7987530888999,3.34272548794741
3.402,52.495605,42.108311,56.62326,51.505451,45.829876,54.742523,2.54472,2.68577961821031,2.62030617139915
3.403,52.495605,42.108311,56.62326,50.963341,42.975834,54.136055,2.00733,2.11860086808061,2.04000138852285
3.404,52.495605,42.108311,56.62326,52.178074,45.892696,57.328838,2.18109,2.30199278014175,1.68786713361154
3.405,52.495605,42.108311,56.62326,51.093044,47.697235,56.109749,2.99413,3.1601014368072,3.1760301691398
3.406,52.495605,42.108311,56.62326,50.291763,36.992039,48.593033,2.10191,2.21842365262678,3.27767696209675
3.407,61.055126,-45.734715,42.335033,57.96484,-41.877796,40.662785,1.528,1.6127005158231,3.00679651380053
3.408,61.055126,-45.734715,42.335033,61.311028,-49.321018,45.948193,1.208,1.27496218790203,1.31978055875091
3.409,61.055126,-45.734715,42.335033,59.984383,-46.378208,40.976887,1.38362,1.46031720399421,1.13546456926782
3.410,61.055126,-45.734715,42.335033,60.127399,-43.665443,41.178658,1.48838,1.57088428909737,1.04653925516803
3.411,61.055126,-45.734715,42.335033,61.223007,-43.474201,40.692692,1.15657,1.22068130601146,0.770344602552466
3.412,61.055126,-45.734715,42.335033,61.502934,-37.958839,42.500706,2.10286,2.2194263132878,2.98692042234191
3.413,61.055126,-45.734715,42.335033,60.263618,-45.941494,44.143803,0.822095,0.867665595913343,0.93424401994921
3.414,61.055126,-45.734715,42.335033,60.000599,-47.065796,43.559586,1.01676,1.0731213196782,1.03391545498256
3.415,61.055126,-45.734715,42.335033,61.096291,-44.095966,42.330196,0.595429,0.628434983924104,0.590819379924792
3.416,61.055126,-45.734715,42.335033,60.319042,-50.963055,43.6563,1.38667,1.46353627243221,1.74711500054741
3.417,61.055126,-45.734715,42.335033,60.384193,-48.59222,45.447365,1.17029,1.23516183682108,1.23649867045459
3.418,61.055126,-45.734715,42.335033,61.208172,-47.662426,47.135994,1.5181,1.60225173630304,1.52468311214604
3.419,61.055126,-45.734715,42.335033,60.416286,-40.206097,42.805386,1.8,1.899778094556,2.21005129340984
3.420,61.055126,-45.734715,42.335033,60.241245,-35.966057,39.754967,2.16305,2.2829527819052,3.45828556702441
3.421,61.055126,-45.734715,42.335033,61.854744,-45.65617,43.730659,1.08305,1.1430859251716,0.867051776003336
3.422,61.055126,-45.734715,42.335033,59.942005,-41.429283,40.714573,1.62095,1.71080294576142,1.7046792276241
3.423,61.055126,-45.734715,42.335033,60.233189,-41.547916,42.529816,1.57181,1.65893900378004,1.72829153164241
3.424,61.055126,-45.734715,42.335033,60.709194,-42.264088,43.153709,1.42286,1.50173236645553,1.46827872055631
3.425,61.055126,-45.734715,42.335033,61.773972,-41.394691,41.527081,1.60648,1.69553084074574,1.60043861546499
3.426,61.055126,-45.734715,42.335033,60.600277,-37.059731,36.112762,2.25257,2.37743507914112,3.06759364277836
3.427,61.055126,-45.734715,42.335033,60.193775,-36.209175,35.835716,2.42171,2.5559508940929,3.40852638215476
3.428,61.055126,-45.734715,42.335033,60.856575,-35.926231,33.642517,2.37105,2.50248269505389,3.74072151377393
3.429,61.055126,-45.734715,42.335033,60.751614,-46.25647,42.957279,0.133333,0.140723951489686,0.340454534953727
3.430,61.055126,-45.734715,42.335033,61.872765,-45.421665,42.623882,0.737905,0.77880875270186,0.729272051784196
3.431,61.055126,-45.734715,42.335033,60.054607,-43.856297,44.534817,1.36876,1.44463348039137,1.54838858073568
3.432,61.055126,-45.734715,42.335033,60.678234,-44.09074,45.839687,1.432,1.51137901744678,1.67767939860682
3.433,61.055126,-45.734715,42.335033,60.296703,-47.257076,44.551552,0.972952,1.02688494258581,0.981086527480526
3.434,61.055126,-45.734715,42.335033,60.569229,-41.537636,40.97982,1.48533,1.56766522065937,1.43819729227129
3.435,61.055126,-45.734715,42.335033,61.16713,-50.533611,45.001839,1.42971,1.50896207753759,1.46756140058996
3.436,61.055126,-45.734715,42.335033,61.374523,-49.53334,45.32156,1.23657,1.30511588799173,1.27219315576674
3.437,40.730438,-44.325455,36.707211,42.784332,-47.420757,30.458687,3.52638,3.72185526504467,3.66381150313565
3.438,40.730438,-44.325455,36.707211,40.709415,-44.393471,36.918831,0.359186,0.379096497039551,0.0777034679965016
3.439,40.730438,-44.325455,36.707211,40.257679,-41.063408,32.393398,2.30006,2.42755755786916,1.68296755031285
3.440,40.730438,-44.325455,36.707211,40.415054,-44.597343,36.705975,1.00318,1.05878854938705,0.296466418878129
3.441,40.730438,-44.325455,36.707211,42.003094,-46.029144,35.932163,2.02734,2.13972006789843,1.39066196133724
3.442,40.730438,-44.325455,36.707211,42.806908,-42.821793,36.116009,1.78703,1.88608913795245,1.93656804240079
3.443,40.730438,-44.325455,36.707211,39.798565,-50.654053,35.483139,3.22823,3.40717813232696,2.57601190440874
3.444,40.730438,-44.325455,36.707211,42.512051,-50.407799,40.654697,2.5302,2.67045474158089,2.52693780076129
3.445,40.730438,-44.325455,36.707211,39.294361,-41.697605,36.060558,2.06993,2.18467092848017,1.54162792937512
3.446,40.730438,-44.325455,36.707211,42.736111,-43.461781,38.655361,1.88938,1.99411263127346,2.04125120006139
3.447,40.730438,-44.325455,36.707211,38.915691,-41.45977,35.932613,2.64971,2.79658945273666,1.85923275229174
3.448,40.730438,-44.325455,36.707211,42.215729,-39.244118,34.194447,1.87985,1.98405436169506,2.1715612287287
3.449,40.730438,-44.325455,36.707211,40.219841,-49.803082,38.855095,2.42975,2.56443656958192,1.75997894297661
3.450,40.730438,-44.325455,36.707211,42.0201,-28.270096,35.056091,4.04132,4.26533956060615,6.4056029133432
3.451,40.730438,-44.325455,36.707211,43.34362,-47.628445,36.651356,1.93134,2.03839856952211,2.64345757043222
3.452,40.730438,-44.325455,36.707211,39.570362,-39.550499,22.830112,4.43865,4.68469446633389,5.57203156076151
3.453,40.730438,-44.325455,36.707211,42.072601,-50.099953,33.986824,3.12842,3.30183543698383,2.91992065020661
3.454,40.730438,-44.325455,36.707211,40.102718,-43.61573,36.740635,2.0,2.11086454950667,0.61508236938751
3.455,40.730438,-44.325455,36.707211,40.8466,-44.562592,36.565002,1.43039,1.50967977148442,0.159634742155801
3.456,40.730438,-44.325455,36.707211,40.473846,-42.773716,37.404255,1.80737,1.90755663042093,0.768826791994311
3.457,40.730438,-44.325455,36.707211,40.082874,-43.851112,36.143818,2.25683,2.38193122063157,0.610682611943427
3.458,40.730438,-44.325455,36.707211,38.924316,-38.626827,34.504135,2.59313,2.73687309463112,2.49149514899018
3.459,40.730438,-44.325455,36.707211,39.651119,-32.973083,28.439819,3.56707,3.76480080430438,4.41162724215089
3.460,40.730438,-44.325455,36.707211,39.027603,-43.137337,36.106113,2.30451,2.43225423149181,1.5451035592488
3.461,40.730438,-44.325455,36.707211,39.453861,-43.376148,34.77681,2.63636,2.7824994318687,1.31854164052598
3.462,40.730438,-44.325455,36.707211,41.862019,-44.218002,38.174213,0.708837,0.74812944733933,1.17418417118286
3.463,40.730438,-44.325455,36.707211,40.306953,-43.700146,36.567772,0.359186,0.379096497039551,0.429174346657901
3.464,40.730438,-44.325455,36.707211,39.355556,-49.878231,34.38678,3.12587,3.29914408468321,2.75579371176414
3.465,40.730438,-44.325455,36.707211,38.811977,-47.918301,30.039106,3.64463,3.84666013153425,3.83188097633969
3.466,40.730438,-44.325455,36.707211,40.638138,-45.927883,28.611588,3.56961,3.76748160228225,3.60485826839787
3.467,66.627518,-1.538718,3.45059,66.572609,-1.701256,4.312947,0.846612,0.89354162899347,0.751645342065952
3.468,66.627518,-1.538718,3.45059,67.116165,-0.845155,2.434649,1.88997,1.99473533631556,1.32596845681528
3.469,66.627518,-1.538718,3.45059,66.421242,-2.200861,4.794585,1.87425,1.97814394095644,1.37496373546852
3.470,66.627518,-1.538718,3.45059,66.167717,-3.153082,3.696544,2.57453,2.7172420543207,2.11373025036933
3.471,66.627518,-1.538718,3.45059,66.235474,-1.748199,3.392227,1.33767,1.41182009096929,0.430756289747068
3.472,66.627518,-1.538718,3.45059,66.194679,0.258635,0.387968,3.5458,3.74235175982038,3.77598480697116
3.473,66.627518,-1.538718,3.45059,66.094437,-1.084501,1.788674,2.49919,2.63772578674079,1.63187336349487
3.474,66.627518,-1.538718,3.45059,66.622185,-1.780723,3.600453,0.915989,0.966764353919033,0.339377177156074
3.475,66.627518,-1.538718,3.45059,67.064919,-1.275448,3.165702,2.16585,2.28590799227451,0.547559195488068
3.476,66.627518,-1.538718,3.45059,66.666367,-2.818829,6.820164,3.22222,3.40083498435569,3.04479419206735
3.477,66.627518,-1.538718,3.45059,66.425835,-1.953219,4.207624,1.17669,1.2419166033795,0.82720151145167
3.478,66.627518,-1.538718,3.45059,66.708221,-1.530576,3.61918,1.71328,1.80825100768939,0.161575414091489
3.479,66.627518,-1.538718,3.45059,65.598129,-0.861753,2.458165,2.56423,2.70637110189074,1.49142758121525
3.480,66.627518,-1.538718,3.45059,66.765228,-0.889762,2.203487,2.64444,2.79102732464871,1.37950885757285
3.481,66.627518,-1.538718,3.45059,67.027954,-1.380901,3.205375,1.71165,1.80653065308155,0.433299955779215
3.482,66.627518,-1.538718,3.45059,66.119904,-1.590144,3.606747,0.528997,0.55832050704769,0.435761428852314
3.483,66.627518,-1.538718,3.45059,66.19622,-1.453828,4.144401,1.02168,1.07831404646999,0.71043833912021
3.484,66.627518,-1.538718,3.45059,66.348412,-1.716219,3.972345,0.889431,0.938734183566133,0.538269673244847
3.485,66.627518,-1.538718,3.45059,66.408218,-1.423517,4.127861,1.05474,1.11320663747333,0.643035937492025
3.486,66.627518,-1.538718,3.45059,65.99086,0.428235,0.125481,1.71328,1.80825100768939,4.17660785982174
3.487,66.627518,-1.538718,3.45059,66.166168,0.258545,0.387836,3.27642,3.45803941364732,3.77819138400037
3.488,66.627518,-1.538718,3.45059,66.243164,-1.920004,4.089114,1.12141,1.18357230723114,0.776827626725239
3.489,55.034206,51.75491,36.871132,55.660751,52.007656,36.460705,0.698816,0.737552960514027,0.653504928689428
3.490,55.034206,51.75491,36.871132,54.522171,58.660797,40.776623,3.52876,3.72436719385858,2.06338849276926
3.491,55.034206,51.75491,36.871132,55.56945,57.498413,39.943329,3.00338,3.16986418534867,1.75059508138797
3.492,55.034206,51.75491,36.871132,54.938179,53.683582,29.526073,4.19882,4.4315701438798,4.22410978381845
3.493,55.034206,51.75491,36.871132,56.731815,53.955208,31.381927,3.85195,4.06547235073611,3.71889877506926
3.494,55.034206,51.75491,36.871132,54.636021,56.267078,32.722988,3.87648,4.09136210443581,3.43716059180143
3.495,55.034206,51.75491,36.871132,56.860432,54.200413,35.843819,2.93993,3.10289700751557,2.16867430941834
3.496,55.034206,51.75491,36.871132,55.621216,53.889507,29.907492,4.17428,4.40566983585735,4.12136104579699
3.497,55.034206,51.75491,36.871132,56.017639,53.333477,28.064312,4.55161,4.80391609609003,4.96902058579856
3.498,55.034206,51.75491,36.871132,55.136143,54.861347,30.394226,4.10491,4.33245449895771,4.10667592589763
3.499,55.034206,51.75491,36.871132,55.247013,54.311447,28.775682,4.71066,4.97178259938954,4.76917524798417
3.500,55.034206,51.75491,36.871132,54.811813,54.549908,29.154848,4.65651,4.91463094171165,4.64138461029479
3.501,55.034206,51.75491,36.871132,56.717056,53.670815,31.070621,3.96193,4.18154879231348,3.78270279006124
3.502,55.034206,51.75491,36.871132,55.19162,54.794655,29.947798,4.50677,4.75659051289009,4.31003718074207
3.503,55.034206,51.75491,36.871132,56.508842,50.441677,38.220478,2.51184,2.65107700501642,1.76245799764099
3.504,55.034206,51.75491,36.871132,58.649887,47.744171,34.751858,4.18782,4.41996038885751,3.55709065389265
3.505,55.034206,51.75491,36.871132,56.24564,51.813969,44.428993,4.74196,5.00481762958932,3.81431665943878
3.506,55.034206,51.75491,36.871132,55.199833,53.735607,45.106838,4.34518,4.5860432116127,3.47920699808399
3.507,55.034206,51.75491,36.871132,55.380013,51.232723,35.751068,1.19882,1.26527331961979,0.560190397383055
3.508,55.034206,51.75491,36.871132,53.92606,51.968121,34.864212,2.43486,2.56982982850591,1.49971884946513
3.509,55.034206,51.75491,36.871132,54.118134,51.505188,35.972713,1.41709,1.4956425222302,0.957393391501969
3.510,55.034206,51.75491,36.871132,55.054821,51.792553,36.904892,0.630288,0.66522629758973,0.0236839409927403
3.511,55.034206,51.75491,36.871132,54.983643,53.066681,37.365479,1.48308,1.56529049804118,0.407769737353059
3.512,55.034206,51.75491,36.871132,55.739693,54.249378,43.89484,4.21658,4.45031462107942,2.9009643260843
3.513,55.034206,51.75491,36.871132,55.837624,57.456684,41.648609,3.09222,3.26362878863776,2.01611028208929
3.514,55.034206,51.75491,36.871132,57.032524,55.218678,37.564484,2.70135,2.85109197540492,2.19252176817759
3.515,55.034206,51.75491,36.871132,54.890587,56.560257,36.059475,2.99831,3.16451314371567,2.12503565706151
3.516,55.034206,51.75491,36.871132,56.066761,55.583523,35.005344,3.03299,3.20111553500412,2.38966480805062
3.517,55.034206,51.75491,36.871132,55.551159,56.168198,36.342747,2.61844,2.76358608550512,1.9385493160648
3.518,55.034206,51.75491,36.871132,56.339222,55.371418,34.991112,2.91794,3.07968805179375,2.4439825017658
3.519,38.298019,0.294544,0.205786,34.469627,-0.079072,-1.057111,4.65591,4.9139976823468,3.48230679013087
3.520,38.298019,0.294544,0.205786,33.524685,-0.301369,-1.043497,5.14409,5.42923861023588,4.25149903891515
3.521,38.298019,0.294544,0.205786,35.063156,0.147781,-0.635292,4.20323,4.43622460021146,2.85201355410673
3.522,38.298019,0.294544,0.205786,35.265884,0.50525,1.79956,4.13333,4.3624498842062,2.98776709681343
3.523,38.298019,0.294544,0.205786,34.354977,-0.450014,-2.028741,5.5172,5.8230309462691,4.0872869254685
3.524,38.298019,0.294544,0.205786,35.337055,-0.225735,-2.545105,5.68495,6.00007971035897,3.69720257750705
3.525,38.298019,0.294544,0.205786,34.632511,-1.360838,-1.782767,4.5914,4.84591174630246,4.33563532684716
3.526,38.298019,0.294544,0.205786,36.818005,0.055201,-0.223113,1.48602,1.56839346892895,1.37548248784368
3.527,38.298019,0.294544,0.205786,36.345665,-0.871912,-2.068496,4.45376,4.70064204800541,3.22097666301322
3.528,38.298019,0.294544,0.205786,36.009312,-0.178491,-1.611046,4.07527,4.30117148633402,2.71169717750239
3.529,38.298019,0.294544,0.205786,36.288639,0.316602,-2.196318,4.94946,5.22381982660064,2.86047912695238
3.530,38.298019,0.294544,0.205786,35.208408,-0.800012,-3.895722,6.70968,7.08161282526696,4.85517199135719
3.531,38.298019,0.294544,0.205786,36.892502,0.545046,-2.616418,5.26882,5.56088267786587,2.9461040992955
3.532,38.298019,0.294544,0.205786,31.416723,0.689391,-4.383622,5.52473,5.83097835129799,7.05351569624777
3.533,38.298019,0.294544,0.205786,36.957512,0.602719,-2.995191,5.47957,5.78331502977013,3.24131255077198
3.534,38.298019,0.294544,0.205786,35.441475,0.292468,-2.57559,4.99462,5.2714831481285,3.57418053851465
3.535,38.298019,0.294544,0.205786,36.548061,0.86257,-2.409523,5.14301,5.42809874337915,2.99133135905787
3.536,38.298019,0.294544,0.205786,36.5028,0.517209,-3.702915,5.48065,5.78445489662686,3.94035972779068
3.537,38.298019,0.294544,0.205786,36.925953,-0.825342,-2.774334,5.20108,5.48938769557408,3.45215598122399
3.538,38.298019,0.294544,0.205786,38.280365,-0.037357,0.325072,1.19892,1.26537886284727,0.50958054665932
3.539,38.298019,0.294544,0.205786,34.776199,0.390112,1.790549,4.19247,4.42486814893511,3.3257509673375
3.540,38.298019,0.294544,0.205786,32.400509,-0.896283,-3.752385,6.52366,6.88528131351734,6.3305982043416
3.541,38.298019,0.294544,0.205786,33.064331,0.923234,-0.913352,5.62366,5.93539226623934,4.56607354025943
3.542,38.298019,0.294544,0.205786,33.838768,0.043181,-2.257201,5.90215,6.2293196004354,4.4200684917688
3.543,38.298019,0.294544,0.205786,36.728329,-0.924989,1.513166,3.85699,4.07079172940087,2.55376819527632
3.544,38.298019,0.294544,0.205786,35.953468,1.028856,-3.410898,5.72796,6.04547385249611,4.01877816305446
3.545,38.298019,0.294544,0.205786,37.570049,-0.568221,-0.267383,2.96774,3.13224857907646,1.49799698983487
3.546,38.298019,0.294544,0.205786,36.818005,-1.649999,0.374717,3.96559,4.18541167443908,3.08032068943232
3.547,38.298019,0.294544,0.205786,35.226261,-0.303823,-1.808395,5.18925,5.47690193176374,3.3552413282651
3.548,38.298019,0.294544,0.205786,39.024166,-0.116553,0.219428,1.86667,1.97014376431381,0.877395818146333
4.1,49.140011,-0.809856,0.430055,49.311226,-0.438431,1.422339,1.201506,1.26810821070978,1.11676425044051
4.2,49.699966,0.130085,0.779994,49.784233,0.090873,1.827392,1.25739,1.3270899879521,0.995735932622898
4.3,49.660042,-0.250223,0.360053,49.38129,-0.464036,1.301046,1.154936,1.21895672967452,0.993201546570376
4.4,49.330006,0.039961,0.489911,49.354378,-0.50242,1.315409,1.21082,1.27793850691683,1.11754381912407
4.5,49.430061,0.099855,0.360004,49.296097,-0.859472,0.496034,1.527496,1.61216857795662,1.41625494013652
4.6,54.799984,37.720024,7.109985,54.403339,40.99556,7.49056,1.005912,1.06167199036168,1.2445389039035
4.7,54.829967,37.799973,7.12991,54.496532,39.519398,7.746418,0.74512,0.786423696564205,0.74533895818274
4.8,54.02,38.919899,6.27998,54.294842,41.013386,7.382777,0.69855,0.737272215528942,0.944468799493878
4.9,54.040054,38.969696,6.330107,54.356804,39.604393,7.72303,0.679922,0.717611623114837,0.86338801197488
4.10,53.739994,44.410114,6.279933,53.985176,42.968098,7.610081,0.521584,0.550496587594944,0.988293933133765
4.11,43.300003,34.659824,20.019878,43.59446,36.881409,21.068375,0.856888,0.904387251048836,0.911015410660414
4.12,43.870068,35.629742,21.290045,44.072601,37.127289,22.695574,1.126994,1.18946584105336,0.769554419490261
4.13,43.449951,38.100449,20.989811,43.626087,37.972427,23.039627,0.987284,1.04201139794757,1.24802879487183
4.14,43.449951,37.830349,21.080032,43.449951,36.518063,22.284998,0.763748,0.80608428897831,1.13414083245038
4.15,43.990017,39.070026,20.989996,43.743225,37.410538,21.277056,0.717178,0.756932807943047,0.848273568325352
4.16,58.949974,23.460032,27.410065,59.180817,25.609293,28.302149,0.88483,0.933878139669993,1.11084200395698
4.17,61.620037,23.599766,29.090139,61.464283,26.036238,30.662054,1.005912,1.06167199036168,1.20131747331494
4.18,60.82,30.469955,31.400021,61.197262,32.096458,32.906292,0.707864,0.747102511735995,0.807562055810884
4.19,59.27,25.559849,28.179935,59.943539,25.754641,30.022139,0.959342,1.01252050932641,1.12232234454833
4.20,60.030045,26.809946,29.780022,60.137901,25.353319,30.122326,0.801004,0.84540547380652,0.992507644245318
4.21,80.169975,7.680023,29.28001,79.978317,8.936858,29.966816,0.828946,0.874896362427678,0.957695299354448
4.22,79.730011,7.97999,29.099958,79.428146,9.028553,30.885044,0.903458,0.953538732084099,0.965897015123594
4.23,79.340027,7.879983,29.980099,79.139259,8.538363,31.475266,0.735806,0.776593400357152,0.711137832330953
4.24,79.580002,7.989916,29.169987,79.127937,8.516293,31.499508,1.126994,1.18946584105336,1.04082928746332
4.25,80.850021,7.709878,28.580017,81.021675,6.761721,28.993362,0.754434,0.796253992771258,0.867158711660073
4.26,85.62999,-6.880021,44.009979,85.407852,-5.048718,44.927666,1.173564,1.23861732208862,1.35377537091856
4.27,86.470016,-7.010156,45.370049,86.879654,-6.120996,47.56802,0.735806,0.776593400357152,1.06987525069938
4.28,86.750015,-6.710108,46.240025,87.279526,-6.291,49.857285,0.9314,0.983029620705256,1.30644491615119
4.29,86.979988,-6.069949,47.359993,87.278404,-6.311615,49.833576,0.549526,0.579987476216101,0.800176378104161
4.30,87.090019,-6.380114,45.620094,87.212265,-7.994803,46.106678,0.950028,1.00269021311936,1.05221711259345
4.31,67.109993,-20.180033,24.969992,66.716438,-18.385767,25.152033,1.089738,1.15014465622515,1.11324481075687
4.32,66.679993,-15.309788,24.529993,66.489273,-13.897161,25.013622,0.987284,1.04201139794757,1.05291781671736
4.33,66.789978,-15.389912,24.52997,66.911255,-15.402593,26.467438,0.754434,0.796253992771258,0.976651790388822
4.34,66.56002,-14.27023,24.130102,66.811157,-15.424237,26.383797,0.83826,0.884726658634731,1.11793512836963
4.35,65.080032,-16.040257,23.43014,65.206474,-17.744812,24.73654,1.061796,1.12065376760399,1.01051065777822
4.36,60.82,-33.040077,16.030046,61.013481,-30.885271,16.11956,0.79169,0.835575177599468,0.9665199822629
4.37,60.780041,-30.080114,14.460136,60.753551,-28.78417,15.634058,1.11768,1.17963554484631,1.01430416216334
4.38,60.719978,-30.019915,14.490026,60.931545,-30.07572,15.841388,0.642666,0.678290438286627,0.768810131984921
4.39,60.769978,-30.01004,14.429927,60.946136,-30.784008,16.133543,0.707864,0.747102511735995,0.912335627653948
4.40,60.719978,-30.81978,14.779965,60.728817,-32.982998,16.050978,0.642666,0.678290438286627,0.976046034859943
4.41,55.469971,-32.089752,-0.060098,55.612289,-29.953671,0.424135,0.83826,0.884726658634731,0.977009900456795
4.42,55.309998,-32.089779,-0.100068,55.320225,-30.297216,1.435476,1.266704,1.33692028415915,1.29661938408026
4.43,55.330044,-32.0,-0.079938,55.207119,-32.267277,1.386697,0.847574,0.894556954841783,0.991564387010141
4.44,55.370003,-31.989914,-0.070078,55.318897,-32.9314,1.616213,0.959342,1.01252050932641,1.18102910116745
4.45,55.469971,-30.449732,0.209887,55.531033,-32.926296,0.238492,0.875516,0.924047843462941,1.03963541053434
4.46,53.499966,-18.739721,-8.330112,53.273022,-17.306429,-8.333839,0.875516,0.924047843462941,0.968405584705222
4.47,52.640022,-16.330187,-9.669969,52.761288,-14.669192,-9.037555,1.201506,1.26810821070978,1.16550724056603
4.48,52.629974,-16.349865,-9.680022,52.872139,-14.994094,-8.415019,1.25739,1.3270899879521,1.14288852673111
4.49,52.419998,-14.939863,-10.44998,52.652611,-14.659204,-9.036263,1.173564,1.23861732208862,0.961618046464243
4.50,52.529964,-14.999578,-10.520062,52.60743,-16.320673,-9.654822,1.182878,1.24844761829568,1.25918933394
4.51,60.970032,-18.410057,-26.639978,60.873306,-16.502714,-26.459892,0.996598,1.05184169415462,1.0552179023759
4.52,61.970024,-16.530125,-26.399975,61.867188,-14.856445,-24.903971,1.238762,1.30742939553799,1.04982720137854
4.53,60.750019,-17.809874,-28.519949,60.750019,-16.487335,-26.496967,1.061796,1.12065376760399,0.990977326934042
4.54,61.199966,-18.269806,-28.850046,60.901997,-18.391253,-26.663271,0.847574,0.894556954841783,1.00694738409216
4.55,60.950005,-17.330168,-28.070019,60.967571,-18.435513,-26.736938,1.07111,1.13048406381104,0.954273855911438
4.56,36.099941,-6.780036,-26.530033,36.138252,-5.129393,-26.395277,1.015226,1.07150228656873,1.2993016958498
4.57,36.47995,-6.410225,-29.550129,36.7244,-5.203378,-27.711805,0.959342,1.01252050932641,1.31271447941877
4.58,36.320019,-4.080234,-30.089994,36.052555,-4.205492,-27.91733,0.689236,0.72744191932189,0.798261878283881
4.59,33.480099,-1.550365,-28.259892,33.670628,-2.13169,-26.219049,0.735806,0.776593400357152,0.703830242496374
4.60,36.179943,-4.979801,-26.410086,36.29435,-6.567866,-26.312645,0.940714,0.992859916912309,1.24106819621035
4.61,47.080059,11.31986,-30.779877,47.158413,12.350817,-30.424925,1.126994,1.18946584105336,0.937921614878182
4.62,46.890015,10.069849,-30.880028,47.204163,10.844788,-29.599417,1.276018,1.3467505803662,1.32223106634143
4.63,46.77998,11.149974,-31.060022,47.082146,11.567209,-29.813774,1.052482,1.11082347139694,1.06143300951283
4.64,47.140015,11.269973,-30.820038,47.412903,10.491948,-28.995892,0.624038,0.658629845872522,0.809517123242999
4.65,47.140015,12.339876,-30.329971,47.205204,10.858968,-29.445404,0.79169,0.835575177599468,0.770280926888756
4.66,45.940025,13.010096,-10.899981,46.06184,14.646774,-10.607154,1.145622,1.20912643346747,1.32347449327716
4.67,46.000046,14.609716,-10.529899,46.013577,15.713557,-9.89452,0.847574,0.894556954841783,0.988705975826835
4.68,46.179951,16.480263,-11.470162,45.868881,15.789123,-9.878959,0.83826,0.884726658634731,1.05335904860543
4.69,46.199993,16.500267,-11.459942,45.929852,14.754106,-10.535502,0.940714,0.992859916912309,1.24323211854004
4.70,44.640045,12.699732,-12.679982,44.83749,11.331804,-12.118423,0.661294,0.697951030700732,1.0889062671025
4.71,52.730019,16.709738,-3.169944,53.047962,18.032227,-2.905269,0.856888,0.904387251048836,0.957161515414268
4.72,52.810001,16.669802,-3.220062,52.799011,17.238127,-2.28933,0.65198,0.688120734493679,0.753049876801887
4.73,53.330006,17.67981,-2.149913,53.340828,17.567802,-1.053871,0.661294,0.697951030700732,0.733156553386046
4.74,53.870049,18.209583,-1.659847,54.156631,17.054462,-0.875474,0.819632,0.865066066220625,0.945897226308685
4.75,53.059967,19.589966,-1.450114,53.353271,17.550825,-1.098279,0.950028,1.00269021311936,1.33002668856877
4.76,45.099937,36.750183,22.469835,46.181698,36.91983,22.239534,1.145622,1.20912643346747,1.05157489929332
4.77,43.600025,37.299789,22.570135,44.974243,37.176563,22.39678,1.359844,1.43522324622967,1.29024390106441
4.78,85.979988,-6.429916,45.730019,87.029762,-6.35292,45.572887,0.819632,0.865066066220625,0.683268694651537
4.79,85.310013,-6.220155,45.670074,87.171516,-5.994797,45.503944,1.061796,1.12065376760399,1.2185176705218
4.80,85.030022,-5.810035,45.76997,87.249275,-6.008614,45.565529,1.508868,1.59250798554252,1.45207014802838
4.81,54.930012,-32.429749,0.270046,56.019749,-32.491016,0.369239,0.97797,1.03218110174052,1.02700954890083
4.82,53.339966,-31.97987,-0.019988,54.843761,-32.081135,0.060787,1.369158,1.44505354243673,1.44559966821723
4.83,37.37991,-6.629993,-26.860109,38.330647,-6.845721,-27.053663,1.07111,1.13048406381104,0.834123469744188
4.84,36.859932,-6.639829,-26.840183,38.485317,-6.538599,-27.054052,1.35053,1.42539295002262,1.3884168477357
4.85,86.580002,-0.489999,-0.260012,88.61129,-0.545052,-0.230097,1.02454,1.08133258277578,1.30492210588253
4.86,88.439987,-0.489861,-0.399999,90.120468,-0.527674,-0.054545,0.959342,1.01252050932641,1.11493886238597
4.87,77.850014,-0.320116,-0.389929,79.349983,-0.283774,-0.428166,1.108366,1.16980524863925,1.05550478831861
4.88,77.709984,-0.329912,-0.360063,79.83017,-0.339759,-0.415828,1.201506,1.26810821070978,1.48742806972139
4.89,65.320007,-0.190133,0.050017,66.62851,-0.195206,0.009758,1.276018,1.3467505803662,1.0639641146358
4.90,67.12001,-0.220064,-0.059993,68.932762,-0.181803,0.036841,1.238762,1.30742939553799,1.44025501463295
4.91,60.529984,-0.269778,0.049917,62.002789,-0.243119,-0.014012,1.052482,1.11082347139694,1.27506047555442
4.92,60.050018,-0.280042,2.2e-05,61.791084,-0.290317,-0.077282,1.294646,1.36641117278031,1.51390497518088
4.93,53.139946,-0.230001,-0.080036,54.464062,-0.230903,-0.011544,1.480926,1.56301709692136,1.27876426623813
4.94,49.019993,-0.259981,-0.090002,50.66415,-0.268229,-0.125409,1.499554,1.58267768933546,1.64443895103636
4.95,39.310013,-0.119867,0.399979,40.557251,-0.126699,0.32472,1.11768,1.17963554484631,1.09855513120703
4.96,39.349953,-0.119531,0.370032,41.062656,-0.07392,0.343302,1.49024,1.57284739312841,1.51255586275003
4.97,29.090023,-0.019617,1.00996,30.091274,-0.00139,0.994154,0.810318,0.855235770013573,0.771382651028212
4.98,27.350077,0.109082,0.960334,29.079784,0.071702,0.961482,1.126994,1.18946584105336,1.31146239127316
4.99,60.26004,-0.290121,-0.089943,61.004269,-0.255718,-0.040134,0.65198,0.688120734493679,0.652685189521668
4.100,61.379997,-0.299871,-0.100025,62.451286,-0.302035,-0.06244,0.894144,0.943708435877046,0.918485312543731
4.101,60.999969,-0.269999,-0.07004,62.370724,-0.274796,-0.071283,1.201506,1.26810821070978,1.1779488471334
4.102,60.36002,-0.310067,-0.0499,62.078907,-0.283174,-0.077197,1.378472,1.45488383864378,1.48727789711999
4.103,60.460007,-0.239831,0.050053,63.133312,-0.252147,-0.026832,1.76966,1.86775627933999,2.29512472278671
4.104,46.260052,36.889938,22.139956,46.765984,36.977833,22.029522,0.55884,0.589817772423154,0.498827105259605
4.105,43.81995,37.200417,21.679749,44.566662,37.167774,21.584,0.83826,0.884726658634731,0.700351892324673
4.106,43.86005,36.959896,22.410271,44.775291,36.950111,22.187439,1.229448,1.29759909933094,0.867505507831591
4.107,43.990017,37.080006,23.210077,45.608574,36.694283,22.471897,1.341216,1.41556265381557,1.57250682058097
4.108,44.859974,36.539989,21.909847,46.673664,36.923515,22.141479,1.555438,1.64165946657778,1.74457849624982
4.109,86.06002,-6.510134,46.07003,86.660881,-6.757248,45.880108,0.502956,0.530835995180838,0.433655844322283
4.110,85.940002,-6.520092,45.909935,86.902222,-6.814412,46.087063,0.633352,0.668460142079574,0.653008822358796
4.111,85.480003,-6.330004,45.91003,86.772034,-6.72852,46.01907,0.707864,0.747102511735995,0.880016846155468
4.112,85.609985,-6.349862,45.950016,87.36837,-6.851581,46.277355,0.83826,0.884726658634731,1.18610243356276
4.113,85.349991,-6.309961,45.84,87.219841,-6.046001,45.76025,1.061796,1.12065376760399,1.226484587438
4.114,54.70998,-32.010151,-0.019989,55.164921,-31.733152,0.03008,0.819632,0.865066066220625,0.44777025960406
4.115,55.469971,-31.809582,0.229923,56.632538,-31.986355,0.242249,1.266704,1.33692028415915,1.08601080111556
4.116,53.739994,-31.780239,-0.039934,55.63501,-31.979239,-0.144019,1.49024,1.57284739312841,1.80653789299714
4.117,55.290039,-31.810183,0.120075,57.291088,-32.197414,0.297608,1.685834,1.77928361347651,1.86886070441783
4.118,55.420021,-31.67034,0.230093,57.577835,-31.70676,0.230432,1.788288,1.88741687175409,1.99746638810913
4.119,36.859932,-5.979856,-26.460176,37.846916,-6.226113,-26.679174,0.69855,0.737272215528942,0.866954852956804
4.120,37.330013,-6.130115,-26.699909,38.405811,-6.334813,-26.82785,0.847574,0.894556954841783,0.935370447475099
4.121,37.789974,-6.189986,-26.809978,38.865265,-6.263278,-26.997616,0.940714,0.992859916912309,0.929681610760621
4.122,37.340076,-6.220028,-26.649906,38.782001,-6.432776,-26.94982,1.099052,1.1599749524322,1.25406752381575
4.123,36.600014,-5.960459,-26.409985,38.223091,-6.297909,-26.829771,1.285332,1.35658087657325,1.4183218916183
4.124,90.010017,-0.500077,-0.269921,90.360725,-0.490996,-0.05947,0.409816,0.432533033110313,0.30243483182932
4.125,88.600014,-0.490001,-0.500009,90.127861,-0.486455,-0.296393,0.717178,0.756932807943047,0.983392855301492
4.126,86.979988,-0.469974,-0.480028,88.721519,-0.52341,-0.453002,0.79169,0.835575177599468,1.11667494213501
4.127,88.439987,-0.479877,-0.519994,90.222015,-0.51804,-0.176589,0.959342,1.01252050932641,1.17460899029584
4.128,87.069992,-0.469996,-0.50004,89.979553,-0.521263,-0.320616,1.21082,1.27793850691683,1.8584630176848
4.129,77.289986,-0.349845,-0.440057,77.960709,-0.313829,-0.521473,0.530898,0.560326883801996,0.485627098199279
4.130,80.000008,-0.359989,-0.469953,80.761749,-0.400043,-0.345038,0.65198,0.688120734493679,0.54251427053907
4.131,78.030022,-0.350098,-0.529925,79.541489,-0.314176,-0.570527,0.903458,0.953538732084099,1.06151247690429
4.132,77.979973,-0.339774,-0.490079,79.94165,-0.344478,-0.452632,1.043168,1.10099317518989,1.37295992761441
4.133,78.630005,-0.370145,-0.640013,80.782745,-0.366428,-0.414084,1.30396,1.37624146898736,1.51046494822556
4.134,65.610001,-0.200168,0.010009,66.750183,-0.28289,-0.098852,0.79169,0.835575177599468,0.938288353082784
4.135,66.989975,-0.229866,-0.040099,68.188835,-0.196661,-0.068898,0.940714,0.992859916912309,0.956426459473004
4.136,67.659988,-0.240068,-0.060064,69.321693,-0.203606,-0.005063,1.16425,1.22878702588157,1.31109930692737
4.137,65.48999,-0.209888,-0.030039,67.537895,-0.21926,-0.113833,1.266704,1.33692028415915,1.65489605257842
4.138,65.549965,-0.20967,-0.010013,67.980354,-0.256486,-0.065613,1.53681,1.62199887416367,1.95728979314304
4.139,49.929989,-0.319852,-0.180089,50.275303,-0.311486,0.016509,0.493642,0.521005698973786,0.396802020182443
4.140,49.369968,-0.309707,-0.110023,50.235119,-0.278417,-0.00208,0.801004,0.84540547380652,0.872855646405144
4.141,53.499966,-0.289639,-0.099991,54.872982,-0.291807,-0.031557,1.35053,1.42539295002262,1.318275421362
4.142,49.330006,-0.340078,0.059926,51.063438,-0.330236,-0.16081,1.53681,1.62199887416367,1.74706598753265
4.143,47.429981,-0.299898,0.120069,49.905563,-0.318253,-0.006174,1.81623,1.91690776037525,2.46487616611888
4.144,40.610065,-0.250334,0.340087,41.53648,-0.232463,0.269264,0.670608,0.707781326907784,0.830698839983701
4.145,39.459953,-0.239451,0.339969,40.42421,-0.216462,0.383057,0.88483,0.933878139669993,0.849192923558458
4.146,39.91996,-0.209517,0.309877,41.141003,-0.215513,0.28827,1.11768,1.17963554484631,1.08231103929466
4.147,40.370064,-0.190141,0.300135,42.101131,-0.262156,0.030803,1.508868,1.59250798554252,1.57611260771314
4.148,39.909977,-0.269585,0.340036,42.056862,-0.338895,0.218979,1.713776,1.80877450209767,1.92135913059938
4.149,27.739988,-0.349973,0.510098,29.085159,-0.327814,0.383867,0.726492,0.7667631041501,1.02923475383434
4.150,27.609879,-0.10988,0.359802,29.091045,-0.138606,0.275119,1.285332,1.35658087657325,1.1277112513271
4.151,28.199905,-0.079751,0.679877,30.088825,-0.175951,0.495833,1.471612,1.5531868007143,1.46474087229239
4.152,27.850124,-0.320967,0.36011,30.234594,-0.331255,0.517327,1.67652,1.76945331726946,1.83030294200132
4.153,30.109882,-0.149556,0.529805,32.548203,-0.01466,0.822291,1.853486,1.95622894520346,1.9478955307946
4.154,36.719906,-5.939304,-26.230083,36.962151,-4.772886,-25.839621,0.801004,0.84540547380652,1.00297221410345
4.155,36.799908,-6.019723,-26.060087,36.706425,-4.761831,-26.086067,0.968656,1.02235080553347,1.00305433757235
4.156,36.680004,-6.099828,-26.360064,36.810917,-4.520868,-26.251211,1.089738,1.15014465622515,1.27197483635949
4.157,36.659935,-6.049345,-26.390139,36.697433,-4.255842,-25.92441,1.387786,1.46471413485083,1.49759425248379
4.158,36.730015,-3.689751,-29.899895,36.655056,-3.903488,-27.743719,0.847574,0.894556954841783,0.744791736064488
4.159,36.700058,-3.810539,-29.879841,36.66256,-4.018754,-27.108236,1.080424,1.1403143600181,0.980658117547993
4.160,36.840004,-3.620138,-30.559977,36.59663,-3.904661,-27.153231,1.285332,1.35658087657325,1.20344529006021
4.161,37.160072,-5.450294,-28.459883,37.215248,-4.725401,-27.185823,0.819632,0.865066066220625,0.861395420450942
4.162,37.269943,-5.999435,-29.780085,37.104408,-5.268204,-28.410973,0.9314,0.983029620705256,0.873414774009173
4.163,37.109943,-5.840141,-29.290108,37.183628,-5.036078,-27.51824,1.061796,1.12065376760399,1.04424484139191
4.164,37.24004,-5.679979,-29.049982,37.258389,-4.782198,-27.048798,1.16425,1.22878702588157,1.18576032517716
4.165,34.290054,-0.330646,-28.629921,34.310619,-1.700607,-26.025595,1.145622,1.20912643346747,0.968826436001384
4.166,34.290054,-0.330646,-28.619833,34.372211,-2.171171,-25.444975,1.369158,1.44505354243673,1.29464043295808
4.167,34.2099,-0.479747,-28.020115,34.700409,-2.530093,-24.600765,1.49024,1.57284739312841,1.56860468840891
4.168,34.359901,-0.229995,-28.710108,34.665775,-2.507948,-24.56905,1.546124,1.63182917037073,1.7044625878408
4.169,35.209999,-2.500223,-27.780027,35.010822,-2.131342,-27.810368,0.773062,0.815914585185363,0.336983645898953
4.170,35.939976,-3.930017,-27.800022,35.413933,-2.704753,-27.551353,1.220134,1.28776880312389,1.12698317517046
4.171,36.050056,-3.589958,-27.839981,35.349293,-2.178814,-27.371384,1.331902,1.40573235760852,1.3833389767959
4.172,36.559929,-3.859511,-27.310108,35.444031,-2.555216,-27.649099,1.462298,1.54335650450725,1.36358308581224
4.173,37.730022,-5.990295,-28.649986,38.476555,-5.97243,-27.080017,0.903458,0.953538732084099,0.872153741855056
4.174,37.580017,-5.929792,-29.159918,38.418636,-6.023178,-27.350594,1.015226,1.07150228656873,0.970918174749285
4.175,37.560074,-5.82994,-29.269943,38.452,-5.958961,-27.185535,1.182878,1.24844761829568,1.07049127065791
4.176,37.280025,-6.140502,-29.72002,38.829117,-6.042231,-26.902132,1.508868,1.59250798554252,1.70263445809033
4.177,34.299927,-0.050022,-27.590059,33.780468,-0.139658,-26.612059,0.922086,0.973199324498204,0.575837006472754
4.178,34.359901,-0.149648,-28.00016,33.757782,-0.305353,-26.481668,1.015226,1.07150228656873,0.770299322581685
4.179,34.580097,-0.000349,-28.259882,33.77417,-0.246821,-26.434423,1.173564,1.23861732208862,0.951957253727812
4.180,49.860012,-0.500102,1.290051,50.063301,-0.313307,0.363834,1.11768,1.17963554484631,0.949695799079488
4.181,49.679951,-0.899978,0.50999,50.158894,-0.464924,1.024953,1.378472,1.45488383864378,0.938682575018774
4.182,50.069977,0.050231,1.79004,50.165195,0.087986,0.707375,1.322588,1.39590206140146,1.03161447191349
4.183,49.629978,-0.269678,0.589871,50.085823,0.089456,0.722925,1.015226,1.07150228656873,0.714629319945261
4.184,49.709969,-0.909688,0.500009,49.758137,-0.542145,1.335017,1.220134,1.28776880312389,0.971112627869323
4.185,49.770046,-0.010005,0.350083,50.1646,-0.330943,0.464167,1.005912,1.06167199036168,0.627328943906919
4.186,49.34,-0.150016,0.389927,49.787842,-0.543494,1.342018,1.639264,1.73013213244125,1.16120755089776
4.187,49.780025,-0.549916,1.290112,50.115002,0.035575,1.928979,1.508868,1.59250798554252,1.10820527233205
4.188,49.209953,-0.060044,0.419992,49.51442,-0.845938,0.557678,1.72309,1.81860479830472,1.18918766588179
4.189,49.709969,-0.06971,0.489855,49.734062,-0.556573,1.308726,1.322588,1.39590206140146,1.05176567823389
4.190,49.349995,-0.119898,0.430025,49.989426,0.038645,0.684599,0.940714,0.992859916912309,0.72568713089174
4.191,49.780025,-0.560347,1.260081,50.245674,0.077536,0.497614,1.53681,1.62199887416367,1.27168662531336
4.192,49.60001,-0.910139,0.549962,49.756809,-0.038518,0.349043,1.620636,1.71047154002715,1.28876909540913
4.193,49.60001,-0.269836,0.610008,50.056267,0.021687,1.815741,1.508868,1.59250798554252,1.30950123657408
4.194,49.629978,-0.870136,0.539896,50.617638,-1.493455,0.332522,1.67652,1.76945331726946,1.33183753593343
4.195,49.580051,-0.260413,0.530073,50.274353,-0.425916,0.8329,1.11768,1.17963554484631,0.790090560620792
4.196,49.419971,-0.099809,0.479925,50.010326,0.021667,1.81729,1.49024,1.57284739312841,1.41441316532232
4.197,49.699966,0.01016,0.36999,49.952126,0.016925,1.758797,1.639264,1.73013213244125,1.34913012051726
4.198,49.960022,-0.269979,0.420028,49.995876,0.031228,1.784531,1.574066,1.66132005899188,1.38028559396873
4.199,49.709969,-0.040116,0.359962,50.330692,-0.45928,0.893318,1.434356,1.51386561588609,1.01281069672646
4.200,49.34,-0.140032,0.370021,50.205933,-0.313389,0.507765,1.126994,1.18946584105336,0.91237150170343
4.201,50.589958,-1.509631,0.329892,50.105358,-0.304889,0.460561,1.741718,1.83826539071883,1.77783100744259
4.202,50.679951,-1.53999,0.379926,50.315197,-0.461954,0.918365,1.760346,1.85792598313293,1.65433572095919
4.203,49.699966,-0.819715,0.519874,50.261677,0.096776,0.594657,1.704462,1.79894420589062,1.45876565822133
5.1,45.27005,37.069607,22.800039,45.805882,37.094406,22.913883,0.587042,0.619583073435747,0.515349354107962
5.2,45.140049,36.999737,22.880068,45.936909,37.190865,22.82316,0.785367,0.828901679326202,0.768520324510237
5.3,44.880054,37.119598,22.940094,46.212364,37.041267,22.777866,1.070955,1.13032047180846,1.2749658582207
5.4,44.759933,37.080364,22.879847,46.325886,37.092598,22.812387,1.237548,1.30614810075644,1.49599526230479
5.5,44.699978,37.049923,22.97002,46.376072,37.150539,22.73093,1.594533,1.68292159135926,1.6093969416557
5.6,44.360012,36.669922,22.630003,44.545097,37.677273,22.555637,0.626707,0.661446794613838,0.507579179938685
5.7,44.330009,36.469742,22.610123,44.572052,37.892254,22.571035,0.753635,0.79541070238373,0.689281056719032
5.8,44.419933,36.18005,22.549789,44.476891,38.165051,22.633118,0.936094,0.987983819802948,0.866811219141489
5.9,44.510017,36.00988,22.309853,44.396122,38.320248,22.87945,1.070955,1.13032047180846,0.908276829574393
5.10,44.489975,35.940083,22.349972,44.418793,38.393051,22.841824,1.308945,1.381502798877,0.978364339257622
5.11,44.530048,37.109947,21.579975,44.373436,37.027821,22.658421,0.507712,0.535855631079565,0.674599048550293
5.12,44.449993,37.159794,21.469868,44.449993,36.990246,22.78462,0.785367,0.828901679326202,0.820644311790879
5.13,44.440022,37.059891,21.320107,44.468494,37.088528,22.914507,1.047156,1.1052022391016,0.93706972375273
5.14,44.470062,37.049984,21.120243,44.441589,37.090839,23.134239,1.285146,1.35638456617015,1.18231127804555
5.15,44.389988,35.210106,20.949846,44.389988,36.669048,22.188967,0.507712,0.535855631079565,0.686948080643109
5.16,44.380001,35.230007,20.779892,44.408531,36.660927,22.350222,0.690171,0.728428748498784,0.814244378754644
5.17,44.389988,35.119984,20.709894,44.389988,36.770107,22.39739,0.864697,0.912629121682385,0.885971199709651
5.18,44.399975,34.690235,20.380014,44.385708,37.214767,22.74987,1.158218,1.22242065840026,1.27062921831743
5.19,44.440022,37.499954,21.389961,44.440022,36.635834,22.143272,0.71397,0.753546981205639,0.726910655299136
5.20,44.459957,37.570316,21.250092,44.417225,36.541306,22.289186,0.848831,0.895883633211148,0.942605924980504
5.21,44.500069,37.659645,21.260138,44.386135,36.4664,22.274618,0.936094,0.987983819802948,0.995990787347523
5.22,44.449993,37.710121,21.169832,44.435749,36.423412,22.37541,1.158218,1.22242065840026,1.12715683194151
5.23,44.480019,37.719929,20.979906,44.394554,36.395611,22.567541,1.380342,1.45685749699757,1.35091214089471
5.24,43.619938,35.980026,22.650084,44.214138,36.609791,22.720144,0.507712,0.535855631079565,0.614851573986577
5.25,43.569984,35.820053,22.639833,44.26561,36.776638,22.724449,0.769501,0.812156190854966,0.768030335655262
5.26,43.449951,35.7103,22.719934,44.406105,36.882622,22.633024,1.023357,1.08008400639475,1.0550257041602
5.27,43.449951,35.560188,22.639994,44.391842,37.037529,22.73987,1.237548,1.30614810075644,1.08913506367349
5.28,45.700008,35.510201,22.999979,45.356415,36.039078,23.095837,0.507712,0.535855631079565,0.394683504411937
5.29,44.330009,37.199749,23.160069,43.78183,37.969376,23.073114,1.070955,1.13032047180846,0.634188057383681
5.30,45.350056,36.019573,23.100149,44.32386,37.201443,23.160089,1.42794,1.50709396241128,1.10060055129705
5.31,45.229973,36.590229,23.069777,43.780373,37.969959,23.060562,1.800791,1.90061294148533,1.49856678092753
5.32,43.95993,37.0205,22.63007,44.376717,37.008488,23.037443,0.936094,0.987983819802948,0.459220089571616
5.33,43.899956,37.030128,22.490103,44.417511,36.98003,23.17672,1.102687,1.16381144875093,0.638802995769043
5.34,43.759983,37.000278,22.37995,44.56496,37.031937,23.284607,1.340677,1.41499377581948,0.91776648364448
5.35,43.370056,37.029957,22.269957,44.965286,36.990047,23.413904,1.800791,1.90061294148533,1.64083021643964
5.36,45.929989,37.099899,21.389887,45.257992,37.104332,22.082264,0.71397,0.753546981205639,0.761744964319896
5.37,45.219978,37.020203,22.339933,44.218014,37.151577,23.296185,1.023357,1.08008400639475,1.0849785346728
5.38,45.259933,37.10017,22.099951,44.173214,37.137138,23.219437,1.308945,1.381502798877,1.21400281575858
5.39,60.999969,-0.269999,-0.07004,62.370724,-0.274796,-0.071283,0.991625,1.04659302945228,1.1779488471334
5.40,60.36002,-0.310067,-0.0499,62.078907,-0.283174,-0.077197,1.412074,1.49034847394004,1.48727789711999
5.41,43.81995,37.200417,21.679749,44.566662,37.167774,21.584,0.87263,0.921001865918003,0.700351892324673
5.42,43.86005,36.959896,22.410271,44.775291,36.950111,22.187439,1.26928,1.33963907769891,0.867505507831591
5.43,85.609985,-6.349862,45.950016,87.36837,-6.851581,46.277355,0.87263,0.921001865918003,1.18610243356276
5.44,85.349991,-6.309961,45.84,87.219841,-6.046001,45.76025,0.991625,1.04659302945228,1.226484587438
5.45,54.70998,-32.010151,-0.019989,55.164921,-31.733152,0.03008,0.912295,0.962865587096094,0.44777025960406
5.46,55.469971,-31.809582,0.229923,56.632538,-31.986355,0.242249,1.126486,1.18892968145779,1.08601080111556
5.47,36.859932,-5.979856,-26.460176,37.846916,-6.226113,-26.679174,0.674305,0.711683260027548,0.866954852956804
5.48,37.330013,-6.130115,-26.699909,38.405811,-6.334813,-26.82785,0.817099,0.862392656268675,0.935370447475099
5.49,37.789974,-6.189986,-26.809978,38.865265,-6.263278,-26.997616,0.87263,0.921001865918003,0.929681610760621
5.50,37.340076,-6.220028,-26.649906,38.782001,-6.432776,-26.94982,0.991625,1.04659302945228,1.25406752381575
5.51,36.600014,-5.960459,-26.409985,38.223091,-6.297909,-26.829771,1.078888,1.13869321604408,1.4183218916183
5.52,88.439987,-0.479877,-0.519994,90.222015,-0.51804,-0.176589,0.761568,0.803783446619348,1.17460899029584
5.53,87.069992,-0.469996,-0.50004,89.979553,-0.521263,-0.320616,0.991625,1.04659302945228,1.8584630176848
5.54,78.030022,-0.350098,-0.529925,79.541489,-0.314176,-0.570527,0.817099,0.862392656268675,1.06151247690429
5.55,77.979973,-0.339774,-0.490079,79.94165,-0.344478,-0.452632,0.912295,0.962865587096094,1.37295992761441
5.56,78.630005,-0.370145,-0.640013,80.782745,-0.366428,-0.414084,1.078888,1.13869321604408,1.51046494822556
5.57,67.659988,-0.240068,-0.060064,69.321693,-0.203606,-0.005063,0.761568,0.803783446619348,1.31109930692737
5.58,65.48999,-0.209888,-0.030039,67.537895,-0.21926,-0.113833,1.078888,1.13869321604408,1.65489605257842
5.59,65.549965,-0.20967,-0.010013,67.980354,-0.256486,-0.065613,1.412074,1.49034847394004,1.95728979314304
5.60,53.499966,-0.289639,-0.099991,54.872982,-0.291807,-0.031557,1.078888,1.13869321604408,1.318275421362
5.61,39.459953,-0.239451,0.339969,40.42421,-0.216462,0.383057,0.761568,0.803783446619348,0.849192923558458
5.62,39.91996,-0.209517,0.309877,41.141003,-0.215513,0.28827,0.912295,0.962865587096094,1.08231103929466
5.63,27.739988,-0.349973,0.510098,29.085159,-0.327814,0.383867,0.761568,0.803783446619348,1.02923475383434
5.64,27.609879,-0.10988,0.359802,29.091045,-0.138606,0.275119,1.126486,1.18892968145779,1.1277112513271
5.65,28.199905,-0.079751,0.679877,30.088825,-0.175951,0.495833,1.26928,1.33963907769891,1.46474087229239
5.66,27.850124,-0.320967,0.36011,30.234594,-0.331255,0.517327,1.412074,1.49034847394004,1.83030294200132
5.67,36.719906,-5.939304,-26.230083,36.962151,-4.772886,-25.839621,0.817099,0.862392656268675,1.00297221410345
5.68,36.799908,-6.019723,-26.060087,36.706425,-4.761831,-26.086067,0.95196,1.00472930827418,1.00305433757235
5.69,36.680004,-6.099828,-26.360064,36.810917,-4.520868,-26.251211,1.078888,1.13869321604408,1.27197483635949
5.70,36.659935,-6.049345,-26.390139,36.697433,-4.255842,-25.92441,1.412074,1.49034847394004,1.49759425248379
5.71,36.730015,-3.689751,-29.899895,36.655056,-3.903488,-27.743719,0.817099,0.862392656268675,0.744791736064488
5.72,36.700058,-3.810539,-29.879841,36.66256,-4.018754,-27.108236,1.126486,1.18892968145779,0.980658117547993
5.73,36.840004,-3.620138,-30.559977,36.59663,-3.904661,-27.153231,1.412074,1.49034847394004,1.20344529006021
5.74,37.269943,-5.999435,-29.780085,37.104408,-5.268204,-28.410973,0.674305,0.711683260027548,0.873414774009173
5.75,37.109943,-5.840141,-29.290108,37.183628,-5.036078,-27.51824,0.991625,1.04659302945228,1.04424484139191
5.76,37.24004,-5.679979,-29.049982,37.258389,-4.782198,-27.048798,1.03129,1.08845675063037,1.18576032517716
5.77,34.290054,-0.330646,-28.629921,34.310619,-1.700607,-26.025595,1.126486,1.18892968145779,0.968826436001384
5.78,34.290054,-0.330646,-28.619833,34.372211,-2.171171,-25.444975,1.18995,1.25591163534273,1.29464043295808
5.79,34.2099,-0.479747,-28.020115,34.700409,-2.530093,-24.600765,1.412074,1.49034847394004,1.56860468840891
5.80,35.939976,-3.930017,-27.800022,35.413933,-2.704753,-27.551353,0.991625,1.04659302945228,1.12698317517046
5.81,36.050056,-3.589958,-27.839981,35.349293,-2.178814,-27.371384,1.412074,1.49034847394004,1.3833389767959
5.82,37.730022,-5.990295,-28.649986,38.476555,-5.97243,-27.080017,0.761568,0.803783446619348,0.872153741855056
5.83,37.580017,-5.929792,-29.159918,38.418636,-6.023178,-27.350594,0.991625,1.04659302945228,0.970918174749285
5.84,37.560074,-5.82994,-29.269943,38.452,-5.958961,-27.185535,1.078888,1.13869321604408,1.07049127065791
5.85,34.299927,-0.050022,-27.590059,33.780468,-0.139658,-26.612059,0.817099,0.862392656268675,0.575837006472754
5.86,34.359901,-0.149648,-28.00016,33.757782,-0.305353,-26.481668,0.991625,1.04659302945228,0.770299322581685
5.87,34.580097,-0.000349,-28.259882,33.77417,-0.246821,-26.434423,1.18995,1.25591163534273,0.951957253727812
5.88,49.860012,-0.500102,1.290051,50.063301,-0.313307,0.363834,0.87263,0.921001865918003,0.949695799079488
5.89,49.679951,-0.899978,0.50999,50.158894,-0.464924,1.024953,1.078888,1.13869321604408,0.938682575018774
5.90,50.069977,0.050231,1.79004,50.165195,0.087986,0.707375,0.95196,1.00472930827418,1.03161447191349
5.91,49.629978,-0.269678,0.589871,50.085823,0.089456,0.722925,0.674305,0.711683260027548,0.714629319945261
5.92,49.709969,-0.909688,0.500009,49.758137,-0.542145,1.335017,1.03129,1.08845675063037,0.971112627869323
5.93,49.34,-0.150016,0.389927,49.787842,-0.543494,1.342018,1.078888,1.13869321604408,1.16120755089776
5.94,49.780025,-0.549916,1.290112,50.115002,0.035575,1.928979,1.26928,1.33963907769891,1.10820527233205
5.95,49.709969,-0.06971,0.489855,49.734062,-0.556573,1.308726,1.03129,1.08845675063037,1.05176567823389
5.96,49.349995,-0.119898,0.430025,49.989426,0.038645,0.684599,0.761568,0.803783446619348,0.72568713089174
5.97,49.780025,-0.560347,1.260081,50.245674,0.077536,0.497614,1.18995,1.25591163534273,1.27168662531336
5.98,49.60001,-0.269836,0.610008,50.056267,0.021687,1.815741,1.18995,1.25591163534273,1.30950123657408
5.99,49.580051,-0.260413,0.530073,50.274353,-0.425916,0.8329,0.817099,0.862392656268675,0.790090560620792
5.100,49.419971,-0.099809,0.479925,50.010326,0.021667,1.81729,1.412074,1.49034847394004,1.41441316532232
5.101,49.699966,0.01016,0.36999,49.952126,0.016925,1.758797,1.26928,1.33963907769891,1.34913012051726
5.102,49.960022,-0.269979,0.420028,49.995876,0.031228,1.784531,1.412074,1.49034847394004,1.38028559396873
5.103,49.709969,-0.040116,0.359962,50.330692,-0.45928,0.893318,1.18995,1.25591163534273,1.01281069672646
5.104,49.34,-0.140032,0.370021,50.205933,-0.313389,0.507765,0.674305,0.711683260027548,0.91237150170343
6.1,36.11,-1.34999999999999,-27.3,37.05575270207031,-1.1838931802455321,-27.312482015357276,1.02,1.0765409202484,0.805660708351807
6.2,35.85,-1.4000000000000123,-27.12,35.82670555203474,-0.033849139919717164,-27.226880408311203,1.02,1.0765409202484,1.1243804194259
6.3,35.86,-1.5099999999999836,-26.93,35.65231069682546,-1.052773548981395,-25.463775516394595,1.02,1.0765409202484,0.937392382041042
6.4,35.92,-1.6199999999999826,-28.36,35.916969668233165,-0.9220135830385889,-27.629690044192333,1.02,1.0765409202484,0.805706314166791
6.5,36.29,-1.6599999999999948,-28.44,36.20306778147824,-2.8062173997684683,-25.432789181506422,1.02,1.0765409202484,1.07525477847792
6.6,34.72,-1.34999999999999,-28.24,35.035904795606804,-0.5104141002664764,-27.67497565081064,1.02,1.0765409202484,0.909264457110479
6.7,36.22,-1.7399999999999916,-28.3,37.025784438566866,-2.270897507108516,-27.621630963139165,1.02,1.0765409202484,0.760933602783617
6.8,34.77,-1.2399999999999634,-27.99,34.25217739250251,-0.6925875292169426,-27.55398466158615,1.02,1.0765409202484,0.728111929362385
6.9,33.18,-1.0900000000000076,-28.1,33.84277017402572,-0.08895682722212528,-29.05053182002303,1.02,1.0765409202484,0.813829536839182
6.10,50.65,-16.21,-11.23,51.4280366635888,-16.185052932630395,-11.26430221763317,1.02,1.0765409202484,0.775987707204583
6.11,50.77,-16.18,-11.08,50.646868119493206,-14.566324302832001,-11.159387659800423,1.02,1.0765409202484,1.19194774448936
6.12,50.65,-16.08,-11.0,50.523654279486834,-15.511444257690743,-9.488710804631006,1.02,1.0765409202484,0.992105967207093
6.13,50.77,-16.28,-11.63,50.829683066299395,-15.046549963145806,-10.725571995309146,1.02,1.0765409202484,0.905726461729846
6.14,50.82,-16.15,-11.1,50.8466452741979,-16.869422403343492,-9.806223908390566,1.02,1.0765409202484,1.12747827693532
6.15,49.96,-16.69,-11.38,50.537786836274364,-15.75760579210661,-10.80221316372565,1.02,1.0765409202484,0.868847747608172
6.16,49.89,-16.55,-11.36,50.55395285432627,-16.950971527989132,-10.729044802590536,1.02,1.0765409202484,0.873329527320891
6.17,49.83,-16.43,-11.2,49.109588300117764,-15.628616406577256,-10.691544139091391,1.02,1.0765409202484,0.914944698639905
6.18,48.99,-16.8,-11.39,49.68705325271543,-16.44059551389332,-11.767679290485011,1.02,1.0765409202484,0.803118193008454
6.19,59.78,-0.9899999999999909,1.25,60.71920413464852,-0.9514540845639852,1.2735036069731809,1.02,1.0765409202484,0.825350922653945
6.20,59.97,-0.9299999999999864,1.2799999999999923,59.89170101790661,-0.06436125352315969,1.2425904863331505,1.02,1.0765409202484,1.25722420656067
6.21,59.64,-1.0099999999999554,1.21,59.60170723574808,-0.879276425484854,2.5238379458846882,1.02,1.0765409202484,1.23826100326977
6.22,59.55,-1.1200000000000099,1.0699999999999932,59.54348730867133,-0.41011664517359714,1.6719587556653925,1.02,1.0765409202484,1.17973828253652
6.23,59.52,-0.9799999999999809,1.25,59.51110995555011,-1.7978840893898007,2.2215548577378508,1.02,1.0765409202484,1.39476222786097
6.24,58.99,-0.5299999999999749,0.81,59.74522476538965,-0.1003564431548698,1.364312310749849,1.02,1.0765409202484,1.06849858896515
6.25,59.09,-0.45000000000000595,0.8999999999999897,59.78006105435489,-0.8844454661385281,1.4971099313671132,1.02,1.0765409202484,1.02825161123525
6.26,58.62,-0.48999999999999044,0.9100000000000108,58.08413761449694,-0.09680227557246068,1.4710896731322531,1.02,1.0765409202484,0.929890187624838
6.27,58.85,-0.5399999999999849,0.7600000000000051,59.473986940444405,-0.15500656729661166,0.1880894659116228,1.02,1.0765409202484,0.963899543662525
6.28,55.53,-27.1,2.83,56.48756160900223,-27.02028323616129,2.8348022146890806,1.02,1.0765409202484,0.893805594773453
6.29,55.63,-27.37,2.06,56.60832603487353,-27.305301083866084,2.074704299121355,1.02,1.0765409202484,0.911408916504565
6.30,55.57,-27.11,2.8,55.579120601900144,-24.838970126865647,2.5947864572468893,1.02,1.0765409202484,1.10284244908494
6.31,55.47,-27.47,2.0999999999999908,55.52728437296642,-24.9843563382397,1.9430906305702544,1.02,1.0765409202484,1.19906564669064
6.32,55.88,-27.21,2.760000000000007,55.86699901203755,-26.864173720198615,4.013295239581027,1.02,1.0765409202484,0.880178090868107
6.33,55.9,-27.43,1.98,55.88277944035909,-27.107729526720192,3.166988575248153,1.02,1.0765409202484,0.834778687185688
6.34,55.63,-27.25,2.760000000000007,55.65015510052464,-25.827385821302396,3.651863198215355,1.02,1.0765409202484,0.958070509005438
6.35,55.64,-27.62,1.970000000000005,55.69873336200493,-26.130308363693068,2.94177017135433,1.02,1.0765409202484,1.00900435126319
6.36,55.56,-27.06,2.8,55.65203061144116,-28.23869975422716,4.116745671388888,1.02,1.0765409202484,0.99366948697935
6.37,55.61,-27.33,2.1500000000000075,55.72709059918974,-28.572258075778567,3.487394187620252,1.02,1.0765409202484,1.03176687449641
6.38,55.66,-28.28,2.23,56.35507718364536,-27.400592955498404,2.8482730749552765,1.02,1.0765409202484,0.888341789908274
6.39,55.6,-28.21,2.289999999999992,56.51683645273107,-28.91663492454394,3.2306891084118883,1.02,1.0765409202484,1.09498071838919
6.40,55.44,-28.09,2.22,54.68516513339338,-27.171294999959127,2.7219329283931115,1.02,1.0765409202484,0.912064881456797
6.41,55.53,-28.15,2.279999999999993,56.202916148733166,-27.453678072180466,1.6222976076729845,1.02,1.0765409202484,0.825880191794648
6.42,63.54,12.36,20.91,64.43377551445965,12.437406540023677,20.983806235836532,1.02,1.0765409202484,0.747192283251575
6.43,63.67,12.37,20.86,63.60190788122222,13.749907631557923,21.005911683095245,1.02,1.0765409202484,1.08575257250171
6.44,63.93,12.25,20.64,64.0212811866323,12.473312903011124,22.252090956773785,1.02,1.0765409202484,0.881464185083801
6.45,63.61,12.18,20.76,63.57663132632561,13.373327329974815,21.80714075959176,1.02,1.0765409202484,0.872474113458872
6.46,63.75,12.17000000000007,20.73,63.67130012948462,13.022011641666554,19.97493747418573,1.02,1.0765409202484,1.0127798057311
6.47,63.03,12.8,20.09,63.822498011424656,13.693061206056234,21.001072524497634,1.02,1.0765409202484,0.942060593800685
6.48,60.5,13.66,21.2,61.27380299162229,13.057439717450436,21.629177039613467,1.02,1.0765409202484,0.933385062500898
6.49,61.26,13.2,20.82,60.47697296420344,13.83355050913937,21.374212968067454,1.02,1.0765409202484,0.816796683398682
6.50,63.06,12.46,19.13,63.68459587742501,13.018902136271882,18.564023153142383,1.02,1.0765409202484,0.884675740075467
6.51,46.48,12.76,-13.44,47.41495668188956,12.755301725216661,-13.349793124159405,1.02,1.0765409202484,0.913340342907674
6.52,46.31,12.74,-13.34,46.35412065601246,14.197452336944972,-13.53707226352232,1.02,1.0765409202484,1.09888516647246
6.53,46.44,12.61,-13.15,46.4950919760826,12.741886851834138,-11.487223994597674,1.02,1.0765409202484,1.15700731877066
6.54,46.52,12.68,-13.4,46.59872381782742,13.682498617646033,-12.691485639553246,1.02,1.0765409202484,1.05431816083899
6.55,46.59,12.64,-13.55,46.39998302196763,10.886661520883079,-11.275554353854877,1.02,1.0765409202484,1.75015853240063
6.56,46.37,11.52,-12.74,46.87492297242738,12.259533646484577,-12.251397770115723,1.02,1.0765409202484,0.934631145448665
6.57,46.5,11.45,-12.65,47.2555808764245,10.678796210717156,-11.726827876549017,1.02,1.0765409202484,1.05218350451798
6.58,46.11,11.55,-12.72,45.51149968860556,12.276235317612905,-12.30074074571852,1.02,1.0765409202484,0.947197538914811
6.59,46.18,11.43,-12.72,47.04647562874069,12.060164093629588,-13.365168000620775,1.02,1.0765409202484,1.0081757425554
6.60,42.33,35.94,20.39,43.268664572484965,35.91087227052348,20.376845541526734,1.02,1.0765409202484,0.859851337170867
6.61,41.48,35.71,20.41,41.50716271586422,37.65019399030098,20.413880387980598,1.02,1.0765409202484,0.856213684774849
6.62,41.56,35.85,21.71,41.51846671572515,35.863844428091625,23.440553511452332,1.02,1.0765409202484,1.02440749647799
6.63,41.86,35.78,20.33,41.87608329606219,37.16517387335597,21.787548705635807,1.02,1.0765409202484,0.765463335607253
6.64,41.9,35.96,20.46,41.84586630937165,35.14667430665694,21.499102793280855,1.02,1.0765409202484,0.877381817561596
6.65,43.11,35.49,22.27,43.99727809141985,36.41270480287401,23.247455175121324,1.02,1.0765409202484,0.961519585938287
6.66,43.99,34.57,23.34,44.42298786978212,34.053295140842096,23.93682111780778,1.02,1.0765409202484,0.669858329034805
6.67,43.35,35.28,22.09,42.534454807058474,36.21159743287278,23.08677745803963,1.02,1.0765409202484,0.905754223976326
6.68,42.93,35.16,23.56,42.35978201668134,34.74734224891412,24.59414533378187,1.02,1.0765409202484,0.902702970996723
6.69,76.86,4.0200000000000236,35.14,78.05042178025269,4.037856326703782,35.16618927916555,1.02,1.0765409202484,0.846536515166819
6.70,78.31,1.3600000000000279,37.23,78.39351302578882,2.7782815586548937,37.46326052030668,1.02,1.0765409202484,1.07302269070192
6.71,78.47,1.6300000000000203,35.43,78.75589773671717,1.8037378553896755,37.60282279905047,1.02,1.0765409202484,0.849573446947929
6.72,78.63,1.1599999999999944,34.25,78.89078500356884,2.198250295458448,35.47894932931817,1.02,1.0765409202484,0.92719226191158
6.73,78.52,1.83,33.65,78.5084802880036,2.841174719683981,32.86537961624521,1.02,1.0765409202484,0.890576122739556
6.74,77.87,1.6200000000000103,36.29,78.6518401632476,2.491487249634994,37.17765311767207,1.02,1.0765409202484,0.905819407113477
6.75,77.82,1.9899999999999918,36.3,78.66838345603868,1.372612039417409,37.2267819272238,1.02,1.0765409202484,0.851043871162622
6.76,77.74,2.0399999999999863,36.14,77.01301736866111,2.8970331915068592,36.79545482324651,1.02,1.0765409202484,0.852278956551287
6.77,77.99,1.78,36.31,78.63968437193562,2.5136258925573807,35.70861074951801,1.02,1.0765409202484,0.776730793941294
6.78,64.6,-10.0,13.41,65.45277740352996,-10.100579592956683,13.4426668763449,1.02,1.0765409202484,0.706293879995998
6.79,64.73,-9.99,13.49,64.7182975315604,-8.832625871322886,13.315633220249845,1.02,1.0765409202484,1.01005350826383
6.80,64.75,-10.32,13.34,64.70250010521315,-10.308484873991052,14.777951360365481,1.02,1.0765409202484,0.907369413368679
6.81,64.83,-10.06,13.45,64.63287791433264,-9.178392635266874,14.25300039805597,1.02,1.0765409202484,1.05979124154764
6.82,64.74,-9.070000000000022,12.06,64.88449170240607,-10.031557876726104,13.479114934345349,1.02,1.0765409202484,1.075069866685
6.83,65.19,-10.19,13.42,65.81771316350822,-9.650588994049524,13.90566186656752,1.02,1.0765409202484,0.815350259100145
6.84,65.21,-10.1,13.36,66.06812225628985,-10.85228717801412,14.222412867571311,1.02,1.0765409202484,0.996959855365873
6.85,65.23,-10.17,13.66,64.63595653458594,-9.501837349910447,14.283473141682279,1.02,1.0765409202484,0.933039495129146
6.86,65.16,-10.2,13.34,65.79932040997807,-9.695007575056813,12.743098953717148,1.02,1.0765409202484,0.721261705113081
6.87,14.55,-0.6200000000000094,0.4,15.767237303837089,-0.5529177838566324,0.374386790199821,1.02,1.0765409202484,0.807837286394551
6.88,14.07,-0.13999999999997348,0.48000000000000265,14.271652006092086,0.6233968802057399,0.34876615476545636,1.02,1.0765409202484,1.14730894283189
6.89,13.89,-0.15999999999999348,0.7399999999999962,14.34889885274858,-0.5694989762487224,1.885297136746411,1.02,1.0765409202484,1.25808760510363
6.90,14.0,-0.5,0.5199999999999871,14.912901847224006,-0.04024943115704671,0.9258563634043981,1.02,1.0765409202484,0.988998632159795
6.91,14.42,-0.4499999999999782,0.44000000000000705,14.988045841289178,-1.0907899414919209,1.080789941491933,1.02,1.0765409202484,1.14950549050324
6.92,14.34,-0.34000000000000696,0.08000000000000229,13.620920179766191,0.235881976376362,0.541529741353497,1.02,1.0765409202484,1.07785563677426
6.93,13.71,-0.9599999999999886,0.28999999999999027,14.182375022075156,-0.21111276988083905,-0.08156327955911591,1.02,1.0765409202484,1.18010762486831
6.94,68.77,-30.78,-5.01,70.0256280883688,-30.897242381745293,-5.035213415429096,1.02,1.0765409202484,0.97958037206418
6.95,68.59,-30.89,-5.180000000000007,68.63800395983667,-28.492202206158666,-5.280808315657004,1.02,1.0765409202484,1.08196536378733
6.96,68.4,-30.89,-5.07,68.31099194586444,-30.06222509653922,-3.4963376028831705,1.02,1.0765409202484,1.08662796926386
6.97,68.42,-30.65,-5.26,69.14388243893707,-29.753072671462988,-4.612732855694968,1.02,1.0765409202484,0.785154172344979
6.98,69.0,-30.75,-4.85,70.01939338407871,-31.498772664852627,-3.7741581223403875,1.02,1.0765409202484,1.15506300053699
6.99,68.7,-30.57,-4.909999999999992,67.87532583324092,-29.313673570802834,-4.16090696868725,1.02,1.0765409202484,0.953197954946845
6.100,68.96,-30.64,-4.909999999999992,69.75985790900981,-30.176846982834405,-6.053914436047125,1.02,1.0765409202484,1.04468586311496
6.101,28.89,21.19,17.64,29.94381120259093,21.21650430590022,17.754498601488756,1.02,1.0765409202484,0.812455833370573
6.102,28.84,20.83,17.65,28.869258218095524,21.99564740892551,17.754159256420053,1.02,1.0765409202484,0.695271692337134
6.103,28.92,21.1,17.8,28.95520797749792,20.997437630766946,19.327720067083753,1.02,1.0765409202484,1.02593930599551
6.104,28.73,21.12,17.68,29.38687024693791,21.703638091029294,18.356842653094784,1.02,1.0765409202484,0.648131234139455
6.105,29.17,21.25,17.98,29.73262841058265,20.667000560758346,18.513526941069745,1.02,1.0765409202484,0.757375868917539
6.106,29.01,21.28,17.89,28.09381551671295,22.06410933015765,18.582351855351963,1.02,1.0765409202484,0.839715261510118
6.107,28.69,21.08,17.99,29.283888624442483,21.706196165612145,17.591857066173745,1.02,1.0765409202484,0.726635697840809
6.108,32.26,-33.2,-5.07,33.2814787092109,-32.85122872825038,-5.049484042838259,1.02,1.0765409202484,0.829393368025484
6.109,31.59,-33.43,-4.949999999999988,31.39658463064972,-29.8098481812174,-5.362376164841165,1.02,1.0765409202484,1.61808523424588
6.110,31.6,-33.5,-5.02,31.605719954239817,-32.85364517090067,-3.7444502045208217,1.02,1.0765409202484,0.857581284391367
6.111,31.54,-33.57,-5.130000000000012,32.306472898287424,-31.537478117934224,-4.429681012576681,1.02,1.0765409202484,1.08722453316203
6.112,31.31,-34.0,-5.02,32.13195478875666,-34.55207963311488,-4.073382068281905,1.02,1.0765409202484,0.951417784559171
6.113,31.39,-34.11,-4.88,30.60614309180383,-32.93043883371635,-4.354408084677708,1.02,1.0765409202484,0.82504171875768
6.114,31.8,-34.13,-4.880000000000006,32.37697787600243,-33.34299745747729,-5.543111587552884,1.02,1.0765409202484,0.743785485377603
6.115,59.95,-13.71,-25.84,61.15724730504209,-13.553911459550093,-25.902191527835505,1.02,1.0765409202484,1.05903744281288
6.116,59.29,-13.79,-26.98,59.03300776795734,-12.151674520728072,-26.64692454136577,1.02,1.0765409202484,1.04278249313485
6.117,59.99,-13.09,-25.82,59.63801889639612,-12.584803592474437,-23.8426943885782,1.02,1.0765409202484,0.93676968066785
6.118,59.51,-13.54,-25.82,60.0933694262405,-12.858576969009384,-25.39906280789097,1.02,1.0765409202484,0.673104908911759
6.119,60.21,-13.24,-25.56,61.02831022868608,-14.038269978187634,-24.342554782220116,1.02,1.0765409202484,1.09015406077779
6.120,60.54,-13.24,-25.56,59.62563959667163,-12.434492025639287,-24.953147708505274,1.02,1.0765409202484,0.964619235616049
6.121,59.84,-13.47,-25.7,60.95811351321589,-12.391118539879397,-27.227870512211183,1.02,1.0765409202484,1.4188237899857
6.122,18.24,25.93,3.26,19.301862390287056,26.110397781462847,3.174662127331962,1.02,1.0765409202484,0.733469672842631
6.123,17.33,25.07,3.29,16.432527447622284,26.569286505629066,3.3634772849899908,1.02,1.0765409202484,0.946342072368285
6.124,16.99,25.03,3.829999999999989,17.17103207503287,25.169510956906088,5.4758971225465025,1.02,1.0765409202484,1.08879550517488
6.125,18.13,26.02,3.59,19.003178602862306,26.856263735099027,4.333976565690811,1.02,1.0765409202484,0.840703399698101
6.126,18.1,25.77,3.3499999999999863,19.248702194702012,24.99977193881256,4.267965771199722,1.02,1.0765409202484,1.08430287763175
6.127,16.21,24.3,3.159999999999985,16.238959652477924,25.722642927977574,4.278566576959452,1.02,1.0765409202484,0.968253521834571
6.128,16.5,24.54,3.3800000000000052,17.10969173416087,25.359273267778676,2.4790715892533677,1.02,1.0765409202484,0.851228195322992
6.129,58.42,31.06,-0.1600000000000268,59.72224508652906,31.08698953547212,0.19086396113736637,1.02,1.0765409202484,1.18011634386838
6.130,58.13,31.59,-0.39000000000000146,58.11087999044,33.97761119380471,-0.2848399474200125,1.02,1.0765409202484,0.980192595236519
6.131,58.06,31.69000000000005,-0.21999999999999797,57.71302949245485,32.26113684668952,1.6103668909263957,1.02,1.0765409202484,1.17385769035556
6.132,58.18,31.35,-0.35000000000000586,59.073880985674776,32.39926590467995,0.5956759586764893,1.02,1.0765409202484,1.07683959612101
6.133,57.58,32.0,0.27999999999999137,58.63318868594956,31.317232371999904,1.2217484524139177,1.02,1.0765409202484,1.15015693320251
6.134,58.14,31.600000000000072,-0.22999999999999687,57.03420684134147,32.47673600436496,0.4792873260538233,1.02,1.0765409202484,1.15293964333109
6.135,58.25,31.27,-0.20999999999999908,59.46113428827286,32.13485461031479,-1.0072878438839306,1.02,1.0765409202484,1.23632062753118
6.136,30.13,6.619999999999987,-30.84,31.148532950239883,6.610814833114098,-30.767539239010986,1.02,1.0765409202484,0.794634018716061
6.137,30.4,7.229999999999986,-31.66,30.313955731841574,8.603887166988677,-31.970323590079573,1.02,1.0765409202484,0.91292024494897
6.138,30.13,6.61,-30.75,29.995410538353838,6.909874765422153,-29.615434450509113,1.02,1.0765409202484,0.849623887697464
6.139,30.24,6.869999999999987,-31.58,30.634021576076854,7.709523358073289,-31.233498614002762,1.02,1.0765409202484,0.872509062342351
6.140,30.38,6.88,-31.37,31.385855260244355,5.954195504411786,-30.292795145170835,1.02,1.0765409202484,0.882439033956432
6.141,29.93,6.78999999999999,-30.81,29.289812155738574,7.635733105295195,-30.661193795397434,1.02,1.0765409202484,0.880551133438055
6.142,30.09,6.780000000000008,-31.01,31.078875563277236,7.789878230107905,-32.04263111917446,1.02,1.0765409202484,0.883812493070987
6.143,83.38,0.060000000000004494,0.1300000000000079,84.66061908096299,-0.14281885952305284,0.2275090670783797,1.02,1.0765409202484,0.907931116837814
6.144,84.67,-0.03999999999998449,0.7200000000000095,84.63836915619939,0.9783091004195166,0.657758662198793,1.02,1.0765409202484,1.49275443571891
6.145,82.69,1.2400000000000189,0.6599999999999939,83.23835047188379,0.3803746727894519,2.1548432005809026,1.02,1.0765409202484,1.96620839727392
6.146,83.89,-0.35000000000001696,-0.23999999999999577,84.5916985746358,0.44240287871799566,0.4428018446186677,1.02,1.0765409202484,1.43264365798207
6.147,83.92,1.020000000000021,-2.220446049250313e-14,84.63261185016403,0.16187389798949514,0.7778892715530894,1.02,1.0765409202484,1.54597146334987
6.148,83.43,0.9600000000000164,0.16000000000000458,82.93434843645025,1.7736357641977563,0.4921168317879143,1.02,1.0765409202484,1.20418261706082
6.149,82.39,-0.7400000000000184,0.06999999999999229,83.74178518454309,-0.6166847233499695,-0.702671670148769,1.02,1.0765409202484,1.19654993341506
6.150,75.9,18.0,79.7,77.48019796791206,18.39953405793443,79.6282469446975,1.02,1.0765409202484,1.15746546238417
6.151,76.11,18.21,79.89,75.97953224116075,20.095164573372905,79.80302149410717,1.02,1.0765409202484,1.08890905017616
6.152,76.19,18.09,79.85,76.24292449800885,17.89153313246683,84.25596445923615,1.02,1.0765409202484,1.10868001586329
6.153,76.17,18.26,80.01,77.07583924099329,19.87108471067106,81.03408399040035,1.02,1.0765409202484,1.05216691519558
6.154,76.1,18.35,79.81,77.31562882406051,17.432504669923244,81.25447777366776,1.02,1.0765409202484,1.14965689984213
6.155,75.84,18.44,80.11,74.7781596115915,19.392612287745912,81.19332788362081,1.02,1.0765409202484,0.909022906085902
6.156,76.09,18.23,79.89,76.87673783587391,19.773787451526136,78.666421209436,1.02,1.0765409202484,1.20237987795841
6.157,36.11,-1.34999999999999,-27.3,35.1642472979297,-1.5161068197544758,-27.28751798464274,1.02,1.0765409202484,0.796045819433867
6.158,35.85,-1.4000000000000123,-27.12,35.873294447965264,-2.766150860080252,-27.013119591688827,1.02,1.0765409202484,1.11394062361578
6.159,35.86,-1.5099999999999836,-26.93,36.067689303174554,-1.9672264510186,-28.396224483605415,1.02,1.0765409202484,0.902805446585078
6.160,35.92,-1.6199999999999826,-28.36,35.92303033176684,-2.317986416961404,-29.090309955807648,1.02,1.0765409202484,0.77817175280203
6.161,36.29,-1.6599999999999948,-28.44,36.37693221852176,-0.5137826002315493,-31.4472108184936,1.02,1.0765409202484,0.872784485788469
6.162,34.72,-1.34999999999999,-28.24,34.404095204393194,-2.1895858997335313,-28.805024349189367,1.02,1.0765409202484,0.881640036641564
6.163,36.22,-1.7399999999999916,-28.3,35.414215561433124,-1.2091024928915228,-28.97836903686084,1.02,1.0765409202484,0.74522192104688
6.164,34.77,-1.2399999999999634,-27.99,35.28782260749751,-1.7874124707830397,-28.42601533841386,1.02,1.0765409202484,0.71853189465497
6.165,33.18,-1.0900000000000076,-28.1,32.517229825974276,-2.0910431727778622,-27.149468179976964,1.02,1.0765409202484,0.850077030240799
6.166,50.65,-16.21,-11.23,49.8719633364112,-16.234947067369554,-11.195697782366821,1.02,1.0765409202484,0.778542704558227
6.167,50.77,-16.18,-11.08,50.893131880506786,-17.793675697168,-11.000612340199577,1.02,1.0765409202484,1.12330057161306
6.168,50.65,-16.08,-11.0,50.77634572051316,-16.648555742309224,-12.511289195368992,1.02,1.0765409202484,0.949805573935408
6.169,50.77,-16.28,-11.63,50.7103169337006,-17.513450036854227,-12.534428004690866,1.02,1.0765409202484,0.859716073037191
6.170,50.82,-16.15,-11.1,50.79335472580209,-15.430577596656558,-12.393776091609432,1.02,1.0765409202484,1.11402737900819
6.171,49.96,-16.69,-11.38,49.38221316372565,-17.62239420789341,-11.957786836274353,1.02,1.0765409202484,0.850377886708156
6.172,49.89,-16.55,-11.36,49.22604714567373,-16.14902847201072,-11.990955197409448,1.02,1.0765409202484,0.871496593886925
6.173,49.83,-16.43,-11.2,50.55041169988225,-17.231383593422635,-11.708455860908607,1.02,1.0765409202484,0.903954536543897
6.174,48.99,-16.8,-11.39,48.29294674728456,-17.1594044861067,-11.012320709514988,1.02,1.0765409202484,0.800026047327807
6.175,59.78,-0.9899999999999909,1.25,58.84079586535148,-1.0285459154360521,1.2264963930268102,1.02,1.0765409202484,0.836302528187043
6.176,59.97,-0.9299999999999864,1.2799999999999923,60.048298982093385,-1.7956387464768686,1.317409513666834,1.02,1.0765409202484,1.1907122326919
6.177,59.64,-1.0099999999999554,1.21,59.67829276425192,-1.1407235745151678,-0.10383794588468831,1.02,1.0765409202484,1.28396167730079
6.178,59.55,-1.1200000000000099,1.0699999999999932,59.55651269132868,-1.8298833548264226,0.468041244334616,1.02,1.0765409202484,1.1426905944626
6.179,59.52,-0.9799999999999809,1.25,59.528890044449895,-0.16211591061021657,0.27844514226214034,1.02,1.0765409202484,1.48824401211733
6.180,58.99,-0.5299999999999749,0.81,58.23477523461034,-0.9596435568451356,0.2556876892501503,1.02,1.0765409202484,1.06720025311166
6.181,59.09,-0.45000000000000595,0.8999999999999897,58.39993894564512,-0.015554533861483755,0.30289006863288837,1.02,1.0765409202484,1.05812179065111
6.182,58.62,-0.48999999999999044,0.9100000000000108,59.15586238550304,-0.8831977244275757,0.34891032686774626,1.02,1.0765409202484,0.925291278024633
6.183,58.85,-0.5399999999999849,0.7600000000000051,58.22601305955561,-0.9249934327034137,1.3319105340883874,1.02,1.0765409202484,0.944943810127683
6.184,55.53,-27.1,2.83,54.572438390997775,-27.17971676383868,2.825197785310918,1.02,1.0765409202484,0.906951613089045
6.185,55.63,-27.37,2.06,54.65167396512649,-27.434698916133925,2.0452957008786354,1.02,1.0765409202484,0.925107098898396
6.186,55.57,-27.11,2.8,55.56087939809987,-29.38102987313429,3.0052135427530935,1.02,1.0765409202484,1.03433719134099
6.187,55.47,-27.47,2.0999999999999908,55.41271562703358,-29.95564366176029,2.256909369429727,1.02,1.0765409202484,1.11940492063534
6.188,55.88,-27.21,2.760000000000007,55.893000987962466,-27.55582627980141,1.5067047604189643,1.02,1.0765409202484,0.882682313909934
6.189,55.9,-27.43,1.98,55.917220559640896,-27.752270473279772,0.7930114247518327,1.02,1.0765409202484,0.835873953125116
6.190,55.63,-27.25,2.760000000000007,55.60984489947536,-28.672614178697597,1.8681368017846145,1.02,1.0765409202484,0.925044764743376
6.191,55.64,-27.62,1.970000000000005,55.58126663799507,-29.109691636306945,0.9982298286456581,1.02,1.0765409202484,0.972521028994844
6.192,55.56,-27.06,2.8,55.46796938855884,-25.88130024577284,1.4832543286111166,1.02,1.0765409202484,1.03603194930054
6.193,55.61,-27.33,2.1500000000000075,55.49290940081026,-26.08774192422142,0.8126058123797408,1.02,1.0765409202484,1.07678258956456
6.194,55.66,-28.28,2.23,54.96492281635463,-29.159407044501595,1.611726925044743,1.02,1.0765409202484,0.884984721461855
6.195,55.6,-28.21,2.289999999999992,54.68316354726892,-27.50336507545603,1.349310891588118,1.02,1.0765409202484,1.11578600219245
6.196,55.44,-28.09,2.22,56.19483486660661,-29.00870500004088,1.718067071606888,1.02,1.0765409202484,0.897649737338204
6.197,55.53,-28.15,2.279999999999993,54.857083851266836,-28.846321927819496,2.937702392327024,1.02,1.0765409202484,0.823097090376271
6.198,63.54,12.36,20.91,62.64622448554036,12.282593459976287,20.836193764163436,1.02,1.0765409202484,0.755966069222392
6.199,63.67,12.37,20.86,63.738092118777786,10.990092368442117,20.714088316904757,1.02,1.0765409202484,1.13967913851887
6.200,63.93,12.25,20.64,63.838718813367706,12.02668709698884,19.02790904322622,1.02,1.0765409202484,0.91724429189647
6.201,63.61,12.18,20.76,63.64336867367439,10.986672670025232,19.712859240408264,1.02,1.0765409202484,0.924478936086942
6.202,63.75,12.17000000000007,20.73,63.82869987051538,11.31798835833342,21.48506252581428,1.02,1.0765409202484,1.01115507524866
6.203,63.03,12.8,20.09,62.23750198857536,11.906938793943834,19.178927475502363,1.02,1.0765409202484,0.967674027890568
6.204,60.5,13.66,21.2,59.72619700837771,14.262560282549575,20.770822960386525,1.02,1.0765409202484,0.936940133868565
6.205,61.26,13.2,20.82,62.04302703579654,12.566449490860665,20.265787031932536,1.02,1.0765409202484,0.818306840564899
6.206,63.06,12.46,19.13,62.435404122574994,11.901097863728117,19.695976846857597,1.02,1.0765409202484,0.886982083651506
6.207,46.48,12.76,-13.44,45.54504331811045,12.764698274783381,-13.53020687584059,1.02,1.0765409202484,0.901099765271709
6.208,46.31,12.74,-13.34,46.26587934398754,11.28254766305503,-13.142927736477672,1.02,1.0765409202484,1.17642424019222
6.209,46.44,12.61,-13.15,46.3849080239174,12.478113148165882,-14.81277600540234,1.02,1.0765409202484,1.15737842484609
6.210,46.52,12.68,-13.4,46.44127618217258,11.677501382353961,-14.108514360446778,1.02,1.0765409202484,1.10278030228442
6.211,46.59,12.64,-13.55,46.78001697803237,14.393338479117002,-15.824445646145113,1.02,1.0765409202484,1.60759649953411
6.212,46.37,11.52,-12.74,45.86507702757263,10.780466353515427,-13.228602229884313,1.02,1.0765409202484,0.957083508295844
6.213,46.5,11.45,-12.65,45.74441912357551,12.221203789282931,-13.573172123450995,1.02,1.0765409202484,1.02616141056628
6.214,46.11,11.55,-12.72,46.708500311394445,10.823764682387104,-13.139259254281477,1.02,1.0765409202484,0.971465876669206
6.215,46.18,11.43,-12.72,45.31352437125932,10.799835906370403,-12.074831999379242,1.02,1.0765409202484,1.00922071456931
6.216,42.33,35.94,20.39,41.39133542751502,35.9691277294765,20.40315445847327,1.02,1.0765409202484,0.8480094383286
6.217,41.48,35.71,20.41,41.45283728413578,33.76980600969912,20.406119612019403,1.02,1.0765409202484,0.891137078417972
6.218,41.56,35.85,21.71,41.60153328427486,35.83615557190842,19.97944648854767,1.02,1.0765409202484,1.03768491500636
6.219,41.86,35.78,20.33,41.843916703937815,34.39482612664405,18.87245129436419,1.02,1.0765409202484,0.791924143023424
6.220,41.9,35.96,20.46,41.95413369062836,36.773325693343104,19.420897206719147,1.02,1.0765409202484,0.864911616940123
6.221,43.11,35.49,22.27,42.222721908580155,34.567295197126036,21.29254482487868,1.02,1.0765409202484,0.958211704449146
6.222,43.99,34.57,23.34,43.55701213021789,35.08670485915788,22.74317888219222,1.02,1.0765409202484,0.665218210571036
6.223,43.35,35.28,22.09,44.165545192941536,34.34840256712724,21.093222541960344,1.02,1.0765409202484,0.920055736486779
6.224,42.93,35.16,23.56,43.50021798331866,35.57265775108587,22.525854666218127,1.02,1.0765409202484,0.90483557540355
6.225,76.86,4.0200000000000236,35.14,75.66957821974731,4.00214367329621,35.11381072083444,1.02,1.0765409202484,0.857562323434555
6.226,78.31,1.3600000000000279,37.23,78.22648697421118,-0.058281558654893484,36.99673947969331,1.02,1.0765409202484,1.07676202211338
6.227,78.47,1.6300000000000203,35.43,78.18410226328282,1.4562621446103097,33.25717720094951,1.02,1.0765409202484,0.880766377593906
6.228,78.63,1.1599999999999944,34.25,78.36921499643115,0.12174970454154055,33.02105067068184,1.02,1.0765409202484,0.95779521506036
6.229,78.52,1.83,33.65,78.5315197119964,0.8188252803160156,34.4346203837548,1.02,1.0765409202484,0.867492381794133
6.230,77.87,1.6200000000000103,36.29,77.08815983675241,0.7485127503649713,35.402346882327905,1.02,1.0765409202484,0.922083954158878
6.231,77.82,1.9899999999999918,36.3,76.9716165439613,2.60738796058263,35.373218072776204,1.02,1.0765409202484,0.86576257776399
6.232,77.74,2.0399999999999863,36.14,78.46698263133888,1.1829668084932243,35.48454517675348,1.02,1.0765409202484,0.859663301468549
6.233,77.99,1.78,36.31,77.34031562806437,1.046374107442627,36.91138925048199,1.02,1.0765409202484,0.769423065170458
6.234,64.6,-10.0,13.41,63.74722259647004,-9.899420407043335,13.377333123655099,1.02,1.0765409202484,0.714029559765843
6.235,64.73,-9.99,13.49,64.74170246843961,-11.147374128677168,13.664366779750159,1.02,1.0765409202484,0.958841198596926
6.236,64.75,-10.32,13.34,64.79749989478685,-10.331515126008938,11.902048639634511,1.02,1.0765409202484,0.932080005249984
6.237,64.83,-10.06,13.45,65.02712208566736,-10.941607364733152,12.646999601944042,1.02,1.0765409202484,1.04000068557098
6.238,64.74,-9.070000000000022,12.06,64.59550829759392,-8.108442123273885,10.64088506565466,1.02,1.0765409202484,1.13519720490098
6.239,65.19,-10.19,13.42,64.56228683649178,-10.729411005950485,12.934338133432476,1.02,1.0765409202484,0.812154386316564
6.240,65.21,-10.1,13.36,64.35187774371013,-9.347712821985876,12.4975871324287,1.02,1.0765409202484,1.02276978141474
6.241,65.23,-10.17,13.66,65.82404346541406,-10.838162650089577,13.036526858317732,1.02,1.0765409202484,0.921674997513233
6.242,65.16,-10.2,13.34,64.52067959002193,-10.70499242494316,13.936901046282845,1.02,1.0765409202484,0.715511341585754
6.243,14.55,-0.6200000000000094,0.4,13.332762696162906,-0.687082216143331,0.4256132098001686,1.02,1.0765409202484,0.798258068034806
6.244,14.07,-0.13999999999997348,0.48000000000000265,13.868347993907921,-0.9033968802057424,0.6112338452345267,1.02,1.0765409202484,1.1187225843829
6.245,13.89,-0.15999999999999348,0.7399999999999962,13.431101147251432,0.2494989762487354,-0.40529713674642975,1.02,1.0765409202484,1.32243023681112
6.246,14.0,-0.5,0.5199999999999871,13.087098152775997,-0.9597505688428987,0.11414363659558724,1.02,1.0765409202484,0.973288565965941
6.247,14.42,-0.4499999999999782,0.44000000000000705,13.851954158710825,0.19078994149199224,-0.20078994149194118,1.02,1.0765409202484,1.19632425994735
6.248,14.34,-0.34000000000000696,0.08000000000000229,15.059079820233809,-0.9158819763763482,-0.3815297413535146,1.02,1.0765409202484,1.0535814593624
6.249,13.71,-0.9599999999999886,0.28999999999999027,13.23762497792486,-1.7088872301191105,0.6615632795591075,1.02,1.0765409202484,1.12575333158637
6.250,68.77,-30.78,-5.01,67.51437191163119,-30.66275761825471,-4.9847865845709105,1.02,1.0765409202484,0.99450671772051
6.251,68.59,-30.89,-5.180000000000007,68.54199604016334,-33.287797793841335,-5.07919168434301,1.02,1.0765409202484,1.0239773681665
6.252,68.4,-30.89,-5.07,68.48900805413557,-31.717774903460782,-6.643662397116823,1.02,1.0765409202484,1.05569438804502
6.253,68.42,-30.65,-5.26,67.69611756106293,-31.546927328536977,-5.907267144305051,1.02,1.0765409202484,0.780032907419049
6.254,69.0,-30.75,-4.85,67.98060661592129,-30.001227335147373,-5.925841877659654,1.02,1.0765409202484,1.17179126449434
6.255,68.7,-30.57,-4.909999999999992,69.52467416675911,-31.826326429197138,-5.659093031312734,1.02,1.0765409202484,0.932763038130946
6.256,68.96,-30.64,-4.909999999999992,68.16014209099018,-31.103153017165596,-3.766085563952859,1.02,1.0765409202484,1.04309012506354
6.257,28.89,21.19,17.64,27.83618879740908,21.163495694099865,17.525501398511246,1.02,1.0765409202484,0.802596332906208
6.258,28.84,20.83,17.65,28.810741781904476,19.66435259107452,17.545840743579934,1.02,1.0765409202484,0.722193740571369
6.259,28.92,21.1,17.8,28.88479202250209,21.202562369233068,16.272279932916245,1.02,1.0765409202484,1.04546342781242
6.260,28.73,21.12,17.68,28.073129753062105,20.536361908970736,17.003157346905194,1.02,1.0765409202484,0.65052570599856
6.261,29.17,21.25,17.98,28.607371589417355,21.83299943924166,17.446473058930234,1.02,1.0765409202484,0.750648669050812
6.262,29.01,21.28,17.89,29.92618448328706,20.495890669842364,17.197648144648024,1.02,1.0765409202484,0.852677923317688
6.263,28.69,21.08,17.99,28.09611137555752,20.45380383438783,18.388142933826224,1.02,1.0765409202484,0.730823960784698
6.264,32.26,-33.2,-5.07,31.238521290789095,-33.5487712717496,-5.090515957161745,1.02,1.0765409202484,0.819207844687655
6.265,31.59,-33.43,-4.949999999999988,31.78341536935028,-37.0501518187826,-4.537623835158843,1.02,1.0765409202484,1.50021574108735
6.266,31.6,-33.5,-5.02,31.594280045760193,-34.14635482909928,-6.295549795479194,1.02,1.0765409202484,0.839165127527249
6.267,31.54,-33.57,-5.130000000000012,30.773527101712574,-35.60252188206575,-5.8303189874233325,1.02,1.0765409202484,1.05274463920634
6.268,31.31,-34.0,-5.02,30.488045211243353,-33.44792036688513,-5.966617931718076,1.02,1.0765409202484,0.952824643331289
6.269,31.39,-34.11,-4.88,32.173856908196164,-35.289561166283626,-5.405591915322283,1.02,1.0765409202484,0.820150464861603
6.270,31.8,-34.13,-4.880000000000006,31.223022123997573,-34.917002542522724,-4.216888412447117,1.02,1.0765409202484,0.733571658631703
6.271,59.95,-13.71,-25.84,58.742752694957915,-13.866088540449905,-25.77780847216451,1.02,1.0765409202484,1.07697433750535
6.272,59.29,-13.79,-26.98,59.546992232042655,-15.42832547927192,-27.313075458634216,1.02,1.0765409202484,0.989908834220161
6.273,59.99,-13.09,-25.82,60.341981103603885,-13.5951964075256,-27.7973056114218,1.02,1.0765409202484,0.897972776501849
6.274,59.51,-13.54,-25.82,58.926630573759496,-14.22142303099061,-26.240937192109026,1.02,1.0765409202484,0.669160399886915
6.275,60.21,-13.24,-25.56,59.391689771313935,-12.441730021812369,-26.777445217779892,1.02,1.0765409202484,1.07409215637846
6.276,60.54,-13.24,-25.56,61.454360403328366,-14.045507974360715,-26.166852291494713,1.02,1.0765409202484,0.94688428045159
6.277,59.84,-13.47,-25.7,58.721886486784115,-14.548881460120622,-24.17212948778882,1.02,1.0765409202484,1.46131912885806
6.278,18.24,25.93,3.26,17.17813760971294,25.7496022185372,3.3453378726680305,1.02,1.0765409202484,0.725765727241454
6.279,17.33,25.07,3.29,18.22747255237772,23.57071349437098,3.216522715009995,1.02,1.0765409202484,0.977437728053
6.280,16.99,25.03,3.829999999999989,16.808967924967135,24.89048904309396,2.1841028774534865,1.02,1.0765409202484,1.08010173820632
6.281,18.13,26.02,3.59,17.256821397137685,25.183736264900975,2.846023434309186,1.02,1.0765409202484,0.846310981858337
6.282,18.1,25.77,3.3499999999999863,16.951297805297997,26.54022806118747,2.4320342288002728,1.02,1.0765409202484,1.06315749783016
6.283,16.21,24.3,3.159999999999985,16.181040347522092,22.87735707202246,2.0414334230405284,1.02,1.0765409202484,1.00893987024521
6.284,16.5,24.54,3.3800000000000052,15.890308265839145,23.720726732221365,4.28092841074662,1.02,1.0765409202484,0.870471282648901
6.285,58.42,31.06,-0.1600000000000268,57.11775491347095,31.033010464527887,-0.5108639611373533,1.02,1.0765409202484,1.20186059010642
6.286,58.13,31.59,-0.39000000000000146,58.149120009559994,29.2023888061953,-0.4951600525799904,1.02,1.0765409202484,1.03340396517978
6.287,58.06,31.69000000000005,-0.21999999999999797,58.406970507545154,31.11886315331047,-2.0503668909263917,1.02,1.0765409202484,1.17449643126999
6.288,58.18,31.35,-0.35000000000000586,57.28611901432522,30.30073409532008,-1.295675958676501,1.02,1.0765409202484,1.0951487337709
6.289,57.58,32.0,0.27999999999999137,56.526811314050434,32.6827676280001,-0.6617484524139128,1.02,1.0765409202484,1.15417393475595
6.290,58.14,31.600000000000072,-0.22999999999999687,59.24579315865853,30.72326399563502,-0.939287326053817,1.02,1.0765409202484,1.14403701671679
6.291,58.25,31.27,-0.20999999999999908,57.03886571172714,30.405145389685195,0.5872878438839324,1.02,1.0765409202484,1.26082410871886
6.292,30.13,6.619999999999987,-30.84,29.111467049760122,6.629185166885931,-30.912460760989013,1.02,1.0765409202484,0.785089175028467
6.293,30.4,7.229999999999986,-31.66,30.48604426815843,5.8561128330113235,-31.349676409920423,1.02,1.0765409202484,0.931694029483929
6.294,30.13,6.61,-30.75,30.26458946164616,6.310125234577884,-31.884565549490873,1.02,1.0765409202484,0.830263844919382
6.295,30.24,6.869999999999987,-31.58,29.845978423923142,6.030476641926713,-31.92650138599723,1.02,1.0765409202484,0.869752255355044
6.296,30.38,6.88,-31.37,29.374144739755636,7.805804495588236,-32.44720485482916,1.02,1.0765409202484,0.867060149852862
6.297,29.93,6.78999999999999,-30.81,30.570187844261426,5.944266894704814,-30.958806204602563,1.02,1.0765409202484,0.884437932921511
6.298,30.09,6.780000000000008,-31.01,29.101124436722756,5.770121769892084,-29.97736888082555,1.02,1.0765409202484,0.885790105357584
6.299,83.38,0.060000000000004494,0.1300000000000079,82.099380919037,0.26281885952306183,0.032490932921591664,1.02,1.0765409202484,0.917869133665515
6.300,84.67,-0.03999999999998449,0.7200000000000095,84.70163084380061,-1.058309100419541,0.7822413378012039,1.02,1.0765409202484,1.47357385896428
6.301,82.69,1.2400000000000189,0.6599999999999939,82.1416495281162,2.099625327210586,-0.8348432005808926,1.02,1.0765409202484,1.86942839245356
6.302,83.89,-0.35000000000001696,-0.23999999999999577,83.1883014253642,-1.142402878717974,-0.9228018446186814,1.02,1.0765409202484,1.37913906208056
6.303,83.92,1.020000000000021,-2.220446049250313e-14,83.20738814983598,1.8781261020104911,-0.7778892715530894,1.02,1.0765409202484,1.45681451511685
6.304,83.43,0.9600000000000164,0.16000000000000458,83.92565156354976,0.14636423580222102,-0.17211683178792736,1.02,1.0765409202484,1.2648917128515
6.305,82.39,-0.7400000000000184,0.06999999999999229,81.03821481545691,-0.8633152766500118,0.8426716701487535,1.02,1.0765409202484,1.19748209295664
6.306,75.9,18.0,79.7,74.31980203208795,17.6004659420656,79.77175305530251,1.02,1.0765409202484,1.17692654040199
6.307,76.11,18.21,79.89,76.24046775883924,16.324835426627104,79.97697850589282,1.02,1.0765409202484,1.09460015216938
6.308,76.19,18.09,79.85,76.13707550199115,18.28846686753316,75.44403554076384,1.02,1.0765409202484,1.16565347044997
6.309,76.17,18.26,80.01,75.26416075900671,16.648915289328936,78.98591600959966,1.02,1.0765409202484,1.06950751942415
6.310,76.1,18.35,79.81,74.88437117593948,19.267495330076766,78.36552222633223,1.02,1.0765409202484,1.16738446524521
6.311,75.84,18.44,80.11,76.9018403884085,17.48738771225411,79.02667211637919,1.02,1.0765409202484,0.905897539093755
6.312,76.09,18.23,79.89,75.3032621641261,16.686212548473854,81.113578790564,1.02,1.0765409202484,1.1925472226265
7.1,86.7658295591843,-6.886886761145572,46.098331195293184,86.75597523399955,-7.080393198347301,47.01948666710658,0.573097,0.604865070364312,0.303627976136129
7.2,86.7658295591843,-6.886886761145572,46.098331195293184,86.81015065275807,-7.0156311121221115,48.143548294773986,0.866109,0.914119392054336,0.660241081727194
7.3,86.7658295591843,-6.886886761145572,46.098331195293184,86.72147020278406,-6.952431806549586,49.033997373122084,1.133267,1.19608656771289,0.952209368236103
7.4,86.7658295591843,-6.886886761145572,46.098331195293184,86.79045710747162,-7.375076072416665,50.369268638287544,1.503841,1.58720232749733,1.34846878492949
7.5,86.7658295591843,-6.886886761145572,46.098331195293184,86.72640091225273,-7.382484873045159,51.294767360664515,1.745145,1.84188235712441,1.63119173231843
7.6,86.7658295591843,-6.886886761145572,46.098331195293184,86.7658295591843,-6.879838482499623,45.06109979171189,0.633423,0.668535077771082,0.348530911713251
7.7,86.7658295591843,-6.886886761145572,46.098331195293184,86.88393433722888,-6.706578234000449,43.372800808825154,1.107413,1.16879942168141,0.9132096188872
7.8,86.7658295591843,-6.886886761145572,46.098331195293184,86.81015065275807,-6.54454079579081,42.356075499388666,1.460751,1.54172375077821,1.25457811257482
7.9,86.7658295591843,-6.886886761145572,46.098331195293184,86.77075601314962,-6.400559670351191,41.671114943323495,1.646038,1.73728163067043,1.4898929656785
7.10,86.7658295591843,-6.886886761145572,46.098331195293184,86.73133114843384,-6.011516371885628,40.75650578800798,1.831325,1.93283951056265,1.82000538350139
7.11,86.7658295591843,-6.886886761145572,46.098331195293184,86.67213705226933,-6.519359340795727,46.06245360662531,0.719603,0.759492231209324,0.250891896402348
7.12,86.7658295591843,-6.886886761145572,46.098331195293184,86.82491586201648,-6.180869257492006,45.907740261294535,1.016924,1.07329441057126,0.465222340880547
7.13,86.7658295591843,-6.886886761145572,46.098331195293184,86.81999459677196,-5.845843362696613,46.06011355057462,1.236683,1.30523515183878,0.697153498677902
7.14,86.7658295591843,-6.886886761145572,46.098331195293184,86.84459621387502,-5.494797933562612,45.9048795604718,1.641729,1.73273377299852,0.926796294823539
7.15,86.7658295591843,-6.886886761145572,46.098331195293184,86.79538120123281,-5.232766535978928,45.990496802659166,1.822707,1.92374379521883,1.10754391973894
7.16,86.7658295591843,-6.886886761145572,46.098331195293184,86.68200747504233,-7.2800643872653055,46.03112187063765,0.650659,0.68672650845873,0.273539295395663
7.17,86.7658295591843,-6.886886761145572,46.098331195293184,86.73133114843384,-7.716392250654735,46.05732678867667,1.245301,1.3143308671826,0.555198106908436
7.18,86.7658295591843,-6.886886761145572,46.098331195293184,86.71653901991426,-8.00499584907055,46.03440374663597,1.443515,1.52353232009056,0.748136633939822
7.19,86.7658295591843,-6.886886761145572,46.098331195293184,86.67707250086858,-8.362911619950285,46.010637201682854,1.736527,1.83278664178058,0.986908193456699
7.20,86.7658295591843,-6.886886761145572,46.098331195293184,86.66226473133806,-8.65521912884809,45.9308745554945,2.012303,2.12384953278296,1.18673263202849
7.21,86.7658295591843,-6.886886761145572,46.098331195293184,87.06548305268728,-6.971535805476991,46.357875036118216,0.56017,0.591221497348576,0.214106544175789
7.22,86.7658295591843,-6.886886761145572,46.098331195293184,87.6499326488179,-6.998575926054295,46.24046019428114,0.909199,0.959597968773457,0.574279422985379
7.23,86.7658295591843,-6.886886761145572,46.098331195293184,87.91079767346552,-6.9129162037571685,46.25462110904115,1.240992,1.30978300951069,0.737567000787505
7.24,86.7658295591843,-6.886886761145572,46.098331195293184,88.5001508082956,-6.999465816761807,46.93454011216565,1.572785,1.65996805024792,1.14387831251439
7.25,86.7658295591843,-6.886886761145572,46.098331195293184,88.85627457640994,-7.076353457979634,46.836957225049545,1.960595,2.06927524072002,1.36025423097947
7.26,86.7658295591843,-6.886886761145572,46.098331195293184,86.86918606662296,-6.8866346751793595,46.259366564223356,0.499844,0.527551489941806,0.0857532549074985
7.27,86.7658295591843,-6.886886761145572,46.098331195293184,86.310560127,-6.8599491075010395,45.83711809189859,0.586024,0.618508643380048,0.306933125460867
7.28,86.7658295591843,-6.886886761145572,46.098331195293184,85.98644320658008,-6.827538965164692,45.86240487816289,0.831637,0.877736530679039,0.511863279618235
7.29,86.7658295591843,-6.886886761145572,46.098331195293184,85.59476319960956,-6.778327863274869,45.48308240631989,1.081559,1.14151227564994,0.787693520177652
7.30,86.7658295591843,-6.886886761145572,46.098331195293184,85.15429599479369,-6.764778352915723,45.601047951278815,1.447824,1.52808017776247,1.06307867142585
7.31,62.650880690858955,0.13654519266420584,0.058882039320318214,62.625639713294134,0.12066569742585909,0.4762072127398431,0.779929,0.823162238616094,0.414427960021443
7.32,62.650880690858955,0.13654519266420584,0.058882039320318214,62.625639713294134,-0.23930804220040347,1.0387363679244865,0.978143,1.03236369152405,1.10825242033826
7.33,62.650880690858955,0.13654519266420584,0.058882039320318214,62.64246883189739,0.1533582167819736,1.1799848157068915,1.456442,1.5371758931063,1.09279885748129
7.34,62.650880690858955,0.13654519266420584,0.058882039320318214,62.692913020733926,0.01805623158557257,1.285774338419876,1.495223,1.57810661215351,1.20777138570803
7.35,62.650880690858955,0.13654519266420584,0.058882039320318214,62.692913020733926,-0.02540492486702295,1.846323252520654,1.960595,2.06927524072002,1.73571318545503
7.36,62.650880690858955,0.13654519266420584,0.058882039320318214,62.49919105553391,0.2242348024581453,-0.3327536373626927,0.685131,0.723109369834027,0.428616123608861
7.37,62.650880690858955,0.13654519266420584,0.058882039320318214,62.659290750877176,0.18314981345957104,-0.4635694024363257,0.814401,0.859545099991391,0.521247588339168
7.38,62.650880690858955,0.13654519266420584,0.058882039320318214,62.776843239021375,0.16514541870898958,-0.8563746576976339,1.297009,1.36890515924555,0.906032234049291
7.39,62.650880690858955,0.13654519266420584,0.058882039320318214,62.692913020733926,0.39394336279507947,-1.3157001232171117,1.572785,1.65996805024792,1.38413185488479
7.40,62.650880690858955,0.13654519266420584,0.058882039320318214,62.667699012913516,0.41961483618679907,-1.5379418235496267,1.76669,1.86462164548397,1.59392405569462
7.41,62.650880690858955,0.13654519266420584,0.058882039320318214,62.516074417933325,0.5583294841873809,0.016021573156987934,0.94798,1.00052868782067,0.630227972466697
7.42,62.650880690858955,0.13654519266420584,0.058882039320318214,62.768458263626584,0.7727134271581781,0.014210382325319237,1.180666,1.24611300210392,0.932361102138941
7.43,62.650880690858955,0.13654519266420584,0.058882039320318214,62.549819377247616,0.9092526415327984,-0.05232830036527858,1.37888,1.45531445501188,1.12824011902413
7.44,62.650880690858955,0.13654519266420584,0.058882039320318214,62.7516829552152,1.1257543621893684,-0.015087479607633902,1.654656,1.74637734601425,1.42774732141551
7.45,62.650880690858955,0.13654519266420584,0.058882039320318214,62.701314100441266,1.4379665212792547,-0.1750687274854279,1.986449,2.09656238675149,1.86767086707263
7.46,62.650880690858955,0.13654519266420584,0.058882039320318214,62.67610547792866,-0.035941736016953385,0.15168631979316505,0.564479,0.595769355020488,0.275172178753487
7.47,62.650880690858955,0.13654519266420584,0.058882039320318214,62.67610547792866,-0.39219220680142275,0.10254731048000565,1.064323,1.12332084496229,0.788922299896085
7.48,62.650880690858955,0.13654519266420584,0.058882039320318214,62.793607836939486,-0.6012431815696773,0.18271982920661234,1.318554,1.39164444760511,1.10554592670147
7.49,62.650880690858955,0.13654519266420584,0.058882039320318214,62.60038251922951,-0.7735769781561097,0.23571948819842703,1.534004,1.61903733120071,1.35192288813507
7.50,62.650880690858955,0.13654519266420584,0.058882039320318214,62.57510908259357,-1.086620819925832,0.31610582258034814,1.904578,2.01015309098516,1.80193443891395
7.51,62.650880690858955,0.13654519266420584,0.058882039320318214,62.89404594163646,0.23980821689933984,-0.02036029978871312,0.749766,0.791327234912709,0.268404799399221
7.52,62.650880690858955,0.13654519266420584,0.058882039320318214,63.16063819673245,0.1411038549282151,0.13800704133009045,0.995379,1.0505551222117,0.438120425945003
7.53,62.650880690858955,0.13654519266420584,0.058882039320318214,63.26843012799614,0.12840079281817296,-0.13780099423930103,1.180666,1.24611300210392,0.557323554866912
7.54,62.650880690858955,0.13654519266420584,0.058882039320318214,63.5160681944692,0.10352450549339087,0.08620181826528572,1.572785,1.65996805024792,0.731850287746402
7.55,62.650880690858955,0.13654519266420584,0.058882039320318214,63.78670046345174,0.03275433208632661,0.10033283052226505,1.917505,2.02379666400089,0.969591759766644
7.56,62.650880690858955,0.13654519266420584,0.058882039320318214,63.28498750291695,0.10692351316887727,0.1648092049777894,0.642041,0.677630793114906,0.547724220647986
7.57,62.650880690858955,0.13654519266420584,0.058882039320318214,62.262057519931304,0.1680545686318924,-0.006596999817132243,0.840255,0.886832246022863,0.340283320119344
7.58,62.650880690858955,0.13654519266420584,0.058882039320318214,62.19404048836513,0.13938089430126643,0.13632189460910382,0.99107,1.04600726453979,0.396285269126743
7.59,62.650880690858955,0.13654519266420584,0.058882039320318214,62.02347818323405,0.10704106282710679,0.2009869779234119,1.258228,1.32797444019834,0.554627507332884
7.60,62.650880690858955,0.13654519266420584,0.058882039320318214,61.68871986942695,0.1668234227281129,-0.006548671054829036,1.615875,1.70544662696705,0.825226605499617
7.61,56.14781730835661,-31.032727213909705,0.3631351818572437,56.2775260131273,-31.64365032262184,0.49914644497890404,0.297321,0.313802179361936,0.298123626333969
7.62,56.14781730835661,-31.032727213909705,0.3631351818572437,56.30739276281291,-32.33876215503179,0.7445140488780089,0.417973,0.441142194175476,0.618327260660294
7.63,56.14781730835661,-31.032727213909705,0.3631351818572437,56.2775260131273,-33.137812148302636,0.6288513149159014,0.486917,0.51390791692607,0.898053665471236
7.64,56.14781730835661,-31.032727213909705,0.3631351818572437,56.13782038190075,-33.58777659649975,0.6851536752002563,0.590333,0.62305650105196,1.07486749213952
7.65,56.14781730835661,-31.032727213909705,0.3631351818572437,56.15781146519707,-34.1114613019734,0.8296250445898545,0.745457,0.786779377240797,1.29815948355518
7.66,56.14781730835661,-31.032727213909705,0.3631351818572437,56.09780494149918,-30.645353511109086,0.26167792982436655,0.323175,0.341089325393409,0.184494554920034
7.67,56.14781730835661,-31.032727213909705,0.3631351818572437,56.247634559754175,-29.8036933518,0.16760872297461038,0.370574,0.391115759784442,0.553292815170935
7.68,56.14781730835661,-31.032727213909705,0.3631351818572437,56.1777914776996,-29.437708477469126,0.17596793827143742,0.448136,0.47297719787886,0.702123826020634
7.69,56.14781730835661,-31.032727213909705,0.3631351818572437,56.13782038190075,-28.591265525705232,0.059338656355967245,0.616187,0.650343647083433,1.08709909982432
7.70,56.14781730835661,-31.032727213909705,0.3631351818572437,56.05774503329822,-28.008155835378577,-0.1990800303106166,0.792856,0.83680581163183,1.38917987452388
7.71,56.14781730835661,-31.032727213909705,0.3631351818572437,56.30739276281291,-31.149644295010827,0.7046599046323765,0.374883,0.395663617456355,0.277781858764294
7.72,56.14781730835661,-31.032727213909705,0.3631351818572437,56.287484338689126,-30.986912187250915,0.9559475494941516,0.435209,0.459333624863124,0.421285275139336
7.73,56.14781730835661,-31.032727213909705,0.3631351818572437,56.14781730835661,-30.958289056418785,1.151289588583504,0.555861,0.586673639676664,0.533088214710166
7.74,56.14781730835661,-31.032727213909705,0.3631351818572437,56.1278206839099,-30.92704735803403,1.599207109196299,0.745457,0.786779377240797,0.83499312816582
7.75,56.14781730835661,-31.032727213909705,0.3631351818572437,56.13782038190075,-30.92287707246588,1.719628631874759,0.827328,0.873188673007127,0.915646003239675
7.76,56.14781730835661,-31.032727213909705,0.3631351818572437,56.077780553594806,-31.211487653784953,0.2437909000341687,0.327484,0.345637183065321,0.128957454457784
7.77,56.14781730835661,-31.032727213909705,0.3631351818572437,56.31734286514889,-31.24136676924305,-0.1186853211438077,0.448136,0.47297719787886,0.372842980918659
7.78,56.14781730835661,-31.032727213909705,0.3631351818572437,56.1777914776996,-31.28807111633852,-0.32614783671853775,0.51708,0.545742920629454,0.479490038901838
7.79,56.14781730835661,-31.032727213909705,0.3631351818572437,56.2974399212883,-31.35543496743748,-0.6566337296213032,0.685131,0.723109369834027,0.716536824488689
7.80,56.14781730835661,-31.032727213909705,0.3631351818572437,56.15781146519707,-31.480469159219147,-0.7963875450994751,0.810092,0.854997242319479,0.805905259205209
7.81,56.14781730835661,-31.032727213909705,0.3631351818572437,56.59484121226073,-31.44851096701928,0.6864708410485143,0.551552,0.582125782004751,0.499051159358967
7.82,56.14781730835661,-31.032727213909705,0.3631351818572437,56.6047126892946,-31.228931551090746,0.7513542478102098,0.530007,0.559386493645191,0.504206356941667
7.83,56.14781730835661,-31.032727213909705,0.3631351818572437,57.45345407206452,-31.626112340253865,0.5707483352316522,1.159121,1.22337371374436,1.23644477775958
7.84,56.14781730835661,-31.032727213909705,0.3631351818572437,55.836615118549915,-30.87025056789289,0.6341729220770587,0.426591,0.4502379095193,0.350715954664555
7.85,56.14781730835661,-31.032727213909705,0.3631351818572437,55.76596934302245,-30.75758499154313,0.39317526153956894,0.452445,0.477525055550773,0.375847850785036
7.86,56.14781730835661,-31.032727213909705,0.3631351818572437,55.05173118091976,-30.46836909938583,0.5297183732212662,0.999688,1.05510297988361,1.0629433932313
7.87,56.14781730835661,-31.032727213909705,0.3631351818572437,54.793133278090764,-30.62125089280493,0.3359837400230159,1.16343,1.22792157141627,1.28594422450559
7.88,56.14781730835661,-31.032727213909705,0.3631351818572437,54.385907130828855,-30.018909903228252,0.7162106382238242,1.59433,1.68270733860748,1.7357897043328
7.89,44.57517149224873,36.95897623838063,23.023442749720434,44.56098859042097,37.53337300960663,23.417166646883924,0.245613,0.259227887298991,0.235301126551208
7.90,44.57517149224873,36.95897623838063,23.023442749720434,44.56098859042097,37.9022620045808,24.026373449697637,0.486917,0.51390791692607,0.501029048069449
7.91,44.57517149224873,36.95897623838063,23.023442749720434,44.56098859042097,38.573629232545095,24.55590075641114,0.81871,0.864092957663303,0.780254950052494
7.92,44.57517149224873,36.95897623838063,23.023442749720434,44.58934775569448,39.080708778986896,25.054252197224102,0.982452,1.03691154919596,1.02575885376779
7.93,44.57517149224873,36.95897623838063,23.023442749720434,44.57517149224873,39.728474247960776,25.63231821607862,1.146194,1.20973014072862,1.31466287228764
7.94,44.57517149224873,36.95897623838063,23.023442749720434,44.475751336901624,36.45871619301294,22.474479602908517,0.379192,0.400211475128267,0.292792033719823
7.95,44.57517149224873,36.95897623838063,23.023442749720434,44.44728545774344,35.97514867395096,22.07342668603668,0.530007,0.559386493645191,0.509793530207883
7.96,44.57517149224873,36.95897623838063,23.023442749720434,44.57517149224873,35.39954406472911,21.687965513027297,0.672204,0.709465796818291,0.727760885766177
7.97,44.57517149224873,36.95897623838063,23.023442749720434,44.4615217478265,34.784355536444046,21.295253235925372,0.956598,1.00962440316449,0.983420283320989
7.98,44.57517149224873,36.95897623838063,23.023442749720434,44.660129768369416,34.01807355502928,20.740462048274278,1.12034,1.18244299469715,1.31828180237278
7.99,44.57517149224873,36.95897623838063,23.023442749720434,44.361726552930975,37.41562592921899,22.66043657728687,0.340411,0.359280756081058,0.41882421072117
7.100,44.57517149224873,36.95897623838063,23.023442749720434,44.404536302425136,37.8041498968496,22.449302934685033,0.590333,0.62305650105196,0.648332387551354
7.101,44.57517149224873,36.95897623838063,23.023442749720434,44.518399976803536,38.07473686942225,22.140307176309605,0.642041,0.677630793114906,0.892619371792106
7.102,44.57517149224873,36.95897623838063,23.023442749720434,44.518399976803536,38.5199617316504,21.88088040056766,0.870418,0.918667249726248,1.19499950376923
7.103,44.57517149224873,36.95897623838063,23.023442749720434,44.60351738852064,38.781692490523824,21.74678819275404,1.029851,1.086937983587,1.36167413851559
7.104,44.57517149224873,36.95897623838063,23.023442749720434,44.475751336901624,36.68757008632567,23.188939720277546,0.236995,0.250132171955167,0.215672263641035
7.105,44.57517149224873,36.95897623838063,23.023442749720434,44.489974232848624,36.194722897087026,23.538594921370194,0.525698,0.554838635973279,0.580202519614188
7.106,44.57517149224873,36.95897623838063,23.023442749720434,44.34744313390436,36.023719100414354,23.780146398492864,0.667895,0.704917939146379,0.798638557944307
7.107,44.57517149224873,36.95897623838063,23.023442749720434,44.518399976803536,35.47267186081682,24.026509610135015,0.797165,0.841353669303742,1.12685824275951
7.108,44.57517149224873,36.95897623838063,23.023442749720434,44.489974232848624,35.282322835386736,24.28942694840972,0.952289,1.00507654549258,1.34347720076863
7.109,44.57517149224873,36.95897623838063,23.023442749720434,44.82933602774889,37.201465820408956,23.049247291811515,0.366265,0.38656790211253,0.26045502093204
7.110,44.57517149224873,36.95897623838063,23.023442749720434,45.06744545788468,37.23859941259777,23.19484369018282,0.60326,0.636700074067697,0.477933852059694
7.111,44.57517149224873,36.95897623838063,23.023442749720434,45.455625795399975,37.534170935574984,23.294607914993804,0.913508,0.964145826445369,0.8621086350459
7.112,44.57517149224873,36.95897623838063,23.023442749720434,45.67525911468617,37.772985385557675,23.457170351200073,1.029851,1.086937983587,1.08944222284532
7.113,44.57517149224873,36.95897623838063,23.023442749720434,45.90691825034913,37.77152031503201,23.52961375158339,1.219447,1.28704372115113,1.30608321910391
7.114,44.57517149224873,36.95897623838063,23.023442749720434,44.29024173172684,36.64180871495354,22.806750108029327,0.318866,0.336541467721497,0.297709503441902
7.115,44.57517149224873,36.95897623838063,23.023442749720434,44.11798295939927,36.44255571564281,22.850197036696862,0.538625,0.568482208989015,0.47251826536472
7.116,44.57517149224873,36.95897623838063,23.023442749720434,43.69756372940281,36.53792507620707,22.597239207905815,0.827328,0.873188673007127,0.848819357595633
7.117,44.57517149224873,36.95897623838063,23.023442749720434,43.43360642568766,36.173492413329456,22.566770196731134,1.03416,1.09148584125891,1.10901620179134
7.118,44.57517149224873,36.95897623838063,23.023442749720434,43.10777397801501,35.995247030617236,22.45824415660518,1.197902,1.26430443279157,1.41769205273371
7.119,35.53763914484171,5.136072695516108,-31.22238489725977,35.53763914484171,5.389201374050023,-31.666006519754795,0.249922,0.263775744970903,0.12432421690719
7.120,35.53763914484171,5.136072695516108,-31.22238489725977,35.57678662601249,5.757573776083436,-32.215479021282846,0.331793,0.350185040737233,0.281860416688556
7.121,35.53763914484171,5.136072695516108,-31.22238489725977,35.557220316613616,5.975550015714787,-32.49381005907558,0.361956,0.382020044440618,0.364229168270083
7.122,35.53763914484171,5.136072695516108,-31.22238489725977,35.4591652676214,6.197173422540309,-33.09189625783191,0.51708,0.545742920629454,0.516749156994431
7.123,35.53763914484171,5.136072695516108,-31.22238489725977,35.61587477028495,6.631998219531255,-33.791556968449996,0.586024,0.618508643380048,0.701234130888093
7.124,35.53763914484171,5.136072695516108,-31.22238489725977,35.57678662601249,4.713825235012292,-30.61248442261443,0.271467,0.286515033330464,0.189278945125528
7.125,35.53763914484171,5.136072695516108,-31.22238489725977,35.419838416026515,4.626252762598815,-30.080879584824196,0.379192,0.400211475128267,0.355572434146113
7.126,35.53763914484171,5.136072695516108,-31.22238489725977,35.57678662601249,4.464714401447301,-29.692206862445435,0.413664,0.436594336503564,0.464631698696503
7.127,35.53763914484171,5.136072695516108,-31.22238489725977,35.51804308244129,4.116769641865137,-29.376575241018386,0.469681,0.495716486238421,0.538647919897658
7.128,35.53763914484171,5.136072695516108,-31.22238489725977,35.51804308244129,3.8108453504914763,-28.866597734178868,0.611878,0.645795789411521,0.695421918687511
7.129,35.53763914484171,5.136072695516108,-31.22238489725977,35.47880617230244,5.44876270984973,-31.418462301950346,0.206832,0.218297168251782,0.175190100891137
7.130,35.53763914484171,5.136072695516108,-31.22238489725977,35.49843210107085,5.589296339391009,-31.369396357973066,0.293012,0.309254321690024,0.295320252165377
7.131,35.53763914484171,5.136072695516108,-31.22238489725977,35.49843210107085,5.796845077769425,-31.29423979613155,0.47399,0.500264343910333,0.48787261775694
7.132,35.53763914484171,5.136072695516108,-31.22238489725977,35.49843210107085,5.971984723945472,-31.32466800680669,0.461063,0.486620770894597,0.611194652474096
7.133,35.53763914484171,5.136072695516108,-31.22238489725977,35.4591652676214,6.2117080274718965,-31.317117608377075,0.676513,0.714013654490203,0.803213129942368
7.134,35.53763914484171,5.136072695516108,-31.22238489725977,35.49843210107085,5.028283215559898,-31.252502818445983,0.271467,0.286515033330464,0.103484024444721
7.135,35.53763914484171,5.136072695516108,-31.22238489725977,35.63539666124247,4.759132209290417,-31.12979434713058,0.323175,0.341089325393409,0.270184826397265
7.136,35.53763914484171,5.136072695516108,-31.22238489725977,35.49843210107085,4.607599744157836,-31.10801592163761,0.405046,0.427498621159739,0.369412325973914
7.137,35.53763914484171,5.136072695516108,-31.22238489725977,35.51804308244129,4.295115566865126,-31.150499441435386,0.512771,0.541195062957542,0.632047916068657
7.138,35.53763914484171,5.136072695516108,-31.22238489725977,35.57678662601249,4.1946606852100725,-31.076481060771734,0.56017,0.591221497348576,0.681384939850361
7.139,35.53763914484171,5.136072695516108,-31.22238489725977,35.713337000914514,5.258877121441769,-31.34049062523,0.25854,0.272871460314727,0.155962280424723
7.140,35.53763914484171,5.136072695516108,-31.22238489725977,35.92647043496338,4.011849162658204,-30.74031944404625,0.435209,0.459333624863124,0.766489345569873
7.141,35.53763914484171,5.136072695516108,-31.22238489725977,35.94575961594815,5.321208705917652,-31.672714250617005,0.452445,0.477525055550773,0.365415668199868
7.142,35.53763914484171,5.136072695516108,-31.22238489725977,36.385512767554296,5.25762129876009,-31.828850579771373,0.814401,0.859545099991391,0.745839574131634
7.143,35.53763914484171,5.136072695516108,-31.22238489725977,36.59324408308341,5.3495512269459695,-31.940680692660305,0.90489,0.955050111101545,0.914823636683412
7.144,35.53763914484171,5.136072695516108,-31.22238489725977,35.321257195674356,5.115576660461696,-31.15657846473724,0.25854,0.272871460314727,0.180396434089877
7.145,35.53763914484171,5.136072695516108,-31.22238489725977,35.00322419703488,5.1527974061138515,-30.949554405810563,0.551552,0.582125782004751,0.467202865854137
7.146,35.53763914484171,5.136072695516108,-31.22238489725977,34.82257371938761,5.1345464949746065,-30.839932869635113,0.702367,0.741300800521676,0.622290049813181
7.147,35.53763914484171,5.136072695516108,-31.22238489725977,34.57969032915931,5.144741481081877,-30.717818733242165,0.870418,0.918667249726248,0.833595987199042
7.148,35.53763914484171,5.136072695516108,-31.22238489725977,34.31390693780456,5.050787907316195,-30.634241814515594,0.986761,1.04145940686788,1.03733865501403
7.149,86.75597523399955,-7.0805049942097575,47.01950767756114,86.7658295591843,-6.87995126180313,45.061121121607314,0.805783,0.850449384647567,0.638467084531517
7.150,86.75597523399955,-7.0805049942097575,47.01950767756114,86.67213705226933,-6.5194715769039675,46.06247477283212,0.676513,0.714013654490203,0.436177153789472
7.151,86.75597523399955,-7.0805049942097575,47.01950767756114,86.68200747504233,-7.280176520205628,46.031143001653476,0.710985,0.7503965158655,0.385588115662238
7.152,86.75597523399955,-7.0805049942097575,47.01950767756114,87.06548305268728,-6.971648341004888,46.35789624084199,0.719603,0.759492231209324,0.293208220537095
7.153,86.75597523399955,-7.0805049942097575,47.01950767756114,86.86918606662296,-6.886747013593375,46.25938773417913,0.667895,0.704917939146379,0.265804970452384
7.154,62.625639713294134,0.12035648948244271,0.4761696236759594,62.49919105553391,0.2239241642348344,-0.3327905081242033,1.012615,1.06874655289935,0.824141300397129
7.155,62.625639713294134,0.12035648948244271,0.4761696236759594,62.516074417933325,0.5580197636810835,0.015984371805322084,0.952289,1.00507654549258,0.798215940290401
7.156,62.625639713294134,0.12035648948244271,0.4761696236759594,62.67610547792866,-0.036251993354052825,0.15164899210986515,0.771311,0.81406652327227,0.398137442923225
7.157,62.625639713294134,0.12035648948244271,0.4761696236759594,62.89404594163646,0.2394967895999467,-0.020397616806855368,0.844564,0.891380103694776,0.571654842070686
7.158,62.625639713294134,0.12035648948244271,0.4761696236759594,63.28498750291695,0.10661094074038147,0.16477156366714318,0.598951,0.632152216395785,0.636398914792151
7.159,56.2775260131273,-31.643415768277173,0.49913346781380596,56.09780494149918,-30.645119292013078,0.2616647959834406,0.361956,0.382020044440618,0.480975908758593
7.160,56.2775260131273,-31.643415768277173,0.49913346781380596,56.30739276281291,-31.149410240297826,0.7046470403817118,0.310248,0.327445752377673,0.253888053528939
7.161,56.2775260131273,-31.643415768277173,0.49913346781380596,56.077780553594806,-31.21125329326163,0.24377777830413283,0.349029,0.368376471424882,0.310720001273478
7.162,44.56098859042097,37.53320552085226,23.417183948554566,44.475751336901624,36.45854859204412,22.47449734817445,0.611878,0.645795789411521,0.507704961658442
7.163,44.56098859042097,37.53320552085226,23.417183948554566,44.361726552930975,37.4154582583397,22.660454237915538,0.370574,0.391115759784442,0.457652180304936
7.164,44.56098859042097,37.53320552085226,23.417183948554566,44.475751336901624,36.687403116426154,23.18895704965158,0.405046,0.427498621159739,0.339004365236093
7.165,44.56098859042097,37.53320552085226,23.417183948554566,44.82933602774889,37.20129739375177,23.049264915723487,0.327484,0.345637183065321,0.31251708202167
7.166,44.56098859042097,37.53320552085226,23.417183948554566,44.29024173172684,36.641641881767995,22.806767579449794,0.564479,0.595769355020488,0.445237031348623
7.167,35.53763914484171,5.389317492980577,-31.665985979461265,35.57678662601249,4.7139401146440445,-30.612463808610592,0.34472,0.36382861375297,0.307763519221066
7.168,35.53763914484171,5.389317492980577,-31.665985979461265,35.47880617230244,5.44887830606891,-31.418441762159453,0.284394,0.3001586063462,0.177449618254526
7.169,35.53763914484171,5.389317492980577,-31.665985979461265,35.49843210107085,5.028398836409432,-31.25248227961981,0.314557,0.331993610049585,0.15708454948348
7.170,35.53763914484171,5.389317492980577,-31.665985979461265,35.713337000914514,5.258993019988195,-31.340469984457908,0.271467,0.286515033330464,0.176750887991696
7.171,35.53763914484171,5.389317492980577,-31.665985979461265,35.321257195674356,5.115691835014618,-31.156557991453926,0.331793,0.350185040737233,0.229231886755082
7.172,86.81015065275807,-7.015765527611462,48.1434476614611,86.88393433722888,-6.706715429069421,43.37270490391602,1.719291,1.81459521109294,1.56989910488383
7.173,86.81015065275807,-7.015765527611462,48.1434476614611,86.82491586201648,-6.18100470046945,45.90764175083493,0.99107,1.04600726453979,0.819733487314654
7.174,86.81015065275807,-7.015765527611462,48.1434476614611,86.73133114843384,-7.716527952812024,46.05722857529315,1.271155,1.34161801321408,0.919217629156278
7.175,86.81015065275807,-7.015765527611462,48.1434476614611,87.6499326488179,-6.998712721472566,46.240361130638206,1.516768,1.60084590051307,0.825444916404479
7.176,86.81015065275807,-7.015765527611462,48.1434476614611,86.310560127,-6.860084007689782,45.83702009748614,1.016924,1.07329441057126,0.811818034561871
7.177,62.625639713294134,-0.23944473055187432,1.0386475053027588,62.659290750877176,0.18301176067281322,-0.4636579538232155,1.439206,1.51898446241865,1.60861596279644
7.178,62.625639713294134,-0.23944473055187432,1.0386475053027588,62.768458263626584,0.772576138392489,0.014121422550505969,1.370262,1.44621873966805,1.81597356395443
7.179,62.625639713294134,-0.23944473055187432,1.0386475053027588,62.67610547792866,-0.3923301037287996,0.10245871566407772,1.404734,1.48260160104335,0.943203581642223
7.180,62.625639713294134,-0.23944473055187432,1.0386475053027588,63.16063819673245,0.14096554483211676,0.13791775857820987,1.219447,1.28704372115113,1.13794718784574
7.181,62.625639713294134,-0.23944473055187432,1.0386475053027588,62.262057519931304,0.1679176953379713,-0.00668523349156569,1.150503,1.21427799840054,1.22900954633046
7.182,56.30739276281291,-32.338751143652644,0.7444675550189128,56.247634559754175,-29.803681247709545,0.1675618671290291,0.573097,0.604865070364312,1.14151638579163
7.183,56.30739276281291,-32.338751143652644,0.7444675550189128,56.287484338689126,-30.98690064618692,0.9559009308409694,0.461063,0.486620770894597,0.588606993228462
7.184,56.30739276281291,-32.338751143652644,0.7444675550189128,56.31734286514889,-31.241355207934475,-0.1187320892791277,0.499844,0.527551489941806,0.736086780008997
7.185,56.30739276281291,-32.338751143652644,0.7444675550189128,57.45345407206452,-31.626100627718202,0.5707009240334182,1.12034,1.18244299469715,1.10125387835512
7.186,56.30739276281291,-32.338751143652644,0.7444675550189128,55.76596934302245,-30.757573471538848,0.39312889730163114,0.706676,0.745848658193588,0.864152761195807
7.187,56.30739276281291,-32.338751143652644,0.7444675550189128,54.793133278090764,-30.621239639784303,0.3359380316738436,1.396116,1.47350588569953,1.61677673563292
7.188,44.56098859042097,37.901998034951035,24.026156614974514,44.44728545774344,35.9748809105665,22.07321940794642,0.90489,0.955050111101545,1.00102302341556
7.189,44.56098859042097,37.901998034951035,24.026156614974514,44.404536302425136,37.8038840525991,22.449092485847245,0.64635,0.682178650786818,0.91078367365473
7.190,44.56098859042097,37.901998034951035,24.026156614974514,44.489974232848624,36.19445755701717,23.538381886476913,0.685131,0.723109369834027,0.667718774554268
7.191,35.57678662601249,5.757493504298966,-32.21535195242685,35.419838416026515,4.626176704201901,-30.080756741799732,0.629114,0.663987220099169,0.621114722425106
7.192,35.57678662601249,5.757493504298966,-32.21535195242685,35.49843210107085,5.589217336923802,-31.369270908336766,0.417973,0.441142194175476,0.346809445930211
7.193,35.57678662601249,5.757493504298966,-32.21535195242685,35.63539666124247,4.7590546535365155,-31.129669413997206,0.396428,0.418402905815915,0.429866988782282
7.194,86.72147020278406,-6.952600082149929,49.03401581095122,86.81015065275807,-6.544714203617408,42.356096148707145,2.150191,2.26938097828415,2.20019935314942
7.195,86.72147020278406,-6.952600082149929,49.03401581095122,86.81999459677196,-5.846014174645475,46.06013302990502,1.228065,1.29613943649495,1.08824679430831
7.196,86.72147020278406,-6.952600082149929,49.03401581095122,86.71653901991426,-8.005166025074006,46.03442308794783,1.76669,1.86462164548397,1.33470393925475
7.197,86.72147020278406,-6.952600082149929,49.03401581095122,87.91079767346552,-6.9130888310366405,46.25464083798387,2.227753,2.35124241637857,1.18312839848625
7.198,86.72147020278406,-6.952600082149929,49.03401581095122,85.98644320658008,-6.827708049455983,45.86242408965355,1.486605,1.56901089680968,1.12956833732335
7.199,62.64246883189739,0.15331603614493483,1.1799271839062042,62.776843239021375,0.1651024912898147,-0.856432257385209,2.094174,2.21025882854929,1.99843040513978
7.200,62.64246883189739,0.15331603614493483,1.1799271839062042,62.549819377247616,0.9092104548252267,-0.05238589926344073,1.538313,1.62358518887263,1.65281691263875
7.201,62.64246883189739,0.15331603614493483,1.1799271839062042,62.793607836939486,-0.6012861263096081,0.18266227867760332,1.844252,1.94648308357839,1.48523760259898
7.202,62.64246883189739,0.15331603614493483,1.1799271839062042,63.26843012799614,0.12835782372727644,-0.13785898843652333,1.7236,1.81914306876485,1.39434212062045
7.203,62.64246883189739,0.15331603614493483,1.1799271839062042,62.19404048836513,0.13933860462395087,0.1362646673024548,1.473678,1.55536732379395,1.08457075131742
7.204,56.2775260131273,-33.137940113306726,0.6287774271269919,56.1777914776996,-29.437833451278873,0.1758934926628708,0.853182,0.9004758190386,1.59307803468244
7.205,56.2775260131273,-33.137940113306726,0.6287774271269919,56.14781730835661,-30.95841423106027,1.1512153285489157,0.702367,0.741300800521676,0.988259731920381
7.206,56.2775260131273,-33.137940113306726,0.6287774271269919,56.1777914776996,-31.288198374382127,-0.32622184136863464,0.594642,0.627604358723873,1.00066960550991
7.207,44.56098859042097,38.573724315756394,24.555576237150024,44.57517149224873,35.39963351280417,21.68765529136163,1.279773,1.3507137285579,1.5059249263214
7.208,44.56098859042097,38.573724315756394,24.555576237150024,44.518399976803536,38.07483223795638,22.13999171779446,0.866109,0.914119392054336,1.30113690566034
7.209,44.56098859042097,38.573724315756394,24.555576237150024,44.34744313390436,36.02380869130917,23.779829262379405,0.969525,1.02326797618023,1.00400707881983
7.210,44.56098859042097,38.573724315756394,24.555576237150024,45.455625795399975,37.53426466326909,23.294286720622015,0.917817,0.968693684117282,1.04627280180266
7.211,44.56098859042097,38.573724315756394,24.555576237150024,43.69756372940281,36.53801632030218,22.59692718339512,1.189284,1.25520871744775,1.28355966155084
7.212,35.557220316613616,5.975243591066853,-32.493744251908616,35.57678662601249,4.464419822181265,-29.69214582396932,0.706676,0.745848658193588,0.79878127399432
7.213,35.557220316613616,5.975243591066853,-32.493744251908616,35.49843210107085,5.796544009220583,-31.294175994499152,0.598951,0.632152216395785,0.523332171399158
7.214,35.557220316613616,5.975243591066853,-32.493744251908616,35.49843210107085,4.607299452615926,-31.107952637216062,0.456754,0.482072913222685,0.598372332334283
7.215,35.557220316613616,5.975243591066853,-32.493744251908616,35.92647043496338,4.011549018514055,-30.740256747092644,0.439518,0.463881482535036,0.962314014745978
7.216,35.557220316613616,5.975243591066853,-32.493744251908616,34.82257371938761,5.134249558292392,-30.839870083183918,0.844564,0.891380103694776,0.766336280906084
7.217,86.79045710747162,-7.375172782476291,50.369302143230854,86.77075601314962,-6.400660217253495,41.67114883547238,2.632799,2.77874103753831,2.83540705228185
7.218,86.79045710747162,-7.375172782476291,50.369302143230854,86.84459621387502,-5.494896926639347,45.90491334662112,1.908887,2.01470094865707,1.69609806882415
7.219,86.79045710747162,-7.375172782476291,50.369302143230854,86.67707250086858,-8.363009756822414,46.01067066908764,2.102792,2.21935454389311,1.70465351006871
7.220,86.79045710747162,-7.375172782476291,50.369302143230854,88.5001508082956,-6.999565974377453,46.934574304835365,2.731906,2.88334176399228,1.53692296325193
7.221,86.79045710747162,-7.375172782476291,50.369302143230854,85.59476319960956,-6.778425303360258,45.48311565586198,2.059702,2.17387596717399,1.73351374900175
7.222,62.692913020733926,0.018020805553853325,1.2857434604606643,62.692913020733926,0.393907302230434,-1.3157308521847488,2.400113,2.53315672325505,2.60233151905256
7.223,62.692913020733926,0.018020805553853325,1.2857434604606643,62.7516829552152,1.1257188279558128,-0.015118379532408355,1.930432,2.03744023701663,2.07554707630676
7.224,62.692913020733926,0.018020805553853325,1.2857434604606643,62.60038251922951,-0.7736128550041577,0.23568879240907226,2.064011,2.17842382484591,1.5510466537249
7.225,62.692913020733926,0.018020805553853325,1.2857434604606643,63.5160681944692,0.1034883930461361,0.08617069990211057,1.814089,1.914648079875,1.36270424474039
7.226,62.692913020733926,0.018020805553853325,1.2857434604606643,62.02347818323405,0.10700566224686181,0.20095643499979943,1.710673,1.80549949574911,1.20327736956508
7.227,56.13782038190075,-33.58755338003938,0.6850252091039621,56.13782038190075,-28.591036933536095,0.059207860898990994,1.193593,1.25975657511966,2.15918551635632
7.228,56.13782038190075,-33.58755338003938,0.6850252091039621,56.1278206839099,-30.926823953815685,1.5990785747068914,0.943671,0.995980830148754,1.27847582296959
7.229,56.13782038190075,-33.58755338003938,0.6850252091039621,56.2974399212883,-31.3552065664916,-0.6567645550033196,0.758384,0.800422950256533,1.29424678992036
7.230,56.13782038190075,-33.58755338003938,0.6850252091039621,54.793133278090764,-30.621029260777256,0.335856545648916,1.503841,1.58720232749733,1.77836243911673
7.231,44.58934775569448,39.08073030870446,25.054230400583457,44.4615217478265,34.78437668109713,21.29523246956968,1.546931,1.63268090421645,1.99873382850983
7.232,44.58934775569448,39.08073030870446,25.054230400583457,44.518399976803536,38.51998356159486,21.88085916778334,1.081559,1.14151227564994,1.72219332581613
7.233,44.58934775569448,39.08073030870446,25.054230400583457,44.518399976803536,35.47269278352355,24.026488381628653,1.240992,1.30978300951069,1.40644163864245
7.234,35.4591652676214,6.196871898959788,-33.09177859791104,35.51804308244129,4.116484880099885,-29.37646627754359,0.840255,0.886832246022863,1.04744883647259
7.235,35.4591652676214,6.196871898959788,-33.09177859791104,35.49843210107085,5.9716907164082125,-31.324554315016062,0.698058,0.736752942849763,0.791574552832842
7.236,35.4591652676214,6.196871898959788,-33.09177859791104,35.51804308244129,4.294823416767874,-31.150386656798133,0.607569,0.641247931739609,0.820880850795629
7.237,86.72640091225273,-7.38263127534966,51.29478361952613,86.73133114843384,-6.011669755149329,40.756525055733746,2.796541,2.95155962907097,3.4372402966013
7.238,86.72640091225273,-7.38263127534966,51.29478361952613,86.79538120123281,-5.232916710990576,45.990514637594515,2.150191,2.26938097828415,1.97909431502218
7.239,86.72640091225273,-7.38263127534966,51.29478361952613,86.66226473133806,-8.655368475077696,45.930892205534946,2.447512,2.58318315764608,2.1103844578141
7.240,86.72640091225273,-7.38263127534966,51.29478361952613,88.85627457640994,-7.0765063655120475,46.83697535626528,3.248986,3.42908468462174,1.9517560181401
7.241,86.72640091225273,-7.38263127534966,51.29478361952613,85.15429599479369,-6.764925607551209,45.60106532887443,2.41304,2.54680029627079,2.06416479777528
7.242,62.692913020733926,-0.025525748824417605,1.8463105034097316,62.667699012913516,0.4194908636205863,-1.5379534700818098,2.805159,2.96065534441479,3.35141565262993
7.243,62.692913020733926,-0.025525748824417605,1.8463105034097316,62.701314100441266,1.437843959815388,-0.17508085917068428,2.313933,2.44219956981681,2.9214174492907
7.244,62.692913020733926,-0.025525748824417605,1.8463105034097316,62.57510908259357,-1.0867430578487824,0.31609363421860603,2.503529,2.64230530738094,2.1382138103764
7.245,62.692913020733926,-0.025525748824417605,1.8463105034097316,63.78670046345174,0.03263015525073465,0.1003204882227271,2.490602,2.62866173436521,1.91155600918827
7.246,62.692913020733926,-0.025525748824417605,1.8463105034097316,61.68871986942695,0.16670242935062918,-0.00656065911108783,2.227753,2.35124241637857,2.00149536177778
7.247,56.15781146519707,-34.1114668264737,0.8295323992704606,56.05774503329822,-28.00815605770879,-0.19917430804949898,1.2927,1.36435730157364,2.68084625062854
7.248,56.15781146519707,-34.1114668264737,0.8295323992704606,56.13782038190075,-30.922879784823053,1.7195354039835742,1.03416,1.09148584125891,1.46240215482953
7.249,56.15781146519707,-34.1114668264737,0.8295323992704606,56.15781146519707,-31.480472424425642,-0.7964812366503704,0.969525,1.02326797618023,1.52914652985997
7.250,44.57517149224873,39.72815094261306,25.632041471795464,44.660129768369416,34.01773548704767,20.74021538051737,1.917505,2.02379666400089,2.61919854738246
7.251,44.57517149224873,39.72815094261306,25.632041471795464,44.60351738852064,38.781360410799046,21.746531549356305,1.24961,1.31887872485451,2.05091307129697
7.252,44.57517149224873,39.72815094261306,25.632041471795464,44.489974232848624,35.28199454927633,24.289163077699705,1.50815,1.59175018516924,1.71987348233579
7.253,44.57517149224873,39.72815094261306,25.632041471795464,45.90691825034913,37.77118266900642,23.52934789961808,1.301318,1.37345301691746,1.62738437233363
7.254,44.57517149224873,39.72815094261306,25.632041471795464,43.10777397801501,35.99492458945663,22.45799044654274,1.883033,1.9874138026256,2.1563008113789
7.255,35.61587477028495,6.631882016022911,-33.79150751635236,35.51804308244129,3.8107379828882793,-28.866552994934402,1.116031,1.17789513702524,1.38426024729082
7.256,35.61587477028495,6.631882016022911,-33.79150751635236,35.4591652676214,6.211596145884957,-31.317070490940857,0.943671,0.995980830148754,1.05898014886563
7.257,35.61587477028495,6.631882016022911,-33.79150751635236,35.57678662601249,4.194549703548711,-31.076434381273334,0.650659,0.68672650845873,1.00602182164929
7.258,35.61587477028495,6.631882016022911,-33.79150751635236,36.59324408308341,5.349437314553257,-31.940632730435535,0.935053,0.98688511480493,0.968466173635409
7.259,35.61587477028495,6.631882016022911,-33.79150751635236,34.31390693780456,5.0506788302374925,-30.63419587203604,1.202211,1.26885229046348,1.39077830760555
7.260,86.7658295591843,-6.879953493182267,45.0610094225081,86.67213705226933,-6.519473627479677,46.06236228685343,0.762693,0.804970807928445,0.460815734140851
7.261,86.7658295591843,-6.879953493182267,45.0610094225081,86.68200747504233,-7.280178933615322,46.031030759604974,0.667895,0.704917939146379,0.375128802654461
7.262,62.49919105553391,0.22395683649600873,-0.3327535686703076,62.516074417933325,0.5580522525558962,0.01602137243352786,1.090177,1.15060799099377,0.599172468823163
7.263,62.49919105553391,0.22395683649600873,-0.3327535686703076,62.67610547792866,-0.0362192934338923,0.1516860144102905,0.797165,0.841353669303742,0.636158030716352
7.264,56.09780494149918,-30.645109504672806,0.261565512347528,56.30739276281291,-31.14940084139389,0.7045477009030465,0.38781,0.409307190472091,0.414594341568057
7.265,56.09780494149918,-30.645109504672806,0.261565512347528,56.077780553594806,-31.21124403044473,0.24367867057608628,0.288703,0.304706464018112,0.242483274455523
7.266,44.475751336901624,36.458564998938456,22.47446457088208,44.361726552930975,37.41547487911956,22.66042129014627,0.499844,0.527551489941806,0.398192121789233
7.267,44.475751336901624,36.458564998938456,22.47446457088208,44.475751336901624,36.687419507541065,23.188924018989553,0.366265,0.38656790211253,0.375592779693862
7.268,35.57678662601249,4.71352314487572,-30.612431580610743,35.47880617230244,5.448457594152717,-31.41840814956961,0.318866,0.336541467721497,0.332486062854699
7.269,35.57678662601249,4.71352314487572,-30.612431580610743,35.49843210107085,5.0279786838318685,-31.25244897966226,0.262849,0.277419317986639,0.195221050531716
7.270,86.88393433722888,-6.706715704119626,43.372801627382444,86.82491586201648,-6.181005190850297,45.90774016077197,1.262537,1.33252229787025,1.00435887386333
7.271,86.88393433722888,-6.706715704119626,43.372801627382444,86.73133114843384,-7.716527797821337,46.05732661957025,1.361644,1.43712302432423,1.00754296386699
7.272,62.659290750877176,0.18280401052056527,-0.46365008627240467,62.768458263626584,0.7723688852379063,0.014129034614196456,1.516768,1.60084590051307,0.985494186790541
7.273,62.659290750877176,0.18280401052056527,-0.46365008627240467,62.67610547792866,-0.39253698233226997,0.10246624288974271,1.189284,1.25520871744775,1.01854094477878
7.274,56.247634559754175,-29.803452341445215,0.16759977532643244,56.287484338689126,-30.98667241717623,0.955939152380636,0.495535,0.523003632269894,0.733481446770748
7.275,56.247634559754175,-29.803452341445215,0.16759977532643244,56.31734286514889,-31.241124403181107,-0.11869443578023109,0.521389,0.550290778301367,0.65192357594173
7.276,56.247634559754175,-29.803452341445215,0.16759977532643244,55.76596934302245,-30.757345710704488,0.39316655316705695,0.590333,0.62305650105196,0.628145276876227
7.277,56.247634559754175,-29.803452341445215,0.16759977532643244,54.793133278090764,-30.621014642742693,0.33597512158682896,1.361644,1.43712302432423,1.41618269944824
7.278,44.44728545774344,35.97521859456376,22.0733607846343,44.404536302425136,37.80422077821671,22.449236322113798,0.754075,0.795875092584621,0.729324654113503
7.279,44.44728545774344,35.97521859456376,22.0733607846343,44.489974232848624,36.19479233655037,23.538528287168425,0.659277,0.695822223802554,0.817707926487772
7.280,44.44728545774344,35.97521859456376,22.0733607846343,45.06744545788468,37.23867021462868,23.19477644893174,0.870418,0.918667249726248,0.837074101389706
7.281,44.44728545774344,35.97521859456376,22.0733607846343,44.11798295939927,36.4426252708418,22.850130904226983,0.435209,0.459333624863124,0.497123644535621
7.282,35.419838416026515,4.6260257716736755,-30.080792680643654,35.49843210107085,5.589064421667011,-31.36930697603495,0.422282,0.445690051847388,0.426455521057616
7.283,35.419838416026515,4.6260257716736755,-30.080792680643654,35.63539666124247,4.758901206278921,-31.129705495691727,0.616187,0.650343647083433,0.493555103974534
7.284,35.419838416026515,4.6260257716736755,-30.080792680643654,35.92647043496338,4.011619121577159,-30.74023124314893,0.676513,0.714013654490203,0.898298961204831
7.285,35.419838416026515,4.6260257716736755,-30.080792680643654,35.00322419703488,5.152568321789341,-30.94946618402491,0.469681,0.495716486238421,0.428279120915142
7.286,86.81015065275807,-102.9697468611715,72.14989069799455,86.81999459677196,-100.94646972344401,76.05126661736792,1.650347,1.74182948834234,1.20291476275609
7.287,86.81015065275807,-102.9697468611715,72.14989069799455,86.71653901991426,-102.80944750749555,75.83734147718046,1.727909,1.82369092643676,0.902476366618315
7.288,62.776843239021375,0.16499491098698194,-0.856471086060373,62.549819377247616,0.9091041149971724,-0.05242490137724598,1.878724,1.98286594495368,1.36018005319696
7.289,62.776843239021375,0.16499491098698194,-0.856471086060373,62.793607836939486,-0.6013931171411357,0.18262325854938588,1.46506,1.54627160845012,1.51803760245642
7.290,56.1777914776996,-29.43758171665617,0.17591898491415847,56.14781730835661,-30.9581638536654,1.151241305229167,0.633423,0.668535077771082,0.924608824440535
7.291,56.1777914776996,-29.43758171665617,0.17591898491415847,56.1777914776996,-31.287944195538596,-0.32619678248659856,0.624805,0.659439362427257,0.868510337250559
7.292,56.1777914776996,-29.43758171665617,0.17591898491415847,57.45345407206452,-31.62598419411805,0.5706989175858768,1.318554,1.39164444760511,1.52749694153157
7.293,44.57517149224873,35.399492389150744,21.68787369451971,44.518399976803536,38.07468663998459,22.14021362742622,0.969525,1.02326797618023,1.084991068374
7.294,44.57517149224873,35.399492389150744,21.68787369451971,44.34744313390436,36.023668684160235,23.78005170326193,0.805783,0.850449384647567,1.13155870029394
7.295,35.57678662601249,4.46427131826796,-29.692175766834307,35.49843210107085,5.79639340882801,-31.294205862691847,0.495535,0.523003632269894,0.591020962312357
7.296,35.57678662601249,4.46427131826796,-29.692175766834307,35.49843210107085,4.607148200237776,-31.107982419107906,0.64635,0.682178650786818,0.645211454721766
7.297,86.77075601314962,-6.400726582986183,41.67111370987344,86.84459621387502,-5.494962037904894,45.904876427890294,1.827016,1.92829165289074,1.69727563835681
7.298,86.77075601314962,-6.400726582986183,41.67111370987344,86.67707250086858,-8.363075025732304,46.01063401593728,2.120028,2.23754597458076,1.74488242990047
7.299,86.77075601314962,-6.400726582986183,41.67111370987344,88.5001508082956,-6.999632206437401,46.93453680812265,2.201899,2.32395527034709,2.07988319211861
7.300,86.77075601314962,-6.400726582986183,41.67111370987344,85.59476319960956,-6.778489731706971,45.48307926090482,2.473366,2.61047030367756,1.49888487553641
7.301,62.692913020733926,0.3938135420241684,-1.3157928490763915,62.7516829552152,1.1256263336569816,-0.015180796630831495,2.1545,2.27392883595606,1.6549692195214
7.302,62.692913020733926,0.3938135420241684,-1.3157928490763915,62.60038251922951,-0.7737059741246832,0.23562677328083925,1.878724,1.98286594495368,2.27029099052526
7.303,62.692913020733926,0.3938135420241684,-1.3157928490763915,63.5160681944692,0.10339453922475483,0.08610783573297365,1.956286,2.0647273830481,1.58347930297319
7.304,62.692913020733926,0.3938135420241684,-1.3157928490763915,62.02347818323405,0.10691365775700179,0.2008947266239014,1.874415,1.97831808728177,1.63434583618122
7.305,56.13782038190075,-28.591132233851567,0.059237764222475064,56.1278206839099,-30.926917620446524,1.5991077828637845,0.887654,0.936858680413897,1.44473909563376
7.306,56.13782038190075,-28.591132233851567,0.059237764222475064,56.2974399212883,-31.355302411140094,-0.6567345617917164,0.956598,1.00962440316449,1.30467713928353
7.307,56.13782038190075,-28.591132233851567,0.059237764222475064,54.793133278090764,-30.62112224602004,0.3358855934943561,1.288391,1.35980944390172,1.55875796756294
7.308,44.4615217478265,34.783956280290965,21.295021322673925,44.518399976803536,38.51956503140119,21.880641516943243,1.318554,1.39164444760511,1.52184417869081
7.309,44.4615217478265,34.783956280290965,21.295021322673925,44.518399976803536,35.47227948885545,24.026264108220186,0.99107,1.04600726453979,1.47669537737264
7.310,44.4615217478265,34.783956280290965,21.295021322673925,45.67525911468617,37.77258352645946,23.456923205439672,1.546931,1.63268090421645,1.71731099977619
7.311,44.4615217478265,34.783956280290965,21.295021322673925,43.43360642568766,36.173104981618906,22.56653248119508,1.003997,1.05965083755552,1.17772948206565
7.312,35.51804308244129,4.116853881699828,-29.376494012582434,35.49843210107085,5.972068638601752,-31.32458498622721,0.551552,0.582125782004751,0.846075023047172
7.313,35.51804308244129,4.116853881699828,-29.376494012582434,35.51804308244129,4.295201698439749,-31.150416923916435,0.767002,0.809518665600357,0.795391193371402
7.314,35.51804308244129,4.116853881699828,-29.376494012582434,36.385512767554296,5.257707786899352,-31.82876634996755,1.03416,1.09148584125891,1.02039953282201
7.315,35.51804308244129,4.116853881699828,-29.376494012582434,34.57969032915931,5.14482487300233,-30.717737400797475,0.844564,0.891380103694776,0.902057784744368
7.316,86.73133114843384,-6.011624359926193,40.75643137589786,86.79538120123281,-5.2328719630330145,45.990418243526406,2.081247,2.19661525553355,1.9860059252059
7.317,86.73133114843384,-6.011624359926193,40.75643137589786,86.66226473133806,-8.655325296094308,45.93079681091859,2.438894,2.57408744230226,2.21135023550563
7.318,62.667699012913516,0.41939590876782784,-1.538020821793018,62.701314100441266,1.4377505524442724,-0.17514868249939308,2.296697,2.42400813912916,1.97826614737287
7.319,62.667699012913516,0.41939590876782784,-1.538020821793018,62.57510908259357,-1.0868373718551094,0.31602629685616446,2.275152,2.4012688507696,2.81435611036367
7.320,56.05774503329822,-28.008030943054983,-0.19911967925163587,56.13782038190075,-30.92275469440725,1.719590069012411,1.090177,1.15060799099377,1.81385065801615
7.321,56.05774503329822,-28.008030943054983,-0.19911967925163587,56.15781146519707,-31.480343918591835,-0.7964271483854146,1.060014,1.11877298729038,1.5726571108943
7.322,44.660129768369416,34.018013602702624,20.740465674601637,44.60351738852064,38.781632061320124,21.746791639885544,1.577094,1.66451590791984,1.89683696063275
7.323,44.660129768369416,34.018013602702624,20.740465674601637,44.489974232848624,35.2822641908741,24.289429682725782,1.116031,1.17789513702524,1.87168511460224
7.324,35.51804308244129,3.81060505665054,-28.866590016798245,35.4591652676214,6.211460879684328,-31.31710782151913,0.749766,0.791327234912709,1.1168314098341
7.325,35.51804308244129,3.81060505665054,-28.866590016798245,35.57678662601249,4.194412814751885,-31.076471565410834,0.896272,0.945954395757721,0.89528349453254
7.326,86.67213705226933,-6.519558598634678,46.06241949582053,86.68200747504233,-7.280263693587308,46.03108785269092,0.999688,1.05510297988361,0.510443530289591
7.327,62.516074417933325,0.5582046943676255,0.01604474330929584,62.67610547792866,-0.0360665637400559,0.15170944875286807,1.137576,1.2006344253848,0.899024941192269
7.328,56.30739276281291,-31.149743239207883,0.7045193228325752,56.077780553594806,-31.211586946489234,0.24365078479127167,0.400737,0.422950763487827,0.378367211834403
7.329,44.361726552930975,37.41524926173645,22.660307184216645,44.475751336901624,36.68719412551086,23.18880895588441,0.512771,0.541195062957542,0.571797676889561
7.330,35.47880617230244,5.448350517287453,-31.41834329612375,35.49843210107085,5.027872086482393,-31.252384370027286,0.340411,0.359280756081058,0.261624069264184
7.331,86.82491586201648,-6.180872031917528,45.9077669538396,86.73133114843384,-7.716394842513741,46.05735338070078,1.641729,1.73273377299852,1.01652191364691
7.332,62.768458263626584,0.7725107178488955,0.014176982624602985,62.67610547792866,-0.39239492182907565,0.1025140107983491,1.732218,1.82823878410867,1.73241486888697
7.333,56.287484338689126,-30.98688213957862,0.9558971109014491,56.31734286514889,-31.241336508141814,-0.11873597248945877,0.659277,0.695822223802554,0.735391353729576
7.334,56.287484338689126,-30.98688213957862,0.9558971109014491,54.793133278090764,-30.621221413008048,0.33593425785909403,1.365953,1.44167088199614,1.47214507222656
7.335,44.404536302425136,37.80375851325402,22.44909429574582,44.489974232848624,36.19433333381444,23.538383061525536,0.870418,0.918667249726248,1.20554952451562
7.336,44.404536302425136,37.80375851325402,22.44909429574582,45.06744545788468,37.23820482928553,23.194631593829317,0.801474,0.845901526975654,0.875139834534694
7.337,44.404536302425136,37.80375851325402,22.44909429574582,44.11798295939927,36.44216726997457,22.84998839013924,0.741148,0.782231519568885,0.811020453959378
7.338,35.49843210107085,5.588868561528237,-31.369364388376873,35.63539666124247,4.758704530723856,-31.129762886318936,0.51708,0.545742920629454,0.562739835800295
7.339,35.49843210107085,5.588868561528237,-31.369364388376873,35.92647043496338,4.011421815391825,-30.740288770891077,0.620496,0.654891504755345,1.05003428036763
7.340,35.49843210107085,5.588868561528237,-31.369364388376873,35.00322419703488,5.152374133717968,-30.949522968196387,0.512771,0.541195062957542,0.454024676287232
7.341,86.81999459677196,-5.846031623531589,46.06012709048579,86.71653901991426,-8.005183481740897,46.034417186811716,2.262225,2.38762527775386,1.44467514052046
7.342,62.549819377247616,0.9091953593812763,-0.05231501738753863,62.793607836939486,-0.6013004075661188,0.18273305728853106,2.003685,2.11475381743914,2.26140602605497
7.343,56.14781730835661,-30.958166168093715,1.1512897614142759,56.1777914776996,-31.287946399756738,-0.3261481561175783,0.883345,0.932310822741985,1.00927614471344
7.344,56.14781730835661,-30.958166168093715,1.1512897614142759,57.45345407206452,-31.62598651517101,0.5707483109934852,1.301318,1.37345301691746,1.29833415319887
7.345,56.14781730835661,-30.958166168093715,1.1512897614142759,55.76596934302245,-30.757461898110517,0.39317518304251564,0.616187,0.650343647083433,0.627599070843235
7.346,44.518399976803536,38.07475025490275,22.14004500426815,44.34744313390436,36.02372896502304,23.779882287815145,1.072941,1.13241656030612,1.66838563315293
7.347,35.49843210107085,5.796596009530031,-31.294118479417634,35.49843210107085,4.607352473103566,-31.10789541552652,0.676513,0.714013654490203,0.85443423017884
7.348,86.84459621387502,-5.494853895071373,45.90485771923463,86.67707250086858,-8.362967596418914,46.01061550923815,2.572473,2.71507103013154,1.91048458074635
7.349,62.7516829552152,1.1254295846548357,-0.015150175225198126,62.60038251922951,-0.7739016305569613,0.2356570313907902,2.219135,2.34214670103474,2.82294776955766
7.350,56.1278206839099,-30.926909688755224,1.5991362873287507,56.2974399212883,-31.355294190794858,-0.6567059036080458,1.223756,1.29159157882304,1.54342168578383
7.351,44.518399976803536,38.519666028744126,21.880905505662586,44.518399976803536,35.472383338272905,24.026531908961612,1.409043,1.48714945871526,2.31925786195933
7.352,44.518399976803536,38.519666028744126,21.880905505662586,45.67525911468617,37.772687778959316,23.457194431691097,1.197902,1.26430443279157,1.57811105565571
7.353,44.518399976803536,38.519666028744126,21.880905505662586,43.43360642568766,36.17320578683514,22.566793419178723,1.370262,1.44621873966805,1.65164770528742
7.354,35.49843210107085,5.971809674855249,-31.32460701512607,35.51804308244129,4.294941464299818,-31.1504389456572,0.823019,0.868640815335215,1.24229774598279
7.355,35.49843210107085,5.971809674855249,-31.32460701512607,36.385512767554296,5.257443594854417,-31.82878872383498,0.982452,1.03691154919596,1.08483684261829
7.356,35.49843210107085,5.971809674855249,-31.32460701512607,34.57969032915931,5.144569914743519,-30.71775901446768,0.874727,0.92321510739816,0.864359435507322
7.357,86.79538120123281,-5.232970360815381,45.99042257193604,86.66226473133806,-8.655423257634798,45.93080109446623,3.111098,3.28355323912055,2.29111146791054
7.358,62.701314100441266,1.4379908404002495,-0.1751158566154487,62.57510908259357,-1.0865975402239436,0.3160591521840894,2.658653,2.80602818356978,3.75318573006797
7.359,56.13782038190075,-30.922922629246063,1.71950704624797,56.15781146519707,-31.480516488774203,-0.7965094466838574,1.374571,1.45076659733997,1.71649588917119
7.360,56.13782038190075,-30.922922629246063,1.71950704624797,57.45345407206452,-31.626159399382015,0.5706243874494366,1.400425,1.47805374337144,1.47295721836076
7.361,44.60351738852064,38.78155571208269,21.746543197241397,44.489974232848624,35.28218457991533,24.28917730304483,1.620184,1.70999448463896,2.70544683885885
7.362,35.4591652676214,6.211242425495811,-31.317006403513446,35.57678662601249,4.1941963884584155,-31.076371070012986,1.016924,1.07329441057126,1.48402850403722
7.363,86.68200747504233,-7.280085367129763,46.03106856196435,87.06548305268728,-6.97155677878386,46.357821416154096,0.814401,0.859545099991391,0.354826048707288
7.364,86.68200747504233,-7.280085367129763,46.03106856196435,86.86918606662296,-6.886655594286806,46.259313040461,0.857491,0.905023676710512,0.313768119000489
7.365,62.67610547792866,-0.03600160665973018,0.15161472608848925,62.89404594163646,0.23974826008255068,-0.020432129761971396,0.827328,0.873188673007127,0.482724431174689
7.366,62.67610547792866,-0.03600160665973018,0.15161472608848925,63.28498750291695,0.1068632681162085,0.16473702752097807,0.64635,0.682178650786818,0.557041521272087
7.367,44.475751336901624,36.68736990050031,23.188884310341372,44.82933602774889,37.201264034612215,23.04919192521333,0.465372,0.491168628566509,0.439116000170454
7.368,44.475751336901624,36.68736990050031,23.188884310341372,44.29024173172684,36.641608725730414,22.80669535558487,0.284394,0.3001586063462,0.276285580573627
7.369,35.49843210107085,5.028233867454629,-31.252408518626783,35.713337000914514,5.258827348215339,-31.340395928068087,0.275776,0.291062891002376,0.229495887437343
7.370,35.49843210107085,5.028233867454629,-31.252408518626783,35.321257195674356,5.1155273497111855,-31.156484446515474,0.318866,0.336541467721497,0.185539781918373
7.371,86.73133114843384,-7.716599999716022,46.05736169788053,87.6499326488179,-6.998785971190136,46.24049556143972,1.469369,1.55081946612203,0.771013301673368
7.372,86.73133114843384,-7.716599999716022,46.05736169788053,86.310560127,-6.860156280740104,45.83715294478239,1.189284,1.25520871744775,0.619818350309031
7.373,62.67610547792866,-0.39222554081780325,0.1025082818313372,63.16063819673245,0.1410704951634867,0.1379677122782974,1.33579,1.40983587829276,0.894182272125511
7.374,62.67610547792866,-0.39222554081780325,0.1025082818313372,62.262057519931304,0.1680215593836687,-0.006635877646821164,1.193593,1.25975657511966,0.912791769789313
7.375,56.31734286514889,-31.241227695646856,-0.11869534897781531,55.76596934302245,-30.75744767733629,0.3931655066422346,0.710985,0.7503965158655,0.653581871836495
7.376,56.31734286514889,-31.241227695646856,-0.11869534897781531,54.793133278090764,-30.621115330382143,0.33597410420409535,1.486605,1.56901089680968,1.48791872680709
7.377,86.71653901991426,-8.005070158690897,46.03431684995611,87.91079767346552,-6.912991100544719,46.254533173971325,2.081247,2.19661525553355,1.07019807378288
7.378,86.71653901991426,-8.005070158690897,46.03431684995611,85.98644320658008,-6.827612342111877,45.862318217789856,1.719291,1.81459521109294,0.904169613098083
7.379,62.793607836939486,-0.6013498919536509,0.18269033927200695,63.26843012799614,0.12829336715097783,-0.13783063587435862,1.447824,1.52808017776247,1.19047406123351
7.380,62.793607836939486,-0.6013498919536509,0.18269033927200695,62.19404048836513,0.1392751557910965,0.13629258088392326,1.521077,1.60539375818498,1.20966055214836
7.381,56.1777914776996,-31.288153832134235,-0.32627355414320824,57.45345407206452,-31.626195539374567,0.5706204218828947,1.232374,1.30068729416687,1.32914690237086
7.382,44.34744313390436,36.02371776774294,23.780033708416347,45.455625795399975,37.53417018065136,23.294493932593664,1.167739,1.23246942908818,1.36831160428229
7.383,44.34744313390436,36.02371776774294,23.780033708416347,43.69756372940281,36.53792439851406,22.597128484669902,0.909199,0.959597968773457,1.04414862934801
7.384,35.49843210107085,4.60785944060027,-31.107923242438318,35.92647043496338,4.012110050005485,-30.74022637460687,0.4309,0.454785767191212,0.4863881901979
7.385,35.49843210107085,4.60785944060027,-31.107923242438318,34.82257371938761,5.134802057671695,-30.83984120186587,0.887654,0.936858680413897,0.774424434857478
7.386,56.2974399212883,-31.35558668202948,-0.6566274951916418,57.45345407206452,-31.626264685847726,0.5707541544181627,1.275464,1.34616587088599,1.35333456348388
7.387,86.66226473133806,-8.655376198553666,45.93090575607588,88.85627457640994,-7.076514368708542,46.83698925470898,3.167115,3.34267538885541,1.81869642534546
7.388,86.66226473133806,-8.655376198553666,45.93090575607588,85.15429599479369,-6.764933318208211,45.60107876864381,2.774996,2.92882034071141,1.5740700765611
7.389,62.57510908259357,-1.0867619654819083,0.31610849917835804,63.78670046345174,0.0326107976550416,0.10033564418876484,2.503529,2.64230530738094,1.92728294378988
7.390,62.57510908259357,-1.0867619654819083,0.31610849917835804,61.68871986942695,0.16668355016141723,-0.006545889045983522,2.232062,2.35579027405048,2.00606973128767
7.391,44.489974232848624,35.2820224543286,24.289254737085773,45.90691825034913,37.77121063361816,23.529440807682743,1.628802,1.71909019998278,1.97374457695559
7.392,44.489974232848624,35.2820224543286,24.289254737085773,43.10777397801501,35.99495132522856,22.458079114540197,1.37888,1.45531445501188,1.8241554310481
7.393,35.57678662601249,4.1947708582631975,-31.076438213264744,36.59324408308341,5.3496629479471425,-31.940636821201885,1.038469,1.09603369893082,1.02940104228338
7.394,35.57678662601249,4.1947708582631975,-31.076438213264744,34.31390693780456,5.050894970700659,-30.63419983785085,1.20652,1.27340014813539,1.35905516809561
7.395,87.06548305268728,-6.971733673128422,46.35781520139523,86.86918606662296,-6.886832166792811,46.25930684158277,0.564479,0.595769355020488,0.139491073369588
7.396,62.89404594163646,0.23953370011092767,-0.020383513320454405,63.28498750291695,0.10664799712151174,0.16478574827494263,0.90489,0.955050111101545,0.426384300014667
7.397,56.59484121226073,-31.448628443218997,0.6863265237375904,55.836615118549915,-30.870366480935218,0.6340300135999399,0.702367,0.741300800521676,0.74692033821472
7.398,56.59484121226073,-31.448628443218997,0.6863265237375904,55.05173118091976,-30.46848375221306,0.5295769968858943,1.309936,1.38254873226128,1.50549119247978
7.399,44.82933602774889,37.201488443910634,23.04919968725948,44.29024173172684,36.64183105787067,22.80670299528209,0.633423,0.668535077771082,0.549987795925747
7.400,35.713337000914514,5.258436145159973,-31.340476977190768,35.321257195674356,5.115138573765221,-31.156564847798997,0.396428,0.418402905815915,0.330347959850505
7.401,87.6499326488179,-6.998751909364609,46.24036111714411,86.310560127,-6.8601226584290576,45.837020064083724,1.236683,1.30523515183878,0.875836636653547
7.402,63.16063819673245,0.14105062760799703,0.13801795485133272,62.262057519931304,0.16800188416005168,-0.006586186807155947,1.503841,1.58720232749733,0.776144543590609
7.403,56.6047126892946,-31.22902335191763,0.7513093373113344,54.385907130828855,-30.018998762146865,0.7161670710346124,1.848561,1.9510309412503,2.14922631113198
7.404,45.06744545788468,37.23821468296523,23.194550007141924,44.11798295939927,36.44217685030859,22.849908142926267,0.926435,0.977789399461106,0.943647459411894
7.405,35.92647043496338,4.011730999454372,-30.74019507294046,35.00322419703488,5.152678370363733,-30.94943045478723,0.848873,0.895927961366688,1.11778733689739
7.406,87.91079767346552,-6.91303545271299,46.254611653425215,85.98644320658008,-6.82765577081168,45.86239542374606,1.844252,1.94648308357839,1.24820206808958
7.407,63.26843012799614,0.12805498690454664,-0.13779436981593562,62.19404048836513,0.13904050928265077,0.13632816855941865,1.917505,2.02379666400089,0.950497521513414
7.408,57.45345407206452,-31.626210056364624,0.5706014438792817,55.05173118091976,-30.468463453238392,0.529576234418605,1.900269,2.00560523331325,2.28521548065684
7.409,45.455625795399975,37.53390571428322,23.29452102077022,43.69756372940281,36.53766737160819,22.597154837595767,1.391807,1.46895802802761,1.70500293459707
7.410,35.94575961594815,5.321258557000663,-31.672575251197166,34.82257371938761,5.134595315099633,-30.839797122276646,0.995379,1.0505551222117,0.982695388617982
7.411,88.5001508082956,-6.999608741285468,46.93455633577908,85.59476319960956,-6.778466906279701,45.48309821901271,2.365641,2.49677386187975,1.93126916819265
7.412,63.5160681944692,0.10321987948291866,0.08609954516600737,62.02347818323405,0.10674243497249547,0.20088653655014888,2.344096,2.47403457352019,1.2692217359549
7.413,45.67525911468617,37.772741228500664,23.45706086477872,43.43360642568766,36.17325707994268,22.566664899868705,1.732218,1.82823878410867,2.19823030545429
7.414,36.385512767554296,5.257839621313737,-31.828750607225487,34.57969032915931,5.1449520952999155,-30.717722195058872,1.469369,1.55081946612203,1.57854079129473
7.415,88.85627457640994,-7.076385022080078,46.83691701412658,85.15429599479369,-6.764808738795591,45.60100900775963,3.0163,3.18350037033848,2.42294693343611
7.416,63.78670046345174,0.03242080829907179,0.10035764877245335,61.68871986942695,0.16649838872390132,-0.006524398489138328,2.999064,3.16530893965084,1.7919385620168
7.417,45.90691825034913,37.77115311636092,23.52933956192629,43.10777397801501,35.99489637404085,22.457982490321005,2.055393,2.16932810950208,2.72332209281723
7.418,36.59324408308341,5.34933310952751,-31.94053855038256,34.31390693780456,5.0505790953270235,-30.634105684196822,1.581403,1.66906376559175,1.95125199966866
