1.1,60.257355,-34.008846,36.275349,60.149834,-32.760582,33.050049,1.02941,0.993851383989802,1.22104569165238,3.9405891356841503,6.0,0.0,0.0
1.2,60.257355,-34.008846,36.275349,60.418064,-31.909567,35.437428,1.11176,1.07335679142859,0.824156456797475,2.9963947128072506,6.0,0.0,0.0
1.3,60.257355,-34.008846,36.275349,60.462589,-34.174015,39.446148,1.13294,1.09380517672978,1.26423765252204,1.792941252282294,4.0,0.0,0.0
1.4,60.257355,-34.008846,36.275349,59.870667,-31.966873,37.225582,1.15294,1.11311432243441,1.16795258354093,1.0251444643633958,6.0,0.0,0.0
1.5,60.257355,-34.008846,36.275349,60.816914,-36.710571,37.431435,1.09176,1.05404764572397,1.11281173877474,0.6623000647311239,3.0,0.0,0.0
1.6,60.257355,-34.008846,36.275349,60.489277,-34.382278,40.049782,1.01176,0.976811062905473,1.46798103196811,0.0,0.0,0.0,0.0
1.7,60.257355,-34.008846,36.275349,60.212593,-31.359093,33.140129,1.25882,1.21533693979468,1.30907262321062,1.5133596922854349,3.0,0.0,0.0
1.8,60.257355,-34.008846,36.275349,59.653114,-31.068605,34.513477,1.08118,1.04383310764622,1.27101508340611,0.4050535258128623,2.0,0.0,0.0
1.9,60.257355,-34.008846,36.275349,59.942905,-34.424133,33.689507,1.16353,1.123338515085,1.20310234944927,0.9904654199722581,1.0,0.0,0.0
1.10,60.257355,-34.008846,36.275349,60.033012,-35.086063,34.703239,0.916471,0.884813603653081,0.968097395421532,0.0,0.0,0.0,0.0
1.11,59.17741,-19.078669,57.556789,59.361084,-20.680395,54.90921,1.14613,1.10653955832198,1.45162838637225,5.3179650989380045,8.0,0.0,0.0
1.12,59.17741,-19.078669,57.556789,59.543865,-19.435497,52.918056,1.15759,1.11760369881073,1.61174747095767,2.2281162546604136,6.0,3.0317526850153515e-09,7.7287761022377e-05
1.13,59.17741,-19.078669,57.556789,59.287724,-18.096468,54.41658,1.08883,1.05121885587824,0.906081600685257,2.1434420509107888,4.0,0.0,0.0
1.14,59.17741,-19.078669,57.556789,59.029823,-20.339642,60.82214,0.939828,0.907363789464225,0.932241906248116,4.1332116312582805,6.0,0.0,0.0
1.15,59.17741,-19.078669,57.556789,59.085236,-21.093271,58.610378,1.13467,1.09547541783323,0.974381192187815,2.96026691879135,8.0,0.0,0.0
1.16,59.17741,-19.078669,57.556789,59.094463,-20.960516,56.160183,1.26074,1.21719061778233,1.26544314894015,3.2690422393779706,4.0,0.0,0.0
1.17,59.17741,-19.078669,57.556789,59.122131,-20.983437,55.392879,1.28367,1.23932855333268,1.45844177581302,2.0098110401825786,3.0,0.0,0.0
1.18,59.17741,-19.078669,57.556789,59.26936,-20.560944,55.506065,1.15759,1.11760369881073,1.22994167802261,1.1652301536454057,2.0,0.0,0.0
1.19,59.17741,-19.078669,57.556789,59.31525,-19.784775,54.646328,0.931232,0.899064718640378,1.14824146079867,0.008520297916887333,1.0,0.0,0.0
1.20,59.17741,-19.078669,57.556789,59.085236,-19.289694,61.68021,0.825215,0.796709833632027,1.20359814319265,2.518363954110928,3.0,0.0,0.0
1.21,59.17741,-19.078669,57.556789,59.076004,-18.828768,62.031918,1.04585,1.009723501759,1.41323687638494,1.1775075225015543,2.0,0.0,0.0
1.22,59.17741,-19.078669,57.556789,59.140568,-20.820892,59.262199,1.28367,1.23932855333268,0.839442504173231,0.22412790304361666,1.0,0.0,0.0
1.23,59.17741,-19.078669,57.556789,58.965069,-19.250687,62.203011,1.31805,1.27252097479892,1.37438943125781,0.0,0.0,0.0,0.0
1.24,60.12291,-25.401049,38.368519,60.077988,-27.294632,41.169613,1.37883,1.33120146859527,1.07559737970405,3.636523510309428,9.0,5.659607379982955e-11,1.6726247651353544e-06
1.25,60.12291,-25.401049,38.368519,59.951927,-25.584404,41.409966,1.24095,1.1980842181076,1.19031635930075,3.6473104422352405,9.0,2.0355157769368498e-11,2.6266653758249415e-06
1.26,60.12291,-25.401049,38.368519,59.915833,-24.728031,41.174774,1.461,1.41053309372272,1.33036450130765,2.692355340877443,8.0,0.0,0.0
1.27,60.12291,-25.401049,38.368519,60.391327,-27.332436,37.237068,1.57939,1.52483358172123,1.25178996070304,1.1384146682656604,7.0,0.0,0.0
1.28,60.12291,-25.401049,38.368519,59.969959,-24.105118,39.12289,0.993036,0.958733840696805,0.850683031619528,3.685330824290371,6.0,0.0,0.0
1.29,60.12291,-25.401049,38.368519,60.11393,-23.765646,37.980831,1.10306,1.06495731304708,0.76789571422639,2.859234339705379,4.0,0.0,0.0
1.30,60.12291,-25.401049,38.368519,60.167778,-28.125673,40.459991,1.58078,1.5261755673477,1.1940598066641,0.3508497136552933,3.0,0.0,0.0
1.31,60.12291,-25.401049,38.368519,59.960945,-25.14229,41.96917,1.70334,1.64450201222563,1.51000757818845,0.13340962654498473,2.0,2.6394242440410753e-09,2.2582232378853476e-08
1.32,60.12291,-25.401049,38.368519,59.996998,-23.66811,38.590187,1.34401,1.29758424592352,0.92906311649463,1.8236558377216996,2.0,0.0,0.0
1.33,60.12291,-25.401049,38.368519,59.969959,-22.846863,36.808235,1.4415,1.39170667666071,1.17136511206557,0.9087584982230202,2.0,2.684719986888676e-07,1.532345847752761e-05
1.34,60.12291,-25.401049,38.368519,60.239456,-23.733757,36.941971,1.01393,0.978906105214424,0.786183473618058,0.0,0.0,0.0,0.0
1.35,60.515945,-7.949205,17.12059,60.507057,-8.698397,15.99509,1.48248,1.43127111620948,1.09858878722572,4.93866586585823,7.0,0.0,0.0
1.36,60.515945,-7.949205,17.12059,60.524834,-6.81941,17.629032,1.28032,1.23609427142715,1.18489356374663,5.055288576427042,6.0,0.0,0.0
1.37,60.515945,-7.949205,17.12059,60.400242,-6.830273,15.697504,1.02426,0.988879278970862,1.15574111618532,3.313320420174195,5.0,0.0,0.0
1.38,60.515945,-7.949205,17.12059,60.239456,-8.621399,18.694801,1.36119,1.31417080208379,0.95949109526984,2.3644309563438366,4.0,0.0,0.0
1.39,60.515945,-7.949205,17.12059,60.507057,-6.57367,16.30974,1.18598,1.14501303113844,1.25391432702325,2.309283328605115,3.0,0.0,0.0
1.40,60.515945,-7.949205,17.12059,60.613579,-6.15074,16.414038,2.00809,1.93872511989983,1.65425358088932,0.7404136961973393,2.0,0.00015998421195981884,0.0008302288410322053
1.41,60.515945,-7.949205,17.12059,60.337795,-7.54275,18.307428,0.916442,0.88478560539181,0.898280703365426,0.6820652210486908,1.0,0.0,0.0
1.42,61.929352,-10.558199,40.607128,62.014931,-12.33586,39.305092,1.45233,1.40216257905976,1.40549944979428,6.00742199133057,13.0,0.00142545254632455,0.012873778201705486
1.43,61.929352,-10.558199,40.607128,61.92078,-12.019363,38.258896,1.5255,1.47280508862013,1.5202443023241,4.835902876373009,12.0,8.140220668507965e-05,0.0007780553028359043
1.44,61.929352,-10.558199,40.607128,61.937916,-9.328341,38.188324,1.33592,1.289773696486,1.02214346227704,6.973886764328297,12.0,0.0007499176727020995,0.021555038996774748
1.45,61.929352,-10.558199,40.607128,61.723186,-8.90379,40.41917,1.46674,1.41607481853994,1.09431792164403,5.6279292346163885,13.0,0.00030656245307959193,0.004961323631531305
1.46,61.929352,-10.558199,40.607128,61.834995,-9.231165,43.566612,1.59756,1.54237594059388,1.58496554752915,2.890467513567876,7.0,0.0,0.0
1.47,61.929352,-10.558199,40.607128,62.014931,-12.123996,40.403767,1.44457,1.39467063052637,1.0458526631303,3.289732780594804,11.0,0.00028491708043088345,0.004583547932199536
1.48,61.929352,-10.558199,40.607128,62.074726,-9.293166,37.579418,1.38027,1.33259172708601,1.20631136830564,4.717844669310654,9.0,0.004897119477240497,0.036100909797951976
1.49,61.929352,-10.558199,40.607128,62.08326,-10.264501,36.965408,1.53991,1.48671732810031,1.36233847297185,2.966732396207244,8.0,7.701383762507906e-05,0.0002953613076422326
1.50,61.929352,-10.558199,40.607128,61.895065,-9.016234,37.991352,1.36475,1.31760783001922,1.19000487408395,3.044222979222406,7.0,0.008060896161874128,0.04052486791808627
1.51,61.929352,-10.558199,40.607128,61.997829,-8.711558,40.371651,1.75721,1.69651119618104,1.20662810510546,2.460445088420641,8.0,0.00028342302656751776,0.008704948577730954
1.52,61.929352,-10.558199,40.607128,61.88649,-12.259735,41.74934,1.46674,1.41607481853994,1.03360806930909,1.8971038714585913,5.0,0.00024990316771526637,0.002600729583468838
1.53,61.929352,-10.558199,40.607128,61.688721,-9.588286,44.007,1.80044,1.73824791462158,1.57004749263765,1.4219593303727376,3.0,0.0,0.0
1.54,61.929352,-10.558199,40.607128,62.032024,-8.979323,37.382965,1.78603,1.7243356751414,1.35504294477315,1.214977802562614,5.0,3.0079013836444158e-09,2.2306527849764237e-05
1.55,64.136612,-22.719421,3.767724,64.152809,-23.894442,5.964657,1.90291,1.83717832263922,1.52464722254475,6.949448694442208,10.0,3.057226782510537e-09,2.609880475010004e-07
1.56,64.136612,-22.719421,3.767724,63.672112,-22.656645,6.468582,1.98058,1.91216538998312,1.87429083173772,4.146060003732365,9.0,0.0,0.0
1.57,64.136612,-22.719421,3.767724,63.770351,-24.17449,5.600303,1.70874,1.64971548156588,1.39777101189123,4.975542718708487,8.0,5.793297132435016e-05,0.0009047274472348202
1.58,64.136612,-22.719421,3.767724,64.006767,-21.400127,4.911695,2.13592,2.06213952467093,1.15145737723802,4.096015997838715,6.0,0.0,0.0
1.59,64.136612,-22.719421,3.767724,64.120407,-23.483311,5.890668,1.87379,1.80906420649328,1.43660548959973,3.7382129370022863,6.0,4.99164268426173e-07,5.675755612644047e-05
1.60,64.136612,-22.719421,3.767724,64.435272,-24.967566,5.245753,1.80583,1.74345172938898,1.45524083973882,1.7749785654020458,5.0,4.657074391628378e-06,0.0003862409569674428
1.61,64.136612,-22.719421,3.767724,64.370888,-22.127905,5.731654,2.19417,2.11837741153564,1.4360036346419,2.043073833114759,4.0,0.0,0.0
1.62,64.136612,-22.719421,3.767724,63.892811,-21.149197,4.631444,1.38835,1.34039262195067,1.14211262311922,1.0688076901201389,2.0,0.0009165449816440904,0.014236930828688158
1.63,64.136612,-22.719421,3.767724,64.144714,-20.817036,4.046465,1.35922,1.31226885123189,1.11000256254443,0.017284190554965113,1.0,0.0042289955908255605,0.0042289955908255605
1.64,64.136612,-22.719421,3.767724,63.811211,-25.392773,4.561655,2.75728,2.66203606342216,1.44716681446585,0.009966633594189695,1.0,0.0,0.0
1.65,63.010902,-31.095072,-5.854865,62.877323,-33.912304,-5.22271,1.72619,1.66656271119317,1.32603817096693,3.795168257319323,7.0,0.0,0.0
1.66,63.010902,-31.095072,-5.854865,63.019234,-34.369724,-6.42184,2.01935,1.94959616893153,1.34596402860994,2.596732140453561,5.0,0.0,0.0
1.67,63.010902,-31.095072,-5.854865,62.860596,-30.833496,-7.561511,1.48512,1.43381992344249,1.18252054539303,3.094976594778218,7.0,0.0,0.0
1.68,63.010902,-31.095072,-5.854865,62.818741,-29.793686,-4.075099,1.53571,1.48266240750234,1.26310993150726,2.0015505120554997,6.0,0.0,0.0
1.69,63.010902,-31.095072,-5.854865,62.868961,-28.453684,-4.335227,1.5878,1.53295307749003,1.43516927590036,1.1260406659239757,8.0,0.0,0.0
1.70,63.010902,-31.095072,-5.854865,62.969208,-28.907545,-7.050672,1.5625,1.50852700817368,1.38973246619401,1.075791667483601,6.0,0.0,0.0
1.71,63.010902,-31.095072,-5.854865,62.868961,-33.724255,-5.994662,1.5625,1.50852700817368,1.09699870548659,1.4377387579898682,3.0,0.0,0.0
1.72,63.010902,-31.095072,-5.854865,63.135723,-33.773872,-7.023799,1.43304,1.38353890802765,1.23745751750084,0.360294457695704,2.0,0.0,0.0
1.73,63.010902,-31.095072,-5.854865,62.885685,-30.026833,-7.584686,1.35565,1.30882216872361,1.35004322176502,0.0404113158319145,4.0,0.0,0.0
1.74,62.718109,-25.087914,-7.83356,62.935822,-23.784439,-8.698171,1.4,1.35164019932362,1.0285329154368,4.434400832374171,9.0,0.0,0.0
1.75,62.718109,-25.087914,-7.83356,62.977551,-26.707878,-7.244078,1.5968,1.54164219305711,1.01085536733005,6.1425328293238515,8.0,0.0,0.0
1.76,62.718109,-25.087914,-7.83356,63.019234,-28.179426,-7.809586,1.7088,1.649773409003,1.53617933956083,2.804768225862939,7.0,0.0,0.0
1.77,62.718109,-25.087914,-7.83356,62.608803,-26.457151,-7.176141,1.2608,1.21724854521944,0.91140167164287,4.405673546634583,6.0,0.0,0.0
1.78,62.718109,-25.087914,-7.83356,62.55825,-25.676392,-7.066313,1.0928,1.05505172130061,0.679064336756101,2.977485417827748,5.0,0.0,0.0
1.79,62.718109,-25.087914,-7.83356,62.684509,-24.413879,-6.823076,1.0496,1.01334396657862,0.701776238717076,1.5787979649422743,4.0,0.0,0.0
1.80,62.718109,-25.087914,-7.83356,63.027569,-27.703461,-8.29789,1.6864,1.62814716581382,1.272745839051,2.0782291366826513,3.0,0.0,0.0
1.81,62.718109,-25.087914,-7.83356,62.801987,-24.811626,-9.14352,1.232,1.18944337540478,0.940919806241051,1.0560959521469881,2.0,0.0,0.0
1.82,62.718109,-25.087914,-7.83356,63.127411,-25.427595,-9.17878,1.2608,1.21724854521944,0.947938697890979,0.11664617381919556,1.0,0.0,0.0
1.83,62.718109,-25.087914,-7.83356,63.24358,-27.991476,-7.213717,1.7504,1.68993643206861,1.63878609646231,0.0,0.0,0.0,0.0
1.84,63.168941,-20.919044,-15.118779,63.160637,-19.495073,-15.966379,1.13423,1.09505061662773,1.11214163330567,10.429685341867248,14.0,0.0,0.0
1.85,63.168941,-20.919044,-15.118779,62.994232,-23.054096,-15.161819,1.20268,1.1611361678018,1.19624530886312,6.831303598213948,13.0,0.0,0.0
1.86,63.168941,-20.919044,-15.118779,63.193836,-19.875753,-15.956446,1.10872,1.07042180128149,0.907451920688299,10.167405479839193,12.0,0.0,0.0
1.87,63.168941,-20.919044,-15.118779,63.218716,-20.53377,-16.749008,0.94094,0.908437377965402,1.05288193102898,8.39291767367266,11.0,0.0,0.0
1.88,63.168941,-20.919044,-15.118779,63.035896,-21.537855,-13.416221,1.37181,1.32442395845295,1.2128395577134,4.8828537020664715,10.0,0.0,0.0
1.89,63.168941,-20.919044,-15.118779,63.193836,-19.7904,-14.360781,1.0094,0.974532583712327,0.669018073677817,5.720853074662802,9.0,0.0,0.0
1.90,63.168941,-20.919044,-15.118779,63.027569,-20.856705,-13.311865,1.16779,1.12745136312009,1.09975574789796,3.5149609589397706,8.0,0.0,0.0
1.91,63.168941,-20.919044,-15.118779,63.474903,-19.289051,-14.081301,1.32752,1.28166385529006,0.996382694801527,3.162870539494872,7.0,0.0,0.0
1.92,63.168941,-20.919044,-15.118779,63.384186,-22.267904,-16.285164,1.49664,1.44494199136835,0.85128207930489,5.145261909120051,6.0,0.0,0.0
1.93,63.168941,-20.919044,-15.118779,63.359409,-21.850452,-16.324804,1.12215,1.08338789262214,0.743083735927642,4.251493091123079,5.0,0.0,0.0
1.94,63.168941,-20.919044,-15.118779,63.019234,-22.025394,-15.994091,0.918121,0.886406608173713,0.674064261786576,2.97799019996045,4.0,0.0,0.0
1.95,63.168941,-20.919044,-15.118779,63.160637,-21.019312,-16.713694,1.2255,1.18316790305078,0.917141351034463,2.7807296488127204,3.0,0.0,0.0
1.96,63.168941,-20.919044,-15.118779,63.210426,-21.347866,-16.801956,1.13826,1.09894140948721,0.931599447345147,1.680825949603061,2.0,0.0,0.0
1.97,63.168941,-20.919044,-15.118779,63.177242,-20.100605,-16.561815,1.16779,1.12745136312009,1.10381212984094,0.990735330473994,1.0,0.0,0.0
1.98,63.168941,-20.919044,-15.118779,63.318081,-19.107048,-15.779756,1.21342,1.17150517904519,1.26653824046428,0.0,0.0,0.0,0.0
1.99,64.225632,-12.870156,-6.938132,64.104187,-12.945864,-5.364041,1.46875,1.41801538768326,1.20305729590899,10.304706120250152,13.0,0.0,0.0
1.100,64.225632,-12.870156,-6.938132,64.306389,-11.532928,-6.691082,1.47743,1.42639555691906,1.08139460787768,9.062708960847596,12.0,0.0,0.0
1.101,64.225632,-12.870156,-6.938132,64.087975,-13.920767,-6.431227,1.41667,1.36773437226842,0.993396497625428,7.676947831584445,11.0,0.0,0.0
1.102,64.225632,-12.870156,-6.938132,64.274109,-11.373306,-6.155379,1.95312,1.88565393293067,1.24706827497544,7.453442349088594,10.0,0.0,0.0
1.103,64.225632,-12.870156,-6.938132,63.729446,-11.02553,-5.288621,1.95312,1.88565393293067,1.80534106283827,2.0498429652742867,11.0,7.508658624595956e-08,0.00036753465758917764
1.104,64.225632,-12.870156,-6.938132,64.079857,-11.668858,-4.97373,1.86458,1.80017234489631,1.60521254127254,3.1804859876887086,9.0,7.97952055992244e-11,4.124927746212426e-06
1.105,64.225632,-12.870156,-6.938132,64.055511,-12.553768,-5.576959,1.32118,1.2755428561017,1.00747046981896,5.475133023644749,7.0,0.0,0.0
1.106,64.225632,-12.870156,-6.938132,64.063629,-13.271614,-5.535701,1.57812,1.52360745096899,1.17366078030668,4.335218451200188,6.0,0.0,0.0
1.107,64.225632,-12.870156,-6.938132,64.41114,-13.198202,-8.796221,1.48264,1.43142558937512,1.3124545191399,3.1178972799531444,6.0,2.2240866342956012e-07,0.0006441195391251601
1.108,64.225632,-12.870156,-6.938132,64.104187,-13.777676,-6.020433,1.65972,1.60238876544385,1.10326929492125,3.03964165992002,4.0,0.0,0.0
1.109,64.225632,-12.870156,-6.938132,64.185196,-11.907426,-6.985126,1.15278,1.11295984926877,0.801620935533113,2.1148979673808146,3.0,0.0,0.0
1.110,64.225632,-12.870156,-6.938132,64.225632,-11.698687,-6.326791,1.65972,1.60238876544385,0.968399789917842,1.1739307598106388,2.0,0.0,0.0
1.111,64.225632,-12.870156,-6.938132,64.233719,-11.533608,-6.239874,1.85069,1.78676214320445,1.10897632579129,0.1756462836931473,1.0,0.0,0.0
1.112,64.225632,-12.870156,-6.938132,64.378937,-14.422387,-8.625369,1.86458,1.80017234489631,1.48946389605233,0.02733574529066687,1.0,0.0018327082122676422,0.0018327082122676422
1.113,63.309811,-2.734236,-8.752265,62.642467,-1.887991,-9.470188,1.66282,1.60538168302807,1.32236940641364,11.735485070833013,16.0,0.0,0.0
1.114,63.309811,-2.734236,-8.752265,63.218716,-1.601357,-8.471242,1.56351,1.50950212003176,1.38986750443356,12.096373183547922,15.0,0.0003727044397599471,0.008316101464757579
1.115,63.309811,-2.734236,-8.752265,63.284985,-1.954426,-10.306618,1.49654,1.44484544563983,1.51431498197003,8.200832614504822,14.0,0.002998236108647553,0.03375906459047753
1.116,63.309811,-2.734236,-8.752265,63.185539,-3.937169,-8.490066,1.8291,1.7659179204163,1.44531007973317,10.906684784903108,13.0,0.0,0.0
1.117,63.309811,-2.734236,-8.752265,63.002563,-1.49278,-8.610412,1.79677,1.73470468638478,1.54543783843677,8.83667245743003,12.0,0.0,0.0
1.118,63.309811,-2.734236,-8.752265,63.060875,-4.211016,-9.062131,2.39492,2.3121929615458,1.70453390560114,7.193606375095584,11.0,0.009975013143038756,0.1331882044108543
1.119,63.309811,-2.734236,-8.752265,62.709713,-3.14459,-7.358476,1.21478,1.1728182009531,1.29294650562989,8.380045329059373,10.0,0.004760381551481065,0.1198375970946521
1.120,63.309811,-2.734236,-8.752265,63.900963,-3.666717,-7.656416,1.72979,1.67003835742,1.52519984956574,7.344127822349696,9.0,0.0,0.0
1.121,63.309811,-2.734236,-8.752265,63.819378,-2.540444,-6.947419,1.26328,1.21964287928681,1.39579442039775,6.1628752838424505,8.0,0.009459849413893412,0.1288823723066269
1.122,63.309811,-2.734236,-8.752265,63.622902,-3.118078,-7.618194,1.29792,1.25308631964722,1.03102821331774,4.459422322108461,7.0,1.827990981374911e-05,0.004392299144614568
1.123,63.309811,-2.734236,-8.752265,62.60038,-1.832401,-9.797555,1.33025,1.28429955367874,1.50870944880551,3.6179003386478077,6.0,0.030258149876091014,0.1463538705252136
1.124,63.309811,-2.734236,-8.752265,63.400696,-2.929617,-7.231156,1.67898,1.6209834727574,1.17500629603642,3.3856622088995785,5.0,0.0,0.0
1.125,61.290131,3.72081,-5.37895,61.185471,4.987442,-4.983339,1.52344,1.47081624661255,1.59770295740966,13.539631705218092,18.0,0.0,0.0
1.126,61.290131,3.72081,-5.37895,61.168003,4.525968,-4.202901,1.33398,1.28790070935266,1.49561371018217,14.14578605221763,17.0,0.0,0.0
1.127,61.290131,3.72081,-5.37895,61.255276,2.527619,-5.153812,1.48633,1.43498812675762,1.50592199579637,13.383787951464333,16.0,0.0,0.0
1.128,61.290131,3.72081,-5.37895,61.080532,4.942229,-5.262722,1.55469,1.50098678677602,1.4839738220403,10.743589235029335,15.0,0.0,0.0
1.129,61.290131,3.72081,-5.37895,61.429237,2.249264,-4.950772,1.76758,1.70652298822888,1.87268594380452,9.726885142753352,16.0,3.986112938377554e-08,0.00031169695994679277
1.130,61.290131,3.72081,-5.37895,61.524582,2.620631,-4.756463,1.26367,1.22001940762805,1.41590853246156,11.37550390607346,13.0,0.0,0.0
1.131,61.290131,3.72081,-5.37895,61.307549,4.747891,-4.410728,1.54687,1.49343691080552,1.57959402857714,9.263516130975859,13.0,6.982700087049e-14,3.704505108064451e-07
1.132,61.290131,3.72081,-5.37895,60.992859,3.345058,-3.664573,1.32617,1.280360487955,1.47219908392063,9.284699423094708,13.0,0.0,0.0
1.133,61.290131,3.72081,-5.37895,61.03672,4.063219,-3.498565,1.53125,1.47835646801021,1.7177811126058,7.2047365839115205,12.0,1.8094296612927777e-06,0.0017400730446075084
1.134,61.290131,3.72081,-5.37895,61.559196,3.339516,-6.776796,1.40234,1.35389936937106,1.35619746557294,4.561034553607295,9.0,0.0,0.0
1.135,61.290131,3.72081,-5.37895,61.185471,3.173256,-3.735194,1.41602,1.36710682503302,1.44647454759509,6.991864784961727,10.0,0.0,0.0
1.136,61.290131,3.72081,-5.37895,61.063011,4.026366,-3.667761,1.32617,1.280360487955,1.56030686700468,5.432145318456467,7.0,0.0,0.0
1.137,61.290131,3.72081,-5.37895,61.437916,2.601669,-4.022298,1.40234,1.35389936937106,1.66667981095069,4.414699540332615,7.0,1.5800890695157122e-12,1.7377191250014771e-06
1.138,62.431583,8.088556,8.89526,62.321476,8.603728,10.723514,1.34953,1.302913570138,1.30653533095527,7.330615699236338,11.0,0.0,0.0
1.139,62.431583,8.088556,8.89526,61.997829,9.50383,8.218794,1.37652,1.32897126226639,1.6945195073412,6.45841775394147,11.0,0.0,0.0
1.140,62.431583,8.088556,8.89526,62.363861,7.068036,7.741027,1.09987,1.06187750430719,1.1657390706829,4.604715154572765,9.0,0.0,0.0
1.141,62.431583,8.088556,8.89526,62.296021,7.139699,10.485916,1.67341,1.61560587567867,1.82767282562091,5.797958071476027,9.0,0.0,0.0
1.142,62.431583,8.088556,8.89526,62.751682,8.552464,7.049637,1.5857,1.53092561719104,1.68325024290731,3.793096625125489,8.0,0.0,0.0
1.143,62.431583,8.088556,8.89526,62.667698,9.62562,9.325429,1.64642,1.58954818355028,1.4650678220099,4.085014048542608,7.0,0.0,0.0
1.144,62.431583,8.088556,8.89526,62.228065,7.011757,9.265014,1.22132,1.17913229159851,1.27746773998488,3.4682228288613026,5.0,0.0,0.0
1.145,62.431583,8.088556,8.89526,62.608803,7.593384,10.5107,1.61943,1.56349049142189,1.50176496111964,3.589318093807702,5.0,0.0,0.0
1.146,62.431583,8.088556,8.89526,62.810368,6.796015,10.024079,1.52497,1.47229339625895,1.88932651853266,2.199738250089011,4.0,0.0,0.0
1.147,62.431583,8.088556,8.89526,62.346912,6.859908,8.970544,1.39001,1.34199528104416,1.32786820857734,0.8716830977917485,2.0,0.0,0.0
1.148,62.600384,1.883252,20.960041,62.709713,2.680185,18.408548,1.72684,1.66719025842857,1.73165208752481,6.436734609121646,8.0,0.0,0.0
1.149,62.600384,1.883252,20.960041,62.363861,3.294644,20.560375,1.58845,1.53358062472543,1.55512034467996,5.532627620951595,7.0,0.0,0.0
1.150,62.600384,1.883252,20.960041,62.776844,2.245719,18.294903,1.83875,1.77523458321879,1.54169047117754,4.979138875363703,6.0,0.0,0.0
1.151,62.600384,1.883252,20.960041,62.270554,3.538615,20.862604,1.45969,1.40926834467906,1.77470941454442,2.9845661899509977,5.0,0.0,0.0
1.152,62.600384,1.883252,20.960041,62.211056,3.334256,19.698187,1.65824,1.60095988866171,1.82125740177064,2.3508775179839025,4.0,0.0,0.0
1.153,62.600384,1.883252,20.960041,63.002567,1.454868,18.685389,1.48496,1.43366545027685,1.29624832486675,2.4149955747155927,3.0,0.0,0.0
1.154,62.600384,1.883252,20.960041,62.835487,3.256578,19.197802,1.98556,1.91697336726357,1.89119112832766,0.6354069803273664,2.0,0.0,0.0
1.155,62.600384,1.883252,20.960041,63.027569,0.988338,19.544111,1.19134,1.15018788218728,1.22284565981622,1.0,1.0,0.0,0.0
1.156,62.600384,1.883252,20.960041,62.776844,0.700022,20.099669,1.31288,1.26752956063428,1.32250235164561,0.0,0.0,0.0,0.0
1.157,62.380802,23.174095,18.426128,62.65929,21.337734,18.506025,1.16359,1.12339644252212,1.17226174853405,5.163259850866513,11.0,0.0,0.0
1.158,62.380802,23.174095,18.426128,62.304508,24.080732,17.401604,1.17466,1.13408405466963,1.04013315478512,7.181394070640915,10.0,0.0,0.0
1.159,62.380802,23.174095,18.426128,62.219559,25.48102,19.126387,1.123,1.08420853131459,1.17678454469549,6.4265359171696685,9.0,0.0,0.0
1.160,62.380802,23.174095,18.426128,62.473854,22.156172,19.477016,1.33825,1.29202321196059,1.1272412317397,5.06010320560809,8.0,0.0,0.0
1.161,62.380802,23.174095,18.426128,62.406204,23.957041,19.914648,0.779828,0.752890623827241,0.819930682653834,5.111121001688958,7.0,0.0,0.0
1.162,62.380802,23.174095,18.426128,62.448498,25.025183,18.102551,1.10578,1.06758335686291,1.19090389955021,4.311772473147622,6.0,0.0,0.0
1.163,62.380802,23.174095,18.426128,62.245064,24.972042,17.693741,1.19803,1.15664679142548,1.34581917743917,2.766250335952834,5.0,0.0,0.0
1.164,62.380802,23.174095,18.426128,62.473854,22.286348,19.731054,0.96556,0.932206936327793,1.20847695093633,2.405689616783061,4.0,0.0,0.0
1.165,62.380802,23.174095,18.426128,62.270554,23.242689,19.782455,0.873309,0.843142536307934,0.856240724228114,2.000744822740047,3.0,0.0,0.0
1.166,62.380802,23.174095,18.426128,62.642467,22.387699,16.799746,1.123,1.08420853131459,0.955672474901599,0.06979558812436747,2.0,0.0,0.0
1.167,62.380802,23.174095,18.426128,62.211056,24.962439,20.32375,1.17466,1.13408405466963,1.12909214230921,1.0,1.0,0.0,0.0
1.168,62.380802,23.174095,18.426128,62.100323,25.615082,19.984756,1.31488,1.26946047520474,1.26371008919266,0.0,0.0,0.0,0.0
1.169,64.739708,15.750381,4.382495,64.675804,16.25712,2.521043,1.60846,1.5528994250029,1.41420009649134,3.735815751235679,14.0,0.0,0.0
1.170,64.739708,15.750381,4.382495,64.906975,13.932343,4.705934,1.38419,1.33637631964411,1.40002453077754,5.869826907668535,13.0,8.800098006822185e-06,0.0002946998882746145
1.171,64.739708,15.750381,4.382495,64.906975,14.092083,5.627074,1.52757,1.47480358520055,1.64812733127747,5.85524033258495,10.0,0.0,0.0
1.172,64.739708,15.750381,4.382495,64.619812,14.481673,5.832911,1.67279,1.61500729216182,1.52689756809438,5.197938860268887,10.0,0.0,0.0
1.173,64.739708,15.750381,4.382495,64.611809,14.107259,5.037112,1.38419,1.33637631964411,1.37041307480697,3.1492563125713455,10.0,1.167127761425954e-05,0.00024859178530948865
1.174,64.739708,15.750381,4.382495,64.571754,17.28174,5.935281,1.33456,1.28846067457809,1.40129337177604,3.5913709717535873,7.0,1.4064260072508682e-05,0.0007730089958344914
1.175,64.739708,15.750381,4.382495,65.144722,13.863874,3.47624,1.64154,1.58483675199835,1.49041684215473,0.8175156536098489,8.0,0.0,0.0
1.176,64.739708,15.750381,4.382495,64.451347,15.930347,6.530123,1.59191,1.53692110693233,1.55354186619384,2.44377548034585,5.0,0.0,0.0
1.177,64.739708,15.750381,4.382495,64.79554,17.721302,4.546868,1.28676,1.24231181634404,1.33123814388568,1.2143875445207246,4.0,0.0009279809619487334,0.005842179746777774
1.178,64.739708,15.750381,4.382495,64.378937,16.738028,6.616297,1.625,1.56886808850063,1.6542677610558,1.080558877092199,3.0,0.0,0.0
1.179,64.739708,15.750381,4.382495,64.274109,15.276686,7.024458,1.9136,1.84749906101834,2.05292202851561,0.0020401694672205206,1.0,0.0,0.0
1.180,62.168503,10.465078,29.888308,61.989277,12.008325,30.260452,1.43808,1.38840481274522,1.13367988182565,6.1976794693483015,11.0,0.0,0.0
1.181,62.168503,10.465078,29.888308,62.117382,9.921897,30.698711,1.03595,1.00016547463521,0.669333574217496,5.5221261473372465,10.0,0.0,0.0
1.182,62.168503,10.465078,29.888308,62.04911,9.130648,29.651943,1.48069,1.42954294766892,1.01734808344529,6.837056885841606,9.0,0.0,0.0
1.183,62.168503,10.465078,29.888308,62.194042,11.426481,29.68453,1.23702,1.19428997097664,0.789625988357746,5.01102235761096,8.0,0.0,0.0
1.184,62.168503,10.465078,29.888308,62.228065,9.337888,27.500385,1.40879,1.3601265688608,1.1423220510716,5.438981143305051,7.0,0.0,0.0
1.185,62.168503,10.465078,29.888308,62.304508,8.696922,28.017298,1.48069,1.42954294766892,1.35032387423713,3.899512049143045,8.0,0.0012688560344088515,0.06702467789791676
1.186,62.168503,10.465078,29.888308,62.338436,8.891768,28.800947,1.23702,1.19428997097664,1.15902159735598,3.4400877153332146,5.0,0.0,0.0
1.187,62.168503,10.465078,29.888308,62.296021,11.39535,29.334805,1.26498,1.22128415667171,0.871880077228545,2.973821171825989,4.0,0.0,0.0
1.188,62.168503,10.465078,29.888308,62.312992,12.260613,31.20022,1.52463,1.47196514078197,1.2492423699398,0.7109486783787354,3.0,5.9209108062912495e-05,0.006044365098689244
1.189,62.168503,10.465078,29.888308,62.389271,8.983809,27.163689,1.5526,1.49896898104989,1.39125713452667,1.4699741262875017,4.0,0.008524560433101822,0.10251555689838143
1.190,62.168503,10.465078,29.888308,62.168503,11.019789,28.621765,1.15047,1.11072964293989,0.878481667579194,1.0,1.0,0.0,0.0
1.191,62.168503,10.465078,29.888308,62.423126,10.524557,27.86212,1.48069,1.42954294766892,1.01777957545658,0.0,0.0,0.0,0.0
1.192,61.671474,20.788679,63.073536,61.645592,20.759163,59.124725,1.55556,1.50182673461417,1.24628929276057,4.166601817814542,8.0,0.0,0.0
1.193,61.671474,20.788679,63.073536,61.619694,18.479187,59.492844,1.3381,1.29187839336781,1.27282325455364,3.4157816991901164,7.0,0.0,0.0
1.194,61.671474,20.788679,63.073536,61.834995,21.864727,60.871777,1.50952,1.45737708120213,1.19360726981874,2.1245383889797664,7.0,0.0,0.0
1.195,61.671474,20.788679,63.073536,61.550545,20.279184,67.85791,1.75714,1.69644361417107,1.61741682420954,2.219103497255167,7.0,0.0007964825928778241,0.017052986170056756
1.196,61.671474,20.788679,63.073536,61.602417,18.506922,62.532722,1.41587,1.36696200644023,1.31728318702988,2.7200684202519834,5.0,0.0,0.0
1.197,61.671474,20.788679,63.073536,61.800625,18.564619,60.477486,1.29048,1.2459033174451,1.17525502965143,1.9629520799799551,4.0,0.0,0.0
1.198,61.671474,20.788679,63.073536,62.006382,18.93379,57.921841,1.71111,1.65200361533188,1.44827966883758,0.26658332835492377,1.0,0.0,0.0
1.199,61.671474,20.788679,63.073536,61.877911,22.367519,68.528969,1.49365,1.44205527408551,1.39578583705013,1.4904990755809058,4.0,0.019396552598455925,0.12938223736225865
1.200,61.671474,20.788679,63.073536,62.014931,22.000708,61.889629,1.13492,1.09571678215454,1.0293577957921,0.7639919138516562,3.0,0.0,0.0
1.201,61.671474,20.788679,63.073536,61.176739,23.052271,65.014091,1.53968,1.4864952729247,1.21960697570456,0.4420486922299369,4.0,4.7132483079812445e-06,0.0010140598706486175
1.202,61.671474,20.788679,63.073536,61.783432,18.642792,63.577576,1.53968,1.4864952729247,1.39655557627325,0.5200674727051945,1.0,0.0,0.0
1.203,61.671474,20.788679,63.073536,61.826405,22.45425,68.473656,1.43175,1.38229346812971,1.38081810157587,0.24487006271747794,2.0,0.1190771202254051,0.1409712901017358
1.204,60.852169,1.789563,65.587479,60.719803,3.220895,66.287918,0.915179,0.883566232840563,0.90616995233508,6.129335493700197,11.0,5.649459884200216e-08,0.00011974793808803548
1.205,60.852169,1.789563,65.587479,60.462589,3.0622,68.327385,0.988839,0.954681816470689,1.06220952219801,4.4053286676742305,9.0,1.451550093731925e-05,0.0034317282805126077
1.206,60.852169,1.789563,65.587479,60.551476,3.084808,67.820679,1.0346,0.998862107300152,0.981613981784849,3.744003850587384,8.0,6.336479973066928e-07,0.000562256438054294
1.207,60.852169,1.789563,65.587479,61.133038,2.045882,62.709343,0.823661,0.795209513010778,0.80663756502053,2.5057137007515182,6.0,2.7602018487510835e-11,2.731544847100002e-06
1.208,60.852169,1.789563,65.587479,60.984081,3.003369,64.893974,1.05246,1.01610517441438,0.803460725839749,2.6557570089827824,7.0,1.9006906398301004e-18,3.607919067988816e-11
1.209,60.852169,1.789563,65.587479,60.560356,3.015314,67.951347,0.86942,0.83938787292567,0.963986779746822,2.202424399565209,6.0,1.0474680435700275e-06,0.0006776240177934569
1.210,60.852169,1.789563,65.587479,61.394508,1.028223,67.199242,1.07031,1.03333858695576,0.790885972347076,1.1568702055612923,4.0,0.0,0.0
1.211,60.852169,1.789563,65.587479,60.834545,3.332841,64.806023,1.08036,1.04304143267233,1.00563398500279,0.6476585737223147,5.0,1.3190864495973809e-05,0.000893381503968506
1.212,60.852169,1.789563,65.587479,61.316254,1.209635,63.18351,0.777902,0.751031153095885,0.809257111488436,0.0019209557693734146,2.0,1.1886015946704118e-06,1.8679948157577976e-05
1.213,60.852169,1.789563,65.587479,60.355648,1.826531,69.417778,1.07031,1.03333858695576,1.04329397203898,0.3067400986139424,3.0,1.2843813800863238e-06,0.00020046184256106045
1.214,63.085842,27.729509,33.920765,63.019234,28.453362,36.655945,1.51943,1.46694476289877,1.16672275650397,4.5277954411883075,36.0,8.230947581980248e-05,0.0049106696841280705
1.215,63.085842,27.729509,33.920765,62.650879,23.870768,31.616688,1.58775,1.53290480462577,1.8972356951746,1.8416659330923544,4.0,0.0,0.0
1.216,63.085842,27.729509,33.920765,63.408951,28.065464,36.592178,1.61013,1.55451173866924,1.26474764793584,3.2280804884709955,35.0,0.00012402928245986206,0.005525212385310185
1.217,63.085842,27.729509,33.920765,63.010902,26.385323,34.712925,1.36749,1.32025318298075,1.09330839562557,0.5707442101329784,14.0,3.083440217407062e-10,1.005478321722361e-05
1.218,63.085842,27.729509,33.920765,62.743294,30.003965,37.053318,1.23086,1.18834275409962,1.30520821495732,3.5175889041952306,37.0,0.00015147683772595187,0.020361798191046106
1.219,63.085842,27.729509,33.920765,63.235294,30.994423,34.762001,1.69376,1.63525293143312,1.62852337758819,4.217190362050397,33.0,0.00022237793099722265,0.013152654427773608
1.220,63.085842,27.729509,33.920765,63.11079,23.186617,30.492218,1.48881,1.43738246082499,2.19818630419039,0.2472677592061082,2.0,0.0,0.0
1.221,63.085842,27.729509,33.920765,63.144028,30.419266,33.830147,2.08127,2.00937728403304,1.56730136109712,2.079284652914753,30.0,0.005469564173251234,0.049002834532487334
1.222,63.085842,27.729509,33.920765,62.919117,30.627777,36.854412,1.10954,1.07121347625537,1.372997854023,2.2934169365501775,36.0,0.0008330250699488386,0.038452498175067316
1.223,63.085842,27.729509,33.920765,63.052551,24.681379,33.483528,1.74794,1.68756140714694,1.69979384699283,0.0014404331434187687,7.0,4.996023161034461e-12,2.0566262979332758e-08
1.224,35.083103,-44.115772,3.800086,35.023216,-40.070381,1.596998,1.25506,1.21170682040221,1.86439488488686,4.374806323750734,8.0,0.0,0.0
1.225,35.083103,-44.115772,3.800086,34.782253,-42.562027,4.75114,1.25506,1.21170682040221,0.853641374746221,3.799821992527002,8.0,0.0,0.0
1.226,35.083103,-44.115772,3.800086,34.620335,-38.435333,3.597958,1.14372,1.10421280626458,2.03070393850651,3.647240794489702,6.0,0.0,0.0
1.227,35.083103,-44.115772,3.800086,35.498432,-51.603333,6.476638,1.94332,1.87619245153541,2.68526368043798,0.0,0.0,0.0,0.0
1.228,35.083103,-44.115772,3.800086,34.660912,-39.533718,4.526602,1.59919,1.54394963596881,1.74436558185275,2.2250749614318286,7.0,0.0,0.0
1.229,35.083103,-44.115772,3.800086,34.660912,-44.779327,5.621924,1.23482,1.19216596494913,1.11454816960987,3.8143281952343666,8.0,0.0,0.0
1.230,35.083103,-44.115772,3.800086,34.882931,-42.985641,5.024867,1.29555,1.25079818588122,0.873579178910895,2.1089432336308196,6.0,0.0,0.0
1.231,35.083103,-44.115772,3.800086,35.321259,-44.552967,5.465439,1.40688,1.35828254544601,0.986650785229171,1.5174650084430423,6.0,0.0,0.0
1.232,35.083103,-44.115772,3.800086,35.043194,-38.37468,1.23097,1.54858,1.49508784276326,2.47002524734511,1.094973121174494,4.0,0.0,0.0
1.233,35.083103,-44.115772,3.800086,35.498432,-49.018013,4.88342,1.10324,1.06513109535842,1.68136091691878,1.8600864815045313,3.0,0.0,0.0
1.234,35.083103,-44.115772,3.800086,35.341003,-47.807205,5.674574,1.73077,1.67098450555952,1.53726193168149,1.122602903397446,4.0,0.0,0.0
1.235,35.083103,-44.115772,3.800086,34.660912,-37.117764,2.218003,1.7004,1.64166356780705,2.61770275686152,0.002498368546401784,2.0,0.0,0.0
1.236,35.083103,-44.115772,3.800086,35.43951,-47.983143,3.960627,0.97166,0.938096225767703,1.29466248401596,0.4686979500906653,3.0,0.0,0.0
1.237,35.083103,-44.115772,3.800086,34.882931,-40.977829,1.579803,1.32591,1.28010946906084,1.66650820186534,1.6422411501113054,3.0,0.0,0.0
1.238,37.444653,-26.568275,-29.02739,37.17001,-29.525862,-29.528233,1.59917,1.54393032682311,1.30284609346616,6.273580943387897,11.0,0.0,0.0
1.239,37.444653,-26.568275,-29.02739,37.8783,-28.26717,-30.792187,1.54759,1.49413204005088,0.944535822336752,4.926297995978414,10.0,0.0,0.0
1.240,37.444653,-26.568275,-29.02739,37.48106,-28.214296,-31.182697,1.19938,1.15795015876054,0.959553587863935,3.566139209912739,9.0,0.0,0.0
1.241,37.444653,-26.568275,-29.02739,37.571861,-26.926945,-26.921865,1.19938,1.15795015876054,1.01997912251572,3.394786727854956,9.0,0.0,0.0
1.242,37.444653,-26.568275,-29.02739,37.408195,-25.425289,-29.948332,1.27676,1.23265724349173,0.772622716576342,2.77192372332705,8.0,0.0,0.0
1.243,37.444653,-26.568275,-29.02739,37.788532,-27.501261,-27.433578,1.27676,1.23265724349173,0.999606945801151,2.1075876645951848,8.0,0.0,0.0
1.244,37.444653,-26.568275,-29.02739,37.243526,-28.075132,-27.482712,1.56048,1.50657678445751,1.15570255128813,1.354022259745156,8.0,0.0,0.0
1.245,37.444653,-26.568275,-29.02739,36.985329,-23.704914,-28.655218,1.45731,1.40697055634021,1.37470792166131,1.9396833798203441,2.0,0.0,0.0
1.246,37.444653,-26.568275,-29.02739,37.243526,-24.171177,-28.545488,1.35414,1.30736432822292,1.0977042965244,0.9126866653126128,2.0,0.0,0.0
1.247,37.444653,-26.568275,-29.02739,37.316841,-29.897778,-29.847221,1.98607,1.91746575047904,1.42205129696626,2.3339039349596815,4.0,0.0,0.0
1.248,37.444653,-26.568275,-29.02739,37.003853,-23.628815,-27.078981,1.83131,1.76805158101667,1.42392167938553,0.0,0.0,0.0,0.0
1.249,37.444653,-26.568275,-29.02739,37.608093,-28.453279,-30.801001,1.48311,1.43187935429918,0.93237761072043,1.0074263250058753,2.0,0.0,0.0
1.250,37.444653,-26.568275,-29.02739,37.734528,-27.895018,-31.892164,1.62497,1.56883912478207,1.17705838860199,0.0249437708663919,1.0,0.0,0.0
1.251,37.444653,-26.568275,-29.02739,37.644279,-30.226524,-27.325909,2.01186,1.94236489386515,2.07710221464047,0.98719941490429,1.0,0.0,0.0
1.252,37.444653,-26.568275,-29.02739,37.589985,-30.220947,-28.271643,2.03766,1.96727369182411,1.81310075191791,0.0,0.0,0.0,0.0
1.253,22.723295,20.09107,-46.684811,22.584002,19.309719,-47.414867,1.41911,1.37009008804438,0.859939123691699,2.0285591630314133,3.0,0.0,0.0
1.254,22.723295,20.09107,-46.684811,22.618919,16.796024,-42.758579,0.955535,0.922528227043351,1.27313698166008,1.2470117360626787,4.0,3.5640948149775226e-07,3.890966146182029e-05
1.255,22.723295,20.09107,-46.684811,23.033094,14.973575,-42.55302,1.61779,1.56190714147411,2.03749465614631,2.177332825240742,4.0,0.0,0.0
1.256,22.723295,20.09107,-46.684811,22.964676,23.311981,-51.564125,1.44749,1.39748976579924,1.42364216489231,1.0189855739455196,2.0,0.0,0.0
1.257,22.723295,20.09107,-46.684811,23.101274,18.128374,-46.395802,1.36235,1.31529073253466,1.20841245515012,0.6572879871917763,4.0,0.0,0.0
1.258,22.723295,20.09107,-46.684811,22.723295,20.373119,-48.629288,1.15421,1.11434045318665,0.857189576366591,0.2582772233238399,2.0,0.0,0.0
1.259,22.723295,20.09107,-46.684811,22.513975,16.029432,-43.475376,1.02176,0.986465635757784,1.62394695712645,0.5397141572957324,2.0,0.0,0.0
1.260,22.723295,20.09107,-46.684811,23.033094,15.486859,-44.410229,2.03406,1.96379804559728,2.20698603377013,0.06088059337497484,1.0,0.0,0.0
1.261,22.723295,20.09107,-46.684811,22.723295,22.299795,-46.549507,1.8543,1.79024744400413,1.48614300229019,0.0317315196239939,1.0,0.0,0.0
1.262,22.723295,20.09107,-46.684811,22.408457,13.394528,-40.746483,1.61779,1.56190714147411,2.58425612222105,0.0,0.0,0.0,0.0
1.263,22.723295,20.09107,-46.684811,22.549021,24.345951,-50.549301,0.936613,0.904259844292207,1.59529357608914,0.0,0.0,0.0,0.0
1.264,22.159967,18.276463,-34.562843,21.726294,17.614317,-35.036835,1.7246,1.66502763410965,0.738438640584272,9.350681736056774,19.0,0.0033492520426967962,0.05288482624358728
1.265,22.159967,18.276463,-34.562843,21.799265,19.453405,-34.275036,1.06952,1.03257587570042,0.9338937742419,10.601251703274594,19.0,0.0,0.0
1.266,22.159967,18.276463,-34.562843,22.052473,20.887571,-36.659988,1.1631,1.12292336845236,1.16329110059885,11.09519105527938,17.0,0.0,0.0
1.267,22.159967,18.276463,-34.562843,21.944368,16.952526,-31.869539,1.1631,1.12292336845236,1.15851074981215,2.589647851971648,9.0,0.0,0.0
1.268,22.159967,18.276463,-34.562843,21.762815,21.103886,-37.352467,0.909091,0.877688528888075,1.31084952938336,9.905372360857706,15.0,0.0,0.0
1.269,22.159967,18.276463,-34.562843,22.195663,19.223789,-37.115963,1.32353,1.27781168072199,1.10584910407079,9.491036647610732,15.0,0.0,0.0
1.270,22.159967,18.276463,-34.562843,22.443693,18.395334,-36.430336,1.28342,1.23908718901137,1.0521693543885,8.705522328948083,14.0,0.0,0.0
1.271,22.159967,18.276463,-34.562843,21.542618,21.115187,-36.417706,1.25668,1.21327086120429,1.36089415936211,7.729188261514466,11.0,0.0,0.0
1.272,22.159967,18.276463,-34.562843,21.799265,21.370529,-35.615723,1.79144,1.7295587990545,1.6301131937143,5.314858388157188,10.0,0.004149252085158394,0.03078795915626263
1.273,22.159967,18.276463,-34.562843,21.726294,21.524843,-36.228394,1.57754,1.52304748574356,1.57669211602122,4.776107178927759,9.0,0.0,0.0
1.274,22.159967,18.276463,-34.562843,21.653038,20.075859,-36.933514,0.935829,0.903502925780586,1.01508759819905,5.190559308049503,10.0,0.0,0.0
1.275,22.159967,18.276463,-34.562843,21.653038,22.098574,-36.80526,1.9385,1.87153894742059,1.79699288613992,1.5025036003706496,5.0,0.014453869812382236,0.049947573366829284
1.276,36.461243,47.858986,18.390982,36.271507,50.507298,21.228584,1.36364,1.31653617243261,1.41432821837256,2.203578748312114,9.0,0.0,0.0
1.277,36.461243,47.858986,18.390982,36.271507,53.757896,20.455835,1.87799,1.81311912709126,1.82226181013294,2.863868393275867,5.0,0.0,0.0
1.278,36.461243,47.858986,18.390982,36.195225,52.23558,18.609442,1.97368,1.90550373471502,1.45542335647494,2.112998640364296,7.0,0.0,0.0
1.279,36.461243,47.858986,18.390982,36.948235,40.520832,15.930126,2.21292,2.13647973563373,2.51286107987164,0.11670711114903905,2.0,1.5312080718254067e-05,0.0011892550486090898
1.280,36.461243,47.858986,18.390982,36.499027,48.369331,16.271397,1.36364,1.31653617243261,1.25028405370077,0.17594705656436044,1.0,0.0,0.0
1.281,36.461243,47.858986,18.390982,36.480141,57.49675,21.289219,2.78708,2.69080669052205,2.86821905865726,0.0014175053389454027,1.0,0.00039712381845758956,0.00039712381845758956
1.282,36.461243,47.858986,18.390982,36.649616,48.902855,22.076365,1.36364,1.31653617243261,1.89012206294044,0.9819172077040288,6.0,0.0,0.0
1.283,36.461243,47.858986,18.390982,36.743298,50.880886,24.315462,1.91388,1.8477693890582,2.88412850739034,0.02119054845283771,2.0,0.0,0.0
1.284,36.461243,47.858986,18.390982,36.668377,51.904079,17.476454,2.14115,2.06718886627269,1.64270562039441,0.7210788322758749,5.0,0.0,0.0
1.285,36.461243,47.858986,18.390982,36.309563,45.547256,21.141529,2.32057,2.24041121238886,2.06035887219547,1.66665007314285,2.0,0.0,0.0
1.286,36.461243,47.858986,18.390982,36.911091,53.331696,19.58955,1.75837,1.6976311266319,1.72086073960807,0.7221975648962152,2.0,0.0,0.0
1.287,36.461243,47.858986,18.390982,36.985329,53.00972,22.009542,1.36364,1.31653617243261,2.00912191252921,0.000792660192363484,1.0,0.0,0.0
1.288,24.908562,-15.21734,-11.933549,24.626812,-13.398452,-11.077895,1.03989,1.00396937633903,1.32963981841626,4.841901784030314,12.0,0.0,0.0
1.289,24.908562,-15.21734,-11.933549,24.341103,-17.345409,-12.114822,1.39601,1.34778802475554,1.50490934522028,5.2090055174717165,12.0,0.0,0.0
1.290,24.908562,-15.21734,-11.933549,24.532022,-17.019703,-12.533622,1.46724,1.41655754718256,1.22671984935074,5.906055217124436,10.0,0.0,0.0
1.291,24.908562,-15.21734,-11.933549,24.626812,-14.344616,-13.229379,1.55271,1.49907518135127,1.2083173567398,5.429783326510585,11.0,0.0,0.0
1.292,24.908562,-15.21734,-11.933549,24.595266,-13.713845,-12.856529,1.4245,1.37529390281178,1.43111281985079,3.5645562553007593,10.0,0.0,0.0
1.293,24.908562,-15.21734,-11.933549,24.783821,-14.526625,-13.4425,1.65242,1.59534092726166,1.21812195290526,3.49257433082968,9.0,0.0,0.0
1.294,24.908562,-15.21734,-11.933549,24.783821,-17.328281,-11.721259,1.65242,1.59534092726166,1.52149158206048,2.3559628989847674,7.0,0.0,0.0
1.295,24.908562,-15.21734,-11.933549,25.551306,-13.902603,-12.658736,1.08262,1.04522336613695,1.2891797700499,2.055667607051575,7.0,0.0,0.0
1.296,24.908562,-15.21734,-11.933549,24.658312,-16.10898,-13.27937,1.46724,1.41655754718256,0.912068233138379,1.5540200550887002,3.0,0.0,0.0
1.297,24.908562,-15.21734,-11.933549,24.815077,-16.300819,-13.090519,1.36752,1.32028214669931,0.885817508278364,0.6631246284277457,2.0,0.0,0.0
1.298,23.724266,-2.364475,-7.066786,22.950962,-2.715879,-7.733388,1.28806,1.24356691081484,0.83294324065668,9.89839734308499,11.0,0.0,0.0
1.299,23.724266,-2.364475,-7.066786,23.7901,-1.820439,-7.536076,0.913349,0.88179944600859,0.799799597954905,8.90039307731296,9.0,0.0,0.0
1.300,23.724266,-2.364475,-7.066786,23.358215,-1.584646,-7.020829,0.971897,0.938325039144303,1.01514741738204,7.698279832192333,9.0,0.0,0.0
1.301,23.724266,-2.364475,-7.066786,24.373045,-2.717046,-7.868778,0.995316,0.960935083307132,0.84115881014992,6.972142607425679,8.0,0.0,0.0
1.302,23.724266,-2.364475,-7.066786,23.59194,-3.124209,-7.064123,0.936768,0.904409490171418,0.929683860872297,5.909695645053711,7.0,0.0,0.0
1.303,23.724266,-2.364475,-7.066786,23.121681,-2.509909,-8.018114,1.17096,1.13051186271427,0.834714046121907,4.97402075950121,6.0,0.0,0.0
1.304,23.724266,-2.364475,-7.066786,23.658213,-1.961985,-7.809344,0.913349,0.88179944600859,0.78898583994991,3.936119832580757,4.0,0.0,0.0
1.305,23.724266,-2.364475,-7.066786,23.953741,-3.092851,-7.524142,0.960187,0.927019534334246,0.925465077151052,2.98095841527926,4.0,0.0,0.0
1.306,23.724266,-2.364475,-7.066786,23.691267,-3.178845,-7.328591,0.936768,0.904409490171418,0.984884914562956,1.955027971792185,3.0,0.0,0.0
1.307,23.724266,-2.364475,-7.066786,23.425276,-3.104345,-7.536139,1.15925,1.11920635790422,0.950179092950332,0.9616150403544462,2.0,0.0,0.0
1.308,23.724266,-2.364475,-7.066786,24.148355,-1.813088,-8.058277,1.14754,1.10790085309416,1.10481877086913,0.0,0.0,0.0,0.0
1.309,22.383753,12.474535,7.389589,22.454252,11.508492,8.227568,1.19122,1.15007202731306,1.17761289625436,9.026729272432,11.0,0.0,0.0
1.310,22.383753,12.474535,7.389589,22.837461,11.07297,6.979196,0.867294,0.837335310737269,1.19501955777707,9.287802919625795,10.0,0.0,0.0
1.311,22.383753,12.474535,7.389589,22.733702,11.08789,7.137346,1.04493,1.00883528105659,1.17186025007355,8.207280379077803,9.0,0.0,0.0
1.312,22.383753,12.474535,7.389589,22.768349,11.100059,7.122762,1.06583,1.02901333831792,1.16591680453204,7.225632758832038,8.0,0.0,0.0
1.313,22.383753,12.474535,7.389589,22.629381,13.360017,6.630996,1.14943,1.10972556736325,1.0409033095329,6.078795165960307,7.0,0.0,0.0
1.314,22.383753,12.474535,7.389589,22.559521,12.868414,6.293196,1.08673,1.04919139557925,0.972146004445079,5.222181499023265,6.0,0.0,0.0
1.315,22.383753,12.474535,7.389589,22.348406,13.053556,6.252919,1.14943,1.10972556736325,1.08020787394072,4.430985414127217,5.0,0.0,0.0
1.316,22.383753,12.474535,7.389589,22.454252,12.632994,5.731312,1.08673,1.04919139557925,1.29859549939965,3.641512539858775,4.0,0.0,0.0
1.317,22.383753,12.474535,7.389589,22.559521,11.932903,5.566476,1.02403,0.988657223795259,1.3620503169917,2.795819173476818,3.0,0.0,0.0
1.318,22.383753,12.474535,7.389589,22.974953,11.672267,5.749377,1.17032,1.12989397005172,1.33775995726797,1.8427944407690784,2.0,0.0,0.0
1.319,22.383753,12.474535,7.389589,22.664217,10.847987,6.356585,1.20167,1.16016105594372,1.42472408419419,0.9818228195666951,1.0,0.0,0.0
1.320,22.383753,12.474535,7.389589,22.06325,11.099277,7.574691,1.38976,1.34175391672285,1.24319396137195,0.0,0.0,0.0,0.0
1.321,13.995515,-3.993749,-5.530325,13.937574,-2.929688,-4.793944,1.54676,1.49333071050414,1.34367754116803,6.938923413619035,9.0,0.0,0.0
1.322,13.995515,-3.993749,-5.530325,13.762395,-2.835008,-4.743961,1.7446,1.68433677981427,1.47030037913878,5.419160403464427,8.0,0.0,0.0
1.323,13.995515,-3.993749,-5.530325,14.39497,-5.17537,-6.515584,1.65468,1.59752286072629,1.46808180217908,6.4062120928508435,7.0,0.0,0.0
1.324,13.995515,-3.993749,-5.530325,13.465759,-5.264485,-5.120169,1.7446,1.68433677981427,1.58289986554099,5.017308021214954,6.0,0.0,0.0
1.325,13.995515,-3.993749,-5.530325,13.937574,-5.265557,-5.165707,1.7446,1.68433677981427,1.53364779046451,4.280229621464398,5.0,0.0,0.0
1.326,13.995515,-3.993749,-5.530325,14.168005,-5.399816,-5.81564,1.7446,1.68433677981427,1.58898570766825,3.1072134081787786,4.0,0.0,0.0
1.327,13.995515,-3.993749,-5.530325,14.053232,-5.264518,-5.763339,1.83453,1.77116035347511,1.43820757752934,2.6942499470152304,3.0,0.0,0.0
1.328,13.995515,-3.993749,-5.530325,13.644453,-4.610777,-4.670846,1.83453,1.77116035347511,1.09665954585094,1.6990193541189285,2.0,0.0,0.0
1.329,13.995515,-3.993749,-5.530325,13.703541,-4.62561,-4.808285,1.70863,1.64960928126451,1.02292188520491,0.7510500878876993,1.0,0.0,0.0
1.330,13.995515,-3.993749,-5.530325,14.225066,-4.076608,-7.09754,1.67266,1.61488178271474,1.21372564916427,0.0,0.0,0.0,0.0
1.331,83.105553,-4.162029,-7.933704,83.553795,-4.856949,-9.292874,1.24464,1.2016467554901,1.1825683222159,7.581374885169749,10.0,0.0,0.0
1.332,83.105553,-4.162029,-7.933704,83.648201,-3.823196,-8.832006,0.844063,0.814906772544064,0.883917893157495,5.316146488362156,9.0,0.0,0.0
1.333,83.105553,-4.162029,-7.933704,83.385521,-3.663638,-8.713345,1.03004,0.994459622079498,0.88190342550561,4.291811327856576,8.0,0.0,0.0
1.334,83.105553,-4.162029,-7.933704,82.733345,-2.779744,-8.481234,1.28755,1.24307452759937,1.73062100111571,3.950381699686364,6.0,0.0,0.0
1.335,83.105553,-4.162029,-7.933704,83.59053,-3.375802,-8.589745,1.1731,1.13257794130467,1.1308426581734,4.300580830529651,6.0,0.0,0.0
1.336,83.105553,-4.162029,-7.933704,82.871925,-3.983178,-8.774618,0.901288,0.870155065691417,0.690253059522682,1.4464804356576657,3.0,0.0,0.0
1.337,83.105553,-4.162029,-7.933704,82.797356,-2.719991,-8.274137,1.43062,1.38120250139739,1.74879338903415,2.3589587567733576,4.0,0.0,0.0
1.338,83.105553,-4.162029,-7.933704,82.893204,-2.798478,-8.016465,1.3877,1.33976507471527,1.60885907636225,1.8384104512147164,3.0,0.0,0.0
1.339,83.105553,-4.162029,-7.933704,83.98243,-4.979783,-8.831285,1.03004,0.994459622079498,1.18410495330905,1.4656016684008495,2.0,0.0,0.0
1.340,83.105553,-4.162029,-7.933704,83.142624,-3.382164,-8.847998,1.1731,1.13257794130467,1.19052114329474,0.3888956989111247,1.0,0.0,0.0
1.341,83.105553,-4.162029,-7.933704,84.474464,-5.544429,-8.460266,1.28755,1.24307452759937,1.76500911977044,0.0,0.0,0.0,0.0
1.342,80.547157,-13.376632,-14.841566,80.714317,-14.808762,-15.762481,1.59734,1.54216353999113,1.02082116397951,8.269306311860008,12.0,0.0,0.0
1.343,80.547157,-13.376632,-14.841566,80.941849,-14.838901,-15.155063,1.4975,1.44577228463365,1.05535402704951,7.8516774399762985,11.0,0.0,0.0
1.344,80.547157,-13.376632,-14.841566,81.046928,-15.207978,-14.62694,1.46423,1.41365152075401,1.41215781493426,5.80885326067639,10.0,0.0,0.0
1.345,80.547157,-13.376632,-14.841566,81.096619,-15.314735,-14.341339,1.76373,1.70280597768074,1.56810173684517,3.8712541836068985,9.0,0.0,0.0
1.346,80.547157,-13.376632,-14.841566,80.79213,-13.47356,-15.95735,1.2812,1.23694387383815,0.664664517268286,3.379230423649532,8.0,0.0,0.0
1.347,80.547157,-13.376632,-14.841566,80.591789,-11.642778,-14.914344,1.54742,1.49396791231239,1.34546166221601,4.491653628607826,7.0,0.0,0.0
1.348,80.547157,-13.376632,-14.841566,80.819893,-11.41637,-14.506924,1.78037,1.71887118690699,1.48420354704011,2.847415787801782,6.0,0.0,0.0
1.349,80.547157,-13.376632,-14.841566,80.256027,-11.731208,-15.452349,1.33111,1.28512984694404,1.41805250531367,2.120662457499407,5.0,0.0,0.0
1.350,80.547157,-13.376632,-14.841566,80.842087,-15.135607,-14.950822,1.51414,1.4618374938599,1.2692372617347,3.2392251440363276,4.0,0.0,0.0
1.351,80.547157,-13.376632,-14.841566,81.046928,-14.215353,-16.424664,1.76373,1.70280597768074,1.00943482025534,1.4199902134526712,3.0,0.0,0.0
1.352,80.547157,-13.376632,-14.841566,80.930771,-13.93081,-13.386839,1.08153,1.04417101769605,1.12111240638646,1.9675204138306674,2.0,0.0,0.0
1.353,80.547157,-13.376632,-14.841566,80.842087,-14.662375,-13.81298,1.24792,1.20481345538566,1.2979718739381,0.7114587052313788,1.0,0.0,0.0
1.354,80.547157,-13.376632,-14.841566,80.424202,-12.53873,-13.491047,1.51414,1.4618374938599,0.889292540381284,0.0,0.0,0.0,0.0
1.355,37.462864,-30.639582,-1.700671,37.261875,-26.939013,-2.370748,1.41557,1.36667236925467,1.76764437245759,1.639820495506182,13.0,4.822462205771447e-11,8.180830208131276e-06
1.356,37.462864,-30.639582,-1.700671,37.206795,-28.913197,-2.145085,0.687563,0.663812707405388,0.863026502567207,6.979328300616101,14.0,0.000199942146835733,0.0038951628998483276
1.357,37.462864,-30.639582,-1.700671,37.499245,-28.802002,-2.660885,1.00101,0.966432397089238,1.0815800369857,6.494262365143754,13.0,0.0005917663720587023,0.024818124690652053
1.358,37.462864,-30.639582,-1.700671,37.133175,-29.849382,-2.119854,0.515672,0.49785928918972,0.53941329200351,4.425391690977493,11.0,7.397821066152286e-07,0.0006135034574950871
1.359,37.462864,-30.639582,-1.700671,37.38995,-29.232569,-4.247711,2.00202,1.93286479417848,1.91516137581706,2.136593789960497,7.0,3.6533772164540007e-06,0.0006187438367810988
1.360,37.462864,-30.639582,-1.700671,37.408199,-30.200422,-2.937982,1.15268,1.11286330354025,0.884328017961678,5.393713510931315,11.0,7.680581797807003e-07,0.0003933440006322645
1.361,37.462864,-30.639582,-1.700671,37.280209,-30.154894,-3.822695,1.7998,1.73763002195903,1.49661674419444,3.2254447172062353,11.0,4.915125908553978e-07,9.763651473852542e-06
1.362,37.462864,-30.639582,-1.700671,37.48106,-31.109324,-3.578527,1.4459,1.39595468871573,1.28068767042113,4.7308892796778546,9.0,0.0,0.0
1.363,37.462864,-30.639582,-1.700671,37.662354,-31.112587,-2.616888,0.788675,0.761432024429681,0.6654775776513,3.175608935783802,7.0,0.0,0.0
1.364,37.462864,-30.639582,-1.700671,37.114742,-31.375387,-2.382415,0.768453,0.741908547207736,0.617957357486945,2.061098285986828,6.0,0.0,0.0
1.365,37.462864,-30.639582,-1.700671,37.335136,-33.834175,-2.943526,1.64813,1.59119911550802,1.51913496429643,4.088905259968825,7.0,0.0,0.0
1.366,37.462864,-30.639582,-1.700671,37.698467,-32.572544,-1.892215,0.758342,0.732146808596764,0.839917272083795,2.30340097287545,5.0,8.64392963106522e-08,0.0003261110332193456
1.367,27.600302,-29.435375,-12.171539,27.407864,-27.469625,-11.203574,0.866388,0.836460606436849,0.947285560493119,5.497761399156443,13.0,0.03223376478576584,0.2990707142800948
1.368,27.600302,-29.435375,-12.171539,27.627655,-28.149454,-11.823294,0.636743,0.614748168169941,0.572683268108866,2.3925549414294816,8.0,0.008854538579646989,0.0787766512004455
1.369,27.600302,-29.435375,-12.171539,27.654972,-26.861801,-12.210331,1.3048,1.25972866576961,1.23980447563344,5.756729427125599,12.0,0.0002894081054728172,0.01111381250857186
1.370,27.600302,-29.435375,-12.171539,27.435459,-26.291338,-12.493537,1.62839,1.57214098869756,1.59816700367132,5.265316497674415,12.0,5.38894577716688e-06,0.004364167969864073
1.371,27.600302,-29.435375,-12.171539,27.545492,-25.61208,-13.041737,2.15031,2.0760324550054,2.1047600641847,2.1839061407201794,9.0,0.0004001464276490839,0.012286892029918532
1.372,27.600302,-29.435375,-12.171539,27.380234,-27.437597,-13.372876,1.51357,1.46128718320732,1.40416236335167,4.753659781327042,9.0,0.0,0.0
1.373,27.600302,-29.435375,-12.171539,27.654972,-27.684763,-13.489986,1.77453,1.71323291636124,1.3512701076135,4.336494128431086,8.0,0.0,0.0
1.374,27.600302,-29.435375,-12.171539,27.324867,-27.470087,-13.743175,2.32777,2.24736250484252,1.57773596686567,2.571939300479637,7.0,0.0012667090955644073,0.022689176797212034
1.375,27.600302,-29.435375,-12.171539,27.600302,-28.433243,-13.823541,2.07724,2.00548649117356,1.264609230782,3.1340341056513954,6.0,0.006454444192475386,0.021440940396721956
1.376,27.600302,-29.435375,-12.171539,27.791056,-30.130484,-15.129764,2.27557,2.19696563455346,1.72661895538978,0.264598927519289,4.0,0.012462235849070838,0.020273824343246524
1.377,27.600302,-29.435375,-12.171539,27.324867,-30.063053,-13.321326,0.897704,0.866694866781148,0.705035548379212,1.997829811391087,3.0,2.787453499954644e-05,0.0060464032782263115
1.378,27.600302,-29.435375,-12.171539,27.899317,-30.943708,-13.639717,0.981211,0.947317308298946,0.962104055053929,0.9952658204805631,3.0,1.4848785421786795e-06,0.0004509751396550065
1.379,27.600302,-29.435375,-12.171539,27.627655,-30.858858,-13.095523,0.91858,0.886849753067634,0.709191108693901,0.009737422228889086,1.0,0.006059267836135306,0.006059267836135306
1.380,55.431038,-49.93047,26.83411,55.583668,-49.259148,26.18358,0.321012,0.309923374046623,0.315819237660565,14.6517693760129,17.0,0.0,0.0
1.381,55.431038,-49.93047,26.83411,55.532864,-48.762138,25.758438,0.554475,0.535321928228544,0.484952792589029,12.60624616048274,17.0,0.0,0.0
1.382,55.431038,-49.93047,26.83411,55.583668,-49.513599,26.269569,0.301556,0.291139437105166,0.269032954376336,12.731861593790647,15.0,0.0,0.0
1.383,55.431038,-49.93047,26.83411,55.451427,-49.464329,26.123629,0.379377,0.36627228849914,0.284500407304403,11.7480577293111,14.0,0.0,0.0
1.384,55.431038,-49.93047,26.83411,55.573513,-49.253998,25.13249,0.856031,0.82646136533371,0.696604297304951,10.099106734920422,14.0,0.0,0.0
1.385,55.431038,-49.93047,26.83411,55.674934,-49.594036,25.651308,0.57393,0.554104899712716,0.531299061948807,10.442636718242772,13.0,0.0,0.0
1.386,55.431038,-49.93047,26.83411,55.226509,-49.991859,25.450281,0.836576,0.807678393849538,0.63765619559767,9.860255556081905,12.0,0.0,0.0
1.387,55.431038,-49.93047,26.83411,55.492168,-50.232319,25.843628,0.768482,0.741936545469008,0.479623651149697,9.298870593691188,11.0,0.0,0.0
1.388,55.431038,-49.93047,26.83411,55.287991,-50.310722,25.628996,0.768482,0.741936545469008,0.597597016877141,8.320829104412363,10.0,0.0,0.0
1.389,55.431038,-49.93047,26.83411,55.318691,-50.332066,25.879183,0.515564,0.497755019802915,0.491928782499316,7.40608752111816,9.0,5.694109026338316e-10,7.676135076791344e-07
1.390,55.431038,-49.93047,26.83411,55.103226,-50.264984,26.085283,0.418288,0.403839196924769,0.49029800054862,6.444082468346985,8.0,8.75556751589986e-08,0.00010864347511454579
1.391,55.431038,-49.93047,26.83411,55.359585,-50.977573,25.703701,0.856031,0.82646136533371,0.70244886868318,5.69826356756382,7.0,0.0,0.0
1.392,55.431038,-49.93047,26.83411,55.461617,-51.108845,26.141764,0.700389,0.676195662545763,0.57511793301333,4.842619853510005,6.0,0.0,0.0
1.393,55.431038,-49.93047,26.83411,55.031113,-52.094528,26.157166,1.01167,0.976724171749802,0.94239383590645,3.4819485767131386,5.0,0.0,0.0
1.394,55.431038,-49.93047,26.83411,55.041424,-51.554726,26.666977,0.700389,0.676195662545763,0.673751232615651,2.947697085479778,4.0,0.0,0.0
1.395,55.431038,-49.93047,26.83411,55.573513,-51.788448,27.087231,0.554475,0.535321928228544,0.589165246081343,1.9713227107607798,3.0,0.0,0.0
1.396,55.431038,-49.93047,26.83411,55.461617,-50.772346,27.075537,0.262646,0.253573494136822,0.256209669377555,0.9682902299404559,1.0,0.0,0.0
1.397,55.431038,-49.93047,26.83411,55.674934,-51.503441,27.751709,0.457198,0.441405139893113,0.556877246149414,0.017441965229929562,1.0,0.00014606440261375286,0.00014606440261375286
1.398,90.802719,-2.08146,1.455719,90.711411,-2.028047,3.125919,1.0687,1.03178420072653,1.51124570206866,17.40627863633531,43.0,0.0,0.0
1.399,90.802719,-2.08146,1.455719,91.189026,-1.828244,3.475249,1.24973,1.20656093307193,1.88105065618263,12.668610438962848,33.0,2.7121985709924877e-06,0.005329655486141172
1.400,90.802719,-2.08146,1.455719,90.68856,-1.907585,2.755523,0.888768,0.858067540480323,1.21828414873386,13.174354415107933,47.0,0.000554822164264447,0.0179736102606641
1.401,90.802719,-2.08146,1.455719,91.071152,-1.364467,3.276232,1.43075,1.38132801084447,1.96835139511371,10.743226651045678,32.0,1.634726962475823e-05,0.012178777483725822
1.402,90.802719,-2.08146,1.455719,90.861977,-1.469924,3.023164,1.35551,1.30868700470368,1.68753725129055,13.65748628123489,37.0,0.0,0.0
1.403,90.802719,-2.08146,1.455719,90.67485,-1.315188,2.348145,1.17557,1.13496262079919,1.35905712107448,13.930326060804372,45.0,0.0,0.0
1.404,90.802719,-2.08146,1.455719,90.578743,-1.098153,1.95776,1.12977,1.0907446771356,1.44347577068253,14.330604217093073,40.0,0.0,0.0
1.405,90.802719,-2.08146,1.455719,91.098381,-0.745106,1.522774,2.07852,2.00672227649866,1.84439998431562,10.901156042264638,34.0,0.027400633731933768,0.28492997913424806
1.406,90.802719,-2.08146,1.455719,91.216194,-0.800243,1.400647,1.64122,1.58452780566707,1.76943411226556,10.821945553516903,28.0,0.00019440411280736956,0.0021368054434005514
1.407,90.802719,-2.08146,1.455719,90.67942,-1.516574,1.292202,0.782988,0.755941468848571,0.767510463361906,5.321552322193746,35.0,0.0,0.0
1.408,90.802719,-2.08146,1.455719,90.866539,-0.727788,0.900608,1.7928,1.73087182096241,1.90556103187714,7.733123138614789,26.0,0.0026842260594919782,0.030298235565923672
1.409,90.802719,-2.08146,1.455719,91.075691,-1.042527,0.426399,1.506,1.45397867155812,1.6900519991813,8.908140247446246,24.0,0.0,0.0
1.410,90.802719,-2.08146,1.455719,91.284042,-1.279252,-0.333846,1.20502,1.16339533784925,2.02109086472856,3.4944163055875164,21.0,0.0,0.0
1.411,90.802719,-2.08146,1.455719,91.152786,-1.641874,0.05963,0.964013,0.930713373907541,1.44320373957126,7.82604433830417,23.0,0.0,0.0
1.412,90.802719,-2.08146,1.455719,91.378883,-1.521533,-0.314125,1.43075,1.38132801084447,1.8607329181425,3.4473532414788806,20.0,0.0,0.0
1.413,90.802719,-2.08146,1.455719,92.759918,-2.185381,1.195739,0.782988,0.755941468848571,1.23867297527345,4.456779155267927,19.0,1.489922272249845e-05,0.0005483287828504421
1.414,90.802719,-2.08146,1.455719,88.969727,-2.276175,2.262651,0.994547,0.960192646654789,1.37860272513658,6.398603181194344,33.0,0.0,0.0
1.415,90.802719,-2.08146,1.455719,92.287216,-2.799655,1.283729,1.24973,1.20656093307193,1.31981699693225,4.3135550979060575,17.0,0.0,0.0
1.416,90.802719,-2.08146,1.455719,89.233498,-3.246892,1.822214,1.86805,1.80352248167606,1.79374343848368,3.7717149859156867,25.0,0.01603753141443539,0.0740723854651271
1.417,90.802719,-2.08146,1.455719,92.420166,-2.623296,2.606,0.572519,0.552742639483255,1.5688152159157,3.2984432938764727,12.0,0.02029185965730558,0.06968672883742948
1.418,90.802719,-2.08146,1.455719,92.198402,-2.738364,2.975188,1.29553,1.25077887673552,1.77251716601656,2.1480994837439704,13.0,5.1882978384132004e-08,0.0003074931552742392
1.419,90.802719,-2.08146,1.455719,89.528664,-2.067738,0.463302,0.557252,0.538003003109631,1.22450779535196,4.8175816251781045,31.0,0.00017162384444452104,0.008138224086749232
1.420,90.802719,-2.08146,1.455719,89.924301,-1.816212,2.45599,0.661941,0.639075760843196,1.13987399896181,1.6434206454298672,31.0,0.0002355081206457366,0.0029348650813732966
1.421,90.802719,-2.08146,1.455719,89.649994,-3.081164,3.11479,1.65649,1.59927033841255,2.01091924684139,1.1597400999362961,11.0,0.006103387641148057,0.06373989330039828
1.422,90.802719,-2.08146,1.455719,91.944473,-3.22845,2.685541,1.80698,1.74456200526699,1.8990854160922,0.03116989611073073,7.0,0.00038606582966327796,0.0019285636802981326
1.423,41.720253,3.289109,-17.93857,41.232006,3.352422,-15.642124,1.73316,1.67329194847123,1.55433217866848,7.964778371538439,38.0,0.002162013384261365,0.06983197829262015
1.424,41.720253,3.289109,-17.93857,41.657719,4.867814,-16.720016,3.17201,3.06244016332607,2.26753425900935,14.860528288109567,41.0,0.05231868062969452,0.46837299668954185
1.425,41.720253,3.289109,-17.93857,41.406208,4.815903,-16.748663,2.51799,2.43101178963919,2.2152489896977,14.166581925074514,40.0,7.402893357691323e-06,0.0022331864249099114
1.426,41.720253,3.289109,-17.93857,42.077229,5.355484,-17.954351,2.3414,2.26052168764022,2.32463905913553,12.782853754086883,34.0,8.663690608891938e-09,1.100289662103059e-05
1.427,41.720253,3.289109,-17.93857,41.374615,5.641355,-18.021978,2.91694,2.81618097358216,2.6071811223352,9.35862253036102,25.0,0.004210324028623195,0.07213354196754829
1.428,41.720253,3.289109,-17.93857,42.077229,5.234933,-18.750866,1.58273,1.5280582090539,1.9802384544281,12.003935393197587,27.0,0.0015072380788050922,0.03383185177433101
1.429,41.720253,3.289109,-17.93857,42.138866,4.854753,-19.062969,1.51079,1.45860321195438,1.56602110368251,6.265340040690999,24.0,0.0008722997778971818,0.02697443982529521
1.430,41.720253,3.289109,-17.93857,41.860466,5.588626,-20.218264,1.8378,1.77431739879782,2.13909249619986,8.530200809349314,23.0,3.516148351361414e-05,0.0016388583754553508
1.431,41.720253,3.289109,-17.93857,41.358803,5.558454,-21.38813,2.13865,2.06477522305961,2.24507774494559,3.478575274872613,21.0,0.0,0.0
1.432,41.720253,3.289109,-17.93857,43.799587,3.068473,-19.093336,1.63506,1.57858058879005,2.08486597015668,8.179318943782853,28.0,0.0008989136386308481,0.011928158649056643
1.433,41.720253,3.289109,-17.93857,44.390274,1.586891,-18.373663,2.81884,2.72146961390099,3.20768093749784,2.1950923404812643,17.0,0.0,0.0
1.434,41.720253,3.289109,-17.93857,43.741329,1.009265,-16.645134,2.91694,2.81618097358216,3.10449571947885,2.384948139386421,17.0,1.5593132225479157e-05,0.0005925140679628655
1.435,41.720253,3.289109,-17.93857,37.188408,4.055164,-18.948629,3.64944,3.52337843501398,4.03359490377603,0.00015622565184421014,2.0,0.0,0.0
1.436,41.720253,3.289109,-17.93857,39.731644,2.508172,-19.67495,2.9431,2.84143733616381,2.411598148875,7.960460427046838,20.0,0.0006834125498721268,0.013553581549664653
1.437,41.720253,3.289109,-17.93857,39.765125,2.102488,-18.361389,2.31524,2.23526532505858,2.28255289892804,10.4426344668039,27.0,1.0651382871561992e-05,0.001001083772518956
1.438,41.720253,3.289109,-17.93857,42.200375,3.218757,-20.301023,1.75932,1.69854831105287,1.5405436165465,4.426888002716247,16.0,4.591718401860859e-05,0.00048473974623147975
1.439,41.720253,3.289109,-17.93857,40.328278,0.800711,-17.762697,3.42054,3.30238526242457,3.09046824256165,4.190003253805385,14.0,0.00041225411625593004,0.017867774877398455
1.440,41.720253,3.289109,-17.93857,43.595192,3.433692,-20.589329,2.26292,2.18475259989528,2.30828842197942,4.573297249681427,17.0,0.0,0.0
1.441,41.720253,3.289109,-17.93857,40.702942,1.478193,-15.840391,2.13865,2.06477522305961,2.25240255790087,10.013597159300515,29.0,0.0,0.0
1.442,34.782253,27.245667,-21.393272,35.142853,26.693014,-19.78117,0.816495,0.788291046104811,0.884607389696293,5.937596270123226,15.0,0.001321069602305803,0.03946259600828121
1.443,34.782253,27.245667,-21.393272,35.043198,26.995142,-18.490335,1.94124,1.87418430038213,1.6125175438399,5.195774336090909,15.0,1.277082343845848e-05,0.0025492731506937994
1.444,34.782253,27.245667,-21.393272,34.313908,26.870752,-18.645075,1.37835,1.33073804909836,1.53903320617732,4.210582654791271,15.0,0.0,0.0
1.445,34.782253,27.245667,-21.393272,35.003223,27.807022,-19.951809,1.42062,1.37154792854508,0.981716430404511,6.8847766849088705,15.0,0.0,0.0
1.446,34.782253,27.245667,-21.393272,34.701424,28.378311,-19.715693,1.53814,1.48500846870545,1.2836056036674,7.120761719134846,18.0,0.0,0.0
1.447,34.782253,27.245667,-21.393272,34.862831,29.547581,-20.107298,2.19588,2.12002834349339,1.56309074579224,7.645808716086572,17.0,0.006452638980110723,0.08766189031612667
1.448,34.782253,27.245667,-21.393272,34.822575,28.983156,-20.563919,1.49485,1.44321382282779,1.12974234431803,7.020293689775046,14.0,0.0,0.0
1.449,34.782253,27.245667,-21.393272,34.579689,29.508501,-20.474421,1.83505,1.77166239126343,1.40662310528408,6.4921418819819,14.0,0.0008904582130548017,0.018817011932557595
1.450,34.782253,27.245667,-21.393272,34.416462,29.937304,-21.220722,1.78144,1.71990422620219,1.37998332704007,6.62113029824786,13.0,0.0005519912798585727,0.010831985128238287
1.451,34.782253,27.245667,-21.393272,33.77375,31.376785,-21.588411,2.49278,2.40667261147852,2.09242224097463,3.3056719514265698,10.0,0.003675932237170319,0.05744428861850728
1.452,34.782253,27.245667,-21.393272,33.857616,30.544945,-21.815777,1.90928,1.84332828554614,1.67977010925927,4.634196303276169,11.0,0.0001707006319507102,0.003755613482995763
1.453,34.782253,27.245667,-21.393272,34.293346,31.261942,-22.297226,2.2268,2.14988028275273,1.80449204376603,3.2494884903822756,10.0,0.006869424680703434,0.027811260277435097
1.454,34.782253,27.245667,-21.393272,34.579689,30.277924,-23.256861,1.07113,1.03413026192965,1.37430201190586,4.32812497862485,8.0,4.1321866880485375e-07,0.00018823931866490318
1.455,34.782253,27.245667,-21.393272,34.923092,30.505457,-23.658497,1.56907,1.51487006253765,1.51081913896387,2.8688950005118365,8.0,0.0,0.0
1.456,34.782253,27.245667,-21.393272,34.498207,28.984913,-23.220827,0.869072,0.83905189379041,1.01626181884602,2.619922880318409,5.0,0.0,0.0
1.457,34.782253,27.245667,-21.393272,35.59634,27.761345,-22.201654,0.614433,0.593208816136434,0.786242827270545,1.377288782212169,4.0,0.0014506868971801293,0.00975197649712293
1.458,34.782253,27.245667,-21.393272,35.945759,27.899076,-22.789019,0.774227,0.747483097572661,1.18851878466542,1.542051068247983,4.0,0.0,0.0
1.459,34.782253,27.245667,-21.393272,37.280209,27.717524,-21.981091,1.32577,1.27997430504091,2.10508025243269,1.9961290919519135,7.0,0.005963895464058387,0.10656166750250257
1.460,34.782253,27.245667,-21.393272,32.810143,24.388157,-20.652191,1.87732,1.81247227071015,2.08804916986977,0.6105580202113648,7.0,0.0005454167904694012,0.00814502755303983
1.461,34.782253,27.245667,-21.393272,36.233395,25.022652,-23.16666,2.25876,2.18073629758872,2.20955319737908,0.32439048390958086,5.0,0.0001275011510870288,0.0019851372782693764
1.462,34.782253,27.245667,-21.393272,36.118721,26.365995,-19.787834,0.996907,0.962471125847934,1.37910448567436,0.6938078654036874,3.0,9.711621827962362e-05,0.0019872730702171645
1.463,34.782253,27.245667,-21.393272,37.243526,25.813442,-24.886179,2.71546,2.62166063975379,3.17275226896142,0.00826071667708191,1.0,0.0,0.0
1.464,34.782253,27.245667,-21.393272,31.601139,25.170433,-21.706625,2.2268,2.14988028275273,2.80853864297001,0.2203994455587844,1.0,0.0,0.0
1.465,34.782253,27.245667,-21.393272,36.593246,28.569469,-23.231895,1.25155,1.20831806533105,1.76919433181405,0.7653914033612534,4.0,2.025847691764965e-05,0.00391229045033075
1.466,60.781628,26.628914,-14.850884,60.746311,25.423386,-16.087402,1.38117,1.33346063864271,1.07880486463792,9.6421081334399,24.0,6.232327333340913e-06,0.0023061883919034748
1.467,60.781628,26.628914,-14.850884,60.9753,27.481886,-12.960153,1.60245,1.54709702671866,1.28696314276872,10.57512313921724,22.0,0.0,0.0
1.468,60.781628,26.628914,-14.850884,61.080532,26.431522,-12.4114,1.542,1.48873513382644,1.41546768244223,13.077181036030403,22.0,2.690724855747858e-05,0.008829031753027147
1.469,60.781628,26.628914,-14.850884,61.089287,25.883974,-12.780062,1.33823,1.29200390281489,1.18006340058844,14.97279102376898,21.0,0.0002368431638492596,0.02120495346703215
1.470,60.781628,26.628914,-14.850884,61.089287,25.01026,-12.811135,1.49284,1.44127325368448,1.24801480043483,15.87559847483535,20.0,0.00024131021275415422,0.016085586456739822
1.471,60.781628,26.628914,-14.850884,60.293129,23.880619,-12.667847,1.84143,1.7778220087432,1.63308205099806,12.50275778632722,19.0,0.007624487552643816,0.15679871260115147
1.472,60.781628,26.628914,-14.850884,60.595844,23.758535,-13.054231,1.80603,1.74364482084602,1.51672391974432,12.691618218243379,18.0,0.00421811835440076,0.1286871403518639
1.473,60.781628,26.628914,-14.850884,60.373493,23.971628,-14.411986,1.83842,1.77491598231466,1.33072314938652,12.063045669787394,17.0,0.00021991313473166985,0.026368698155103468
1.474,60.781628,26.628914,-14.850884,60.657875,23.613691,-14.83318,1.88211,1.81709681110641,1.53180451273483,8.85561707684742,16.0,0.004533287991344755,0.09062501010154961
1.475,60.781628,26.628914,-14.850884,60.825729,23.887295,-15.057979,1.95217,1.8847367485097,1.43272374224066,8.15444655739426,15.0,0.0007994332341375109,0.02879575868105036
1.476,60.781628,26.628914,-14.850884,60.586975,24.743639,-15.280836,1.4838,1.43254551982599,1.06655704760245,7.207717824087962,14.0,2.3872534624278663e-05,0.0020631934284882944
1.477,60.781628,26.628914,-14.850884,60.444786,23.85589,-12.717434,1.84746,1.78364371617315,1.59576503239686,7.962050011145637,13.0,0.009703088024657887,0.13886835822712335
1.478,60.781628,26.628914,-14.850884,60.7728,25.921865,-12.678298,1.12411,1.08528018890119,1.20678492940282,8.62834441194245,12.0,0.0016768079516519265,0.07798574546966998
1.479,60.781628,26.628914,-14.850884,60.922577,25.900261,-12.727738,1.2968,1.25200500748776,1.18512593026157,7.640776298603077,11.0,0.0006372185465643398,0.02879290509207543
1.480,60.781628,26.628914,-14.850884,60.984081,27.571836,-13.021624,1.86969,1.80510583162384,1.27943862797292,3.665666324029117,9.0,0.0,0.0
1.481,60.781628,26.628914,-14.850884,61.12429,26.38133,-12.485559,1.76062,1.69980340552367,1.37567826736953,4.438708177675061,9.0,9.56520252491623e-06,0.004028031265412676
1.482,60.781628,26.628914,-14.850884,60.560356,23.753618,-13.089938,2.10525,2.03252894973289,1.51365512817146,4.974871766821872,8.0,0.0007365431593024771,0.008936962047173388
1.483,60.781628,26.628914,-14.850884,60.302063,23.901823,-12.794154,2.03652,1.96617307051895,1.58464823579129,3.666884368892008,7.0,0.004443884375383476,0.030825568241367833
1.484,60.781628,26.628914,-14.850884,60.957733,22.270672,-13.737035,3.24916,3.13692519288166,2.14095562227485,1.8107007947754792,3.0,0.013027816329145141,0.09069108731366633
1.485,60.781628,26.628914,-14.850884,60.904987,24.932285,-14.648761,1.06969,1.03274000343891,0.82243463976777,3.192207917257888,5.0,0.0,0.0
1.486,60.781628,26.628914,-14.850884,60.62244,25.04315,-11.965741,1.78091,1.71939253384102,1.64486161254185,1.3180284615319628,4.0,0.0,0.0
1.487,60.781628,26.628914,-14.850884,60.966518,26.197327,-13.530338,1.32363,1.27790822645051,0.747257527158228,2.090606149913177,3.0,0.0034412467741248946,0.02064924279196688
1.488,60.781628,26.628914,-14.850884,61.001637,24.796438,-13.834193,1.67924,1.62123449165156,0.939803798007266,1.0731908973978015,3.0,0.0015576500039420186,0.029778411749346874
1.489,60.781628,26.628914,-14.850884,60.940159,22.91696,-13.167384,2.63484,2.54382547341845,1.85361570473621,0.19312113304577921,2.0,0.0,0.0
1.490,60.781628,26.628914,-14.850884,60.684425,21.671885,-15.296847,2.9494,2.84751971706077,2.69371960484486,0.12232269572056897,2.0,0.001513941179198077,0.0025879984984841405
1.491,60.781628,26.628914,-14.850884,60.595844,24.491076,-14.879472,1.73938,1.67929709278537,1.0902863097533,0.0,0.0,0.0,0.0
1.492,60.781628,26.628914,-14.850884,60.869781,26.586149,-14.892367,0.109547,0.105762949225217,0.0848965033591238,0.0,0.0,0.0,0.0
1.493,53.931381,44.543896,48.896751,53.984539,46.073296,50.417065,0.431398,0.416496341934149,0.541274350119931,5.166092351775843,12.0,0.0,0.0
1.494,53.931381,44.543896,48.896751,54.175232,46.229359,49.660862,0.522515,0.504465913392557,0.649930882134178,6.249547060516568,12.0,1.2135608776692837e-09,3.468558848056845e-05
1.495,53.931381,44.543896,48.896751,54.364895,46.252567,49.2738,0.577836,0.557875975868829,0.812396594884615,6.879585832384014,11.0,6.55511232887961e-06,0.002167404237524122
1.496,53.931381,44.543896,48.896751,54.343872,46.326199,48.689896,0.754529,0.728465519968178,0.989615381167469,7.125995263546733,10.0,6.214368853604847e-06,0.0005423608652884777
1.497,53.931381,44.543896,48.896751,54.4174,46.147171,48.369045,0.79912,0.77151622577392,1.04675029162179,6.44807618217819,9.0,6.944950214906583e-07,4.3632970463013815e-05
1.498,53.931381,44.543896,48.896751,54.543091,46.201389,47.97047,0.99015,0.955947530971627,1.25790803849812,4.511483938604754,8.0,0.0,0.0
1.499,53.931381,44.543896,48.896751,54.396408,45.605453,47.751476,0.787951,0.760733033355173,1.03866236182113,4.66717279019344,7.0,1.2770239966534461e-06,8.756713386539949e-05
1.500,53.931381,44.543896,48.896751,54.657913,45.663181,46.982784,1.06579,1.02897472002651,1.4664077811384,0.875079697396286,6.0,0.0,0.0
1.501,53.931381,44.543896,48.896751,54.22802,44.77832,47.606525,0.703958,0.679641379596753,0.721983342896059,3.0583366664700082,5.0,1.357296513028826e-08,3.067322461429801e-05
1.502,53.931381,44.543896,48.896751,54.175232,44.48217,47.60342,0.660422,0.637609231226929,0.608526323545885,2.0168071392263975,3.0,0.0,0.0
1.503,53.931381,44.543896,48.896751,54.154095,44.178787,47.29694,0.71504,0.690340577231685,0.647984382647544,1.011980006732364,3.0,2.6852397245027383e-12,2.2323165165312686e-07
1.504,53.931381,44.543896,48.896751,54.027004,43.49295,47.316589,0.498417,0.481200323733056,0.516566206552567,0.00013576830317715472,1.0,0.0,0.0
1.505,53.931381,44.543896,48.896751,54.532631,47.70937,49.415211,1.09587,1.05801567516626,1.44571095973012,0.2216677458269544,2.0,1.3285967780688947e-11,1.7161207792794955e-06
1.506,45.151043,-2.811008,-2.501926,45.33139,-3.092339,-3.071134,0.684433,0.660790826102615,0.60802394550191,10.970172669705258,14.0,0.0,0.0
1.507,45.151043,-2.811008,-2.501926,45.178856,-3.125749,-2.870928,0.623786,0.602238738125201,0.487101933161916,8.97707131920108,12.0,0.0,0.0
1.508,45.151043,-2.811008,-2.501926,45.386665,-3.26021,-2.6558,0.537111,0.518557727927791,0.608217568028734,8.992871931158131,12.0,0.0,0.0
1.509,45.151043,-2.811008,-2.501926,45.164951,-3.313056,-2.403256,0.654296,0.631694839897603,0.643457685489093,8.230026791070538,11.0,0.0,0.0
1.510,45.151043,-2.811008,-2.501926,45.386665,-3.556713,-2.135454,0.992279,0.958002989531885,1.03863041754775,8.279233684128647,12.0,0.0,0.0
1.511,45.151043,-2.811008,-2.501926,45.524429,-3.543811,-1.897792,0.854047,0.824545898079812,1.16136279539101,6.906786410673471,11.0,0.0,0.0
1.512,45.151043,-2.811008,-2.501926,45.317554,-3.378679,-2.751668,0.669988,0.646844795617451,0.7376305988799849,5.949515872295682,8.0,0.0,0.0
1.513,45.151043,-2.811008,-2.501926,45.961174,-3.543717,-2.61499,0.908344,0.876967332296008,1.19179485502589,5.066634412297312,9.0,0.0,0.0
1.514,45.151043,-2.811008,-2.501926,45.081394,-2.931315,-1.923165,0.577086,0.557151882904906,0.561391111965746,3.9177924857733686,6.0,0.0,0.0
1.515,45.151043,-2.811008,-2.501926,42.89854,-3.337323,-2.757914,1.21445,1.17249960004898,2.20695562272957,2.329971039259403,6.0,0.0,0.0
1.516,45.151043,-2.811008,-2.501926,42.642456,-2.615103,-3.107763,1.26202,1.21842640310742,2.4149467348562,1.061716911873126,6.0,0.0,0.0
1.517,45.151043,-2.811008,-2.501926,42.793365,-2.900251,-1.820894,1.24857,1.20544100262106,2.28828077157615,0.18989259548558346,6.0,0.0,0.0
1.518,45.151043,-2.811008,-2.501926,45.178856,-3.391616,-2.987074,0.792902,0.765513012374353,0.802192716868562,3.2026026351712304,6.0,0.0,0.0
1.519,45.151043,-2.811008,-2.501926,44.94162,-2.64182,-3.352035,0.760274,0.734012072071831,0.821963047131162,2.1633323574978043,5.0,0.0,0.0
1.520,45.151043,-2.811008,-2.501926,45.081394,-2.938557,-2.013605,0.452428,0.436799908642561,0.48717902479941,0.8716860227301918,2.0,0.0,0.0
1.521,45.151043,-2.811008,-2.501926,46.803467,-3.812742,-2.843082,1.31258,1.26723992344871,2.01584819844143,1.726510508605196,3.0,0.0,0.0
1.522,45.151043,-2.811008,-2.501926,46.578411,-3.045476,-3.218338,1.11519,1.07666830991693,1.52366898464836,1.4089382070848866,3.0,0.0,0.0
1.523,45.151043,-2.811008,-2.501926,46.710995,-3.345115,-1.845587,1.19614,1.15482207715639,1.76553070380508,0.09722418756568049,3.0,0.0,0.0
1.524,45.151043,-2.811008,-2.501926,45.729923,-3.098526,-1.87039,0.761395,0.735094349688575,0.894168189049589,0.07797429177992081,1.0,0.0,0.0
1.525,62.516075,9.693719,8.869917,58.283024,8.528453,8.373878,3.38,3.2632456240813,3.8562285080059,0.0,0.0,0.0,0.0
1.526,62.516075,9.693719,8.869917,68.577057,10.293497,8.542368,5.57,5.37759707873753,4.99896461872363,0.0,0.0,0.0,0.0
1.527,24.161263,-9.857612,-18.295889,28.300611,-11.133653,-21.341335,4.47,4.31559406498326,3.48133887789543,0.0,0.0,0.0,0.0
1.528,25.381853,-10.939287,-18.032888,28.033894,-12.7443,-19.455858,3.03,2.9253355742504,2.3884090837585,0.0,0.0,0.0,0.0
1.529,54.958851,-28.746519,15.812528,58.798046,-27.415251,17.337553,3.49,3.36944592545673,3.73252383062558,0.002436626394157419,2.0,0.0,0.0
1.530,54.958851,-28.746519,15.812528,56.456356,-26.062927,17.806543,3.04,2.93499014710271,2.39760432132826,1.508786203560415,2.0,0.018024181640025946,0.04823391735439991
1.531,54.958851,-28.746519,15.812528,55.154644,-25.030249,17.727829,3.09,2.98326301136427,2.37289166413859,0.5892827146458189,1.0,0.07669301096803845,0.07669301096803845
1.532,56.45636,-26.06291,17.80658,52.916649,-24.718689,17.609694,3.75,3.62046481961683,3.42924504391813,0.2991806106327239,1.0,0.0,0.0
1.533,54.896797,-31.312233,17.238083,52.916645,-24.718735,17.609871,3.9,3.7652834124015,3.70595917488401,0.8652360259696203,2.0,0.0,0.0
1.534,54.896797,-31.312233,17.238083,50.838955,-27.263376,16.411703,3.97,3.83286542236768,4.33786754878004,0.18021215116620892,2.0,0.0,0.0
1.535,50.838955,-27.263258,16.41168,56.187775,-29.261965,17.105936,4.38,4.22870290931246,5.25540031948234,0.0,0.0,0.0,0.0
1.536,52.916645,-24.718616,17.609802,56.187775,-29.261934,17.10589,3.94,3.80390170381075,3.87283675564477,0.0,0.0,0.0,0.0
1.537,54.896797,-31.312233,17.238083,61.098042,-35.322903,17.89843,4.73,4.56661295914336,5.84121785012574,0.0,0.0,0.0,0.0
1.538,60.896187,-38.903473,16.049135,65.849754,-41.461391,17.135906,3.52,3.39840964401366,4.26699724793141,0.0,0.0,0.0,0.0
1.539,58.480507,30.393116,-0.180173,62.380802,31.832623,-0.540208,2.91,2.80948070002266,3.47079491997086,1.0,1.0,0.0,0.0
1.540,58.480507,30.393116,-0.180173,64.241798,33.21701,-1.621403,4.3,4.15146632649396,5.17919167884789,1.0,1.0,0.0,0.0
1.541,58.480507,30.393116,-0.180173,62.380802,31.832623,-0.540208,3.02,2.91568100139809,3.47079491997086,0.0,0.0,0.0,0.0
1.542,58.480507,30.393116,-0.180173,64.241798,33.21701,-1.621403,4.14,3.99699316085698,5.17919167884789,0.0,0.0,0.0,0.0
1.543,67.216965,-2.489731,2.575977,63.251865,-3.020112,2.407461,3.8,3.66873768387839,3.32695045135087,0.036272998373667216,11.0,2.7165890727748366e-05,0.0007868726120515945
1.544,67.19442,-2.912872,3.850826,71.825623,-3.614798,4.224699,3.51,3.38875507116135,3.70992419560327,0.0,0.0,0.0,0.0
1.545,30.37582,3.476698,-34.958138,33.435429,2.692295,-36.979984,3.62,3.49495537253678,2.80692533239224,0.004406152931852083,2.0,3.980231564367885e-07,4.187780913179408e-05
1.546,30.496466,5.992533,-37.702686,28.114248,5.726606,-35.105156,2.97,2.86740813713653,2.12388795201137,1.4420907171088662,9.0,0.004943583682419206,0.017411641235629636
1.547,32.369396,-13.999039,-20.116463,35.459164,-14.781438,-21.057169,2.95,2.84809899143191,2.57738115632432,0.0,0.0,0.0,0.0
1.548,39.275635,-26.128975,-21.191074,34.148941,-24.858421,-19.715172,5.48,5.29070592306673,4.38650351796879,0.0,0.0,0.0,0.0
1.549,32.369396,-13.999039,-20.116463,35.53764,-21.137602,-22.245789,5.53,5.33897878732828,4.77155599011797,0.31600001456804977,4.0,0.0,0.0
1.550,32.369396,-13.999039,-20.116463,31.277468,-21.816063,-20.109856,5.45,5.26174220450979,4.70891681111157,1.6413736875245974,3.0,3.684035602545877e-05,0.0007880301209701705
1.551,32.369396,-13.999039,-20.116463,29.588387,-20.148691,-20.277988,5.32,5.13623275742974,4.29217866745115,0.33690321410691726,1.0,0.0,0.0
1.552,32.369396,-13.999039,-20.116463,32.6348,-21.506765,-20.66925,5.34,5.15554190313436,4.37491969109171,0.042189659035616986,1.0,0.0,0.0
1.553,35.459164,-14.781334,-21.057093,36.061195,-21.562092,-22.162203,4.77,4.60523125055261,3.81844618267787,0.0,0.0,0.0,0.0
1.554,35.459164,-14.781334,-21.057093,31.277468,-21.815945,-20.109787,6.56,6.33339979111637,5.44460028816474,0.0,0.0,0.0,0.0
1.555,33.070816,-18.073713,-19.322838,40.702946,-25.195724,-23.189289,8.05,7.77193114611079,7.40288195569811,0.0,0.0,0.0,0.0
1.556,60.675575,-44.894264,39.810722,60.737476,-33.867989,28.102961,5.37,5.1845056216913,4.85774971752918,0.8203965310697333,2.0,0.0,0.0
1.557,60.675575,-44.894264,39.810722,58.658291,-34.591648,28.587801,4.92,4.75004984333728,4.92007947464378,0.020177393373246984,1.0,0.0,0.0
1.558,60.675575,-44.894264,39.810722,57.104637,-38.454281,32.305595,3.97,3.83286542236768,4.30720991168955,0.003726415163478575,1.0,0.0021747855934296607,0.0021747855934296607
1.559,60.675575,-44.894264,39.810722,56.446445,-43.901657,38.351856,3.64,3.5142645182414,3.83067287639942,0.027302276095977112,2.0,0.013668877596779356,0.019318164252055268
1.560,58.658291,-34.591827,28.587822,56.446445,-43.901817,38.351883,5.52,5.32932421447597,4.56596191398288,0.0,0.0,0.0,0.0
1.561,60.737476,-33.868229,28.102993,57.104641,-38.454205,32.305771,5.02,4.84659557186039,3.81030000960944,0.0,0.0,0.0,0.0
1.562,61.063011,-42.05619,42.715523,57.279461,-40.36079,40.422882,3.37,3.25359105122899,3.46072501806422,0.1593307199475276,1.0,0.14367844323297374,0.14367844323297374
1.563,75.095337,-0.532285,84.384766,69.269638,-0.6472,79.116127,3.71,3.58184652820758,4.53566848839982,0.0,0.0,0.0,0.0
1.564,74.736542,-3.613302,81.708183,79.139091,-3.735924,85.251396,2.76,2.66466210723799,3.23475504970137,0.002683243729272034,1.0,0.0,0.0
1.565,52.331081,40.095707,54.779003,56.673737,42.677818,57.724091,3.11,3.00257215706889,4.25454930715411,0.2429139452335003,1.0,0.0,0.0
1.566,51.4506,41.28022,52.641716,55.522694,45.51041,56.454082,3.02,2.91568100139809,4.20974718374743,0.0007182214904323482,1.0,0.0,0.0
1.567,55.277752,50.730179,35.191422,52.553226,43.285896,27.890947,4.19,4.04526602511854,4.07204948731835,0.0,0.0,0.0,0.0
1.568,55.277752,50.730179,35.191422,50.037422,42.680801,28.206703,5.29,5.10726903887281,5.99185277738644,0.0,0.0,0.0,0.0
1.569,55.277752,50.730179,35.191422,50.487717,48.119617,32.846394,4.1,3.95837486944773,4.78150234148795,0.0,0.0,0.0,0.0
1.570,55.277752,50.730179,35.191422,51.473465,51.351944,36.877319,4.14,3.99699316085698,3.75987526185987,0.017755519050350745,2.0,0.0,0.0
1.571,51.473465,51.352066,36.877335,55.54303,54.492077,39.5331,2.64,2.54880723301025,4.08089358684242,0.0,0.0,0.0,0.0
1.572,50.487717,48.119705,32.846241,50.745651,53.057079,38.648331,2.88,2.78051698146572,2.25920168281167,0.0,0.0,0.0,0.0
1.573,52.062588,52.378605,32.865681,49.713703,53.599739,39.420212,4.41,4.25766662786939,3.79500268619982,0.0,0.0,0.0,0.0
1.574,60.293129,-15.841853,59.432617,65.01017,-16.927208,63.030132,3.47,3.35013677975211,4.1187587452174,0.0,0.0,0.0,0.0
1.575,59.807343,-19.738041,57.327293,56.406769,-18.376207,55.204948,2.95,2.84809899143191,3.1635201152342,0.0,0.0,0.0,0.0
1.576,61.714573,10.628077,31.698782,57.693752,10.497884,30.176144,3.93,3.79424713095844,3.61337652180273,0.0,0.0,0.0,0.0
1.577,61.77483,13.395668,31.494917,66.710503,15.756843,34.626713,3.5,3.37910049830904,4.40630683321428,0.0,0.0,0.0,0.0
1.578,61.394508,19.109142,60.998608,66.389832,21.836231,65.072273,3.91,3.77493798525381,4.41528351547005,0.0,0.0,0.0,0.0
1.579,61.411877,19.422462,65.299904,56.919193,18.464613,60.690044,3.27,3.15704532270587,4.17849039449058,0.0,0.0,0.0,0.0
1.580,22.82711,17.739157,-34.414017,26.098566,19.111952,-37.872101,2.98,2.87706270998884,2.78742185562291,0.8767293766894557,2.0,0.0,0.0
1.581,23.405184,16.900217,-34.256824,27.129957,17.679699,-37.421871,3.13,3.02188130277351,3.10802736000498,0.0,0.0,0.0,0.0
1.582,37.553726,45.587086,20.804796,33.878536,42.173317,18.530891,3.95,3.81355627666306,3.33425472499469,0.08554993291063147,2.0,0.005387625584560435,0.006572546270432708
1.583,36.948235,47.273624,17.229256,33.178619,43.719856,14.9012,3.9,3.7652834124015,3.41763320929552,0.0,0.0,0.0,0.0
1.584,38.039131,-33.343899,-1.68362,35.103035,-31.280479,-1.334379,3.2,3.08946331273969,2.61562163092254,0.1268889232564115,2.0,0.031391288209229234,0.039141014130313914
1.585,38.039131,-33.343899,-1.68362,42.672699,-34.328117,-1.463435,4.88,4.71143155192803,4.11833388147213,0.0,0.0,0.0,0.0
1.586,26.67771,-26.515356,-9.772418,29.738104,-28.471516,-10.862869,3.28,3.16669989555819,2.52357098531848,0.5128269826728649,3.0,0.0,0.0
1.587,28.060711,-26.172367,-12.724666,31.370398,-28.967501,-12.821016,3.64,3.5142645182414,2.88119326135412,0.0,0.0,0.0,0.0
1.588,90.560417,1.66733,1.81549,84.375404,1.316931,2.251513,3.45,3.33082763404748,4.02431224330901,1.0,1.0,0.0,0.0
1.589,90.752518,-1.865089,2.553054,86.736259,-2.602544,2.320671,3.25,3.13773617700125,2.73615940533725,1.009219939206082,3.0,4.207418715863573e-05,0.0046099696030410175
1.590,35.222294,29.766779,-21.382965,31.98834,28.285166,-20.377663,3.24,3.12808160414894,2.70329839122242,0.0,0.0,0.0,0.0
1.591,34.782253,25.197487,-19.236778,39.496132,29.221016,-21.484358,5.33,5.14588733028205,4.39879421063078,0.0,0.0,0.0,0.0
1.592,90.560417,1.66733,1.81549,84.375404,1.316931,2.251513,3.64,3.5142645182414,4.02431224330901,0.0,0.0,0.0,0.0
1.593,90.752518,-1.865089,2.553054,86.736259,-2.602544,2.320671,2.61,2.51984351445331,2.73615940533725,0.009219939206082035,2.0,0.0019899573585622967,0.002844989186039072
1.594,61.463936,24.613506,-14.245343,56.752464,22.756124,-13.460519,3.82,3.68804682958301,4.30198635910995,1.0,1.0,0.0,0.0
1.595,61.611057,20.526964,-12.718345,66.603889,21.900915,-12.568662,3.45,3.33082763404748,4.23398670616886,1.0,1.0,0.0,0.0
1.596,61.463936,24.613506,-14.245343,56.752464,22.756124,-13.460519,3.28,3.16669989555819,4.30198635910995,0.0,0.0,0.0,0.0
1.597,61.611057,20.526964,-12.718345,66.603889,21.900915,-12.568662,3.2,3.08946331273969,4.23398670616886,0.0,0.0,0.0,0.0
1.598,34.252171,31.402319,-9.627592,38.67308,33.983028,-11.227219,4.07,3.9294111508908,3.90757067522492,0.0,0.0,0.0,0.0
1.599,34.579689,31.9753,-11.976392,29.107674,28.471119,-11.577841,5.79,5.58999768148838,4.58266915250366,0.0,0.0,0.0,0.0
1.600,49.520355,-40.411953,-1.780743,54.280727,-43.331654,-1.487334,4.01,3.87148371377693,4.82153559403654,0.8005883122146189,1.0,0.0,0.0
1.601,49.496109,-40.30743,-0.312041,53.760738,-43.658661,-0.454582,3.94,3.80390170381075,4.38678622991431,0.0,0.0,0.0,0.0
1.602,21.762815,-5.330461,-4.165325,26.273977,-5.721074,-4.59285,4.17,4.02595687941391,3.29927650085722,0.0,0.0,0.0,0.0
1.603,21.762815,-5.330461,-4.165325,17.645058,-3.9375,-3.420687,4.28,4.13215718078934,3.28069360557555,0.0,0.0,0.0,0.0
1.604,90.925728,-0.538932,-0.905779,88.638138,-0.896841,-0.709212,1.428,1.37867300331009,1.5381115376087,6.352155715800685,8.0,0.0,0.0
1.605,81.538322,-0.138157,0.059486,79.579659,0.087818,0.230697,1.498,1.44625501327627,1.39963009880135,9.42343915903424,22.0,0.0,0.0
1.606,78.25721,-0.145334,-0.177084,76.472595,-0.238812,-0.433428,1.288,1.24350898337773,1.30210847824029,6.912986458205133,11.0,0.0,0.0
1.607,72.195068,-0.097323,-0.194733,70.217941,-0.088891,-0.061784,1.498,1.44625501327627,1.5136429554258,0.8054805960570424,7.0,0.0,0.0
1.608,64.314461,-0.04561,-0.044272,62.701313,-0.078866,-0.016986,1.4,1.35164019932362,1.35410172167071,69.07523682573907,181.0,0.0057909520959341775,0.4805077064456275
1.609,51.746639,-0.336176,-1.034046,50.487717,-0.364114,-1.091599,1.26,1.21647617939125,1.25565279960473,31.619275272842426,76.0,2.3725432290227026e-05,0.008047813693344829
1.610,45.095337,-0.233029,-0.638954,43.639107,-0.196992,-0.55483,1.414,1.36515660131685,1.36929218683938,0.29994368939089205,10.0,3.5355567375577407e-09,1.6905708759058948e-05
1.611,39.898655,-0.274651,-1.401929,38.881161,-0.404753,-1.556684,1.484,1.43273861128303,0.918018136374492,7.118739494586185,12.0,0.007899255323629586,0.14503849224749313
1.612,24.481285,-0.396769,-2.149093,23.737452,-0.394988,-2.208737,1.442,1.39218940530332,0.540712814600186,6.618147089349868e-06,1.0,0.0,0.0
1.613,19.013502,-0.392225,-2.338232,17.827913,-0.369441,-2.372141,1.736,1.67603384716128,0.808344922578037,0.015584537888600385,3.0,0.0,0.0
1.614,10.258947,-0.337053,-2.544859,8.907858,-0.372164,-2.491766,1.47,1.4192222092898,0.846001006972343,0.03719419605676759,2.0,0.0,0.0
1.615,6.77475,-0.290546,-2.421356,5.87145,-0.241373,-2.225596,1.344,1.29757459135067,0.578810227894061,0.0,0.0,0.0,0.0
1.616,2.07759,-0.125785,-1.075813,1.17429,-0.099926,-0.807937,1.386,1.33812379733038,0.585098764696965,0.9528731944875533,1.0,0.0,0.0
1.617,2.07759,0.079546,-1.133855,0.9033,-0.063582,-0.550841,1.246,1.20295977739802,0.907901768585237,0.0,0.0,0.0,0.0
1.618,71.015465,-18.772522,-25.778711,68.780228,-18.95849,-25.105896,1.624,1.56790263121539,1.76721761006606,0.0,0.0,0.0,0.0
1.619,66.320786,-20.08313,-28.516874,64.946693,-19.758181,-28.083265,1.232,1.18944337540478,1.14141124105405,0.0,0.0,0.0,0.0
1.620,51.701263,-18.041677,-22.550978,50.628654,-17.791826,-22.331953,1.288,1.24350898337773,1.07865168264212,0.011526324127936145,1.0,0.0,0.0
1.621,48.85923,-17.188835,-21.234711,47.675125,-16.829433,-20.526653,1.372,1.32460739533714,1.22811273178571,0.0,0.0,0.0,0.0
1.622,41.547955,-15.280587,-19.750408,40.654354,-15.390312,-19.490849,1.036,1.00021374749948,0.816741666350835,0.0,0.0,0.0,0.0
1.623,25.381853,-10.298969,-15.034953,24.481285,-9.768497,-14.540817,1.372,1.32460739533714,0.806336374751664,1.7156246944569138,6.0,0.0,0.0
1.624,83.568497,-0.016315,60.222904,80.805466,-0.504445,59.441711,1.316,1.2705417873642,1.90741569135585,0.0,0.0,0.0,0.0
1.625,79.110336,-2.900168,53.850086,76.533401,-2.798481,53.757591,1.386,1.33812379733038,1.82631003366005,0.0,0.0,0.0,0.0
1.626,71.859337,-3.832097,49.021439,70.252922,-3.53772,48.603973,1.232,1.18944337540478,1.24756370211893,0.0,0.0,0.0,0.0
1.627,59.816395,-3.67042,43.792305,58.046539,-3.525021,42.995831,1.484,1.43273861128303,1.60476739398435,0.0,0.0,0.0,0.0
1.628,51.4506,-3.284653,41.471157,49.881954,-3.484262,40.154255,1.512,1.45977141526951,1.64616919916207,0.0,0.0,0.0,0.0
1.629,43.58054,-3.991546,34.088932,42.384117,-3.991448,33.724861,1.26,1.21647617939125,1.10854294933489,0.0,0.0,0.0,0.0
1.630,38.092533,-3.053049,33.014938,36.649616,-3.088117,32.234447,1.176,1.13537776743184,1.26633324363477,0.0,0.0,0.0,0.0
1.631,71.616013,29.325998,9.574788,69.958183,28.577225,9.204361,0.98,0.946148139526531,1.32154171897031,0.0,0.0,0.0,0.0
1.632,62.877323,24.639366,7.403552,61.115543,24.276516,7.323507,1.414,1.36515660131685,1.51871342544557,0.0,0.0,0.0,0.0
1.633,56.077782,22.58659,6.715023,55.000164,22.407627,6.565872,1.162,1.1218613654386,1.02002089123154,0.003750735930106225,1.0,0.0,0.0
1.634,52.905689,20.17458,5.665442,51.633087,19.723129,5.487911,1.176,1.13537776743184,1.28380103673858,0.0,0.0,0.0,0.0
1.635,41.327156,18.16258,5.137015,40.048115,17.995426,5.226207,1.302,1.25702538537096,1.14387328677807,0.0,0.0,0.0,0.0
1.636,36.948235,17.386126,5.264829,36.09956,17.019642,5.169783,1.176,1.13537776743184,0.752503164796017,0.0,0.0,0.0,0.0
1.637,28.876348,14.531959,4.678038,27.926296,13.900254,4.329706,1.554,1.50032062124921,0.880071489678536,0.0,0.0,0.0,0.0
1.638,75.625191,3.199141,67.709763,73.971764,3.274957,65.596619,1.274,1.22999258138449,1.32453445750841,0.6475435404408678,2.0,0.0,0.0
1.639,75.045151,3.712638,68.159973,72.074493,3.854826,67.077576,1.652,1.59493543520187,2.22449931614715,0.6251509018911502,1.0,0.0,0.0
1.640,74.31752,4.167695,67.094818,72.074501,3.854013,67.077484,1.372,1.32460739533714,1.68316460774784,0.0,0.0,0.0,0.0
1.641,71.227966,1.615196,62.209904,68.116318,1.500344,59.80759,1.624,1.56790263121539,2.50038607388174,0.0,0.0,0.0,0.0
1.642,45.33139,46.762058,23.94488,43.988136,45.743324,23.673737,1.19,1.14889416942507,1.30963553253957,0.0,0.0,0.0,0.0
1.643,41.390415,48.237415,26.746296,40.229717,47.305862,26.718287,0.98,0.946148139526531,1.09079384982124,0.0,0.0,0.0,0.0
1.644,36.366547,49.014481,31.268713,35.202457,47.824463,30.974993,1.33,1.28405818935744,1.04713522972103,0.0,0.0,0.0,0.0
1.645,29.613407,-9.056348,-34.95953,28.694765,-8.891593,-34.170197,1.47,1.4192222092898,0.763843545390185,0.9895221702354634,1.0,0.0,0.0
1.646,29.613407,-9.056348,-34.95953,28.406404,-8.59418,-34.175392,1.568,1.51383702324245,1.02174782437414,0.0,0.0,0.0,0.0
1.647,61.860748,-10.803149,44.768566,61.688721,-10.228321,40.521389,1.39,1.3419856264713,1.47091289956367,0.35468294850365684,3.0,3.881441857173829e-05,0.0008319447713502153
1.648,61.688721,-10.228362,40.521297,62.014931,-11.884862,41.140507,1.74,1.67989567630221,1.05990120033362,0.5134026777012692,2.0,0.012525854008368966,0.024550359145496293
1.649,61.602417,-10.69253,44.759777,61.860748,-9.062932,38.566864,2.36,2.27847919314552,2.20141439318368,0.014393581356547619,1.0,0.0,0.0
1.650,61.860748,-9.062901,38.566849,61.937916,-11.845445,40.300598,2.59,2.50053436874869,1.74166465976914,0.0,0.0,0.0,0.0
1.651,61.541893,-10.138509,40.525043,61.955044,-10.005843,40.583672,0.48,0.463419496910954,0.367721877089961,0.0,0.0,0.0,0.0
1.652,63.119102,-4.259536,-5.963089,63.433693,-4.418618,-8.409433,2.18,2.10469688180392,1.84131520005909,1.1653814106038767,5.0,0.0012496605322053014,0.01324616710554318
1.653,63.433693,-4.418558,-8.409455,62.977551,-2.837946,-8.948474,2.69,2.59708009727181,1.95255225203689,0.7856839245620753,4.0,0.005299572265876597,0.021537182755317703
1.654,63.433693,-4.418558,-8.409455,63.177242,-2.124738,-9.15677,3.06,2.95429929280733,2.8063109776165,0.0,0.0,0.0,0.0
1.655,62.969208,-3.033188,-8.750277,63.729446,-2.227545,-7.486834,1.94,1.87298713334844,1.41554102929423,1.6635357918685898,2.0,0.00016876527005269733,0.000325347802478751
1.656,62.969208,-3.033188,-8.750277,63.284985,-2.283503,-9.704954,1.44,1.39025849073286,1.21333668617304,0.7161166406221093,1.0,0.0,0.0
1.657,62.969208,-3.033188,-8.750277,62.414665,-3.21093,-7.544514,0.89,0.859256983855727,1.04576035298569,0.0,0.0,0.0,0.0
1.658,62.074726,1.631322,-3.481141,62.236565,2.616548,-4.926463,2.04,1.96953286187155,1.68257912105851,2.5637778437958043,20.0,0.00015258235826548622,0.0014909510929998252
1.659,62.236565,2.616369,-4.926349,61.62833,4.780815,-5.143895,2.56,2.47157065019176,2.69390111327259,0.020691401772202883,1.0,0.0,0.0
1.660,61.12429,3.2893,-3.351414,61.636963,3.671946,-4.910094,1.6,1.54473165636985,1.41402064007292,3.1530912540056035,14.0,0.0,0.0
1.661,61.307549,3.587627,-4.438084,61.662849,4.822494,-5.12297,1.2,1.15854874227739,1.51166487537748,1.737411334904213,3.0,0.0,0.0
1.662,61.307549,3.587627,-4.438084,61.22039,4.195497,-4.601471,0.59,0.569619798286381,0.728567818761382,1.1273518733368877,2.0,0.0,0.0
1.663,61.307549,3.587627,-4.438084,61.176739,3.33589,-3.20761,1.0,0.965457285231154,1.0651103768618,0.8119303374514397,12.0,1.2212688021162403e-08,1.48076928982924e-05
1.664,61.307549,3.587627,-4.438084,61.403194,4.794819,-4.312512,0.98,0.946148139526531,1.45518361179638,0.0,0.0,0.0,0.0
1.665,62.54982,9.185242,10.755328,62.423126,9.622292,9.302359,1.43,1.38060391788055,1.31943275979837,0.7320439959998678,1.0,0.0,0.0
1.666,62.54982,9.185242,10.755328,62.709713,9.871574,8.832197,1.69,1.63162281204065,1.81225680471279,0.36543996519958083,1.0,0.0,0.0
1.667,62.709713,9.871455,8.832256,62.4823,7.613036,9.372973,2.23,2.15296974606547,2.44139375586683,0.0,0.0,0.0,0.0
1.668,63.762173,14.707316,0.650715,64.395035,15.433628,3.624298,2.38,2.29778833885015,2.22067590781518,0.3725630274157945,2.0,0.0,0.0
1.669,64.395042,15.433697,3.624419,63.524296,17.60363,2.163981,2.45,2.36537034881633,2.02002771336588,0.7845362686249452,1.0,0.0,0.0
1.670,64.627815,18.870457,3.753606,63.581844,14.799252,0.778927,3.38,3.2632456240813,3.43784897166979,0.0,0.0,0.0,0.0
1.671,64.627815,18.870457,3.753606,64.803513,15.873413,4.246812,2.12,2.04676944469005,2.06760305449768,0.0,0.0,0.0,0.0
1.672,23.135275,17.304459,-34.817253,22.584,18.143545,-35.338531,1.03,0.994421003788089,0.553915876519158,4.252869339790195,8.0,0.0,0.0
1.673,23.135275,17.304459,-34.817253,22.195663,19.946421,-36.508568,1.15,1.11027587801583,1.38097289510672,3.637987865464578,6.0,0.0,0.0
1.674,22.195663,19.946392,-36.508457,22.998915,17.892027,-34.310883,0.76,0.733747536775677,1.11891078274235,2.839505871973279,6.0,0.0,0.0
1.675,22.998915,17.892221,-34.310917,23.135275,17.304354,-34.817234,1.25,1.20682160653894,0.652435032965133,2.4425902784179523,5.0,0.0,0.0
1.676,22.998915,17.892221,-34.310917,23.934174,16.738255,-34.775845,0.89,0.859256983855727,1.20011833155709,0.8203882650381848,5.0,4.0496151415925373e-19,5.763902098477615e-10
1.677,22.861593,18.102205,-34.330376,23.033094,17.490633,-34.803165,1.2,1.15854874227739,0.651969312497054,1.027905137759351,3.0,0.0,0.0
1.678,22.861593,18.102205,-34.330376,22.124203,20.254351,-36.512947,0.6,0.579274371138693,1.12069636777046,1.0928949363366716,2.0,0.0,0.0
1.679,22.124203,19.866638,-36.370171,22.930374,17.805658,-34.13908,0.72,0.695129245366431,1.12906818713922,0.06983555992029225,1.0,0.0,0.0
1.680,22.549021,15.54078,-30.682112,22.124205,19.866341,-36.370064,2.29,2.21089718317934,2.39214722078435,0.32674964029016323,1.0,0.0,0.0
1.681,22.513975,13.263478,-31.474159,22.549021,15.54087,-30.682152,3.07,2.96395386565964,1.98751310798023,0.0,0.0,0.0,0.0
1.682,22.513975,13.263478,-31.474159,22.124205,19.866444,-36.370113,2.25,2.1722788917701,3.01901684874598,0.0,0.0,0.0,0.0
1.683,21.944368,19.337234,-36.249416,22.124203,19.866697,-36.37027,0.46,0.444110351206331,0.321978827109166,0.0,0.0,0.0,0.0
1.684,37.644279,-30.3267,-1.19013,37.878304,-33.871635,-1.850277,1.52,1.46749507355135,1.53188440810236,2.818485879445433,5.0,0.0,0.0
1.685,37.878304,-33.871727,-1.850328,37.896221,-30.437382,-1.847032,1.04,1.0040755766404,1.42738222860921,1.6086795611570799,4.0,0.0032575546031709756,0.025127008320321876
1.686,37.644279,-30.3267,-1.19013,37.949902,-30.884563,-2.604484,1.27,1.22613075224357,1.01573516339912,0.5470765790228208,2.0,2.5443010387556528e-05,0.0001233830564667279
1.687,38.28743,-30.83779,0.088921,37.878304,-30.900673,-2.537326,2.33,2.24951547458859,1.82243771119988,0.331377915715809,2.0,0.04048312374464378,0.05759864998285882
1.688,37.752544,-28.213318,-1.928556,37.806511,-33.786007,-1.780051,1.71,1.65093195774527,2.3850519097741,0.001217240520176088,1.0,0.0,0.0
1.689,37.788536,-30.405518,-1.783149,37.806511,-33.785938,-1.779898,0.93,0.897875275264974,1.40683618179184,0.0,0.0,0.0,0.0
1.690,42.0,3.116429,-15.347556,42.261749,4.568511,-18.164015,1.74,1.67989567630221,1.9027014131889,6.980864983939765,25.0,3.503729675295729e-05,0.0009239284694754486
1.691,41.844917,5.149412,-17.993149,41.26376,2.953419,-17.303785,2.59,2.50053436874869,2.37658835749171,6.913733267942749,17.0,2.1509893661144726e-05,0.003283145744907481
1.692,42.261749,4.568421,-18.164082,41.453533,2.416735,-17.982721,2.68,2.58742552441949,2.49283002462484,7.629124166736302,18.0,1.9347483363733208e-05,0.004748593171498385
1.693,41.844917,5.149412,-17.993149,41.453533,2.416973,-17.98266,3.08,2.97360843851196,3.0962219913495,2.1771035496533115,9.0,0.00045292580377237653,0.01004217302881778
1.694,41.453533,2.416973,-17.98275,42.200371,3.209737,-20.266949,1.28,1.23578532509588,1.40696358257927,1.6833781778278458,9.0,0.013223117956332587,0.10206890895083663
1.695,41.120602,3.005794,-17.32873,41.891529,3.102635,-15.159831,1.66,1.60265909348372,1.58688649982495,3.5338496235716517,22.0,8.595725054477818e-06,0.0009347807373334905
1.696,41.120602,3.005794,-17.32873,41.008755,4.824992,-16.850786,2.4,2.31709748455477,2.25183092441561,3.689689732676881,17.0,3.257839211987162e-06,0.0004107162929434233
1.697,41.120602,3.005794,-17.32873,42.733093,5.065942,-17.826227,2.79,2.69362582579492,2.6492915056481,3.001760188716026,13.0,1.7854008992561846e-07,0.0001752340294796134
1.698,41.120602,3.005794,-17.32873,41.767063,5.21313,-17.965696,2.6,2.510188941601,2.4083619004992,2.479695170463558,10.0,2.7124294184973267e-05,0.0023220688385070217
1.699,41.120602,3.005794,-17.32873,39.529896,2.800512,-19.606386,2.25,2.1722788917701,2.0569138421231,3.500932784764155,8.0,0.0,0.0
1.700,41.120602,3.005794,-17.32873,40.328278,1.880911,-19.082632,2.82,2.72258954435186,2.09016849947991,3.093148624423463,15.0,0.0005888488130529454,0.016419658670910147
1.701,41.120602,3.005794,-17.32873,40.180305,1.634736,-18.428913,2.42,2.33640663025939,2.11148945918962,1.940469483941087,15.0,6.781962539908828e-05,0.001549205110815193
1.702,41.120602,3.005794,-17.32873,42.061802,3.19256,-20.06008,1.76,1.69920482200683,1.7937693846834,1.677235956486627,4.0,0.0,0.0
1.703,41.120602,3.005794,-17.32873,43.033218,2.380715,-19.188526,2.4,2.31709748455477,2.33674309205132,1.615324205340718,10.0,1.849265289579004e-06,0.00013024570370499962
1.704,41.120602,3.005794,-17.32873,41.200222,0.016313,-17.339447,3.66,3.53357366394603,3.49703927489328,0.46968833729294684,1.0,0.0,0.0
1.705,40.180305,1.634617,-18.428911,42.061802,3.192441,-20.06008,2.19,2.11435145465623,2.28174811665768,0.2760915209176618,3.0,0.0,0.0
1.706,43.033218,2.380774,-19.188541,41.200222,0.016378,-17.339458,2.95,2.84809899143191,3.01742650316145,0.026517474216227823,1.0,0.0005369601343426047,0.0005369601343426047
1.707,41.891533,3.102898,-15.15988,42.733097,5.065872,-17.826361,1.81,1.74747768626839,2.33956317798179,0.16067106656004104,7.0,0.0,0.0
1.708,34.190285,32.168232,-9.73429,34.066051,31.63175,-10.904076,0.92,0.888220702412662,0.745395718253395,0.08189622252374491,1.0,0.0,0.0
1.709,34.190285,32.168232,-9.73429,33.520443,30.414986,-12.289613,2.15,2.07573316324698,1.84919415595055,2.1086218846905354,5.0,0.0,0.0
1.710,35.965034,30.561605,-11.031638,35.419838,35.197063,-10.829923,2.28,2.20124261032703,2.0087949547934,1.4750099174633107,4.0,0.0,0.0
1.711,34.066051,32.061588,-9.733544,34.066051,30.260366,-12.659597,1.63,1.57369537492678,1.9750992924981,0.7553036664788895,3.0,0.0,0.0
1.712,34.498207,28.470003,-10.080065,34.375488,32.433029,-11.999133,1.82,1.7571322591207,1.82339527166084,1.096087816664707,2.0,0.0,0.0
1.713,35.887848,30.486694,-10.968029,35.242119,35.161205,-10.783842,2.16,2.08538773609929,2.04380389530507,0.039174419556173075,1.0,0.0,0.0
1.714,33.962048,31.504326,-10.846254,34.498207,28.469959,-10.080063,1.36,1.31302190791437,1.38566920563561,0.0,0.0,0.0,0.0
1.715,57.39555,-41.616154,-6.60528,57.492008,-43.084118,-7.14991,0.68,0.656510953957185,0.564524326312527,1.0789507277091677,2.0,0.0,0.0
1.716,57.39555,-41.616154,-6.60528,58.169697,-45.478054,-7.989485,1.52,1.46749507355135,1.58932474416994,1.7668611323768668,2.0,0.0,0.0
1.717,57.492008,-43.083912,-7.149897,57.463097,-41.96545,-7.462634,0.82,0.791674973889546,0.473151047696032,0.01991081216250993,1.0,0.0,0.0
1.718,58.452362,-45.590378,-6.128921,58.76083,-42.526443,-7.905853,1.33,1.28405818935744,1.67146886172573,0.7782954030950019,1.0,0.0,0.0
1.719,57.269772,-41.540562,-6.555326,57.626629,-45.495079,-7.12554,1.42,1.37094934502824,1.380960745887,0.0,0.0,0.0,0.0
1.720,65.826447,-1.697951,5.454526,67.051346,-1.637203,3.425771,2.08,2.0081511532808,1.96688276018876,7.8610870488663975,15.0,0.001934086225745091,0.018253016211946624
1.721,67.051346,-1.637362,3.425857,67.186905,-2.95006,3.583408,2.3,2.22055175603165,1.70106426957094,8.25937621355021,28.0,7.872275746603916e-06,0.0024932766598016465
1.722,67.186905,-2.94994,3.58331,67.22448,-2.59114,2.376471,1.37,1.32267648076668,1.10642133509529,11.986030947725071,30.0,0.008979637476735022,0.09334323863422775
1.723,65.826447,-1.626604,5.562673,65.787575,-0.392725,1.412608,4.44,4.28663034642633,3.8801300450876,2.391924993665956,4.0,0.24306545269176308,0.7496765994209834
1.724,65.826447,-1.626604,5.562673,67.22448,-1.693017,3.053566,3.17,3.06049959418276,2.41154009176952,3.6988201304699406,9.0,3.767559719858769e-06,0.0013467212780669691
1.725,65.826447,-1.626604,5.562673,67.747025,-1.616042,3.214952,3.24,3.12808160414894,2.50886728478901,2.5247013584093243,6.0,0.0,0.0
1.726,65.826447,-1.626604,5.562673,67.051346,-1.637382,3.514867,2.45,2.36537034881633,1.98281007618809,3.8365340447546545,10.0,0.0002129142674812568,0.0021158781801571703
1.727,66.960732,-4.706641,5.623862,67.171867,-2.920039,4.982064,2.44,2.35571577596402,2.12835482672683,2.039333156194379,7.0,2.4564318003868353e-05,0.00042734334683320425
1.728,67.171867,-2.91989,4.982072,66.76371,-3.188375,3.504724,1.36,1.31302190791437,1.36422569345931,6.4433382305434685,18.0,0.008585613836704519,0.06418493315791804
1.729,66.960732,-4.706641,5.623862,66.76371,-3.188146,3.504445,2.69,2.59708009727181,2.33481295184439,0.9145288877519144,7.0,0.0,0.0
1.730,67.426811,-2.186042,3.996931,66.76371,-3.188196,3.504646,1.87,1.80540512338226,1.48477178597193,5.090881559696908,23.0,1.1678915560789464e-11,4.163152474695003e-07
1.731,40.361057,-22.629972,-20.694771,41.008755,-26.057306,-23.354427,2.0,1.93091457046231,1.86667094806585,1.3020347432771824,4.0,0.6462613353109484,0.7281429714172173
1.732,41.008755,-26.057455,-23.354342,41.342987,-27.862955,-21.710922,1.71,1.65093195774527,1.43298011317518,0.8874165377602269,1.0,0.0,0.0
1.733,41.008755,-26.057455,-23.354342,41.104649,-27.11038,-21.882095,1.16,1.11993045086814,1.04317308507367,0.02828184086007885,2.0,0.011273164831351656,0.01747329524048342
1.734,30.424154,3.374569,-35.603924,30.351616,5.162564,-37.557579,0.86,0.830293265298793,0.7011834042874,2.5884022394379267,4.0,2.287438860657757e-07,9.531218217250676e-05
1.735,30.424154,3.374569,-35.603924,30.520519,5.991661,-38.548622,0.98,0.946148139526531,0.992978826923077,1.8443125994804361,5.0,2.5127351009631915e-05,0.00041102772872339554
1.736,30.520519,5.991959,-38.548687,30.424154,4.325249,-38.041538,0.99,0.955802712378843,1.02706435747461,0.9626982756757531,8.0,9.168373296852112e-05,0.0004387587560641475
1.737,30.351616,5.99612,-38.344559,30.254545,3.466784,-35.48613,0.92,0.888220702412662,0.958671830306423,0.1319724592902812,3.0,0.0009321046037601768,0.0015654174034556683
1.738,30.351616,5.99612,-38.344559,29.960857,1.476013,-33.487358,1.34,1.29371276220975,1.85089249877086,0.35802180557597474,3.0,0.0,0.0
1.739,30.351616,4.322109,-37.827114,30.375822,6.718535,-37.803238,2.06,1.98884200757618,1.77342733169919,0.3206753676034803,5.0,0.0,0.0
1.740,76.265259,-4.122745,84.881577,75.151733,-0.832315,84.860237,2.27,2.19158803747472,1.99512488928449,1.4052451814060745,14.0,2.7316272576716987e-06,0.0009046218843404105
1.741,76.265259,-4.122745,84.881577,75.226814,-0.613726,82.287331,2.49,2.40398864022557,2.13747360408749,0.5270327981189469,5.0,6.171671994191435e-09,4.222201825161714e-06
1.742,75.226814,-0.613697,82.287521,75.718063,2.945673,85.177544,2.07,1.99849658042849,2.11247458278683,0.06319947728262053,1.0,0.0,0.0
1.743,75.151733,-0.832554,84.860275,75.226814,-0.613637,82.287811,0.72,0.695129245366431,0.554598716150578,1.6243944289787378,5.0,0.0,0.0
1.744,74.994911,-0.786576,84.732765,75.126678,-0.581406,82.247658,0.54,0.521346934024823,0.541574779606156,0.6073044255946964,4.0,0.0,0.0
1.745,74.994911,-0.786576,84.732765,75.05143,-1.030228,80.005669,0.63,0.608238089695627,1.0183537432356,0.07447951912563082,5.0,0.006779763691375708,0.008731504815192212
1.746,74.994911,-0.786576,84.732765,74.64798,-3.817789,81.958221,1.94,1.87298713334844,1.84584834652694,0.02266523247092467,6.0,5.428370929275981e-07,1.2389548293805023e-05
1.747,75.05143,-1.030198,80.00602,74.64798,-3.817789,81.957649,1.99,1.92125999761,1.63267886117529,0.011242036958344666,1.0,0.0063820297730115905,0.006382029773011591
1.748,60.657875,-45.19561,43.921753,61.654221,-43.719452,42.58794,1.31,1.26474904365281,1.00986472187138,10.939524257302903,27.0,0.00026772931536163744,0.0104104730764958
1.749,60.657875,-45.19561,43.921753,59.951927,-46.987896,41.229942,1.2,1.15854874227739,1.53775350605761,7.816991751733118,26.0,0.0,0.0
1.750,61.654221,-43.71957,42.58783,60.869781,-45.731274,40.232895,1.51,1.45784050069904,1.53866253513101,7.39957117570801,21.0,0.0,0.0
1.751,60.869781,-45.731361,40.23296,59.223415,-46.785343,40.720772,1.36,1.31302190791437,1.48414229762473,2.2935486812991273,17.0,0.0,0.0
1.752,60.024014,-45.631672,44.886452,60.657871,-42.997601,41.651669,1.21,1.1682033151297,1.24503242685083,7.931589043175356,24.0,7.24704898845487e-08,4.2326155860544754e-05
1.753,60.9753,-42.463509,42.901829,60.790455,-45.712959,40.271427,1.39,1.3419856264713,1.87074545614828,5.81165234481451,13.0,0.0,0.0
1.754,60.462589,-44.732502,43.937408,59.834492,-46.929825,41.337112,1.36,1.31302190791437,1.59452613283429,4.9844668368175045,19.0,0.0,0.0
1.755,52.297634,40.631897,55.162148,53.156815,44.695847,56.706951,1.55,1.49645879210829,1.8352507705738,5.262772072679857,22.0,0.028861214333864862,0.233411453979424
1.756,51.916264,42.040627,55.536186,51.336044,41.654499,52.876324,0.9,0.868911556708039,1.13686932828116,1.940568970791441,8.0,0.19858196591892435,0.3530176795572815
1.757,50.990017,39.760155,56.681999,51.255623,41.681393,52.987293,1.34,1.29371276220975,2.32337874486074,1.4227388579678344,13.0,0.11819532326076905,0.3170861476742578
1.758,51.278622,40.941566,56.399986,51.02478,46.274822,54.998863,3.3,3.18600904126281,3.0630486960747,2.8881106457617216,11.0,1.3015267432692478e-05,0.0006958996089383744
1.759,55.390224,53.03595,36.99762,54.969185,50.406116,37.426968,1.44,1.39025849073286,1.26720695969281,5.8552017520926,15.0,0.0003565800021434442,0.009720026564124358
1.760,55.390224,53.03595,36.99762,55.277748,52.267059,39.040306,1.79,1.72816854056377,1.233448269567,5.2389957696766345,14.0,0.0002132360708060482,0.0025237696298476835
1.761,55.390224,53.03595,36.99762,55.236763,54.707752,39.182182,1.12,1.08131215945889,0.824235546690398,1.9480937511539569,11.0,0.00014685729591724868,0.008476538011808308
1.762,55.195728,54.649334,39.360844,55.041424,51.199062,35.23859,1.62,1.56404080207447,1.5562285061162,2.4009678829379224,16.0,0.02890966232529113,0.1122735215780111
1.763,55.041424,51.199245,35.238541,55.113514,51.163227,38.091148,1.66,1.60265909348372,1.43783414233196,2.9855993197989967,9.0,0.0001236828856621154,0.006405767430232571
1.764,55.113518,51.163486,38.091103,55.369801,54.100452,37.638294,1.82,1.7571322591207,1.34475473413638,2.024928432107468,11.0,0.0006125980642730753,0.0034262904825960736
1.765,54.979515,-31.961153,17.245646,55.103226,-29.368788,15.886495,0.95,0.917184420969597,1.15372092958992,2.616708945720577,6.0,3.8287289539378565e-05,0.00046768214828720616
1.766,55.103226,-29.368818,15.886596,54.876091,-30.581987,15.212035,0.81,0.782020401037235,0.785652450796933,1.9610575712721898,3.0,0.0,0.0
1.767,56.187778,-29.538774,17.105852,55.492168,-30.474243,15.434319,1.3,1.2550944708005,1.30191377338245,1.0477187038388176,3.0,0.0,0.0
1.768,54.730789,-30.071882,15.222645,54.772366,-27.030115,16.798723,1.79,1.72816854056377,1.88977189199722,0.08723012934634927,1.0,0.0,0.0
1.769,54.730789,-30.071882,15.222645,54.813892,-33.371155,18.511526,2.02,1.95022371616693,1.8774500206876,0.16276963414315807,1.0,0.003958807930658115,0.003958807930658115
1.770,54.730789,-30.071882,15.222645,54.845005,-30.506079,15.441336,0.55,0.531001506877135,0.222257310509805,0.024757005599309573,1.0,0.0,0.0
1.771,54.761974,-31.727837,17.276775,54.938183,-29.230814,15.952363,0.87,0.839947838151104,1.12374064823006,0.0,0.0,0.0,0.0
1.772,43.359867,-6.504783,-29.759493,42.958473,-4.916024,-31.061073,1.0,0.965457285231154,1.13143886569392,1.7783554649827216,2.0,0.0,0.0
1.773,43.359867,-6.504783,-29.759493,42.581875,-4.787809,-32.634682,1.45,1.39991306358517,1.41554509052299,0.27445440942727906,1.0,0.0,0.0
1.774,43.359867,-6.504783,-29.759493,43.463051,-5.823725,-31.848856,0.89,0.859256983855727,0.718122037134175,0.0,0.0,0.0,0.0
1.775,57.240685,12.817614,1.601652,57.260078,13.8297,0.620388,1.43,1.38060391788055,1.0824389622855,1.7521433428681705,2.0,0.0,0.0
1.776,57.240685,12.817614,1.601652,56.762295,11.920816,0.888893,0.96,0.926838993821908,0.982154893869893,0.7518317157391937,1.0,0.0,0.0
1.777,57.260078,13.82988,0.620395,56.634312,12.140729,0.364744,1.51,1.45784050069904,1.45464642931841,0.0,0.0,0.0,0.0
1.778,70.490051,8.413617,11.093225,71.029205,9.000785,6.955329,2.99,2.88671728284115,3.46082748620644,0.0003294612538843095,2.0,0.0,0.0
1.779,69.032829,10.134535,8.061081,68.540672,9.478486,6.069971,1.64,1.58334994777909,1.5654365344856,0.9866511688230688,2.0,0.0,0.0
1.780,68.540672,9.478486,6.070015,68.108963,7.174581,6.974849,2.49,2.40398864022557,2.6073783834892,0.2872898807053854,2.0,0.0,0.0
1.781,67.998497,7.232209,6.993329,68.874229,10.446022,6.517792,3.43,3.31151848834286,3.32700026039198,0.0,0.0,0.0,0.0
1.782,68.598877,10.324798,8.514065,68.41674,9.540333,6.098622,2.04,1.96953286187155,1.83213125858698,7.340911399622475e-05,1.0,0.0,0.0
1.783,60.675575,-38.570065,18.135775,60.869781,-36.395683,16.555075,0.98,0.946148139526531,0.981405515185691,1.6676486582557675,4.0,0.0,0.0
1.784,60.869781,-36.395813,16.555109,60.275246,-38.922073,16.273561,1.16,1.11993045086814,1.16795941331662,0.6800148491850802,3.0,0.0,0.0
1.785,60.940159,-39.968563,19.477232,60.816914,-39.282604,16.114054,1.66,1.60265909348372,1.64650775869307,0.03725908096690938,2.0,0.0,0.0
1.786,61.080532,-35.796295,17.924597,60.131886,-38.775566,16.307701,1.78,1.71851396771145,1.85268064174974,0.0,0.0,0.0,0.0
1.787,60.816914,-39.282452,16.114059,60.131886,-38.775566,16.307859,0.82,0.791674973889546,0.64709414088902,0.0,0.0,0.0,0.0
1.788,23.304401,-11.798154,-14.574929,23.304401,-10.222057,-16.227198,2.0,1.93091457046231,1.78879630945145,3.140342359382456,6.0,0.0,0.0
1.789,23.304401,-10.221864,-16.227217,23.770374,-11.884206,-16.295132,1.42,1.37094934502824,1.34222737962954,3.1448632195248485,5.0,0.0,0.0
1.790,23.304401,-11.798154,-14.574929,23.770374,-11.8844,-16.295111,1.65,1.5930045206314,1.05350653912901,2.4093917279137806,3.0,0.0,0.0
1.791,23.770374,-12.577945,-14.172666,23.671442,-11.803973,-16.188946,1.67,1.61231366633603,1.48435280583178,1.7934728599089773,3.0,0.0,0.0
1.792,23.671442,-11.803928,-16.188873,23.2031,-10.481787,-16.119221,1.44,1.39025849073286,1.08404819046736,0.7366606080077593,1.0,0.0,0.0
1.793,23.2031,-10.48192,-16.119186,23.169218,-11.747893,-14.550684,1.84,1.77644140482532,1.54521291757889,0.02816356036506418,1.0,0.0,0.0
1.794,23.169218,-11.747952,-14.55069,24.064253,-14.368859,-14.349902,2.02,1.95022371616693,2.12707112110227,0.0,0.0,0.0,0.0
1.795,49.580898,-40.973442,-1.921134,49.483974,-42.145969,-3.553843,1.32,1.27440361650512,1.07261542084535,2.1152377883104823,24.0,1.4143046856950573e-06,0.00015889210121329772
1.796,49.483974,-42.145851,-3.553866,49.15472,-45.866867,-2.862137,1.12,1.08131215945889,1.40139292194207,2.5773021562905067,7.0,0.0,0.0
1.797,50.251484,-42.59174,-2.723109,49.544586,-43.864124,-2.9341,1.0,0.965457285231154,0.834177633160079,0.5844859709575607,22.0,0.0,0.0
1.798,49.15472,-45.866837,-2.862244,50.251484,-42.591888,-2.723161,1.22,1.17785788798201,1.55092996180856,1.205714590843631,5.0,0.0,0.0
1.799,49.386765,-40.739964,-0.442414,49.629257,-43.000854,-3.431465,2.08,2.0081511532808,1.99211560972838,0.37251635073984357,2.0,0.0,0.0
1.800,48.945694,-45.524364,-2.790407,50.144627,-42.354786,-2.70714,1.28,1.23578532509588,1.60427618660035,0.02220710857364374,3.0,0.0,0.0
1.801,48.945694,-45.524364,-2.790407,49.773891,-39.642982,-4.322584,1.91,1.8440234147915,2.47414620049675,0.0,0.0,0.0,0.0
1.802,65.215782,35.866936,37.121666,64.555717,26.843702,31.382639,3.4,3.28255476978592,3.89191928956036,0.0002893605936285651,1.0,0.0,0.0
1.803,64.241798,33.919125,31.686405,64.627815,29.059553,26.65591,2.8,2.70328039864723,2.42026536792908,0.0,0.0,0.0,0.0
1.804,64.241798,33.919125,31.686405,64.667809,31.533775,33.74765,2.5,2.41364321307789,2.16983939593513,1.4774421923364982,12.0,1.1096859417606844e-06,0.0002978647692201444
1.805,64.241798,33.919125,31.686405,64.675804,30.764235,35.35297,4.03,3.89079285948155,3.30124103674401,0.03585440844095306,1.0,0.0,0.0
1.806,46.803467,11.959779,-15.394556,46.974487,8.613555,-14.298701,3.1,2.99291758421658,2.82733868722919,1.5905957413889422,6.0,0.13185815393650224,0.3033223270925442
1.807,46.803467,11.959779,-15.394556,46.338337,13.247731,-12.583409,2.23,2.15296974606547,2.50607423945847,0.637883994978116,11.0,0.001079756659069605,0.005926141749767997
1.808,47.5723,10.232026,-11.953878,47.968918,14.331711,-12.977717,2.59,2.50053436874869,3.23268942209174,0.013775179932650403,1.0,0.0,0.0
1.809,47.5723,10.232026,-11.953878,47.494961,9.856531,-16.137222,3.29,3.1763544684105,3.0306762235999,0.2555557826751643,3.0,0.18057519343537054,0.1886721936250853
1.810,46.163795,-4.743269,-22.915791,46.055897,-4.659326,-26.422087,2.16,2.08538773609929,1.44374577318845,9.052990231191542,29.0,0.005993469799139216,0.13225430537840724
1.811,47.5723,-5.224561,-24.349827,47.981628,-2.67855,-28.104609,1.89,1.82471426908688,2.09495314647046,7.018290666215579,29.0,4.517059048992566e-06,0.00018278875120696447
1.812,46.431919,-4.950848,-25.982868,46.803467,-2.398264,-27.357294,1.67,1.61231366633603,1.95129686530801,4.5695536105398515,27.0,8.499350666420039e-05,0.005217890269817611
1.813,46.431919,-4.950848,-25.982868,47.131535,-1.512309,-26.65633,2.95,2.84809899143191,2.82851425289576,4.3591383382904,18.0,0.06622037818175466,0.30472556414741625
1.814,74.7239,-19.641907,4.80356,75.872429,-18.54261,1.561702,2.32,2.23986090173628,2.47336470357555,0.00022215810734152705,2.0,0.0,0.0
1.815,71.852592,-15.774154,2.068496,71.832367,-15.586888,-1.094851,2.17,2.0950423089516,2.38381440571323,3.415683760780381,18.0,0.024648052627168973,0.10531233561859647
1.816,70.573441,-18.557749,-0.514448,70.168915,-13.799253,-0.421406,3.9,3.7652834124015,3.30618866073706,0.38139077742898836,4.0,0.0,0.0
1.817,70.573441,-18.557749,-0.514448,72.839188,-21.568192,-1.059623,2.02,1.95022371616693,2.50760568421309,4.072837749632053,16.0,0.016904631455620045,0.15360846361346417
1.818,61.48127,-9.042561,19.0116,61.22039,-8.292957,16.626455,1.48,1.42887678214211,1.36211988059849,0.0,0.0,0.0,0.0
1.819,61.22039,-8.293137,16.626396,61.202934,-5.282161,16.541496,3.05,2.94464471995502,2.91561173841408,0.5186260116383564,1.0,0.0,0.0
1.820,61.202934,-5.28228,16.541426,61.48127,-9.042531,19.011608,3.84,3.70735597528763,3.4112869715989,0.0,0.0,0.0,0.0
1.821,61.834995,0.848636,69.878326,61.080528,0.130466,63.935825,0.87,0.839947838151104,1.67218454185334,0.12283381424837783,2.0,0.015656017722962195,0.024642166395013793
1.822,62.423126,-0.949933,63.009583,62.304508,1.713433,65.682297,2.1,2.02746029898542,1.8019064658272,0.3520116182369639,1.0,0.0,0.0
1.823,62.057652,-0.772814,66.306541,62.066189,2.320217,66.108971,2.34,2.2591700474409,1.9243291804313,0.0,0.0,0.0,0.0
1.824,37.949902,44.051872,15.99596,38.039135,49.406609,20.353861,2.3,2.22055175603165,2.3723836669399,0.07647409725679735,2.0,0.0,0.0
1.825,36.855278,47.905716,17.114307,37.35342,46.104969,20.702898,1.95,1.88264170620075,2.38890318383922,1.0,1.0,0.0,0.0
1.826,36.855278,47.905716,17.114307,37.243526,46.75169,21.254608,2.11,2.03711487183774,2.52716139822912,0.003024412686889433,1.0,0.0,0.0
1.827,26.876743,-14.304313,-10.173533,26.563139,-16.18782,-11.583471,1.64,1.58334994777909,1.43131785425367,0.22268182178664606,2.0,0.0,0.0
1.828,26.563139,-16.187954,-11.583441,26.505621,-17.846294,-11.058637,1.52,1.46749507355135,1.27737712323212,0.0,0.0,0.0,0.0
1.829,26.876743,-14.304313,-10.173533,26.505621,-17.846369,-11.058514,2.19,2.11435145465623,2.40882355233982,0.0,0.0,0.0,0.0
1.830,52.297634,-0.409896,18.244532,51.746639,-0.186538,21.264711,1.89,1.82471426908688,1.71127781992074,1.305227599202841,2.0,0.0,0.0
1.831,51.746639,-0.186449,21.264626,51.393372,1.284671,20.983341,1.86,1.79575055052995,1.60066072849838,0.8040390430498622,2.0,0.0,0.0
1.832,51.393372,1.284641,20.983305,51.621712,-0.16479,19.049828,1.93,1.86333256049613,1.86493468347962,0.0,0.0,0.0,0.0
1.833,53.856831,-21.500828,2.699115,53.995159,-21.928516,0.222739,1.84,1.77644140482532,1.78981106056165,0.10954950448910529,2.0,0.0,0.0
1.834,53.995159,-21.928516,0.22287,54.406902,-18.738777,-0.287753,2.04,1.96953286187155,1.95821317963373,0.14786482380345453,1.0,0.0,0.0
1.835,54.406906,-18.738785,-0.287656,53.856831,-21.500589,2.699126,2.68,2.58742552441949,2.70049990110284,0.0,0.0,0.0,0.0
1.836,55.400433,53.396729,53.778835,54.886444,48.007195,49.120907,1.67,1.61231366633603,1.77059369325497,0.2681258132908759,1.0,0.010396667027943276,0.010396667027943276
1.837,54.886444,48.006958,49.12093,55.51252,46.674351,51.430099,1.85,1.78609597767764,1.63096640090185,0.0,0.0,0.0,0.0
1.838,55.51252,46.674259,51.42992,55.400433,53.396667,53.778988,2.85,2.75155326290879,2.39922779539271,0.0,0.0,0.0,0.0
1.839,44.87149,35.810287,21.346605,45.359039,39.905754,23.929356,1.92,1.85367798764382,1.68960689408527,51.461286932068724,192.0,0.00011599087381062255,0.01868419873479052
1.840,45.359039,39.905666,23.929474,45.011585,36.240864,20.708874,1.82,1.7571322591207,1.74622180298447,41.81236342003188,187.0,1.0902237600945063e-05,0.004796005626310147
1.841,45.276009,37.583706,23.897694,44.857445,40.062405,21.715147,2.33,2.24951547458859,2.10032384477914,24.74155277005311,116.0,0.009050985250585026,0.09343508538716518
1.842,56.047722,-34.185932,2.073268,56.36705,-32.096279,-1.607494,2.45,2.36537034881633,2.60255350706894,5.575346944244646,39.0,0.002638233838742068,0.04937530731291253
1.843,56.367054,-32.096081,-1.607512,56.127823,-28.616831,1.532325,3.09,2.98326301136427,2.6204576782416,8.726559223385518,37.0,0.06565516250188887,0.4466424968089926
1.844,56.047722,-34.185932,2.073268,56.127819,-28.617027,1.532337,2.22,2.14331517321316,2.3606556409409,10.873711366831088,67.0,0.0006628626179797663,0.03036974057680939
1.845,36.873898,2.025257,-27.400486,36.442333,7.163558,-32.654648,2.15,2.07573316324698,2.43303895525189,0.15520343883882334,10.0,1.0218168907342993e-08,4.6666530327157585e-06
1.846,36.649616,6.027445,-30.29653,36.195229,4.032495,-29.725708,1.56,1.5061133649606,1.40843560074503,57.1718863121735,124.0,0.0001447044675964251,0.007973917345158309
1.847,36.649616,6.027445,-30.29653,36.761993,3.912012,-30.693001,2.05,1.97918743472387,1.85997110046606,27.23296247738353,84.0,0.003360237864432673,0.10038405272022562
1.848,40.71912,-29.936848,23.550034,41.184315,-27.27042,21.909044,0.97,0.93649356667422,1.27108851049076,1.9133078756830302,14.0,0.0,0.0
1.849,41.184315,-27.270496,21.909061,40.508087,-30.179283,20.870146,1.59,1.53507708351754,1.73025731924415,0.44611862543691944,11.0,0.0,0.0
1.850,40.71912,-29.936848,23.550034,40.508087,-30.179224,20.870127,1.05,1.01373014949271,1.40403234825611,0.011424082282358118,13.0,4.719056675572806e-10,5.75617183508369e-07
1.851,31.62409,36.049889,2.497163,31.555168,32.668987,1.525261,1.83,1.76678683197301,1.43617883568626,1.158869067552944,2.0,0.0,0.0
1.852,31.62409,36.049889,2.497163,31.64702,33.972969,0.735331,1.17,1.12958502372045,1.29744867773367,0.06065623869903708,1.0,0.0,0.0
1.853,31.509111,33.41103,2.534813,31.113958,36.347134,-0.333286,2.17,2.0950423089516,2.10004022579235,0.0,0.0,0.0,0.0
1.854,50.86224,-17.472771,-11.871647,51.00161,-13.823335,-14.457134,3.59,3.46599165397984,3.43635949029619,0.0,0.0,0.0,0.0
1.855,51.00161,-13.823364,-14.457191,50.792336,-13.503814,-12.32948,2.05,1.97918743472387,1.29598518547244,1.0643940760191,19.0,0.0,0.0
1.856,51.036358,-15.90473,-12.758986,50.931995,-12.943414,-12.923802,2.39,2.30744291170246,2.22391849737704,0.00028828209567527684,1.0,1.5777875696337453e-05,1.5777875696337453e-05
1.857,60.702118,-28.522373,7.553656,60.62244,-28.709539,10.127534,2.01,1.94056914331462,1.5834620726442,1.102032722464723,2.0,0.0,0.0
1.858,60.702118,-28.522373,7.553656,60.746311,-26.703468,10.357752,2.58,2.49087979589638,2.12185477391583,0.7621314332559449,1.0,0.0,0.0
1.859,60.93137,-29.655077,9.633488,61.141781,-26.660177,11.257139,1.77,1.70885939485914,1.91750958567219,1.5150105679081925e-07,1.0,0.0,0.0
1.860,23.538761,-4.417905,-20.235949,23.966774,-6.903216,-22.121408,3.26,3.14739074985356,2.37574316092186,0.0,0.0,0.0,0.0
1.861,23.538761,-4.417905,-20.235949,23.304401,-1.515801,-22.26317,2.25,2.1722788917701,2.75286358316138,0.0,0.0,0.0,0.0
1.862,23.605213,-7.957049,-20.846567,23.704475,-3.552516,-22.393524,3.1,2.99291758421658,3.86763546633068,0.0,0.0,0.0,0.0
1.863,51.507732,-31.901819,43.202671,51.439163,-31.802753,40.057354,0.88,0.849602411003416,1.2052009961443,0.1555404456920599,2.0,0.0,0.0
1.864,51.507732,-31.901819,43.202671,51.587555,-28.311918,41.751678,1.17,1.12958502372045,1.46008308859111,0.07666649496202825,1.0,0.0,0.0
1.865,50.428818,-33.695751,40.653271,50.733971,-29.882835,42.618275,1.78,1.71851396771145,2.18221661110173,0.05013483069807997,2.0,0.0,0.0
1.866,67.494034,10.915003,2.071877,67.119179,11.601607,4.027749,1.14,1.10062130516352,1.58436361428198,0.2447489173597862,1.0,0.0,0.0
1.867,67.314522,13.375117,1.910642,67.247009,9.793412,3.016923,3.13,3.02188130277351,3.17728139013531,0.01683178145571937,1.0,6.34615406079611e-06,6.34615406079611e-06
1.868,67.314522,13.375117,1.910642,67.119179,11.601578,4.027864,2.08,2.0081511532808,2.25663267984634,0.0,0.0,0.0,0.0
1.869,59.969959,-19.370363,48.751637,59.634926,-19.883308,57.40118,2.01,1.94056914331462,2.75811586760111,0.0,0.0,0.0,0.0
1.870,59.634926,-19.883308,57.401081,60.060005,-15.917256,59.511612,2.98,2.87706270998884,2.53911032341949,0.04815894142528401,1.0,0.0,0.0
1.871,59.969959,-19.370363,48.751637,60.060005,-15.917268,59.511719,3.53,3.40806421686597,4.61314768028754,0.0,0.0,0.0,0.0
1.872,60.319935,-26.971382,43.498901,60.355648,-24.119549,36.682838,2.74,2.64535296153336,2.4210889766919,0.04346799501418692,1.0,0.0,0.0
1.873,60.355648,-24.11949,36.682804,61.176739,-28.321568,37.496204,2.5,2.41364321307789,2.05681153649426,0.0,0.0,0.0,0.0
1.874,60.319935,-26.971382,43.498901,61.176739,-28.321657,37.496246,3.1,2.99291758421658,2.84443347021657,0.0,0.0,0.0,0.0
1.875,64.659813,-21.87138,4.945468,64.523636,-21.40843,1.619571,2.94,2.83844441857959,2.3066470889172,0.0,0.0,0.0,0.0
1.876,64.523636,-21.408638,1.619634,64.48349,-17.265352,1.801653,3.44,3.32117306119517,2.55212138852218,0.03102526710549789,1.0,0.0,0.0
1.877,64.659813,-21.87138,4.945468,64.48349,-17.265133,1.801598,4.0,3.86182914092462,3.38021134824459,0.0,0.0,0.0,0.0
1.878,63.548969,-26.942722,-0.218998,62.935822,-29.856096,-3.682643,3.57,3.44668250827522,2.71727221728892,0.003391143371303225,1.0,0.0002901135154141265,0.00029011351541412657
1.879,62.935822,-29.856363,-3.682602,63.077522,-33.74015,-3.552639,1.87,1.80540512338226,1.65225510853387,0.0,0.0,0.0,0.0
1.880,63.548969,-26.942722,-0.218998,63.077522,-33.740597,-3.552549,4.82,4.65350411481416,3.63338784693859,0.0,0.0,0.0,0.0
1.881,61.089287,23.645374,69.444633,61.255276,19.072248,60.996246,2.61,2.51984351445331,2.55365156997781,0.02864927252174779,1.0,0.0,0.0
1.882,61.255276,19.072248,60.996067,61.02795,19.555092,65.395012,1.04,1.0040755766404,1.2285922029568,0.0,0.0,0.0,0.0
1.883,61.089287,23.645374,69.444633,61.02795,19.554853,65.394859,3.09,2.98326301136427,2.04772311899882,0.0,0.0,0.0,0.0
1.884,35.810432,-40.561752,3.440969,35.043194,-44.798409,3.871436,1.18,1.13923959657276,1.58986557586801,0.989389287003752,2.0,0.0,0.0
1.885,35.043198,-44.798489,3.871448,35.103035,-43.918564,5.43911,1.38,1.33233105361899,0.998503836675284,0.019024380222255985,1.0,0.0,0.0
1.886,35.810432,-40.561752,3.440969,35.103035,-43.918488,5.439101,1.7,1.64127738489296,1.67053496068365,0.0,0.0,0.0,0.0
1.887,27.899317,-29.165134,-9.072701,28.353571,-29.090569,-11.229582,2.54,2.45226150448713,1.45624135883702,0.032051822032647614,1.0,0.0,0.0
1.888,28.353571,-29.090464,-11.229582,28.033895,-26.549902,-12.707726,2.26,2.18193346462241,1.78460922444623,0.0,0.0,0.0,0.0
1.889,27.899317,-29.165134,-9.072701,28.033895,-26.55002,-12.707726,3.79,3.65908311102608,2.98756154947725,0.0,0.0,0.0,0.0
1.890,54.438377,-50.634541,30.057386,54.927837,-45.600124,25.859596,2.39,2.30744291170246,1.97004119897321,0.7949672635577489,1.0,0.0,0.0
1.891,54.927841,-45.600258,25.859533,54.343876,-51.955727,28.200708,2.23,2.15296974606547,2.0450566107699,0.0,0.0,0.0,0.0
1.892,54.343872,-51.955719,28.200615,53.856831,-52.316906,25.1485,1.56,1.5061133649606,1.42937079893447,0.0,0.0,0.0,0.0
1.893,35.713337,25.674494,-18.087009,35.713337,28.417604,-22.801613,1.84,1.77644140482532,2.42564380691821,0.8312829119566181,2.0,0.0,0.0
1.894,35.713337,25.674494,-18.087009,35.043194,29.977543,-21.443403,2.21,2.13366060036085,2.23984609909137,0.06465285717358406,1.0,0.0,0.0
1.895,35.043198,29.977432,-21.443426,35.182606,26.818871,-21.223682,1.81,1.74747768626839,1.4911045090193,0.0,0.0,0.0,0.0
1.896,61.585136,25.657118,-8.950221,61.429237,25.036209,-14.214004,3.19,3.07980873988738,3.20526200857871,0.06476143390934744,1.0,0.0,0.0
1.897,61.429237,25.036417,-14.214139,61.550545,18.96542,-12.428081,4.06,3.91975657803849,3.21666111852884,0.25206033951850315,1.0,0.0,0.0
1.898,61.237839,25.929693,-10.878376,61.411877,20.96648,-13.050227,4.15,4.00664773370929,3.23724443174845,0.0,0.0,0.0,0.0
1.899,43.033218,-43.405251,13.089993,42.322998,-37.424541,9.918674,1.87,1.80540512338226,2.51517977951508,0.0,0.0,0.0,0.0
1.900,42.322998,-37.424526,9.918662,41.720253,-40.241951,8.638138,1.51,1.45784050069904,1.52259178564538,0.0,0.0,0.0,0.0
1.901,41.720253,-40.241997,8.638143,41.247887,-42.644684,10.615993,1.54,1.48680421925598,1.31421932750284,0.0,0.0,0.0,0.0
1.902,90.975761,0.24899,5.020704,91.698318,2.784125,2.992569,3.6,3.47564622683216,4.13869409598569,1.6831299573073888,2.0,0.0,0.0
1.903,90.975761,0.24899,5.020704,90.519165,1.783216,1.714251,3.26,3.14739074985356,3.79394352224722,0.08692217008471247,1.0,0.0,0.0
1.904,90.975761,0.24899,5.020704,91.801392,3.405747,4.090535,3.85,3.71701054813994,4.53893863223439,0.0,0.0,0.0,0.0
1.905,84.303055,1.53534,2.0928620000000002,84.230606,2.220977,0.69211,1.54,1.48680421925598,1.66528844280069,6.337693718795473,14.0,0.0,0.0
1.906,84.230606,2.220858,0.69211,84.596977,-1.677641,1.40765,4.59,4.431448939211,5.73458155286181,0.0,0.0,0.0,0.0
1.907,84.303055,1.53534,2.0928620000000002,84.596977,-1.677999,1.407489,4.7,4.53764924058643,4.72739848853008,0.0,0.0,0.0,0.0
1.908,74.755493,2.384851,3.487024,74.894257,1.445865,-1.516416,5.33,5.14588733028205,4.77148533269824,0.33958064544579797,2.0,0.0,0.0
1.909,74.755493,2.384851,3.487024,74.578278,-0.80601,1.356223,5.5,5.31001506877135,4.89144455592797,0.4788068113464854,1.0,0.0,0.0
1.910,74.578278,-0.806159,1.356266,74.196167,2.684765,0.511127,5.3,5.11692361172512,5.09428949376187,0.0,0.0,0.0,0.0
1.911,53.254585,0.169725,-0.951155,53.728653,-0.403217,1.871947,3.04,2.93499014710271,2.91134097715333,12.3370025740709,24.0,7.850730850114039e-05,0.01563119378963154
1.912,52.553223,0.909326,1.354498,52.927597,1.085779,-1.291484,2.7,2.60673467012412,2.5874640708422,10.907373786454663,28.0,0.0001072433163366625,0.004719739052149799
1.913,52.608536,-1.90264,0.457344,53.373711,0.931705,-0.332856,3.63,3.50460994538909,4.21600645347342,1.6693279489205524,6.0,0.001206475714449087,0.014128707974191133
1.914,61.576488,2.079371,-0.70127,62.125904,-0.40505,-2.342728,4.25,4.10319346223241,4.0059331019301,1.1990284375942872,7.0,0.1663544116183492,0.3342643743990299
1.915,62.125904,-0.405289,-2.342622,62.185528,1.460974,-3.22484,3.17,3.06049959418276,2.7976460829049,2.665043140257593,48.0,0.006692412731365398,0.04312011665680066
1.916,61.576488,2.079371,-0.70127,62.185528,1.460855,-3.225069,2.92,2.81913527287497,2.57151641945243,4.946221354448263,67.0,0.0003416777256911974,0.01416032324918941
1.917,61.585136,0.716985,1.89157,61.48127,0.340969,-1.262825,3.32,3.20531818696743,3.08516184404546,8.742381786721833,38.0,0.006643192774617148,0.04822391739957151
1.918,61.585136,0.716985,1.89157,61.895065,0.939231,-1.915493,3.96,3.82321084951537,3.67257724631033,2.1534986927410507,13.0,0.04365052482133855,0.11117300610946682
1.919,61.394508,-0.548111,1.277802,61.202938,1.501194,0.748724,3.42,3.30186391549055,3.05671974264952,8.682060923448928,37.0,0.03342770060069258,0.10537259329494876
1.920,47.326748,1.842097,-1.251538,47.352684,2.137297,1.166173,2.83,2.73224411720417,2.303545665668,0.3622400080384899,17.0,0.006054955618775918,0.019275586554868447
1.921,47.352684,2.137058,1.1662,46.85619,-0.025618,0.352809,3.49,3.36944592545673,3.15514603679718,0.8026572893403832,2.0,0.0031988823918386094,0.04254650084438587
1.922,47.326748,1.842097,-1.251538,46.85619,-0.025677,0.35269,4.17,4.02595687941391,3.0877299663663,0.11089523692642186,1.0,0.11089523692642186,0.11089523692642186
1.923,20.866026,0.461604,2.397194,20.400791,0.184831,0.550425,1.84,1.77644140482532,1.79991378080848,0.8972122274454686,1.0,0.0,0.0
1.924,20.400789,0.184924,0.550424,20.557186,-2.108682,0.62803,4.26,4.11284803508472,3.24564700412931,0.0,0.0,0.0,0.0
1.925,20.673613,0.07039,0.76506,20.789303,0.965077,0.085526,1.39,1.3419856264713,1.47842195912971,0.0,0.0,0.0,0.0
1.926,86.627693,-4.505845,43.222855,86.39003,-2.954652,48.862671,2.26,2.18193346462241,2.26210076523151,1.0249480886940732,51.0,0.0003290509863469868,0.002609244744114087
1.927,86.39003,-2.954801,48.862797,86.834755,-5.260864,49.538395,1.38,1.33233105361899,1.5609850506341,16.136998236468845,96.0,7.018890664202063e-09,6.899798939472038e-05
1.928,87.080177,-6.021064,49.476093,87.23175,-3.900815,47.715088,1.63,1.57369537492678,1.44027447022034,32.00508222996269,114.0,0.00031730544941256937,0.07474205047490483
1.929,80.286339,-2.830494,42.172325,80.353638,-1.241197,48.508896,3.45,3.33082763404748,2.4401564122443,0.0,0.0,0.0,0.0
1.930,80.353638,-1.240973,48.508858,80.286346,1.241665,47.731892,2.69,2.59708009727181,1.73941670383029,0.0,0.0,0.0,0.0
1.931,80.286339,-2.830494,42.172325,80.286339,1.241755,47.732159,4.74,4.57626753199567,3.46025944140929,0.0,0.0,0.0,0.0
1.932,68.40213,-2.106791,36.175774,68.460526,1.134854,35.779842,2.64,2.54880723301025,2.4715916480466,0.0,0.0,0.0,0.0
1.933,68.40213,-2.106791,36.175774,68.438637,-5.142468,36.781723,2.83,2.73224411720417,2.22679535888933,0.0,0.0,0.0,0.0
1.934,67.946846,-0.514272,41.947853,68.40213,-2.106821,36.175941,3.17,3.06049959418276,2.4811732106896,0.6760516074475971,1.0,0.0,0.0
1.935,67.946846,-0.514272,41.947853,68.241142,0.159164,36.441071,2.77,2.6743166800903,2.06400141031594,0.0,0.0,0.0,0.0
1.936,62.625641,-1.513702,42.022945,62.827114,-3.311154,34.454937,3.53,3.40806421686597,3.20896098231168,0.0,0.0,0.0,0.0
1.937,62.423126,-0.524982,37.594749,62.751682,-3.413616,37.616737,3.27,3.15704532270587,2.1639177036318,0.026249053159991487,1.0,0.0,0.0
1.938,62.625641,-1.513702,42.022945,62.751682,-3.413557,37.616673,2.71,2.61638924297643,2.201265892815,0.0,0.0,0.0,0.0
1.939,51.972618,-2.092338,34.6702,52.073818,-2.68459,31.785568,1.2,1.15854874227739,1.29530215616385,1.6804171714439353,2.0,0.0,0.0
1.940,52.073814,-2.684434,31.785498,53.599998,-5.515917,35.238796,3.48,3.35979135260442,2.79722203155268,0.9568086311460167,1.0,0.0,0.0
1.941,53.600002,-5.515924,35.238831,51.92754,-2.157894,33.264008,3.73,3.60115567391221,3.02090671627925,0.0,0.0,0.0,0.0
1.942,51.938816,-2.414809,30.712978,51.871113,-2.070838,34.641312,2.23,2.15296974606547,1.64648609131963,0.7465523473817708,1.0,0.0,0.0
1.943,51.938816,-2.414809,30.712978,52.519997,-3.726368,32.998085,2.09,2.01780572613311,1.42595188842917,0.0,0.0,0.0,0.0
1.944,36.668377,-4.029605,28.151796,37.408195,-2.121273,26.353003,2.61,2.51984351445331,1.82133316470995,1.4585966608964238,4.0,0.15037082964888468,0.29043838932745525
1.945,37.408199,-2.121315,26.352955,37.225166,-4.06841,24.962427,2.02,1.95022371616693,1.93222207810027,1.3091674728411087,3.0,0.0,0.0
1.946,37.225166,-4.06832,24.962427,36.836647,-3.874564,28.441769,1.12,1.08131215945889,1.6786814034569,0.7387668817416608,2.0,0.0010072750278608622,0.001274598827859845
1.947,37.188408,-0.920802,25.234764,37.316841,-2.066045,26.368431,1.56,1.5061133649606,1.12617903546251,0.7756637974267125,1.0,0.0,0.0
1.948,36.761993,-3.02787,24.443378,37.316841,-2.065955,26.368347,2.19,2.11435145465623,1.40674453682497,0.0,0.0,0.0,0.0
1.949,68.409431,-11.552015,-4.972911,69.054413,-10.098262,-8.96159,4.12,3.97768401515236,3.54428704377831,0.0,0.0,0.0,0.0
1.950,69.054413,-10.098322,-8.961778,68.707779,-6.609661,-11.113789,4.12,3.97768401515236,3.93788187733101,0.0,0.0,0.0,0.0
1.951,68.707779,-6.609959,-11.113772,68.314392,-8.750665,-10.911943,2.76,2.66466210723799,2.12112189715084,0.0,0.0,0.0,0.0
1.952,60.852169,-9.738184,-6.687685,60.373489,-9.040853,-9.771657,3.22,3.10877245844432,2.51178209824822,0.6718072634692231,3.0,0.0,0.0
1.953,60.373493,-9.041121,-9.771629,60.257355,-12.446758,-9.260426,4.0,3.86182914092462,3.09040374802252,1.2428569888684775,4.0,3.705435060984991e-05,0.00013177118342357606
1.954,60.852169,-9.738184,-6.687685,60.257355,-12.446896,-9.260566,4.21,4.06457517082316,2.65918117607598,0.6835322847753686,3.0,0.0002496885143338664,0.0015022744864815994
1.955,62.583534,-12.343284,-8.065589,62.380802,-13.336552,-11.483627,3.09,2.98326301136427,2.27769206400792,0.01358020532906592,2.0,3.7308281664172707e-06,0.00022246340306654778
1.956,62.380802,-13.336641,-11.483716,62.202549,-9.468149,-8.963191,5.05,4.87555929041733,3.26539778768089,0.18470984239094446,1.0,0.14215213938804871,0.14215213938804871
1.957,62.583534,-12.343284,-8.065589,62.202549,-9.46806,-8.963099,3.33,3.21497275981974,2.76494586875941,0.0,0.0,0.0,0.0
1.958,54.249111,-11.179517,-5.832121,53.481651,-11.853148,-9.233289,3.23,3.11842703129663,2.53548927117211,0.0828084060922466,1.0,0.0,0.0
1.959,53.481651,-11.853148,-9.233127,53.973911,-9.117484,-9.464688,3.36,3.24393647837668,2.51092539286221,0.0,0.0,0.0,0.0
1.960,54.249111,-11.179517,-5.832121,53.973911,-9.117514,-9.464852,3.61,3.48530079968447,3.61387219860616,0.0,0.0,0.0,0.0
1.961,40.361057,-8.361782,-7.028759,40.048119,-7.975266,-4.891597,2.32,2.23986090173628,1.65284799457519,0.31257584175879033,2.0,0.0,0.0
1.962,40.048115,-7.975255,-4.891642,40.654354,-10.427422,-4.374039,2.39,2.30744291170246,2.46334052634643,0.8954193307580658,1.0,0.0,0.0
1.963,40.654354,-10.427422,-4.373948,41.056744,-8.363739,-4.952534,1.81,1.74747768626839,2.0810731189919,0.0,0.0,0.0,0.0
1.964,21.394373,-5.173716,-4.278908,21.282413,-5.965609,-5.913222,1.76,1.69920482200683,1.45318072393938,1.8825818333186817,2.0,0.0,0.0
1.965,21.282413,-5.965475,-5.913271,21.282413,-6.518055,-4.102059,2.25,2.1722788917701,1.67414267045559,0.9160536216862502,1.0,0.0,0.0
1.966,21.394373,-5.173716,-4.278908,21.282413,-6.518174,-4.102018,1.85,1.78609597767764,1.49831487397191,0.0,0.0,0.0,0.0
1.967,62.380802,32.378571,-0.147722,62.185532,35.070721,2.955289,2.68,2.58742552441949,2.12373919977925,0.0005739922972127811,1.0,0.0,0.0
1.968,62.185532,35.070633,2.955312,62.490749,39.537548,2.165647,2.25,2.1722788917701,1.78872412296326,0.0,0.0,0.0,0.0
1.969,62.380802,32.378571,-0.147722,62.490746,39.537289,2.165486,3.4,3.28255476978592,3.03928359101082,0.0,0.0,0.0,0.0
1.970,47.040016,26.017706,-1.151917,47.404495,31.657328,1.618461,3.19,3.07980873988738,3.07088981457662,0.0,0.0,0.0,0.0
1.971,47.404495,31.657207,1.61844,47.391548,27.690437,1.810855,2.26,2.18193346462241,1.75305757487057,0.0,0.0,0.0,0.0
1.972,47.040016,26.017706,-1.151917,47.391548,27.690319,1.810759,2.2,2.12400602750854,2.05326382009814,0.0006268087231234345,1.0,0.0,0.0
1.973,21.726294,15.280646,-1.367774,21.835646,17.679193,-0.207485,2.64,2.54880723301025,1.83938740075061,1.0490558689532408,2.0,0.0,0.0
1.974,21.835646,17.67906,-0.207478,21.980473,16.65033,0.924282,1.68,1.62196823918834,1.04454627027918,0.06581078087983719,1.0,0.002551834779571684,0.002551834779571684
1.975,21.726294,15.280646,-1.367774,21.980473,16.65045,0.924277,2.86,2.7612078357611,1.86493712693392,0.0,0.0,0.0,0.0
1.976,75.779869,20.183804,40.947208,75.866257,14.246047,34.876385,5.44,5.25208763165748,3.5040339097662,0.0,0.0,0.0,0.0
1.977,75.866257,14.246315,34.876354,76.038559,11.430151,35.647366,2.14,2.06607859039467,2.21815107690848,0.0,0.0,0.0,0.0
1.978,75.779869,20.183804,40.947208,76.038559,11.430181,35.647598,6.34,6.12099918836552,5.32816568776867,0.0,0.0,0.0,0.0
1.979,61.7318,10.148634,27.097399,61.602417,13.196148,31.410618,3.01,2.90602642854577,2.3687894021919,0.5130347351007017,2.0,0.0,0.0
1.980,61.602417,13.196177,31.410522,61.826405,10.219472,31.749331,2.99,2.88671728284115,2.32373659801922,0.0,0.0,0.0,0.0
1.981,61.7318,10.148634,27.097399,61.826405,10.219741,31.749168,3.33,3.21497275981974,2.18091520189485,0.0,0.0,0.0,0.0
1.982,45.838963,9.817338,25.960958,46.365105,7.779533,22.730371,2.51,2.4232977859302,1.98030000457126,0.0,0.0,0.0,0.0
1.983,46.365105,7.779444,22.730297,45.702602,11.665258,21.519072,5.27,5.08795989316818,3.8201496671456,0.1388780427665928,1.0,0.0239612360835515,0.0239612360835515
1.984,45.838963,9.817338,25.960958,45.702602,11.66511,21.519011,3.93,3.79424713095844,3.40003829055083,0.0,0.0,0.0,0.0
1.985,26.848423,8.511765,18.244299,26.390116,7.25464,14.99554,2.16,2.08538773609929,1.98103720608326,0.09843860582836861,1.0,0.0,0.0
1.986,26.390116,7.254595,14.995491,26.67771,5.281576,15.936484,2.89,2.79017155431804,2.46530300118241,0.07443120520532336,1.0,0.03952584448973427,0.03952584448973427
1.987,26.848423,8.511765,18.244299,26.67771,5.281472,15.936432,4.46,4.30593949213095,3.1716345820531,0.0,0.0,0.0,0.0
1.988,50.769001,25.38973,0.655839,50.885509,25.021931,3.6153,1.75,1.68955024915452,1.94291512139436,0.6553212945501103,2.0,0.0,0.0
1.989,51.780636,23.386131,0.534275,51.904984,22.938185,3.899427,1.88,1.81505969623457,2.24635938700431,0.09108683051659572,1.0,0.0,0.0
1.990,51.381916,26.204363,5.334191,51.198063,26.016098,1.017671,2.36,2.27847919314552,2.80342894412978,0.0,0.0,0.0,0.0
1.991,51.381916,26.204363,5.334191,51.047935,24.890022,9.025714,2.64,2.54880723301025,2.71459937817337,0.00033103606381189847,1.0,0.0,0.0
1.992,51.541965,24.54722,9.724677,51.689911,23.202326,13.171474,2.5,2.41364321307789,2.70436056255362,0.0,0.0,0.0,0.0
1.993,50.838955,19.941118,15.479286,51.290112,18.088917,17.778141,2.18,2.10469688180392,2.43674832319463,0.0,0.0,0.0,0.0
1.994,51.105755,17.067816,20.432623,50.757332,14.727862,21.503677,2.51,2.4232977859302,2.17841345578001,0.046391358946028464,1.0,0.0,0.0
1.995,50.628658,13.640408,20.745934,50.733971,11.182321,22.495691,3.08,2.97360843851196,2.66999741751383,0.0,0.0,0.0,0.0
1.996,50.96682,8.495759,24.101707,51.221096,6.150157,25.01894,2.61,2.51984351445331,2.30028644998317,0.9276605715510668,1.0,0.0,0.0
1.997,50.96682,8.495759,24.101707,51.244118,5.85003,25.390585,3.03,2.9253355742504,2.65243314598298,0.0,0.0,0.0,0.0
1.998,50.873875,1.705769,25.025928,51.198063,-1.004326,24.560135,2.78,2.68397125294261,2.56503823646185,0.0,0.0,0.0,0.0
1.999,49.881954,-6.178273,23.285236,49.905922,-9.216836,22.124119,2.49,2.40398864022557,2.79561165710485,0.0,0.0,0.0,0.0
1.1000,50.546513,-17.619324,18.252106,50.192162,-14.344807,20.415913,2.53,2.44260693163482,2.81416872168435,0.0,0.0,0.0,0.0
1.1001,49.785915,-20.800692,14.800025,50.369812,-22.366034,11.760392,2.15,2.07573316324698,2.31691659099027,0.0,0.0,0.0,0.0
1.1002,50.955215,-23.381392,9.570577,50.581745,-24.485786,6.330908,2.32,2.23986090173628,2.31801963550966,0.0,0.0,0.0,0.0
1.1003,50.52301,-25.385704,0.193805,50.931999,-25.359365,-2.700922,1.93,1.86333256049613,2.08523676964038,0.0,0.0,0.0,0.0
1.1004,50.061275,-23.911198,-5.3839,50.405228,-22.898642,-8.760909,2.7,2.60673467012412,2.5579797777444,0.0,0.0,0.0,0.0
1.1005,50.687206,-20.24176,-13.826896,50.357998,-18.822725,-15.64047,1.53,1.47714964640367,1.63462547416371,0.0009215673585624614,7.0,0.0,0.0
1.1006,49.989662,-14.312641,-20.112686,50.51125,-11.908682,-21.836609,1.85,1.78609597767764,2.09452572553026,0.0,0.0,0.0,0.0
1.1007,50.52301,-7.130917,-24.381063,50.850601,-4.826145,-24.798477,1.93,1.86333256049613,1.87611249883838,1.8830707123811754,32.0,4.0286067339868674e-05,0.000617838033437741
1.1008,50.652088,0.183831,-24.708681,51.0942,2.78075,-25.021429,2.11,2.03711487183774,2.31015984044857,0.0,0.0,0.0,0.0
1.1009,49.881954,7.48931,-23.743315,49.773891,9.805821,-22.437998,2.36,2.27847919314552,2.63479748621369,0.0,0.0,0.0,0.0
1.1010,49.797935,13.334814,-20.637012,49.886749,15.541023,-19.52627,2.15,2.07573316324698,2.09430969076295,0.0,0.0,0.0,0.0
1.1011,49.881954,15.542047,-19.531717,50.163647,17.603216,-17.137688,2.34,2.2591700474409,2.51091854994509,0.0,0.0,0.0,0.0
1.1012,50.417027,18.435682,-15.066799,50.534767,20.136862,-12.050967,2.41,2.32675205740708,2.41862007177122,0.06202996374262394,1.0,0.0,0.0
1.1013,50.827305,21.6497,-14.418571,50.850601,23.868753,-11.273953,2.09,2.01780572613311,2.5219363487604,0.0,0.0,0.0,0.0
1.1014,50.605209,20.716892,-10.157693,51.290115,21.612787,-6.012924,2.58,2.49087979589638,2.79368766692267,1.0127439110229968e-05,2.0,0.0,0.0
1.1015,50.558262,24.314123,-7.124293,50.687206,25.921114,-3.672674,1.8,1.73782311341608,2.35381659827967,1.0,1.0,0.0,0.0
1.1016,50.558262,24.314123,-7.124293,50.687206,25.652714,-3.247802,2.29,2.21089718317934,2.54821178391528,0.0,0.0,0.0,0.0
1.1017,42.988392,39.817799,2.420442,43.315536,39.269077,6.565215,1.72,1.66058653059759,2.43688635290182,0.0,0.0,0.0,0.0
1.1018,42.551537,43.267765,16.363024,43.37463,41.469414,21.105474,2.17,2.0950423089516,3.21219303345289,0.0,0.0,0.0,0.0
1.1019,49.423252,43.18121,34.867008,49.374592,46.315643,31.98053,2.06,1.98884200757618,2.59928932778677,0.0,0.0,0.0,0.0
1.1020,50.061275,37.875839,51.369839,49.809952,34.680492,54.00798,1.47,1.4192222092898,2.58622671931268,1.161812573841844,3.0,0.006126415706726614,0.04623225879203995
1.1021,69.312546,21.833036,64.167267,69.633034,18.968876,64.937149,1.67,1.61231366633603,1.87898690620163,0.0,0.0,0.0,0.0
1.1022,69.519356,23.559267,62.963558,69.633034,18.968994,64.93734,2.34,2.2591700474409,3.13377416635977,1.0,1.0,0.0,0.0
1.1023,68.460518,-0.986367,71.334984,68.845329,-4.656554,71.417603,2.13,2.05642401754236,2.20243268831519,0.4105774297081569,1.0,0.0,0.0
1.1024,68.765747,1.132695,71.996552,68.845329,-4.656394,71.417595,3.2,3.08946331273969,3.46385690340959,0.398510559059076,1.0,0.0,0.0
1.1025,69.604645,-0.045625,72.286209,68.845329,-4.656554,71.417511,2.65,2.55846180586256,2.82610935324394,0.0,0.0,0.0,0.0
1.1026,60.948948,-12.338242,58.745937,61.089287,-16.649065,57.868229,2.3,2.22055175603165,2.58497788997523,0.0,0.0,0.0,0.0
1.1027,51.105755,-32.348072,45.65789,51.404827,-36.601044,42.290524,1.63,1.57369537492678,2.67467629438012,1.0,1.0,0.0,0.0
1.1028,50.943607,-43.654781,32.677731,50.369812,-46.728775,28.174463,1.78,1.71851396771145,2.61744119684002,0.0,0.0,0.0,0.0
1.1029,49.629257,-50.081348,15.955322,49.833973,-51.532883,12.004609,1.63,1.57369537492678,2.16789318427321,0.0,0.0,0.0,0.0
1.1030,49.9538,-47.965702,-0.350058,49.773891,-48.058891,-4.376344,1.92,1.85367798764382,2.38265598201345,0.0,0.0,0.0,0.0
1.1031,53.069675,-41.547806,-8.875042,53.395325,-41.95071,-5.948508,1.56,1.5061133649606,1.86898504156524,0.0,0.0,0.0,0.0
1.1032,37.003853,-28.441145,-15.471752,37.059353,-27.696524,-17.697077,1.42,1.37094934502824,1.45158872172287,1.0569356087963122,2.0,0.0,0.0
1.1033,37.003853,-28.441145,-15.471752,36.668377,-26.338417,-18.475231,1.95,1.88264170620075,2.31331949179473,0.04824839989375936,1.0,0.0,0.0
1.1034,37.206795,-19.681837,-23.649042,37.770546,-17.418816,-25.642082,1.25,1.20682160653894,1.84357952488378,1.008050578665857,2.0,6.429421124972396e-05,0.008050578665856827
1.1035,38.021313,-12.454347,-26.629408,37.98563,-9.354229,-27.908321,1.41,1.36129477217593,2.17126558029717,1.0,1.0,0.0,0.0
1.1036,38.021313,-3.922389,-27.540432,38.216721,-0.889203,-27.848351,1.87,1.80540512338226,2.41430750598365,0.0029273911121775243,5.0,0.0,0.0
1.1037,42.89854,8.312167,-30.312408,43.048145,11.324059,-28.988466,3.02,2.91568100139809,2.97158037178345,1.0,1.0,0.0,0.0
1.1038,42.973438,17.843439,-25.24209,43.345097,19.758728,-23.559269,1.69,1.63162281204065,2.02806583270802,0.0,0.0,0.0,0.0
1.1039,45.289864,32.366905,-17.890408,44.94162,35.310215,-13.260398,1.95,1.88264170620075,3.09795036519214,0.0,0.0,0.0,0.0
1.1040,43.152416,37.732285,-9.617787,43.551212,37.74725,-6.274321,1.1,1.06200301375427,1.83116821778064,0.0,0.0,0.0,0.0
1.1041,43.152416,37.732285,-9.617787,43.930248,38.377018,-3.941547,1.89,1.82471426908688,3.18168712573008,0.0,0.0,0.0,0.0
1.1042,35.242119,45.157204,16.384867,35.703606,43.352867,21.707296,2.69,2.59708009727181,3.41130451874283,0.0,0.0,0.0,0.0
1.1043,51.244118,59.328182,41.382378,51.467751,57.243237,45.680168,2.62,2.52949808730562,2.61747158791879,0.0,0.0,0.0,0.0
1.1044,46.324947,59.827499,45.505112,46.783676,57.278339,49.358768,2.12,2.04676944469005,2.57861009279125,0.0,0.0,0.0,0.0
1.1045,49.977715,37.94017,51.353111,49.70768,34.859726,54.114765,1.97,1.90195085190537,2.57312132351581,0.15421773492269683,2.0,0.00024905234353522884,0.005126451292632175
1.1046,69.426773,23.786797,62.873615,69.448158,19.048836,64.801262,2.75,2.65500753438567,3.21177125479607,0.0,0.0,0.0,0.0
1.1047,51.128857,-32.447636,45.799156,51.4506,-36.629578,42.413197,1.67,1.61231366633603,2.65287438373926,0.0,0.0,0.0,0.0
1.1048,39.931938,-48.000504,-2.849306,39.806923,-47.109764,-6.132222,1.91,1.8440234147915,2.00851797658949,0.0,0.0,0.0,0.0
1.1049,39.931938,-48.000504,-2.849306,39.981789,-47.98275,-9.237774,3.57,3.44668250827522,3.77075375711287,0.0,0.0,0.0,0.0
1.1050,47.905281,-49.585243,-6.786449,47.352684,-49.861763,-9.634287,1.88,1.81505969623457,1.71811320887229,0.0,0.0,0.0,0.0
1.1051,37.114742,-28.371401,-15.476032,37.160809,-27.809332,-17.771332,1.61,1.55438622922216,1.44160549440396,0.0,0.0,0.0,0.0
1.1052,37.335136,-19.935518,-23.446417,37.905174,-17.708971,-25.365938,1.44,1.39025849073286,1.80653359459046,0.021380603739088868,2.0,0.021027745477325038,0.021202694210328103
1.1053,38.163567,-12.796434,-26.366819,38.065845,-9.74362,-27.684864,1.71,1.65093195774527,2.14499946932184,0.0,0.0,0.0,0.0
1.1054,42.958473,7.989877,-30.309027,43.085426,11.132853,-29.061697,3.66,3.53357366394603,3.03620682781344,0.0,0.0,0.0,0.0
1.1055,26.67771,16.834044,-42.636372,27.087961,19.543564,-42.350658,2.87,2.77086240861341,1.96124207629772,0.9171905549431555,1.0,0.0,0.0
1.1056,26.67771,16.834044,-42.636372,26.691988,19.089689,-40.997787,3.22,3.10877245844432,2.29451619354871,0.0,0.0,0.0,0.0
1.1057,31.784132,39.294998,-13.80234,31.772736,36.644222,-18.223768,2.5,2.41364321307789,2.74648698782321,0.9618074761548523,1.0,0.0,0.0
1.1058,31.784132,39.294998,-13.80234,32.413834,37.991497,-18.653765,2.14,2.06607859039467,2.70169722869472,0.0,0.0,0.0,0.0
1.1059,26.67771,37.071995,-13.957189,26.34664,38.279858,-9.25747,2.24,2.16262431891779,2.61905768942307,0.0,0.0,0.0,0.0
1.1060,50.487717,-11.72461,-21.690321,50.657944,-7.12349,-24.22546,4.16,4.0163023065616,3.7386900702971,1.6451319481434267e-05,1.0,7.253731446274002e-06,7.253731446274001e-06
1.1061,50.955215,-4.73074,-24.630684,50.757328,0.181386,-24.514521,4.93,4.75970441618959,4.36967644114802,0.00032115909574410075,1.0,0.0001787918689261429,0.0001787918689261429
1.1062,49.941837,7.48964,-23.547792,51.111534,2.784103,-24.815784,5.05,4.87555929041733,4.95581316548859,0.0,0.0,0.0,0.0
1.1063,39.29266,-21.427395,-21.015078,38.11919,-17.874346,-25.041441,2.56,2.47157065019176,3.34574810281045,0.49510267480815406,3.0,0.42410197328385896,0.4568807933465906
1.1064,38.110306,-17.836069,-25.056265,37.490154,-11.347415,-27.527931,3.78,3.64942853817376,4.32035140547518,0.0,0.0,0.0,0.0
1.1065,38.28743,-9.952696,-27.37093,38.296257,-4.105003,-27.397863,4.09,3.94872029659542,4.34814648964921,0.0,0.0,0.0,0.0
1.1066,51.496315,40.923615,50.700367,51.547668,43.522007,56.055313,1.9,1.83436884193919,1.62764777893595,2.0575013377097724,7.0,0.03002040218039067,0.14921275098048364
1.1067,51.496315,40.923615,50.700367,50.850601,44.732555,59.576252,3.04,2.93499014710271,2.76243338634704,0.06475234610088522,7.0,0.0,0.0
1.1068,51.496315,40.923615,50.700367,50.97842,44.430157,62.538162,3.37,3.25359105122899,3.81183646440709,0.699407976197094,1.0,0.0,0.0
1.1069,51.496315,40.923615,50.700367,51.859818,38.425926,43.558334,2.77,2.6743166800903,2.54201829966699,0.0,0.0,0.0,0.0
1.1070,51.496315,40.923615,50.700367,52.663761,42.720638,61.836685,3.48,3.35979135260442,4.10377179883793,0.0,0.0,0.0,0.0
1.1071,51.496315,40.923615,50.700367,51.065292,40.159676,57.216358,3.03,2.9253355742504,3.01917519939491,1.614379866135146,5.0,0.0,0.0
1.1072,51.496315,40.923615,50.700367,50.809826,38.383499,61.422569,3.99,3.85217456807231,5.35474134894688,0.0,0.0,0.0,0.0
1.1073,51.496315,40.923615,50.700367,51.467754,39.046726,56.623566,2.61,2.51984351445331,3.20420342644612,0.429967856636236,4.0,0.0008940588858880905,0.004931615236067337
1.1074,51.496315,40.923615,50.700367,51.978245,37.721176,57.219364,3.83,3.69770140243532,4.04330389119262,0.7752268807651522,5.0,2.131452855523335e-06,0.00024812728906650256
1.1075,51.496315,40.923615,50.700367,51.128857,35.896854,57.038246,4.28,4.13215718078934,4.81574658904273,0.9892695314920806,1.0,0.0,0.0
1.1076,51.496315,40.923615,50.700367,52.258572,36.291714,56.775284,4.6,4.44110351206331,4.57816192237387,0.0,0.0,0.0,0.0
1.1077,51.496315,40.923615,50.700367,51.712616,47.533688,46.835049,4.35,4.19973919075552,4.54902941047594,0.0,0.0,0.0,0.0
1.1078,51.496315,40.923615,50.700367,51.180775,35.958073,52.263851,2.91,2.80948070002266,3.08974214574522,0.924968399604667,1.0,0.0,0.0
1.1079,51.496315,40.923615,50.700367,51.92754,35.076653,51.866962,3.63,3.50460994538909,3.43868357299044,0.0,0.0,0.0,0.0
1.1080,51.496315,40.923615,50.700367,51.007404,47.062946,50.467876,3.36,3.24393647837668,3.07614395597834,0.02667147766441205,1.0,0.0,0.0
1.1081,51.496315,40.923615,50.700367,51.28437,46.570473,52.928108,3.18,3.07015416703507,2.18581710527872,0.7905503607483613,2.0,0.0,0.0
1.1082,51.496315,40.923615,50.700367,51.882408,46.841766,55.605648,3.13,3.02188130277351,2.06866136373976,0.9667918577340272,4.0,6.272122735861881e-10,2.9214509438403163e-06
1.1083,51.496315,40.923615,50.700367,51.370453,45.849808,56.65136,2.4,2.31709748455477,1.88641058577144,0.1608449424650037,4.0,0.00020179168969943747,0.0009044327678318688
1.1084,75.208054,-3.781472,78.674438,75.067116,1.185844,87.234528,3.79,3.65908311102608,3.38673863610271,2.778870817568153,5.0,0.0,0.0
1.1085,75.208054,-3.781472,78.674438,74.862755,1.829889,91.94841,4.77,4.60523125055261,4.22280619225003,0.025616258147727815,1.0,0.0,0.0
1.1086,75.208054,-3.781472,78.674438,74.887962,0.708452,88.835701,4.25,4.10319346223241,3.3742132902374,1.9256829391875798,4.0,0.004252857157748623,0.030236781809927643
1.1087,75.208054,-3.781472,78.674438,74.470337,-0.246026,89.167061,3.26,3.14739074985356,3.08469183347471,1.4322625111536689,3.0,0.0169073966322249,0.08163554363687253
1.1088,75.208054,-3.781472,78.674438,74.505287,-1.220338,88.56012,2.94,2.83844441857959,2.65450116604443,0.3328009987746996,2.0,0.0015319556187810529,0.020133399656370374
1.1089,75.208054,-3.781472,78.674438,75.782959,-2.381584,91.524902,2.7,2.60673467012412,2.87195389894088,0.0,0.0,0.0,0.0
1.1090,75.208054,-3.781472,78.674438,75.930954,-4.588816,70.353233,2.34,2.2591700474409,2.10196450188316,0.9120689381603486,2.0,0.0,0.0
1.1091,75.208054,-3.781472,78.674438,75.513496,-2.356072,70.961365,2.71,2.61638924297643,1.90429147429183,7.947188994456142e-05,1.0,0.0,0.0
1.1092,75.208054,-3.781472,78.674438,74.884811,-7.138892,71.03344,2.63,2.53915266015794,2.82301753522156,0.13549411713459714,1.0,0.0017916840406628771,0.0017916840406628771
1.1093,75.208054,-3.781472,78.674438,74.969765,-7.633768,83.930573,3.58,3.45633708112753,2.27522285638321,0.001164757436140876,1.0,0.0,0.0
1.1094,75.208054,-3.781472,78.674438,75.482422,1.127596,73.796715,4.19,4.04526602511854,3.0360371559429,0.603533071013441,2.0,0.0,0.0
1.1095,75.208054,-3.781472,78.674438,75.696411,0.931473,76.551453,3.67,3.54322823679834,2.77188084860016,0.791956972213965,1.0,0.0,0.0
1.1096,75.208054,-3.781472,78.674438,74.730225,-8.630614,79.147003,3.75,3.62046481961683,2.72703600026203,0.501977687357252,2.0,0.0,0.0
1.1097,75.208054,-3.781472,78.674438,74.673302,1.267196,78.572609,3.99,3.85217456807231,2.93265813913045,0.0,0.0,0.0,0.0
1.1098,75.208054,-3.781472,78.674438,74.537041,-8.549176,76.036232,3.66,3.53357366394603,2.89967216103734,0.9915285940942878,1.0,0.0,0.0
1.1099,75.208054,-3.781472,78.674438,74.717583,-8.11907,74.865402,3.75,3.62046481961683,2.76529410136525,0.0,0.0,0.0,0.0
1.1100,75.208054,-3.781472,78.674438,74.969765,1.557358,86.374077,4.68,4.5183400948818,3.47705653237506,0.0,0.0,0.0,0.0
1.1101,71.282639,-7.052512,44.795494,71.398582,-2.6436,46.13401,4.26087,4.11368798292287,3.12142285281557,0.9114435248543822,4.0,0.06030515590802213,0.22100465444080794
1.1102,71.282639,-7.052512,44.795494,70.967339,-6.65714,45.820759,0.84058,0.811544084819604,0.539173767231576,4.029801279149054,7.0,0.00047921452592653436,0.0017318351561209503
1.1103,71.282639,-7.052512,44.795494,71.758118,-10.273877,45.622677,2.89855,2.79842621410676,2.0885125482807,2.5266066519327843,5.0,0.018179102740851428,0.18133163833634544
1.1104,71.282639,-7.052512,44.795494,71.180069,-8.981453,43.858223,1.21739,1.17533804446756,1.40665424686993,3.0407204174716242,9.0,0.08502059986216076,0.28584080179990395
1.1105,71.282639,-7.052512,44.795494,71.323593,-7.72959,47.694462,1.91304,1.84695840493861,0.966606406021105,3.47540764847675,5.0,0.0,0.0
1.1106,71.282639,-7.052512,44.795494,70.594261,-3.690391,47.40477,3.15942,3.05028505610501,2.63387692242133,0.05993323917743744,2.0,1.1535979359694344e-10,6.610900205547052e-07
1.1107,71.282639,-7.052512,44.795494,71.663429,-6.113766,46.212288,0.898551,0.867512609101739,0.917747361657415,2.5300757155483358,4.0,3.607103214586884e-05,0.008857019346549562
1.1108,71.282639,-7.052512,44.795494,71.063538,-9.834064,45.700779,2.69565,2.60253493093336,1.78207368645383,1.4624805128658793,5.0,6.655383584857259e-05,0.0041552904427917285
1.1109,71.282639,-7.052512,44.795494,70.939812,-8.657349,46.254623,1.91304,1.84695840493861,1.08445842453107,1.620981161083029,3.0,0.0,0.0
1.1110,71.282639,-7.052512,44.795494,70.691292,-10.177248,44.336166,3.18841,3.07827366280387,2.15924066395049,0.9249181438897757,2.0,0.000305865083489407,0.01625914425677993
1.1111,71.282639,-7.052512,44.795494,71.58889,-6.200951,45.611439,1.7971,1.73502328728891,0.72754220173319,0.8425394377000299,6.0,1.7427479498255512e-11,8.645023594555526e-07
1.1112,71.282639,-7.052512,44.795494,70.795013,-9.924723,42.496162,2.37681,2.29470853011026,2.29723005626115,0.003913873847004691,1.0,9.81735818034462e-06,9.81735818034462e-06
1.1113,71.282639,-7.052512,44.795494,71.138977,-7.677126,41.475903,1.30435,1.25929420999126,1.33888887544236,0.0,0.0,0.0,0.0
1.1114,71.282639,-7.052512,44.795494,71.636337,-8.132483,46.650795,1.33333,1.28727316211725,0.869907941882625,0.0,0.0,0.0,0.0
1.1115,65.592659,30.518431,37.095493,65.443893,35.442749,37.130245,3.53075,3.4087883098299,2.66169832444851,0.28328196449687515,5.0,0.026273472592264535,0.03499729778646529
1.1116,65.592659,30.518431,37.095493,65.810898,27.048811,36.836468,1.5262,1.47348090871979,1.93982118211022,5.363555911060205,20.0,0.0554172494745904,0.2972335159941374
1.1117,65.592659,30.518431,37.095493,65.113106,31.658255,38.135792,0.592255,0.571796904464577,0.636015821880894,8.327913573349525,26.0,0.0006922395001046073,0.01689160243881969
1.1118,65.592659,30.518431,37.095493,66.089806,34.973812,39.371635,2.18679,2.11125233677064,1.94977159987199,0.84805927838059,8.0,0.0,0.0
1.1119,65.592659,30.518431,37.095493,66.481705,30.508141,42.480831,2.36902,2.28718761785831,2.67492029328672,0.15689006979197373,3.0,0.0,0.0
1.1120,65.592659,30.518431,37.095493,65.935089,28.613585,37.884537,1.23007,1.18758004284429,1.39880274222558,6.702937262445599,29.0,0.03858059787767363,0.44998286742620075
1.1121,65.592659,30.518431,37.095493,66.097527,29.908379,40.428902,2.2779,2.19921515002805,1.90009892420151,3.2754030615603877,12.0,3.5454763039072085e-10,2.8174810562482753e-05
1.1122,65.592659,30.518431,37.095493,65.981567,26.952259,36.634029,1.27563,1.23156627675942,1.95703230787014,3.499275863599693,17.0,0.20657177339820063,0.7223728667107635
1.1123,65.592659,30.518431,37.095493,65.810898,27.048811,36.836468,2.96128,2.85898934960931,1.93982118211022,2.76969226311535,16.0,0.011269523203757768,0.11606456179189635
1.1124,65.592659,30.518431,37.095493,66.236244,30.058823,39.301487,1.68565,1.6274230728499,1.36457860225991,3.933992607194191,22.0,0.00010140398112016182,0.006387519736067506
1.1125,65.592659,30.518431,37.095493,65.795349,28.472292,38.988216,2.2779,2.19921515002805,1.90692059373671,2.1345607835691767,11.0,4.9017890917355736e-09,2.4803148108941154e-05
1.1126,65.592659,30.518431,37.095493,65.880806,33.342068,40.743328,1.50342,1.45148779176222,1.43446332940775,1.7191048780718252,5.0,0.0,0.0
1.1127,65.592659,30.518431,37.095493,65.96608,28.381781,38.781651,1.93622,1.86933770481027,1.88662347414201,1.1879679195593562,11.0,8.84372185960354e-09,2.4524716679244722e-05
1.1128,65.592659,30.518431,37.095493,65.057709,30.665947,39.804905,1.82232,1.75937212002244,1.34205868887442,1.7346882244709887,18.0,0.002686445993158243,0.014784946164647343
1.1129,46.843018,9.459996,-14.706019,46.578411,12.024842,-15.567065,2.52157,2.43446812672032,2.12342397612192,5.065842496507034,20.0,0.012461032097340341,0.1138820032625443
1.1130,46.843018,9.459996,-14.706019,47.752029,9.151309,-13.839125,0.594439,0.573905463175522,1.04759390541525,19.107730980322184,55.0,0.0002460987443458905,0.015232618753389951
1.1131,46.843018,9.459996,-14.706019,47.066193,8.252254,-13.079809,1.15053,1.110787570377,1.28986672059967,10.650030094218641,52.0,0.0,0.0
1.1132,46.843018,9.459996,-14.706019,45.988266,11.218498,-16.208773,1.57239,1.51807538072461,1.69900780038436,9.098452440698592,40.0,0.0,0.0
1.1133,46.843018,9.459996,-14.706019,47.404495,9.76618,-14.01267,0.642378,0.620188519972219,0.851618893123253,22.398858810750834,53.0,1.752863286113774e-06,0.0009817492400792651
1.1134,46.843018,9.459996,-14.706019,47.815975,10.316725,-13.992885,0.958773,0.92565437773293,1.4483382857403,15.145677500792115,49.0,0.0,0.0
1.1135,46.843018,9.459996,-14.706019,46.217606,10.204192,-14.516825,0.699904,0.675727415762426,0.968668091872004,23.152570020917537,51.0,2.5095932364974134e-06,0.0005955981094044259
1.1136,46.843018,9.459996,-14.706019,47.040016,9.666692,-15.665176,0.488974,0.472083510588618,0.632847759639342,15.967604690909788,47.0,3.7229691869771226e-09,2.8625129590970202e-05
1.1137,46.843018,9.459996,-14.706019,45.784492,8.67637,-13.369141,1.17929,1.13855412190025,1.38611345368693,7.796613952160485,44.0,0.0,0.0
1.1138,46.843018,9.459996,-14.706019,47.790409,7.846832,-13.960263,1.79291,1.73097802126379,1.73137899276695,3.6632238179341714,27.0,1.5954929191525277e-05,0.0013320903821864498
1.1139,46.843018,9.459996,-14.706019,47.43037,7.426414,-14.50227,1.43816,1.38848204932804,2.05881516920809,1.3980552157946657,10.0,0.0,0.0
1.1140,46.843018,9.459996,-14.706019,47.5723,9.072626,-15.610582,0.958773,0.92565437773293,1.10961919443176,9.50108455564057,43.0,0.0,0.0
1.1141,46.843018,9.459996,-14.706019,47.261806,8.440722,-14.024857,0.805369,0.77754936834933,0.99622707801792,7.691604819698146,43.0,0.0,0.0
1.1142,46.843018,9.459996,-14.706019,47.2878,10.893925,-14.05887,1.61074,1.55510066761323,1.60514097251764,9.540908515783103,34.0,2.121907881687256e-11,4.55377890662164e-06
1.1143,47.235798,-4.873497,-25.659845,48.032433,-6.229394,-26.16704,0.899281,0.868217392919958,1.38607974860663,12.708007873066059,26.0,0.0033781181419861497,0.056094605167423456
1.1144,47.235798,-4.873497,-25.659845,47.89254,-6.464955,-23.92292,1.11511,1.07659107333411,1.51485419205257,15.059981119367437,23.0,0.0008348119794743403,0.023370717639299383
1.1145,47.235798,-4.873497,-25.659845,47.365646,-4.688555,-24.64673,0.707434,0.682997309120216,0.493464434274071,3.0109897160451937,8.0,1.221070674197808e-05,6.115957020438183e-05
1.1146,47.235798,-4.873497,-25.659845,47.546543,-5.248015,-24.230824,1.05516,1.01871190908451,0.671858411262849,3.7848329047911804,8.0,0.0,0.0
1.1147,47.235798,-4.873497,-25.659845,47.196739,-6.188429,-27.027718,1.31894,1.27338023178278,1.28499049786038,6.1636530160927,22.0,0.0,0.0
1.1148,47.235798,-4.873497,-25.659845,47.585175,-6.104958,-25.353298,0.683453,0.659844677963088,1.0299187853473,5.3780721028327605,15.0,0.00018932885951539267,0.003919047328275065
1.1149,47.235798,-4.873497,-25.659845,47.274811,-2.506462,-27.221846,1.91847,1.85220083799741,1.7785723826552,3.7865836869569325,21.0,5.930038281876719e-06,0.0002678000505072476
1.1150,47.235798,-4.873497,-25.659845,47.026924,-6.090162,-26.323709,1.1271,1.08816690618403,1.0831148305613,3.4872339119320723,13.0,1.6602076408885245e-07,1.7506755507608854e-05
1.1151,47.235798,-4.873497,-25.659845,47.066196,-4.81769,-23.221413,1.7506,1.69012952352566,1.04325595340886,3.4475900136446893,12.0,0.0,0.0
1.1152,47.235798,-4.873497,-25.659845,47.183708,-8.770484,-23.828453,2.63789,2.54677011813841,3.0898645575341,1.7080182896602292,18.0,0.00027546045781855254,0.0020800403858972395
1.1153,47.235798,-4.873497,-25.659845,48.373238,-2.047321,-26.305017,1.4988,1.44702737910445,2.52454012384203,6.074909852617855,29.0,0.13629431416513438,0.4625802564185041
1.1154,47.235798,-4.873497,-25.659845,47.610901,-6.321294,-24.666119,1.19904,1.15762190328356,1.2191542186712,5.446605126245605,16.0,5.077398940499542e-07,0.00022224489900734556
1.1155,47.235798,-4.873497,-25.659845,48.573505,-5.818207,-23.30015,1.64269,1.58594702787636,1.74655261864593,12.91747399288546,19.0,0.0,0.0
1.1156,47.235798,-4.873497,-25.659845,47.867039,-6.135065,-23.704105,1.13909,1.09974273903396,1.34797170427156,6.236021441564165,15.0,8.753258211782884e-05,0.004767476043456226
1.1157,71.214287,-18.133331,-0.36693,71.7108,-21.133921,-0.813583,2.10309,2.03044356199679,1.87801526404129,10.928901269778224,26.0,4.681175407885366e-06,0.0011629126498166203
1.1158,71.214287,-18.133331,-0.36693,71.227966,-16.388208,2.159288,2.06186,1.99063775812671,2.22609538138891,6.402714257634119,18.0,0.0671687147603235,0.3052294963765676
1.1159,71.214287,-18.133331,-0.36693,70.829529,-15.738812,2.106069,3.50515,3.38407260332798,2.49316942478352,2.7499015712490302,15.0,0.10606669990094379,0.3475330643159933
1.1160,71.214287,-18.133331,-0.36693,71.364517,-20.53879,1.088389,1.62887,1.57260440819447,1.8069663245152,13.10976216236166,28.0,0.0005580514744760668,0.0114728765858706
1.1161,71.214287,-18.133331,-0.36693,71.214287,-14.126379,2.68132,4.8866,4.71780357001056,3.66315580255944,0.0,0.0,0.0,0.0
1.1162,71.214287,-18.133331,-0.36693,70.850235,-18.903822,2.844337,2.28866,2.20960347041713,2.38107735859357,4.387180604686787,18.0,9.280511342740002e-05,0.0028109521437049184
1.1163,71.214287,-18.133331,-0.36693,71.609238,-15.665607,1.761258,3.36082,3.24472815335057,2.3396910757737,2.309866588548168,14.0,0.13711166844900938,0.20708603412284265
1.1164,71.214287,-18.133331,-0.36693,71.001717,-22.70315,1.055757,3.48454,3.36417452867937,2.87006251855077,0.9210512174970529,6.0,0.02338865695223881,0.03926471072128591
1.1165,71.214287,-18.133331,-0.36693,71.063538,-17.569584,2.338595,1.95876,1.89109911201938,2.0326510465304,6.033784406725881,18.0,0.0,0.0
1.1166,71.214287,-18.133331,-0.36693,71.724319,-19.315683,1.709486,1.54639,1.4929734913086,1.71461627395179,10.317226305711987,25.0,0.00014859848081573518,0.009661538647919394
1.1167,71.214287,-18.133331,-0.36693,70.864029,-17.594755,1.534497,1.60825,1.552696678973,1.47279051510069,8.80327031180993,29.0,9.955057109971007e-07,0.00058582921934754
1.1168,71.214287,-18.133331,-0.36693,70.981094,-19.186682,4.152326,3.52577,3.40398033254945,3.29179418648622,0.0003760894163000242,1.0,8.196714138185225e-05,8.196714138185225e-05
1.1169,71.214287,-18.133331,-0.36693,71.58889,-21.204393,0.239026,1.89691,1.83138557892783,1.93130650952416,9.010376397787642,17.0,0.0,0.0
1.1170,71.214287,-18.133331,-0.36693,71.084129,-16.117289,0.823676,1.6701,1.61241021206455,1.61836230645213,6.099897933305368,21.0,0.0,0.0
1.1171,71.214287,-18.133331,-0.36693,71.090988,-18.228727,0.685333,1.01031,0.975411149841888,0.781517712821676,16.012392455116554,27.0,0.0,0.0
1.1172,71.214287,-18.133331,-0.36693,71.221123,-21.468981,-0.680605,2.06186,1.99063775812671,2.0163826120486,6.116647387918558,14.0,0.0,0.0
1.1173,71.214287,-18.133331,-0.36693,71.25531,-21.187243,1.447995,2.2268,2.14988028275273,2.24814392385606,3.5968383578606407,12.0,0.0,0.0
1.1174,71.214287,-18.133331,-0.36693,70.994843,-19.411667,1.380275,1.38144,1.33372131210973,1.50258588919312,8.084920950562834,22.0,0.0002038210529228775,0.01915904747825465
1.1175,71.214287,-18.133331,-0.36693,71.534607,-21.712143,-1.081941,2.76289,2.6674522787923,2.20697717557519,2.0814101805042466,10.0,0.004937322030242887,0.015206317388476135
1.1176,52.707874,-0.509537,0.432108,52.817913,-1.70578,-1.386986,2.8,2.70328039864723,2.40591236587609,11.183360568369768,31.0,0.001140444076247182,0.0298114636889755
1.1177,52.707874,-0.509537,0.432108,52.839878,-1.470072,0.394608,1.83636,1.77292714030708,1.3587269789998,25.46312021511679,77.0,0.0008866165862177242,0.08130216221995146
1.1178,52.707874,-0.509537,0.432108,52.508911,-1.114043,-1.547143,2.16364,2.08890200061753,2.09925262520291,12.852666116754786,55.0,8.908134409170366e-06,0.002074174017312769
1.1179,52.707874,-0.509537,0.432108,53.814156,-0.30125,2.250995,1.63636,1.57983568326085,2.05584318833493,10.606229621175425,53.0,0.004238077014568052,0.05512864027397056
1.1180,52.707874,-0.509537,0.432108,53.481651,-1.505632,1.566985,1.54545,1.49206596146049,1.89182733202922,13.133339139935062,69.0,0.0026441874136723833,0.0721846108955481
1.1181,52.707874,-0.509537,0.432108,53.004173,-0.130079,-1.892733,2.90909,2.8086021338931,2.33975653782243,9.687227288118656,30.0,0.0006540153151298719,0.019528910965656773
1.1182,52.707874,-0.509537,0.432108,52.663757,-2.054657,-0.110976,2.45455,2.36976317946413,2.20262806110074,9.657804391489343,44.0,1.4316607733083516e-05,0.005243293695615067
1.1183,52.707874,-0.509537,0.432108,53.189438,-0.061074,-0.485857,0.963636,0.930349396511009,1.2172352068029,21.37682305640341,70.0,0.00029121908294165415,0.054050868218117706
1.1184,52.707874,-0.509537,0.432108,53.058765,0.362148,-0.099415,1.63636,1.57983568326085,1.4421048566776,21.464561821986752,69.0,5.7925186030299386e-05,0.012552084468339124
1.1185,52.707874,-0.509537,0.432108,53.524734,0.935619,-1.505489,2.27273,2.1942237358634,2.90789854994547,8.14688545068236,17.0,0.0009006359265297807,0.03126875813294942
1.1186,52.707874,-0.509537,0.432108,53.395325,1.482182,-1.209027,3.0,2.89637185569346,3.37954096211825,5.781030154328414,13.0,0.0,0.0
1.1187,52.707874,-0.509537,0.432108,53.200302,-1.041026,2.061271,1.45455,1.40430589423298,1.75756768849961,12.446650581894183,67.0,0.0007429882012486081,0.027154868789937708
1.1188,52.707874,-0.509537,0.432108,53.254585,1.798958,-0.066632,2.36364,2.28199345766377,3.43171717958978,3.610744278701725,12.0,0.08067396267345925,0.25451499544070466
1.1189,52.707874,-0.509537,0.432108,52.663757,0.20281,1.189207,1.81818,1.75537512686158,1.28815221164309,24.740917402878413,67.0,0.0025809777393399564,0.1319960475046541
1.1190,42.612183,0.751808,-15.65769,43.152416,-0.048409,-14.26813,1.35685,1.30998071746589,1.28101281324617,7.719497893161294,13.0,0.0,0.0
1.1191,42.612183,0.751808,-15.65769,43.256325,-0.554852,-15.961747,1.35685,1.30998071746589,1.71282166097214,7.132635679015734,12.0,0.0,0.0
1.1192,42.612183,0.751808,-15.65769,42.551537,1.592883,-15.847075,0.949796,0.916987467683409,1.00583168507267,3.2280013207847222,10.0,0.0,0.0
1.1193,42.612183,0.751808,-15.65769,42.733093,-0.701881,-16.227003,1.64179,1.58507811631966,1.82561735297272,4.8033945055288925,10.0,0.0,0.0
1.1194,42.612183,0.751808,-15.65769,42.838486,-0.755431,-15.567472,1.49254,1.44098361649891,1.81532127904715,4.718720193825447,9.0,0.0,0.0
1.1195,42.612183,0.751808,-15.65769,43.167282,0.382945,-13.757192,1.66893,1.61128062704083,1.27392986981054,3.9055030562726327,8.0,0.0,0.0
1.1196,42.612183,0.751808,-15.65769,43.973675,1.477626,-14.26543,1.89959,1.83397300445225,1.86309381764109,4.728945364651742,7.0,0.0,0.0
1.1197,42.612183,0.751808,-15.65769,41.876003,-0.176758,-12.984466,1.83175,1.76847638222217,1.97993196015956,2.2695636065175036,6.0,0.0,0.0
1.1198,42.612183,0.751808,-15.65769,42.185009,-0.181711,-14.79238,1.12619,1.08728834005447,1.23195282000274,2.1068737233239507,5.0,1.4220910814095475e-05,0.0013854701320843866
1.1199,42.612183,0.751808,-15.65769,41.907051,1.877974,-15.95851,1.27544,1.23138283987522,1.48345299041438,2.481894462085396,4.0,9.57401056871864e-05,0.0007604512862134606
1.1200,42.612183,0.751808,-15.65769,43.507164,1.94246,-14.955472,1.56038,1.50648023872899,1.82992640229599,2.6023925011056317,3.0,0.0,0.0
1.1201,42.612183,0.751808,-15.65769,42.353573,1.990925,-13.848582,2.34735,2.26626615848735,2.13676461406799,0.8833978432620516,2.0,0.0,0.0
1.1202,42.612183,0.751808,-15.65769,43.639107,0.746967,-13.490405,1.89959,1.83397300445225,1.63046732404087,0.11995658710229928,1.0,0.0,0.0
1.1203,42.612183,0.751808,-15.65769,43.063065,2.111344,-17.228067,1.35685,1.30998071746589,1.6795740452493,0.0,0.0,0.0,0.0
1.1204,70.203941,-2.140631,43.501633,70.864029,-2.856971,45.588413,1.00534,0.970612827134289,0.965745196029875,6.929288378399693,16.0,2.1777305524593894e-05,0.0008324361554394046
1.1205,70.203941,-2.140631,43.501633,71.077263,-2.763619,42.541149,0.596085,0.575494605867013,0.882588867761903,7.065030052066448,14.0,0.004138783873848131,0.057272905663516296
1.1206,70.203941,-2.140631,43.501633,69.262474,-0.889665,42.857716,1.45018,1.40008684589652,1.16377426189216,7.2471457390324945,13.0,0.0,0.0
1.1207,70.203941,-2.140631,43.501633,71.500641,-3.582546,43.627548,1.56584,1.51175163550635,1.41778502241884,5.551960532031997,12.0,7.1811220670354985e-09,1.8382739135944007e-05
1.1208,70.203941,-2.140631,43.501633,68.700531,-1.879445,43.974289,0.836299,0.807410962181529,1.19758942892531,6.829517549500679,12.0,0.0076998741326646065,0.06767939601304927
1.1209,70.203941,-2.140631,43.501633,71.47345,-3.746199,45.188206,1.97509,1.9068650294872,1.54725230723906,2.6054536695618484,11.0,0.00016769912158797867,0.009999873795221584
1.1210,70.203941,-2.140631,43.501633,75.426437,-3.858319,42.607803,2.38434,2.30197842346805,4.11472128431872,3.171145762145138,7.0,0.0,0.0
1.1211,70.203941,-2.140631,43.501633,68.787468,-1.091324,44.192535,1.75267,1.69212802010609,1.35757415487691,4.839454469197899,10.0,0.0008425287505117733,0.01276029652797176
1.1212,70.203941,-2.140631,43.501633,75.220566,-2.796027,41.841209,1.77936,1.71789607504891,3.83775874450928,3.650629457544652,6.0,0.008796934278110133,0.08615689247030127
1.1213,70.203941,-2.140631,43.501633,70.815727,-1.393984,43.397396,0.569395,0.549726550924193,0.707944357538106,3.816678655064991,7.0,0.00933426630752428,0.040245845691314744
1.1214,70.203941,-2.140631,43.501633,71.104706,-3.401385,44.383648,1.61032,1.55469517555343,1.13962440751578,3.140878485370389,8.0,0.0005910748762899963,0.0065835107135527905
1.1215,70.203941,-2.140631,43.501633,74.221741,-2.38332,41.431679,1.74377,1.68353545026753,3.11967307565276,2.3517423246301083,5.0,0.0005385445658343062,0.018839194023251755
1.1216,70.203941,-2.140631,43.501633,68.555229,-0.468977,44.42157,1.77936,1.71789607504891,1.78551234596788,1.1531738617876488,6.0,0.0,0.0
1.1217,70.203941,-2.140631,43.501633,68.765747,-3.787609,43.533478,2.09075,2.01852981909704,1.61078322912064,1.7955701505053936,5.0,0.0027818676720250267,0.015091717560173053
1.1218,70.203941,-2.140631,43.501633,74.508461,-3.492687,43.69825,1.9395,1.87250440470582,3.37514116603254,2.7754640349939783,5.0,0.00470522300497542,0.029954709558176952
1.1219,70.203941,-2.140631,43.501633,71.886292,-1.73426,42.661289,1.36121,1.3141901112295,1.34393478484299,1.4319469532852294,4.0,0.0,0.0
1.1220,70.203941,-2.140631,43.501633,72.221817,-5.023428,45.402843,2.34875,2.26761779868667,2.54466547650979,0.07070253841476674,2.0,0.0,0.0
1.1221,70.203941,-2.140631,43.501633,75.170509,-3.340276,41.118469,1.90391,1.83814377992445,3.92632446135975,1.2547170987251088,3.0,0.0005518556547915664,0.00817619781955378
1.1222,70.203941,-2.140631,43.501633,66.336136,-1.238303,45.809147,3.10498,2.99772556149703,3.22272544670036,0.0,0.0,0.0,0.0
1.1223,70.203941,-2.140631,43.501633,74.27285,-3.521164,42.806984,1.98399,1.91545759932576,3.23377991522167,1.0434050780284787,2.0,0.0011908310676443852,0.007098495259241002
1.1224,70.203941,-2.140631,43.501633,74.711258,-1.754081,51.539986,3.20285,3.0922148660026,4.2706840803976,0.0,0.0,0.0,0.0
1.1225,70.203941,-2.140631,43.501633,75.139206,-0.779157,44.417885,3.16726,3.05785424122123,3.84091749226543,0.043788395794477755,1.0,0.0,0.0
1.1226,70.203941,-2.140631,43.501633,74.413094,-4.507824,42.181534,2.41103,2.32774647841087,3.63635276481382,0.0,0.0,0.0,0.0
1.1227,70.203941,-2.140631,43.501633,69.205185,-4.003218,42.75396,1.70819,1.64918448005901,1.57101780688797,0.5097330846219807,2.0,0.0,0.0
1.1228,70.203941,-2.140631,43.501633,69.40538,-0.928324,43.544308,0.898577,0.867537710991155,1.06177206711025,1.4166629496622603,3.0,2.8331399921732696e-08,1.1142345437098789e-05
1.1229,70.203941,-2.140631,43.501633,69.526474,-0.881797,44.1367,1.76157,1.70072058994464,1.06769697057075,0.46120791001367617,2.0,0.05193759095938321,0.05561021387984853
1.1230,70.203941,-2.140631,43.501633,69.233841,-1.714781,48.1693,1.97509,1.9068650294872,1.74742304013711,0.0,0.0,0.0,0.0
1.1231,70.203941,-2.140631,43.501633,70.196938,-2.145281,44.834465,0.462633,0.446652400238345,0.447358646671638,0.0,0.0,0.0,0.0
1.1232,65.388947,31.454832,35.579201,65.026024,30.09618,35.007328,0.220327,0.212716307283125,0.684079113665557,12.055402042335643,20.0,0.011387849356923847,0.19555216896036387
1.1233,65.388947,31.454832,35.579201,64.160919,33.677383,35.706707,1.74129,1.68114111620016,1.54410623490418,7.215303257264822,20.0,0.0005464544765195069,0.018357174180422715
1.1234,65.388947,31.454832,35.579201,64.459389,32.080742,36.879532,0.618337,0.596977961377976,0.920376300277173,10.074175450513007,21.0,0.0007852896276099708,0.04211601724240642
1.1235,65.388947,31.454832,35.579201,64.395042,31.973896,33.94614,1.46411,1.41353566587979,1.32978943764656,9.788191821401622,23.0,0.0014139983000531393,0.018549324794356132
1.1236,65.388947,31.454832,35.579201,65.459579,30.06686,33.467705,0.817342,0.789108788425402,0.851909447047007,9.740631069595052,17.0,3.893741223015567e-06,0.0034810205266920776
1.1237,65.388947,31.454832,35.579201,63.941689,32.329018,33.111778,2.48045,2.39476852315162,2.01979684667798,1.92093412256934,9.0,0.0006715988504798994,0.007229879034181238
1.1238,65.388947,31.454832,35.579201,65.490929,34.15789,38.267532,1.59915,1.5439110176774,1.19466019150371,3.125976882232037,12.0,0.00016775011457489822,0.0076113820917106945
1.1239,65.388947,31.454832,35.579201,64.6838,30.405853,33.980846,0.312722,0.301919733152057,0.863804203663036,10.053560681605394,16.0,0.008611733281941276,0.08363556250860121
1.1240,65.388947,31.454832,35.579201,64.986382,32.153748,35.099213,0.767591,0.741076323027867,0.661161754631019,8.032586482949586,14.0,0.0,0.0
1.1241,65.388947,31.454832,35.579201,65.787575,33.375114,37.916954,1.44989,1.3998068632838,1.00068065627258,3.3104917181752493,10.0,0.0007808611010467604,0.006545032623972928
1.1242,65.388947,31.454832,35.579201,61.62833,30.363129,31.302296,3.12011,3.01233293022258,3.695423562207,0.127560485381843,1.0,0.0,0.0
1.1243,65.388947,31.454832,35.579201,65.561386,28.673454,34.269928,1.22246,1.18023291290368,1.26636867642238,5.418975805296793,13.0,3.5936257824513194e-06,0.00043960864321170246
1.1244,65.388947,31.454832,35.579201,64.946693,32.019928,35.7757,0.319829,0.308781238078195,0.445745221282523,4.523546857168588,11.0,0.0014534340263761731,0.0300914453784195
1.1245,65.388947,31.454832,35.579201,65.483093,29.370676,34.545959,0.938166,0.905759199456171,0.933131667870217,6.025809197109513,11.0,1.7571418467967417e-06,0.0013030599747120765
1.1246,65.388947,31.454832,35.579201,65.192108,33.297691,35.429081,1.43568,1.38608771526066,1.06564966236863,5.011632006268454,10.0,0.0,0.0
1.1247,65.388947,31.454832,35.579201,64.667816,31.456507,33.98457,1.22246,1.18023291290368,1.01484426439297,5.632154768939373,10.0,1.0673813224239523e-05,0.0006529956301892389
1.1248,65.388947,31.454832,35.579201,65.200005,30.516371,37.189526,1.70576,1.64683841885589,1.22368645134607,2.670806733469271,11.0,0.008844222319675743,0.028734611060897263
1.1249,65.388947,31.454832,35.579201,65.451736,28.471462,33.782463,1.24378,1.20081646222481,1.31661753943648,2.3828123858031782,7.0,1.1833203716465255e-05,0.0003744054165678741
1.1250,65.388947,31.454832,35.579201,64.475456,34.248322,35.278191,2.32409,2.24380962203287,1.77763447694581,1.7612952754410314,5.0,1.8252733822550532e-06,0.0016562750931653184
1.1251,65.388947,31.454832,35.579201,65.709724,32.956566,37.345135,1.1656,1.12533701166543,0.773291272037596,1.2950827493573083,5.0,8.301379603213765e-08,2.9485118919929537e-05
1.1252,65.388947,31.454832,35.579201,64.611809,30.411116,32.945335,1.29353,1.24884796216506,1.27037743615065,2.536303742768741,7.0,2.6488802394129644e-10,6.693636304249702e-08
1.1253,65.388947,31.454832,35.579201,64.579765,30.533854,35.540939,0.533049,0.514636040435182,0.832930657937471,2.430651317991929,4.0,0.00045909747169545196,0.010854293386764599
1.1254,65.388947,31.454832,35.579201,63.326351,30.250778,36.83897,1.9403,1.87327677053401,2.08062795429827,0.7812794183692637,3.0,0.0,0.0
1.1255,65.388947,31.454832,35.579201,64.322525,32.440899,34.505249,1.60625,1.55076576440254,1.32247416498743,1.3527864729439196,4.0,0.0,0.0
1.1256,65.388947,31.454832,35.579201,65.381096,31.899908,34.907112,0.8742,0.844002758749075,0.535058271806499,0.5008367429044659,1.0,0.0,0.0
1.1257,65.388947,31.454832,35.579201,64.531654,28.136015,35.975761,2.3312,2.25067402333087,2.13787468282067,0.0,0.0,0.0,0.0
1.1258,65.388947,31.454832,35.579201,62.465405,33.340954,30.142002,3.95167,3.8151685903294,4.35854388544087,0.0,0.0,0.0,0.0
1.1259,65.388947,31.454832,35.579201,64.843338,33.642212,34.354042,2.26724,2.18892337536748,1.71995339975154,0.01007653417925316,1.0,0.005364642716078543,0.005364642716078543
1.1260,65.388947,31.454832,35.579201,65.121017,29.257523,34.242176,0.696517,0.672457411937348,0.985380995354938,0.0,0.0,0.0,0.0
1.1261,46.882519,11.672404,-14.785732,47.157631,11.107472,-14.963532,0.340557,0.328793236686466,0.609037487779233,26.877096300714044,43.0,1.621166831446554e-05,0.0021253752929642575
1.1262,46.882519,11.672404,-14.785732,47.378597,12.399621,-14.607193,1.08359,1.04615985970363,0.822262228625847,29.855827304193674,45.0,0.0,0.0
1.1263,46.882519,11.672404,-14.785732,47.131527,11.726325,-14.493322,0.283798,0.273994846634031,0.327287486440435,18.295939307211896,36.0,3.304383032627325e-09,4.610691858835129e-07
1.1264,46.882519,11.672404,-14.785732,45.961178,11.871773,-16.077568,0.629515,0.60776984291229,1.20604369180737,17.6129582250968,42.0,0.0,0.0
1.1265,46.882519,11.672404,-14.785732,46.935104,12.451385,-15.022421,0.985552,0.951508358374135,0.606818942418866,24.06285487191784,38.0,0.0,0.0
1.1266,46.882519,11.672404,-14.785732,47.287796,9.882204,-13.807115,1.30031,1.25539376255892,1.51448967113111,10.786231219254844,36.0,0.0,0.0
1.1267,46.882519,11.672404,-14.785732,47.092339,11.208915,-14.671347,0.288958,0.278976606225824,0.426721670951213,18.761260990369163,34.0,6.998142610931319e-07,0.0006449995978409367
1.1268,46.882519,11.672404,-14.785732,46.001804,10.720681,-15.873279,1.44995,1.39986479072091,1.56791874677831,8.083743752408934,32.0,0.0,0.0
1.1269,46.882519,11.672404,-14.785732,46.485268,11.097709,-15.4621,1.00103,0.966451706234943,0.887838941259027,22.06751109445997,37.0,0.0,0.0
1.1270,46.882519,11.672404,-14.785732,46.578415,13.960801,-15.12886,1.59443,1.53935405929111,1.79086177109156,4.866375035537608,25.0,0.0,0.0
1.1271,46.882519,11.672404,-14.785732,47.000713,11.388927,-14.175341,0.330237,0.318829717502881,0.404655392591525,16.92056652623942,32.0,1.199166636736421e-07,0.00017327889260255436
1.1272,46.882519,11.672404,-14.785732,47.066189,12.389042,-14.764808,0.835913,0.80703829566943,0.63070039833063,21.2085386944435,34.0,0.0,0.0
1.1273,46.882519,11.672404,-14.785732,46.816658,11.88175,-15.121693,0.283798,0.273994846634031,0.233130922609375,10.188152490301778,28.0,6.324164640417445e-10,1.5051952994354352e-07
1.1274,46.882519,11.672404,-14.785732,47.981628,9.275043,-12.686072,1.56863,1.51444526133215,2.35018550579429,0.3531006384326011,3.0,0.0,0.0
1.1275,46.882519,11.672404,-14.785732,46.816658,13.150018,-15.409671,1.32095,1.27532080092609,1.11542624716054,16.79244549403323,32.0,4.3034557086955276e-05,0.003648835137626593
1.1276,46.882519,11.672404,-14.785732,47.313763,10.550118,-14.58247,0.995872,0.96147187755772,1.024619523763,17.92130100198528,31.0,0.0,0.0
1.1277,46.882519,11.672404,-14.785732,46.578415,11.222177,-14.176284,0.381837,0.368647313420808,0.530637758032725,16.5302446194828,28.0,1.3468706340934218e-06,0.00023964779856664722
1.1278,46.882519,11.672404,-14.785732,46.76387,12.415377,-15.366387,0.639835,0.617733362095876,0.596005142977833,14.638831972165171,27.0,0.0,0.0
1.1279,46.882519,11.672404,-14.785732,46.365108,10.319695,-15.343955,1.46543,1.41481006949629,1.47594575496372,7.006967439243526,27.0,0.0,0.0
1.1280,46.882519,11.672404,-14.785732,47.222782,11.053596,-14.47664,0.541796,0.523080895309099,0.592028247937074,14.759439837543987,25.0,0.0,0.0
1.1281,46.882519,11.672404,-14.785732,45.934059,12.039439,-16.193235,0.892673,0.86183765117915,1.2596307637233,8.039186863483692,26.0,0.0,0.0
1.1282,46.882519,11.672404,-14.785732,46.921967,13.35953,-14.957146,1.45511,1.4048465503127,1.33797606483202,10.90851511717595,26.0,6.586350048236043e-08,0.00027031789644172555
1.1283,46.882519,11.672404,-14.785732,47.248798,11.866299,-14.345171,0.443756,0.428427463065036,0.530320155502289,12.987469142376474,23.0,0.0,0.0
1.1284,46.882519,11.672404,-14.785732,46.76387,12.047139,-15.266007,0.185759,0.179342379847254,0.36737554033607,7.395944918111093,21.0,0.0,0.0
1.1285,46.882519,11.672404,-14.785732,47.157631,11.080889,-14.554321,0.562436,0.54300793367627,0.541508437587867,10.507331475353938,20.0,0.0,0.0
1.1286,46.882519,11.672404,-14.785732,47.17067,12.108297,-14.704404,0.624355,0.602788083320497,0.482197257391491,8.487503807486661,20.0,0.0,0.0
1.1287,46.882519,11.672404,-14.785732,47.013821,11.009042,-14.812324,0.567595,0.547988727810777,0.594644499012178,8.7852789731561,18.0,0.0,0.0
1.1288,46.882519,11.672404,-14.785732,47.131527,12.335246,-14.765049,0.794634,0.767185184392373,0.610813886267031,8.797161402988744,19.0,0.0,0.0
1.1289,46.974487,-5.338224,-24.143667,48.797333,-4.019587,-25.025913,1.95985,1.89215146046028,2.09743056824024,11.60414945087708,24.0,0.0010805582896122397,0.01261787500761645
1.1290,46.974487,-5.338224,-24.143667,48.133785,-7.201355,-25.257195,2.17973,2.1044362083369,1.97205968484871,10.76228093221074,20.0,0.02529477725917587,0.13846229510785218
1.1291,46.974487,-5.338224,-24.143667,49.044228,-2.03844,-25.081593,3.34608,3.23049731296626,3.41001429926437,4.292431718920148,12.0,0.0266182921853989,0.22623919765121062
1.1292,46.974487,-5.338224,-24.143667,50.132732,-5.439182,-23.602091,1.47228,1.42142345190012,3.14602643706531,6.186584401165251,14.0,0.04089307809282996,0.284756283068849
1.1293,46.974487,-5.338224,-24.143667,49.0811,-5.199367,-24.532782,0.917782,0.886079318154019,2.08974074194146,11.611264652646001,22.0,0.030108190835986176,0.22210472142949103
1.1294,46.974487,-5.338224,-24.143667,48.772537,-2.672256,-26.252129,2.81071,2.71362044617206,2.76293323129306,5.446330449085402,19.0,0.008235025342971915,0.1780513762941414
1.1295,46.974487,-5.338224,-24.143667,48.685612,-6.246889,-24.185173,1.08031,1.04299315980807,1.84544984348759,8.85432161437639,16.0,0.014298717399754565,0.0781523808830913
1.1296,46.974487,-5.338224,-24.143667,49.374592,-6.211933,-26.086388,2.31358,2.23366266596509,2.63817711417305,8.42665256992158,19.0,0.01885775282736472,0.2202280873293128
1.1297,46.974487,-5.338224,-24.143667,48.73531,-4.526822,-27.288454,2.11281,2.03982780680924,2.14217695626751,6.149495378549711,19.0,0.008465628427219792,0.06656233661699124
1.1298,46.974487,-5.338224,-24.143667,48.133785,-4.464638,-28.296122,2.12237,2.04905757845604,1.94875811351864,2.353009970306117,11.0,0.002072402856208542,0.020757664121020977
1.1299,46.974487,-5.338224,-24.143667,48.760132,-5.697698,-25.600773,1.28107,1.23681836439107,1.90049494425897,7.617925826469169,12.0,9.02830030669512e-05,0.012921766874445092
1.1300,46.974487,-5.338224,-24.143667,48.698044,-4.678724,-26.183531,1.33843,1.29219699427193,1.91268583183267,4.924338999646616,11.0,0.00018235575166715686,0.016685982055326273
1.1301,46.974487,-5.338224,-24.143667,49.423252,-6.380499,-24.647871,1.64436,1.5875593415427,2.58646672801835,7.1332751940956864,15.0,0.0029203422749684406,0.05175175897455122
1.1302,46.974487,-5.338224,-24.143667,50.08511,-5.116676,-23.47584,1.35755,1.31065653756555,3.11065299128791,4.400497984064071,10.0,0.12125859898011317,0.48227294747315264
1.1303,46.974487,-5.338224,-24.143667,47.981628,-6.69933,-23.871952,1.31931,1.27373745097831,1.48407683518554,3.0267741422302255,6.0,0.0,0.0
1.1304,46.974487,-5.338224,-24.143667,49.093384,-5.260174,-24.724117,0.8413,0.81223921406497,2.10770063923317,5.252898182755914,12.0,0.06665552104866425,0.2623465216626657
1.1305,46.974487,-5.338224,-24.143667,48.272621,-4.212461,-25.531704,1.20459,1.1629801912166,1.6044636995745,1.8107750189157572,5.0,0.00018981389514790629,0.0020363656313696606
1.1306,46.974487,-5.338224,-24.143667,48.809723,-5.845305,-23.965975,0.965583,0.932229141845354,1.85802803627099,2.794820000812556,6.0,0.08549812348612798,0.16202839870476501
1.1307,46.974487,-5.338224,-24.143667,48.871597,-5.8938,-24.960522,0.975143,0.941458913492164,1.96909291881226,2.2494958652930306,5.0,0.1155191710892311,0.16037908287976185
1.1308,46.974487,-5.338224,-24.143667,49.093384,-2.556716,-25.326153,3.09751,2.99051359557635,3.08258261370663,3.7426752341482574,7.0,0.010617356343033879,0.09310954607028253
1.1309,46.974487,-5.338224,-24.143667,50.08511,-4.324798,-22.836958,1.88337,1.8183132872858,3.28370784395415,1.9584126081623547,6.0,0.00772291755456286,0.03191452458902747
1.1310,46.974487,-5.338224,-24.143667,49.019623,-2.420908,-26.008892,3.24092,3.12896982485135,3.07874963823327,2.1137524321347287,5.0,0.007094884410771723,0.09102168319203169
1.1311,46.974487,-5.338224,-24.143667,49.447544,-6.69211,-27.026808,2.55258,2.46440695713534,2.9881132574997,1.5019538014690186,6.0,0.0,0.0
1.1312,46.974487,-5.338224,-24.143667,47.879787,-7.771471,-24.548243,2.3327,2.25212220925871,2.15359668765549,1.8782274227345912,4.0,0.0,0.0
1.1313,46.974487,-5.338224,-24.143667,48.045116,-7.795154,-24.376974,2.32314,2.2428924376119,2.23505204829801,1.143567855520786,4.0,0.0,0.0
1.1314,46.974487,-5.338224,-24.143667,49.130199,-2.920723,-24.231207,3.01147,2.90744565075506,2.96923527867304,1.6925851058045351,3.0,0.051812850117446116,0.14849084757969672
1.1315,46.974487,-5.338224,-24.143667,49.0811,-3.066265,-25.438837,2.78203,2.68593113123163,2.77561367178251,0.7440322156031769,2.0,0.028123649680631285,0.03353734482273746
1.1316,46.974487,-5.338224,-24.143667,49.689598,-6.203372,-24.980022,1.56788,1.51372116836822,2.81664153973454,0.9969925990764129,1.0,0.0,0.0
1.1317,46.974487,-5.338224,-24.143667,49.520355,-6.036674,-24.016258,1.52008,1.46757231013417,2.58561947830162,0.0,0.0,0.0,0.0
1.1318,71.825623,-18.089138,-0.94298,71.731087,-18.592171,-1.578217,0.427529,0.41276098769759,0.560303757608615,16.810101756632033,22.0,3.623184832753681e-05,0.009017625561412333
1.1319,71.825623,-18.089138,-0.94298,72.047661,-17.635418,-0.193706,0.745568,0.719814057235221,0.644624420847475,15.83742547347407,22.0,6.004352469749604e-08,3.7058652820360605e-05
1.1320,71.825623,-18.089138,-0.94298,72.221809,-19.109219,0.68534,1.73097,1.67117759701657,1.39217130110835,9.1714264655087,23.0,7.162592465958549e-07,0.0006762165662563841
1.1321,71.825623,-18.089138,-0.94298,71.906487,-16.351366,-2.213495,1.80918,1.7466860112945,1.54039597704631,3.89344259704899,16.0,0.0,0.0
1.1322,71.825623,-18.089138,-0.94298,71.940147,-19.51421,-1.306299,0.948905,0.916127245242268,0.923968243986414,13.125740463550654,22.0,3.0914109925218396e-08,4.68757316706414e-05
1.1323,71.825623,-18.089138,-0.94298,71.893028,-17.530643,-1.117773,0.469239,0.453030211064582,0.393338795961658,12.151065038545767,17.0,0.0,0.0
1.1324,71.825623,-18.089138,-0.94298,71.993935,-16.722622,-1.690373,1.38686,1.33895409059568,1.09107672152907,8.164693199782704,20.0,0.00027076037054051086,0.00571529647348978
1.1325,71.825623,-18.089138,-0.94298,71.138977,-19.391445,0.859558,1.73618,1.67620762947263,1.63899960453543,5.071171527980769,13.0,0.0,0.0
1.1326,71.825623,-18.089138,-0.94298,72.027527,-16.687149,-0.524897,0.990615,0.95639646860926,0.980330869070574,8.282655022408466,19.0,3.654679856431641e-08,9.154460859467902e-06
1.1327,71.825623,-18.089138,-0.94298,71.926689,-17.613472,-1.537853,0.943691,0.911093350957073,0.555578797735516,11.322649604331543,14.0,0.0,0.0
1.1328,71.825623,-18.089138,-0.94298,71.663437,-19.359089,0.406003,1.45985,1.4094228178447,1.28234237181248,6.628462945686626,16.0,1.814335006805505e-05,0.0025076558741598544
1.1329,71.825623,-18.089138,-0.94298,71.636345,-18.940004,-1.809015,0.907195,0.875858021875277,0.826818309111508,9.573303769694263,14.0,0.0,0.0
1.1330,71.825623,-18.089138,-0.94298,71.825623,-18.096888,-0.984842,0.203337,0.196313188007047,0.0311951985814338,5.6648282041416245,10.0,0.0,0.0
1.1331,71.825623,-18.089138,-0.94298,71.398582,-20.804569,-1.116537,1.73097,1.67117759701657,1.68856265796879,2.8115145132058426,8.0,0.0,0.0
1.1332,71.825623,-18.089138,-0.94298,71.764877,-17.671333,-1.366045,0.573514,0.55370326948206,0.425731608392383,7.870202828016735,10.0,0.0,0.0
1.1333,71.825623,-18.089138,-0.94298,71.893028,-17.469995,-0.782333,0.255474,0.246649234487144,0.419353179820253,6.720066575447182,9.0,2.6357747018355707e-06,0.0009688127654435162
1.1334,71.825623,-18.089138,-0.94298,71.676971,-18.260988,-1.595028,0.636079,0.614107104532547,0.502603746320747,6.491331041216263,8.0,0.0,0.0
1.1335,71.825623,-18.089138,-0.94298,70.843338,-19.24361,1.885674,2.14807,2.07386983068649,2.30407557446072,0.8835867907463769,3.0,0.0,0.0
1.1336,71.825623,-18.089138,-0.94298,71.656662,-19.318157,-1.6516,0.980188,0.946329645496155,0.919711126208285,5.348035925360634,9.0,5.230955091879238e-09,5.164181364585589e-06
1.1337,71.825623,-18.089138,-0.94298,71.91996,-17.603411,-0.8233,0.281543,0.271817740455835,0.332283437477092,3.6877750667429936,6.0,1.2731850722973903e-10,4.216745960825791e-06
1.1338,71.825623,-18.089138,-0.94298,71.622795,-20.832075,-0.994934,1.61627,1.56043964640056,1.67904184020245,1.5842159972683205,5.0,0.0,0.0
1.1339,71.825623,-18.089138,-0.94298,71.805382,-17.72995,-1.422109,0.604797,0.583905669735947,0.433440837281119,3.235309899171983,5.0,0.0,0.0
1.1340,71.825623,-18.089138,-0.94298,71.8526,-19.414932,-0.692602,0.834202,0.805386398254399,0.856419960874743,2.9796597666514204,5.0,1.98028947383983e-10,5.591801572603896e-06
1.1341,71.825623,-18.089138,-0.94298,71.412209,-19.717726,-2.099492,1.45985,1.4094228178447,1.32520290533186,1.382738598108558,4.0,0.0,0.0
1.1342,71.825623,-18.089138,-0.94298,72.034233,-16.919209,-1.154695,1.08446,1.04699980754178,0.806755611776127,1.3467561027030484,2.0,0.0,0.0
1.1343,71.825623,-18.089138,-0.94298,72.401939,-18.520184,1.481282,2.03858,1.96816191252653,1.84971016008278,0.0926868353869366,2.0,0.00011163081831062542,0.0002596049716474309
1.1344,71.825623,-18.089138,-0.94298,72.188377,-15.346027,-1.485301,1.73097,1.67117759701657,1.94147531912478,0.0008177637229637969,1.0,0.0,0.0
1.1345,71.825623,-18.089138,-0.94298,72.408592,-19.506802,-1.160124,0.943691,0.911093350957073,0.997223754456205,0.2335968209220831,1.0,0.0,0.0
1.1346,71.825623,-18.089138,-0.94298,71.832367,-17.775043,-1.198154,0.427529,0.41276098769759,0.283075736079323,0.0,0.0,0.0,0.0
1.1347,52.960438,-0.215942,0.16867,53.58926,-1.69242,1.100019,2.51111,2.4243694435168,2.32618428552277,5.207947162144295,26.0,1.236639577678797e-09,5.5335444468466816e-06
1.1348,52.960438,-0.215942,0.16867,52.531075,1.135774,0.042401,2.51111,2.4243694435168,2.0264014197007,7.819019529519225,47.0,0.001411769843160024,0.04835515851303919
1.1349,52.960438,-0.215942,0.16867,52.118702,0.745506,-3.347298,3.38519,3.26825634739165,3.63703624760353,1.7544681296792444,5.0,0.0,0.0
1.1350,52.960438,-0.215942,0.16867,52.308792,0.1965,-0.255643,0.977778,0.944002893438748,0.980304514551719,21.636383436341763,65.0,4.569342630379263e-09,1.325843598888734e-05
1.1351,52.960438,-0.215942,0.16867,52.497826,-0.437549,0.02195,0.325926,0.314667631146249,0.576689692543399,11.132490355890424,57.0,0.002274387348517841,0.04683249447491881
1.1352,52.960438,-0.215942,0.16867,52.241821,-1.112231,-1.044169,1.91852,1.85224911086167,1.87136830732781,9.268476474632964,60.0,0.00019521732786434564,0.012644286280927317
1.1353,52.960438,-0.215942,0.16867,52.861832,-0.630516,3.403501,3.17778,3.06801085186186,3.04149554101119,2.0606896116212168,6.0,0.0,0.0
1.1354,52.960438,-0.215942,0.16867,52.960438,2.151435,-1.579021,3.7037,3.57576414731063,3.72113995489737,0.9777891449322796,1.0,0.0,0.0
1.1355,52.960438,-0.215942,0.16867,53.276279,-1.970127,-0.912755,3.18519,3.07516489034542,2.66802809863955,3.080663686351872,10.0,3.021022747198142e-05,0.003297089258403376
1.1356,52.960438,-0.215942,0.16867,53.373714,-1.304437,-0.279672,1.7037,1.64484957684832,1.66284305147775,10.421946466444451,62.0,4.275981903559709e-07,0.0002682127122497238
1.1357,52.960438,-0.215942,0.16867,52.674797,1.47451,-0.956135,3.0963,2.98934539226122,2.68511661884008,2.642921476103815,9.0,2.792647311165891e-06,0.0009961905819906428
1.1358,52.960438,-0.215942,0.16867,53.557014,-0.199986,1.16055,1.06667,1.02982432243752,1.1251414572167,12.874672337465718,61.0,0.0,0.0
1.1359,52.960438,-0.215942,0.16867,51.678555,-0.521563,-2.255281,2.96296,2.8606113178485,2.67026449202604,1.2513343762079858,9.0,1.3548076640743703e-05,0.0016820548125030868
1.1360,52.960438,-0.215942,0.16867,52.375626,-0.520912,-0.40756,0.888889,0.858184360811836,0.922178262112907,17.347592759549173,59.0,0.0,0.0
1.1361,52.960438,-0.215942,0.16867,52.718895,-0.407324,0.636037,0.274074,0.264606739992443,0.584269575946883,7.883469746066149,54.0,0.005314456953881589,0.0660566517312571
1.1362,52.960438,-0.215942,0.16867,53.080578,1.462485,1.143956,2.88148,2.78194585824787,2.5907448600467,1.0932725699336627,9.0,9.495906326894127e-06,0.0007419609348006179
1.1363,52.960438,-0.215942,0.16867,53.406132,-2.41551,0.872765,3.28889,3.17528281082389,3.12059901126547,1.3415924981040435,3.0,0.0,0.0
1.1364,52.960438,-0.215942,0.16867,53.036942,-1.095443,0.529626,1.6963,1.63770519293761,1.308723125216,12.978935555758822,58.0,1.5474580238273443e-07,0.0003229087067886855
1.1365,52.960438,-0.215942,0.16867,52.773941,0.644513,0.035434,1.60741,1.55188569485341,1.29648741172479,12.683177329828856,57.0,8.92981712740224e-08,0.00011332322582649245
1.1366,52.960438,-0.215942,0.16867,52.718895,-2.403632,2.016102,3.4,3.28255476978592,3.42796842507831,0.004954168081042543,1.0,0.0,0.0
1.1367,52.960438,-0.215942,0.16867,52.542156,-0.29973,2.141883,2.04444,1.97381949221798,1.92327857570408,5.449568317545616,47.0,2.4261353839480544e-07,8.845207891785962e-05
1.1368,52.960438,-0.215942,0.16867,52.073818,1.686308,-2.588133,3.8963,3.76171122044615,3.79165722342004,0.0,0.0,0.0,0.0
1.1369,52.960438,-0.215942,0.16867,52.319939,0.384821,-2.268283,2.8,2.70328039864723,2.56042365249932,0.06673023935407324,5.0,0.000378741616028479,0.0015258971460183522
1.1370,52.960438,-0.215942,0.16867,52.817913,0.595608,1.064185,1.81481,1.75212153581035,1.48371041889495,10.602393332509106,55.0,1.5079115997562518e-05,0.0016716624773908634
1.1371,52.960438,-0.215942,0.16867,52.062588,-0.780343,-0.132801,1.25926,1.21576174100018,1.23995641036404,16.74744370022006,54.0,0.0,0.0
1.1372,52.960438,-0.215942,0.16867,53.470875,-0.023033,-0.984022,1.47407,1.42315162044069,1.26951675281812,5.03644565707487,53.0,0.0,0.0
1.1373,52.960438,-0.215942,0.16867,52.542156,-1.525351,1.895931,2.72593,2.63176897753016,2.46778467535296,0.21085048682527027,4.0,0.0002473132041198009,0.001481182052637628
1.1374,61.316254,0.500816,0.336991,61.385818,-0.211296,2.085141,2.07626,2.00454034303404,1.98378396668712,53.030269370388986,128.0,7.94053472849667e-06,0.0004206943057983729
1.1375,61.316254,0.500816,0.336991,61.324955,-0.026105,2.377341,2.03748,1.96709990951277,2.09873917507178,41.15748659023292,116.0,7.477057226825658e-10,2.410936521203192e-06
1.1376,61.316254,0.500816,0.336991,61.229115,0.506952,1.28481,1.14551,1.10594097480514,0.921994238052581,98.18626655363462,176.0,0.00020774288266855838,0.03107637141859408
1.1377,61.316254,0.500816,0.336991,61.12429,0.507838,2.114347,1.8217,1.75877353650559,1.70267383275322,65.421405811902,145.0,6.272683568532844e-05,0.012380393259078928
1.1378,61.316254,0.500816,0.336991,61.159264,0.971863,1.755302,1.77933,1.71786711133035,1.49925991708431,75.63863865907389,165.0,0.00012194833098214472,0.023657357336115497
1.1379,61.316254,0.500816,0.336991,61.351051,1.271677,1.449992,1.8217,1.75877353650559,1.49999313546416,77.15991399323775,164.0,0.00011512449291153504,0.01733094133282658
1.1380,61.316254,0.500816,0.336991,61.202938,1.2229,1.126646,1.75789,1.69716770713499,1.26109914983269,84.38780016816008,177.0,0.0005446404965521914,0.02957561175135563
1.1381,61.316254,0.500816,0.336991,61.12429,1.496262,1.11112,1.86341,1.79904275987259,1.5736123682623,71.02817186172224,149.0,4.9011060726308194e-05,0.00750652901613474
1.1382,61.316254,0.500816,0.336991,61.133038,1.558066,0.90555,1.77933,1.71786711133035,1.5754302761531,70.43705183607888,148.0,0.00015867685211028672,0.02652689356522453
1.1383,61.316254,0.500816,0.336991,61.403194,1.585109,0.534997,1.72176,1.66228573541959,1.53054745148644,74.16330959894118,157.0,0.0004489610720526593,0.06010700161592003
1.1384,61.316254,0.500816,0.336991,61.342354,2.210809,0.646026,2.49783,2.41154817076893,2.36369977061412,26.750453852597314,85.0,0.00015242243624728256,0.007786846193618099
1.1385,61.316254,0.500816,0.336991,61.437916,1.748428,0.211585,2.07626,2.00454034303404,1.74967606152704,63.05855353090758,136.0,3.8147720348828526e-05,0.002799945200753384
1.1386,61.316254,0.500816,0.336991,61.229115,1.357063,0.07284,1.64045,1.58378440355745,1.24148275495099,82.70715954767309,171.0,0.00041528843447982217,0.06680640618389043
1.1387,61.316254,0.500816,0.336991,61.071774,1.68807,-0.302554,2.07626,2.00454034303404,1.78481197926086,57.02098906345081,133.0,2.71212124124625e-05,0.001806919665944614
1.1388,61.316254,0.500816,0.336991,61.12429,1.47093,-0.570413,1.84263,1.77898055748548,1.62959931836962,64.54165022511135,141.0,8.706610991615812e-05,0.012251196882393066
1.1389,61.316254,0.500816,0.336991,61.281422,1.498244,-0.867983,2.05693,1.98587805371052,1.81419968890698,53.7729359708591,128.0,6.796376917136143e-06,0.0008083794236731456
1.1390,61.316254,0.500816,0.336991,61.515923,1.155699,-0.76349,1.99162,1.92282403841207,1.42274510564013,74.18579902208268,161.0,0.0008369197252850568,0.04861801426188217
1.1391,61.316254,0.500816,0.336991,61.246559,1.160342,-1.442734,2.01137,1.94189181979539,1.93918097514689,42.074347801757284,117.0,0.0,0.0
1.1392,61.316254,0.500816,0.336991,61.272709,0.829348,-0.950363,1.67774,1.61978630572372,1.33465200700105,74.70454665116044,165.0,0.0004887705405555644,0.06959947029713767
1.1393,61.316254,0.500816,0.336991,61.316254,0.657785,-1.694917,2.03748,1.96709990951277,1.96723573352519,38.629677645158,111.0,1.24969579449977e-07,4.864234188626598e-05
1.1394,61.316254,0.500816,0.336991,61.194206,0.547476,-0.971859,1.34424,1.29780630109913,1.28250266275383,76.15122919978248,166.0,0.001450159624633525,0.2706424853280453
1.1395,61.316254,0.500816,0.336991,61.403194,0.206245,-1.549228,1.89089,1.82557352607074,1.88546111076958,43.993722051218256,120.0,6.642937576980906e-05,0.005343606180059553
1.1396,61.316254,0.500816,0.336991,63.998638,0.519966,0.388502,1.64045,1.58378440355745,2.27582540874478,32.273223468804495,72.0,0.003369724254729684,0.1453608856354527
1.1397,61.316254,0.500816,0.336991,64.763649,0.456606,0.486569,2.17113,2.09613327568392,2.91364689701816,8.759192878656284,30.0,0.0,0.0
1.1398,61.316254,0.500816,0.336991,64.290253,0.565361,0.562838,2.22064,2.14393306587571,2.52883147342615,20.345558026553594,54.0,1.2585357881422325e-09,2.315327861336171e-05
1.1399,61.316254,0.500816,0.336991,63.900963,0.881475,0.478138,2.01137,1.94189181979539,2.26414638458708,30.26027280968717,71.0,0.0,0.0
1.1400,61.316254,0.500816,0.336991,63.019234,1.03901,0.222043,2.20215,2.12608176067179,1.6489122951536,60.07954214643555,127.0,0.0015388906149258759,0.042525752352014334
1.1401,61.316254,0.500816,0.336991,63.786701,1.099438,0.59516,1.99162,1.92282403841207,2.27670296229831,28.258844921164073,69.0,0.0,0.0
1.1402,61.316254,0.500816,0.336991,63.351151,1.514147,0.43042,2.58759,2.49820761669128,2.2442837601638,28.619320800579153,74.0,0.0016584468628688704,0.048631536848736494
1.1403,61.316254,0.500816,0.336991,63.010902,1.584933,0.612094,2.03748,1.96709990951277,2.11132824327192,33.967702179511576,86.0,7.810839612790543e-10,2.240965620576547e-06
1.1404,61.316254,0.500816,0.336991,62.117382,1.150388,0.686063,1.72176,1.66228573541959,1.19439328440111,81.50425317346267,163.0,0.0012951477533124295,0.04682431883226868
1.1405,61.316254,0.500816,0.336991,61.671474,1.627157,0.588297,2.09546,2.02307712291047,1.62001657003198,56.95866105105574,125.0,0.00033699281736977504,0.020085991846276553
1.1406,61.316254,0.500816,0.336991,61.237839,1.132998,0.562813,1.03705,1.00122747764897,0.923737115072207,87.71020618812464,156.0,0.0006872169954114816,0.08987268744678274
1.1407,61.316254,0.500816,0.336991,61.246559,1.448591,0.676258,1.55636,1.50259910044236,1.36845568693097,65.47765000464148,151.0,0.0009009103683981706,0.13481218089428185
1.1408,61.316254,0.500816,0.336991,60.966518,1.198919,0.585929,1.2294,1.18693318646318,1.05922249243257,77.19053233092104,160.0,0.0001652609758311392,0.08448245537290808
1.1409,61.316254,0.500816,0.336991,60.05101,1.42888,0.741699,1.67774,1.61978630572372,1.74743149056085,35.59623395355441,113.0,5.680963903776152e-05,0.01753219384615773
1.1410,61.316254,0.500816,0.336991,59.870667,1.414608,0.437045,1.75789,1.69716770713499,1.80415679839736,30.712045165083037,108.0,1.931801000441925e-05,0.006830843362418145
1.1411,61.316254,0.500816,0.336991,58.574184,1.398493,0.652862,2.20215,2.12608176067179,2.73954819113453,9.030618517200253,35.0,0.0,0.0
1.1412,61.316254,0.500816,0.336991,59.296902,0.966163,0.462086,1.64045,1.58378440355745,1.89274987960548,21.894887781145492,103.0,0.0021477008769390507,0.09558449826451099
1.1413,61.316254,0.500816,0.336991,58.046539,1.182882,0.464981,2.51482,2.42795129004501,3.04877456812333,5.794411944564671,18.0,0.0,0.0
1.1414,61.316254,0.500816,0.336991,57.837181,0.718357,0.516146,1.97175,1.90364040215453,3.09892687715575,4.618289918774562,11.0,0.0,0.0
1.1415,61.316254,0.500816,0.336991,58.583538,0.781252,0.248396,1.93161,1.86488694672535,2.44068554601601,7.950434865156677,50.0,3.0431741493288873e-06,0.0002127301015503563
1.1416,61.316254,0.500816,0.336991,57.016914,0.73156,0.231314,2.15239,2.07804060615868,3.84244917204097,1.2802114272265874,4.0,0.0,0.0
1.1417,61.316254,0.500816,0.336991,59.562099,0.4567,0.35468,1.52502,1.47234166912322,1.53489449957057,38.301806544177204,126.0,0.0031495730027656537,0.20783596862300394
1.1418,61.316254,0.500816,0.336991,57.124107,0.403779,0.222178,2.01137,1.94189181979539,3.73254869365627,0.6415776571214493,3.0,0.0,0.0
1.1419,61.316254,0.500816,0.336991,63.384186,0.691776,0.331423,1.69985,1.64113256630018,1.78262720473251,46.823717928995876,109.0,0.002762984707790527,0.12937321659971274
1.1420,61.316254,0.500816,0.336991,64.112297,0.484171,0.376044,1.89089,1.82557352607074,2.3701537350482,20.769919992071063,54.0,0.0001438468900726631,0.0054028965822252315
1.1421,61.316254,0.500816,0.336991,64.314461,0.45935,0.603762,1.99162,1.92282403841207,2.55199216473992,13.77497991465928,41.0,0.0,0.0
1.1422,61.316254,0.500816,0.336991,63.069199,0.162267,0.452274,1.75789,1.69716770713499,1.58159947737762,56.44132565445195,118.0,0.0013927735291475193,0.07861988924930172
1.1423,61.316254,0.500816,0.336991,63.565411,0.217747,0.863668,1.84263,1.77898055748548,2.02717999057014,33.2404488371164,85.0,0.000810112027566133,0.02703340729276669
1.1424,61.316254,0.500816,0.336991,63.532524,-0.170763,0.918495,1.8217,1.75877353650559,2.21046109026444,25.06948146245208,62.0,0.0010789885146468324,0.0317941782962381
1.1425,61.316254,0.500816,0.336991,62.499191,0.306014,0.539054,1.17392,1.13336961627856,1.07265182493513,83.14893244246883,153.0,0.0010401390863153369,0.2142782252852301
1.1426,61.316254,0.500816,0.336991,63.540749,-0.267612,1.116719,2.03748,1.96709990951277,2.33989668509036,19.391668830449838,55.0,0.0,0.0
1.1427,61.316254,0.500816,0.336991,62.676105,-0.125571,1.077713,1.64045,1.58378440355745,1.66017804359733,51.28596396132495,105.0,0.0035664059533168572,0.18851410704813112
1.1428,61.316254,0.500816,0.336991,61.972164,0.004307,0.847712,1.14551,1.10594097480514,1.05872214074346,84.95064566033811,152.0,0.0009305025767975512,0.17923156635876591
1.1429,61.316254,0.500816,0.336991,62.159988,-0.67117,1.293516,1.99162,1.92282403841207,2.09571349756744,28.773447387369565,70.0,0.0,0.0
1.1430,61.316254,0.500816,0.336991,61.541893,-0.503716,1.077227,2.01137,1.94189181979539,1.6694946209745,51.181055166606235,99.0,2.3805717830623928e-05,0.005849000057514931
1.1431,61.316254,0.500816,0.336991,61.185474,-0.335592,0.943573,1.69985,1.64113256630018,1.38530721288809,63.54510049073138,133.0,0.000614602401806675,0.06874452860121405
1.1432,61.316254,0.500816,0.336991,60.551476,-0.667394,1.077107,2.07626,2.00454034303404,1.9890569545523,28.35914404642336,75.0,1.975307602580307e-05,0.0005026454240595199
1.1433,61.316254,0.500816,0.336991,60.569229,0.068494,0.74324,1.27438,1.23035945515288,0.998546565810332,75.32382976811293,145.0,0.00010891502139104758,0.07224262452957599
1.1434,61.316254,0.500816,0.336991,59.816395,-0.090207,0.97558,1.75789,1.69716770713499,1.69871811023023,31.537834720960838,94.0,0.000885636154099098,0.04686864193035324
1.1435,61.316254,0.500816,0.336991,59.002087,-0.089244,0.965108,2.09546,2.02307712291047,2.29825586211546,8.522607824810349,47.0,3.5471978117087403e-06,0.00029686686224944867
1.1436,61.316254,0.500816,0.336991,58.955811,0.133519,0.714696,2.01137,1.94189181979539,2.17555942389796,8.048417898362215,60.0,0.0,0.0
1.1437,61.316254,0.500816,0.336991,58.27359,-0.17394,0.562631,2.09546,2.02307712291047,2.87459847943079,3.4094385228108712,20.0,0.0,0.0
1.1438,61.316254,0.500816,0.336991,58.648956,-0.011775,0.477719,2.07626,2.00454034303404,2.47083987175675,3.6677193097082696,38.0,9.863238990963315e-11,5.318821567790096e-07
1.1439,61.316254,0.500816,0.336991,59.186619,0.456052,0.390336,1.55636,1.50259910044236,1.8684682169114,13.647304923276515,81.0,0.005568512647906456,0.15316372092733938
1.1440,61.316254,0.500816,0.336991,58.065514,0.380088,0.323598,2.07626,2.00454034303404,2.87712140683387,1.352908122073253,18.0,0.0,0.0
1.1441,61.316254,0.500816,0.336991,57.779877,0.569369,0.137098,1.93161,1.86488694672535,3.13821560631952,0.04002379571494067,1.0,0.0,0.0
1.1442,44.801201,38.272358,23.265364,44.87149,39.711948,25.338432,1.241,1.19813249097186,0.997016427228134,59.854847455113614,244.0,3.349377791366016e-06,0.0011095807291411507
1.1443,44.801201,38.272358,23.265364,44.899559,41.479801,27.159821,1.86844,1.8038990100173,1.84259682646236,12.345331925351942,53.0,4.996325009664984e-11,6.3177757416622195e-06
1.1444,44.801201,38.272358,23.265364,44.829334,40.694798,26.154762,1.59683,1.54167115677566,1.38121663437922,27.881902331811432,134.0,7.691139406940684e-06,0.002296786471433018
1.1445,44.801201,38.272358,23.265364,44.885529,40.063187,24.996094,1.11241,1.07398433866399,0.868274853733369,58.793646345922056,234.0,1.419474552651289e-05,0.005459379148014672
1.1446,44.801201,38.272358,23.265364,44.927605,41.88332,26.849709,1.67256,1.61478523698622,1.74804764130831,11.289758420643738,52.0,0.0,0.0
1.1447,44.801201,38.272358,23.265364,44.913586,42.028477,26.274622,1.83677,1.77332297779403,1.57973483523956,13.573509498282771,56.0,4.960249413493353e-08,0.00015772942167531303
1.1448,44.801201,38.272358,23.265364,44.885529,40.848297,24.618021,1.14763,1.10798774424983,0.953733008582793,41.53825454979546,212.0,6.155644770117495e-05,0.010407332205683954
1.1449,44.801201,38.272358,23.265364,44.829334,42.897457,25.374044,2.33995,2.25912177457664,1.65638046066728,8.888514173910377,52.0,0.00683387672685407,0.07092271059082689
1.1450,44.801201,38.272358,23.265364,44.87149,40.606792,23.947336,1.38446,1.33663699311112,0.866821356042548,57.12851280752094,213.0,0.0002629028077323732,0.009521819102088002
1.1451,44.801201,38.272358,23.265364,44.730747,42.309013,24.073851,2.20169,2.12563765032058,1.52502449991793,15.76604453065564,101.0,0.006501948488063122,0.07503744495510983
1.1452,44.801201,38.272358,23.265364,44.716637,40.102772,23.429531,1.36126,1.31423838409376,0.75299755923343,81.0797792477952,220.0,0.0007599110138623828,0.018332386665489492
1.1453,44.801201,38.272358,23.265364,44.716637,41.650463,22.740026,1.77882,1.71737472811488,1.62687167503126,21.454704663065765,139.0,9.213066792551004e-06,0.0023283287841159494
1.1454,44.801201,38.272358,23.265364,44.773037,39.817226,22.966339,1.31404,1.26864949108515,0.779980321198224,94.74798707945803,225.0,0.00026758830634965704,0.011715904165063944
1.1455,44.801201,38.272358,23.265364,44.758949,39.573017,22.409124,1.25748,1.21404322703247,0.933857956503683,97.40327157922766,238.0,6.720491066725079e-06,0.0011608102745037476
1.1456,44.801201,38.272358,23.265364,44.730747,40.258553,21.585794,1.94303,1.87591246892269,1.60453844387164,40.02415466403313,163.0,0.0009682404382768693,0.04378850217627362
1.1457,44.801201,38.272358,23.265364,44.997604,39.507378,22.191137,1.25748,1.21404322703247,1.03616472941464,91.45965700086359,238.0,1.0829549753530242e-06,0.000420211203091973
1.1458,44.801201,38.272358,23.265364,44.899559,39.626335,20.866898,2.00376,1.93454468985478,1.78228224600234,32.09980690598617,153.0,0.0007512794932718845,0.017602549018165096
1.1459,44.801201,38.272358,23.265364,44.74485,38.556396,21.513632,1.14763,1.10798774424983,1.09878715294892,105.64179252172914,249.0,0.0,0.0
1.1460,44.801201,38.272358,23.265364,44.773037,38.029533,19.561604,2.72078,2.62679687251122,2.13445242652329,13.452957575345474,94.0,0.07240252033024829,0.37521176494856606
1.1461,44.801201,38.272358,23.265364,44.843391,37.431824,20.775724,1.25748,1.21404322703247,1.31160740556512,89.56009607772529,225.0,3.4845664922257366e-13,1.0903554869201574e-06
1.1462,44.801201,38.272358,23.265364,44.857445,36.748955,21.264143,0.903218,0.872018398251913,1.00229923265735,126.10606179280869,244.0,5.209157556802792e-11,1.893469950211685e-05
1.1463,44.801201,38.272358,23.265364,44.688396,34.854061,19.078014,1.97962,1.9112385509893,2.15494120359836,8.206542590523856,70.0,8.7169522936323e-09,2.830275079446669e-05
1.1464,44.801201,38.272358,23.265364,44.716637,36.187611,21.403639,0.933556,0.901308441371256,0.995018401527421,125.88877112671136,241.0,8.021533613826571e-13,1.9313730471406778e-06
1.1465,44.801201,38.272358,23.265364,44.815269,34.318062,19.688488,1.86844,1.8038990100173,1.93744236969019,11.509170757595175,98.0,8.653277429821646e-07,0.000161026584648497
1.1466,44.801201,38.272358,23.265364,47.222782,39.640423,23.880789,1.241,1.19813249097186,2.38256210370847,11.58785682959866,64.0,0.002293873581235792,0.03548693067525254
1.1467,44.801201,38.272358,23.265364,46.123379,38.978432,23.674717,0.882611,0.852123219975154,1.28951047453844,72.15540321683808,209.0,3.426837847135675e-06,0.004112846388201443
1.1468,44.801201,38.272358,23.265364,47.623756,40.049061,24.345411,1.70624,1.6473018383528,2.80611584335974,6.751959266876624,23.0,0.0,0.0
1.1469,44.801201,38.272358,23.265364,47.5723,40.522778,24.764917,2.09263,2.02034487879327,2.81367540504821,5.270814156362991,22.0,0.0,0.0
1.1470,44.801201,38.272358,23.265364,46.069405,39.717682,24.155165,0.892955,0.862109910133585,1.33091223445022,51.28667422154354,189.0,2.499442226848879e-06,0.002749404780006012
1.1471,44.801201,38.272358,23.265364,47.170673,41.600967,25.563288,2.02174,1.95190361184323,2.62709170630499,3.821592580053318,25.0,1.7279146771447434e-15,3.158105123995603e-10
1.1472,44.801201,38.272358,23.265364,45.866165,40.348148,24.721346,1.28192,1.23763900308352,1.31059111630649,35.42167062792122,184.0,2.404236679690414e-10,1.4932458000710367e-05
1.1473,44.801201,38.272358,23.265364,45.974724,42.25671,26.15855,1.93073,1.86403734431435,1.94384322465389,4.658472796992537,35.0,5.099412076074777e-07,4.320006047396795e-05
1.1474,44.801201,38.272358,23.265364,45.400471,40.498734,24.994703,1.20761,1.16589587221799,1.09211093566474,33.39281356097359,206.0,4.940022456426212e-10,2.2936475761923736e-06
1.1475,44.801201,38.272358,23.265364,44.94162,42.389549,26.577145,1.90597,1.84013262193202,1.73061695188829,4.186842878744607,34.0,1.254985192430331e-07,3.6239437837709603e-06
1.1476,44.801201,38.272358,23.265364,44.2616,40.570984,25.201435,1.10349,1.06537245967973,1.12725118052699,28.630179857432555,202.0,0.0,0.0
1.1477,44.801201,38.272358,23.265364,42.973438,40.311062,25.263008,1.84949,1.78560359446217,1.96973514394314,12.347455746990532,91.0,4.5005628520010735e-12,4.727066132475425e-07
1.1478,44.801201,38.272358,23.265364,43.330318,39.156811,24.35841,1.19068,1.14955068037903,1.47232855877821,52.60017462286908,173.0,5.28854300203118e-08,0.00047765522512834165
1.1479,44.801201,38.272358,23.265364,42.185009,38.56673,24.068939,2.13323,2.05954244457366,2.45591282705835,10.017888683477436,55.0,1.974055567731958e-05,0.0016135151286913888
1.1480,44.801201,38.272358,23.265364,43.507164,38.228367,23.643114,1.3299,1.28396164362891,1.23168549913385,93.47163934521019,226.0,5.409389160334908e-07,0.00016709511608399346
1.1481,44.801201,38.272358,23.265364,42.015461,37.237225,22.889879,1.63154,1.57518217914604,2.60426496004869,10.492074919368893,44.0,0.0,0.0
1.1482,44.801201,38.272358,23.265364,43.330318,37.64455,22.841187,1.0489,1.01266814647896,1.39650850956276,88.54234382813371,200.0,2.151897024639467e-06,0.0004791069038772973
1.1483,44.801201,38.272358,23.265364,41.813801,36.422642,22.189848,1.61772,1.56183955946414,2.85032443663536,6.914803666918813,22.0,0.0,0.0
1.1484,44.801201,38.272358,23.265364,46.096401,38.530846,23.947065,1.241,1.19813249097186,1.28290756644005,70.70837064766364,202.0,0.0,0.0
1.1485,44.801201,38.272358,23.265364,47.700783,40.00211,24.350201,1.83677,1.77332297779403,2.87702318050197,3.509318011071887,16.0,0.0,0.0
1.1486,44.801201,38.272358,23.265364,47.417435,40.011112,24.19216,1.46743,1.41674098406675,2.60157435399653,4.321906226125005,33.0,0.0,0.0
1.1487,44.801201,38.272358,23.265364,46.458607,39.681278,23.704124,1.48951,1.43805828092466,1.66892818317973,32.0702173428947,134.0,4.109951414868814e-08,8.567113154040953e-05
1.1488,44.801201,38.272358,23.265364,47.623756,41.088566,23.442972,2.27981,2.20105917344284,2.95982521147888,0.9686127476033017,15.0,0.0,0.0
1.1489,44.801201,38.272358,23.265364,46.15033,39.788517,23.014376,1.19068,1.14955068037903,1.48893173807032,41.96820886789289,154.0,2.4095012299662284e-05,0.009107028871974177
1.1490,44.801201,38.272358,23.265364,46.163795,40.41777,22.590284,1.72624,1.66661098405743,1.75777452347296,20.730793943344604,119.0,1.7173384840309956e-06,0.0007706053654415337
1.1491,44.801201,38.272358,23.265364,46.458607,41.343887,22.345318,2.43621,2.35205669285299,2.29399212312934,2.8195595477455546,51.0,0.0025951721385244803,0.024786298453826967
1.1492,44.801201,38.272358,23.265364,45.524429,39.906815,22.660521,1.31404,1.26864949108515,1.16870249225533,60.26416453479303,206.0,1.4758869531273925e-07,0.00023043751257676673
1.1493,44.801201,38.272358,23.265364,44.716637,40.241558,21.71384,1.79828,1.73616252688548,1.53359964315116,32.789600292338875,140.0,0.0005364266058710629,0.026170497894054325
1.1494,44.801201,38.272358,23.265364,44.390274,39.248653,22.117399,1.43763,1.38797035696686,1.04082526099156,87.53773819996982,224.0,0.00025993727233253127,0.014909147356949058
1.1495,44.801201,38.272358,23.265364,43.433605,39.319481,21.156086,2.1101,2.03721141756626,1.98781666588946,20.874091209751434,98.0,0.00124005243438165,0.021826335460990845
1.1496,44.801201,38.272358,23.265364,43.551208,38.391315,22.027452,1.69283,1.63435505615785,1.39099723183746,76.32711985673654,191.0,0.0005924556966140716,0.0467275950312973
1.1497,44.801201,38.272358,23.265364,41.969048,37.887436,21.214329,1.90597,1.84013262193202,2.84874093825247,5.271546590888082,21.0,0.0,0.0
1.1498,44.801201,38.272358,23.265364,43.077972,37.676849,22.305689,1.25748,1.21404322703247,1.67479553240149,53.916018493444206,148.0,0.0,0.0
1.1499,44.801201,38.272358,23.265364,41.673363,36.111137,22.008919,2.03366,1.96341186268319,3.00546643221302,4.137540157693045,15.0,0.0,0.0
1.1500,44.801201,38.272358,23.265364,43.167282,37.141159,22.786427,0.973011,0.939400558560051,1.58154131048347,66.43585598675584,157.0,0.0,0.0
1.1501,86.942886,-5.772712,47.495819,86.957611,-6.088197,52.70649,1.69703,1.63840997675583,1.60589854720116,12.033188239386554,50.0,0.016215058333074295,0.31123470830508904
1.1502,86.942886,-5.772712,47.495819,87.060585,-5.84185,50.910049,1.29673,1.25193742547779,1.0779790699554,24.3123322695328,102.0,0.005118797802643223,0.19141593964508147
1.1503,86.942886,-5.772712,47.495819,86.869186,-5.752945,52.251942,1.50579,1.45377592552822,1.49746021979105,13.630482826558449,51.0,0.019024828376116028,0.4316376481005791
1.1504,86.942886,-5.772712,47.495819,86.942886,-5.30717,51.441093,1.39169,1.34361724928335,1.33667087337365,19.077965664174563,59.0,0.008256485367683449,0.2710941486192866
1.1505,86.942886,-5.772712,47.495819,87.021385,-5.284764,50.634026,1.25534,1.21197714844208,1.10394095529842,23.05747170243741,114.0,0.005773892124674048,0.21797989821498567
1.1506,86.942886,-5.772712,47.495819,86.977242,-4.91089,50.231388,1.14205,1.10260049259824,1.12502864479034,23.929415136246085,137.0,0.007034767210718911,0.3052050674283084
1.1507,86.942886,-5.772712,47.495819,87.036087,-4.321931,49.968403,1.29673,1.25193742547779,1.35009300790503,21.85808346950967,97.0,0.0028175268411615552,0.1235889097277519
1.1508,86.942886,-5.772712,47.495819,87.109543,-4.731218,49.047199,1.09689,1.0590004415972,0.931450926823861,31.273464126664624,152.0,0.001253219889964811,0.13834489903034378
1.1509,86.942886,-5.772712,47.495819,86.903587,-3.660976,49.424835,1.2343,1.19166392716081,1.6340070085508,14.987363666161027,92.0,0.000917999922981215,0.06179329383375102
1.1510,86.942886,-5.772712,47.495819,87.089966,-3.823636,48.495327,1.28131,1.23705007413953,1.40397046174951,21.65131410391112,107.0,0.0003634037699428927,0.032641196409024506
1.1511,86.942886,-5.772712,47.495819,87.031181,-3.92422,47.83239,1.29673,1.25193742547779,1.2702767138146,26.589675656689916,128.0,0.00020066908338468604,0.039179601252969744
1.1512,86.942886,-5.772712,47.495819,86.854431,-4.278666,47.00975,1.29673,1.25193742547779,0.995433063381012,45.02103068291387,158.0,0.00014516864809674025,0.028458462684094042
1.1513,86.942886,-5.772712,47.495819,86.918327,-3.474162,46.5438,1.45897,1.4085732154337,1.54095234970491,19.97969083002874,99.0,0.0003205845744195885,0.043501585385767795
1.1514,86.942886,-5.772712,47.495819,86.972336,-3.405134,45.771137,1.64515,1.58832205279803,1.62039211003526,15.390044840048727,91.0,0.0003104002300619221,0.038773279004065485
1.1515,86.942886,-5.772712,47.495819,86.84951,-3.888271,45.409863,1.34227,1.29590435024722,1.34976341037709,26.49676044672948,113.0,0.0004164473949726576,0.036627982291733564
1.1516,86.942886,-5.772712,47.495819,86.996864,-4.986082,46.125114,1.14205,1.10260049259824,0.630449046197159,81.13880766948866,140.0,1.2986881841116296e-05,0.003747511790538879
1.1517,86.942886,-5.772712,47.495819,86.879021,-4.389856,44.888504,1.48719,1.43581842002292,1.15876911243142,35.91652074532205,148.0,0.00012283164363053505,0.018085111246560225
1.1518,86.942886,-5.772712,47.495819,86.78553,-4.652411,44.627392,1.3171,1.27160379037795,1.11002258608894,39.16371837126426,153.0,0.0003015731167378793,0.054595712859465594
1.1519,86.942886,-5.772712,47.495819,86.731331,-5.263799,43.406311,1.29673,1.25193742547779,1.35356810830347,26.13842329406793,100.0,0.0011199207509697319,0.06051831026977422
1.1520,86.942886,-5.772712,47.495819,86.972336,-5.456726,44.823627,1.14205,1.10260049259824,0.870343809575845,65.77559111752164,146.0,0.00017637169368088079,0.049081721683154216
1.1521,86.942886,-5.772712,47.495819,86.996864,-5.829517,44.7155,1.06219,1.02549907379968,0.931926444587337,61.772363647256554,148.0,0.000870476660711948,0.08931546387931955
1.1522,86.942886,-5.772712,47.495819,86.844597,-6.15077,42.81572,1.47312,1.42223443601972,1.65030152392117,16.198119439644387,75.0,0.0006931195572994324,0.06887604595414668
1.1523,86.942886,-5.772712,47.495819,91.157318,-7.911195,48.407284,1.51965,1.46715716350152,2.99891320571362,3.3218713752757845,12.0,0.0039745163584114646,0.07230384051183976
1.1524,86.942886,-5.772712,47.495819,90.234093,-7.152112,48.311054,1.35722,1.31033793666143,2.27394355025084,10.834059947660094,36.0,0.02300473141133405,0.3566930666021352
1.1525,86.942886,-5.772712,47.495819,90.852867,-7.076853,48.666359,1.35722,1.31033793666143,2.62276527551165,6.317100009514586,23.0,0.01589261631372658,0.2604404267149628
1.1526,86.942886,-5.772712,47.495819,90.016968,-6.537256,48.306755,1.37699,1.32942502719045,2.02255580163303,11.304240248982037,57.0,0.02189975335316228,0.3036257183369801
1.1527,86.942886,-5.772712,47.495819,90.802719,-6.232387,48.947273,1.59664,1.54148771989147,2.49569781169451,6.35534562496768,23.0,0.004348794114045714,0.08308490000627838
1.1528,86.942886,-5.772712,47.495819,89.92894,-6.048702,48.919006,1.37699,1.32942502719045,1.95339961568288,10.879930515853864,54.0,0.012032672815577888,0.2165369311710945
1.1529,86.942886,-5.772712,47.495819,89.952118,-5.269704,48.970028,1.70983,1.65076783000678,2.01406958887689,8.037218030924857,50.0,0.002531156121906256,0.06023355058374803
1.1530,86.942886,-5.772712,47.495819,89.495949,-5.256212,49.27224,1.34227,1.29590435024722,1.77814738245615,11.031292696071763,61.0,0.004433957879471151,0.14481038212223324
1.1531,86.942886,-5.772712,47.495819,89.89183,-4.38579,49.51339,1.47312,1.42223443601972,2.2358251290517,3.0902600077285234,28.0,0.0016138720248813898,0.04093869060853312
1.1532,86.942886,-5.772712,47.495819,88.695129,-4.68992,49.183746,0.971898,0.938326004601588,1.48710918987188,14.571878655513318,79.0,0.006893496778689829,0.19821077518511201
1.1533,86.942886,-5.772712,47.495819,88.304436,-3.915141,49.613735,1.47312,1.42223443601972,1.74463713787433,6.357928781404265,61.0,0.0010005487161529603,0.055000630543063436
1.1534,86.942886,-5.772712,47.495819,87.785362,-4.384179,48.987194,1.16969,1.12928573196203,1.24134765773103,17.671980082012865,113.0,0.0021385649800610635,0.1308421854785022
1.1535,86.942886,-5.772712,47.495819,87.143791,-4.211359,48.723194,1.09689,1.0590004415972,1.18793019333128,18.338681416545686,128.0,0.0019198016046670422,0.12926635487600394
1.1536,86.942886,-5.772712,47.495819,86.161224,-3.682297,48.808926,1.3171,1.27160379037795,1.61310458397056,8.221302342579136,75.0,0.0007697559468045354,0.03746234217632251
1.1537,86.942886,-5.772712,47.495819,86.22599,-4.318323,48.25116,1.09689,1.0590004415972,1.14544953310616,21.67767989281374,132.0,0.0012405714905774222,0.09405964614333741
1.1538,86.942886,-5.772712,47.495819,84.945381,-3.791821,47.958111,1.15869,1.11866570182449,1.88822319082626,7.1326727086049555,53.0,0.005838058125957767,0.14532229141112388
1.1539,86.942886,-5.772712,47.495819,84.63295,-4.435321,47.322914,1.02671,0.991244649319678,1.75197462986477,11.804874577820287,62.0,0.012388968837255678,0.15499423723279593
1.1540,86.942886,-5.772712,47.495819,83.620949,-4.067536,47.059071,1.25534,1.21197714844208,2.45708314780465,5.429908944028291,19.0,0.009864284202760967,0.19059033697053504
1.1541,86.942886,-5.772712,47.495819,82.217201,-3.9041,46.465809,1.43997,1.39022952701431,3.36320736569369,2.5217767501430615,6.0,1.0183798226464879e-07,0.0003733606932478175
1.1542,86.942886,-5.772712,47.495819,83.431854,-4.192916,46.389454,1.21836,1.17627453803423,2.54007403204786,4.649872828051192,17.0,0.01943531626919568,0.2638991571462791
1.1543,86.942886,-5.772712,47.495819,91.410461,-7.502476,51.113781,1.33224,1.28622081367635,3.1637776440797,0.8824489085997589,2.0,1.6678750897277843e-18,1.0294779435071198e-09
1.1544,86.942886,-5.772712,47.495819,89.896469,-6.907967,49.961231,1.12526,1.08639046477921,2.11385918012187,5.58608824732018,28.0,0.02498384181953217,0.21967322494577493
1.1545,86.942886,-5.772712,47.495819,90.670273,-7.540106,51.110573,1.29673,1.25193742547779,2.76982829578079,0.7835704855399028,9.0,0.00022024311327142887,0.010414702081628074
1.1546,86.942886,-5.772712,47.495819,89.794304,-7.220405,50.10902,1.00259,0.967957819599903,2.1365068150797,4.431559348573664,25.0,0.04202352426302748,0.2740376752407459
1.1547,86.942886,-5.772712,47.495819,89.435135,-7.567106,50.443893,1.12526,1.08639046477921,2.0792271183787,4.915501670651923,27.0,0.06224512634372758,0.43220002330492074
1.1548,86.942886,-5.772712,47.495819,87.930069,-6.99113,49.122559,1.20766,1.16594414508226,1.07243488306557,31.653213476091487,135.0,0.005723085829280339,0.27869464748555434
1.1549,86.942886,-5.772712,47.495819,87.881874,-7.838681,49.903168,1.35722,1.31033793666143,1.53133486895578,16.36299942791831,69.0,0.02965665917730177,0.5435988157608614
1.1550,86.942886,-5.772712,47.495819,87.143791,-7.264488,49.269188,1.20766,1.16594414508226,1.03686867969777,31.12726589853369,133.0,0.0055794832068612014,0.2738396622696121
1.1551,86.942886,-5.772712,47.495819,86.672134,-7.051656,48.489632,1.09689,1.0590004415972,0.859300992506185,54.67472397223881,128.0,0.0011010010651450587,0.16129464679728067
1.1552,86.942886,-5.772712,47.495819,85.760841,-7.10428,48.483116,1.47312,1.42223443601972,1.16207167561236,34.834783603031035,123.0,0.0017132703919248001,0.08996878010260322
1.1553,86.942886,-5.772712,47.495819,85.342087,-6.53405,47.917694,1.09689,1.0590004415972,1.1536183451836,36.23205164852281,125.0,0.004971552817851628,0.25556656691651697
1.1554,86.942886,-5.772712,47.495819,83.986595,-7.07474,47.7943,1.50579,1.45377592552822,2.11347106998291,5.676147447202408,38.0,0.029668439132060458,0.21825470939663302
1.1555,86.942886,-5.772712,47.495819,84.220238,-6.195213,47.177876,1.62763,1.57140724116078,1.80854157162065,11.254737202809405,57.0,0.004150560393376546,0.07706174547232165
1.1556,86.942886,-5.772712,47.495819,84.730469,-5.735581,46.802689,0.814336,0.786206623825997,1.45993737007331,22.546699572509,74.0,0.022234708503186536,0.3381572828464128
1.1557,86.942886,-5.772712,47.495819,84.02301,-5.473374,46.072578,1.26056,1.21701683547098,1.96832640882811,6.365773858908778,46.0,0.04816872639411568,0.45125968412156464
1.1558,86.942886,-5.772712,47.495819,82.838913,-4.949241,45.06913,1.4256,1.37635590582553,2.84389222839826,2.880124793463903,8.0,0.020483615049013703,0.18320854546406734
1.1559,86.942886,-5.772712,47.495819,83.730927,-4.788652,45.390114,1.14205,1.10260049259824,2.27792317402814,2.7692546112262977,23.0,0.12291227765903455,0.5158332456042717
1.1560,86.942886,-5.772712,47.495819,82.324951,-4.398858,44.314445,1.26056,1.21701683547098,3.30600150281327,1.4735411208743114,3.0,1.2779592043136412e-05,0.0039153304086524884
1.1561,86.942886,-5.772712,47.495819,83.247322,-4.40695,44.697357,1.0854,1.04790733738989,2.70392923945164,0.47140715366597813,9.0,0.20287902527310625,0.29901722048244495
1.1562,86.942886,-5.772712,47.495819,82.049713,-3.953941,43.879051,1.29673,1.25193742547779,3.59739298790312,0.0,0.0,0.0,0.0
1.1563,56.257603,-31.848982,0.211115,56.007607,-36.763359,-0.639196,1.98619,1.91758160535327,2.03980607942815,5.947006660377385,37.0,0.00020679882060263568,0.007881829559615078
1.1564,56.257603,-31.848982,0.211115,56.007607,-37.698021,-0.350327,2.16695,2.09209766423165,2.34104216384791,2.1425620542154595,17.0,1.0523751587169123e-05,0.0010035948640225569
1.1565,56.257603,-31.848982,0.211115,56.486076,-34.71632,-0.041465,1.16451,1.12428466322453,1.19332277320633,40.56545034307923,199.0,0.0,0.0
1.1566,56.257603,-31.848982,0.211115,56.107815,-35.585449,-0.13066,1.57389,1.51952356665246,1.52437524934727,19.88137347836574,102.0,2.2873791191137887e-05,0.0014764568526269433
1.1567,56.257603,-31.848982,0.211115,56.167801,-37.633949,0.316745,1.8998,1.83417575048215,2.27905640517888,1.9377645890399922,17.0,6.7782939157166225e-09,7.750168650376645e-06
1.1568,56.257603,-31.848982,0.211115,56.057743,-34.598171,0.686235,1.26062,1.2170747629081,1.16968990654695,45.06100198018896,210.0,7.702842059226152e-07,0.000415569616756516
1.1569,56.257603,-31.848982,0.211115,56.077782,-36.160137,1.741274,1.9162,1.85000924995994,1.97530058386205,8.991598055461132,51.0,0.00039315840482379537,0.008922392871326788
1.1570,56.257603,-31.848982,0.211115,56.367054,-34.645134,1.645388,1.61088,1.55523583163316,1.46114024450506,33.056725327888564,129.0,0.00014473159430910805,0.007807666776883317
1.1571,56.257603,-31.848982,0.211115,56.077782,-34.961159,2.687,2.07529,2.00360384946736,2.02156345978357,10.297591144336575,58.0,0.0024376019255975758,0.03328709697257105
1.1572,56.257603,-31.848982,0.211115,56.267567,-33.092522,1.670678,1.26062,1.2170747629081,1.08504493699924,83.5531859165556,224.0,9.982052656040461e-06,0.0018117968289597685
1.1573,56.257603,-31.848982,0.211115,56.15781,-32.906555,2.580271,1.7186,1.65923489039826,1.61674329196626,37.990372324475416,123.0,0.0004934656708062404,0.015617741470218388
1.1574,56.257603,-31.848982,0.211115,56.137821,-32.057533,1.806051,1.32438,1.27863231941444,1.07210833935136,97.4015041449948,235.0,9.328864220179694e-05,0.011123661884739419
1.1575,56.257603,-31.848982,0.211115,56.277527,-31.002388,2.84508,1.83885,1.77533112894731,1.81267338965102,29.2529697147337,118.0,0.00016173889916584118,0.017744501984439196
1.1576,56.257603,-31.848982,0.211115,56.267567,-30.777716,1.76151,1.32438,1.27863231941444,1.14850368558551,91.80317898373406,225.0,3.291093019198799e-05,0.007277492831931366
1.1577,56.257603,-31.848982,0.211115,56.167801,-28.78451,2.401314,2.07529,2.00360384946736,2.02896126399399,21.50825157163611,78.0,0.001985061698782214,0.041175518607409985
1.1578,56.257603,-31.848982,0.211115,56.287483,-29.437893,1.449778,1.34518,1.29871383094724,1.34885320173181,66.3321346849841,180.0,6.203490991315033e-07,0.0010933437607173098
1.1579,56.257603,-31.848982,0.211115,56.247635,-27.658998,1.497164,1.82201,1.75907282826402,2.05678618945843,17.16274917130676,66.0,1.5237949236405168e-06,0.0013487537398822554
1.1580,56.257603,-31.848982,0.211115,56.097805,-28.506248,0.925252,1.39291,1.34479510717133,1.54517408516831,42.90615571988526,135.0,0.0,0.0
1.1581,56.257603,-31.848982,0.211115,56.277527,-26.402369,1.004551,1.8556,1.79150253847493,2.49587038383087,5.487127163146613,22.0,0.0,0.0
1.1582,56.257603,-31.848982,0.211115,56.167801,-28.614189,0.573773,1.34518,1.29871383094724,1.42878373857765,49.36156719843567,160.0,1.8632732307548185e-09,5.546616746406546e-05
1.1583,56.257603,-31.848982,0.211115,60.194672,-34.123264,0.007136,2.43235,2.348330027732,3.67365687672125,3.291373687111945,7.0,3.838596901625589e-14,5.041025300420309e-08
1.1584,56.257603,-31.848982,0.211115,58.424191,-32.970333,0.139654,1.36577,1.31859259645015,2.03432353130447,18.437414663768955,69.0,2.803335204946443e-12,4.390844249052671e-07
1.1585,56.257603,-31.848982,0.211115,60.212593,-33.146515,0.381463,2.22664,2.1497258095871,3.60914787116616,2.6811892455247595,6.0,0.0,0.0
1.1586,56.257603,-31.848982,0.211115,58.555466,-32.233517,0.428454,1.28922,1.24468684126571,2.10931688347567,15.768958735800723,63.0,0.0,0.0
1.1587,56.257603,-31.848982,0.211115,59.69854,-31.059526,0.9199,2.19196,2.11624375093528,3.17038665797758,1.583107707581484,7.0,0.0,0.0
1.1588,56.257603,-31.848982,0.211115,58.207512,-31.107077,0.769964,1.28922,1.24468684126571,1.8519319486769,27.02459147636772,98.0,5.174508780084485e-12,1.9581969901449888e-06
1.1589,56.257603,-31.848982,0.211115,59.039062,-29.533144,1.065454,2.2414,2.16397595911711,2.78364415169275,1.8478431514297105,17.0,5.664792669292513e-06,0.0001886131590747555
1.1590,56.257603,-31.848982,0.211115,57.588215,-30.456388,0.817284,1.09475,1.05693436300681,1.42199693515964,55.49304098953606,160.0,7.501794386041765e-06,0.003770061729838192
1.1591,56.257603,-31.848982,0.211115,57.856262,-28.571987,1.441358,2.26586,2.18759104431386,2.22095375558261,7.979401538986094,48.0,0.006772082612419456,0.08992882150337136
1.1592,56.257603,-31.848982,0.211115,56.880032,-29.34704,1.049308,1.26062,1.2170747629081,1.35421485114425,58.79945507916044,167.0,6.765649949394528e-08,0.00014263193908413627
1.1593,56.257603,-31.848982,0.211115,56.525665,-26.972269,1.833192,2.19196,2.11624375093528,2.46849157242136,4.048347999916743,24.0,0.00017686898034013215,0.004121762360856906
1.1594,56.257603,-31.848982,0.211115,56.167801,-29.397125,0.820818,1.01359,0.978577849737446,1.1404098768959,85.98726436741246,213.0,0.0,0.0
1.1595,56.257603,-31.848982,0.211115,55.54303,-27.158062,1.492611,2.05976,1.98861029782772,2.36474140653313,5.468072371797519,30.0,0.0001048840136787384,0.005540351088739136
1.1596,56.257603,-31.848982,0.211115,55.664806,-29.462776,0.794798,1.32438,1.27863231941444,1.23442007464688,74.41433746700282,200.0,8.729187095255137e-06,0.003657318704545074
1.1597,56.257603,-31.848982,0.211115,54.490772,-28.099005,1.099506,1.8998,1.83417575048215,2.41855650642844,6.941473960151532,32.0,1.6606988642479604e-07,1.5890018463468617e-05
1.1598,56.257603,-31.848982,0.211115,54.793133,-29.13352,0.893109,1.26062,1.2170747629081,1.86924800020505,28.926461373331676,83.0,3.1131706297000847e-07,0.0006141082127034577
1.1599,56.257603,-31.848982,0.211115,52.916645,-27.732435,0.855503,2.46476,2.37962049834634,3.68909771682584,1.0882558200200978,5.0,0.0,0.0
1.1600,56.257603,-31.848982,0.211115,54.4174,-30.098858,0.648465,1.11833,1.07969984579256,1.91186854379154,28.12428279227072,79.0,4.513425164588119e-05,0.014212798770615766
1.1601,56.257603,-31.848982,0.211115,51.825905,-29.23259,0.471586,2.46476,2.37962049834634,4.40885244303038,2.711829708206282,3.0,0.0,0.0
1.1602,56.257603,-31.848982,0.211115,54.301788,-31.013969,0.312227,1.1569,1.11693753328392,1.87899093647592,28.19432022696042,85.0,6.778761914880607e-05,0.015137553972485188
1.1603,56.257603,-31.848982,0.211115,51.53056,-30.014101,0.291228,2.65785,2.56604064555162,4.61952793122642,1.2595289977574684,2.0,0.0,0.0
1.1604,56.257603,-31.848982,0.211115,58.442974,-32.636562,-0.066317,1.18715,1.14614261616216,2.03230581877004,15.37899745737882,57.0,0.0,0.0
1.1605,56.257603,-31.848982,0.211115,60.22155,-33.835266,0.247534,2.19196,2.11624375093528,3.66668129102329,1.0269889635003813,3.0,0.0,0.0
1.1606,56.257603,-31.848982,0.211115,58.414795,-33.142605,0.513028,1.42634,1.3770703442166,2.05196126416142,14.077846122651804,53.0,0.0,0.0
1.1607,56.257603,-31.848982,0.211115,59.78923,-34.581932,1.328877,2.01793,1.9482252195865,3.45707660589235,0.3943443593805759,2.0,0.0,0.0
1.1608,56.257603,-31.848982,0.211115,58.093956,-33.573685,1.007244,1.03838,1.00251153583833,1.89685823661916,18.418820434802207,66.0,1.6304006037695833e-06,0.002784266314187129
1.1609,56.257603,-31.848982,0.211115,58.714256,-35.151787,1.876305,1.75352,1.69294865879853,2.81238796729501,0.653279215151791,9.0,0.0,0.0
1.1610,56.257603,-31.848982,0.211115,57.463097,-33.787872,1.388921,1.23888,1.19608572152717,1.56282018415947,31.292060593896398,98.0,0.0,0.0
1.1611,56.257603,-31.848982,0.211115,57.68417,-34.580704,2.259705,1.51093,1.45873837597431,2.15974781053855,5.792213179475528,34.0,0.0,0.0
1.1612,56.257603,-31.848982,0.211115,56.781944,-33.363216,1.496262,1.32438,1.27863231941444,1.15123330821237,65.20449248228647,188.0,2.7216265908450673e-05,0.005552837434533077
1.1613,56.257603,-31.848982,0.211115,56.486076,-34.850014,2.561,2.05976,1.98861029782772,1.93870005229613,7.4499230569072346,49.0,0.006765804411872557,0.05234033380444086
1.1614,56.257603,-31.848982,0.211115,56.077782,-33.351295,1.537231,1.41303,1.36422010775018,1.07599681746985,73.42058227923319,198.0,0.0004426904147010601,0.02700783463162205
1.1615,56.257603,-31.848982,0.211115,55.461613,-34.027458,2.27816,1.87226,1.80758705684688,1.76686174136544,15.708669873700876,67.0,0.002317071759206425,0.03640210460054325
1.1616,56.257603,-31.848982,0.211115,55.451427,-32.753304,1.468899,1.18715,1.14614261616216,1.18111777382841,68.18788528097924,188.0,8.775594367599456e-11,2.149017794828013e-06
1.1617,56.257603,-31.848982,0.211115,53.867489,-33.064632,2.090752,2.44628,2.36177884771527,2.62322640410008,2.466915289194683,15.0,0.002624131599650752,0.017270448730881918
1.1618,56.257603,-31.848982,0.211115,54.605766,-32.289581,1.217018,1.34518,1.29871383094724,1.70168920895662,31.756031019470868,90.0,0.0,0.0
1.1619,56.257603,-31.848982,0.211115,52.938549,-31.491577,1.198516,2.39499,2.31226054355576,3.23550111599541,0.3341001484181718,3.0,1.7439126035373352e-08,6.931780654347299e-06
1.1620,56.257603,-31.848982,0.211115,54.111782,-31.506578,0.517001,1.42634,1.3770703442166,2.04211541916358,16.72380108468951,50.0,0.0,0.0
1.1621,56.257603,-31.848982,0.211115,52.241817,-30.37277,0.615013,2.48771,2.40177774304239,3.90771064979641,0.5246861590624929,1.0,0.0,0.0
1.1622,56.257603,-31.848982,0.211115,51.678555,-29.725574,0.227795,2.54226,2.45444343795175,4.49771119992423,0.0,0.0,0.0,0.0
1.1623,56.257603,-31.848982,0.211115,54.217468,-30.920561,0.013155,1.18715,1.14614261616216,1.96901148462619,20.146932784307854,61.0,0.0,0.0
1.1624,35.868515,5.524495,-31.11552,36.137867,3.570956,-27.27051,1.16308,1.12290405930665,1.21338899676033,21.530910445958458,127.0,0.0,0.0
1.1625,35.868515,5.524495,-31.11552,35.945759,3.792452,-26.620092,1.30435,1.25929420999126,1.52187661839042,8.640400165191595,71.0,0.0,0.0
1.1626,35.868515,5.524495,-31.11552,35.926468,4.454432,-27.248835,1.23507,1.19240732927044,1.47399552320873,15.739538669461801,87.0,0.0,0.0
1.1627,35.868515,5.524495,-31.11552,36.022774,5.076796,-28.342535,1.23507,1.19240732927044,1.22822416297006,43.5535333670197,138.0,0.0,0.0
1.1628,35.868515,5.524495,-31.11552,35.945759,5.79262,-28.982227,1.19342,1.15219603334056,1.3440538381425,46.56437779500245,121.0,0.0,0.0
1.1629,35.868515,5.524495,-31.11552,35.907166,6.386807,-29.646185,1.37126,1.32389295694607,1.42036558521824,46.09610275421744,115.0,0.0,0.0
1.1630,35.868515,5.524495,-31.11552,35.713337,6.346124,-30.061243,1.07514,1.03800174564342,1.17584946187031,64.38837067107517,171.0,0.0,0.0
1.1631,35.868515,5.524495,-31.11552,36.09956,6.805772,-31.128956,1.26423,1.22056006370778,1.01440536655667,82.1202646799066,189.0,7.987035327906209e-06,0.0011375122891812888
1.1632,35.868515,5.524495,-31.11552,35.615875,6.883776,-30.910015,1.29297,1.24830730608533,1.17808182465416,65.42596458460955,168.0,1.8054185215649508e-07,0.00016540781021814866
1.1633,35.868515,5.524495,-31.11552,35.771637,7.376073,-31.439459,1.27578,1.2317110953522,1.30025116010908,56.27224076412331,133.0,1.185175796856595e-13,8.746820411381167e-08
1.1634,35.868515,5.524495,-31.11552,35.791042,7.76216,-32.112885,1.20542,1.16378152076334,1.31137141701613,51.54144330251237,125.0,0.0,0.0
1.1635,35.868515,5.524495,-31.11552,35.945759,7.16238,-31.695053,1.22325,1.18099562415901,1.0272620161149,75.16678767248321,186.0,7.250810815405832e-07,0.00035699558947638104
1.1636,35.868515,5.524495,-31.11552,35.713337,7.426101,-31.895163,1.20542,1.16378152076334,1.1513577666325,61.719547849534614,177.0,4.6452956517626105e-10,2.809070153825883e-06
1.1637,35.868515,5.524495,-31.11552,35.849167,7.895335,-32.496845,1.14462,1.10508171782128,1.26483869211882,48.090090098404595,130.0,0.0,0.0
1.1638,35.868515,5.524495,-31.11552,35.965034,7.977792,-33.103657,1.45197,1.40181501443708,1.13661434959628,46.34087472322853,171.0,1.495378625755913e-05,0.0029438882523363146
1.1639,35.868515,5.524495,-31.11552,35.55722,8.210104,-33.640648,1.22325,1.18099562415901,1.18424424164007,34.26413885929289,150.0,3.515181000537127e-12,3.6355055257920154e-07
1.1640,35.868515,5.524495,-31.11552,35.771637,8.645488,-34.430386,1.36026,1.31327292680853,1.27403912897065,20.384411746563774,100.0,7.768399259213631e-11,2.2142387988785576e-06
1.1641,35.868515,5.524495,-31.11552,35.654903,8.891829,-35.070747,1.19342,1.15219603334056,1.34495780697631,12.428059902949883,67.0,0.0,0.0
1.1642,35.868515,5.524495,-31.11552,35.926468,8.760614,-35.893555,1.22325,1.18099562415901,1.33460474149817,7.833466484818039,37.0,0.0,0.0
1.1643,35.868515,5.524495,-31.11552,35.713337,7.846552,-35.211411,1.02268,0.987353856460197,1.12550302521648,17.203930509329364,128.0,0.0,0.0
1.1644,35.868515,5.524495,-31.11552,35.771637,6.910248,-34.632568,1.12595,1.08705663030602,1.08427873298138,30.301355741080513,166.0,0.0,0.0
1.1645,35.868515,5.524495,-31.11552,38.163567,5.51306,-32.475559,1.49897,1.44719150684294,2.06683875801702,13.558702396286757,42.0,0.0,0.0
1.1646,35.868515,5.524495,-31.11552,33.135551,5.375396,-29.886528,1.19342,1.15219603334056,2.30385713672516,5.8356864160185955,22.0,0.0,0.0
1.1647,35.868515,5.524495,-31.11552,38.163567,5.796346,-32.073647,1.39851,1.35020166796862,1.96863752697414,15.393746425481329,52.0,0.0,0.0
1.1648,35.868515,5.524495,-31.11552,38.199013,6.392351,-32.490402,1.40931,1.36062860664912,2.00731164849886,12.565529046205894,43.0,0.0,0.0
1.1649,35.868515,5.524495,-31.11552,37.914124,6.537703,-32.248383,1.34365,1.29723668130084,1.77649282096628,20.045552846916852,68.0,0.0,0.0
1.1650,35.868515,5.524495,-31.11552,37.806511,6.632274,-32.161835,1.4254,1.37616281436849,1.70513403844653,22.42650106351444,75.0,0.0,0.0
1.1651,35.868515,5.524495,-31.11552,37.444653,6.993342,-32.238842,1.40931,1.36062860664912,1.5026709000278,31.96374023817545,85.0,0.0,0.0
1.1652,35.868515,5.524495,-31.11552,36.630836,7.084934,-31.402933,1.38221,1.33446471421935,1.26226032727282,48.503443393425734,120.0,5.3911841297198866e-08,0.00017136901262244304
1.1653,35.868515,5.524495,-31.11552,36.118721,6.938762,-30.913197,1.34365,1.29723668130084,1.21853082282731,51.661406037764166,132.0,2.4357977419035593e-07,0.0003701363007708261
1.1654,35.868515,5.524495,-31.11552,35.459164,6.643839,-30.499256,1.18134,1.14053330933497,1.22173822272084,50.51439658687312,128.0,0.0,0.0
1.1655,35.868515,5.524495,-31.11552,35.003223,6.657537,-30.344349,1.25262,1.20935110462625,1.45136924779977,32.38006091887334,92.0,0.0,0.0
1.1656,35.868515,5.524495,-31.11552,34.600018,6.538946,-30.150497,1.52468,1.47201341364624,1.64605483241777,19.33069974249464,74.0,1.017824959746192e-05,0.0009321136587640721
1.1657,35.868515,5.524495,-31.11552,34.0037,5.924304,-29.746603,1.22325,1.18099562415901,1.84060575372467,11.574701516567778,54.0,0.0,0.0
1.1658,35.868515,5.524495,-31.11552,33.477974,6.171166,-29.749645,1.22325,1.18099562415901,2.29743179492228,3.6920933883546927,19.0,0.0,0.0
1.1659,35.868515,5.524495,-31.11552,33.092415,5.455307,-29.247524,1.37126,1.32389295694607,2.46434037549508,1.6862095703738755,12.0,0.0,0.0
1.1660,35.868515,5.524495,-31.11552,33.157093,5.502381,-29.559862,1.47821,1.42714861360154,2.36437713019751,1.192537065675379,14.0,0.0,0.0
1.1661,35.868515,5.524495,-31.11552,37.860371,5.95906,-32.505554,1.27578,1.2317110953522,1.74607787386738,16.536329561684777,63.0,0.0,0.0
1.1662,35.868515,5.524495,-31.11552,37.280209,5.781283,-31.906693,1.04256,1.00654714729059,1.21576401783279,48.97388027810484,127.0,0.0,0.0
1.1663,35.868515,5.524495,-31.11552,36.892502,6.410605,-31.536617,0.890143,0.859395044247515,1.00139530928713,66.06784576593705,163.0,0.0,0.0
1.1664,35.868515,5.524495,-31.11552,35.926468,6.436257,-31.063925,0.751075,0.725130830504989,0.739334556815735,106.35244033343919,158.0,0.0,0.0
1.1665,35.868515,5.524495,-31.11552,34.313908,5.863198,-30.047523,0.726221,0.701135355137854,1.51612441497148,23.35598507388581,76.0,0.0,0.0
1.1666,35.868515,5.524495,-31.11552,34.169621,5.444482,-30.075739,0.911914,0.880414014804283,1.4861091214318,24.62467921518902,77.0,0.0,0.0
1.1667,35.868515,5.524495,-31.11552,34.066051,5.060163,-29.898836,0.96142,0.928209943166936,1.53442231543998,21.08335829759482,68.0,0.0,0.0
1.1668,35.868515,5.524495,-31.11552,35.907166,7.967031,-33.03289,1.22325,1.18099562415901,1.14613479825762,33.948382736248234,146.0,1.0871738217825057e-09,5.3577637412791595e-06
1.1669,35.868515,5.524495,-31.11552,36.290543,8.098811,-33.29665,1.4254,1.37616281436849,1.21516709051029,26.036976460516122,113.0,7.319081893074245e-07,0.00046359955589545643
1.1670,35.868515,5.524495,-31.11552,36.612049,8.168813,-33.219658,1.44138,1.39159082178648,1.37663578407491,19.25285387968195,74.0,2.2284075919675014e-10,8.203950519960304e-07
1.1671,35.868515,5.524495,-31.11552,36.948235,7.932313,-33.455662,1.39851,1.35020166796862,1.36887572461818,18.294958191413528,74.0,0.0,0.0
1.1672,35.868515,5.524495,-31.11552,37.608093,6.967942,-33.004108,1.30435,1.25929420999126,1.57968259105701,15.535771866688755,60.0,0.0,0.0
1.1673,35.868515,5.524495,-31.11552,37.98563,6.791194,-33.073132,1.36026,1.31327292680853,1.87091688770851,6.4536792783281,34.0,0.0,0.0
1.1674,35.868515,5.524495,-31.11552,37.860371,5.514007,-32.047844,1.23507,1.19240732927044,1.75048578546924,11.878999218852258,51.0,0.0,0.0
1.1675,35.868515,5.524495,-31.11552,37.462864,4.641659,-31.172781,1.22325,1.18099562415901,1.5213627602385,24.5481790090996,65.0,0.0,0.0
1.1676,35.868515,5.524495,-31.11552,37.408195,3.923681,-30.886854,1.31565,1.27020387731437,1.74250089960921,12.94587245843734,50.0,0.0,0.0
1.1677,35.868515,5.524495,-31.11552,37.114738,3.620071,-30.510952,1.47821,1.42714861360154,1.63772365217378,16.64193293113698,54.0,1.1075536903707992e-07,5.011006089725639e-06
1.1678,35.868515,5.524495,-31.11552,36.836647,3.46247,-30.118,1.12595,1.08705663030602,1.48510784259016,23.433922069360985,65.0,0.0,0.0
1.1679,35.868515,5.524495,-31.11552,36.404465,3.020519,-29.60146,1.27578,1.2317110953522,1.49302278468661,20.01998113929193,61.0,0.0,0.0
1.1680,35.868515,5.524495,-31.11552,36.137867,3.007915,-29.258213,1.19342,1.15219603334056,1.35761117096088,25.538287150626083,71.0,0.0,0.0
1.1681,35.868515,5.524495,-31.11552,35.829807,7.075019,-32.41333,0.860548,0.830822335891099,0.718736822377289,92.41195872227395,144.0,0.0,0.0
1.1682,35.868515,5.524495,-31.11552,36.137867,7.073176,-32.411011,0.940416,0.907931478347941,0.751676278858017,86.26913899102938,143.0,0.0,0.0
1.1683,35.868515,5.524495,-31.11552,37.133175,7.100461,-33.051605,1.08158,1.04421929056031,1.24146035638343,26.284896367132443,93.0,0.0,0.0
1.1684,35.868515,5.524495,-31.11552,36.929672,6.619192,-32.331776,0.911914,0.880414014804283,1.00087237667683,53.33503605426643,142.0,0.0,0.0
1.1685,35.868515,5.524495,-31.11552,37.608093,5.195405,-31.584677,1.3325,1.28647183257051,1.54148122321191,15.91376607287681,53.0,0.0,0.0
1.1686,35.868515,5.524495,-31.11552,36.855278,5.2695,-31.478754,0.479126,0.462575687243662,0.907289321341506,73.55775399919733,139.0,0.0,0.0
1.1687,35.868515,5.524495,-31.11552,36.743298,4.650525,-30.870932,0.982122,0.948196839885792,0.93770915227895,70.51582992363136,138.0,0.0,0.0
1.1688,35.868515,5.524495,-31.11552,36.366547,3.917173,-30.172318,1.3325,1.28647183257051,0.999615170098096,59.98202856460729,138.0,0.00010645652520410129,0.004867994511785315
1.1689,35.868515,5.524495,-31.11552,36.022774,3.374845,-29.628986,1.34365,1.29723668130084,1.1680272753881,38.06518925009667,123.0,1.5527872446058622e-06,0.000685546836996069
1.1690,35.868515,5.524495,-31.11552,35.693874,4.004496,-29.981928,1.12595,1.08705663030602,0.801058004841936,89.46700188271448,135.0,0.0,0.0
1.1691,44.720165,37.766644,23.12565,43.730396,35.689289,21.568848,1.35877,1.31183439545354,1.28922916156338,89.6927092743783,204.0,1.1273985297102082e-06,0.0006769673766933059
1.1692,44.720165,37.766644,23.12565,48.579742,36.674446,22.534721,1.82541,1.7623553830338,3.770297917356,0.23485803011311346,1.0,0.0,0.0
1.1693,44.720165,37.766644,23.12565,45.151043,35.480148,23.348991,1.0134,0.978394412853252,1.19385939335222,95.67731520730483,220.0,0.0,0.0
1.1694,44.720165,37.766644,23.12565,45.593079,37.65839,23.452785,0.560127,0.540778692804671,0.857764117348434,123.86515178367802,214.0,0.00011353055303122684,0.03140800834977596
1.1695,44.720165,37.766644,23.12565,46.401871,37.355133,23.587177,0.983115,0.949155538970026,1.65587995724515,41.91483014939638,143.0,0.0,0.0
1.1696,44.720165,37.766644,23.12565,43.810497,37.791012,22.511328,0.560127,0.540778692804671,0.927289859709836,125.02752142883361,219.0,0.0002399179810090596,0.04409863000021366
1.1697,44.720165,37.766644,23.12565,43.624477,37.621201,22.009541,1.45565,1.40536789724673,1.19965295589464,98.30040000828866,217.0,5.7720158416049135e-05,0.011215306091042826
1.1698,44.720165,37.766644,23.12565,44.529053,38.798275,23.058462,0.479293,0.462736918610296,0.510456134812006,112.92773963230854,189.0,2.56845264129662e-10,6.64391217142744e-05
1.1699,44.720165,37.766644,23.12565,45.043018000000004,39.622589,22.522366,1.17392,1.13336961627856,1.08585340272686,73.30968290871141,204.0,0.0,0.0
1.1700,44.720165,37.766644,23.12565,43.367249,38.831387,21.785275,1.35877,1.31183439545354,1.67902841734789,37.80789781411452,139.0,0.0,0.0
1.1701,44.720165,37.766644,23.12565,44.62122,36.728287,19.940037,1.39874,1.35042372314422,1.69930536667417,31.540654449754726,134.0,0.0,0.0
1.1702,44.720165,37.766644,23.12565,45.137123,38.363461,22.080996,0.719572,0.694716029648352,0.878910890697577,113.92798440860399,212.0,5.888928237643939e-06,0.001508296225898357
1.1703,44.720165,37.766644,23.12565,43.092876,38.027527,22.565903,1.00598,0.971230719796837,1.5681054444156,52.837421097372804,151.0,0.0,0.0
1.1704,44.720165,37.766644,23.12565,43.315536,39.345013,24.183273,1.35877,1.31183439545354,1.45309294742713,40.70942665970694,154.0,8.419566404540062e-10,1.2863247861275885e-05
1.1705,44.720165,37.766644,23.12565,41.036758,36.816265,22.133057,1.68676,1.6284947304365,3.41544089851318,1.5118381731579276,6.0,0.0,0.0
1.1706,44.720165,37.766644,23.12565,45.265617,38.938438,23.197872,0.764178,0.737781217313373,0.71564173967275,110.3621428807331,189.0,2.1468013066510635e-10,1.7487282357996883e-07
1.1707,44.720165,37.766644,23.12565,44.839878,36.476879,22.747952,0.272104,0.262704789140538,0.510094105822963,129.41248269610753,188.0,7.078175929586251e-05,0.014065365321868797
1.1708,44.720165,37.766644,23.12565,45.314095,36.766254,24.487175,1.05255,1.01619206557005,1.24651039557043,77.23667669764049,196.0,0.0,0.0
1.1709,44.720165,37.766644,23.12565,46.36845,38.327873,22.667063,1.1276,1.08864963482665,1.63802743731882,37.47123429331364,131.0,0.0,0.0
1.1710,44.720165,37.766644,23.12565,45.314095,38.045937,23.354559,0.534734,0.516262835960796,0.576038402439861,120.08731730304012,184.0,2.727591165519584e-07,0.001799448679034192
1.1711,44.720165,37.766644,23.12565,43.959206,34.881966,22.462944,1.45007,1.39998064559514,1.35756516042183,72.34770280775935,173.0,3.412768291007235e-07,0.00040979222978218695
1.1712,44.720165,37.766644,23.12565,44.702518,36.736202,21.466169,0.619494,0.598094995456989,0.831722870843936,125.2077489397737,204.0,3.724351876602739e-05,0.012866983328602035
1.1713,44.720165,37.766644,23.12565,47.835133,38.069309,22.399614,1.68676,1.6284947304365,3.05054135781852,0.8738593576477233,9.0,0.0,0.0
1.1714,44.720165,37.766644,23.12565,46.207523,33.580544,20.557871,1.51391,1.4616154386843,2.2192766593761,4.232252644295462,41.0,0.0,0.0
1.1715,44.720165,37.766644,23.12565,45.063957,37.626308,23.587803,0.272104,0.262704789140538,0.448484341025231,113.3172293088625,176.0,4.024721371388798e-05,0.009533970879898549
1.1716,44.720165,37.766644,23.12565,43.897636,39.065884,25.772057,1.47957,1.42846163550946,1.50903135916196,25.56253855482882,128.0,8.255942164455914e-08,8.868925771827018e-05
1.1717,44.720165,37.766644,23.12565,45.296791,37.795795,22.248983,0.399078,0.385292762475479,0.755316045594551,122.88465945486263,196.0,8.59267847012911e-05,0.05006451874101865
1.1718,44.720165,37.766644,23.12565,46.41523,38.82346,21.206083,1.68676,1.6284947304365,2.1574729351249,9.791778713309599,56.0,0.0,0.0
1.1719,44.720165,37.766644,23.12565,41.696815,38.757702,22.729319,1.82541,1.7623553830338,2.84900831347832,2.8585039150730998,14.0,0.0,0.0
1.1720,44.720165,37.766644,23.12565,43.00708,36.30534,23.155594,1.55978,1.50590096435785,1.72999649127773,40.10844777370136,125.0,0.0,0.0
1.1721,44.720165,37.766644,23.12565,43.56221,38.508675,22.942991,0.849053,0.819724404397367,1.15259997225044,80.7440185451014,199.0,0.0,0.0
1.1722,44.720165,37.766644,23.12565,45.431507,39.545952,24.802692,0.866273,0.836349578849048,1.08366777119223,45.389447105994655,184.0,0.0,0.0
1.1723,44.720165,37.766644,23.12565,45.534737,36.902538,22.784449,0.580972,0.560903649915314,0.838996125439982,121.23589104665851,195.0,7.506400284480429e-05,0.02286790800246053
1.1724,44.720165,37.766644,23.12565,45.248283,39.168568,24.355015,0.874304,0.844103166306739,0.81134984148713,79.06798223506196,179.0,0.0,0.0
1.1725,44.720165,37.766644,23.12565,42.823452,40.376244,23.223099,1.68676,1.6284947304365,2.08103884669268,7.450972829704536,60.0,0.0,0.0
1.1726,44.720165,37.766644,23.12565,41.614643,38.204678,23.429976,1.68676,1.6284947304365,2.86581021342006,1.8386384185146283,10.0,0.0,0.0
1.1727,44.720165,37.766644,23.12565,45.32793,37.76984,25.223213,1.17392,1.13336961627856,1.34655882795068,47.94142666134866,145.0,0.0,0.0
1.1728,44.720165,37.766644,23.12565,42.755711,37.479897,22.81263,1.47957,1.42846163550946,1.83169844018474,28.000103672087445,107.0,0.0,0.0
1.1729,44.720165,37.766644,23.12565,43.56221,37.306271,23.892,0.874304,0.844103166306739,1.23155840110445,77.86054922656251,186.0,0.0,0.0
1.1730,44.720165,37.766644,23.12565,43.055603,38.136776,23.582598,1.03659,1.00078336729776,1.56604958375303,41.61678416296813,130.0,0.0,0.0
1.1731,44.720165,37.766644,23.12565,44.945122,38.720181,20.759838,1.51391,1.4616154386843,1.66175862702989,26.72539515610044,122.0,0.0,0.0
1.1732,44.720165,37.766644,23.12565,44.720165,37.533592,19.276834,1.47957,1.42846163550946,2.23166992904526,4.575628893248698,41.0,0.0,0.0
1.1733,44.720165,37.766644,23.12565,43.525524,36.431755,23.569441,1.00598,0.971230719796837,1.36094568419417,69.09465647349438,157.0,0.0,0.0
1.1734,44.720165,37.766644,23.12565,42.057941,36.92165,25.099762,1.68676,1.6284947304365,2.83060569225389,1.629128583635603,11.0,0.0,0.0
1.1735,44.720165,37.766644,23.12565,44.997604,38.227608,24.272371,0.444958,0.429587942721884,0.636880506413165,105.42465654776402,170.0,4.828412162012786e-06,0.00985848901322368
1.1736,44.720165,37.766644,23.12565,44.107182,36.209934,25.132729,1.42413,1.37493668361624,1.77182485915439,24.846306731865493,101.0,0.0,0.0
1.1737,44.720165,37.766644,23.12565,46.421906,38.469749,25.540062,1.39874,1.35042372314422,2.05058606675771,10.222452708191867,54.0,0.0,0.0
1.1738,62.634056,0.170875,0.072071,62.296021,-0.114694,0.009315,0.487271,0.47043933683187,0.518738446648906,84.70280675776927,127.0,0.005187718172849722,0.24137545403541202
1.1739,62.634056,0.170875,0.072071,62.776844,0.203575,0.006585,0.133815,0.129192666623207,0.145782516979811,59.698717316985224,99.0,0.0033503415627451696,0.161898199515255
1.1740,62.634056,0.170875,0.072071,62.448498,-0.001586,0.164428,0.322563,0.311420798296017,0.315961924494107,71.17296525542513,112.0,0.004704507009484076,0.24063305675388147
1.1741,62.634056,0.170875,0.072071,62.726505,0.667746,0.094038,0.80097,0.773302321751598,0.729306391071286,86.67866054481513,133.0,0.0025562036985440333,0.3065915529308544
1.1742,62.634056,0.170875,0.072071,62.634056,0.172663,0.111184,0.123801,0.119524577368902,0.0389991032842643,48.22967455979133,85.0,0.0011621676293259852,0.09383736451341745
1.1743,62.634056,0.170875,0.072071,62.625641,-0.134033,0.348298,0.474447,0.458058312606065,0.532364913058244,80.43483456394462,122.0,0.006401404133012969,0.26324921621163977
1.1744,62.634056,0.170875,0.072071,62.507633,0.002112,0.242606,0.29373,0.283583768390947,0.32283750873359,67.76776909959067,108.0,0.006207784723598808,0.2712989521705777
1.1745,62.634056,0.170875,0.072071,62.860596,0.531629,0.200109,0.752373,0.726383994061219,0.575713550654034,79.74993369003705,121.0,0.0012455758526822324,0.16755507668581168
1.1746,62.634056,0.170875,0.072071,62.969208,0.177059,0.190218,0.45069,0.435121943880829,0.307190832655326,64.59582485122436,104.0,0.001916351308469368,0.13770951853422914
1.1747,62.634056,0.170875,0.072071,62.566681,0.687385,-0.245693,0.752373,0.726383994061219,0.816527837176154,81.70336488098992,130.0,0.00539606046191716,0.45536697513932617
1.1748,62.634056,0.170875,0.072071,62.734901,0.167429,-0.006163,0.133815,0.129192666623207,0.115750683948508,49.88976113368069,87.0,0.0028154123087217446,0.13957440196548795
1.1749,62.634056,0.170875,0.072071,62.431583,0.175831,0.188924,0.288793,0.278817305773761,0.20768373845179,55.59275550287323,95.0,0.0027584303007145436,0.1311330392230557
1.1750,62.634056,0.170875,0.072071,62.617222,0.215775,0.280331,0.217594,0.210077712522588,0.217084241124056,55.13556176271437,96.0,0.004724554776481939,0.16490393687722463
1.1751,62.634056,0.170875,0.072071,62.852226,0.225421,0.477254,0.500903,0.483600450544141,0.447873469580547,67.97634407660368,108.0,0.0041825141747465515,0.19298564687045952
1.1752,62.634056,0.170875,0.072071,62.935822,0.344833,-0.020841,0.558226,0.538943358505446,0.37369293591316,62.79348806152706,102.0,0.001798182473942312,0.10853265721727932
1.1753,62.634056,0.170875,0.072071,62.54982,-0.262958,-0.119506,0.883185,0.852677392456877,0.680424869367345,76.63201504003727,121.0,0.0012253829186919857,0.17777151032849112
1.1754,62.634056,0.170875,0.072071,62.952515,0.442805,-0.218326,0.883185,0.852677392456877,0.560632048027587,70.27740471523273,111.0,0.0003376358621683251,0.08941376375390223
1.1755,62.634056,0.170875,0.072071,62.902405,0.353535,0.175499,0.474447,0.458058312606065,0.366509464366745,59.45161027504154,99.0,0.0031140352071502213,0.1667454417151862
1.1756,62.634056,0.170875,0.072071,62.575108,0.584603,-0.166429,0.548794,0.529837165391146,0.650960508109265,72.23413742012872,114.0,0.00814618540948333,0.39060027534912967
1.1757,62.634056,0.170875,0.072071,62.4823,0.132802,0.020196,0.241351,0.233014081247824,0.149870551795123,44.26407920483051,81.0,0.002473769069937597,0.08865337686095764
1.1758,62.634056,0.170875,0.072071,62.885685,-0.020382,-0.22689,0.568241,0.548612413217036,0.464602823976667,61.94804283354811,101.0,0.003341931397033802,0.13640792516855701
1.1759,62.634056,0.170875,0.072071,63.060875,-0.355578,0.194846,0.883185,0.852677392456877,0.872709037531595,72.9362444240421,123.0,0.0036627094098072013,0.296272968242171
1.1760,62.634056,0.170875,0.072071,63.102474,-0.035897,0.192314,0.500903,0.483600450544141,0.516791055271957,62.72366457347444,103.0,0.006584481086796093,0.224214493955992
1.1761,62.634056,0.170875,0.072071,63.102474,0.292882,0.386431,0.690222,0.666379858326818,0.534012770409543,62.41230756063118,102.0,0.0020736750462414474,0.1478470120873247
1.1762,62.634056,0.170875,0.072071,62.642467,0.233815,-0.098083,0.176516,0.170418658159862,0.193133649012546,42.84662335225716,81.0,0.006049412578570661,0.15540365213344845
1.1763,62.634056,0.170875,0.072071,62.79361,0.07135,-0.54122,0.690222,0.666379858326818,0.639563789955594,65.23431524698722,107.0,0.0038580143542409685,0.2892091715595727
1.1764,62.634056,0.170875,0.072071,62.541386,-0.079079,0.022045,0.428807,0.413994842108116,0.385293667185523,52.06728467587633,92.0,0.005634663011863346,0.22302855333582258
1.1765,62.634056,0.170875,0.072071,62.583534,0.028763,0.060222,0.217594,0.210077712522588,0.216396147230557,41.430972509093536,81.0,0.006245036755312319,0.16405375984852677
1.1766,62.634056,0.170875,0.072071,62.583534,0.134799,0.059312,0.143248,0.138299825194792,0.0697460431111993,31.586540984665174,65.0,0.0023244338343077616,0.10312673550428654
1.1767,62.634056,0.170875,0.072071,62.134426,0.053322,-0.160622,0.80097,0.773302321751598,0.515047067945033,56.58454197874743,97.0,0.0005712399355341906,0.09061712596754147
1.1768,62.634056,0.170875,0.072071,62.583534,0.353876,0.2139,0.41328,0.399004186840331,0.306343791819198,43.58510521692723,84.0,0.0037486582293151075,0.16187910117500612
1.1769,62.634056,0.170875,0.072071,62.969208,0.442896,-0.218374,0.590426,0.57003108308989,0.567664940816983,56.20458749199174,96.0,0.005618017344163437,0.2259042623889184
1.1770,62.634056,0.170875,0.072071,62.650879,-0.041304,0.073914,0.331976,0.320508647721898,0.317502984080795,42.255024742844604,82.0,0.007613709734969405,0.23555645056512664
1.1771,62.634056,0.170875,0.072071,62.801987,0.445454,-0.139447,0.568241,0.548612413217036,0.476148500330775,49.670645979910184,87.0,0.00445923411771093,0.1401111249785649
1.1772,62.634056,0.170875,0.072071,62.960861,-0.060565,0.41464,0.45069,0.435121943880829,0.558841136408278,53.293451685097935,96.0,0.012407824977539833,0.3065993888867018
1.1773,62.634056,0.170875,0.072071,62.952515,-0.033943,0.23119,0.383753,0.370497129579311,0.437984019075583,45.836353525362036,86.0,0.01208576511816925,0.3211935891826159
1.1774,62.634056,0.170875,0.072071,62.524513,0.132874,0.020214,0.152176,0.146919427837336,0.120359438360294,27.34054605597036,61.0,0.004841860237300759,0.13022290616127347
1.1775,62.634056,0.170875,0.072071,62.499191,0.170563,0.071956,0.160663,0.155113263817093,0.114527366109119,26.0426909994299,60.0,0.004481271291690989,0.12083135383847594
1.1776,62.634056,0.170875,0.072071,62.74329,0.651192,-0.298205,0.752373,0.726383994061219,0.794321693166755,59.06274969419905,100.0,0.006892710671875021,0.4359605772052828
1.1777,62.634056,0.170875,0.072071,62.55825,0.398345,0.422039,0.631528,0.60971330842746,0.483061182188019,44.608861385407586,82.0,0.0033446578573556175,0.1085669881862246
1.1778,62.634056,0.170875,0.072071,63.002567,-0.032089,0.270603,0.445069,0.429695108480545,0.478238767723259,43.199681013182186,80.0,0.010952501369579216,0.2731130546070229
1.1779,62.634056,0.170875,0.072071,62.54982,0.123786,-0.175155,0.346021,0.334068495292969,0.265481889974178,30.672109287169445,70.0,0.005996983570759799,0.1655062606666802
1.1780,62.634056,0.170875,0.072071,62.751682,0.424804,0.200709,0.45069,0.435121943880829,0.406188304117284,37.20378441550459,78.0,0.007988896041558311,0.2180438329314013
1.1781,62.634056,0.170875,0.072071,62.617222,0.109172,-0.488207,0.717532,0.692746496786481,0.562673618553781,44.8850345474523,85.0,0.002736238496335017,0.16967136029458973
1.1782,44.730747,37.294174,23.309671,44.376003,37.268784,22.72851,0.61297,0.591796352128141,0.472998084050771,116.0374296959781,167.0,0.0,0.0
1.1783,44.730747,37.294174,23.309671,44.603519,37.491535,22.87644,0.450867,0.435292829820315,0.333623050542238,101.62420572939055,160.0,0.0,0.0
1.1784,44.730747,37.294174,23.309671,45.011585,36.774563,22.939335,0.427907,0.413125930551408,0.342573225872204,103.22540929259361,159.0,0.0,0.0
1.1785,44.730747,37.294174,23.309671,44.899563,37.223007,23.516575,0.21977,0.212178547575251,0.213085833805176,86.51052355390478,148.0,1.4232150565902938e-05,0.003616920399171014
1.1786,44.730747,37.294174,23.309671,44.857445,37.271179,23.60289,0.182067,0.175777911550181,0.214084270079351,85.33727191576713,148.0,3.782277067047862e-05,0.007581243775016758
1.1787,44.730747,37.294174,23.309671,44.489975,36.890717,23.295794,0.486312,0.469513463295333,0.288467514487488,93.80216638691091,151.0,0.0,0.0
1.1788,44.730747,37.294174,23.309671,44.815273,37.019783,23.185396,0.182067,0.175777911550181,0.131106692782487,76.4576617941858,139.0,1.1397564546909778e-05,0.0039467672351968545
1.1789,44.730747,37.294174,23.309671,44.94162,37.722893,23.342882,0.352883,0.340693463184225,0.270334870358845,87.27910651039787,144.0,2.2913278145738902e-07,0.00023982836982757024
1.1790,44.730747,37.294174,23.309671,44.773037,36.589027,23.044935,0.260301,0.251309496802955,0.271688563069873,90.22203524287592,146.0,9.424680505018971e-06,0.002964927303620131
1.1791,44.730747,37.294174,23.309671,44.546799,36.978462,23.403906,0.32077,0.309689733383597,0.249309631330254,85.39045250015056,144.0,5.205047045149283e-07,0.0006498466997250438
1.1792,44.730747,37.294174,23.309671,45.151043,37.712601,23.178165,0.61297,0.591796352128141,0.463842846469114,101.2307496001309,155.0,0.0,0.0
1.1793,44.730747,37.294174,23.309671,44.730747,37.152466,23.52223,0.187658,0.181175783231908,0.16839829471075,74.46753490647568,136.0,1.9090321506446464e-05,0.0049412085296574836
1.1794,44.730747,37.294174,23.309671,44.787125,37.338734,23.064131,0.224939,0.217168996282611,0.164670824887586,73.62504520801274,135.0,6.623043396989381e-06,0.0022484031709008017
1.1795,44.730747,37.294174,23.309671,45.081394,37.36092,23.239214,0.394149,0.380534023516574,0.337533464344028,88.70239186874927,147.0,0.0,0.0
1.1796,44.730747,37.294174,23.309671,44.674267,37.300571,23.319376,0.146392,0.141335222899559,0.0534598553345994,60.02521701864327,122.0,6.115782634808922e-06,0.002654928233994238
1.1797,44.730747,37.294174,23.309671,44.603519,37.597664,23.048445,0.347371,0.335371862628031,0.281276520035603,81.8682085320257,140.0,4.534212167466829e-07,0.00037259885649607044
1.1798,44.730747,37.294174,23.309671,45.067444,37.233379,23.787325,0.358474,0.346091334865953,0.43434691754552,91.56856927708559,149.0,2.6753926849134996e-06,0.0007199170741700264
1.1799,44.730747,37.294174,23.309671,44.575172,37.466965,23.226105,0.187658,0.181175783231908,0.184620834739089,70.24485734942748,132.0,2.6822439808021235e-05,0.00565252007437279
1.1800,44.730747,37.294174,23.309671,44.773037,37.928432,22.963015,0.592439,0.57197454860506,0.431282795267478,91.50907659600283,149.0,0.0,0.0
1.1801,44.730747,37.294174,23.309671,45.025562,37.69384,23.636393,0.435288,0.420251970773699,0.329915060109301,78.99701970505892,140.0,0.0,0.0
1.1802,44.730747,37.294174,23.309671,45.05349,37.500896,23.39403,0.435288,0.420251970773699,0.314957097905854,78.6311225762475,138.0,0.0,0.0
1.1803,44.730747,37.294174,23.309671,45.164955,37.393749,23.579433,0.413835,0.399540015633635,0.433584701379934,86.89305078381207,144.0,0.0,0.0
1.1804,44.730747,37.294174,23.309671,44.560989,37.502556,23.346313,0.240234,0.231935665460221,0.180648487798529,64.60347471184902,126.0,6.163920900514133e-06,0.0016573777524392745
1.1805,44.730747,37.294174,23.309671,44.913589,36.640297,23.255075,0.450867,0.435292829820315,0.329480305845096,80.27540273930431,138.0,0.0,0.0
1.1806,44.730747,37.294174,23.309671,44.575172,37.251137,22.78834,0.315602,0.304700250133523,0.330333113857178,79.03243455257139,137.0,3.587010326553109e-06,0.0017600015398010584
1.1807,44.730747,37.294174,23.309671,45.164955,37.560791,23.476326,0.666092,0.64308337403419,0.424197352508652,82.38106926863783,140.0,0.0,0.0
1.1808,44.730747,37.294174,23.309671,44.730747,36.646122,23.091211,0.331243,0.319800967531823,0.248330452818635,69.65809870941186,127.0,4.6195012650957175e-07,0.0004718238265265658
1.1809,44.730747,37.294174,23.309671,44.815273,37.23576,23.075098,0.21977,0.212178547575251,0.148456919454512,57.26773572984393,120.0,7.504499198401331e-06,0.00222386751575106
1.1810,44.730747,37.294174,23.309671,44.899563,37.791309,23.44515,0.280239,0.270558784155893,0.249452780506147,63.71204984851417,123.0,3.2655138268435363e-06,0.0014673109423904685
1.1811,44.730747,37.294174,23.309671,44.815273,37.632698,23.239359,0.158752,0.153268274945016,0.195061725903703,58.80818318870247,121.0,6.929648132670889e-05,0.009267834003831188
1.1812,44.730747,37.294174,23.309671,44.716637,36.836079,23.054127,0.245277,0.236804466549642,0.178150767381663,57.99559028871721,118.0,5.713119384230269e-06,0.0013982405353340779
1.1813,44.730747,37.294174,23.309671,45.414268,37.658691,23.715281,0.842586,0.813480792133777,0.678541454913634,87.60030047770451,143.0,0.0,0.0
1.1814,44.730747,37.294174,23.309671,45.081394,37.738724,23.388609,0.507032,0.489517738245323,0.376720984237306,71.17945857699789,131.0,0.0,0.0
1.1815,44.730747,37.294174,23.309671,45.025562,37.470203,23.557249,0.2503,0.241653958493358,0.303894536137255,64.05893734392164,124.0,2.8658675369729196e-05,0.004658656254357978
1.1816,44.730747,37.294174,23.309671,44.575172,37.364235,22.600819,0.413835,0.399540015633635,0.458296643887379,81.63812220964726,133.0,0.0,0.0
1.1817,44.730747,37.294174,23.309671,44.857445,37.013508,22.903728,0.280239,0.270558784155893,0.233065392110359,58.79295967508099,117.0,3.028750068345854e-06,0.0012779412067778825
1.1818,44.730747,37.294174,23.309671,44.955627,37.489159,23.577671,0.336557,0.324931407545542,0.249691368446677,56.217565798468044,115.0,4.5192160151096587e-07,0.0003826702949893555
1.1819,44.730747,37.294174,23.309671,44.969627,37.100601,23.417488,0.290241,0.280215287922775,0.26203710539273,58.06789199689952,116.0,3.1053334598329808e-06,0.0015700942041671625
1.1820,44.730747,37.294174,23.309671,44.61768,37.724308,23.281448,0.19317,0.186497383788102,0.22899439475043,53.008458368684856,114.0,5.866687863236723e-05,0.0068739883450577065
1.1821,44.730747,37.294174,23.309671,44.758949,37.539574,22.716026,0.364151,0.35157223587421,0.419285927688251,72.07170346521512,128.0,1.8176254097873763e-06,0.00043772553545929136
1.1822,44.730747,37.294174,23.309671,45.05349,37.210979,23.173771,0.413835,0.399540015633635,0.312429740788317,60.32138909909528,119.0,0.0,0.0
1.1823,44.730747,37.294174,23.309671,44.603519,38.042461,22.882645,0.518424,0.500516227638676,0.528638852599826,76.19201099043724,131.0,1.1881886236669519e-08,0.00032034511741960733
1.1824,44.730747,37.294174,23.309671,44.899563,37.646828,23.888857,0.347371,0.335371862628031,0.325575482725103,54.81820642316454,117.0,1.4033902329790868e-06,0.0005363948394641893
1.1825,44.730747,37.294174,23.309671,44.969627,37.32412,23.496201,0.176389,0.170296045084638,0.247872182245083,49.686144619090854,108.0,0.00011845089060819144,0.010298691596474775
1.1826,86.765831,-6.928959,46.017548,86.711609,-7.209749,47.192104,0.432366,0.417430904586253,0.393100962800674,87.66022042666198,115.0,0.0024766750357225254,0.21210228084559646
1.1827,86.765831,-6.928959,46.017548,86.834755,-7.295468,46.042347,0.317306,0.306345389347557,0.246410817405794,79.42744058572285,107.0,0.0013116222793402585,0.09150874191905092
1.1828,86.765831,-6.928959,46.017548,86.800301,-6.702139,46.231476,0.233721,0.225647642161511,0.182907836741993,75.39572592071238,99.0,0.0012808942397226572,0.09150322440590054
1.1829,86.765831,-6.928959,46.017548,86.883934,-6.789946,46.107258,0.114269,0.110321838526079,0.128866347899375,71.58195528931726,96.0,0.001757934616656056,0.0936878438525731
1.1830,86.765831,-6.928959,46.017548,86.996864,-7.041697,45.730438,0.114269,0.110321838526079,0.201384866223079,74.0750220815216,101.0,0.003822309411293866,0.16399482173626126
1.1831,86.765831,-6.928959,46.017548,86.79538,-6.580777,45.260353,0.299475,0.2891303204946,0.304912082732275,78.03117552089486,105.0,0.0028617664252524513,0.13999111996800867
1.1832,86.765831,-6.928959,46.017548,86.898674,-6.620412,45.94495,0.179783,0.173572807110713,0.219731500583921,73.0837219573965,100.0,0.0029423623693096658,0.1470905379558504
1.1833,86.765831,-6.928959,46.017548,86.736259,-7.067766,46.631584,0.225633,0.217839023638561,0.205214817553257,71.75971795530388,98.0,0.0018950528924720673,0.11051853514156176
1.1834,86.765831,-6.928959,46.017548,86.824913,-7.167195,46.337563,0.176056,0.169974547808656,0.173771795804976,69.00262805613676,93.0,0.0019360248851182887,0.10904114750827247
1.1835,86.765831,-6.928959,46.017548,86.538696,-6.474298,46.026039,0.49986,0.482593478595645,0.338468550162298,76.15260244823982,103.0,0.0009677646506089214,0.12081323759103242
1.1836,86.765831,-6.928959,46.017548,86.686943,-6.439909,45.624771,0.432366,0.417430904586253,0.328822043728397,74.31687857430794,101.0,0.0014466096849892849,0.13568972036149432
1.1837,86.765831,-6.928959,46.017548,86.588158,-7.029622,45.867676,0.114269,0.110321838526079,0.147673330522958,64.42823887332221,90.0,0.0024036841989541514,0.1100274157365226
1.1838,86.765831,-6.928959,46.017548,86.879021,-6.904219,46.584698,0.12246,0.118229899149407,0.20689962960885,66.85343611560764,93.0,0.004349163762262164,0.16486031024922176
1.1839,86.765831,-6.928959,46.017548,86.834755,-7.039258,46.092392,0.157364,0.151928220233115,0.0846904704475316,59.3025719409731,84.0,0.0007889058111296212,0.052529509259886885
1.1840,86.765831,-6.928959,46.017548,86.765831,-6.72681,46.364475,0.213826,0.206439869471837,0.196715081172286,64.19247895368815,91.0,0.0020799845718244667,0.10990659851826648
1.1841,86.765831,-6.928959,46.017548,86.908508,-7.22166,46.179672,0.183512,0.17717299732734,0.211001987105567,63.74317253125207,90.0,0.003016705413153024,0.13711633643730278
1.1842,86.765831,-6.928959,46.017548,87.021378,-6.960626,45.902729,0.1686,0.162776098289973,0.171774114577513,60.65775122482423,85.0,0.0022148986512450096,0.11048405270396681
1.1843,86.765831,-6.928959,46.017548,86.637573,-6.779184,46.488831,0.221658,0.214001330929767,0.220686033367714,62.562243740101906,89.0,0.002654549474378561,0.1244009534033326
1.1844,86.765831,-6.928959,46.017548,87.197563,-6.889732,46.143147,0.293955,0.283800996280124,0.283664848195597,64.45966999727183,92.0,0.0029524926448328383,0.12655461312932284
1.1845,86.765831,-6.928959,46.017548,86.726402,-6.404119,46.272121,0.370812,0.358003146851135,0.379947563117786,68.39984315686932,96.0,0.004430259488240713,0.22439536450835984
1.1846,86.765831,-6.928959,46.017548,86.819992,-6.848373,45.654755,0.110088,0.106285261616527,0.126347640293421,54.45760867966136,79.0,0.0023157820351801814,0.09271526170357067
1.1847,86.765831,-6.928959,46.017548,86.898674,-6.790941,46.113861,0.12648,0.122111037436036,0.135077106215481,53.90704980240713,79.0,0.0022613471977639852,0.09535591108300585
1.1848,86.765831,-6.928959,46.017548,86.829834,-7.261144,46.006428,0.12648,0.122111037436036,0.226082472581783,57.39535572852194,84.0,0.005814429518810535,0.1854698445084193
1.1849,86.765831,-6.928959,46.017548,86.632637,-6.902028,46.243908,0.110088,0.106285261616527,0.118700695211603,51.16384495501262,76.0,0.0022856693432977294,0.08644292680840936
1.1850,86.765831,-6.928959,46.017548,86.736259,-6.674554,45.997116,0.153592,0.148286515353223,0.169749121666249,52.602445723968486,77.0,0.0028084976327160224,0.1151817052870003
1.1851,86.765831,-6.928959,46.017548,86.977242,-6.894741,46.307915,0.130454,0.125947764687545,0.171969429522031,51.9375921649009,76.0,0.0035792037151883213,0.12628637317394817
1.1852,86.765831,-6.928959,46.017548,86.883934,-7.126414,46.502552,0.187248,0.180779945744963,0.198665417789462,52.349134835168925,79.0,0.003150292300593413,0.12443014204677366
1.1853,86.765831,-6.928959,46.017548,86.617813,-7.230602,45.592922,0.221658,0.214001330929767,0.289011306060622,55.34385076954812,83.0,0.005913488301424336,0.18404352383054087
1.1854,86.765831,-6.928959,46.017548,87.168236,-6.876986,46.302402,0.176056,0.169974547808656,0.281294934058041,54.48360684887494,82.0,0.007409064527324811,0.21176823624483868
1.1855,86.765831,-6.928959,46.017548,86.765831,-7.256606,45.977787,0.206123,0.199002952003701,0.221865873667925,50.17355688342783,77.0,0.0036522790219730944,0.1340034210364212
1.1856,86.765831,-6.928959,46.017548,86.518898,-7.280407,45.78693,0.27349,0.264042912937868,0.308135847528346,53.2746351439648,81.0,0.005208803376121773,0.15979665934153003
1.1857,86.765831,-6.928959,46.017548,86.716537,-6.298257,45.617359,0.604099,0.583231780550855,0.415782418743921,57.4798014296287,84.0,0.0012570097479973263,0.1314263554938431
1.1858,86.765831,-6.928959,46.017548,86.583214,-6.909454,46.05006,0.12246,0.118229899149407,0.119601542842649,42.13237938151187,67.0,0.002474368937478366,0.08403816299408835
1.1859,86.765831,-6.928959,46.017548,86.706673,-7.091123,46.216839,0.190992,0.184394617820869,0.119405734866329,41.21104576546868,66.0,0.001387908052971928,0.06546737082726739
1.1860,86.765831,-6.928959,46.017548,86.588158,-7.086574,46.106335,0.149801,0.144626466784912,0.153915280580245,41.86559122739354,67.0,0.0030283802253472927,0.10332156855955167
1.1861,86.765831,-6.928959,46.017548,86.637573,-7.45829,46.00811,0.353134,0.340935792962818,0.362729641006093,51.25072504181245,80.0,0.005594069726345009,0.20786955291297832
1.1862,86.765831,-6.928959,46.017548,86.8741,-7.271618,45.911854,0.278394,0.268777515464642,0.249214463309774,44.44469342433344,73.0,0.0032789579132621698,0.1138311628209468
1.1863,86.765831,-6.928959,46.017548,86.696808,-7.394817,45.967346,0.345153,0.333230478369389,0.317799911879059,46.970155016390365,74.0,0.004050740881342217,0.1508482815032078
1.1864,86.765831,-6.928959,46.017548,86.538696,-7.183772,45.638023,0.233721,0.225647642161511,0.277330851712458,43.80148230411955,72.0,0.006169986068256714,0.1641199903468803
1.1865,86.765831,-6.928959,46.017548,86.553543,-7.063542,45.282799,0.187248,0.180779945744963,0.313961267026676,44.43304141766124,72.0,0.011336620985523673,0.24047908971975537
1.1866,86.765831,-6.928959,46.017548,86.844597,-7.401752,46.090698,0.28343,0.273639558353066,0.314029272659344,43.87139451550983,71.0,0.006549337563838745,0.15926584097445617
1.1867,86.765831,-6.928959,46.017548,87.207329,-7.147621,46.097378,0.299475,0.2891303204946,0.31812294751842,43.158390025102676,70.0,0.006095368905516806,0.16189197269569486
1.1868,86.765831,-6.928959,46.017548,86.780609,-6.110745,45.820366,0.538585,0.519980811966221,0.538523689593992,51.969148150547426,78.0,0.0075462002899782275,0.3060452093315124
1.1869,86.765831,-6.928959,46.017548,86.736259,-7.270064,46.284256,0.259463,0.250500443597931,0.224570079901524,36.52377225582135,63.0,0.003599763552531064,0.10753883361828394
1.1870,86.765831,-6.928959,46.017548,86.578278,-6.664305,45.926384,0.246271,0.237764131091162,0.211026086003871,34.67914187726693,61.0,0.0034643050406562904,0.10479345928103528
1.1871,86.765831,-6.928959,46.017548,86.746117,-7.492616,46.204777,0.380731,0.367579517663343,0.365399033226937,41.54874266220641,70.0,0.005900405407561719,0.20170635777161786
1.1872,86.765831,-6.928959,46.017548,86.701744,-6.929829,46.480812,0.130454,0.125947764687545,0.159937934571014,30.508222702030036,55.0,0.005350615957185502,0.11523545878004292
1.1873,56.386917,-31.219675,0.611009,55.977489,-30.972208,0.333803,0.298148,0.287849158677098,0.436424657020156,146.08621673113925,193.0,1.491219203982665e-11,1.7663462441565397e-06
1.1874,56.386917,-31.219675,0.611009,56.525665,-31.50209,0.932555,0.225748,0.217950051226363,0.276005595501426,133.1007964163541,180.0,4.748897500358919e-09,5.620126541023565e-06
1.1875,56.386917,-31.219675,0.611009,56.047722,-31.121923,0.5647,0.211066,0.203775207364599,0.319485997584386,136.35463075364905,186.0,1.5655815079281842e-07,0.00012524479208955418
1.1876,56.386917,-31.219675,0.611009,56.673737,-30.639708,0.609074,0.346816,0.334836033834728,0.362715768530112,138.15117710344134,189.0,0.0,0.0
1.1877,56.386917,-31.219675,0.611009,56.426613,-30.76679,0.421238,0.166806,0.161044067920268,0.232636623956694,126.81923383167782,177.0,2.604423739185355e-07,0.0005031365454264774
1.1878,56.386917,-31.219675,0.611009,56.486076,-31.394852,0.425617,0.19642,0.189635119965103,0.172726248819575,119.77202825869523,171.0,1.0171582242919746e-08,5.200044088819902e-05
1.1879,56.386917,-31.219675,0.611009,56.584969,-30.727087,0.244746,0.449269,0.433750029078515,0.370734350620781,135.7040849443984,185.0,0.0,0.0
1.1880,56.386917,-31.219675,0.611009,56.376984,-30.695234,0.761717,0.166806,0.161044067920268,0.247760423531177,125.16385083032068,175.0,3.8086820576206315e-07,0.0006044554483541539
1.1881,56.386917,-31.219675,0.611009,56.416695,-31.286669,0.743485,0.156717,0.151303569369571,0.097002861590419,108.1172947394643,166.0,1.3455857266864905e-11,3.864598420955226e-06
1.1882,56.386917,-31.219675,0.611009,56.167801,-31.735863,1.050233,0.327533,0.316219121003616,0.414986292834563,135.0751526873942,178.0,0.0,0.0
1.1883,56.386917,-31.219675,0.611009,56.267563,-30.85981,0.728853,0.240572,0.232261990022629,0.206261963415823,118.42041268632421,170.0,0.0,0.0
1.1884,56.386917,-31.219675,0.611009,56.60471,-31.344814,0.811379,0.191528,0.184912102925753,0.247591690562436,120.78477108765956,170.0,1.585137134358961e-07,0.00023537215297768444
1.1885,56.386917,-31.219675,0.611009,56.386917,-31.279131,0.918914,0.19642,0.189635119965103,0.208083693737968,116.33228401695023,168.0,4.065980501365729e-08,0.00010246318218627407
1.1886,56.386917,-31.219675,0.611009,56.187775,-31.868713,0.515423,0.417813,0.403380604714284,0.336841915282028,125.80062562409637,170.0,0.0,0.0
1.1887,56.386917,-31.219675,0.611009,56.703278,-31.672226,0.670783,0.276382,0.266835015406757,0.351159519185348,125.4914546550208,171.0,0.0,0.0
1.1888,56.386917,-31.219675,0.611009,56.067764,-31.284098,0.69704,0.260759,0.251751676239591,0.303366190804952,122.03074659415671,172.0,2.174890075297683e-15,3.3625220668927874e-09
1.1889,56.386917,-31.219675,0.611009,56.495979,-31.878544,0.494822,0.360601,0.348144862511639,0.306327799314777,120.24189137889942,163.0,0.0,0.0
1.1890,56.386917,-31.219675,0.611009,56.535553,-31.458862,0.591333,0.108568,0.104817766542976,0.171433845474634,107.56818599364365,159.0,1.3410989049080075e-07,0.0006345277365470599
1.1891,56.386917,-31.219675,0.611009,56.267563,-31.612736,0.864716,0.260759,0.251751676239591,0.259770181811639,114.97173220212277,160.0,0.0,0.0
1.1892,56.386917,-31.219675,0.611009,56.117817,-31.475496,0.97182,0.353604,0.341389557886877,0.362879883064392,122.0478889974947,171.0,0.0,0.0
1.1893,56.386917,-31.219675,0.611009,55.836617,-30.675764,0.724514,0.408495,0.3943844737305,0.568267960127957,131.1708136448538,185.0,1.033186364072561e-08,6.72850504566622e-05
1.1894,56.386917,-31.219675,0.611009,56.416695,-31.440687,0.876172,0.230668,0.2227001010697,0.201210432054238,106.59967777888235,158.0,1.9807651765541644e-12,5.10672835360621e-09
1.1895,56.386917,-31.219675,0.611009,56.247635,-31.368643,0.490532,0.156717,0.151303569369571,0.165683688246191,102.3059145262215,154.0,3.948605298079192e-08,0.00020364480419071348
1.1896,56.386917,-31.219675,0.611009,56.386917,-31.976803,0.834974,0.240572,0.232261990022629,0.348591539285204,116.04361156031466,158.0,6.202424488609775e-10,9.145609558127504e-06
1.1897,56.386917,-31.219675,0.611009,55.977489,-30.755247,0.190009,0.474254,0.457871979350016,0.513412989612851,125.59281039083479,176.0,0.0,0.0
1.1898,56.386917,-31.219675,0.611009,56.426613,-31.25984,0.54552,0.119785,0.115647300911414,0.0601516777414276,87.13953715719876,143.0,0.0,0.0
1.1899,56.386917,-31.219675,0.611009,56.614582,-32.057137,0.518471,0.303803,0.29330881962508,0.415431268615969,117.08970324935098,155.0,0.0,0.0
1.1900,56.386917,-31.219675,0.611009,56.32729,-31.045248,0.653533,0.135989,0.131291570761299,0.0972070869911125,89.78712856900121,147.0,2.8357575076771843e-11,6.540672218375854e-06
1.1901,56.386917,-31.219675,0.611009,56.575089,-30.959291,0.533279,0.130661,0.126147614345588,0.21242789832712,101.05615069501249,153.0,4.5921941900786413e-07,0.0009325804308683081
1.1902,56.386917,-31.219675,0.611009,57.036427,-31.410334,0.582674,0.408495,0.3943844737305,0.605044789108369,121.38013484141317,173.0,4.4156659984199785e-08,0.00013380814777281334
1.1903,56.386917,-31.219675,0.611009,56.426613,-31.717216,0.295726,0.34022,0.328467877581343,0.302686630553686,106.3131718017704,153.0,0.0,0.0
1.1904,56.386917,-31.219675,0.611009,55.82653,-31.181913,0.78188,0.391185,0.377672408123149,0.534677042013151,119.85266736729017,170.0,2.5401066875249256e-09,4.4930958805691416e-05
1.1905,56.386917,-31.219675,0.611009,56.29744,-30.239948,0.824422,0.321413,0.310310522418001,0.454603045323957,114.50460350400576,163.0,6.004719501058961e-12,1.592854639186824e-07
1.1906,56.386917,-31.219675,0.611009,56.207741,-31.02541,0.466202,0.146459,0.14139990853767,0.209128818797886,95.93882382708873,147.0,3.1025531350568525e-07,0.0006292001685690926
1.1907,56.386917,-31.219675,0.611009,56.486076,-31.263065,0.226513,0.333797,0.322266745438304,0.275948293864864,100.61364760178475,145.0,0.0,0.0
1.1908,56.386917,-31.219675,0.611009,56.505878,-31.583757,0.580958,0.166806,0.161044067920268,0.190433625090447,91.84857318412067,141.0,9.631017724735421e-08,0.0002603812913338447
1.1909,56.386917,-31.219675,0.611009,56.476173,-31.143604,0.556029,0.114223,0.110277427490958,0.0959586546530683,81.14378332028944,138.0,2.9744443172891965e-11,7.828136304037142e-06
1.1910,56.386917,-31.219675,0.611009,56.584969,-32.298683,0.651786,0.346816,0.334836033834728,0.487675937721576,108.65107426943577,149.0,2.4748184949901157e-12,3.9920660396657423e-07
1.1911,56.386917,-31.219675,0.611009,56.575089,-31.151606,0.655765,0.161781,0.156192645061981,0.179260550107838,87.97950971298282,140.0,7.435447970409477e-08,0.00024146232697047615
1.1912,56.386917,-31.219675,0.611009,56.247635,-31.935303,1.150611,0.488457,0.471584369172154,0.481630224402146,108.22644311877353,153.0,0.0,0.0
1.1913,56.386917,-31.219675,0.611009,56.505878,-31.322512,0.656361,0.108568,0.104817766542976,0.122131933567443,80.098114824541,137.0,5.757946276827805e-09,0.00011345489442457894
1.1914,56.386917,-31.219675,0.611009,56.067764,-31.506691,0.632799,0.346816,0.334836033834728,0.320668582944882,97.3445610178687,144.0,0.0,0.0
1.1915,56.386917,-31.219675,0.611009,56.752464,-31.540102,1.012361,0.292586,0.282479285256643,0.450968683353949,103.62414728569624,151.0,1.9089068111572285e-10,6.3902238309005625e-06
1.1916,56.386917,-31.219675,0.611009,56.317341,-30.755398,0.706651,0.186623,0.180176534941694,0.219009514031238,86.91100427943496,138.0,1.2264841677960198e-07,0.0001974893248215066
1.1917,56.386917,-31.219675,0.611009,56.60471,-31.457825,0.39331,0.260759,0.251751676239591,0.269725550828173,89.83705024176025,133.0,0.0,0.0
1.1918,56.386917,-31.219675,0.611009,56.565208,-31.513021,0.283428,0.333797,0.322266745438304,0.303454806588945,91.61005580271438,137.0,0.0,0.0
1.1919,56.386917,-31.219675,0.611009,56.575089,-31.346245,0.866184,0.250591,0.24193490656336,0.249517742764034,86.10374186712761,135.0,0.0,0.0
1.1920,56.386917,-31.219675,0.611009,56.287483,-31.501989,0.16237,0.438109,0.422975525775336,0.339177765096983,92.35830189035697,137.0,0.0,0.0
1.1921,56.386917,-31.219675,0.611009,55.359585,-31.410614,0.768447,0.758947,0.732730910254329,0.969036519349506,93.6698250333298,164.0,0.0,0.0
1.1922,56.386917,-31.219675,0.611009,56.267563,-31.059544,0.730026,0.185962,0.179538367676156,0.15348452485518,75.5049829381162,129.0,9.999127512955864e-09,5.3342825812441594e-05
1.1923,56.386917,-31.219675,0.611009,56.791763,-33.062336,0.844688,0.758947,0.732730910254329,0.862542151329954,86.28864329767175,143.0,0.0,0.0
1.1924,56.386917,-31.219675,0.611009,56.928974,-31.234272,0.470192,0.390535,0.377044860887749,0.50953459669037,98.6950192605144,148.0,1.2780518200891568e-10,9.245390188407297e-06
1.1925,56.386917,-31.219675,0.611009,57.636223,-31.501989,0.183464,0.97032,0.936802513005494,1.18952764277476,63.96837998627516,148.0,0.0,0.0
1.1926,56.386917,-31.219675,0.611009,56.535553,-30.959852,0.67639,0.172466,0.166508556154676,0.182437585156923,76.09377269488054,127.0,7.001675308646756e-08,0.00018423745296397364
1.1927,56.386917,-31.219675,0.611009,56.007607,-30.845303,0.256349,0.172466,0.166508556154676,0.453948771297939,95.08640833115838,141.0,1.3400561913727368e-05,0.002691612209556712
1.1928,56.386917,-31.219675,0.611009,56.486076,-30.200165,0.980285,0.758947,0.732730910254329,0.516959814456411,96.4985989806708,145.0,0.0,0.0
1.1929,56.386917,-31.219675,0.611009,57.279461,-31.580816,1.074296,0.97032,0.936802513005494,0.890642786415393,88.80536880042622,154.0,0.0,0.0
1.1930,56.386917,-31.219675,0.611009,56.396843,-32.136333,1.055058,0.491683,0.47469893437431,0.479915932330919,90.84444949945708,131.0,0.0,0.0
1.1931,56.386917,-31.219675,0.611009,56.919193,-30.280632,0.086012,0.670737,0.647567923124089,0.725519150583384,96.53119044536969,151.0,0.0,0.0
1.1932,56.386917,-31.219675,0.611009,55.380013,-30.539932,0.644375,0.670737,0.647567923124089,0.984928197724201,86.86610582665999,155.0,0.0,0.0
1.1933,56.386917,-31.219675,0.611009,56.663887,-31.699776,0.92405,0.364287,0.351703538065002,0.385634948222254,84.27761811724542,127.0,0.0,0.0
1.1934,56.386917,-31.219675,0.611009,57.182442,-31.40649,0.87232,0.758947,0.732730910254329,0.757680248769642,90.98934830600086,145.0,0.0,0.0
1.1935,56.386917,-31.219675,0.611009,57.026669,-31.299232,0.404399,0.521416,0.503404875836088,0.607600870933239,91.39979530123038,140.0,0.0,0.0
1.1936,56.386917,-31.219675,0.611009,56.899616,-31.196211,1.222464,0.7241,0.699087620235879,0.627395534308955,89.93472387391434,143.0,0.0,0.0
1.1937,56.386917,-31.219675,0.611009,56.752464,-31.371271,0.823862,0.47369,0.457327461441145,0.372083305680279,80.0954021164486,126.0,0.0,0.0
1.1938,56.386917,-31.219675,0.611009,56.177792,-31.891094,0.066793,0.803404,0.77565224478385,0.503835962847121,85.5432459692478,127.0,0.0,0.0
1.1939,56.386917,-31.219675,0.611009,56.78194,-31.294958,0.790561,0.23061,0.222644104547157,0.385756603991045,78.93624052090702,124.0,1.664167651182546e-08,5.432180960477146e-05
1.1940,56.386917,-31.219675,0.611009,56.167801,-31.323668,0.993477,0.411285,0.397078099556295,0.330058363667589,75.23965814726704,122.0,0.0,0.0
1.1941,56.386917,-31.219675,0.611009,56.65403,-31.816826,-0.177701,0.97032,0.936802513005494,0.639131269131954,85.04678320931195,127.0,0.0,0.0
1.1942,56.386917,-31.219675,0.611009,55.987534,-30.51511,1.380653,0.803404,0.77565224478385,0.71238359137985,87.36801643153048,139.0,0.0,0.0
1.1943,56.386917,-31.219675,0.611009,56.137821,-31.797688,0.558479,0.448772,0.433270196807756,0.338080456956447,72.6553479971418,113.0,0.0,0.0
1.1944,56.386917,-31.219675,0.611009,55.907124,-30.961613,0.56297,0.364287,0.351703538065002,0.460756149958507,79.26845056968288,124.0,0.0,0.0
1.1945,56.386917,-31.219675,0.611009,56.277523,-31.18399,0.577248,0.211878,0.204559158680207,0.105065712779662,54.40257598482623,104.0,1.5980802022453453e-11,7.668186550243003e-07
1.1946,56.386917,-31.219675,0.611009,56.227692,-30.874334,0.926064,0.29684,0.286586340548016,0.300092405886818,67.94000984613866,114.0,0.0,0.0
1.1947,56.386917,-31.219675,0.611009,56.742634,-31.321384,0.569516,0.448772,0.433270196807756,0.332993916008437,68.19896782390079,114.0,0.0,0.0
1.1948,56.386917,-31.219675,0.611009,55.977489,-32.265121,0.636874,0.758947,0.732730910254329,0.58019340836477,77.65753131203654,120.0,0.0,0.0
1.1949,56.386917,-31.219675,0.611009,56.426613,-30.720089,0.16749,0.272961,0.263532186033981,0.367264326521566,68.99937098006004,115.0,0.0,0.0
1.1950,56.386917,-31.219675,0.611009,56.307392,-31.273954,0.64382,0.158515,0.153039461568416,0.0802463500644964,47.632646865139726,94.0,0.0,0.0
1.1951,56.386917,-31.219675,0.611009,56.811398,-31.301725,1.00078,0.582096,0.561988823903914,0.472640337260045,71.20261889757137,118.0,0.0,0.0
1.1952,56.386917,-31.219675,0.611009,56.36705,-30.850124,0.30058,0.199078,0.192201305429248,0.260790556341665,59.375193739926225,103.0,2.8303131021114737e-07,0.00017825500727338805
1.1953,56.386917,-31.219675,0.611009,56.357113,-31.063831,0.445012,0.112964,0.109061916768852,0.131972225238474,48.933037353922956,98.0,2.2917753030289946e-08,0.00017055916708581806
1.1954,56.386917,-31.219675,0.611009,56.207741,-30.828327,0.5527,0.165553,0.159834349941873,0.238117245700165,55.90480270705517,101.0,7.314944805513668e-07,0.0005707849913955122
1.1955,56.386917,-31.219675,0.611009,56.406769,-31.673468,0.394286,0.185962,0.179538367676156,0.243096617899926,54.62183408369383,94.0,4.078343858659455e-07,0.0002897558531110498
1.1956,56.386917,-31.219675,0.611009,55.99757,-30.441288,0.932251,0.568452,0.54881612470422,0.540762240163951,71.58712526962552,118.0,0.0,0.0
1.1957,56.386917,-31.219675,0.611009,56.495979,-30.829233,1.005699,0.433261,0.418294988856535,0.332962251005115,58.77875460021164,105.0,0.0,0.0
1.1958,56.386917,-31.219675,0.611009,57.211575,-31.759851,0.863446,0.803404,0.77565224478385,0.810006397108033,71.27635701307926,119.0,0.0,0.0
1.1959,56.386917,-31.219675,0.611009,56.077782,-30.861223,0.585118,0.218178,0.210641539577163,0.325563009771437,56.96340846045832,103.0,1.7004466233450467e-07,5.4101013908099874e-05
1.1960,56.386917,-31.219675,0.611009,56.703278,-30.134964,0.550736,0.59676,0.576146289534544,0.550432341692863,67.02759168444267,118.0,0.0,0.0
1.1961,56.386917,-31.219675,0.611009,56.416695,-31.710546,1.62314,0.97032,0.936802513005494,0.702500274426447,67.20381713675447,117.0,0.0,0.0
1.1962,56.386917,-31.219675,0.611009,56.791763,-31.577734,0.858496,0.44092,0.425689426204121,0.435157143743284,58.51600898267569,101.0,0.0,0.0
1.1963,56.386917,-31.219675,0.611009,56.257603,-31.038031,0.9711,0.314833,0.30395781348118,0.283029180992849,50.200935948827826,92.0,0.0,0.0
1.1964,56.386917,-31.219675,0.611009,56.277523,-31.209679,0.599352,0.22442,0.216667923951576,0.101902716062007,37.173965895874005,85.0,1.3202357684122442e-12,6.222529076306215e-08
1.1965,56.386917,-31.219675,0.611009,56.087795,-31.66363,1.059796,0.521416,0.503404875836088,0.447317226050287,56.996978779486454,100.0,0.0,0.0
1.1966,56.386917,-31.219675,0.611009,56.476173,-31.318544,0.53513,0.151343,0.146115201918739,0.106218702595996,35.452635776891,83.0,5.39081431539604e-10,1.5021611240023805e-05
1.1967,56.386917,-31.219675,0.611009,56.167801,-32.431656,0.966444,0.612644,0.591481613053155,0.590426320350565,59.33038533520148,100.0,0.0,0.0
1.1968,56.386917,-31.219675,0.611009,56.307392,-30.148888,0.317614,0.333046,0.321541687017095,0.502906619958334,58.04035890184899,105.0,4.2905694820749504e-10,1.7374017974542946e-05
1.1969,56.386917,-31.219675,0.611009,56.047722,-29.973879,0.513552,0.433261,0.418294988856535,0.62368549276955,62.696639779770784,112.0,2.9094453795231937e-08,3.239166120309573e-05
1.1970,56.386917,-31.219675,0.611009,56.15781,-30.341528,0.450537,0.242859,0.234469990833953,0.443612847564842,53.11244049660768,97.0,7.931497659852114e-08,6.308918130640352e-05
1.1971,56.386917,-31.219675,0.611009,56.565208,-29.822603,1.012362,0.670737,0.647567923124089,0.686515605938273,61.09083547177601,111.0,0.0,0.0
1.1972,56.386917,-31.219675,0.611009,56.850632,-31.00506,0.645579,0.433261,0.418294988856535,0.438770221510083,49.66282069873481,93.0,0.0,0.0
1.1973,56.386917,-31.219675,0.611009,55.876923,-30.117073,0.272964,0.482529,0.465861138385304,0.705895554394593,61.65975139193153,108.0,0.0,0.0
1.1974,56.386917,-31.219675,0.611009,56.15781,-31.015419,0.433073,0.205514,0.198414988516995,0.258573162837739,38.324954500124825,81.0,2.7165789706831165e-07,0.00011195115061528392
1.1975,56.386917,-31.219675,0.611009,57.201866,-30.50242,0.778383,0.865414,0.835520251041034,0.819875468958497,59.282079695197964,111.0,0.0,0.0
1.1976,56.386917,-31.219675,0.611009,55.866848,-30.819221,0.921957,0.521416,0.503404875836088,0.555997793409702,52.59279552819277,99.0,0.0,0.0
1.1977,56.386917,-31.219675,0.611009,56.257603,-30.304417,-0.298011,0.758947,0.732730910254329,0.738311852389561,57.97411607421144,106.0,0.0,0.0
1.1978,35.360737,5.327154,-31.007704,35.43951,5.469648,-30.831221,0.331038,0.319603048788351,0.207737920448515,102.73117502675245,128.0,0.0,0.0
1.1979,35.360737,5.327154,-31.007704,35.459167,5.163983,-31.102339,0.30686,0.296260222546032,0.190544544836334,100.75326282964613,127.0,0.0,0.0
1.1980,35.360737,5.327154,-31.007704,35.576786,5.660934,-31.041805,0.215195,0.207761580495318,0.305385348072917,106.761075568899,127.0,0.0,0.0
1.1981,35.360737,5.327154,-31.007704,35.380451,5.123019,-31.159771,0.316185,0.305263111730813,0.232251124730299,101.42327093058172,125.0,0.0,0.0
1.1982,35.360737,5.327154,-31.007704,35.321259,4.900648,-30.548117,0.160385,0.154844866691799,0.192453911052353,98.0683034623028,124.0,0.0,0.0
1.1983,35.360737,5.327154,-31.007704,35.576786,5.455075,-31.182528,0.316185,0.305263111730813,0.187135887467269,96.82492169659764,123.0,0.0,0.0
1.1984,35.360737,5.327154,-31.007704,35.341003,5.327625,-31.126375,0.124424,0.120126057257601,0.0642707509801374,87.38456306150512,119.0,0.0,0.0
1.1985,35.360737,5.327154,-31.007704,35.518044,5.275861,-31.215029,0.325958,0.314698525779377,0.194455528247158,95.14308837245467,121.0,0.0,0.0
1.1986,35.360737,5.327154,-31.007704,35.635399,5.461259,-31.217964,0.481288,0.464663005894332,0.235559732487109,97.01826634467109,120.0,0.0,0.0
1.1987,35.360737,5.327154,-31.007704,35.182606,5.375607,-30.788649,0.211427,0.204123737444567,0.209542236437767,93.8787936316136,119.0,0.0,0.0
1.1988,35.360737,5.327154,-31.007704,35.321259,5.779816,-31.219252,0.218958,0.211394596259643,0.27032072323619,97.05797813498417,119.0,0.0,0.0
1.1989,35.360737,5.327154,-31.007704,35.400154,5.433665,-30.945103,0.119477,0.115349940067563,0.117659601129532,85.89093939156677,116.0,0.0,0.0
1.1990,35.360737,5.327154,-31.007704,35.400154,5.372988,-31.384466,0.325958,0.314698525779377,0.171985535398173,89.05522689664919,116.0,0.0,0.0
1.1991,35.360737,5.327154,-31.007704,35.55722,5.032694,-31.058905,0.378547,0.365470958952398,0.302335519401266,95.69376734945575,116.0,0.0,0.0
1.1992,35.360737,5.327154,-31.007704,35.380451,5.393758,-30.777336,0.264753,0.255607712636804,0.169085389280903,86.31890230801973,114.0,0.0,0.0
1.1993,35.360737,5.327154,-31.007704,35.122952,5.127508,-30.736898,0.156167,0.150772567862694,0.214625683610459,88.45234640354678,113.0,0.0,0.0
1.1994,35.360737,5.327154,-31.007704,35.380451,5.158826,-31.218128,0.268722,0.259439612601886,0.233474976549117,88.5313693706853,112.0,0.0,0.0
1.1995,35.360737,5.327154,-31.007704,35.301498,5.63535,-31.071861,0.184614,0.178236931255664,0.220184046088442,86.74213358586768,111.0,0.0,0.0
1.1996,35.360737,5.327154,-31.007704,35.06316,4.983022,-30.664169,0.253049,0.244308000570458,0.290973031966557,90.22438060657399,111.0,0.0,0.0
1.1997,35.360737,5.327154,-31.007704,35.59634,5.567183,-31.436037,0.385724,0.372400045888502,0.230156999053893,86.00350626692902,109.0,0.0,0.0
1.1998,35.360737,5.327154,-31.007704,35.142853,5.302665,-30.778742,0.276786,0.26722506014999,0.208372798508014,82.80226503708904,108.0,0.0,0.0
1.1999,35.360737,5.327154,-31.007704,35.498432,5.204914,-31.249998,0.371724,0.358883643895266,0.242686304202208,84.22649757201053,108.0,0.0,0.0
1.2000,35.360737,5.327154,-31.007704,35.321259,4.834963,-30.821753,0.385724,0.372400045888502,0.313389038128588,87.58445592464571,107.0,0.0,0.0
1.2001,35.360737,5.327154,-31.007704,35.341003,5.008696,-30.733496,0.164544,0.158860203541075,0.153713695142309,76.57615493481086,105.0,0.0,0.0
1.2002,35.360737,5.327154,-31.007704,35.142853,5.095078,-30.755865,0.237785,0.22957126056869,0.206935063191979,79.01618813194459,104.0,0.0,0.0
1.2003,35.360737,5.327154,-31.007704,35.53764,5.06904,-31.269197,0.481288,0.464663005894332,0.357807007185213,86.71877530756959,104.0,0.0,0.0
1.2004,35.360737,5.327154,-31.007704,35.122952,5.093623,-30.776312,0.28089,0.271187296848579,0.223005595700211,77.98324265470754,102.0,0.0,0.0
1.2005,35.360737,5.327154,-31.007704,35.419838,5.613729,-31.150581,0.143094,0.138151144772867,0.173985168198072,73.94894107356455,101.0,0.0,0.0
1.2006,35.360737,5.327154,-31.007704,35.023216,5.395849,-30.815407,0.588445,0.568118512207847,0.316174743279402,80.96354700241224,101.0,0.0,0.0
1.2007,35.360737,5.327154,-31.007704,35.674397,5.292491,-31.342636,0.588445,0.568118512207847,0.327375700799314,81.60567354503375,100.0,0.0,0.0
1.2008,35.360737,5.327154,-31.007704,35.103035,5.334186,-30.812668,0.200054,0.193143591739633,0.238349463788901,74.64840813534495,98.0,0.0,0.0
1.2009,35.360737,5.327154,-31.007704,35.103035,5.371856,-30.968113,0.276786,0.26722506014999,0.21935740085213,72.37943519356446,97.0,0.0,0.0
1.2010,35.360737,5.327154,-31.007704,35.242119,5.381862,-30.824453,0.293552,0.283411916994176,0.166841241500813,68.1128989263317,96.0,0.0,0.0
1.2011,35.360737,5.327154,-31.007704,35.202457,5.063473,-30.604147,0.184614,0.178236931255664,0.177847992363845,68.32175330780346,95.0,0.0,0.0
1.2012,35.360737,5.327154,-31.007704,35.615875,5.037456,-31.028793,0.465797,0.449707107088816,0.317911947989872,75.6821174363372,95.0,0.0,0.0
1.2013,35.360737,5.327154,-31.007704,35.242119,5.630384,-31.101173,0.297907,0.287616483471357,0.221578124061398,68.83637380027805,93.0,0.0,0.0
1.2014,35.360737,5.327154,-31.007704,35.380451,5.457178,-30.503191,0.549378,0.530400992445721,0.358596836151528,75.52956357741047,93.0,0.0,0.0
1.2015,35.360737,5.327154,-31.007704,35.53764,5.307101,-30.925335,0.176713,0.170608853245053,0.149698490412162,62.185445674501494,91.0,0.0,0.0
1.2016,35.360737,5.327154,-31.007704,35.654903,5.079054,-31.241846,0.654537,0.631927515103344,0.39067207087253,75.37474006111255,93.0,0.0,0.0
1.2017,35.360737,5.327154,-31.007704,35.400154,5.857067,-31.220377,0.28089,0.271187296848579,0.328701096924942,71.33427627903887,90.0,0.0,0.0
1.2018,35.360737,5.327154,-31.007704,35.162735,5.135318,-30.988205,0.184614,0.178236931255664,0.216951625083602,63.46434196698152,88.0,0.0,0.0
1.2019,35.360737,5.327154,-31.007704,35.281719,5.208384,-30.591005,0.207649,0.200476239820964,0.164286745201952,59.392761955214056,87.0,0.0,0.0
1.2020,35.360737,5.327154,-31.007704,35.182606,5.205809,-30.953705,0.226477,0.218653869587296,0.164375906535473,58.04508950524846,86.0,0.0,0.0
1.2021,35.360737,5.327154,-31.007704,35.043198,5.468761,-30.910889,0.452233,0.436611644471941,0.305324299817112,65.30061527280881,86.0,0.0,0.0
1.2022,35.360737,5.327154,-31.007704,35.261925,5.04142,-31.069313,0.365214,0.352598516968411,0.265619133784504,62.52726377822191,85.0,0.0,0.0
1.2023,35.360737,5.327154,-31.007704,35.518044,5.269886,-30.887978,0.109168,0.105397040914115,0.134848839161313,53.27588816411156,83.0,0.0,0.0
1.2024,35.360737,5.327154,-31.007704,35.55722,5.382886,-31.152035,0.253049,0.244308000570458,0.16895020587026,54.57842464939944,82.0,0.0,0.0
1.2025,35.360737,5.327154,-31.007704,35.341003,5.678205,-31.252357,0.218958,0.211394596259643,0.181946853513322,54.58489274580296,81.0,0.0,0.0
1.2026,35.360737,5.327154,-31.007704,35.261925,5.315021,-30.850403,0.222717,0.215023750194827,0.110977796853077,48.562970686270816,78.0,0.0,0.0
1.2027,35.360737,5.327154,-31.007704,35.321259,5.790828,-31.645956,0.176713,0.170608853245053,0.201142493339995,54.225857343823094,79.0,0.0,0.0
1.2028,35.360737,5.327154,-31.007704,35.341003,4.902972,-30.592291,0.222717,0.215023750194827,0.195000029081179,52.28960756401662,78.0,0.0,0.0
2.1,47.105415,-40.947926,-0.778577,47.049183,-40.774654,-0.817149,0.112941,0.109039711251292,0.0861171264645975,16.96167771420299,19.0,0.0,0.0
2.2,47.105415,-40.947926,-0.778577,47.355278,-41.037525,-0.884382,0.202353,0.19536317803838,0.255056334228842,17.588790945969542,18.0,0.0,0.0
2.3,47.105415,-40.947926,-0.778577,47.559425,-41.285973,-0.866527,0.338824,0.327120099211161,0.463434759983421,16.783918472077158,17.0,0.0,0.0
2.4,47.105415,-40.947926,-0.778577,47.470432,-41.797195,-0.091109,0.705882,0.681498919413538,0.634292986493479,14.345462694116273,16.0,0.0,0.0
2.5,47.105415,-40.947926,-0.778577,46.963993,-40.70528,-0.78884,0.141176,0.136299397699793,0.162719731710272,14.10498787524257,15.0,0.0,0.0
2.6,47.105415,-40.947926,-0.778577,46.741409,-40.525635,-0.777596,0.268235,0.258969434903979,0.384943968953048,13.707098152552769,14.0,0.0,0.0
2.7,47.105415,-40.947926,-0.778577,46.563793,-40.296658,-0.795766,0.517647,0.499766067328051,0.575761303981001,11.723600445110767,13.0,0.0,0.0
2.8,47.105415,-40.947926,-0.778577,47.224083,-41.082794,-0.650347,0.211765,0.204450062006975,0.149315545390417,11.24116006728027,12.0,0.0,0.0
2.9,47.105415,-40.947926,-0.778577,47.392845,-41.142139,-0.496525,0.442353,0.427072926493857,0.339530857893956,10.924983786100444,11.0,0.0,0.0
2.10,47.105415,-40.947926,-0.778577,47.378601,-41.566433,-0.718438,0.338824,0.327120099211161,0.346989703066812,9.938331897837125,10.0,0.0,0.0
2.11,47.105415,-40.947926,-0.778577,47.573589,-41.933407,-0.633207,0.64,0.617892662547939,0.582201686428789,8.413383601094335,9.0,0.0,0.0
2.12,47.105415,-40.947926,-0.778577,47.248806,-40.961212,-0.929052,0.164706,0.159016607621282,0.16885238089359,7.493924845676196,8.0,0.0,0.0
2.13,47.105415,-40.947926,-0.778577,47.372124,-41.51247,-1.041573,0.381176,0.368009146155271,0.364165413518439,6.9525866028271555,7.0,0.0,0.0
2.14,47.105415,-40.947926,-0.778577,47.580025,-42.094868,-1.221102,0.607059,0.586089534115139,0.668200815857427,5.0686535625617966,6.0,0.0,0.0
2.15,47.105415,-40.947926,-0.778577,47.117172,-40.963039,-0.613501,0.235294,0.227166306471179,0.104018887402393,4.604669434023886,5.0,0.0,0.0
2.16,47.105415,-40.947926,-0.778577,47.242302,-41.260323,-0.546501,0.423529,0.408899158556666,0.227136852113188,3.8926477147896232,4.0,0.0,0.0
2.17,47.105415,-40.947926,-0.778577,47.218876,-41.137081,-0.52074,0.385882,0.372552588139568,0.207506962444907,2.859532351358049,3.0,0.0,0.0
2.18,47.105415,-40.947926,-0.778577,47.523342,-41.869522,-0.338723,0.705882,0.681498919413538,0.591208297085967,1.9641897252731755,2.0,0.0,0.0
2.19,47.105415,-40.947926,-0.778577,47.321556,-41.485756,-0.755371,0.362353,0.349836343675364,0.284160233522987,0.9973367479430176,1.0,0.0,0.0
2.20,47.105415,-40.947926,-0.778577,47.470432,-41.974251,-0.657787,0.621176,0.599718894610748,0.513353394678202,0.0,0.0,0.0,0.0
2.21,32.480335,-2.030883,-41.895298,32.548862,-2.599062,-41.409134,0.131765,0.127213479188483,0.290468476935384,18.163066399416778,19.0,0.0,0.0
2.22,32.480335,-2.030883,-41.895298,32.713863,-1.482396,-43.03093,0.447059,0.431616368478155,0.304551484447236,16.05239957829682,18.0,0.0,0.0
2.23,32.480335,-2.030883,-41.895298,32.349373,-1.710041,-41.441402,0.503529,0.486135741375158,0.361090500644947,16.591453276163072,17.0,0.0,0.0
2.24,32.480335,-2.030883,-41.895298,32.700703,-3.24259,-40.321537,0.461176,0.445245728973763,0.584941734336766,12.24480276113867,16.0,0.0,0.0
2.25,32.480335,-2.030883,-41.895298,32.37162,-2.620447,-41.079983,0.225882,0.218079422502584,0.276815150498159,13.96456545435059,15.0,0.0,0.0
2.26,32.480335,-2.030883,-41.895298,32.502464,-1.752911,-42.320782,0.174118,0.168103491589878,0.119711401410878,12.951740473388467,14.0,0.0,0.0
2.27,32.480335,-2.030883,-41.895298,32.884285,-2.159065,-41.925198,0.338824,0.327120099211161,0.33633682862906,12.769650054329723,13.0,0.0,0.0
2.28,32.480335,-2.030883,-41.895298,32.940826,-1.904005,-42.798122,0.569412,0.549742963698042,0.432849906910501,11.441365802818154,12.0,0.0,0.0
2.29,32.480335,-2.030883,-41.895298,32.829792,-0.977746,-43.518417,0.616471,0.595176418083735,0.517262826607657,8.206885276467045,11.0,0.0,0.0
2.30,32.480335,-2.030883,-41.895298,32.698509,-2.407626,-41.766056,0.202353,0.19536317803838,0.284811339821702,9.79549564794195,10.0,0.0,0.0
2.31,32.480335,-2.030883,-41.895298,32.601784,-2.163577,-41.981541,0.155294,0.149929723652687,0.148604582534881,8.423300787200594,9.0,0.0,0.0
2.32,32.480335,-2.030883,-41.895298,32.517941,-0.905426,-42.624947,0.569412,0.549742963698042,0.596027366297893,6.954866015549088,8.0,0.0,0.0
2.33,32.480335,-2.030883,-41.895298,31.977043,-1.534627,-41.244911,0.710588,0.686042361397836,0.656997333268327,6.500321786558822,7.0,0.0,0.0
2.34,32.480335,-2.030883,-41.895298,32.855961,-2.627527,-41.194805,0.414118,0.399813240045355,0.407427288944112,5.969359208627532,6.0,0.0,0.0
2.35,32.480335,-2.030883,-41.895298,32.72263,-2.016149,-42.43713,0.461176,0.445245728973763,0.254511763645028,4.871165695384795,5.0,0.0,0.0
2.36,32.480335,-2.030883,-41.895298,32.222172,-1.965145,-41.443523,0.550588,0.531569195760851,0.274723615132639,3.9993072687743796,4.0,0.0,0.0
2.37,32.480335,-2.030883,-41.895298,32.834152,-2.423481,-42.032154,0.470588,0.454332612942358,0.412617604267087,2.9806801114895127,3.0,0.0,0.0
2.38,32.480335,-2.030883,-41.895298,32.733585,-2.782423,-40.969242,0.385882,0.372552588139568,0.399610778286913,1.9700495148409698,2.0,0.0,0.0
2.39,32.480335,-2.030883,-41.895298,32.433804,-2.387813,-40.73452,0.536471,0.517939835265243,0.246023487287904,0.9910187123523851,1.0,0.0,0.0
2.40,32.480335,-2.030883,-41.895298,32.362724,-1.50771,-41.644638,0.602353,0.581546092130842,0.433661340091274,0.0,0.0,0.0,0.0
2.41,34.190285,51.808216,43.582775,34.715588,53.13483,45.731628,0.569412,0.549742963698042,0.853684623798126,10.150507677854087,18.0,0.0,0.0
2.42,34.190285,51.808216,43.582775,33.56496,51.294258,45.612991,0.851765,0.822342724554914,1.22246344381292,7.026908332082972,15.0,0.0,0.0
2.43,34.190285,51.808216,43.582775,34.385742,52.03891,43.812469,0.141176,0.136299397699793,0.179002869047262,9.835407106244936,15.0,0.0,0.0
2.44,34.190285,51.808216,43.582775,33.4482,51.510384,43.200512,0.588235,0.567915766177948,0.615570147718697,11.716561190511158,15.0,0.0,0.0
2.45,34.190285,51.808216,43.582775,34.134457,51.828232,43.968327,0.230588,0.222622864486881,0.181846575490684,8.058827001368396,13.0,0.0,0.0
2.46,34.190285,51.808216,43.582775,34.534908,52.417599,44.04567,0.249412,0.240796632424073,0.339021375495258,8.377282674320638,13.0,0.0,0.0
2.47,34.190285,51.808216,43.582775,33.56496,51.333477,43.396244,0.583529,0.56337232419365,0.529701084322299,8.761042170995493,12.0,0.0,0.0
2.48,34.190285,51.808216,43.582775,33.647419,51.867054,44.060642,0.428235,0.413442600540963,0.487533364961207,7.941809963419347,11.0,0.0,0.0
2.49,34.190285,51.808216,43.582775,33.055687,51.864403,43.944145,0.738824,0.713303013303622,0.930250634889192,6.683000342409625,10.0,0.0,0.0
2.50,34.190285,51.808216,43.582775,33.65797,51.611317,44.422073,0.512941,0.495222625343754,0.628181677864903,6.835389605650148,9.0,0.0,0.0
2.51,34.190285,51.808216,43.582775,33.129089,51.806633,47.339005,0.955294,0.92229555183761,1.94447169404927,0.3208006473449465,4.0,0.0,0.0
2.52,34.190285,51.808216,43.582775,34.359085,52.552361,45.329834,0.409412,0.395269798061057,0.657722297902362,5.144032706710906,8.0,0.0,0.0
2.53,34.190285,51.808216,43.582775,33.003742,51.82431,44.833652,0.757647,0.731475815783528,1.12212801523365,3.292839053682128,7.0,0.0,0.0
2.54,34.190285,51.808216,43.582775,34.215057,51.356972,42.641239,0.188235,0.181732852085486,0.345970293900471,2.9183630853852627,6.0,0.0,0.0
2.55,34.190285,51.808216,43.582775,34.545094,53.420383,46.832092,0.583529,0.56337232419365,1.18551245083263,1.7650827183174842,5.0,0.0,0.0
2.56,34.190285,51.808216,43.582775,33.788448,51.56078,45.536312,0.72,0.695129245366431,1.04239726484768,1.6653641245431325,4.0,0.0,0.0
2.57,34.190285,51.808216,43.582775,33.995377,51.538044,42.743408,0.197647,0.190819736054082,0.366668113585603,1.8075684608273033,3.0,0.0,0.0
2.58,34.190285,51.808216,43.582775,34.285114,51.534107,43.08432,0.094118,0.0908669087713858,0.193849858899788,0.4239158483795979,2.0,0.0,0.0
2.59,34.190285,51.808216,43.582775,33.281662,51.464649,42.608803,0.691765,0.667869558917929,0.827057408186711,0.04714159788009398,1.0,0.0,0.0
2.60,34.190285,51.808216,43.582775,34.138596,53.062046,46.595966,0.56,0.540656079729446,1.10551653502328,0.0,0.0,0.0,0.0
2.61,83.337036,1.298298,101.262978,83.739815,2.502082,102.080269,0.548486,0.529539804547295,0.688013885006051,13.752479751555551,19.0,0.0,0.0
2.62,83.337036,1.298298,101.262978,83.13945,2.102509,103.90097,0.456341,0.44057774299967,0.627467370540903,9.754262063797242,18.0,0.0,0.0
2.63,83.337036,1.298298,101.262978,83.816116,1.630251,99.829933,0.517771,0.49988578403142,0.450067353965164,11.89562222730269,17.0,0.0,0.0
2.64,83.337036,1.298298,101.262978,83.58371,1.269276,100.591599,0.258885,0.249942409287067,0.204784156023031,11.031202012119937,16.0,0.0,0.0
2.65,83.337036,1.298298,101.262978,83.696388,0.377764,101.89196,0.447565,0.432104889864482,0.546360943418253,12.502576978978366,15.0,0.0,0.0
2.66,83.337036,1.298298,101.262978,84.185005,0.074277,101.175262,0.508995,0.491412930896231,0.848070758426863,7.746513958367769,14.0,0.0,0.0
2.67,83.337036,1.298298,101.262978,83.370773,1.299379,101.547249,0.127249,0.122853474088379,0.0558651194750629,7.878747142095192,13.0,0.0,0.0
2.68,83.337036,1.298298,101.262978,83.209801,1.117798,101.023628,0.118473,0.114380620953191,0.132689757757071,7.417769621687406,12.0,0.0,0.0
2.69,83.337036,1.298298,101.262978,82.904381,1.323077,101.130661,0.188679,0.182161515120129,0.29121243815389,7.588052711515886,11.0,0.0,0.0
2.70,83.337036,1.298298,101.262978,84.217651,0.246506,99.399963,0.601141,0.580375957901141,0.865514639003217,3.085384900478075,9.0,0.0,0.0
2.71,83.337036,1.298298,101.262978,83.752892,0.885896,101.971527,0.219394,0.211815535636004,0.37422585795815,7.344142175972129,9.0,0.0,0.0
2.72,83.337036,1.298298,101.262978,82.934685,1.681152,102.018196,0.320316,0.309251415776102,0.358136832557089,6.027034000233824,8.0,0.0,0.0
2.73,83.337036,1.298298,101.262978,83.935043,1.459541,103.458305,0.293989,0.283833821827822,0.563121169759489,5.322161245171248,7.0,0.0,0.0
2.74,83.337036,1.298298,101.262978,83.49707,1.062468,101.695587,0.122861,0.118617047520785,0.181406667066379,3.129552946554672,6.0,0.0,0.0
2.75,83.337036,1.298298,101.262978,83.961082,1.432432,104.613342,0.522159,0.504122210599014,0.727492636575129,2.299026442721229,4.0,0.0,0.0
2.76,83.337036,1.298298,101.262978,83.610466,0.965955,99.205475,0.500219,0.482940077761043,0.446176006004223,1.5012273828239744,4.0,0.0,0.0
2.77,83.337036,1.298298,101.262978,83.517036,2.825609,101.636269,0.653796,0.631212111254988,0.800194810666601,1.856614882591602,3.0,0.0,0.0
2.78,83.337036,1.298298,101.262978,84.083298,0.020635,102.44239,0.618692,0.597320698714233,0.854454009077034,1.4005889497844772,2.0,0.0,0.0
2.79,83.337036,1.298298,101.262978,84.286499,1.284942,103.96756,0.487056,0.470231763515545,0.79463921547194,0.4110790171085719,1.0,0.0,0.0
2.80,83.337036,1.298298,101.262978,83.259995,1.952924,101.255974,0.390522,0.377032309943041,0.343233909893081,0.0,0.0,0.0,0.0
2.81,73.868805,-12.713548,-21.607077,73.536446,-13.833928,-21.011154,0.8,0.772365828184924,0.908018293749338,12.50580012212267,19.0,0.0,0.0
2.82,73.868805,-12.713548,-21.607077,74.082825,-12.064073,-22.21175,0.550588,0.531569195760851,0.608822256432123,14.750237248177996,18.0,0.0,0.0
2.83,73.868805,-12.713548,-21.607077,74.222382,-12.637861,-21.483376,0.371765,0.35892322764396,0.270184581425075,12.063955125615134,15.0,0.0,0.0
2.84,73.868805,-12.713548,-21.607077,73.71328,-12.720397,-21.798758,0.150588,0.145386281668389,0.148645388199746,9.805055086324142,14.0,0.0,0.0
2.85,73.868805,-12.713548,-21.607077,73.575371,-14.389047,-20.712076,0.917647,0.885948981420513,1.32247195146508,3.35093333693219,13.0,0.0,0.0
2.86,73.868805,-12.713548,-21.607077,73.794014,-13.230515,-21.448774,0.404706,0.39072635607676,0.378820651846525,10.906617567876156,13.0,0.0,0.0
2.87,73.868805,-12.713548,-21.607077,74.065506,-11.026644,-22.770529,0.936471,0.904122749357704,1.40755642194829,2.3001237735840596,10.0,0.0,0.0
2.88,73.868805,-12.713548,-21.607077,74.780754,-13.598746,-22.995789,0.865882,0.835972085050522,1.02786787177627,6.820258170595263,12.0,0.0,0.0
2.89,73.868805,-12.713548,-21.607077,74.242828,-13.13448,-22.231668,0.418824,0.404356682029653,0.455597191765619,9.897135500393691,11.0,0.0,0.0
2.90,73.868805,-12.713548,-21.607077,74.068077,-12.849094,-21.324337,0.277647,0.268056318872574,0.237617194432365,7.598409693691205,10.0,0.0,0.0
2.91,73.868805,-12.713548,-21.607077,74.434723,-12.581929,-21.245028,0.555294,0.536112637745149,0.454811201110027,7.825088969290837,9.0,0.0,0.0
2.92,73.868805,-12.713548,-21.607077,74.652412,-13.728851,-22.190079,0.809412,0.781452712153519,0.877993584365454,6.165933036274948,8.0,0.0,0.0
2.93,73.868805,-12.713548,-21.607077,73.881042,-12.732629,-21.747696,0.108235,0.104496269266994,0.0683732088736778,3.9223738223589444,6.0,0.0,0.0
2.94,73.868805,-12.713548,-21.607077,74.068077,-12.456508,-22.570904,0.305882,0.295316005321076,0.559826881207024,5.3719883720008115,6.0,0.0,0.0
2.95,73.868805,-12.713548,-21.607077,74.059097,-11.677091,-22.338741,0.691765,0.667869558917929,0.876576439381325,4.2101898996218665,5.0,0.0,0.0
2.96,73.868805,-12.713548,-21.607077,73.379761,-12.617677,-22.459093,0.447059,0.431616368478155,0.568816046676673,3.337357787331981,4.0,0.0,0.0
2.97,73.868805,-12.713548,-21.607077,73.150574,-12.953817,-22.178558,0.541176,0.522482311792255,0.606404338469057,2.415400028837513,3.0,0.0,0.0
2.98,73.868805,-12.713548,-21.607077,74.987991,-12.81778,-20.247753,1.00706,0.972273413664886,1.08748023209307,0.8508299963995646,2.0,0.0,0.0
2.99,73.868805,-12.713548,-21.607077,73.455246,-12.781279,-22.11418,0.207059,0.199906620022678,0.391370608680683,0.9678987902475745,1.0,0.0,0.0
2.100,73.868805,-12.713548,-21.607077,74.45826,-12.801238,-20.989946,0.701176,0.67695547742924,0.545489807517172,0.0,0.0,0.0,0.0
2.101,65.514427,32.999004,3.564933,65.389732,33.179359,3.1801,0.244211,0.235775289083585,0.272850752031346,17.872778204146364,19.0,0.0,0.0
2.102,65.514427,32.999004,3.564933,65.525391,32.998871,3.753986,0.155789,0.150407625008876,0.116433153383407,15.379085500253089,18.0,0.0,0.0
2.103,65.514427,32.999004,3.564933,65.724525,32.467133,3.697629,0.378947,0.36585714186649,0.295763942816097,15.983531769294306,17.0,0.0,0.0
2.104,65.514427,32.999004,3.564933,65.834991,32.52422,3.469984,0.374737,0.361792566695667,0.328222370826886,15.166541791968704,16.0,0.0,0.0
2.105,65.514427,32.999004,3.564933,65.33786,32.827274,3.847688,0.202105,0.195123744631642,0.241821072732928,13.666392372997015,15.0,0.0,0.0
2.106,65.514427,32.999004,3.564933,65.555122,32.679134,3.75916,0.193684,0.186993628832711,0.188981854874851,12.178352731740103,14.0,0.0,0.0
2.107,65.514427,32.999004,3.564933,65.174744,32.202541,4.739989,0.711579,0.6869991295675,0.876343806463279,8.842267949446311,13.0,0.0,0.0
2.108,65.514427,32.999004,3.564933,65.692574,32.655769,3.447104,0.223158,0.215449516857614,0.210567263830396,11.032026117525069,12.0,0.0,0.0
2.109,65.514427,32.999004,3.564933,65.346512,33.364532,2.929516,0.454737,0.439029149514159,0.449213436700574,10.753955097790858,11.0,0.0,0.0
2.110,65.514427,32.999004,3.564933,66.065094,32.278522,3.14913,0.618947,0.597566890321967,0.583963753608246,9.303781572066166,10.0,0.0,0.0
2.111,65.514427,32.999004,3.564933,65.122589,32.907761,3.907809,0.357895,0.345532335097804,0.387877158227442,8.764142818814197,9.0,0.0,0.0
2.112,65.514427,32.999004,3.564933,64.758064,33.647118,3.505934,0.597895,0.577242083553281,0.676961140741839,7.217461176400254,8.0,0.0,0.0
2.113,65.514427,32.999004,3.564933,65.234711,32.676487,4.176224,0.505263,0.487809844307749,0.471337329270959,6.7343447655915245,7.0,0.0,0.0
2.114,65.514427,32.999004,3.564933,65.125755,33.23933,3.572043,0.370526,0.357727026067559,0.333103358657406,5.740691844077985,6.0,0.0,0.0
2.115,65.514427,32.999004,3.564933,65.384232,33.235359,2.585286,0.644211,0.621958203176047,0.622891726885995,4.47982545051104,5.0,0.0,0.0
2.116,65.514427,32.999004,3.564933,65.837326,32.721684,3.075154,0.442105,0.42683349308712,0.408042087765131,3.768320348577399,4.0,0.0,0.0
2.117,65.514427,32.999004,3.564933,65.698029,33.714306,3.84185,0.433684,0.418703377288188,0.354879069368923,2.7706314937485534,3.0,0.0,0.0
2.118,65.514427,32.999004,3.564933,65.579369,32.353355,3.952414,0.543158,0.524395848131583,0.378893737074348,1.7706902784960472,2.0,0.0,0.0
2.119,65.514427,32.999004,3.564933,65.449387,32.982235,3.518523,0.122105,0.11788716181315,0.0604041835827363,0.21736499861901953,1.0,0.0,0.0
2.120,65.514427,32.999004,3.564933,64.589378,33.571014,3.685557,0.741053,0.715455017592403,0.796617080994994,0.0,0.0,0.0,0.0
2.121,19.638876,-16.75136,1.607223,20.318142,-16.909208,1.523583,0.828982,0.800346711225493,0.486572376613215,18.54903292654366,19.0,0.0,0.0
2.122,19.638876,-16.75136,1.607223,20.318142,-16.974281,2.429238,1.19452,1.15325803635432,0.770394111297197,14.675477233236833,18.0,0.0,0.0
2.123,19.638876,-16.75136,1.607223,20.063911,-16.70783,1.938368,0.685379,0.661704148694443,0.383971386031019,16.511962218095007,17.0,0.0,0.0
2.124,19.638876,-16.75136,1.607223,20.007818,-17.29497,1.706934,0.711488,0.686911272954544,0.447052041049919,15.54854687213297,16.0,0.0,0.0
2.125,19.638876,-16.75136,1.607223,19.647066,-16.709942,1.549242,0.215405,0.207964326525217,0.0501065876000063,11.750115569880776,15.0,0.0,0.0
2.126,19.638876,-16.75136,1.607223,19.220238,-17.064001,1.224531,0.652742,0.630194519276354,0.461436249680938,13.660579580542308,14.0,0.0,0.0
2.127,19.638876,-16.75136,1.607223,19.830376,-16.621778,1.862531,0.313316,0.302493214779484,0.250309256283875,11.89339225826457,13.0,0.0,0.0
2.128,19.638876,-16.75136,1.607223,19.99979,-16.939514,1.618361,0.469974,0.453739822169227,0.279656770467867,11.081348947412039,12.0,0.0,0.0
2.129,19.638876,-16.75136,1.607223,19.457714,-15.783272,1.348489,0.75718,0.731024947231325,0.696276032057008,9.794680096357549,11.0,0.0,0.0
2.130,19.638876,-16.75136,1.607223,19.720615,-16.40362,1.390417,0.267624,0.258379540502702,0.284464674346592,9.234114117833283,10.0,0.0,0.0
2.131,19.638876,-16.75136,1.607223,20.365416,-17.106077,1.838645,1.0248,0.989400625904887,0.577588734006939,8.691756190386222,9.0,0.0,0.0
2.132,19.638876,-16.75136,1.607223,19.995775,-16.531384,2.018603,0.659269,0.636496058977058,0.42528620197499,7.690260493800274,8.0,0.0,0.0
2.133,19.638876,-16.75136,1.607223,20.302357,-17.911089,1.890427,1.18146,1.1406491642092,0.907567468877478,4.246280579207644,7.0,0.0,0.0
2.134,19.638876,-16.75136,1.607223,19.527927,-16.792128,0.88321,0.698433,0.674307228095851,0.54276504376564,5.806525103176551,6.0,0.0,0.0
2.135,19.638876,-16.75136,1.607223,19.370594,-16.083477,1.647574,0.724543,0.699515317813236,0.496634869190408,4.919331886034494,5.0,0.0,0.0
2.136,19.638876,-16.75136,1.607223,20.091892,-16.449589,2.390592,1.0248,0.989400625904887,0.699308140809841,3.2651768592184323,4.0,0.0,0.0
2.137,19.638876,-16.75136,1.607223,19.93141,-16.410097,1.610543,0.319843,0.308794754480188,0.308229122714613,3.0,3.0,0.0,0.0
2.138,19.638876,-16.75136,1.607223,19.610178,-16.874916,1.27063,0.339426,0.32770130449687,0.266841760098871,2.0,2.0,0.0,0.0
2.139,19.638876,-16.75136,1.607223,19.995775,-17.151211,1.67328,0.620104,0.59868392440098,0.365773751447955,0.9989436539315885,1.0,0.0,0.0
2.140,19.638876,-16.75136,1.607223,19.696133,-16.660366,1.429281,0.182768,0.176454697107128,0.147388139086881,0.0,0.0,0.0,0.0
2.141,16.503656,20.248148,-11.783588,15.85552,20.039375,-11.490644,0.357662,0.345307383550345,0.470906840251583,18.062353476865347,19.0,0.0,0.0
2.142,16.503656,20.248148,-11.783588,16.960146,20.378597,-12.085836,0.392556,0.378996050061201,0.354784470961576,16.875716098106324,18.0,0.0,0.0
2.143,16.503656,20.248148,-11.783588,16.399906,20.137093,-12.344335,0.380925,0.367766816376677,0.376239876291368,15.931435437728013,17.0,0.0,0.0
2.144,16.503656,20.248148,-11.783588,16.345293,19.551188,-11.702431,0.331492,0.320041366395846,0.419098978239071,14.92983000276518,16.0,0.0,0.0
2.145,16.503656,20.248148,-11.783588,16.205441,19.96682,-11.570309,0.229718,0.22178291664873,0.26951641445849,13.569085472503666,15.0,0.0,0.0
2.146,16.503656,20.248148,-11.783588,16.394947,19.983973,-11.712887,0.13376,0.129139566472519,0.167114951434958,11.952623221312502,14.0,0.0,0.0
2.147,16.503656,20.248148,-11.783588,16.488874,20.98031,-11.828447,0.354754,0.342499833764893,0.419698199629697,12.074373983934475,13.0,0.0,0.0
2.148,16.503656,20.248148,-11.783588,16.195404,20.343687,-11.563915,0.311137,0.300389483354966,0.260574289941163,10.530550032762525,12.0,0.0,0.0
2.149,16.503656,20.248148,-11.783588,16.340319,19.908346,-11.727859,0.177377,0.171249916882446,0.223439371810985,9.313429574358416,11.0,0.0,0.0
2.150,16.503656,20.248148,-11.783588,16.616535,20.642962,-11.70526,0.305321,0.294774383784061,0.260091404467593,8.528678645511635,10.0,0.0,0.0
2.151,16.503656,20.248148,-11.783588,16.380066,20.176977,-11.849157,0.087235,0.0842216662771397,0.105575545963891,6.514502138532588,8.0,0.0,0.0
2.152,16.503656,20.248148,-11.783588,16.409815,20.37859,-11.760819,0.081419,0.0786065667062354,0.103000410084763,5.496835169509959,7.0,0.0,0.0
2.153,16.503656,20.248148,-11.783588,17.046129,19.680902,-12.178279,0.471067,0.454795066981984,0.593568418098716,6.11208981162988,7.0,0.0,0.0
2.154,16.503656,20.248148,-11.783588,16.300472,20.605318,-12.377376,0.282059,0.272315916415014,0.390498443759736,5.054695517000113,6.0,0.0,0.0
2.155,16.503656,20.248148,-11.783588,16.839975,21.047499,-11.228234,0.590288,0.569897849984528,0.684587438025514,4.413146690657145,5.0,0.0,0.0
2.156,16.503656,20.248148,-11.783588,16.839975,20.34017,-11.940334,0.238441,0.230204600547802,0.24481778252772,2.6783538212425015,4.0,0.0,0.0
2.157,16.503656,20.248148,-11.783588,15.222633,20.935474,-10.958765,0.642629,0.620430849750811,1.1171742926544,1.3693366372932014,3.0,0.0,0.0
2.158,16.503656,20.248148,-11.783588,15.570988,20.796076,-11.349428,0.584472,0.564282750413623,0.777292547889257,1.6132896526325702,2.0,0.0,0.0
2.159,16.503656,20.248148,-11.783588,16.592062,20.658627,-11.822962,0.212271,0.204938583393302,0.242190062207174,0.9967649151889061,1.0,0.0,0.0
2.160,16.503656,20.248148,-11.783588,16.64097,20.948952,-11.558816,0.476883,0.460410166552889,0.474365008043182,0.0,0.0,0.0,0.0
2.161,53.276272,-0.441932,-6.983118,53.201385,-0.681212,-7.012048,0.365782,0.353146896706422,0.332534984770091,16.597287002892717,18.0,0.0,0.0
2.162,53.276272,-0.441932,-6.983118,53.432037,-0.681701,-6.966225,0.271386,0.262011590809742,0.359265046277143,15.820655866536702,17.0,0.0,0.0
2.163,53.276272,-0.441932,-6.983118,53.684746,0.013746,-6.404913,1.05015,1.0138749680855,0.863569803093422,12.096608548161402,17.0,0.0,0.0
2.164,53.276272,-0.441932,-6.983118,52.728806,-0.372554,-7.010635,0.619469,0.598070859024858,0.54288934667337,14.369897328342859,16.0,0.0,0.0
2.165,53.276272,-0.441932,-6.983118,53.610737,-0.359347,-7.820802,0.772861,0.746164282921035,0.717792664358586,12.201213907932724,15.0,0.0,0.0
2.166,53.276272,-0.441932,-6.983118,53.373711,-0.383226,-7.38811,0.324484,0.313275441740946,0.331768437157215,12.041843317144458,13.0,0.0,0.0
2.167,53.276272,-0.441932,-6.983118,53.443909,-0.407728,-6.955215,0.147493,0.142398191370599,0.17046337307956,9.911211528081246,12.0,0.0,0.0
2.168,53.276272,-0.441932,-6.983118,53.573135,0.552047,-6.89045,1.15044,1.11070067922133,1.41638356010081,1.6959834849200623,5.0,0.0,0.0
2.169,53.276272,-0.441932,-6.983118,53.379112,-0.411372,-7.12176,0.153392,0.148093423896177,0.151642930411118,8.752465045889235,11.0,0.0,0.0
2.170,53.276272,-0.441932,-6.983118,53.154636,-0.174681,-7.269518,0.60177,0.580983230533552,0.444288131434603,9.493400049657865,10.0,0.0,0.0
2.171,53.276272,-0.441932,-6.983118,53.651516,-0.442696,-6.951497,0.489676,0.472761261602851,0.364472116354607,8.20766824557055,9.0,0.0,0.0
2.172,53.276272,-0.441932,-6.983118,52.321049,-0.403509,-6.944968,0.961652,0.92843392925711,0.936296309403136,5.080389563074574,8.0,0.0,0.0
2.173,53.276272,-0.441932,-6.983118,53.315281,-0.440541,-6.917935,0.100295,0.0968305384222586,0.0624488487326094,4.935762036066421,7.0,0.0,0.0
2.174,53.276272,-0.441932,-6.983118,53.379112,0.036855,-6.95486,0.890855,0.8600824498346,0.667748320457081,5.75892419256344,6.0,0.0,0.0
2.175,53.276272,-0.441932,-6.983118,53.158989,-0.304687,-6.965231,0.312684,0.301883045775218,0.219912891113766,4.236324403076267,5.0,0.0,0.0
2.176,53.276272,-0.441932,-6.983118,53.532265,-0.418756,-7.415176,0.377581,0.364538327214864,0.411815559177871,3.814470719724038,4.0,0.0,0.0
2.177,53.276272,-0.441932,-6.983118,53.450382,-0.232605,-6.766391,0.619469,0.598070859024858,0.369723606245235,2.724582380701836,3.0,0.0,0.0
2.178,53.276272,-0.441932,-6.983118,53.32719,-0.359443,-7.858333,0.80236,0.774644307378069,0.669482500207814,1.9825791085100435,2.0,0.0,0.0
2.179,53.276272,-0.441932,-6.983118,53.452538,-0.168208,-6.954048,0.336283,0.324666872249388,0.413117377198861,0.8267837057213484,1.0,0.0,0.0
2.180,53.276272,-0.441932,-6.983118,54.154095,-0.444231,-6.931705,0.99705,0.962609186239722,0.848551474493982,0.0,0.0,0.0,0.0
2.181,86.947792,-2.204754,3.654282,87.289818,-1.368534,3.906631,1.11111,1.07272924419319,1.1821743812484,11.381465731900812,23.0,0.0,0.0
2.182,86.947792,-2.204754,3.654282,87.091438,-2.818859,3.450668,0.826389,0.797843280484888,0.831340522615077,14.683478677041336,22.0,0.0,0.0
2.183,86.947792,-2.204754,3.654282,87.565109,-1.833692,4.056794,0.805556,0.777729908861668,0.743745985180885,13.828755077244903,20.0,0.0,0.0
2.184,86.947792,-2.204754,3.654282,86.974792,-2.114703,3.587456,0.270833,0.261477692931009,0.12684404797876,8.129792797958176,14.0,0.0,0.0
2.185,86.947792,-2.204754,3.654282,86.81015,-2.005539,4.012824,0.361111,0.348637245727107,0.434140342259947,11.084061979616934,15.0,0.0,0.0
2.186,86.947792,-2.204754,3.654282,86.72049,-1.964609,5.304265,1.16667,1.12637005096063,1.46381240933188,3.4455177600394435,10.0,0.0,0.0
2.187,86.947792,-2.204754,3.654282,86.565414,-2.887379,3.699234,1.00694,0.972157558790659,0.905641912650907,10.757082805463662,17.0,0.0,0.0
2.188,86.947792,-2.204754,3.654282,86.624237,-2.011003,3.706836,0.305556,0.295001266246091,0.336095730783651,8.50077120474687,13.0,0.0,0.0
2.189,86.947792,-2.204754,3.654282,87.101715,-1.564333,3.434402,0.743056,0.717388828534721,0.859948884196881,9.3026522345698,17.0,0.0,0.0
2.190,86.947792,-2.204754,3.654282,87.248833,-2.690586,4.588306,0.944444,0.911820340292852,0.968844616168278,7.424487934553294,11.0,0.0,0.0
2.191,86.947792,-2.204754,3.654282,87.190727,-2.048269,2.87582,0.701389,0.677161119830994,0.707778930595512,7.4194850191602235,14.0,0.0,0.0
2.192,86.947792,-2.204754,3.654282,87.36779,-2.428666,2.802559,0.833333,0.804547415873534,0.86758015413178,6.340030241528585,18.0,0.0,0.0
2.193,86.947792,-2.204754,3.654282,86.90654,-2.178624,4.451188,0.777778,0.750911436392517,0.68351446058374,5.317177184841464,8.0,0.0,0.0
2.194,86.947792,-2.204754,3.654282,87.561714,-2.169178,3.742471,0.305556,0.295001266246091,0.405701497594816,4.003066070201522,8.0,0.0,0.0
2.195,86.947792,-2.204754,3.654282,87.676567,-2.735139,2.312143,1.21528,1.17330092959572,1.49124360236327,1.17193114767453,13.0,0.0,0.0
2.196,86.947792,-2.204754,3.654282,86.644493,-2.262628,3.079787,0.631944,0.610114938658117,0.548879053739806,3.176480573198315,9.0,0.0,0.0
2.197,86.947792,-2.204754,3.654282,87.002258,-2.170074,3.322487,0.270833,0.261477692931009,0.288518916843921,1.859553929985667,3.0,0.0,0.0
2.198,86.947792,-2.204754,3.654282,87.28299,-2.661876,4.10579,0.708333,0.683865255219639,0.70055283795243,1.4481405694876248,3.0,0.0,0.0
2.199,86.947792,-2.204754,3.654282,86.433685,-2.695352,2.483199,1.20139,1.15989072790386,1.29849778320033,0.09517566849513939,6.0,0.0,0.0
2.200,86.947792,-2.204754,3.654282,87.374603,-1.977161,3.800237,0.347222,0.335228009492532,0.434560951412379,0.000250441989295689,3.0,0.0,0.0
3.1,44.556732,-31.310787,-32.778877,46.852238,-32.445816,-32.922482,2.12969,2.05612472578394,2.2454246147162,1.6693419372920693,5.0,0.0,0.0
3.2,44.556732,-31.310787,-32.778877,49.093384,-32.89156,-37.24086,3.3096,3.19527743120103,4.7046156508872,0.0,0.0,0.0,0.0
3.3,44.556732,-31.310787,-32.778877,43.577606,-30.913877,-32.726452,0.664971,0.642001096417446,0.928603433507705,2.0960495983941,5.0,0.00323500929779342,0.010700369216510007
3.4,44.556732,-31.310787,-32.778877,45.180248,-30.44528,-30.589294,1.79593,1.73389370226519,1.03242690013372,0.4288565391323387,3.0,0.004978802025623892,0.020682929518763733
3.5,44.556732,-31.310787,-32.778877,39.185234,-28.413691,-35.944355,2.92117,2.82026485789869,5.27779748257294,1.9303234774638052,3.0,0.0,0.0
3.6,44.556732,-31.310787,-32.778877,43.741329,-30.462017,-37.943958,1.81564,1.75292286535709,2.3066712979698,2.9690744541797223,9.0,0.0,0.0
3.7,44.556732,-31.310787,-32.778877,46.530544,-30.773958,-35.018837,2.46726,2.38203414155942,2.13744810781475,1.5084762574806572,8.0,0.03405885725468344,0.05463909422144456
3.8,44.556732,-31.310787,-32.778877,39.280743,-27.535015,-35.714241,2.90973,2.80922002655565,5.31131436301331,0.9500144538760424,2.0,0.0,0.0
3.9,44.556732,-31.310787,-32.778877,44.083412,-28.151974,-37.515575,2.03242,1.9622146956495,2.70575361848449,1.6970521020268563,5.0,0.0,0.0
3.10,44.556732,-31.310787,-32.778877,53.788528,-30.593946,-31.412298,4.21805,4.07234710196927,9.22640840770175,0.0,0.0,0.0,0.0
3.11,44.556732,-31.310787,-32.778877,46.983669,-33.135971,-37.338257,2.68277,2.59009984109958,2.85778498682944,1.6863579671862219,6.0,0.0005173711680425851,0.015482869195006937
3.12,44.556732,-31.310787,-32.778877,41.478745,-29.019936,-34.497936,1.89256,1.82718583973707,3.15732179093344,0.21396387554547097,4.0,0.0,0.0
3.13,44.556732,-31.310787,-32.778877,46.817978,-31.787159,-33.695721,1.25493,1.21158131095513,2.19217398731256,0.09885888813123389,2.0,0.03144772578426659,0.035848525644980325
3.14,44.556732,-31.310787,-32.778877,50.701244,-31.401667,-35.834354,3.45645,3.33705483353722,6.16255455098425,0.0,0.0,0.0,0.0
3.15,44.556732,-31.310787,-32.778877,41.379356,-28.858633,-38.752048,2.02924,1.95914454148247,4.08980453109801,0.7738894190401726,1.0,0.0,0.0
3.16,44.556732,-31.310787,-32.778877,44.657303,-31.471785,-32.788872,0.138589,0.1338017597029,0.116138860077108,1.782166362397459,2.0,0.0,0.0
3.17,44.556732,-31.310787,-32.778877,44.437317,-31.692118,-33.595715,0.418309,0.403859471527759,0.329137821302758,0.9919668288764113,1.0,0.0,0.0
3.18,44.556732,-31.310787,-32.778877,45.902847,-30.979948,-38.617847,2.69676,2.60360658851997,2.65243386321627,1.567342848661023,5.0,8.717119613353596e-05,0.002269927768494637
3.19,44.556732,-31.310787,-32.778877,46.860142,-29.783543,-36.577312,2.7616,2.66620683889436,2.87595424015834,1.1315787027167579,2.0,0.0,0.0
3.20,44.556732,-31.310787,-32.778877,42.054081,-29.020147,-38.65707,2.51558,2.42868503758179,3.62081496641725,0.006811840875926604,1.0,0.0,0.0
3.21,44.556732,-31.310787,-32.778877,36.357056,-29.255663,-27.604942,4.15893,4.0152692672664,7.54579380281164,0.0,0.0,0.0,0.0
3.22,44.556732,-31.310787,-32.778877,38.70961,-27.202429,-37.027069,2.86459,2.76563928470031,5.98581812183761,0.659049740524157,1.0,0.0,0.0
3.23,44.556732,-31.310787,-32.778877,42.612183,-33.187115,-36.953465,1.51875,1.46628825194482,2.36529001971832,0.1519632642214352,1.0,0.0,0.0
3.24,44.556732,-31.310787,-32.778877,43.728207,-34.05938,-36.159443,1.84933,1.78544912129653,1.59137574127093,0.0,0.0,0.0,0.0
3.25,44.556732,-31.310787,-32.778877,45.005997,-28.818363,-38.094528,2.18881,2.1132025604868,2.68723415700759,0.0,0.0,0.0,0.0
3.26,44.556732,-31.310787,-32.778877,45.029755,-31.304766,-33.686054,1.15639,1.11644515006845,0.579839051658129,0.0,0.0,0.0,0.0
3.27,44.556732,-31.310787,-32.778877,48.978981,-28.745426,-29.359674,3.75016,3.62061929278247,4.541202890484,0.0,0.0,0.0,0.0
3.28,44.556732,-31.310787,-32.778877,41.000751,-29.807938,-30.704433,2.75652,2.66130231588538,3.36909917440428,0.0,0.0,0.0,0.0
3.29,44.556732,-31.310787,-32.778877,47.821083,-32.323616,-35.424484,2.90655,2.80614987238861,3.29653691478076,0.0,0.0,0.0,0.0
3.30,44.556732,-31.310787,-32.778877,39.575417,-27.711655,-38.417461,2.60585,2.5158368667196,5.47809112471121,0.0,0.0,0.0,0.0
3.31,37.94096,-26.413963,22.532221,38.759975,-27.055428,24.982691,1.45064,1.40053095624772,1.34097985777139,7.710421890082557,16.0,1.2957598750200803e-07,0.00042076575013844504
3.32,37.94096,-26.413963,22.532221,38.846592,-27.652151,25.06608,0.809873,0.781897787962011,1.40611163187506,7.000096508389239,14.0,0.0014185703968308018,0.020096989402397104
3.33,37.94096,-26.413963,22.532221,38.117416,-28.075758,24.765202,0.733138,0.707813423179798,1.10219787001687,5.656947937022498,12.0,0.0005487484699254135,0.012785629595629478
3.34,37.94096,-26.413963,22.532221,38.794655,-28.164686,25.475122,0.971163,0.937616393496944,1.55809289187039,4.867694557684615,11.0,1.1227783637115335e-05,0.0005685573280188943
3.35,37.94096,-26.413963,22.532221,37.786736,-29.528694,24.627922,1.31867,1.27311955831577,1.44275366946962,4.407114208530207,10.0,0.0,0.0
3.36,37.94096,-26.413963,22.532221,38.634762,-28.080297,24.336031,1.12072,1.08200728870426,1.11968229681088,3.1066183823423805,10.0,0.0,0.0
3.37,37.94096,-26.413963,22.532221,39.868664,-27.999357,25.304729,1.67351,1.61570242140719,2.11113349661577,1.4662619389250078,7.0,0.0,0.0
3.38,37.94096,-26.413963,22.532221,38.1334,-30.464113,24.727617,1.94086,1.87381742661374,1.78944632849347,1.0266022228260652,7.0,0.0,0.0
3.39,37.94096,-26.413963,22.532221,39.780178,-28.924278,26.946762,2.07185,2.00028267640617,2.57336404918948,0.25660757663788686,3.0,0.0,0.0
3.40,37.94096,-26.413963,22.532221,39.743366,-31.909815,24.419661,2.31134,2.23150004164618,2.80855887404544,2.017387391732178,4.0,0.0,0.0
3.41,37.94096,-26.413963,22.532221,38.008827,-28.247211,24.178265,1.02542,0.98999920942173,0.946746662989555,1.9917818122145134,7.0,0.0,0.0
3.42,37.94096,-26.413963,22.532221,35.342979,-34.321106,20.287224,3.1955,3.08511875495615,4.65147320690752,0.2783664372800593,2.0,0.0,0.0
3.43,37.94096,-26.413963,22.532221,36.326672,-30.45022,22.463766,2.26735,2.18902957566886,2.33697243302081,0.6266363439091738,4.0,0.0,0.0
3.44,37.94096,-26.413963,22.532221,40.038177,-31.596237,23.851086,2.12903,2.05548752397568,2.87397658680306,0.8470388630070357,2.0,0.0,0.0
3.45,37.94096,-26.413963,22.532221,36.049675,-27.738676,23.260357,1.60753,1.55200154972764,1.70618783382527,2.3402298400784414,5.0,0.0,0.0
3.46,37.94096,-26.413963,22.532221,36.248646,-27.261871,21.006685,1.85728,1.79312450671412,1.75096464293287,1.3461006225904444,3.0,0.0,0.0
3.47,37.94096,-26.413963,22.532221,37.622574,-27.844311,25.037935,0.932551,0.900338156799598,1.20140434577806,0.28604149036561416,4.0,0.00019677028775328572,0.0006898941876190118
3.48,37.94096,-26.413963,22.532221,36.924099,-27.364588,21.109121,1.71848,1.65911903552403,1.31801224071387,1.0098964553291225,2.0,5.878668111861387e-05,0.005998962144308993
3.49,37.94096,-26.413963,22.532221,37.637047,-27.200224,20.746946,1.65689,1.59965652132665,1.14618390980737,0.15054134924920115,1.0,0.07430670715202514,0.07430670715202514
3.50,37.94096,-26.413963,22.532221,38.310371,-26.00712,22.185444,0.106549,0.102868508284094,0.380373654972205,0.0,0.0,0.0,0.0
3.51,37.94096,-26.413963,22.532221,35.114986,-23.439978,19.086397,2.35533,2.27397050762349,3.02806664305277,0.09980704083567901,1.0,0.0,0.0
3.52,37.94096,-26.413963,22.532221,38.218491,-28.745186,16.970007,2.90225,2.80199840606212,3.48680345341543,0.0,0.0,0.0,0.0
3.53,37.94096,-26.413963,22.532221,33.594593,-30.936674,19.324982,2.92375,2.82275573769459,4.76402473511781,0.0561043421136671,1.0,0.0,0.0
3.54,37.94096,-26.413963,22.532221,38.329769,-32.780602,24.664495,2.36413,2.28246653173353,2.70319050076022,0.0,0.0,0.0,0.0
3.55,37.94096,-26.413963,22.532221,40.680279,-33.177597,25.982601,2.43451,2.3504154154681,3.73668819731319,0.003182937702708813,1.0,0.0,0.0
3.56,37.94096,-26.413963,22.532221,33.792645,-23.265856,19.811625,2.81867,2.7213054861625,3.84627710534019,0.0,0.0,0.0,0.0
3.57,37.94096,-26.413963,22.532221,32.553276,-24.59882,18.567949,3.06843,2.96243809772183,4.85499841613919,0.0,0.0,0.0,0.0
3.58,37.94096,-26.413963,22.532221,38.573685,-24.460569,24.928915,2.03568,1.96536208639936,1.89333138702792,0.0,0.0,0.0,0.0
3.59,37.94096,-26.413963,22.532221,34.931118,-31.725746,20.514952,2.94917,2.84729766188516,3.90638903685809,0.0,0.0,0.0,0.0
3.60,29.663366,-17.780882,-15.592666,30.337082,-19.286823,-16.190111,2.27366,2.19512161113867,1.02156546821388,0.6831744195909976,2.0,0.11155204882940886,0.11158217143118444
3.61,29.663366,-17.780882,-15.592666,28.028526,-18.742056,-15.634098,0.941847,0.909313047723107,1.38127388062203,0.6153410125616497,5.0,0.032225129614360894,0.09752149750122005
3.62,29.663366,-17.780882,-15.592666,27.045883,-18.129725,-15.387506,2.12885,2.05531374166434,2.00626558052373,1.1467595181068369,6.0,0.3811367891657011,0.4308355708189994
3.63,29.663366,-17.780882,-15.592666,26.879572,-17.577599,-14.544021,3.64538,3.51945867843595,2.19332279457869,0.0029918139356697273,2.0,0.0,0.0
3.64,29.663366,-17.780882,-15.592666,30.462749,-24.018875,-13.411894,5.03991,4.86581782640935,4.28731188932059,1.0247944872211676,2.0,0.0,0.0
3.65,29.663366,-17.780882,-15.592666,31.158451,-24.190399,-13.386363,5.23603,5.05516330918888,4.49049748797171,0.0,0.0,0.0,0.0
3.66,29.663366,-17.780882,-15.592666,29.673346,-26.267904,-11.751125,6.32839,6.10979022928398,5.97729512138494,0.0,0.0,0.0,0.0
3.67,29.663366,-17.780882,-15.592666,30.448284,-23.183617,-14.87591,4.56328,4.40565192054962,3.37918290595666,0.4343060926091043,1.0,0.0,0.0
3.68,29.663366,-17.780882,-15.592666,33.628414,-28.814991,-14.619029,6.44584,6.22318318743438,6.90877101379778,0.0,0.0,0.0,0.0
3.69,29.663366,-17.780882,-15.592666,31.074078,-22.11952,-15.782748,3.96807,3.83100208980719,2.75874869184205,0.5875223278758757,1.0,0.0,0.0
3.70,29.663366,-17.780882,-15.592666,30.380657,-21.443739,-15.970723,3.35576,3.2398429394873,2.19544048235633,0.0,0.0,0.0,0.0
3.71,29.663366,-17.780882,-15.592666,27.263798,-16.815567,-19.368349,4.07412,3.93338883490595,3.00252943461166,1.9154658150270816,10.0,0.011531369404159653,0.04565415710442392
3.72,29.663366,-17.780882,-15.592666,28.063391,-14.35998,-21.45389,5.43672,5.24892093176192,4.55009135426034,2.3081486036686005,7.0,0.0,0.0
3.73,29.663366,-17.780882,-15.592666,27.750319,-13.489217,-20.290024,5.37058,5.18506558691673,4.59210477187375,0.4071436304597481,3.0,0.0,0.0
3.74,29.663366,-17.780882,-15.592666,30.911507,-15.672613,-19.258196,4.99544,4.82288394093512,2.95600872058156,3.3016722311523994,9.0,8.971359997137377e-06,0.0006407809542010329
3.75,29.663366,-17.780882,-15.592666,31.128017,-16.310394,-19.110376,4.99886,4.82618580485061,2.69552502499352,3.014376147751637,6.0,0.0007623675184179262,0.005867944917780686
3.76,29.663366,-17.780882,-15.592666,29.214819,-17.903961,-19.338327,3.87343,3.73963121233291,2.11393907692872,2.2941759610831167,3.0,0.016674315498580474,0.0927586627598874
3.77,29.663366,-17.780882,-15.592666,28.401127,-16.644089,-19.050667,3.96579,3.82880084719686,2.47896782811544,1.6870302030325397,3.0,0.030719079011911198,0.07635026328328798
3.78,29.663366,-17.780882,-15.592666,29.389746,-16.900932,-18.912653,4.01368,3.87503659658658,2.13073599134341,0.43344356349177293,1.0,0.03465730040383265,0.03465730040383265
3.79,29.663366,-17.780882,-15.592666,28.935692,-20.810698,-25.302143,6.20182,5.98759230069228,4.84936297176457,0.24033961280603272,2.0,0.0,0.0
3.80,29.663366,-17.780882,-15.592666,27.283247,-17.862297,-22.909641,5.41277,5.22579822978064,4.32128762259248,2.509818914494624,5.0,0.0,0.0
3.81,29.663366,-17.780882,-15.592666,28.287352,-18.004406,-22.289125,5.3797,5.19387055735804,3.74416082826364,3.308599315774916,5.0,0.0,0.0
3.82,29.663366,-17.780882,-15.592666,28.416956,-18.794264,-22.234827,5.22463,5.04415709613725,3.59156969391471,1.5358847031467882,6.0,0.0004859891949282043,0.005130670226136508
3.83,29.663366,-17.780882,-15.592666,31.936319,-21.592922,-21.160688,6.15051,5.93805468738707,3.59674803414348,0.006958211132423642,2.0,0.0,0.0
3.84,29.663366,-17.780882,-15.592666,30.457928,-18.034014,-23.709879,6.39795,6.17694743804466,4.32751737119502,0.922411707116236,2.0,0.0,0.0
3.85,29.663366,-17.780882,-15.592666,28.653053,-15.846234,-22.425413,5.76739,5.56816869226931,4.28880003211419,0.8595813919924691,1.0,0.0,0.0
3.86,29.663366,-17.780882,-15.592666,28.863426,-16.463339,-22.02471,5.78449,5.58467801184676,3.87682372550798,0.3957883490199482,1.0,0.0,0.0
3.87,29.663366,-17.780882,-15.592666,30.064074,-16.640171,-20.914446,5.3569,5.17185813125477,3.24233205018026,0.7002654623412569,1.0,0.0,0.0
3.88,29.663366,-17.780882,-15.592666,30.707293,-17.498272,-20.17761,5.25656,5.07498414725468,2.7368069656014,0.0,0.0,0.0,0.0
3.89,76.586235,-3.394574,88.365326,76.552238,-8.469414,86.667297,2.3819,2.29962270769209,2.80554084189945,0.13027243254234208,2.0,0.0,0.0
3.90,76.586235,-3.394574,88.365326,76.81208,-2.356892,94.343094,1.24138,1.19849936474025,1.34488652338753,0.33226820474230034,7.0,0.0,0.0
3.91,76.586235,-3.394574,88.365326,77.036835,-6.361817,91.917915,1.96466,1.89679531000224,1.68493192970442,1.9350344909390773,3.0,8.206360993410578e-15,9.644372018493262e-10
3.92,76.586235,-3.394574,88.365326,76.484764,-7.172309,91.384369,2.10862,2.03578254078412,2.02736304703986,1.001437516282671,2.0,0.0,0.0
3.93,76.586235,-3.394574,88.365326,76.979691,-6.569124,92.230064,2.13017,2.05658814528085,1.79163275372607,0.0,0.0,0.0,0.0
3.94,76.586235,-3.394574,88.365326,76.922485,-2.86438,86.567047,0.987069,0.95297295707583,0.507862916569509,8.42342285861948,17.0,0.0,0.0
3.95,76.586235,-3.394574,88.365326,77.270073,-2.082521,88.683907,0.82931,0.800663381215049,0.871226271362972,8.682755886213663,16.0,0.0,0.0
3.96,76.586235,-3.394574,88.365326,76.810875,-3.994799,85.743958,1.44655,1.39658223595113,0.674073331640683,4.610991850707829,16.0,0.0,0.0
3.97,76.586235,-3.394574,88.365326,76.245697,-5.949123,86.884087,1.71336,1.65417589422365,1.4718604185717,0.16506934034031423,9.0,0.0002729630970197681,0.0020778869349106785
3.98,76.586235,-3.394574,88.365326,76.485977,-7.310255,82.863777,2.18017,2.10486100954241,2.56074313412164,0.0,0.0,0.0,0.0
3.99,76.586235,-3.394574,88.365326,76.30619,-0.78623,91.265755,1.58319,1.52850231940511,1.56810423364725,2.184621408069236,9.0,7.486076756811925e-05,0.0016858263955687254
3.100,76.586235,-3.394574,88.365326,76.322678,-2.543353,90.208984,0.693534,0.669577452855503,0.640658566920221,7.489255750167126,11.0,0.0,0.0
3.101,76.586235,-3.394574,88.365326,76.633553,-0.461002,87.400345,1.61681,1.56096099333458,1.608116031903,2.5070939403245154,9.0,7.373625660347596e-05,0.0024164777184799134
3.102,76.586235,-3.394574,88.365326,76.75769,-3.576742,83.140755,1.16034,1.12025870634512,1.10076134547137,2.0499923787824668,6.0,0.0,0.0
3.103,76.586235,-3.394574,88.365326,77.039238,-4.653747,82.49292,1.48836,1.43694800504664,1.50039572690872,0.690905307043338,2.0,0.0,0.0
3.104,76.586235,-3.394574,88.365326,76.538261,-3.085625,89.840164,0.82931,0.800663381215049,0.353315324943171,5.53880519010859,9.0,0.0,0.0
3.105,76.586235,-3.394574,88.365326,75.964798,0.450802,90.415497,1.92414,1.85767498080467,2.19370323625446,1.0021601072549962,2.0,7.238619548631943e-09,3.358284977033752e-06
3.106,76.586235,-3.394574,88.365326,75.793457,0.706813,90.989815,1.79052,1.72867057835209,2.37747785944139,0.0,0.0,0.0,0.0
3.107,76.586235,-3.394574,88.365326,76.101166,-2.943627,83.508659,0.822414,0.794005587776095,1.069718998762,0.3179427136696565,4.0,0.0,0.0
3.108,76.586235,-3.394574,88.365326,76.546768,-1.71407,89.060661,0.7625,0.736161179988755,0.934088847380458,5.105987678247345,9.0,0.0,0.0
3.109,76.586235,-3.394574,88.365326,76.446426,-3.121561,87.777634,0.70819,0.683727194827851,0.207919541086255,3.993586227361911,6.0,0.0,0.0
3.110,76.586235,-3.394574,88.365326,75.589851,-1.965028,88.493591,0.755603,0.729502421092516,1.06108692987206,3.423736125585392,7.0,0.0,0.0
3.111,76.586235,-3.394574,88.365326,76.450081,3.510471,94.145355,2.45345,2.36870117645038,3.90838852066371,0.0,0.0,0.0,0.0
3.112,76.586235,-3.394574,88.365326,76.988121,-0.536318,84.885696,1.4556,1.40531962438247,1.71780528372005,0.005493479913062894,3.0,0.0,0.0
3.113,76.586235,-3.394574,88.365326,75.948799,-2.245929,88.97496,0.450862,0.435288002533889,0.791567784535875,3.6371234917563107,5.0,0.0,0.0
3.114,76.586235,-3.394574,88.365326,76.76857,-3.830051,87.983215,1.07241,1.03536604725474,0.287042967083524,2.4777694791932423,4.0,0.0,0.0
3.115,76.586235,-3.394574,88.365326,76.569237,-2.010834,89.610184,0.923276,0.891383540479079,0.808019478770971,1.7625384610420325,3.0,0.0,0.0
3.116,76.586235,-3.394574,88.365326,76.660835,-2.971736,88.89138,0.748276,0.722428515563627,0.26600537956064,0.7981952253631371,2.0,0.0,0.0
3.117,76.586235,-3.394574,88.365326,75.276176,-1.997579,89.086548,0.859483,0.829794123882328,1.22874114992481,0.021742466651881023,1.0,0.0,0.0
3.118,76.586235,-3.394574,88.365326,76.677795,-3.380409,86.644958,0.772414,0.745732723514537,0.355349683164797,0.0,0.0,0.0,0.0
3.119,47.858109,-38.116409,-21.61812,49.017159,-34.02663,-26.304356,4.92065,4.75067739057268,3.55604759593054,1.5116001283311258,3.0,0.0,0.0
3.120,47.858109,-38.116409,-21.61812,50.300049,-40.439922,-22.519751,3.83781,3.70524162383298,2.57571904556771,0.9878119686279175,1.0,0.0,0.0
3.121,47.858109,-38.116409,-21.61812,48.048923,-45.089535,-18.538054,4.89382,4.72477417160993,3.63506200581134,0.5131178613762237,2.0,0.026455531979429122,0.0320557063424465
3.122,47.858109,-38.116409,-21.61812,53.407207,-47.744591,-15.812126,6.82614,6.59034659300779,7.87084779938646,4.297998622404107e-07,1.0,0.0,0.0
3.123,47.858109,-38.116409,-21.61812,49.634087,-47.444359,-12.549209,7.2042,6.95534737426228,7.26215723408868,0.0,0.0,0.0,0.0
3.124,47.858109,-38.116409,-21.61812,48.385792,-30.939484,-31.000774,5.87631,5.67332629977668,6.24819172800826,0.00029619765620830606,1.0,0.0,0.0
3.125,47.858109,-38.116409,-21.61812,48.023544,-38.743229,-24.494772,3.56593,3.44275309712433,1.35788338784508,0.6932569344046601,2.0,0.604700091436711,0.6474662397558902
3.126,47.858109,-38.116409,-21.61812,46.644775,-36.511414,-27.130316,5.24854,5.06724117982712,3.23449837086912,0.47732188220976024,1.0,0.0,0.0
3.127,47.858109,-38.116409,-21.61812,45.170517,-34.077999,-29.504404,5.81564,5.61475200628171,5.35240116453429,0.0,0.0,0.0,0.0
3.128,47.858109,-38.116409,-21.61812,43.244469,-31.786913,-31.679604,6.49708,6.27265321872963,7.61795414504871,0.10919392397214092,1.0,0.0,0.0
3.129,47.858109,-38.116409,-21.61812,43.1866,-33.936687,-30.632812,5.94749,5.74204754933944,6.83267691188316,0.0,0.0,0.0,0.0
3.130,47.858109,-38.116409,-21.61812,40.880394,-37.678425,-24.978354,5.45158,5.26326762702046,6.77435945834009,0.0,0.0,0.0,0.0
3.131,47.858109,-38.116409,-21.61812,48.925953,-34.88229,-27.318941,5.58343,5.39056317007818,3.68233414644582,0.5602597473775616,1.0,0.0,0.0
3.132,47.858109,-38.116409,-21.61812,52.597481,-33.751492,-27.481869,6.4049,6.18365736617702,6.16260572172613,0.0,0.0,0.0,0.0
3.133,47.858109,-38.116409,-21.61812,49.960976,-34.471241,-27.454325,5.91715,5.71275557530553,4.25701199241142,0.0,0.0,0.0,0.0
3.134,47.858109,-38.116409,-21.61812,46.844337,-39.818005,-22.342255,1.45508,1.40481758659415,1.17196206478861,0.8338852413591374,1.0,0.6194003960066499,0.61940039600665
3.135,47.858109,-38.116409,-21.61812,45.54092,-32.031162,-19.562046,4.14236,3.99927164005012,3.25674759275359,1.144194862693659,2.0,0.0,0.0
3.136,47.858109,-38.116409,-21.61812,48.003231,-30.85498,-20.307447,4.31272,4.1637469431621,2.89279851583161,0.003255808343062428,1.0,0.0,0.0
3.137,47.858109,-38.116409,-21.61812,45.962532,-29.525188,-23.647736,5.31389,5.13033381341698,4.5873810308938,0.00010362421266098254,1.0,9.409701112649142e-05,9.409701112649142e-05
3.138,47.858109,-38.116409,-21.61812,44.52124,-32.887341,-20.353342,3.46441,3.34473987352766,3.7984869715311,0.0,0.0,0.0,0.0
3.139,47.858109,-38.116409,-21.61812,42.550022,-31.916967,-22.34507,4.84597,4.67857704051162,5.76186140587375,0.0,0.0,0.0,0.0
3.140,47.858109,-38.116409,-21.61812,47.618614,-41.049709,-20.775898,3.15519,3.04620117178849,1.41247363190091,0.0,0.0,0.0,0.0
3.141,47.858109,-38.116409,-21.61812,50.505371,-39.576664,-21.55298,3.76196,3.63201168874819,2.70792862316872,0.0,0.0,0.0,0.0
3.142,47.858109,-38.116409,-21.61812,47.957474,-44.697945,-16.513851,6.24504,6.02931936455997,4.38127018177247,1.4388559113350081,4.0,0.0,0.0
3.143,47.858109,-38.116409,-21.61812,51.262524,-42.663998,-17.124809,6.1902,5.97637368703789,4.87891887816217,1.1712137812600454,3.0,0.0,0.0
3.144,47.858109,-38.116409,-21.61812,46.514572,-43.532093,-16.652491,6.12252,5.91103153797345,4.18682970551244,0.07119578400004616,2.0,0.0,0.0
3.145,47.858109,-38.116409,-21.61812,50.302418,-45.60273,-17.140932,5.96733,5.76120222187842,5.00478262816082,0.02662430261599765,1.0,0.0,0.0
3.146,47.858109,-38.116409,-21.61812,50.081539,-41.412773,-15.67382,6.16453,5.95159039852601,4.4904231010127,0.0,0.0,0.0,0.0
3.147,47.858109,-38.116409,-21.61812,55.548111,-32.422401,-24.242056,6.50292,6.27829148927538,8.24969606583292,0.0,0.0,0.0,0.0
3.148,29.404896,8.760221,-38.928978,26.882402,13.318522,-43.484776,2.56587,2.47723788445606,2.53018197110874,1.215335419513354,4.0,0.0,0.0
3.149,29.404896,8.760221,-38.928978,28.300611,9.892959,-39.956184,2.04644,1.97575040678844,0.951081126460847,6.715693831530028,15.0,0.0,0.0
3.150,29.404896,8.760221,-38.928978,28.556295,11.605214,-42.510571,2.11069,2.03778103736455,1.17294961305908,6.133443059373808,13.0,0.0,0.0
3.151,29.404896,8.760221,-38.928978,28.268776,14.967535,-46.187386,2.38229,2.29999923603333,2.30011559475457,0.8583326944448539,4.0,0.0,0.0
3.152,29.404896,8.760221,-38.928978,28.819439,8.535285,-38.790409,2.0567,1.98565599853492,0.460910527343002,2.509232481365326,9.0,0.0,0.0
3.153,29.404896,8.760221,-38.928978,29.495569,10.766896,-42.541412,1.9487,1.88138661172995,0.869397152284897,4.349076110669364,11.0,0.0,0.0
3.154,29.404896,8.760221,-38.928978,27.682259,4.266837,-34.517494,1.87635,1.81153577714348,2.195144069978,2.048272677419884,5.0,0.003277250605586817,0.06992757841237873
3.155,29.404896,8.760221,-38.928978,27.449245,7.645107,-38.960178,1.473,1.42211858114549,1.69886358678036,1.5884403729210648,9.0,7.407200650111537e-07,0.001005918472651147
3.156,29.404896,8.760221,-38.928978,28.348282,4.264446,-35.055851,1.85529,1.79120324671651,2.05424355995212,0.8717071369682656,4.0,0.0023510867431055108,0.03922545143900484
3.157,29.404896,8.760221,-38.928978,28.595572,7.211959,-36.70414,1.9865,1.91788089711169,0.831484155610221,0.3301337011853269,2.0,0.0,0.0
3.158,29.404896,8.760221,-38.928978,28.356216,12.657312,-43.856812,2.30076,2.22128550356843,1.55676977087141,2.424630561000455,8.0,0.0,0.0
3.159,29.404896,8.760221,-38.928978,28.239552,10.573407,-41.638794,2.11663,2.04351585363882,1.10552318534723,4.206487381004621,9.0,0.0,0.0
3.160,29.404896,8.760221,-38.928978,28.258154,11.50812,-41.789227,2.4406,2.35629505033516,1.32145623837868,2.658457905599965,7.0,0.0,0.0
3.161,29.404896,8.760221,-38.928978,28.824617,3.319963,-34.785561,1.7419,1.68173004514415,2.50360057873049,0.10164158596397835,2.0,0.0006723021389218367,0.00781622146165734
3.162,29.404896,8.760221,-38.928978,29.475451,12.966719,-45.160393,2.36069,2.27914535867233,1.5077227725757,0.5899840029484386,2.0,0.0,0.0
3.163,29.404896,8.760221,-38.928978,29.938681,9.471891,-41.351395,2.12689,2.05342144538529,0.887305110170597,2.214463207342411,6.0,0.0,0.0
3.164,29.404896,8.760221,-38.928978,30.448284,13.029512,-46.844555,2.69006,2.59713802470892,2.04982634311048,0.0,0.0,0.0,0.0
3.165,29.404896,8.760221,-38.928978,34.188221,6.307898,-38.37011,2.63985,2.54866241441746,4.08810617759116,0.0,0.0,0.0,0.0
3.166,29.404896,8.760221,-38.928978,31.052937,9.63992,-42.513908,2.38553,2.30312731763748,1.78023746515983,1.4526504077409033,4.0,0.0,0.0
3.167,29.404896,8.760221,-38.928978,31.0952,9.396107,-40.53981,2.02538,1.95541787636148,1.38797251017405,1.200288853734923,3.0,0.0,0.0
3.168,29.404896,8.760221,-38.928978,32.623802,4.662545,-34.327713,2.46436,2.37923431543225,2.93487113681445,0.005016716179616843,1.0,5.2482126707873736e-05,5.2482126707873736e-05
3.169,29.404896,8.760221,-38.928978,27.858782,9.717718,-38.808945,2.19222,2.11649476982944,1.39464560574422,0.9379625396012297,2.0,0.0,0.0
3.170,29.404896,8.760221,-38.928978,29.189354,7.389401,-32.391411,3.57505,3.45155806756564,2.60081520451784,0.5489862603583023,2.0,0.0,0.0
3.171,29.404896,8.760221,-38.928978,27.928995,8.821101,-34.57885,3.27052,3.15754736049419,2.57401458483475,0.03710740418039117,1.0,0.0,0.0
3.172,29.404896,8.760221,-38.928978,27.695889,14.502809,-42.821709,2.82883,2.73111453218045,2.84897200527777,0.0,0.0,0.0,0.0
3.173,29.404896,8.760221,-38.928978,29.329056,8.896725,-39.394382,1.88769,1.822484062758,0.164077007070288,0.012821276452682736,1.0,0.0,0.0
3.174,29.404896,8.760221,-38.928978,26.057425,9.337479,-35.133762,3.86879,3.73515149052944,3.4571965065901,0.0,0.0,0.0,0.0
3.175,29.404896,8.760221,-38.928978,25.620501,4.66767,-29.028551,3.65443,3.52819606686729,4.07165670172843,0.0,0.0,0.0,0.0
3.176,29.404896,8.760221,-38.928978,28.585106,9.269267,-41.365337,2.09179,2.01953389467368,1.09409460131487,0.327624834220279,1.0,0.0,0.0
3.177,29.404896,8.760221,-38.928978,28.247526,8.651392,-41.9328,1.71706,1.65774808617901,1.77030462779733,0.0,0.0,0.0,0.0
3.178,32.936481,59.465057,-0.028572,32.746727,60.125694,3.060681,1.71901,1.65963072788521,1.44101493144136,3.902039785961141,13.0,3.3290111324234406e-06,0.0015872405450523645
3.179,32.936481,59.465057,-0.028572,34.036976,59.847973,2.767086,2.18945,2.11382045314935,1.56890047960457,2.7949998112250727,11.0,0.0020549599303330726,0.018699105883611237
3.180,32.936481,59.465057,-0.028572,33.531048,61.778255,-1.684946,1.85569,1.7915894296306,1.07711054585521,4.845042989972499,14.0,0.014841216970234338,0.16866236129450615
3.181,32.936481,59.465057,-0.028572,35.093071,62.860939,-3.244256,2.88303,2.78344231703997,2.42624248479779,2.8307651517210477,8.0,0.0,0.0
3.182,32.936481,59.465057,-0.028572,32.447105,60.62175,0.192366,0.359186,0.346778740453037,0.51057909665252,4.144609167702161,8.0,0.15864146424328449,0.5123108348432976
3.183,32.936481,59.465057,-0.028572,33.439686,66.672356,-4.109601,3.12015,3.01237154851399,2.58264976226793,1.512727689369998,3.0,0.0,0.0
3.184,32.936481,59.465057,-0.028572,34.567482,63.967304,5.532771,3.35855,3.24253656531309,3.05236093773135,1.4002645669170981e-08,1.0,4.508575188165253e-09,4.508575188165253e-09
3.185,32.936481,59.465057,-0.028572,35.089085,62.422443,1.565142,2.63128,2.54038844548303,2.04762794465676,1.1751313101167935,9.0,0.0,0.0
3.186,32.936481,59.465057,-0.028572,32.823242,59.564415,1.884654,0.972664,0.939065544882075,0.887480458207496,3.339539058414344,8.0,0.00012468261668195012,0.0036435646097116277
3.187,32.936481,59.465057,-0.028572,31.775017,61.082279,-1.006556,1.67514,1.61727611678212,1.11265888835439,3.570133923069885,10.0,0.0003436437984840264,0.01098657213132904
3.188,32.936481,59.465057,-0.028572,31.591951,51.509239,3.541886,3.45645,3.33705483353722,3.09270799724129,1.9936497842470642,3.0,0.0,0.0
3.189,32.936481,59.465057,-0.028572,33.759045,65.799271,-3.942443,3.24984,3.13758170383561,2.44528089686227,1.0250839292627283,4.0,0.0,0.0
3.190,32.936481,59.465057,-0.028572,31.811462,52.566177,-0.339155,3.2314,3.11977867149595,2.16039054101243,0.17687173805631226,4.0,0.0,0.0
3.191,32.936481,59.465057,-0.028572,32.262413,52.163685,4.374779,3.29943,3.18545873061023,3.08324093727209,0.8529270875910118,1.0,0.0,0.0
3.192,32.936481,59.465057,-0.028572,34.303627,68.698059,-7.513859,4.04132,3.90172183595037,4.04370005307239,0.0,0.0,0.0,0.0
3.193,32.936481,59.465057,-0.028572,34.198547,63.099815,-2.427738,2.71392,2.62017383553453,1.75714386245453,3.549890614486485,8.0,0.0,0.0
3.194,32.936481,59.465057,-0.028572,32.028976,59.363575,0.183424,1.0445,1.00842013442394,0.730403951448167,1.898797782778943,5.0,1.4633878117627288e-05,0.00042421649129363706
3.195,32.936481,59.465057,-0.028572,31.628677,53.279896,-5.008774,4.00381,3.86550753318135,3.14156607031872,0.0,0.0,0.0,0.0
3.196,32.936481,59.465057,-0.028572,31.2262,51.449486,2.7128,3.54545,3.4229805319228,3.00067790040748,0.0,0.0,0.0,0.0
3.197,32.936481,59.465057,-0.028572,31.020012,56.068981,1.182794,2.81182,2.71469210375866,1.87844050165192,0.0,0.0,0.0,0.0
3.198,32.936481,59.465057,-0.028572,35.214363,63.038635,-0.935915,2.7349,2.64042912937868,2.12027095744974,1.253552796534365,5.0,0.0,0.0
3.199,32.936481,59.465057,-0.028572,34.67915,61.439972,-2.826487,2.88557,2.78589457854446,1.95816011632887,0.7062168839806837,6.0,0.0,0.0
3.200,32.936481,59.465057,-0.028572,33.435429,61.913399,1.551996,1.89574,1.83025599390411,1.04797943296758,2.6782821527577694,4.0,0.0,0.0
3.201,32.936481,59.465057,-0.028572,32.293667,58.748772,-3.651752,2.94342,2.84174628249508,1.74443304549219,0.0,0.0,0.0,0.0
3.202,32.936481,59.465057,-0.028572,32.37162,63.420448,0.121786,1.92371,1.85725983417202,1.14545203404972,1.2496183005836805,4.0,0.0,0.0
3.203,32.936481,59.465057,-0.028572,34.276886,62.521255,-0.220492,2.13922,2.06532553371219,1.35912600995572,0.9078171171950511,3.0,0.0,0.0
3.204,32.936481,59.465057,-0.028572,32.641399,59.011467,-1.347765,1.98729,1.91864360836702,0.661850002560288,0.1352699187025487,1.0,0.0,0.0
3.205,32.936481,59.465057,-0.028572,33.586128,65.063057,-2.968935,2.93961,2.83806789023835,2.01144667067549,0.0,0.0,0.0,0.0
3.206,32.936481,59.465057,-0.028572,34.084724,60.99276,1.408724,1.97203,1.90391073019439,1.20622241561437,0.019093130063055942,1.0,0.0,0.0
3.207,32.936481,59.465057,-0.028572,32.38718,59.814613,4.296834,1.90718,1.84130082524715,2.05362628430412,0.0,0.0,0.0,0.0
3.208,31.967999,8.018895,30.25559,30.652374,10.580029,30.29673,2.4946,2.40842974373764,2.25956972677479,5.3947160645332435,15.0,9.480661983880182e-06,0.005310958615813103
3.209,31.967999,8.018895,30.25559,32.037994,8.234765,30.500162,0.151303,0.146076583627329,0.179286132120219,0.41402172352407063,2.0,0.013945870555665549,0.015147699501754066
3.210,31.967999,8.018895,30.25559,30.460339,7.175619,29.245165,0.913541,0.881984813807354,1.36923806334402,3.5849039596347954,9.0,0.14476808389179444,0.523235717409079
3.211,31.967999,8.018895,30.25559,30.037085,6.90895,29.704403,2.50604,2.41947457508068,1.73466765938698,4.561774397566558,14.0,0.0006587857882108931,0.010198435395093543
3.212,31.967999,8.018895,30.25559,30.39275,15.84525,27.081135,4.43865,4.28532697909126,6.94994660490742,0.0,0.0,0.0,0.0
3.213,31.967999,8.018895,30.25559,30.669104,14.281133,28.919001,4.35474,4.20431545828752,5.23446359004943,0.701649017097,1.0,0.0,0.0
3.214,31.967999,8.018895,30.25559,31.381989,9.833368,32.073612,1.95105,1.88365543635024,1.4397067536527,0.9253526139358494,7.0,5.31178730892225e-11,1.3553731850852808e-06
3.215,31.967999,8.018895,30.25559,29.904137,9.454279,30.957916,1.67705,1.61912014019691,1.93344111848988,3.3079804003135753,16.0,0.005457556646914808,0.04814922953471849
3.216,31.967999,8.018895,30.25559,30.496466,14.111893,27.062773,4.06675,3.9262734147138,5.70259718792603,0.0,0.0,0.0,0.0
3.217,31.967999,8.018895,30.25559,29.852226,5.838539,29.881506,3.12842,3.02035588026285,2.38986591932562,7.721047642733438,13.0,0.0013849772162850666,0.021068741199836354
3.218,31.967999,8.018895,30.25559,29.695782,5.41423,28.161142,2.80992,2.71285773491673,2.73013146860644,7.345039135700614,11.0,0.0,0.0
3.219,31.967999,8.018895,30.25559,29.432638,5.08382,28.986504,2.90083,2.80062745671709,3.03767606441202,4.382768716421389,9.0,0.0,0.0
3.220,31.967999,8.018895,30.25559,29.482996,5.22953,28.660017,3.13477,3.02648653402407,2.92596229591235,4.164468154935632,9.0,1.4723281741198414e-06,0.0005259686901021778
3.221,31.967999,8.018895,30.25559,29.384697,5.376747,29.246151,2.7953,2.69874274940665,2.88860900276711,3.3476111162785362,8.0,0.0,0.0
3.222,31.967999,8.018895,30.25559,29.600901,8.152907,28.498665,2.37508,2.29303828900681,2.03478896255892,4.491428350870959,11.0,1.822664868422036e-11,6.845620610496125e-08
3.223,31.967999,8.018895,30.25559,33.636864,10.701116,34.407143,2.83916,2.74108770593688,2.57708439674217,0.1830693116865462,3.0,0.0,0.0
3.224,31.967999,8.018895,30.25559,32.17514,7.011658,29.21987,1.33376,1.2876883087499,0.817772913109195,0.9949181655057592,1.0,0.0,0.0
3.225,31.967999,8.018895,30.25559,31.697386,6.751941,28.788509,1.33376,1.2876883087499,1.05809892255914,0.0001290648586633924,1.0,0.0,0.0
3.226,31.967999,8.018895,30.25559,29.807636,5.547863,28.407846,2.81055,2.71346597300642,2.58149363773877,3.74165553590938,6.0,0.0,0.0
3.227,31.967999,8.018895,30.25559,30.147293,5.873173,28.226507,2.54164,2.45384485443491,2.23769991670318,2.543672037086588,6.0,0.0,0.0
3.228,31.967999,8.018895,30.25559,29.16386,7.649838,28.719683,2.28099,2.20219841303941,2.28329071624484,3.4392606881981416,7.0,0.0,0.0
3.229,31.967999,8.018895,30.25559,28.647835,7.13135,27.675697,2.61348,2.52320330580592,2.83332651106987,1.9449579946692492,4.0,0.0,0.0
3.230,31.967999,8.018895,30.25559,28.749395,7.458208,28.503838,2.39161,2.30899729793168,2.61985634800435,1.6186455473584114,4.0,0.0,0.0
3.231,31.967999,8.018895,30.25559,30.428982,11.115263,31.033375,2.95677,2.85463513725292,2.60637874541103,2.85172528796521,5.0,0.0,0.0
3.232,31.967999,8.018895,30.25559,29.518181,8.714901,29.538803,1.94342,1.87628899726393,2.0488841916371,0.9068512476512316,3.0,0.0,0.0
3.233,31.967999,8.018895,30.25559,29.953466,10.394433,30.105791,2.65226,2.56064373932718,2.46921157641664,1.4558356246380795,3.0,0.0,0.0
3.234,31.967999,8.018895,30.25559,29.196997,9.373292,27.644579,2.71329,2.61956559744484,2.88193715076549,0.11369533463312476,1.0,0.0,0.0
3.235,31.967999,8.018895,30.25559,31.29841,12.445005,32.744076,3.31723,3.20264387028734,3.1830723218052,0.6372476215224664,1.0,0.0,0.0
3.236,31.967999,8.018895,30.25559,31.244856,11.561033,30.363499,2.94406,2.84236417515763,2.80939935944217,0.0,0.0,0.0,0.0
3.237,39.193775,-23.298607,-22.621935,35.441479,-37.497227,-18.419092,5.77519,5.57569925909411,8.19455810949674,0.0,0.0,0.0,0.0
3.238,39.193775,-23.298607,-22.621935,39.049934,-33.36417,-23.142429,4.14175,3.99868271110613,4.61535764941263,2.153417652232312,5.0,0.1488181041989908,0.292581393724005
3.239,39.193775,-23.298607,-22.621935,34.923092,-32.998077,-22.503328,4.12514,3.98264646559844,5.82776293583914,1.4595858761489184,3.0,0.424586764120029,0.6437870817297968
3.240,39.193775,-23.298607,-22.621935,41.200222,-35.130127,-23.335802,5.58693,5.39394227057649,5.6084879250665,1.6090360151630576,4.0,0.0,0.0
3.241,39.193775,-23.298607,-22.621935,35.222298,-25.313684,-27.114658,4.20819,4.06282769313689,3.9222938419246,0.0,0.0,0.0,0.0
3.242,39.193775,-23.298607,-22.621935,33.970387,-33.272705,-25.277349,4.51938,4.36326834572797,6.16257029782909,0.29454050089307393,1.0,0.02658339530858661,0.02658339530858661
3.243,39.193775,-23.298607,-22.621935,37.162651,-30.306139,-19.254686,4.96124,4.78986530178021,4.68779812410558,0.0,0.0,0.0,0.0
3.244,39.193775,-23.298607,-22.621935,33.154942,-25.68021,-27.693289,5.16279,4.98445321761855,5.53191450620057,0.8099854014172255,2.0,0.0005112658018699878,0.006852091752239271
3.245,39.193775,-23.298607,-22.621935,39.381012,-22.822107,-23.428616,2.20266,2.12657414388725,0.559631086417409,1.7692515846562613,2.0,0.24626740977745729,0.5664063795106187
3.246,39.193775,-23.298607,-22.621935,41.047153,-26.06106,-24.810497,4.00997,3.87145475005837,2.15578470208678,0.9566293318179881,2.0,4.2650280903802176e-07,4.7026426277229213e-05
3.247,39.193775,-23.298607,-22.621935,41.058342,-24.492168,-25.305843,4.48726,4.33225785772635,2.05201069237894,0.0050661487874126615,1.0,0.0,0.0
3.248,39.193775,-23.298607,-22.621935,34.223312,-32.505058,-21.907965,5.77519,5.57569925909411,6.13681401899229,0.0,0.0,0.0,0.0
3.249,39.193775,-23.298607,-22.621935,34.886951,-20.37685,-29.077808,6.42193,6.20009910374451,5.22895240878359,0.0,0.0,0.0,0.0
3.250,39.193775,-23.298607,-22.621935,38.234413,-27.905821,-27.901453,5.09967,4.92351355377476,2.81062350864888,0.0,0.0,0.0,0.0
3.251,39.193775,-23.298607,-22.621935,33.805233,-26.878416,-27.245758,4.58472,4.42635132474498,5.05926616295957,0.6079873388102288,1.0,0.0,0.0
3.252,39.193775,-23.298607,-22.621935,34.250114,-29.397421,-26.18058,3.8804,3.74636044961097,5.0145120235249,0.0,0.0,0.0,0.0
3.253,39.193775,-23.298607,-22.621935,40.32008,-33.034077,-22.779619,5.57697,5.38432631601559,4.64376459850033,1.4036350515863598,3.0,0.0,0.0
3.254,39.193775,-23.298607,-22.621935,37.667774,-27.559353,-20.589432,3.77519,3.6447846886318,2.97540363824954,0.289635173541619,1.0,0.0,0.0
3.255,39.193775,-23.298607,-22.621935,41.339821,-31.919241,-25.799681,5.89922,5.69544492618133,4.21455248350708,0.7816047278744744,1.0,0.0,0.0
3.256,39.193775,-23.298607,-22.621935,39.161304,-23.505135,-23.861826,3.08084,2.97441942263155,0.583737929191645,0.6328715695192905,1.0,0.0,0.0
3.257,39.193775,-23.298607,-22.621935,38.033787,-36.840473,-22.179806,5.95792,5.7521172688244,6.3236711575623,0.8409767232443465,2.0,0.0,0.0
3.258,39.193775,-23.298607,-22.621935,41.632664,-33.818851,-22.387058,6.20819,5.9937422635992,5.40040494879401,0.10325986713978978,2.0,0.0,0.0
3.259,39.193775,-23.298607,-22.621935,40.351231,-33.302864,-24.382563,5.22702,5.04646453904895,4.53053364522264,0.0,0.0,0.0,0.0
3.260,39.193775,-23.298607,-22.621935,37.442833,-28.983971,-20.47036,4.23256,4.08635588717798,3.66708672436795,0.0,0.0,0.0,0.0
3.261,39.193775,-23.298607,-22.621935,39.750065,-36.939445,-23.386818,6.33555,6.11670290344624,6.06934826289819,0.0,0.0,0.0,0.0
3.262,39.193775,-23.298607,-22.621935,39.763451,-41.032864,-21.682096,6.68328,6.45242136523967,8.00086773407673,0.0,0.0,0.0,0.0
3.263,39.193775,-23.298607,-22.621935,37.62981,-21.147163,-25.369637,4.97342,4.80162457151433,2.40942403708668,0.0,0.0,0.0,0.0
3.264,39.193775,-23.298607,-22.621935,39.121948,-21.395094,-22.684248,3.89812,3.76346835270527,1.0065735538494,0.0,0.0,0.0,0.0
3.265,39.193775,-23.298607,-22.621935,36.689003,-19.948847,-26.094618,5.02658,4.85294828079722,3.50878237861095,0.6390377058048239,1.0,0.0,0.0
3.266,39.193775,-23.298607,-22.621935,36.2677,-20.231119,-27.463577,5.27464,5.09243961497166,4.04037757885001,0.0,0.0,0.0,0.0
3.267,42.509014,-36.088692,28.069487,42.584908,-35.670116,27.755423,0.134071,0.129439823688226,0.185420615277879,0.5064081820239827,2.0,1.0705145811908613e-09,1.3056927163763135e-05
3.268,42.509014,-36.088692,28.069487,43.010815,-25.833988,27.32135,3.9059,3.77097961038437,4.46443000938272,0.05435739027696215,2.0,0.0,0.0
3.269,42.509014,-36.088692,28.069487,42.212658,-37.362057,27.33584,1.12792,1.08895858115792,0.765595484865183,1.1904790300377668,8.0,0.0,0.0
3.270,42.509014,-36.088692,28.069487,43.694641,-37.759624,29.053797,1.55351,1.49984754717945,1.26142286536695,3.449932783392966,9.0,0.0,0.0
3.271,42.509014,-36.088692,28.069487,40.486897,-36.406399,20.288202,3.71771,3.58929020387671,4.15933737557191,0.0,0.0,0.0,0.0
3.272,42.509014,-36.088692,28.069487,38.131622,-37.655788,18.659786,3.84563,3.71279149980348,6.13891353470769,0.0,0.0,0.0,0.0
3.273,42.509014,-36.088692,28.069487,37.935596,-29.874653,24.678434,3.51107,3.38978811045655,4.74556942806211,1.918450500193913,3.0,0.0,0.0
3.274,42.509014,-36.088692,28.069487,41.690563,-34.220695,32.305408,2.49508,2.40889316323455,2.42359925389467,2.8837149972111655,8.0,1.1617209803030029e-06,0.0005929783445720112
3.275,42.509014,-36.088692,28.069487,42.724045,-39.588669,26.15707,2.36347,2.28182932992528,1.91911712790718,2.3286180321068715,5.0,0.0004610027470088597,0.0024712323724248534
3.276,42.509014,-36.088692,28.069487,41.604454,-40.287621,26.989491,2.47909,2.3934555012437,2.07344180382308,1.856591979281923,6.0,0.0031898968336438035,0.017366762656934716
3.277,42.509014,-36.088692,28.069487,40.039833,-36.936199,29.815702,1.76138,1.70053715306045,2.32225669765506,2.611432822594013,10.0,0.0,0.0
3.278,42.509014,-36.088692,28.069487,42.797878,-40.142277,28.383886,1.77921,1.71775125645612,1.56991643531864,1.2485039620458755,8.0,2.7601292353630713e-06,6.207564733560532e-05
3.279,42.509014,-36.088692,28.069487,41.41568,-36.42675,31.286089,1.88745,1.82225235300954,1.69028454237703,4.261388278976704,8.0,0.0,0.0
3.280,42.509014,-36.088692,28.069487,40.96069,-34.027534,31.195215,2.33702,2.25629298473091,2.36948191432145,1.1190906677994386,5.0,1.1630156404838598e-06,0.00012340022813805726
3.281,42.509014,-36.088692,28.069487,41.187496,-34.052883,23.739414,2.31365,2.23373024797506,2.20461905019439,1.501082743085424,2.0,0.0,0.0
3.282,42.509014,-36.088692,28.069487,41.111031,-32.593712,23.649725,2.35424,2.27291815918259,2.36866270199228,0.16728368291193352,1.0,0.0,0.0
3.283,42.509014,-36.088692,28.069487,42.330647,-36.457554,30.827663,1.58057,1.52597282131781,1.17975057334219,2.475615115377933,4.0,0.0,0.0
3.284,42.509014,-36.088692,28.069487,42.192692,-36.644005,31.485291,1.89729,1.83175245269622,1.45685762312023,1.9833999705716987,4.0,0.0,0.0
3.285,42.509014,-36.088692,28.069487,41.262173,-38.383968,28.257666,1.27245,1.22849612259238,1.4342132012203,1.1497043026975464,3.0,3.1959935900507595e-10,1.3895342388757976e-05
3.286,42.509014,-36.088692,28.069487,39.850323,-38.309994,28.034187,2.19557,2.11972905173497,2.54134070903195,0.3905051010980848,4.0,0.0,0.0
3.287,42.509014,-36.088692,28.069487,41.115814,-36.81398,30.847513,1.61931,1.56337463654766,1.69718305616131,1.122705717407191,2.0,0.0,0.0
3.288,42.509014,-36.088692,28.069487,38.536976,-27.674797,26.390278,3.39852,3.28112589300378,4.92432337118994,1.1851127890616473,2.0,0.0,0.0
3.289,42.509014,-36.088692,28.069487,39.289257,-27.773003,26.199383,3.26199,3.14931200985117,4.43436317738239,0.3399321818026317,1.0,0.0,0.0
3.290,42.509014,-36.088692,28.069487,39.946899,-35.342857,26.06983,1.99139,1.92260198323647,2.44235310266545,0.007513869056648632,1.0,0.0,0.0
3.291,42.509014,-36.088692,28.069487,41.155663,-38.53426,30.836607,1.22202,1.17980811169818,1.71554261717376,0.037367119464623455,2.0,1.9312113334190374e-05,0.0006665086127675706
3.292,42.509014,-36.088692,28.069487,38.714825,-36.66267,27.618382,2.83518,2.73724518594166,3.38619532574512,0.0,0.0,0.0,0.0
3.293,42.509014,-36.088692,28.069487,37.70929,-30.655577,26.680725,3.4059,3.28825096776879,4.73853110218022,0.0,0.0,0.0,0.0
3.294,42.509014,-36.088692,28.069487,43.130104,-42.459721,28.846647,2.83948,2.74139665226816,2.41700293748761,0.0,0.0,0.0,0.0
3.295,42.509014,-36.088692,28.069487,43.840298,-35.298527,33.653774,2.85363,2.75505787285418,2.86985658855532,0.6357663328437515,1.0,0.0,0.0
3.296,42.509014,-36.088692,28.069487,41.962856,-35.087582,32.898968,2.23862,2.16129198786417,2.37807051935298,0.0,0.0,0.0,0.0
3.297,51.274021,4.979618,-43.476879,49.487617,6.808735,-43.856709,1.62047,1.56449456699853,2.12507175830057,0.8487973345673898,5.0,0.0,0.0
3.298,51.274021,4.979618,-43.476879,47.614758,4.835011,-43.035583,2.01144,1.94195940180535,3.6568927355303,2.115891754823657,5.0,0.0,0.0
3.299,51.274021,4.979618,-43.476879,51.386497,5.868516,-43.504185,0.792753,0.765369159238853,0.628396963770192,1.9624545922212568,4.0,0.0,0.0
3.300,51.274021,4.979618,-43.476879,49.837574,6.735552,-45.821995,1.61856,1.56265054358374,1.54096197080297,0.36613174056387504,2.0,0.0,0.0
3.301,51.274021,4.979618,-43.476879,48.141376,5.678396,-42.099323,1.67133,1.61359772452539,3.30167180457504,1.5911998470333177,2.0,0.0,0.0
3.302,51.274021,4.979618,-43.476879,51.36816,5.686188,-44.800594,0.87349,0.843317284076561,0.259123863335108,0.9608976318408237,1.0,0.0,0.0
3.303,51.274021,4.979618,-43.476879,52.596375,4.526365,-42.729744,1.4787,1.42762168767131,1.31540507792421,0.2450620027529798,1.0,0.0,0.0
3.304,51.274021,4.979618,-43.476879,48.669441,7.044069,-43.54488,1.7794,1.71793469334032,2.97421402640258,0.1985618545981314,2.0,0.0,0.0
3.305,51.274021,4.979618,-43.476879,50.087494,2.797336,-45.918327,2.56389,2.4753262790313,2.67299826188531,0.9603879402568579,2.0,0.0,0.0
3.306,51.274021,4.979618,-43.476879,50.26215,3.585742,-44.933136,2.10553,2.03279927777275,1.81704204602289,0.0,0.0,0.0,0.0
3.307,51.274021,4.979618,-43.476879,48.706745,10.667136,-46.139469,2.74253,2.647795568465,3.9487106830739,1.7727489014521294,5.0,0.0,0.0
3.308,51.274021,4.979618,-43.476879,52.773937,9.652517,-42.134148,3.04196,2.93688244338176,4.15013988238403,0.8889012456405947,1.0,0.0,0.0
3.309,51.274021,4.979618,-43.476879,51.218796,10.381395,-43.04221,2.89193,2.79203488687853,4.01391245197442,0.02837358504265258,2.0,0.0,0.0
3.310,51.274021,4.979618,-43.476879,49.928673,2.626021,-46.580517,2.815,2.7177622579257,3.05528915787021,0.00022663483973602214,1.0,2.0581753220928333e-07,2.0581753220928333e-07
3.311,51.274021,4.979618,-43.476879,47.599327,6.004631,-43.850941,1.75715,1.69645326874392,3.71777005692401,0.005960127038939854,2.0,0.0,0.0
3.312,51.274021,4.979618,-43.476879,47.085812,8.394641,-47.920204,2.64272,2.55143327682608,4.31727107656481,0.8959339757393161,1.0,0.0,0.0
3.313,51.274021,4.979618,-43.476879,47.801918,9.817924,-46.870266,2.48951,2.40351556615581,4.09855929956157,0.29399654374254836,2.0,0.0,0.0
3.314,51.274021,4.979618,-43.476879,50.763168,-2.78625,-41.302952,3.17737,3.06761501437491,4.77143467647703,0.9891520098777066,3.0,0.0,0.0
3.315,51.274021,4.979618,-43.476879,49.228176,12.074956,-44.992264,3.14749,3.03876715069221,4.85950708865001,0.8255937553444757,1.0,0.0,0.0
3.316,51.274021,4.979618,-43.476879,49.539745,-2.925848,-41.633514,3.11697,3.00930139434695,5.22637419779108,0.9208467465015567,3.0,0.0,0.0
3.317,51.274021,4.979618,-43.476879,52.280899,-4.435671,-39.094254,3.30006,3.18606696869992,5.41265806823354,0.2842756370172428,2.0,0.0,0.0
3.318,51.274021,4.979618,-43.476879,49.449986,12.857674,-46.942852,2.72219,2.6281581672834,4.57371407048634,0.0,0.0,0.0,0.0
3.319,51.274021,4.979618,-43.476879,47.217575,14.091667,-48.160061,3.24857,3.13635557308337,6.11135660820402,0.0,0.0,0.0,0.0
3.320,51.274021,4.979618,-43.476879,49.787121,-3.70793,-41.693127,3.32041,3.20571402445438,5.677361079193,0.6120051524462418,1.0,0.0,0.0
3.321,51.274021,4.979618,-43.476879,50.589958,-11.128003,-38.972099,4.01716,3.87839638793918,9.81101413858735,0.4752270637183379,1.0,0.0,0.0
3.322,51.274021,4.979618,-43.476879,52.213875,-12.267968,-37.702171,3.95677,3.82009242248407,10.3611130266986,0.0,0.0,0.0,0.0
3.323,51.274021,4.979618,-43.476879,50.183846,-4.953394,-40.920509,3.32613,3.2112364401259,6.21992662682829,0.24443099587101613,1.0,0.0,0.0
3.324,51.274021,4.979618,-43.476879,48.67815,-5.826309,-39.628811,3.60648,3.48190239004045,6.91287900069542,0.0,0.0,0.0,0.0
3.325,51.274021,4.979618,-43.476879,47.111946,16.51083,-41.57497,4.43865,4.28532697909126,9.90985710218348,0.0,0.0,0.0,0.0
3.326,51.274021,4.979618,-43.476879,51.433445,4.992126,-43.405804,0.706929,0.682509753191175,0.162803872260774,0.0,0.0,0.0,0.0
3.327,39.389496,53.20533,48.202713,41.271694,56.862949,49.495842,1.74893,1.68851720985932,2.03508798703842,0.13873663210752082,4.0,0.0,0.0
3.328,39.389496,53.20533,48.202713,40.206669,52.271858,45.747578,0.902244,0.871078042856098,1.14465830445126,4.109672331748601,7.0,0.0012118369970028902,0.007020575091410338
3.329,39.389496,53.20533,48.202713,38.145824,47.712948,43.752853,2.16186,2.08718348664982,2.05369591413267,1.2103984700124122,7.0,5.35330679118955e-09,4.679382769719311e-05
3.330,39.389496,53.20533,48.202713,41.309738,46.057655,45.40419,3.04594,2.94072496337698,2.96333038453942,0.0,0.0,0.0,0.0
3.331,39.389496,53.20533,48.202713,39.176693,51.809235,45.153866,0.700321,0.676130011450367,1.08794654610046,3.2283963722591142,6.0,0.027256626153054814,0.09424000939151923
3.332,39.389496,53.20533,48.202713,39.625908,52.377514,45.809921,0.980769,0.946890576178874,0.909153812295197,1.4602145912704299,5.0,0.00010209751338907291,0.0007873258265402054
3.333,39.389496,53.20533,48.202713,39.898655,49.026104,36.958412,2.42468,2.34092497035428,4.37785998324694,0.8809496442520244,1.0,0.0,0.0
3.334,39.389496,53.20533,48.202713,37.420963,49.695381,42.909187,2.08494,2.01292051226984,2.45401869302311,0.86639698420441,2.0,0.0,0.0
3.335,39.389496,53.20533,48.202713,39.75676,49.526592,46.888882,2.02511,1.95515720289446,1.28216239418817,1.2030248016029654,2.0,0.0,0.0
3.336,39.389496,53.20533,48.202713,39.891991,51.455307,44.241413,1.28419,1.239830591121,1.47878607230612,0.9861967645565977,4.0,0.0,0.0
3.337,39.389496,53.20533,48.202713,42.177322,56.033863,47.491283,1.94444,1.87727376369487,2.85440123137432,1.1828461731148692,5.0,0.0,0.0
3.338,39.389496,53.20533,48.202713,38.480938,51.390205,42.520279,1.27511,1.2310642389711,2.31693024124754,0.011295950120555948,2.0,0.0,0.0
3.339,39.389496,53.20533,48.202713,42.490768,58.888783,50.504391,2.27564,2.19703321656342,3.27052184737445,0.9295221883463562,1.0,0.0,0.0
3.340,39.389496,53.20533,48.202713,39.993404,56.393772,44.101151,2.38782,2.30533821482066,2.99151337661156,1.1613783686839507,2.0,0.0,0.0
3.341,39.389496,53.20533,48.202713,39.221088,47.333183,36.197395,2.50107,2.41467625237308,4.44639856293631,0.0,0.0,0.0,0.0
3.342,39.389496,53.20533,48.202713,41.271694,55.456726,44.373333,2.03045,1.9603127447976,2.99912367191676,0.23199400808560333,1.0,0.0,0.0
3.343,39.389496,53.20533,48.202713,40.888432,55.105396,45.552685,1.79968,1.7375141670848,2.27302259329874,0.43357447958676304,1.0,0.0,0.0
3.344,39.389496,53.20533,48.202713,42.495331,57.244884,50.876068,2.25588,2.17795578060726,3.00730204877458,0.0,0.0,0.0,0.0
3.345,39.389496,53.20533,48.202713,39.506264,54.590816,45.595554,1.48611,1.43477572615487,1.65088321648722,0.0,0.0,0.0,0.0
3.346,39.389496,53.20533,48.202713,39.458939,48.772919,44.889263,2.06838,1.99693253962641,1.37898516852582,0.0,0.0,0.0,0.0
3.347,39.389496,53.20533,48.202713,41.624832,57.30653,42.911888,2.80769,2.71070476517066,4.27136689372997,0.0,0.0,0.0,0.0
3.348,39.389496,53.20533,48.202713,39.227913,53.296749,47.999577,0.441239,0.425997407078109,0.186466280551107,0.0,0.0,0.0,0.0
3.349,45.507931,64.962479,46.997776,43.715076,64.365334,52.617779,1.97329,1.90512720637378,3.11752185583851,2.2390027821636056,6.0,0.0,0.0
3.350,45.507931,64.962479,46.997776,44.004036,64.187721,52.327145,1.89373,1.82831542476079,2.91420539164972,0.9020075283768222,4.0,0.0,0.0
3.351,45.507931,64.962479,46.997776,45.713535,62.35067,44.266609,0.68583,0.662139569930083,0.922322325758574,0.0288682359485465,1.0,0.010029592179835418,0.01002959217983542
3.352,45.507931,64.962479,46.997776,47.149803,63.699024,47.469856,2.15331,2.0789288268611,1.7029912693429199,0.01684895285922193,2.0,0.0,0.0
3.353,45.507931,64.962479,46.997776,42.675724,67.54039,49.218002,2.47445,2.38897577944023,2.74647233529439,0.6515804871125166,4.0,0.0,0.0
3.354,45.507931,64.962479,46.997776,43.407082,66.13961,45.896454,1.96167,1.8939085927194,2.14157845868275,1.7692640658153511,5.0,0.0,0.0
3.355,45.507931,64.962479,46.997776,46.712318,64.371681,59.294109,3.3223,3.20753873872346,5.54559300072059,0.14946740188683882,1.0,0.0,0.0
3.356,45.507931,64.962479,46.997776,43.47776,68.170952,45.272499,2.41463,2.3312221246377,2.57485912253457,0.7713583678505491,4.0,0.0,0.0
3.357,45.507931,64.962479,46.997776,43.703403,67.666115,41.613331,2.63124,2.54034982719162,3.55584903794524,0.9769051725916162,3.0,0.0,0.0
3.358,45.507931,64.962479,46.997776,44.670025,65.577446,51.020626,1.48026,1.42912780103627,1.80641655168473,1.2487785369294246,2.0,0.0,0.0
3.359,45.507931,64.962479,46.997776,48.398338,60.706757,51.334465,3.0302,2.92552866570744,4.28911457999108,0.0,0.0,0.0,0.0
3.360,45.507931,64.962479,46.997776,46.881199,55.858082,31.319647,3.53368,3.41161709967563,6.02592705616504,0.0,0.0,0.0,0.0
3.361,45.507931,64.962479,46.997776,45.874317,66.283432,54.42939,1.91405,1.84793351679669,2.93163966752822,1.0718485000049387,3.0,0.0,0.0
3.362,45.507931,64.962479,46.997776,43.943283,68.000961,55.820118,1.65389,1.59676014947095,3.45878859475429,0.9795691893379247,3.0,0.0,0.0
3.363,45.507931,64.962479,46.997776,44.529762,67.438286,50.447983,1.04065,1.0047031238758,1.43787692803472,0.9694595478456652,2.0,0.0,0.0
3.364,45.507931,64.962479,46.997776,45.677994,66.536354,59.14349,2.59582,2.50615333014874,4.79751120183073,0.15481745246391188,1.0,0.0,0.0
3.365,45.507931,64.962479,46.997776,41.387257,59.507904,33.496967,3.91173,3.77660822635726,6.5048744601373,0.0,0.0,0.0,0.0
3.366,45.507931,64.962479,46.997776,41.053547,63.627651,38.289074,3.69454,3.56692055857791,5.52754029545006,0.0,0.0,0.0,0.0
3.367,45.507931,64.962479,46.997776,44.084854,62.172565,41.23296,2.0993,2.02678447888576,2.48270215974745,1.3652842116560349,4.0,0.0,0.0
3.368,45.507931,64.962479,46.997776,44.565243,61.991272,41.19635,2.19164,2.11593480460401,2.26400025054848,0.03708668991654962,2.0,0.0,0.0
3.369,45.507931,64.962479,46.997776,43.439499,61.562645,40.134434,2.89431,2.79433267521738,3.16029801026238,0.009640310583206276,1.0,0.0,0.0
3.370,45.507931,64.962479,46.997776,46.362431,65.826706,56.740395,2.53426,2.44671977966991,4.06722894882706,0.03231396616114291,1.0,0.0,0.0
3.371,45.507931,64.962479,46.997776,45.028355,66.421402,48.19437,0.990708,0.956486256136786,0.612806435388367,0.0,0.0,0.0,0.0
3.372,45.507931,64.962479,46.997776,43.287426,66.027946,42.663445,2.64925,2.55773771289864,3.04550902547894,0.12039768436165328,1.0,0.0,0.0
3.373,45.507931,64.962479,46.997776,43.476292,66.184494,54.00663,1.86063,1.79635878861964,3.3523941759858,0.5327906227561107,1.0,0.0,0.0
3.374,45.507931,64.962479,46.997776,42.927025,68.256241,52.260963,1.97735,1.90904696295182,2.95009764071629,0.0,0.0,0.0,0.0
3.375,45.507931,64.962479,46.997776,43.921555,67.480804,48.661602,1.60221,1.54686531697021,1.63028484279148,0.005154510163726997,1.0,0.0,0.0
3.376,45.507931,64.962479,46.997776,44.677094,66.87307,43.977867,1.58072,1.52611763991059,2.02940523773482,0.0,0.0,0.0,0.0
3.377,45.507931,64.962479,46.997776,45.859364,65.590607,39.724129,2.08827,2.01613548502966,3.47076132582787,0.278097516762394,1.0,0.0,0.0
3.378,45.507931,64.962479,46.997776,44.996208,66.091095,38.496197,2.67305,2.58071559628714,4.1659195768759,0.0,0.0,0.0,0.0
3.379,52.495605,42.108311,56.62326,51.653553,42.396881,57.569874,1.34604,1.29954412421254,0.882669725041532,0.955253219535713,6.0,0.0,0.0
3.380,52.495605,42.108311,56.62326,52.012005,47.866936,55.420757,3.1305,3.02236403141613,3.18841639087995,1.653660624057037,5.0,0.0,0.0
3.381,52.495605,42.108311,56.62326,52.503368,46.407009,59.994904,2.011,1.94153460059985,1.47553667730725,2.084833159067559,7.0,0.0,0.0
3.382,52.495605,42.108311,56.62326,52.908978,45.185326,56.35733,1.90029,1.83464882455191,1.63998086205897,3.0936242701932066,8.0,0.0,0.0
3.383,52.495605,42.108311,56.62326,53.333683,44.536827,58.967484,1.36877,1.32148896830585,1.17708206760211,1.406904919870887,2.0,0.0,0.0
3.384,52.495605,42.108311,56.62326,53.581738,43.331532,60.182163,1.62243,1.56638686327758,1.50629869437203,0.10646846114312154,2.0,1.0782948948593033e-07,8.387254760544552e-06
3.385,52.495605,42.108311,56.62326,54.888515,36.419331,61.309155,4.06378,3.92340600657666,4.97215297831304,0.0,0.0,0.0,0.0
3.386,52.495605,42.108311,56.62326,51.183079,48.307823,54.223644,3.4934,3.37272848022651,3.97575182172001,0.7171691826896825,4.0,0.0,0.0
3.387,52.495605,42.108311,56.62326,50.382801,48.905453,54.2663,4.06378,3.92340600657666,4.53074774287305,1.063848539948652,2.0,0.0,0.0
3.388,52.495605,42.108311,56.62326,50.08511,49.151268,53.637241,4.06378,3.92340600657666,4.96265776436526,0.9722312483918856,1.0,0.0,0.0
3.389,52.495605,42.108311,56.62326,51.192299,37.241016,55.79314,3.93842,3.80237628130008,2.62067497032652,1.5654464459305737,4.0,0.0,0.0
3.390,52.495605,42.108311,56.62326,52.418999,46.931866,57.201618,2.71554,2.62173787633661,2.18382677314073,2.6149800257434532,5.0,0.0,0.0
3.391,52.495605,42.108311,56.62326,52.534397,45.620438,55.116268,2.18109,2.10574923024482,2.20247694599553,2.7537956722775956,6.0,0.0,0.0
3.392,52.495605,42.108311,56.62326,52.815716,36.051586,55.460335,3.67742,3.55039192985475,2.84689380771158,0.2801093734340225,1.0,0.0,0.0
3.393,52.495605,42.108311,56.62326,51.986126,36.857933,53.991417,3.54472,3.42227574810458,2.16153160709561,0.8873970795435322,2.0,0.0,0.0
3.394,52.495605,42.108311,56.62326,49.753441,49.10236,53.162384,4.44868,4.29501051566213,5.25692334936104,0.0,0.0,0.0,0.0
3.395,52.495605,42.108311,56.62326,47.139362,33.415012,50.135544,5.2346,5.053782705271,6.31085886636667,0.0,0.0,0.0,0.0
3.396,52.495605,42.108311,56.62326,51.854164,40.490696,54.537426,2.3629,2.28127901927269,0.901179621041073,0.12021920824119317,2.0,0.002762572030857421,0.0038162442841726514
3.397,52.495605,42.108311,56.62326,51.903854,44.436043,51.392216,2.57331,2.48442088665818,3.16368439665635,1.128220201583022,3.0,0.0,0.0
3.398,52.495605,42.108311,56.62326,51.815723,37.976288,52.76247,3.55205,3.42935255000532,1.65559775540762,0.7602561127058659,1.0,0.0,0.0
3.399,52.495605,42.108311,56.62326,51.027096,40.209427,53.043381,3.10411,2.99688561365888,1.79449658255,0.5090743973286257,1.0,0.0035314813266312415,0.0035314813266312415
3.400,52.495605,42.108311,56.62326,51.067604,45.325802,55.683323,2.60191,2.51203296501579,2.34498036708671,1.929510439026074,4.0,0.0,0.0
3.401,52.495605,42.108311,56.62326,50.950573,43.568226,50.865322,2.65176,2.56016101068457,3.34272548794741,0.006854185782906999,1.0,0.0,0.0
3.402,52.495605,42.108311,56.62326,51.505451,45.829876,54.742523,2.54472,2.45681846287342,2.62030617139915,0.758731741555093,3.0,0.0,0.0
3.403,52.495605,42.108311,56.62326,50.963341,42.975834,54.136055,2.00733,1.93799137236305,2.04000138852285,0.029931945153470727,1.0,0.0,0.0
3.404,52.495605,42.108311,56.62326,52.178074,45.892696,57.328838,2.18109,2.10574923024482,1.68786713361154,0.0,0.0,0.0,0.0
3.405,52.495605,42.108311,56.62326,51.093044,47.697235,56.109749,2.99413,2.89070462142916,3.1760301691398,0.0,0.0,0.0,0.0
3.406,52.495605,42.108311,56.62326,50.291763,36.992039,48.593033,2.10191,2.02930432240022,3.27767696209675,0.0,0.0,0.0,0.0
3.407,61.055126,-45.734715,42.335033,57.96484,-41.877796,40.662785,1.528,1.4752187318332,3.00679651380053,0.028980961427897425,1.0,0.0,0.0
3.408,61.055126,-45.734715,42.335033,61.311028,-49.321018,45.948193,1.208,1.16627240055923,1.31978055875091,5.271141733115554,10.0,3.2148205520544026e-12,2.1857414949251945e-07
3.409,61.055126,-45.734715,42.335033,59.984383,-46.378208,40.976887,1.38362,1.33582600899153,1.13546456926782,3.667038751795317,13.0,0.00028539420303930847,0.009474857322966067
3.410,61.055126,-45.734715,42.335033,60.127399,-43.665443,41.178658,1.48838,1.43696731419235,1.04653925516803,5.354869777886224,15.0,0.00042029182344712526,0.020680161142620276
3.411,61.055126,-45.734715,42.335033,61.223007,-43.474201,40.692692,1.15657,1.1166189323798,0.770344602552466,2.525747764385959,12.0,0.0,0.0
3.412,61.055126,-45.734715,42.335033,61.502934,-37.958839,42.500706,2.10286,2.03022150682119,2.98692042234191,0.2943173027063975,2.0,0.0,0.0
3.413,61.055126,-45.734715,42.335033,60.263618,-45.941494,44.143803,0.822095,0.793697606902106,0.93424401994921,6.2329546006960275,14.0,0.0,0.0
3.414,61.055126,-45.734715,42.335033,60.000599,-47.065796,43.559586,1.01676,0.981638349331629,1.03391545498256,4.634228235516814,13.0,0.0,0.0
3.415,61.055126,-45.734715,42.335033,61.096291,-44.095966,42.330196,0.595429,0.574861265887901,0.590819379924792,2.753189481458204,7.0,0.0,0.0
3.416,61.055126,-45.734715,42.335033,60.319042,-50.963055,43.6563,1.38667,1.33877065371148,1.74711500054741,1.8868989849276343,5.0,0.0,0.0
3.417,61.055126,-45.734715,42.335033,60.384193,-48.59222,45.447365,1.17029,1.12986500633317,1.23649867045459,3.840323204620414,9.0,7.227218288513253e-11,2.6804546216163303e-08
3.418,61.055126,-45.734715,42.335033,61.208172,-47.662426,47.135994,1.5181,1.46566070470942,1.52468311214604,1.528521117765119,6.0,0.0,0.0
3.419,61.055126,-45.734715,42.335033,60.416286,-40.206097,42.805386,1.8,1.73782311341608,2.21005129340984,1.991510450267345,7.0,0.0,0.0
3.420,61.055126,-45.734715,42.335033,60.241245,-35.966057,39.754967,2.16305,2.08833238081925,3.45828556702441,0.29822747696370555,2.0,0.0,0.0
3.421,61.055126,-45.734715,42.335033,61.854744,-45.65617,43.730659,1.08305,1.0456385127696,0.867051776003336,2.8630981491722065,9.0,0.0,0.0
3.422,61.055126,-45.734715,42.335033,59.942005,-41.429283,40.714573,1.62095,1.56495798649544,1.7046792276241,3.4397648825604223,6.0,0.0,0.0
3.423,61.055126,-45.734715,42.335033,60.233189,-41.547916,42.529816,1.57181,1.51751541549918,1.72829153164241,3.3814681446699097,6.0,0.0,0.0
3.424,61.055126,-45.734715,42.335033,60.709194,-42.264088,43.153709,1.42286,1.373710552864,1.46827872055631,2.8992640052224266,5.0,0.0,0.0
3.425,61.055126,-45.734715,42.335033,61.773972,-41.394691,41.527081,1.60648,1.55098781957814,1.60043861546499,1.0610458209140488,3.0,0.0,0.0
3.426,61.055126,-45.734715,42.335033,60.600277,-37.059731,36.112762,2.25257,2.17476011699314,3.06759364277836,1.1469172349311458,2.0,0.0,0.0
3.427,61.055126,-45.734715,42.335033,60.193775,-36.209175,35.835716,2.42171,2.33805756221714,3.40852638215476,0.743034502734616,1.0,0.0,0.0
3.428,61.055126,-45.734715,42.335033,60.856575,-35.926231,33.642517,2.37105,2.28914749614733,3.74072151377393,0.0,0.0,0.0,0.0
3.429,61.055126,-45.734715,42.335033,60.751614,-46.25647,42.957279,0.133333,0.128727316211726,0.340454534953727,1.2282252964194489,3.0,1.5796609814922124e-08,1.2829361151557674e-05
3.430,61.055126,-45.734715,42.335033,61.872765,-45.421665,42.623882,0.737905,0.712415758058495,0.729272051784196,0.5117785944586944,5.0,0.0,0.0
3.431,61.055126,-45.734715,42.335033,60.054607,-43.856297,44.534817,1.36876,1.32147931373299,1.54838858073568,1.2215043108841426,3.0,0.0,0.0
3.432,61.055126,-45.734715,42.335033,60.678234,-44.09074,45.839687,1.432,1.38253483245101,1.67767939860682,0.08756051469482869,1.0,0.0,0.0
3.433,61.055126,-45.734715,42.335033,60.296703,-47.257076,44.551552,0.972952,0.939343596580222,0.981086527480526,0.8811570405961204,2.0,0.0,0.0
3.434,61.055126,-45.734715,42.335033,60.569229,-41.537636,40.97982,1.48533,1.43402266947239,1.43819729227129,0.0,0.0,0.0,0.0
3.435,61.055126,-45.734715,42.335033,61.16713,-50.533611,45.001839,1.42971,1.38032393526783,1.46756140058996,0.9993803214217308,1.0,0.0,0.0
3.436,61.055126,-45.734715,42.335033,61.374523,-49.53334,45.32156,1.23657,1.19385551519829,1.27219315576674,0.0,0.0,0.0,0.0
3.437,40.730438,-44.325455,36.707211,42.784332,-47.420757,30.458687,3.52638,3.40456926149344,3.66381150313565,0.5300316258937746,3.0,0.0,0.0
3.438,40.730438,-44.325455,36.707211,40.709415,-44.393471,36.918831,0.359186,0.346778740453037,0.0777034679965016,4.503032715604357,6.0,0.1554111565143692,0.6152701669947768
3.439,40.730438,-44.325455,36.707211,40.257679,-41.063408,32.393398,2.30006,2.22060968346877,1.68296755031285,1.0008510434997029,7.0,0.0,0.0
3.440,40.730438,-44.325455,36.707211,40.415054,-44.597343,36.705975,1.00318,0.968527439398189,0.296466418878129,4.635726619988198,6.0,0.017564154332531688,0.08488301689119389
3.441,40.730438,-44.325455,36.707211,42.003094,-46.029144,35.932163,2.02734,1.95731017264053,1.39066196133724,1.3177909761280657,9.0,0.03484301085107879,0.08271284869728
3.442,40.730438,-44.325455,36.707211,42.806908,-42.821793,36.116009,1.78703,1.72530113242663,1.93656804240079,1.437898689520141,8.0,3.1183033457754304e-05,0.00038777933687767386
3.443,40.730438,-44.325455,36.707211,39.798565,-50.654053,35.483139,3.22823,3.11671817190177,2.57601190440874,1.5786313775772982,4.0,1.8250941297158084e-06,0.0006051414290590281
3.444,40.730438,-44.325455,36.707211,42.512051,-50.407799,40.654697,2.5302,2.44280002309187,2.52693780076129,0.08724620058811826,2.0,0.0,0.0
3.445,40.730438,-44.325455,36.707211,39.294361,-41.697605,36.060558,2.06993,1.99842899841852,1.54162792937512,3.056174009102849,10.0,0.0003930101119321367,0.015393672557316078
3.446,40.730438,-44.325455,36.707211,42.736111,-43.461781,38.655361,1.88938,1.82411568557004,2.04125120006139,0.08341345867155328,3.0,0.001405704692642553,0.0021403013909835
3.447,40.730438,-44.325455,36.707211,38.915691,-41.45977,35.932613,2.64971,2.55818182324984,1.85923275229174,1.639111374050059,5.0,1.9151952586023293e-05,0.005512959900270999
3.448,40.730438,-44.325455,36.707211,42.215729,-39.244118,34.194447,1.87985,1.81491487764179,2.1715612287287,0.3198800057136735,1.0,0.0,0.0
3.449,40.730438,-44.325455,36.707211,40.219841,-49.803082,38.855095,2.42975,2.3458198387904,1.75997894297661,0.0019226220734786413,2.0,0.0,0.0
3.450,40.730438,-44.325455,36.707211,42.0201,-28.270096,35.056091,4.04132,3.90172183595037,6.4056029133432,0.0,0.0,0.0,0.0
3.451,40.730438,-44.325455,36.707211,43.34362,-47.628445,36.651356,1.93134,1.86462627325834,2.64345757043222,0.1622528491038643,1.0,0.007869818247813519,0.007869818247813519
3.452,40.730438,-44.325455,36.707211,39.570362,-39.550499,22.830112,4.43865,4.28532697909126,5.57203156076151,0.0,0.0,0.0,0.0
3.453,40.730438,-44.325455,36.707211,42.072601,-50.099953,33.986824,3.12842,3.02035588026285,2.91992065020661,0.6148826871007805,1.0,0.0,0.0
3.454,40.730438,-44.325455,36.707211,40.102718,-43.61573,36.740635,2.0,1.93091457046231,0.61508236938751,4.500225286656718,7.0,0.15110362556078982,0.6541139842358477
3.455,40.730438,-44.325455,36.707211,40.8466,-44.562592,36.565002,1.43039,1.38098044622179,0.159634742155801,2.2026416966164044,3.0,0.0010302030680732592,0.0023040723485810424
3.456,40.730438,-44.325455,36.707211,40.473846,-42.773716,37.404255,1.80737,1.74493853360823,0.768826791994311,3.076914127099495,5.0,0.09060330599625566,0.29523635919516533
3.457,40.730438,-44.325455,36.707211,40.082874,-43.851112,36.143818,2.25683,2.17887296502823,0.610682611943427,1.6377461620513198,4.0,0.6168002737410506,0.9436153011579884
3.458,40.730438,-44.325455,36.707211,38.924316,-38.626827,34.504135,2.59313,2.50355625005146,2.49149514899018,5.0615505574244534e-05,1.0,0.0,0.0
3.459,40.730438,-44.325455,36.707211,39.651119,-32.973083,28.439819,3.56707,3.44385371842949,4.41162724215089,0.0,0.0,0.0,0.0
3.460,40.730438,-44.325455,36.707211,39.027603,-43.137337,36.106113,2.30451,2.22490596838805,1.5451035592488,1.1767045433934036,2.0,0.01974419555958782,0.11586421822083404
3.461,40.730438,-44.325455,36.707211,39.453861,-43.376148,34.77681,2.63636,2.54529296849201,1.31854164052598,0.1039532348268965,2.0,0.05678319563769809,0.06785239020338425
3.462,40.730438,-44.325455,36.707211,41.862019,-44.218002,38.174213,0.708837,0.684351845691396,1.17418417118286,0.1605931897385727,1.0,0.0,0.0
3.463,40.730438,-44.325455,36.707211,40.306953,-43.700146,36.567772,0.359186,0.346778740453037,0.429174346657901,0.0,0.0,0.0,0.0
3.464,40.730438,-44.325455,36.707211,39.355556,-49.878231,34.38678,3.12587,3.01789396418551,2.75579371176414,0.0,0.0,0.0,0.0
3.465,40.730438,-44.325455,36.707211,38.811977,-47.918301,30.039106,3.64463,3.51873458547202,3.83188097633969,0.47168705614061923,1.0,0.0,0.0
3.466,40.730438,-44.325455,36.707211,40.638138,-45.927883,28.611588,3.56961,3.44630597993398,3.60485826839787,0.0,0.0,0.0,0.0
3.467,66.627518,-1.538718,3.45059,66.572609,-1.701256,4.312947,0.846612,0.817367723164118,0.751645342065952,11.697953306273227,21.0,0.023212897567975264,0.2974479477293648
3.468,66.627518,-1.538718,3.45059,67.116165,-0.845155,2.434649,1.88997,1.82468530536832,1.32596845681528,6.480550595143277,30.0,5.022296335417179e-05,0.006959548341037649
3.469,66.627518,-1.538718,3.45059,66.421242,-2.200861,4.794585,1.87425,1.80950831684449,1.37496373546852,3.621432644231061,13.0,6.356025836898125e-06,0.0020272430377748303
3.470,66.627518,-1.538718,3.45059,66.167717,-3.153082,3.696544,2.57453,2.48559874454616,2.11373025036933,0.8760306130905465,11.0,2.488717238864128e-07,0.00023970337637436225
3.471,66.627518,-1.538718,3.45059,66.235474,-1.748199,3.392227,1.33767,1.29146324673516,0.430756289747068,9.839175180583057,17.0,8.654106715646368e-07,0.001079677453449778
3.472,66.627518,-1.538718,3.45059,66.194679,0.258635,0.387968,3.5458,3.42331844197263,3.77598480697116,1.8776373391527634,4.0,0.3636763458668072,0.7810989198658786
3.473,66.627518,-1.538718,3.45059,66.094437,-1.084501,1.788674,2.49919,2.41286119267685,1.63187336349487,2.8826057382118226,39.0,0.0036266904010740474,0.03625201864839626
3.474,66.627518,-1.538718,3.45059,66.622185,-1.780723,3.600453,0.915989,0.8843482532416,0.339377177156074,8.461163366816269,14.0,0.010093603051533048,0.08542149493567855
3.475,66.627518,-1.538718,3.45059,67.064919,-1.275448,3.165702,2.16585,2.0910356612179,0.547559195488068,8.039485692497708,17.0,0.09779418509224601,0.6470775061264221
3.476,66.627518,-1.538718,3.45059,66.666367,-2.818829,6.820164,3.22222,3.11091577361753,3.04479419206735,0.0,0.0,0.0,0.0
3.477,66.627518,-1.538718,3.45059,66.425835,-1.953219,4.207624,1.17669,1.13604393295865,0.82720151145167,6.860261754107204,14.0,0.014639208517708825,0.16836215625598816
3.478,66.627518,-1.538718,3.45059,66.708221,-1.530576,3.61918,1.71328,1.65409865764083,0.161575414091489,4.710617446165857,9.0,0.008430016007600911,0.04040550012578976
3.479,66.627518,-1.538718,3.45059,65.598129,-0.861753,2.458165,2.56423,2.47565453450828,1.49142758121525,2.0819809077482856,34.0,0.018914871937144882,0.06813786594639172
3.480,66.627518,-1.538718,3.45059,66.765228,-0.889762,2.203487,2.64444,2.55309386335667,1.37950885757285,1.6711333839219,29.0,0.10456646725520725,0.1814144437403576
3.481,66.627518,-1.538718,3.45059,67.027954,-1.380901,3.205375,1.71165,1.65252496226591,0.433299955779215,4.981404423222461,11.0,0.00807259793653713,0.04021394828780903
3.482,66.627518,-1.538718,3.45059,66.119904,-1.590144,3.606747,0.528997,0.510724007515425,0.435761428852314,3.964346250930873,11.0,5.911287305157746e-14,1.6478607073515892e-07
3.483,66.627518,-1.538718,3.45059,66.19622,-1.453828,4.144401,1.02168,0.986388399174966,0.71043833912021,3.024631186985667,12.0,0.0,0.0
3.484,66.627518,-1.538718,3.45059,66.348412,-1.716219,3.972345,0.889431,0.858707638660431,0.538269673244847,2.0187396549844436,9.0,0.0,0.0
3.485,66.627518,-1.538718,3.45059,66.408218,-1.423517,4.127861,1.05474,1.01830641702471,0.643035937492025,1.0223944298210734,6.0,0.0,0.0
3.486,66.627518,-1.538718,3.45059,65.99086,0.428235,0.125481,1.71328,1.65409865764083,4.17660785982174,0.8775607737449194,2.0,0.4540736668549489,0.4543787397571124
3.487,66.627518,-1.538718,3.45059,66.166168,0.258545,0.387836,3.27642,3.16324355847706,3.77819138400037,0.003566541689189111,2.0,0.0,0.0
3.488,66.627518,-1.538718,3.45059,66.243164,-1.920004,4.089114,1.12141,1.08267345423107,0.776827626725239,0.017591311233352495,9.0,0.0,0.0
3.489,55.034206,51.75491,36.871132,55.660751,52.007656,36.460705,0.698816,0.674676998236094,0.653504928689428,3.3482755712007832,5.0,0.0007633125209819554,0.04493820415863136
3.490,55.034206,51.75491,36.871132,54.522171,58.660797,40.776623,3.52876,3.40686704983229,2.06338849276926,1.76727951599942,2.0,0.0,0.0
3.491,55.034206,51.75491,36.871132,55.56945,57.498413,39.943329,3.00338,2.89963510131754,1.75059508138797,1.3903080280597075,4.0,0.0,0.0
3.492,55.034206,51.75491,36.871132,54.938179,53.683582,29.526073,4.19882,4.05378135837428,4.22410978381845,5.758140695055897,9.0,0.0,0.0
3.493,55.034206,51.75491,36.871132,56.731815,53.955208,31.381927,3.85195,3.71889318984614,3.71889877506926,3.294335619173744,6.0,0.0,0.0
3.494,55.034206,51.75491,36.871132,54.636021,56.267078,32.722988,3.87648,3.74257585705286,3.43716059180143,0.4765141874713253,5.0,0.0,0.0
3.495,55.034206,51.75491,36.871132,56.860432,54.200413,35.843819,2.93993,2.83837683656963,2.16867430941834,4.037311703897143,7.0,0.0,0.0
3.496,55.034206,51.75491,36.871132,55.621216,53.889507,29.907492,4.17428,4.0300890365947,4.12136104579699,4.012469088831436,6.0,0.0,0.0
3.497,55.034206,51.75491,36.871132,56.017639,53.333477,28.064312,4.55161,4.39438503403097,4.96902058579856,2.089486258619121,4.0,0.0,0.0
3.498,55.034206,51.75491,36.871132,55.136143,54.861347,30.394226,4.10491,3.96311526471822,4.10667592589763,2.785187784636021,4.0,0.0,0.0
3.499,55.034206,51.75491,36.871132,55.247013,54.311447,28.775682,4.71066,4.54794101524699,4.76917524798417,1.7833405521628118,3.0,0.0,0.0
3.500,55.034206,51.75491,36.871132,54.811813,54.549908,29.154848,4.65651,4.49566150325172,4.64138461029479,0.9820473465247521,2.0,0.0,0.0
3.501,55.034206,51.75491,36.871132,56.717056,53.670815,31.070621,3.96193,3.82507418207587,3.78270279006124,0.544948135767742,1.0,0.0,0.0
3.502,55.034206,51.75491,36.871132,55.19162,54.794655,29.947798,4.50677,4.35109392936121,4.31003718074207,0.0,0.0,0.0,0.0
3.503,55.034206,51.75491,36.871132,56.508842,50.441677,38.220478,2.51184,2.42507422733502,1.76245799764099,0.06868272479894016,3.0,0.00012020194385707118,0.00023134971428515454
3.504,55.034206,51.75491,36.871132,58.649887,47.744171,34.751858,4.18782,4.04316132823673,3.55709065389265,0.0,0.0,0.0,0.0
3.505,55.034206,51.75491,36.871132,56.24564,51.813969,44.428993,4.74196,4.57815982827472,3.81431665943878,0.7631593417551381,2.0,0.0,0.0
3.506,55.034206,51.75491,36.871132,55.199833,53.735607,45.106838,4.34518,4.19508568664071,3.47920699808399,0.5405593816226782,1.0,0.0,0.0
3.507,55.034206,51.75491,36.871132,55.380013,51.232723,35.751068,1.19882,1.15740950268081,0.560190397383055,2.243975961642032,4.0,3.5919298176181968e-06,0.000776279862919756
3.508,55.034206,51.75491,36.871132,53.92606,51.968121,34.864212,2.43486,2.35075332551793,1.49971884946513,0.6422118181271671,5.0,0.0,0.0
3.509,55.034206,51.75491,36.871132,54.118134,51.505188,35.972713,1.41709,1.36813986432822,0.957393391501969,0.5080440295325304,3.0,2.608502628460683e-13,8.229618162448147e-08
3.510,55.034206,51.75491,36.871132,55.054821,51.792553,36.904892,0.630288,0.608516141393774,0.0236839409927403,0.8798819660186131,1.0,0.0,0.0
3.511,55.034206,51.75491,36.871132,54.983643,53.066681,37.365479,1.48308,1.43185039058062,0.407769737353059,0.0,0.0,0.0,0.0
3.512,55.034206,51.75491,36.871132,55.739693,54.249378,43.89484,4.21658,4.07092787975998,2.9009643260843,0.006075889198223071,1.0,8.887733027481101e-05,8.887733027481101e-05
3.513,55.034206,51.75491,36.871132,55.837624,57.456684,41.648609,3.09222,2.98540632653748,2.01611028208929,0.004609647998489619,1.0,0.0,0.0
3.514,55.034206,51.75491,36.871132,57.032524,55.218678,37.564484,2.70135,2.60803803745918,2.19252176817759,2.6173291047253406,4.0,0.0,0.0
3.515,55.034206,51.75491,36.871132,54.890587,56.560257,36.059475,2.99831,2.89474023288142,2.12503565706151,2.6921445528842023,3.0,0.0,0.0
3.516,55.034206,51.75491,36.871132,56.066761,55.583523,35.005344,3.03299,2.92822229153324,2.38966480805062,1.7727986942103553,2.0,0.0,0.0
3.517,55.034206,51.75491,36.871132,55.551159,56.168198,36.342747,2.61844,2.52799197394066,1.9385493160648,0.6578833179420751,1.0,0.0,0.0
3.518,55.034206,51.75491,36.871132,56.339222,55.371418,34.991112,2.91794,2.81714643086739,2.4439825017658,0.0,0.0,0.0,0.0
3.519,38.298019,0.294544,0.205786,34.469627,-0.079072,-1.057111,4.65591,4.49508222888058,3.48230679013087,8.842603524475194,21.0,3.0573558764797405e-05,0.000983244267363824
3.520,38.298019,0.294544,0.205786,33.524685,-0.301369,-1.043497,5.14409,4.96639916638473,4.25149903891515,5.119902006042919,12.0,0.0028529626321726763,0.08738325145407212
3.521,38.298019,0.294544,0.205786,35.063156,0.147781,-0.635292,4.20323,4.05803902500214,2.85201355410673,8.08715081917332,15.0,0.0026088445848288953,0.04506139927102293
3.522,38.298019,0.294544,0.205786,35.265884,0.50525,1.79956,4.13333,3.99055356076449,2.98776709681343,2.850047523187162,11.0,3.420097009127281e-05,0.0057663550997420895
3.523,38.298019,0.294544,0.205786,34.354977,-0.450014,-2.028741,5.5172,5.32662093407732,4.0872869254685,6.110753566080264,13.0,0.00017153113089764515,0.006578476036934189
3.524,38.298019,0.294544,0.205786,35.337055,-0.225735,-2.545105,5.68495,5.48857639367485,3.69720257750705,7.486561260032688,16.0,0.007017652420118372,0.09009474754810498
3.525,38.298019,0.294544,0.205786,34.632511,-1.360838,-1.782767,4.5914,4.43280057941032,4.33563532684716,2.944424251433495,8.0,0.1446076112454649,0.545646168210599
3.526,38.298019,0.294544,0.205786,36.818005,0.055201,-0.223113,1.48602,1.4346888349992,1.37548248784368,3.8075538353184744,11.0,0.09736562309597215,0.3707248516472418
3.527,38.298019,0.294544,0.205786,36.345665,-0.871912,-2.068496,4.45376,4.29991503867111,3.22097666301322,8.37930456244706,13.0,0.00012203482667381318,0.010409722900459217
3.528,38.298019,0.294544,0.205786,36.009312,-0.178491,-1.611046,4.07527,3.93449911078397,2.71169717750239,5.2665432066067295,10.0,0.026298967197632497,0.15208934293339202
3.529,38.298019,0.294544,0.205786,36.288639,0.316602,-2.196318,4.94946,4.77849221496019,2.86047912695238,4.941094522783268,9.0,2.2552191541786576e-05,0.0008170923849371578
3.530,38.298019,0.294544,0.205786,35.208408,-0.800012,-3.895722,6.70968,6.47790943756977,4.85517199135719,0.8550022602767876,4.0,9.914911319099451e-05,0.0014339859864082368
3.531,38.298019,0.294544,0.205786,36.892502,0.545046,-2.616418,5.26882,5.08682065357161,2.9461040992955,4.084378225672205,9.0,0.0015205403901658195,0.02770000129491799
3.532,38.298019,0.294544,0.205786,31.416723,0.689391,-4.383622,5.52473,5.33389082743511,7.05351569624777,0.2117068682590795,1.0,0.0,0.0
3.533,38.298019,0.294544,0.205786,36.957512,0.602719,-2.995191,5.47957,5.29029077643408,3.24131255077198,4.2127905515910005,8.0,0.0012566929998209717,0.04749480941804897
3.534,38.298019,0.294544,0.205786,35.441475,0.292468,-2.57559,4.99462,4.82209226596123,3.57418053851465,4.373045110757262,9.0,0.0,0.0
3.535,38.298019,0.294544,0.205786,36.548061,0.86257,-2.409523,5.14301,4.96535647251668,2.99133135905787,1.8293271402006241,6.0,0.0009044848947721378,0.0071879525681890315
3.536,38.298019,0.294544,0.205786,36.5028,0.517209,-3.702915,5.48065,5.29133347030213,3.94035972779068,2.4670642499939754,6.0,1.9354016884092039e-07,0.00045218319734891747
3.537,38.298019,0.294544,0.205786,36.925953,-0.825342,-2.774334,5.20108,5.02142057707005,3.45215598122399,1.6946272059332408,5.0,0.005213804383770965,0.02562994538623244
3.538,38.298019,0.294544,0.205786,38.280365,-0.037357,0.325072,1.19892,1.15750604840934,0.50958054665932,3.730843029276023,8.0,3.9031152137912895e-08,0.00034747567972728203
3.539,38.298019,0.294544,0.205786,34.776199,0.390112,1.790549,4.19247,4.04765070461306,3.3257509673375,0.7337125918826207,3.0,0.0,0.0
3.540,38.298019,0.294544,0.205786,32.400509,-0.896283,-3.752385,6.52366,6.29831507337107,6.3305982043416,0.0,0.0,0.0,0.0
3.541,38.298019,0.294544,0.205786,33.064331,0.923234,-0.913352,5.62366,5.42940351666303,4.56607354025943,1.031664742940838,2.0,0.0,0.0
3.542,38.298019,0.294544,0.205786,33.838768,0.043181,-2.257201,5.90215,5.69827371602706,4.4200684917688,0.5929233130633319,1.0,0.0,0.0
3.543,38.298019,0.294544,0.205786,36.728329,-0.924989,1.513166,3.85699,3.72375909456371,2.55376819527632,0.6824948860300099,2.0,0.00016356919465886576,0.004277066137017905
3.544,38.298019,0.294544,0.205786,35.953468,1.028856,-3.410898,5.72796,5.53010071151264,4.01877816305446,0.2894180185450447,2.0,3.959892154732811e-08,9.704744790092896e-05
3.545,38.298019,0.294544,0.205786,37.570049,-0.568221,-0.267383,2.96774,2.86522620367191,1.49799698983487,2.0892465574842336,10.0,0.18855923437835057,0.3671379871499198
3.546,38.298019,0.294544,0.205786,36.818005,-1.649999,0.374717,3.96559,3.82860775573981,3.08032068943232,0.48214555776925777,1.0,0.03172793784766184,0.03172793784766184
3.547,38.298019,0.294544,0.205786,35.226261,-0.303823,-1.808395,5.18925,5.00999921738577,3.3552413282651,0.0,0.0,0.0,0.0
3.548,38.298019,0.294544,0.205786,39.024166,-0.116553,0.219428,1.86667,1.80219015062244,0.877395818146333,4.186156259867812,8.0,0.002868527300033216,0.01689125804344908
4.1,49.140011,-0.809856,0.430055,49.311226,-0.438431,1.422339,1.201506,1.16000272094894,1.11676425044051,44.68126731002993,49.0,0.0,0.0
4.2,49.699966,0.130085,0.779994,49.784233,0.090873,1.827392,1.25739,1.2139563358768,0.995735932622898,42.34809447560189,48.0,0.0,0.0
4.3,49.660042,-0.250223,0.360053,49.38129,-0.464036,1.301046,1.154936,1.11504137517573,0.993201546570376,41.887060967386866,47.0,0.0,0.0
4.4,49.330006,0.039961,0.489911,49.354378,-0.50242,1.315409,1.21082,1.16899499010359,1.11754381912407,41.762200303035506,46.0,0.0,0.0
4.5,49.430061,0.099855,0.360004,49.296097,-0.859472,0.496034,1.527496,1.47473214136145,1.41625494013652,34.97233275817097,44.0,0.0,0.0
4.6,54.799984,37.720024,7.109985,54.403339,40.99556,7.49056,1.005912,0.971165068701441,1.2445389039035,2.4455039601478266,3.0,0.0,0.0
4.7,54.829967,37.799973,7.12991,54.496532,39.519398,7.746418,0.74512,0.719381532371438,0.74533895818274,1.8670625163822097,2.0,0.0,0.0
4.8,54.02,38.919899,6.27998,54.294842,41.013386,7.382777,0.69855,0.674420186598223,0.944468799493878,0.9745953991908431,1.0,0.0,0.0
4.9,54.040054,38.969696,6.330107,54.356804,39.604393,7.72303,0.679922,0.656435648288937,0.86338801197488,0.0,0.0,0.0,0.0
4.10,53.739994,44.410114,6.279933,53.985176,42.968098,7.610081,0.521584,0.503567072660006,0.988293933133765,0.0,0.0,0.0,0.0
4.11,43.300003,34.659824,20.019878,43.59446,36.881409,21.068375,0.856888,0.827288762227153,0.911015410660414,36.822165923879474,138.0,0.0,0.0
4.12,43.870068,35.629742,21.290045,44.072601,37.127289,22.695574,1.126994,1.0880645677118,0.769554419490261,86.01314741705134,141.0,0.0,0.0
4.13,43.449951,38.100449,20.989811,43.626087,37.972427,23.039627,0.987284,0.953180530392155,1.24802879487183,55.54455907637159,145.0,0.0,0.0
4.14,43.449951,37.830349,21.080032,43.449951,36.518063,22.284998,0.763748,0.737366070680724,1.13414083245038,66.91799238499313,142.0,3.9045400191053024e-08,2.1122214631872454e-06
4.15,43.990017,39.070026,20.989996,43.743225,37.410538,21.277056,0.717178,0.692404724907509,0.848273568325352,47.85524850683479,134.0,4.314744263968897e-06,0.0009175215516654518
4.16,58.949974,23.460032,27.410065,59.180817,25.609293,28.302149,0.88483,0.854265569691082,1.11084200395698,0.6258749328833794,3.0,0.0,0.0
4.17,61.620037,23.599766,29.090139,61.464283,26.036238,30.662054,1.005912,0.971165068701441,1.20131747331494,1.0324109233436738,2.0,0.0,0.0
4.18,60.82,30.469955,31.400021,61.197262,32.096458,32.906292,0.707864,0.683412455752866,0.807562055810884,0.0,0.0,0.0,0.0
4.19,59.27,25.559849,28.179935,59.943539,25.754641,30.022139,0.959342,0.926203722928226,1.12232234454833,0.8294406632777045,1.0,0.0,0.0
4.20,60.030045,26.809946,29.780022,60.137901,25.353319,30.122326,0.801004,0.773335147299296,0.992507644245318,0.0,0.0,0.0,0.0
4.21,80.169975,7.680023,29.28001,79.978317,8.936858,29.966816,0.828946,0.800311954763224,0.957695299354448,3.6912081177222715,4.0,0.0,0.0
4.22,79.730011,7.97999,29.099958,79.428146,9.028553,30.885044,0.903458,0.872250108000368,0.965897015123594,2.3259174217004546,3.0,0.0,0.0
4.23,79.340027,7.879983,29.980099,79.139259,8.538363,31.475266,0.735806,0.710389263216795,0.711137832330953,1.1618307885543775,2.0,0.0,0.0
4.24,79.580002,7.989916,29.169987,79.127937,8.516293,31.499508,1.126994,1.0880645677118,1.04082928746332,0.2400754648656144,1.0,0.0,0.0
4.25,80.850021,7.709878,28.580017,81.021675,6.761721,28.993362,0.754434,0.728373801526081,0.867158711660073,0.0,0.0,0.0,0.0
4.26,85.62999,-6.880021,44.009979,85.407852,-5.048718,44.927666,1.173564,1.13302591348501,1.35377537091856,18.44151262336888,70.0,0.013482456450033717,0.31413060651377617
4.27,86.470016,-7.010156,45.370049,86.879654,-6.120996,47.56802,0.735806,0.710389263216795,1.06987525069938,48.61377810786843,88.0,0.02364983652840652,0.38905185116362834
4.28,86.750015,-6.710108,46.240025,87.279526,-6.291,49.857285,0.9314,0.899226915464297,1.30644491615119,19.211569647967558,81.0,0.05082138205503734,0.764029286685938
4.29,86.979988,-6.069949,47.359993,87.278404,-6.311615,49.833576,0.549526,0.530543880123935,0.800176378104161,16.36582233855115,72.0,0.03516815623733733,0.5990011661593421
4.30,87.090019,-6.380114,45.620094,87.212265,-7.994803,46.106678,0.950028,0.917211453773583,1.05221711259345,42.92247587276493,80.0,0.011444347428002358,0.5285612237983748
4.31,67.109993,-20.180033,24.969992,66.716438,-18.385767,25.152033,1.089738,1.05209549109323,1.11324481075687,0.15583492184529585,2.0,0.0,0.0
4.32,66.679993,-15.309788,24.529993,66.489273,-13.897161,25.013622,0.987284,0.953180530392155,1.05291781671736,2.027292544643698,3.0,0.0,0.0
4.33,66.789978,-15.389912,24.52997,66.911255,-15.402593,26.467438,0.754434,0.728373801526081,0.976651790388822,1.2715191030871846,2.0,0.0,0.0
4.34,66.56002,-14.27023,24.130102,66.811157,-15.424237,26.383797,0.83826,0.809304223917867,1.11793512836963,0.28196171496919037,1.0,0.0,0.0
4.35,65.080032,-16.040257,23.43014,65.206474,-17.744812,24.73654,1.061796,1.0251186836293,1.01051065777822,0.0,0.0,0.0,0.0
4.36,60.82,-33.040077,16.030046,61.013481,-30.885271,16.11956,0.79169,0.764342878144653,0.9665199822629,1.8969023728097392,4.0,0.0,0.0
4.37,60.780041,-30.080114,14.460136,60.753551,-28.78417,15.634058,1.11768,1.07907229855716,1.01430416216334,1.9137630713610825,3.0,0.0,0.0
4.38,60.719978,-30.019915,14.490026,60.931545,-30.07572,15.841388,0.642666,0.620466571670365,0.768810131984921,1.5382165427895267,2.0,0.0,0.0
4.39,60.769978,-30.01004,14.429927,60.946136,-30.784008,16.133543,0.707864,0.683412455752866,0.912335627653948,0.8166108925132887,1.0,0.0,0.0
4.40,60.719978,-30.81978,14.779965,60.728817,-32.982998,16.050978,0.642666,0.620466571670365,0.976046034859943,0.0,0.0,0.0,0.0
4.41,55.469971,-32.089752,-0.060098,55.612289,-29.953671,0.424135,0.83826,0.809304223917867,0.977009900456795,58.519907573352455,97.0,0.0,0.0
4.42,55.309998,-32.089779,-0.100068,55.320225,-30.297216,1.435476,1.266704,1.22294860503144,1.29661938408026,46.42567783198202,94.0,0.0,0.0
4.43,55.330044,-32.0,-0.079938,55.207119,-32.267277,1.386697,0.847574,0.81829649307251,0.991564387010141,48.78822289509034,92.0,0.0,0.0
4.44,55.370003,-31.989914,-0.070078,55.318897,-32.9314,1.616213,0.959342,0.926203722928226,1.18102910116745,39.51566239940851,90.0,0.0,0.0
4.45,55.469971,-30.449732,0.209887,55.531033,-32.926296,0.238492,0.875516,0.845273300536439,1.03963541053434,51.71554944430089,88.0,0.0,0.0
4.46,53.499966,-18.739721,-8.330112,53.273022,-17.306429,-8.333839,0.875516,0.845273300536439,0.968405584705222,1.0610946669842602,12.0,0.0,0.0
4.47,52.640022,-16.330187,-9.669969,52.761288,-14.669192,-9.037555,1.201506,1.16000272094894,1.16550724056603,5.896085852322598,20.0,0.0,0.0
4.48,52.629974,-16.349865,-9.680022,52.872139,-14.994094,-8.415019,1.25739,1.2139563358768,1.14288852673111,3.8292046449660875,17.0,0.0,0.0
4.49,52.419998,-14.939863,-10.44998,52.652611,-14.659204,-9.036263,1.173564,1.13302591348501,0.961618046464243,4.488815233056798,18.0,0.0,0.0
4.50,52.529964,-14.999578,-10.520062,52.60743,-16.320673,-9.654822,1.182878,1.14201818263966,1.25918933394,5.956240933480706,18.0,0.0,0.0
4.51,60.970032,-18.410057,-26.639978,60.873306,-16.502714,-26.459892,0.996598,0.962172799546798,1.0552179023759,3.0659911143521565,11.0,0.0,0.0
4.52,61.970024,-16.530125,-26.399975,61.867188,-14.856445,-24.903971,1.238762,1.19597179756752,1.04982720137854,2.2987169565415657,17.0,0.0,0.0
4.53,60.750019,-17.809874,-28.519949,60.750019,-16.487335,-26.496967,1.061796,1.0251186836293,0.990977326934042,2.049656638894636,7.0,0.0,0.0
4.54,61.199966,-18.269806,-28.850046,60.901997,-18.391253,-26.663271,0.847574,0.81829649307251,1.00694738409216,0.9927863006440084,2.0,0.0,0.0
4.55,60.950005,-17.330168,-28.070019,60.967571,-18.435513,-26.736938,1.07111,1.03411095278394,0.954273855911438,0.0003181747247767744,2.0,0.0,0.0
4.56,36.099941,-6.780036,-26.530033,36.138252,-5.129393,-26.395277,1.015226,0.980157337856084,1.2993016958498,22.513142421551766,48.0,0.0,0.0
4.57,36.47995,-6.410225,-29.550129,36.7244,-5.203378,-27.711805,0.959342,0.926203722928226,1.31271447941877,22.075639418758136,55.0,0.0,0.0
4.58,36.320019,-4.080234,-30.089994,36.052555,-4.205492,-27.91733,0.689236,0.66542791744358,0.798261878283881,18.522645994129423,77.0,0.0,0.0
4.59,33.480099,-1.550365,-28.259892,33.670628,-2.13169,-26.219049,0.735806,0.710389263216795,0.703830242496374,18.04476194600559,42.0,0.0,0.0
4.60,36.179943,-4.979801,-26.410086,36.29435,-6.567866,-26.312645,0.940714,0.90821918461894,1.24106819621035,21.6763535577784,46.0,0.0,0.0
4.61,47.080059,11.31986,-30.779877,47.158413,12.350817,-30.424925,1.126994,1.0880645677118,0.937921614878182,3.5762630395643273,4.0,0.0,0.0
4.62,46.890015,10.069849,-30.880028,47.204163,10.844788,-29.599417,1.276018,1.23194087418609,1.32223106634143,2.150594933754476,3.0,0.0,0.0
4.63,46.77998,11.149974,-31.060022,47.082146,11.567209,-29.813774,1.052482,1.01612641447466,1.06143300951283,1.9229231813102237,2.0,0.0,0.0
4.64,47.140015,11.269973,-30.820038,47.412903,10.491948,-28.995892,0.624038,0.602482033361079,0.809517123242999,0.9960927227437574,1.0,0.0,0.0
4.65,47.140015,12.339876,-30.329971,47.205204,10.858968,-29.445404,0.79169,0.764342878144653,0.770280926888756,0.0,0.0,0.0,0.0
4.66,45.940025,13.010096,-10.899981,46.06184,14.646774,-10.607154,1.145622,1.10604910602109,1.32347449327716,4.969483176185298,21.0,0.0,0.0
4.67,46.000046,14.609716,-10.529899,46.013577,15.713557,-9.89452,0.847574,0.81829649307251,0.988705975826835,1.9570847230014567,13.0,0.0,0.0
4.68,46.179951,16.480263,-11.470162,45.868881,15.789123,-9.878959,0.83826,0.809304223917867,1.05335904860543,1.0271303611844114,7.0,0.0,0.0
4.69,46.199993,16.500267,-11.459942,45.929852,14.754106,-10.535502,0.940714,0.90821918461894,1.24323211854004,0.35354940062270923,13.0,0.0,0.0
4.70,44.640045,12.699732,-12.679982,44.83749,11.331804,-12.118423,0.661294,0.638451109979651,1.0889062671025,11.475683756483228,18.0,0.0,0.0
4.71,52.730019,16.709738,-3.169944,53.047962,18.032227,-2.905269,0.856888,0.827288762227153,0.957161515414268,2.970020136082023,4.0,0.0,0.0
4.72,52.810001,16.669802,-3.220062,52.799011,17.238127,-2.28933,0.65198,0.629458840825008,0.753049876801887,1.711950217688629,3.0,0.0,0.0
4.73,53.330006,17.67981,-2.149913,53.340828,17.567802,-1.053871,0.661294,0.638451109979651,0.733156553386046,1.4370190159644434,2.0,0.0,0.0
4.74,53.870049,18.209583,-1.659847,54.156631,17.054462,-0.875474,0.819632,0.791319685608582,0.945897226308685,0.8518903583773112,1.0,0.0,0.0
4.75,53.059967,19.589966,-1.450114,53.353271,17.550825,-1.098279,0.950028,0.917211453773583,1.33002668856877,0.0,0.0,0.0,0.0
4.76,45.099937,36.750183,22.469835,46.181698,36.91983,22.239534,1.145622,1.10604910602109,1.05157489929332,72.55861730971955,138.0,0.0,0.0
4.77,43.600025,37.299789,22.570135,44.974243,37.176563,22.39678,1.359844,1.31287129657787,1.29024390106441,70.35053049096685,138.0,2.1731707501779656e-14,8.777715390893843e-09
4.78,85.979988,-6.429916,45.730019,87.029762,-6.35292,45.572887,0.819632,0.791319685608582,0.683268694651537,48.299963060017426,70.0,0.0020943687706127313,0.07789857962331981
4.79,85.310013,-6.220155,45.670074,87.171516,-5.994797,45.503944,1.061796,1.0251186836293,1.2185176705218,31.037250162854665,72.0,0.011703174733084257,0.43629308634876307
4.80,85.030022,-5.810035,45.76997,87.249275,-6.008614,45.565529,1.508868,1.45674760305216,1.45207014802838,19.483283068458505,59.0,0.004446994993394428,0.17985371035396686
4.81,54.930012,-32.429749,0.270046,56.019749,-32.491016,0.369239,0.97797,0.944188261237512,1.02700954890083,42.9867267429775,86.0,0.0,0.0
4.82,53.339966,-31.97987,-0.019988,54.843761,-32.081135,0.060787,1.369158,1.32186356573252,1.44559966821723,17.71124068744612,76.0,0.0,0.0
4.83,37.37991,-6.629993,-26.860109,38.330647,-6.845721,-27.053663,1.07111,1.03411095278394,0.834123469744188,21.601864374641877,44.0,0.0,0.0
4.84,36.859932,-6.639829,-26.840183,38.485317,-6.538599,-27.054052,1.35053,1.30387902742323,1.3884168477357,20.666814927884264,43.0,0.0,0.0
4.85,86.580002,-0.489999,-0.260012,88.61129,-0.545052,-0.230097,1.02454,0.989149607010727,1.30492210588253,5.861262161143003,13.0,0.0,0.0
4.86,88.439987,-0.489861,-0.399999,90.120468,-0.527674,-0.054545,0.959342,0.926203722928226,1.11493886238597,4.457395375323183,7.0,0.0,0.0
4.87,77.850014,-0.320116,-0.389929,79.349983,-0.283774,-0.428166,1.108366,1.07008002940251,1.05550478831861,7.378314737914063,13.0,0.0,0.0
4.88,77.709984,-0.329912,-0.360063,79.83017,-0.339759,-0.415828,1.201506,1.16000272094894,1.48742806972139,5.858909199594879,10.0,0.0,0.0
4.89,65.320007,-0.190133,0.050017,66.62851,-0.195206,0.009758,1.276018,1.23194087418609,1.0639641146358,9.477052402228566,90.0,7.930582558177299e-05,0.023301137521205592
4.90,67.12001,-0.220064,-0.059993,68.932762,-0.181803,0.036841,1.238762,1.19597179756752,1.44025501463295,6.176316841248377,8.0,0.0,0.0
4.91,60.529984,-0.269778,0.049917,62.002789,-0.243119,-0.014012,1.052482,1.01612641447466,1.27506047555442,52.60449118495508,103.0,0.010140278163654771,0.6073868806911991
4.92,60.050018,-0.280042,2.2e-05,61.791084,-0.290317,-0.077282,1.294646,1.24992541249537,1.51390497518088,37.80673652361874,94.0,0.013155676557294077,0.5983408236766096
4.93,53.139946,-0.230001,-0.080036,54.464062,-0.230903,-0.011544,1.480926,1.42977079558823,1.27876426623813,2.3012117520328763,44.0,0.0,0.0
4.94,49.019993,-0.259981,-0.090002,50.66415,-0.268229,-0.125409,1.499554,1.44775533389752,1.64443895103636,22.609204025681226,43.0,0.0,0.0
4.95,39.310013,-0.119867,0.399979,40.557251,-0.126699,0.32472,1.11768,1.07907229855716,1.09855513120703,6.637612615008458,8.0,0.0,0.0
4.96,39.349953,-0.119531,0.370032,41.062656,-0.07392,0.343302,1.49024,1.43876306474288,1.51255586275003,4.5526878977660035,7.0,0.0,0.0
4.97,29.090023,-0.019617,1.00996,30.091274,-0.00139,0.994154,0.810318,0.782327416453938,0.771382651028212,4.839058070270106,7.0,0.0,0.0
4.98,27.350077,0.109082,0.960334,29.079784,0.071702,0.961482,1.126994,1.0880645677118,1.31146239127316,7.373514326507577,9.0,0.0,0.0
4.99,60.26004,-0.290121,-0.089943,61.004269,-0.255718,-0.040134,0.65198,0.629458840825008,0.652685189521668,41.25747328818394,84.0,0.003107312674045334,0.21605903570164361
4.100,61.379997,-0.299871,-0.100025,62.451286,-0.302035,-0.06244,0.894144,0.863257838845725,0.918485312543731,57.170816592962254,92.0,0.004986782771127637,0.29625671934251463
4.101,60.999969,-0.269999,-0.07004,62.370724,-0.274796,-0.071283,1.201506,1.16000272094894,1.1779488471334,53.96003698824029,99.0,0.0037899323411109765,0.38991933797529127
4.102,60.36002,-0.310067,-0.0499,62.078907,-0.283174,-0.077197,1.378472,1.33085583488716,1.48727789711999,40.041761861285934,90.0,0.012173963888235828,0.546083913668026
4.103,60.460007,-0.239831,0.050053,63.133312,-0.252147,-0.026832,1.76966,1.70853113938216,2.29512472278671,13.756578265426509,38.0,0.002524945280896302,0.04927102258723884
4.104,46.260052,36.889938,22.139956,46.765984,36.977833,22.029522,0.55884,0.539536149278578,0.498827105259605,42.19391159123359,109.0,1.0249457799014397e-17,5.854016174910227e-09
4.105,43.81995,37.200417,21.679749,44.566662,37.167774,21.584,0.83826,0.809304223917867,0.700351892324673,79.24559928744989,129.0,0.0,0.0
4.106,43.86005,36.959896,22.410271,44.775291,36.950111,22.187439,1.229448,1.18697952841287,0.867505507831591,88.4458326234614,133.0,0.0,0.0
4.107,43.990017,37.080006,23.210077,45.608574,36.694283,22.471897,1.341216,1.29488675826859,1.57250682058097,45.91502427843683,113.0,0.0,0.0
4.108,44.859974,36.539989,21.909847,46.673664,36.923515,22.141479,1.555438,1.50170894882538,1.74457849624982,22.593421110212997,93.0,0.0,0.0
4.109,86.06002,-6.510134,46.07003,86.660881,-6.757248,45.880108,0.502956,0.48558253435072,0.433655844322283,40.388883523476004,61.0,0.00468103653853961,0.21162516362163403
4.110,85.940002,-6.520092,45.909935,86.902222,-6.814412,46.087063,0.633352,0.611474302515722,0.653008822358796,46.209568269192935,66.0,0.008065828725370988,0.25430236516428395
4.111,85.480003,-6.330004,45.91003,86.772034,-6.72852,46.01907,0.707864,0.683412455752866,0.880016846155468,41.48893691481355,71.0,0.012899101713172906,0.2833893575079195
4.112,85.609985,-6.349862,45.950016,87.36837,-6.851581,46.277355,0.83826,0.809304223917867,1.18610243356276,32.57161382312522,71.0,0.034145986865311756,0.758817865219998
4.113,85.349991,-6.309961,45.84,87.219841,-6.046001,45.76025,1.061796,1.0251186836293,1.226484587438,27.118473054131112,70.0,0.015560527053796926,0.4606141073205388
4.114,54.70998,-32.010151,-0.019989,55.164921,-31.733152,0.03008,0.819632,0.791319685608582,0.44777025960406,35.56160003970397,69.0,0.0,0.0
4.115,55.469971,-31.809582,0.229923,56.632538,-31.986355,0.242249,1.266704,1.22294860503144,1.08601080111556,47.7131986214624,88.0,0.0,0.0
4.116,53.739994,-31.780239,-0.039934,55.63501,-31.979239,-0.144019,1.49024,1.43876306474288,1.80653789299714,16.47547820696133,56.0,0.0,0.0
4.117,55.290039,-31.810183,0.120075,57.291088,-32.197414,0.297608,1.685834,1.62760071699038,1.86886070441783,19.90555215176869,49.0,2.5650129745178238e-05,0.002082708450281406
4.118,55.420021,-31.67034,0.230093,57.577835,-31.70676,0.230432,1.788288,1.72651567769145,1.99746638810913,14.02537789325687,43.0,1.1851125041891249e-05,0.0030210298338661573
4.119,36.859932,-5.979856,-26.460176,37.846916,-6.226113,-26.679174,0.69855,0.674420186598223,0.866954852956804,22.222495656533855,46.0,0.0,0.0
4.120,37.330013,-6.130115,-26.699909,38.405811,-6.334813,-26.82785,0.847574,0.81829649307251,0.935370447475099,21.355878878415734,42.0,0.0,0.0
4.121,37.789974,-6.189986,-26.809978,38.865265,-6.263278,-26.997616,0.940714,0.90821918461894,0.929681610760621,19.17551357788656,39.0,0.0,0.0
4.122,37.340076,-6.220028,-26.649906,38.782001,-6.432776,-26.94982,1.099052,1.06108776024787,1.25406752381575,18.444712865344965,38.0,0.0,0.0
4.123,36.600014,-5.960459,-26.409985,38.223091,-6.297909,-26.829771,1.285332,1.24093314334073,1.4183218916183,16.511515241637216,39.0,0.0,0.0
4.124,90.010017,-0.500077,-0.269921,90.360725,-0.490996,-0.05947,0.409816,0.395659842804291,0.30243483182932,0.4422809205367978,4.0,0.0,0.0
4.125,88.600014,-0.490001,-0.500009,90.127861,-0.486455,-0.296393,0.717178,0.692404724907509,0.983392855301492,3.0254833169462376,5.0,0.0,0.0
4.126,86.979988,-0.469974,-0.480028,88.721519,-0.52341,-0.453002,0.79169,0.764342878144653,1.11667494213501,2.4150934571965523,9.0,0.0,0.0
4.127,88.439987,-0.479877,-0.519994,90.222015,-0.51804,-0.176589,0.959342,0.926203722928226,1.17460899029584,1.6139767760613268,3.0,0.0,0.0
4.128,87.069992,-0.469996,-0.50004,89.979553,-0.521263,-0.320616,1.21082,1.16899499010359,1.8584630176848,1.3069883880306634,2.0,0.0,0.0
4.129,77.289986,-0.349845,-0.440057,77.960709,-0.313829,-0.521473,0.530898,0.512559341814649,0.485627098199279,1.392441484919194,6.0,0.0,0.0
4.130,80.000008,-0.359989,-0.469953,80.761749,-0.400043,-0.345038,0.65198,0.629458840825008,0.54251427053907,1.9239795632236316,17.0,0.0,0.0
4.131,78.030022,-0.350098,-0.529925,79.541489,-0.314176,-0.570527,0.903458,0.872250108000368,1.06151247690429,4.717961037639024,9.0,0.0,0.0
4.132,77.979973,-0.339774,-0.490079,79.94165,-0.344478,-0.452632,1.043168,1.00713414532001,1.37295992761441,4.218519977194088,8.0,0.0,0.0
4.133,78.630005,-0.370145,-0.640013,80.782745,-0.366428,-0.414084,1.30396,1.25891768165002,1.51046494822556,3.51331208428135,10.0,0.0,0.0
4.134,65.610001,-0.200168,0.010009,66.750183,-0.28289,-0.098852,0.79169,0.764342878144653,0.938288353082784,4.4128644027316675,75.0,0.0009141780710492667,0.04325497404677767
4.135,66.989975,-0.229866,-0.040099,68.188835,-0.196661,-0.068898,0.940714,0.90821918461894,0.956426459473004,2.3975614371566945,11.0,1.63682253584689e-14,9.942903991134794e-08
4.136,67.659988,-0.240068,-0.060064,69.321693,-0.203606,-0.005063,1.16425,1.12403364433037,1.31109930692737,3.082266931748231,5.0,0.0,0.0
4.137,65.48999,-0.209888,-0.030039,67.537895,-0.21926,-0.113833,1.266704,1.22294860503144,1.65489605257842,3.7997901518740362,26.0,0.0002278822521862222,0.026038283022861756
4.138,65.549965,-0.20967,-0.010013,67.980354,-0.256486,-0.065613,1.53681,1.48372441051609,1.95728979314304,2.3082600868608933,6.0,2.236792784062861e-05,0.0041840540832827405
4.139,49.929989,-0.319852,-0.180089,50.275303,-0.311486,0.016509,0.493642,0.476590265196078,0.396802020182443,15.76597739476849,39.0,0.00012312429804331996,0.009411752188073472
4.140,49.369968,-0.309707,-0.110023,50.235119,-0.278417,-0.00208,0.801004,0.773335147299296,0.872855646405144,34.50670024204568,44.0,0.0,0.0
4.141,53.499966,-0.289639,-0.099991,54.872982,-0.291807,-0.031557,1.35053,1.30387902742323,1.318275421362,1.0425529192458227,21.0,0.0,0.0
4.142,49.330006,-0.340078,0.059926,51.063438,-0.330236,-0.16081,1.53681,1.48372441051609,1.74706598753265,16.438064212265793,37.0,0.0,0.0
4.143,47.429981,-0.299898,0.120069,49.905563,-0.318253,-0.006174,1.81623,1.75349248515538,2.46487616611888,0.15361547225123046,2.0,0.0,0.0
4.144,40.610065,-0.250334,0.340087,41.53648,-0.232463,0.269264,0.670608,0.647443379134294,0.830698839983701,4.176775688991667,5.0,0.0,0.0
4.145,39.459953,-0.239451,0.339969,40.42421,-0.216462,0.383057,0.88483,0.854265569691082,0.849192923558458,3.211329429190676,4.0,0.0,0.0
4.146,39.91996,-0.209517,0.309877,41.141003,-0.215513,0.28827,1.11768,1.07907229855716,1.08231103929466,2.807779205367433,4.0,0.0,0.0
4.147,40.370064,-0.190141,0.300135,42.101131,-0.262156,0.030803,1.508868,1.45674760305216,1.57611260771314,1.8825097578285854,3.0,0.0,0.0
4.148,39.909977,-0.269585,0.340036,42.056862,-0.338895,0.218979,1.713776,1.65457752445431,1.92135913059938,0.08095474035204298,1.0,0.0,0.0
4.149,27.739988,-0.349973,0.510098,29.085159,-0.327814,0.383867,0.726492,0.701396994062152,1.02923475383434,4.899909816370919,8.0,1.7650566450699844e-11,1.1582160332785858e-06
4.150,27.609879,-0.10988,0.359802,29.091045,-0.138606,0.275119,1.285332,1.24093314334073,1.1277112513271,4.453285014069675,7.0,0.0,0.0
4.151,28.199905,-0.079751,0.679877,30.088825,-0.175951,0.495833,1.471612,1.42077852643359,1.46474087229239,4.636019468066605,6.0,0.0,0.0
4.152,27.850124,-0.320967,0.36011,30.234594,-0.331255,0.517327,1.67652,1.61860844783573,1.83030294200132,2.927380779179876,5.0,0.0,0.0
4.153,30.109882,-0.149556,0.529805,32.548203,-0.01466,0.822291,1.853486,1.78946156177395,1.9478955307946,0.6743349394059631,4.0,4.8581424195484004e-11,4.387213231629931e-07
4.154,36.719906,-5.939304,-26.230083,36.962151,-4.772886,-25.839621,0.801004,0.773335147299296,1.00297221410345,17.118609851809527,48.0,0.0,0.0
4.155,36.799908,-6.019723,-26.060087,36.706425,-4.761831,-26.086067,0.968656,0.935195992082869,1.00305433757235,15.14096307969701,43.0,0.0,0.0
4.156,36.680004,-6.099828,-26.360064,36.810917,-4.520868,-26.251211,1.089738,1.05209549109323,1.27197483635949,16.097187557045093,47.0,0.0,0.0
4.157,36.659935,-6.049345,-26.390139,36.697433,-4.255842,-25.92441,1.387786,1.3398481040418,1.49759425248379,11.101427678261867,45.0,0.0,0.0
4.158,36.730015,-3.689751,-29.899895,36.655056,-3.903488,-27.743719,0.847574,0.81829649307251,0.744791736064488,18.528781980225382,65.0,0.0,0.0
4.159,36.700058,-3.810539,-29.879841,36.66256,-4.018754,-27.108236,1.080424,1.04310322193858,0.980658117547993,19.27390918074476,62.0,0.0,0.0
4.160,36.840004,-3.620138,-30.559977,36.59663,-3.904661,-27.153231,1.285332,1.24093314334073,1.20344529006021,13.604347339553147,59.0,0.0,0.0
4.161,37.160072,-5.450294,-28.459883,37.215248,-4.725401,-27.185823,0.819632,0.791319685608582,0.861395420450942,21.77379225473638,44.0,0.0,0.0
4.162,37.269943,-5.999435,-29.780085,37.104408,-5.268204,-28.410973,0.9314,0.899226915464297,0.873414774009173,14.665455838951438,37.0,0.0,0.0
4.163,37.109943,-5.840141,-29.290108,37.183628,-5.036078,-27.51824,1.061796,1.0251186836293,1.04424484139191,18.010848426158205,37.0,0.0,0.0
4.164,37.24004,-5.679979,-29.049982,37.258389,-4.782198,-27.048798,1.16425,1.12403364433037,1.18576032517716,18.442576919739516,40.0,0.0,0.0
4.165,34.290054,-0.330646,-28.629921,34.310619,-1.700607,-26.025595,1.145622,1.10604910602109,0.968826436001384,21.617719853635897,39.0,0.0,0.0
4.166,34.290054,-0.330646,-28.619833,34.372211,-2.171171,-25.444975,1.369158,1.32186356573252,1.29464043295808,15.883692248706398,38.0,0.0,0.0
4.167,34.2099,-0.479747,-28.020115,34.700409,-2.530093,-24.600765,1.49024,1.43876306474288,1.56860468840891,6.948303489686447,36.0,0.0,0.0
4.168,34.359901,-0.229995,-28.710108,34.665775,-2.507948,-24.56905,1.546124,1.49271667967073,1.7044625878408,3.790142747704307,33.0,0.0,0.0
4.169,35.209999,-2.500223,-27.780027,35.010822,-2.131342,-27.810368,0.773062,0.746358339835367,0.336983645898953,12.364512162694933,44.0,0.0,0.0
4.170,35.939976,-3.930017,-27.800022,35.413933,-2.704753,-27.551353,1.220134,1.17798725925823,1.12698317517046,17.774001268665025,51.0,0.0,0.0
4.171,36.050056,-3.589958,-27.839981,35.349293,-2.178814,-27.371384,1.331902,1.28589448911394,1.3833389767959,13.181634440321833,50.0,0.0,0.0
4.172,36.559929,-3.859511,-27.310108,35.444031,-2.555216,-27.649099,1.462298,1.41178625727895,1.36358308581224,12.247331345082017,50.0,0.0,0.0
4.173,37.730022,-5.990295,-28.649986,38.476555,-5.97243,-27.080017,0.903458,0.872250108000368,0.872153741855056,14.228099661290715,25.0,0.0,0.0
4.174,37.580017,-5.929792,-29.159918,38.418636,-6.023178,-27.350594,1.015226,0.980157337856084,0.970918174749285,12.56820481365057,24.0,0.0,0.0
4.175,37.560074,-5.82994,-29.269943,38.452,-5.958961,-27.185535,1.182878,1.14201818263966,1.07049127065791,11.676346946395979,23.0,0.0,0.0
4.176,37.280025,-6.140502,-29.72002,38.829117,-6.042231,-26.902132,1.508868,1.45674760305216,1.70263445809033,3.351416035934525,21.0,0.0,0.0
4.177,34.299927,-0.050022,-27.590059,33.780468,-0.139658,-26.612059,0.922086,0.890234646309654,0.575837006472754,14.125039406729583,29.0,0.0,0.0
4.178,34.359901,-0.149648,-28.00016,33.757782,-0.305353,-26.481668,1.015226,0.980157337856084,0.770299322581685,15.007038954067488,30.0,0.0,0.0
4.179,34.580097,-0.000349,-28.259882,33.77417,-0.246821,-26.434423,1.173564,1.13302591348501,0.951957253727812,14.216138820075088,29.0,0.0,0.0
4.180,49.860012,-0.500102,1.290051,50.063301,-0.313307,0.363834,1.11768,1.07907229855716,0.949695799079488,36.45169544227278,40.0,0.0,0.0
4.181,49.679951,-0.899978,0.50999,50.158894,-0.464924,1.024953,1.378472,1.33085583488716,0.938682575018774,35.337252130683545,40.0,0.0,0.0
4.182,50.069977,0.050231,1.79004,50.165195,0.087986,0.707375,1.322588,1.2769022199593,1.03161447191349,35.15115607724635,38.0,0.0,0.0
4.183,49.629978,-0.269678,0.589871,50.085823,0.089456,0.722925,1.015226,0.980157337856084,0.714629319945261,26.412287480251344,37.0,0.0,0.0
4.184,49.709969,-0.909688,0.500009,49.758137,-0.542145,1.335017,1.220134,1.17798725925823,0.971112627869323,32.875528584511414,36.0,0.0,0.0
4.185,49.770046,-0.010005,0.350083,50.1646,-0.330943,0.464167,1.005912,0.971165068701441,0.627328943906919,20.708096024250924,34.0,0.0,0.0
4.186,49.34,-0.150016,0.389927,49.787842,-0.543494,1.342018,1.639264,1.58263937121716,1.16120755089776,32.121979819270074,34.0,0.0,0.0
4.187,49.780025,-0.549916,1.290112,50.115002,0.035575,1.928979,1.508868,1.45674760305216,1.10820527233205,30.658340500582874,33.0,0.0,0.0
4.188,49.209953,-0.060044,0.419992,49.51442,-0.845938,0.557678,1.72309,1.66356979360895,1.18918766588179,29.69119082171968,32.0,1.6439978320698205e-05,0.00030954726155827175
4.189,49.709969,-0.06971,0.489855,49.734062,-0.556573,1.308726,1.322588,1.2769022199593,1.05176567823389,28.912200423479963,31.0,0.0,0.0
4.190,49.349995,-0.119898,0.430025,49.989426,0.038645,0.684599,0.940714,0.90821918461894,0.72568713089174,20.380897748258434,30.0,0.0,0.0
4.191,49.780025,-0.560347,1.260081,50.245674,0.077536,0.497614,1.53681,1.48372441051609,1.27168662531336,26.869997770776926,29.0,0.0,0.0
4.192,49.60001,-0.910139,0.549962,49.756809,-0.038518,0.349043,1.620636,1.56465483290788,1.28876909540913,25.287564217946592,28.0,0.0,0.0
4.193,49.60001,-0.269836,0.610008,50.056267,0.021687,1.815741,1.508868,1.45674760305216,1.30950123657408,24.150101768977844,27.0,0.0,0.0
4.194,49.629978,-0.870136,0.539896,50.617638,-1.493455,0.332522,1.67652,1.61860844783573,1.33183753593343,21.33571956495786,27.0,0.0,0.0
4.195,49.580051,-0.260413,0.530073,50.274353,-0.425916,0.8329,1.11768,1.07907229855716,0.790090560620792,18.791354836014584,26.0,0.0,0.0
4.196,49.419971,-0.099809,0.479925,50.010326,0.021667,1.81729,1.49024,1.43876306474288,1.41441316532232,19.931681772256383,24.0,0.0,0.0
4.197,49.699966,0.01016,0.36999,49.952126,0.016925,1.758797,1.639264,1.58263937121716,1.34913012051726,20.093573919167365,23.0,0.0,0.0
4.198,49.960022,-0.269979,0.420028,49.995876,0.031228,1.784531,1.574066,1.51969348713466,1.38028559396873,18.604304969748533,22.0,0.0,0.0
4.199,49.709969,-0.040116,0.359962,50.330692,-0.45928,0.893318,1.434356,1.38480944981502,1.01281069672646,18.980407220913737,22.0,0.0,0.0
4.200,49.34,-0.140032,0.370021,50.205933,-0.313389,0.507765,1.126994,1.0880645677118,0.91237150170343,16.824817488294684,21.0,0.0,0.0
4.201,50.589958,-1.509631,0.329892,50.105358,-0.304889,0.460561,1.741718,1.68155433191824,1.77783100744259,7.086487593336653,18.0,6.955522225190405e-07,9.589323788373819e-05
4.202,50.679951,-1.53999,0.379926,50.315197,-0.461954,0.918365,1.760346,1.69953887022752,1.65433572095919,9.05726612441773,19.0,1.7893095283535978e-05,0.000872174822311184
4.203,49.699966,-0.819715,0.519874,50.261677,0.096776,0.594657,1.704462,1.64558525529966,1.45876565822133,12.858526757277055,18.0,0.0,0.0
5.1,45.27005,37.069607,22.800039,45.805882,37.094406,22.913883,0.587042,0.566763975636667,0.515349354107962,65.48983761612956,114.0,6.012547468574537e-10,4.821831638596438e-05
5.2,45.140049,36.999737,22.880068,45.936909,37.190865,22.82316,0.785367,0.758238291730136,0.768520324510237,72.93165732190832,124.0,0.0,0.0
5.3,44.880054,37.119598,22.940094,46.212364,37.041267,22.777866,1.070955,1.03396130690473,1.2749658582207,54.175127241286816,126.0,0.0,0.0
5.4,44.759933,37.080364,22.879847,46.325886,37.092598,22.812387,1.237548,1.19479973242324,1.49599526230479,37.96114537457271,109.0,0.0,0.0
5.5,44.699978,37.049923,22.97002,46.376072,37.150539,22.73093,1.594533,1.53945350139149,1.6093969416557,29.45061028233516,99.0,2.754052653408899e-08,5.3374463539679684e-05
5.6,44.360012,36.669922,22.630003,44.545097,37.677273,22.555637,0.626707,0.605058838855361,0.507579179938685,70.5752253966584,114.0,3.255245756885048e-11,9.051180195562402e-06
5.7,44.330009,36.469742,22.610123,44.572052,37.892254,22.571035,0.753635,0.727602401155181,0.689281056719032,80.28520116835838,120.0,3.898520076075326e-08,2.7427182923894768e-05
5.8,44.419933,36.18005,22.549789,44.476891,38.165051,22.633118,0.936094,0.903758771961172,0.866811219141489,82.40136729647244,124.0,0.0,0.0
5.9,44.510017,36.00988,22.309853,44.396122,38.320248,22.87945,1.070955,1.03396130690473,0.908276829574393,81.60307951266921,125.0,0.0,0.0
5.10,44.489975,35.940083,22.349972,44.418793,38.393051,22.841824,1.308945,1.26373048621689,0.978364339257622,78.8300379716661,125.0,1.660214768743131e-06,0.00041738307994036456
5.11,44.530048,37.109947,21.579975,44.373436,37.027821,22.658421,0.507712,0.49017424919928,0.674599048550293,73.01332140668511,116.0,1.3734474774481102e-05,0.011116457304524345
5.12,44.449993,37.159794,21.469868,44.449993,36.990246,22.78462,0.785367,0.758238291730136,0.820644311790879,74.21814669132237,118.0,0.0,0.0
5.13,44.440022,37.059891,21.320107,44.468494,37.088528,22.914507,1.047156,1.01098438897351,0.93706972375273,72.4100413545043,119.0,0.0,0.0
5.14,44.470062,37.049984,21.120243,44.441589,37.090839,23.134239,1.285146,1.24075356828568,1.18231127804555,62.4115351561577,122.0,7.05667050210906e-11,8.901556983800766e-07
5.15,44.389988,35.210106,20.949846,44.389988,36.669048,22.188967,0.507712,0.49017424919928,0.686948080643109,57.487720508941464,112.0,1.0051101005027343e-05,0.008424202354922972
5.16,44.380001,35.230007,20.779892,44.408531,36.660927,22.350222,0.690171,0.666330620005271,0.814244378754644,56.413031482939886,115.0,6.594857299560245e-06,0.0018488176517355104
5.17,44.389988,35.119984,20.709894,44.389988,36.770107,22.39739,0.864697,0.834828018167523,0.885971199709651,52.84935933404782,116.0,0.0,0.0
5.18,44.399975,34.690235,20.380014,44.385708,37.214767,22.74987,1.158218,1.11821000598586,1.27062921831743,33.96199063557769,118.0,0.0,0.0
5.19,44.440022,37.499954,21.389961,44.440022,36.635834,22.143272,0.71397,0.689307537936487,0.726910655299136,64.78374451867003,112.0,1.6589529535059883e-06,0.0007145121156265757
5.20,44.459957,37.570316,21.250092,44.417225,36.541306,22.289186,0.848831,0.819510072880046,0.942605924980504,62.34787229708014,114.0,0.0,0.0
5.21,44.500069,37.659645,21.260138,44.386135,36.4664,22.274618,0.936094,0.903758771961172,0.995990787347523,60.13190643693733,114.0,0.0,0.0
5.22,44.449993,37.710121,21.169832,44.435749,36.423412,22.37541,1.158218,1.11821000598586,1.12715683194151,53.533558074931776,115.0,0.0,0.0
5.23,44.480019,37.719929,20.979906,44.394554,36.395611,22.567541,1.380342,1.33266124001054,1.35091214089471,40.702208250177996,105.0,1.4391612566262354e-10,4.3392077731591213e-07
5.24,43.619938,35.980026,22.650084,44.214138,36.609791,22.720144,0.507712,0.49017424919928,0.614851573986577,63.27690846367693,99.0,2.60395829103954e-06,0.004509497526383859
5.25,43.569984,35.820053,22.639833,44.26561,36.776638,22.724449,0.769501,0.742920346442659,0.768030335655262,65.02800721771523,104.0,0.0,0.0
5.26,43.449951,35.7103,22.719934,44.406105,36.882622,22.633024,1.023357,0.988007471042298,1.0550257041602,60.14624460792507,108.0,0.0,0.0
5.27,43.449951,35.560188,22.639994,44.391842,37.037529,22.73987,1.237548,1.19479973242324,1.08913506367349,57.58099960180538,107.0,0.0,0.0
5.28,45.700008,35.510201,22.999979,45.356415,36.039078,23.095837,0.507712,0.49017424919928,0.394683504411937,40.17264159390923,83.0,0.0,0.0
5.29,44.330009,37.199749,23.160069,43.78183,37.969376,23.073114,1.070955,1.03396130690473,0.634188057383681,55.655997104529504,93.0,0.0,0.0
5.30,45.350056,36.019573,23.100149,44.32386,37.201443,23.160089,1.42794,1.37861507587297,1.10060055129705,57.928424736563336,105.0,2.4059923013347053e-05,0.0022563563786712417
5.31,45.229973,36.590229,23.069777,43.780373,37.969959,23.060562,1.800791,1.7385867901287,1.49856678092753,37.798829511721074,89.0,0.00043934251301697114,0.013621193479744819
5.32,43.95993,37.0205,22.63007,44.376717,37.008488,23.037443,0.936094,0.903758771961172,0.459220089571616,50.38968653518819,85.0,0.0,0.0
5.33,43.899956,37.030128,22.490103,44.417511,36.98003,23.17672,1.102687,1.06459719747969,0.638802995769043,57.41584437290059,89.0,0.0,0.0
5.34,43.759983,37.000278,22.37995,44.56496,37.031937,23.284607,1.340677,1.29436637679185,0.91776648364448,59.54723479547244,98.0,2.4103523165650585e-05,0.002379272896745558
5.35,43.370056,37.029957,22.269957,44.965286,36.990047,23.413904,1.800791,1.7385867901287,1.64083021643964,28.28647050285979,80.0,9.283731252679995e-05,0.0058872671796710635
5.36,45.929989,37.099899,21.389887,45.257992,37.104332,22.082264,0.71397,0.689307537936487,0.761744964319896,41.71840687470985,91.0,0.0,0.0
5.37,45.219978,37.020203,22.339933,44.218014,37.151577,23.296185,1.023357,0.988007471042298,1.0849785346728,53.0263889031999,98.0,0.0,0.0
5.38,45.259933,37.10017,22.099951,44.173214,37.137138,23.219437,1.308945,1.26373048621689,1.21400281575858,46.88179814232514,99.0,6.028730274984858e-11,1.9999729065278994e-06
5.39,60.999969,-0.269999,-0.07004,62.370724,-0.274796,-0.071283,0.991625,0.957371580467343,1.1779488471334,51.99648509922502,96.0,0.008169575163492879,0.4498972610724818
5.40,60.36002,-0.310067,-0.0499,62.078907,-0.283174,-0.077197,1.412074,1.3632971305855,1.48727789711999,37.96377593984951,87.0,0.011527641986391163,0.4945402637745941
5.41,43.81995,37.200417,21.679749,44.566662,37.167774,21.584,0.87263,0.842486990811262,0.700351892324673,48.36827765617313,88.0,0.0,0.0
5.42,43.86005,36.959896,22.410271,44.775291,36.950111,22.187439,1.26928,1.2254356229982,0.867505507831591,53.81192491369201,91.0,0.0,0.0
5.43,85.609985,-6.349862,45.950016,87.36837,-6.851581,46.277355,0.87263,0.842486990811262,1.18610243356276,30.57161382312522,69.0,0.03309921179186241,0.743518412992842
5.44,85.349991,-6.309961,45.84,87.219841,-6.046001,45.76025,0.991625,0.957371580467343,1.226484587438,25.118473054131105,68.0,0.020206426463912023,0.5118334196708043
5.45,54.70998,-32.010151,-0.019989,55.164921,-31.733152,0.03008,0.912295,0.880781854029956,0.44777025960406,34.19785081198759,67.0,0.0,0.0
5.46,55.469971,-31.809582,0.229923,56.632538,-31.986355,0.242249,1.126486,1.0875741154109,1.08601080111556,45.950865838540736,83.0,0.0,0.0
5.47,36.859932,-5.979856,-26.460176,37.846916,-6.226113,-26.679174,0.674305,0.651012674717794,0.866954852956804,10.14568435698573,22.0,0.0,0.0
5.48,37.330013,-6.130115,-26.699909,38.405811,-6.334813,-26.82785,0.817099,0.788874182305091,0.935370447475099,9.227668396576389,19.0,0.0,0.0
5.49,37.789974,-6.189986,-26.809978,38.865265,-6.263278,-26.997616,0.87263,0.842486990811262,0.929681610760621,7.678403429277381,17.0,0.0,0.0
5.50,37.340076,-6.220028,-26.649906,38.782001,-6.432776,-26.94982,0.991625,0.957371580467343,1.25406752381575,6.80916357536419,16.0,0.0,0.0
5.51,36.600014,-5.960459,-26.409985,38.223091,-6.297909,-26.829771,1.078888,1.04162027954847,1.4183218916183,5.7601407341492665,16.0,0.0,0.0
5.52,88.439987,-0.479877,-0.519994,90.222015,-0.51804,-0.176589,0.761568,0.73526137379892,1.17460899029584,0.3069883880306635,1.0,0.0,0.0
5.53,87.069992,-0.469996,-0.50004,89.979553,-0.521263,-0.320616,0.991625,0.957371580467343,1.8584630176848,0.0,0.0,0.0,0.0
5.54,78.030022,-0.350098,-0.529925,79.541489,-0.314176,-0.570527,0.817099,0.788874182305091,1.06151247690429,1.956863412275605,6.0,0.0,0.0
5.55,77.979973,-0.339774,-0.490079,79.94165,-0.344478,-0.452632,0.912295,0.880781854029956,1.37295992761441,1.257334146787165,5.0,0.0,0.0
5.56,78.630005,-0.370145,-0.640013,80.782745,-0.366428,-0.414084,1.078888,1.04162027954847,1.51046494822556,0.7134002893248532,7.0,0.0,0.0
5.57,67.659988,-0.240068,-0.060064,69.321693,-0.203606,-0.005063,0.761568,0.73526137379892,1.31109930692737,1.0411334658741156,2.0,0.0,0.0
5.58,65.48999,-0.209888,-0.030039,67.537895,-0.21926,-0.113833,1.078888,1.04162027954847,1.65489605257842,1.1173860537047182,23.0,0.0010171071236107449,0.03173200205984853
5.59,65.549965,-0.20967,-0.010013,67.980354,-0.256486,-0.065613,1.412074,1.3632971305855,1.95728979314304,0.015058707323688619,3.0,0.005685717784561294,0.006938407237503551
5.60,53.499966,-0.289639,-0.099991,54.872982,-0.291807,-0.031557,1.078888,1.04162027954847,1.318275421362,0.0060979844575686235,9.0,0.0,0.0
5.61,39.459953,-0.239451,0.339969,40.42421,-0.216462,0.383057,0.761568,0.73526137379892,0.849192923558458,0.9965724700315111,1.0,0.0,0.0
5.62,39.91996,-0.209517,0.309877,41.141003,-0.215513,0.28827,0.912295,0.880781854029956,1.08231103929466,0.0,0.0,0.0,0.0
5.63,27.739988,-0.349973,0.510098,29.085159,-0.327814,0.383867,0.761568,0.73526137379892,1.02923475383434,1.9499175722389126,3.0,0.0,0.0
5.64,27.609879,-0.10988,0.359802,29.091045,-0.138606,0.275119,1.126486,1.0875741154109,1.1277112513271,1.2164945538328267,2.0,0.0,0.0
5.65,28.199905,-0.079751,0.679877,30.088825,-0.175951,0.495833,1.26928,1.2254356229982,1.46474087229239,0.9143412533552983,1.0,0.0,0.0
5.66,27.850124,-0.320967,0.36011,30.234594,-0.331255,0.517327,1.412074,1.3632971305855,1.83030294200132,0.0,0.0,0.0,0.0
5.67,36.719906,-5.939304,-26.230083,36.962151,-4.772886,-25.839621,0.817099,0.788874182305091,1.00297221410345,5.7255249493432965,24.0,0.0,0.0
5.68,36.799908,-6.019723,-26.060087,36.706425,-4.761831,-26.086067,0.95196,0.91907671724865,1.00305433757235,4.311543943751935,20.0,0.0,0.0
5.69,36.680004,-6.099828,-26.360064,36.810917,-4.520868,-26.251211,1.078888,1.04162027954847,1.27197483635949,4.28347803796514,23.0,0.0,0.0
5.70,36.659935,-6.049345,-26.390139,36.697433,-4.255842,-25.92441,1.412074,1.3632971305855,1.49759425248379,2.4173734021510906,22.0,0.0,0.0
5.71,36.730015,-3.689751,-29.899895,36.655056,-3.903488,-27.743719,0.817099,0.788874182305091,0.744791736064488,10.041285887340303,34.0,0.0,0.0
5.72,36.700058,-3.810539,-29.879841,36.66256,-4.018754,-27.108236,1.126486,1.0875741154109,0.980658117547993,9.481571949438903,32.0,0.0,0.0
5.73,36.840004,-3.620138,-30.559977,36.59663,-3.904661,-27.153231,1.412074,1.3632971305855,1.20344529006021,6.252973385935029,30.0,0.0,0.0
5.74,37.269943,-5.999435,-29.780085,37.104408,-5.268204,-28.410973,0.674305,0.651012674717794,0.873414774009173,4.6708876984932335,14.0,0.0,0.0
5.75,37.109943,-5.840141,-29.290108,37.183628,-5.036078,-27.51824,0.991625,0.957371580467343,1.04424484139191,4.488072569117326,14.0,0.0,0.0
5.76,37.24004,-5.679979,-29.049982,37.258389,-4.782198,-27.048798,1.03129,0.995666443686037,1.18576032517716,3.6372797026757193,17.0,0.0,0.0
5.77,34.290054,-0.330646,-28.629921,34.310619,-1.700607,-26.025595,1.126486,1.0875741154109,0.968826436001384,15.376782668314544,25.0,0.0,0.0
5.78,34.290054,-0.330646,-28.619833,34.372211,-2.171171,-25.444975,1.18995,1.14884589656081,1.29464043295808,9.865710117090803,24.0,0.0,0.0
5.79,34.2099,-0.479747,-28.020115,34.700409,-2.530093,-24.600765,1.412074,1.3632971305855,1.56860468840891,2.7165440687486506,23.0,0.0,0.0
5.80,35.939976,-3.930017,-27.800022,35.413933,-2.704753,-27.551353,0.991625,0.957371580467343,1.12698317517046,10.323617846517454,24.0,0.0,0.0
5.81,36.050056,-3.589958,-27.839981,35.349293,-2.178814,-27.371384,1.412074,1.3632971305855,1.3833389767959,7.42994903829817,24.0,0.0,0.0
5.82,37.730022,-5.990295,-28.649986,38.476555,-5.97243,-27.080017,0.761568,0.73526137379892,0.872153741855056,2.005170300332424,4.0,0.0,0.0
5.83,37.580017,-5.929792,-29.159918,38.418636,-6.023178,-27.350594,0.991625,0.957371580467343,0.970918174749285,1.0055235819649084,3.0,0.0,0.0
5.84,37.560074,-5.82994,-29.269943,38.452,-5.958961,-27.185535,1.078888,1.04162027954847,1.07049127065791,0.008207975398225455,2.0,0.0,0.0
5.85,34.299927,-0.050022,-27.590059,33.780468,-0.139658,-26.612059,0.817099,0.788874182305091,0.575837006472754,10.186380107465828,20.0,0.0,0.0
5.86,34.359901,-0.149648,-28.00016,33.757782,-0.305353,-26.481668,0.991625,0.957371580467343,0.770299322581685,10.346346778859123,19.0,0.0,0.0
5.87,34.580097,-0.000349,-28.259882,33.77417,-0.246821,-26.434423,1.18995,1.14884589656081,0.951957253727812,9.272316829845629,18.0,0.0,0.0
5.88,49.860012,-0.500102,1.290051,50.063301,-0.313307,0.363834,0.87263,0.842486990811262,0.949695799079488,15.310226715437553,16.0,0.0,0.0
5.89,49.679951,-0.899978,0.50999,50.158894,-0.464924,1.024953,1.078888,1.04162027954847,0.938682575018774,14.287339619699612,15.0,0.0,0.0
5.90,50.069977,0.050231,1.79004,50.165195,0.087986,0.707375,0.95196,0.91907671724865,1.03161447191349,13.578461092377516,14.0,0.0,0.0
5.91,49.629978,-0.269678,0.589871,50.085823,0.089456,0.722925,0.674305,0.651012674717794,0.714629319945261,9.750824818695353,13.0,0.0,0.0
5.92,49.709969,-0.909688,0.500009,49.758137,-0.542145,1.335017,1.03129,0.995666443686037,0.971112627869323,11.479510193799493,12.0,0.0,0.0
5.93,49.34,-0.150016,0.389927,49.787842,-0.543494,1.342018,1.078888,1.04162027954847,1.16120755089776,10.650531015283494,11.0,0.0,0.0
5.94,49.780025,-0.549916,1.290112,50.115002,0.035575,1.928979,1.26928,1.2254356229982,1.10820527233205,9.695189844727894,10.0,0.0,0.0
5.95,49.709969,-0.06971,0.489855,49.734062,-0.556573,1.308726,1.03129,0.995666443686037,1.05176567823389,8.762871039125889,9.0,0.0,0.0
5.96,49.349995,-0.119898,0.430025,49.989426,0.038645,0.684599,0.761568,0.73526137379892,0.72568713089174,5.257797183142041,8.0,0.0,0.0
5.97,49.780025,-0.560347,1.260081,50.245674,0.077536,0.497614,1.18995,1.14884589656081,1.27168662531336,6.6613463213325605,7.0,0.0,0.0
5.98,49.60001,-0.269836,0.610008,50.056267,0.021687,1.815741,1.18995,1.14884589656081,1.30950123657408,5.514830437553325,6.0,0.0,0.0
5.99,49.580051,-0.260413,0.530073,50.274353,-0.425916,0.8329,0.817099,0.788874182305091,0.790090560620792,3.559112523227034,5.0,0.0,0.0
5.100,49.419971,-0.099809,0.479925,50.010326,0.021667,1.81729,1.412074,1.3632971305855,1.41441316532232,3.5750607144813293,4.0,0.0,0.0
5.101,49.699966,0.01016,0.36999,49.952126,0.016925,1.758797,1.26928,1.2254356229982,1.34913012051726,2.755899635535439,3.0,0.0,0.0
5.102,49.960022,-0.269979,0.420028,49.995876,0.031228,1.784531,1.412074,1.3632971305855,1.38028559396873,1.656127543706255,2.0,0.0,0.0
5.103,49.709969,-0.040116,0.359962,50.330692,-0.45928,0.893318,1.18995,1.14884589656081,1.01281069672646,1.0,1.0,0.0,0.0
5.104,49.34,-0.140032,0.370021,50.205933,-0.313389,0.507765,0.674305,0.651012674717794,0.91237150170343,0.0,0.0,0.0,0.0
6.1,36.11,-1.34999999999999,-27.3,37.05575270207031,-1.1838931802455321,-27.312482015357276,1.02,0.984766430935777,0.805660708351807,11.507932073752835,17.0,0.0,0.0
6.2,35.85,-1.4000000000000123,-27.12,35.82670555203474,-0.033849139919717164,-27.226880408311203,1.02,0.984766430935777,1.1243804194259,11.139492359024652,16.0,0.0,0.0
6.3,35.86,-1.5099999999999836,-26.93,35.65231069682546,-1.052773548981395,-25.463775516394595,1.02,0.984766430935777,0.937392382041042,7.632344985199827,14.0,0.0,0.0
6.4,35.92,-1.6199999999999826,-28.36,35.916969668233165,-0.9220135830385889,-27.629690044192333,1.02,0.984766430935777,0.805706314166791,10.852310313425038,14.0,0.0,0.0
6.5,36.29,-1.6599999999999948,-28.44,36.20306778147824,-2.8062173997684683,-25.432789181506422,1.02,0.984766430935777,1.07525477847792,4.787297272388929,13.0,0.0,0.0
6.6,34.72,-1.34999999999999,-28.24,35.035904795606804,-0.5104141002664764,-27.67497565081064,1.02,0.984766430935777,0.909264457110479,9.830251031019321,12.0,0.0,0.0
6.7,36.22,-1.7399999999999916,-28.3,37.025784438566866,-2.270897507108516,-27.621630963139165,1.02,0.984766430935777,0.760933602783617,6.283874638599738,11.0,0.0,0.0
6.8,34.77,-1.2399999999999634,-27.99,34.25217739250251,-0.6925875292169426,-27.55398466158615,1.02,0.984766430935777,0.728111929362385,7.664764669418125,10.0,0.0,0.0
6.9,33.18,-1.0900000000000076,-28.1,33.84277017402572,-0.08895682722212528,-29.05053182002303,1.02,0.984766430935777,0.813829536839182,4.100053130509313,9.0,0.0,0.0
6.10,50.65,-16.21,-11.23,51.4280366635888,-16.185052932630395,-11.26430221763317,1.02,0.984766430935777,0.775987707204583,14.46948285153768,17.0,0.0,0.0
6.11,50.77,-16.18,-11.08,50.646868119493206,-14.566324302832001,-11.159387659800423,1.02,0.984766430935777,1.19194774448936,11.930353044554806,16.0,0.0,0.0
6.12,50.65,-16.08,-11.0,50.523654279486834,-15.511444257690743,-9.488710804631006,1.02,0.984766430935777,0.992105967207093,10.612576368029428,15.0,0.0,0.0
6.13,50.77,-16.28,-11.63,50.829683066299395,-15.046549963145806,-10.725571995309146,1.02,0.984766430935777,0.905726461729846,11.915838454218907,14.0,0.0,0.0
6.14,50.82,-16.15,-11.1,50.8466452741979,-16.869422403343492,-9.806223908390566,1.02,0.984766430935777,1.12747827693532,9.746739501306228,13.0,0.0,0.0
6.15,49.96,-16.69,-11.38,50.537786836274364,-15.75760579210661,-10.80221316372565,1.02,0.984766430935777,0.868847747608172,11.051751636581784,12.0,0.0,0.0
6.16,49.89,-16.55,-11.36,50.55395285432627,-16.950971527989132,-10.729044802590536,1.02,0.984766430935777,0.873329527320891,10.316679954671251,11.0,0.0,0.0
6.17,49.83,-16.43,-11.2,49.109588300117764,-15.628616406577256,-10.691544139091391,1.02,0.984766430935777,0.914944698639905,8.867272956892133,10.0,0.0,0.0
6.18,48.99,-16.8,-11.39,49.68705325271543,-16.44059551389332,-11.767679290485011,1.02,0.984766430935777,0.803118193008454,8.30024343859592,9.0,0.0,0.0
6.19,59.78,-0.9899999999999909,1.25,60.71920413464852,-0.9514540845639852,1.2735036069731809,1.02,0.984766430935777,0.825350922653945,26.028579345668156,85.0,0.0002518010059644122,0.03186457216395431
6.20,59.97,-0.9299999999999864,1.2799999999999923,59.89170101790661,-0.06436125352315969,1.2425904863331505,1.02,0.984766430935777,1.25722420656067,25.17309190485612,93.0,0.0002552420955327676,0.052011886862039815
6.21,59.64,-1.0099999999999554,1.21,59.60170723574808,-0.879276425484854,2.5238379458846882,1.02,0.984766430935777,1.23826100326977,15.407489495798128,92.0,1.035332131427536e-05,0.002351465542551298
6.22,59.55,-1.1200000000000099,1.0699999999999932,59.54348730867133,-0.41011664517359714,1.6719587556653925,1.02,0.984766430935777,1.17973828253652,17.50749858199296,91.0,1.9544988874469243e-05,0.007502284641600152
6.23,59.52,-0.9799999999999809,1.25,59.51110995555011,-1.7978840893898007,2.2215548577378508,1.02,0.984766430935777,1.39476222786097,11.3593754690238,86.0,5.464657092129446e-05,0.007000505513415034
6.24,58.99,-0.5299999999999749,0.81,59.74522476538965,-0.1003564431548698,1.364312310749849,1.02,0.984766430935777,1.06849858896515,15.32775485791062,87.0,3.592874971161336e-05,0.009367486081323064
6.25,59.09,-0.45000000000000595,0.8999999999999897,59.78006105435489,-0.8844454661385281,1.4971099313671132,1.02,0.984766430935777,1.02825161123525,14.068423658939487,86.0,2.5155944921230304e-05,0.00706940709776072
6.26,58.62,-0.48999999999999044,0.9100000000000108,58.08413761449694,-0.09680227557246068,1.4710896731322531,1.02,0.984766430935777,0.929890187624838,8.876136837090694,61.0,1.2807311835866315e-11,1.1984371221902659e-07
6.27,58.85,-0.5399999999999849,0.7600000000000051,59.473986940444405,-0.15500656729661166,0.1880894659116228,1.02,0.984766430935777,0.963899543662525,11.183911516127093,78.0,3.754108810081239e-07,0.0007597334308427915
6.28,55.53,-27.1,2.83,56.48756160900223,-27.02028323616129,2.8348022146890806,1.02,0.984766430935777,0.893805594773453,23.207839027894067,59.0,0.0,0.0
6.29,55.63,-27.37,2.06,56.60832603487353,-27.305301083866084,2.074704299121355,1.02,0.984766430935777,0.911408916504565,23.650741496381787,79.0,0.0,0.0
6.30,55.57,-27.11,2.8,55.579120601900144,-24.838970126865647,2.5947864572468893,1.02,0.984766430935777,1.10284244908494,13.114740918946413,30.0,0.0,0.0
6.31,55.47,-27.47,2.0999999999999908,55.52728437296642,-24.9843563382397,1.9430906305702544,1.02,0.984766430935777,1.19906564669064,13.403207513289596,35.0,0.0,0.0
6.32,55.88,-27.21,2.760000000000007,55.86699901203755,-26.864173720198615,4.013295239581027,1.02,0.984766430935777,0.880178090868107,16.944652770807473,28.0,0.0,0.0
6.33,55.9,-27.43,1.98,55.88277944035909,-27.107729526720192,3.166988575248153,1.02,0.984766430935777,0.834778687185688,20.057134138724113,62.0,0.0,0.0
6.34,55.63,-27.25,2.760000000000007,55.65015510052464,-25.827385821302396,3.651863198215355,1.02,0.984766430935777,0.958070509005438,12.811375921526773,26.0,0.0,0.0
6.35,55.64,-27.62,1.970000000000005,55.69873336200493,-26.130308363693068,2.94177017135433,1.02,0.984766430935777,1.00900435126319,16.487832292351115,39.0,0.0,0.0
6.36,55.56,-27.06,2.8,55.65203061144116,-28.23869975422716,4.116745671388888,1.02,0.984766430935777,0.99366948697935,14.879279021657386,51.0,0.0,0.0
6.37,55.61,-27.33,2.1500000000000075,55.72709059918974,-28.572258075778567,3.487394187620252,1.02,0.984766430935777,1.03176687449641,17.782134382038873,77.0,0.0,0.0
6.38,55.66,-28.28,2.23,56.35507718364536,-27.400592955498404,2.8482730749552765,1.02,0.984766430935777,0.888341789908274,17.422152607860234,72.0,0.0,0.0
6.39,55.6,-28.21,2.289999999999992,56.51683645273107,-28.91663492454394,3.2306891084118883,1.02,0.984766430935777,1.09498071838919,18.016001998654154,83.0,0.0,0.0
6.40,55.44,-28.09,2.22,54.68516513339338,-27.171294999959127,2.7219329283931115,1.02,0.984766430935777,0.912064881456797,14.842442312145133,62.0,0.0,0.0
6.41,55.53,-28.15,2.279999999999993,56.202916148733166,-27.453678072180466,1.6222976076729845,1.02,0.984766430935777,0.825880191794648,16.70509940099098,77.0,0.0,0.0
6.42,63.54,12.36,20.91,64.43377551445965,12.437406540023677,20.983806235836532,1.02,0.984766430935777,0.747192283251575,11.925534170144616,16.0,0.0,0.0
6.43,63.67,12.37,20.86,63.60190788122222,13.749907631557923,21.005911683095245,1.02,0.984766430935777,1.08575257250171,11.081073924964674,16.0,0.0,0.0
6.44,63.93,12.25,20.64,64.0212811866323,12.473312903011124,22.252090956773785,1.02,0.984766430935777,0.881464185083801,9.098097803459066,15.0,0.0,0.0
6.45,63.61,12.18,20.76,63.57663132632561,13.373327329974815,21.80714075959176,1.02,0.984766430935777,0.872474113458872,9.355189958111978,14.0,0.0,0.0
6.46,63.75,12.17000000000007,20.73,63.67130012948462,13.022011641666554,19.97493747418573,1.02,0.984766430935777,1.0127798057311,9.415853395798436,13.0,0.0,0.0
6.47,63.03,12.8,20.09,63.822498011424656,13.693061206056234,21.001072524497634,1.02,0.984766430935777,0.942060593800685,8.173222811983626,12.0,0.0,0.0
6.48,60.5,13.66,21.2,61.27380299162229,13.057439717450436,21.629177039613467,1.02,0.984766430935777,0.933385062500898,4.27645215197648,11.0,0.0,0.0
6.49,61.26,13.2,20.82,60.47697296420344,13.83355050913937,21.374212968067454,1.02,0.984766430935777,0.816796683398682,3.1544686713653327,10.0,0.0,0.0
6.50,63.06,12.46,19.13,63.68459587742501,13.018902136271882,18.564023153142383,1.02,0.984766430935777,0.884675740075467,5.718471105542397,9.0,0.0,0.0
6.51,46.48,12.76,-13.44,47.41495668188956,12.755301725216661,-13.349793124159405,1.02,0.984766430935777,0.913340342907674,13.270955573814033,17.0,0.0,0.0
6.52,46.31,12.74,-13.34,46.35412065601246,14.197452336944972,-13.53707226352232,1.02,0.984766430935777,1.09888516647246,10.314577949012223,16.0,0.0,0.0
6.53,46.44,12.61,-13.15,46.4950919760826,12.741886851834138,-11.487223994597674,1.02,0.984766430935777,1.15700731877066,11.60645878511043,15.0,0.0,0.0
6.54,46.52,12.68,-13.4,46.59872381782742,13.682498617646033,-12.691485639553246,1.02,0.984766430935777,1.05431816083899,9.93772721602141,14.0,0.0,0.0
6.55,46.59,12.64,-13.55,46.39998302196763,10.886661520883079,-11.275554353854877,1.02,0.984766430935777,1.75015853240063,2.7789190390666674,13.0,0.0,0.0
6.56,46.37,11.52,-12.74,46.87492297242738,12.259533646484577,-12.251397770115723,1.02,0.984766430935777,0.934631145448665,10.327427945022736,12.0,0.0,0.0
6.57,46.5,11.45,-12.65,47.2555808764245,10.678796210717156,-11.726827876549017,1.02,0.984766430935777,1.05218350451798,7.823341360165193,10.0,0.0,0.0
6.58,46.11,11.55,-12.72,45.51149968860556,12.276235317612905,-12.30074074571852,1.02,0.984766430935777,0.947197538914811,8.459775181822788,10.0,0.0,0.0
6.59,46.18,11.43,-12.72,47.04647562874069,12.060164093629588,-13.365168000620775,1.02,0.984766430935777,1.0081757425554,7.969938226309722,9.0,0.0,0.0
6.60,42.33,35.94,20.39,43.268664572484965,35.91087227052348,20.376845541526734,1.02,0.984766430935777,0.859851337170867,16.222334985876067,79.0,0.0,0.0
6.61,41.48,35.71,20.41,41.50716271586422,37.65019399030098,20.413880387980598,1.02,0.984766430935777,0.856213684774849,8.472797885246612,72.0,0.0,0.0
6.62,41.56,35.85,21.71,41.51846671572515,35.863844428091625,23.440553511452332,1.02,0.984766430935777,1.02440749647799,14.468197680049077,89.0,0.0,0.0
6.63,41.86,35.78,20.33,41.87608329606219,37.16517387335597,21.787548705635807,1.02,0.984766430935777,0.765463335607253,13.352657176270183,83.0,0.0,0.0
6.64,41.9,35.96,20.46,41.84586630937165,35.14667430665694,21.499102793280855,1.02,0.984766430935777,0.877381817561596,11.217494935072043,72.0,0.0,0.0
6.65,43.11,35.49,22.27,43.99727809141985,36.41270480287401,23.247455175121324,1.02,0.984766430935777,0.961519585938287,47.14146435098205,88.0,0.0,0.0
6.66,43.99,34.57,23.34,44.42298786978212,34.053295140842096,23.93682111780778,1.02,0.984766430935777,0.669858329034805,19.027709212455665,75.0,0.0,0.0
6.67,43.35,35.28,22.09,42.534454807058474,36.21159743287278,23.08677745803963,1.02,0.984766430935777,0.905754223976326,36.93280531969435,86.0,0.0,0.0
6.68,42.93,35.16,23.56,42.35978201668134,34.74734224891412,24.59414533378187,1.02,0.984766430935777,0.902702970996723,12.119223853227025,78.0,0.0,0.0
6.69,76.86,4.0200000000000236,35.14,78.05042178025269,4.037856326703782,35.16618927916555,1.02,0.984766430935777,0.846536515166819,5.6633272491431725,17.0,0.0,0.0
6.70,78.31,1.3600000000000279,37.23,78.39351302578882,2.7782815586548937,37.46326052030668,1.02,0.984766430935777,1.07302269070192,9.498847168800825,16.0,0.0,0.0
6.71,78.47,1.6300000000000203,35.43,78.75589773671717,1.8037378553896755,37.60282279905047,1.02,0.984766430935777,0.849573446947929,10.036622087135122,15.0,0.0,0.0
6.72,78.63,1.1599999999999944,34.25,78.89078500356884,2.198250295458448,35.47894932931817,1.02,0.984766430935777,0.92719226191158,9.825468842680662,14.0,0.0,0.0
6.73,78.52,1.83,33.65,78.5084802880036,2.841174719683981,32.86537961624521,1.02,0.984766430935777,0.890576122739556,3.6048067353958158,13.0,0.0,0.0
6.74,77.87,1.6200000000000103,36.29,78.6518401632476,2.491487249634994,37.17765311767207,1.02,0.984766430935777,0.905819407113477,7.779935094310885,12.0,0.0,0.0
6.75,77.82,1.9899999999999918,36.3,78.66838345603868,1.372612039417409,37.2267819272238,1.02,0.984766430935777,0.851043871162622,6.96595744108253,11.0,0.0,0.0
6.76,77.74,2.0399999999999863,36.14,77.01301736866111,2.8970331915068592,36.79545482324651,1.02,0.984766430935777,0.852278956551287,5.680446786508255,10.0,0.0,0.0
6.77,77.99,1.78,36.31,78.63968437193562,2.5136258925573807,35.70861074951801,1.02,0.984766430935777,0.776730793941294,5.97354736063368,9.0,0.0,0.0
6.78,64.6,-10.0,13.41,65.45277740352996,-10.100579592956683,13.4426668763449,1.02,0.984766430935777,0.706293879995998,15.614863161757077,17.0,0.0,0.0
6.79,64.73,-9.99,13.49,64.7182975315604,-8.832625871322886,13.315633220249845,1.02,0.984766430935777,1.01005350826383,14.328109203137203,16.0,0.0,0.0
6.80,64.75,-10.32,13.34,64.70250010521315,-10.308484873991052,14.777951360365481,1.02,0.984766430935777,0.907369413368679,13.350511725457643,15.0,0.0,0.0
6.81,64.83,-10.06,13.45,64.63287791433264,-9.178392635266874,14.25300039805597,1.02,0.984766430935777,1.05979124154764,11.823310470943268,14.0,0.0,0.0
6.82,64.74,-9.070000000000022,12.06,64.88449170240607,-10.031557876726104,13.479114934345349,1.02,0.984766430935777,1.075069866685,11.189946725900867,13.0,0.0,0.0
6.83,65.19,-10.19,13.42,65.81771316350822,-9.650588994049524,13.90566186656752,1.02,0.984766430935777,0.815350259100145,10.504816129485715,12.0,0.0,0.0
6.84,65.21,-10.1,13.36,66.06812225628985,-10.85228717801412,14.222412867571311,1.02,0.984766430935777,0.996959855365873,8.96848893268412,11.0,0.0,0.0
6.85,65.23,-10.17,13.66,64.63595653458594,-9.501837349910447,14.283473141682279,1.02,0.984766430935777,0.933039495129146,8.724644708299442,10.0,0.0,0.0
6.86,65.16,-10.2,13.34,65.79932040997807,-9.695007575056813,12.743098953717148,1.02,0.984766430935777,0.721261705113081,8.038244092207691,9.0,0.0,0.0
6.87,14.55,-0.6200000000000094,0.4,15.767237303837089,-0.5529177838566324,0.374386790199821,1.02,0.984766430935777,0.807837286394551,10.558206746449068,13.0,0.0,0.0
6.88,14.07,-0.13999999999997348,0.48000000000000265,14.271652006092086,0.6233968802057399,0.34876615476545636,1.02,0.984766430935777,1.14730894283189,11.330524333647844,12.0,0.0,0.0
6.89,13.89,-0.15999999999999348,0.7399999999999962,14.34889885274858,-0.5694989762487224,1.885297136746411,1.02,0.984766430935777,1.25808760510363,9.941806278043476,11.0,0.0,0.0
6.90,14.0,-0.5,0.5199999999999871,14.912901847224006,-0.04024943115704671,0.9258563634043981,1.02,0.984766430935777,0.988998632159795,9.640259657958602,10.0,0.0,0.0
6.91,14.42,-0.4499999999999782,0.44000000000000705,14.988045841289178,-1.0907899414919209,1.080789941491933,1.02,0.984766430935777,1.14950549050324,8.341424241809788,9.0,0.0,0.0
6.92,14.34,-0.34000000000000696,0.08000000000000229,13.620920179766191,0.235881976376362,0.541529741353497,1.02,0.984766430935777,1.07785563677426,7.823789506108013,8.0,0.0,0.0
6.93,13.71,-0.9599999999999886,0.28999999999999027,14.182375022075156,-0.21111276988083905,-0.08156327955911591,1.02,0.984766430935777,1.18010762486831,6.864303620057241,7.0,0.0,0.0
6.94,68.77,-30.78,-5.01,70.0256280883688,-30.897242381745293,-5.035213415429096,1.02,0.984766430935777,0.97958037206418,10.66437516741385,13.0,0.0,0.0
6.95,68.59,-30.89,-5.180000000000007,68.63800395983667,-28.492202206158666,-5.280808315657004,1.02,0.984766430935777,1.08196536378733,8.3141468385378,12.0,0.0,0.0
6.96,68.4,-30.89,-5.07,68.31099194586444,-30.06222509653922,-3.4963376028831705,1.02,0.984766430935777,1.08662796926386,9.356071628037668,11.0,0.0,0.0
6.97,68.42,-30.65,-5.26,69.14388243893707,-29.753072671462988,-4.612732855694968,1.02,0.984766430935777,0.785154172344979,8.519240356907483,10.0,0.0,0.0
6.98,69.0,-30.75,-4.85,70.01939338407871,-31.498772664852627,-3.7741581223403875,1.02,0.984766430935777,1.15506300053699,5.7553042257420275,9.0,0.0,0.0
6.99,68.7,-30.57,-4.909999999999992,67.87532583324092,-29.313673570802834,-4.16090696868725,1.02,0.984766430935777,0.953197954946845,4.63552758915714,8.0,0.0,0.0
6.100,68.96,-30.64,-4.909999999999992,69.75985790900981,-30.176846982834405,-6.053914436047125,1.02,0.984766430935777,1.04468586311496,5.3677265659670095,7.0,0.0,0.0
6.101,28.89,21.19,17.64,29.94381120259093,21.21650430590022,17.754498601488756,1.02,0.984766430935777,0.812455833370573,12.195849416907004,13.0,0.0,0.0
6.102,28.84,20.83,17.65,28.869258218095524,21.99564740892551,17.754159256420053,1.02,0.984766430935777,0.695271692337134,11.475401867263415,12.0,0.0,0.0
6.103,28.92,21.1,17.8,28.95520797749792,20.997437630766946,19.327720067083753,1.02,0.984766430935777,1.02593930599551,9.656160206237052,11.0,0.0,0.0
6.104,28.73,21.12,17.68,29.38687024693791,21.703638091029294,18.356842653094784,1.02,0.984766430935777,0.648131234139455,9.48570761307376,10.0,0.0,0.0
6.105,29.17,21.25,17.98,29.73262841058265,20.667000560758346,18.513526941069745,1.02,0.984766430935777,0.757375868917539,8.046100923588455,9.0,0.0,0.0
6.106,29.01,21.28,17.89,28.09381551671295,22.06410933015765,18.582351855351963,1.02,0.984766430935777,0.839715261510118,7.0121038111988945,8.0,0.0,0.0
6.107,28.69,21.08,17.99,29.283888624442483,21.706196165612145,17.591857066173745,1.02,0.984766430935777,0.726635697840809,6.867119527823572,7.0,0.0,0.0
6.108,32.26,-33.2,-5.07,33.2814787092109,-32.85122872825038,-5.049484042838259,1.02,0.984766430935777,0.829393368025484,7.555443469969078,13.0,0.0,0.0
6.109,31.59,-33.43,-4.949999999999988,31.39658463064972,-29.8098481812174,-5.362376164841165,1.02,0.984766430935777,1.61808523424588,0.8116661236106117,9.0,0.0,0.0
6.110,31.6,-33.5,-5.02,31.605719954239817,-32.85364517090067,-3.7444502045208217,1.02,0.984766430935777,0.857581284391367,8.375690964942146,11.0,0.0,0.0
6.111,31.54,-33.57,-5.130000000000012,32.306472898287424,-31.537478117934224,-4.429681012576681,1.02,0.984766430935777,1.08722453316203,5.0502417259916355,10.0,0.0,0.0
6.112,31.31,-34.0,-5.02,32.13195478875666,-34.55207963311488,-4.073382068281905,1.02,0.984766430935777,0.951417784559171,7.7827006196202815,9.0,0.0,0.0
6.113,31.39,-34.11,-4.88,30.60614309180383,-32.93043883371635,-4.354408084677708,1.02,0.984766430935777,0.82504171875768,6.560611117405547,8.0,0.0,0.0
6.114,31.8,-34.13,-4.880000000000006,32.37697787600243,-33.34299745747729,-5.543111587552884,1.02,0.984766430935777,0.743785485377603,5.683640356263105,7.0,0.0,0.0
6.115,59.95,-13.71,-25.84,61.15724730504209,-13.553911459550093,-25.902191527835505,1.02,0.984766430935777,1.05903744281288,10.075806511905745,13.0,0.0,0.0
6.116,59.29,-13.79,-26.98,59.03300776795734,-12.151674520728072,-26.64692454136577,1.02,0.984766430935777,1.04278249313485,8.850733177491138,12.0,0.0,0.0
6.117,59.99,-13.09,-25.82,59.63801889639612,-12.584803592474437,-23.8426943885782,1.02,0.984766430935777,0.93676968066785,7.595553623311815,11.0,0.0,0.0
6.118,59.51,-13.54,-25.82,60.0933694262405,-12.858576969009384,-25.39906280789097,1.02,0.984766430935777,0.673104908911759,7.004992503058406,10.0,0.0,0.0
6.119,60.21,-13.24,-25.56,61.02831022868608,-14.038269978187634,-24.342554782220116,1.02,0.984766430935777,1.09015406077779,5.255801516466128,9.0,0.0,0.0
6.120,60.54,-13.24,-25.56,59.62563959667163,-12.434492025639287,-24.953147708505274,1.02,0.984766430935777,0.964619235616049,5.963195914035108,8.0,0.0,0.0
6.121,59.84,-13.47,-25.7,60.95811351321589,-12.391118539879397,-27.227870512211183,1.02,0.984766430935777,1.4188237899857,3.9392809242655735,7.0,0.0,0.0
6.122,18.24,25.93,3.26,19.301862390287056,26.110397781462847,3.174662127331962,1.02,0.984766430935777,0.733469672842631,7.519181325739168,13.0,0.0,0.0
6.123,17.33,25.07,3.29,16.432527447622284,26.569286505629066,3.3634772849899908,1.02,0.984766430935777,0.946342072368285,9.537619014743903,12.0,0.0,0.0
6.124,16.99,25.03,3.829999999999989,17.17103207503287,25.169510956906088,5.4758971225465025,1.02,0.984766430935777,1.08879550517488,7.401485367130766,11.0,0.0,0.0
6.125,18.13,26.02,3.59,19.003178602862306,26.856263735099027,4.333976565690811,1.02,0.984766430935777,0.840703399698101,4.790371763501011,10.0,0.0,0.0
6.126,18.1,25.77,3.3499999999999863,19.248702194702012,24.99977193881256,4.267965771199722,1.02,0.984766430935777,1.08430287763175,4.974504663201434,9.0,0.0,0.0
6.127,16.21,24.3,3.159999999999985,16.238959652477924,25.722642927977574,4.278566576959452,1.02,0.984766430935777,0.968253521834571,6.50647377949011,8.0,0.0,0.0
6.128,16.5,24.54,3.3800000000000052,17.10969173416087,25.359273267778676,2.4790715892533677,1.02,0.984766430935777,0.851228195322992,6.122287979479435,7.0,0.0,0.0
6.129,58.42,31.06,-0.1600000000000268,59.72224508652906,31.08698953547212,0.19086396113736637,1.02,0.984766430935777,1.18011634386838,9.326951494018545,13.0,0.0,0.0
6.130,58.13,31.59,-0.39000000000000146,58.11087999044,33.97761119380471,-0.2848399474200125,1.02,0.984766430935777,0.980192595236519,6.760758006218673,12.0,0.0,0.0
6.131,58.06,31.69000000000005,-0.21999999999999797,57.71302949245485,32.26113684668952,1.6103668909263957,1.02,0.984766430935777,1.17385769035556,7.342730977646028,11.0,0.0,0.0
6.132,58.18,31.35,-0.35000000000000586,59.073880985674776,32.39926590467995,0.5956759586764893,1.02,0.984766430935777,1.07683959612101,8.498773879171502,10.0,0.0,0.0
6.133,57.58,32.0,0.27999999999999137,58.63318868594956,31.317232371999904,1.2217484524139177,1.02,0.984766430935777,1.15015693320251,6.454114322506118,9.0,0.0,0.0
6.134,58.14,31.600000000000072,-0.22999999999999687,57.03420684134147,32.47673600436496,0.4792873260538233,1.02,0.984766430935777,1.15293964333109,5.504886994516874,8.0,0.0,0.0
6.135,58.25,31.27,-0.20999999999999908,59.46113428827286,32.13485461031479,-1.0072878438839306,1.02,0.984766430935777,1.23632062753118,4.89357678476589,7.0,0.0,0.0
6.136,30.13,6.619999999999987,-30.84,31.148532950239883,6.610814833114098,-30.767539239010986,1.02,0.984766430935777,0.794634018716061,12.00284472453447,17.0,0.0,0.0
6.137,30.4,7.229999999999986,-31.66,30.313955731841574,8.603887166988677,-31.970323590079573,1.02,0.984766430935777,0.91292024494897,8.896594801380559,12.0,0.0,0.0
6.138,30.13,6.61,-30.75,29.995410538353838,6.909874765422153,-29.615434450509113,1.02,0.984766430935777,0.849623887697464,9.19999589338253,11.0,0.0,0.0
6.139,30.24,6.869999999999987,-31.58,30.634021576076854,7.709523358073289,-31.233498614002762,1.02,0.984766430935777,0.872509062342351,9.501558651630942,10.0,0.0,0.0
6.140,30.38,6.88,-31.37,31.385855260244355,5.954195504411786,-30.292795145170835,1.02,0.984766430935777,0.882439033956432,8.183545592955266,12.0,0.0,0.0
6.141,29.93,6.78999999999999,-30.81,29.289812155738574,7.635733105295195,-30.661193795397434,1.02,0.984766430935777,0.880551133438055,7.364290737181876,8.0,0.0,0.0
6.142,30.09,6.780000000000008,-31.01,31.078875563277236,7.789878230107905,-32.04263111917446,1.02,0.984766430935777,0.883812493070987,6.2338075021532235,9.0,0.0,0.0
6.143,83.38,0.060000000000004494,0.1300000000000079,84.66061908096299,-0.14281885952305284,0.2275090670783797,1.02,0.984766430935777,0.907931116837814,7.280456521278698,12.0,0.0,0.0
6.144,84.67,-0.03999999999998449,0.7200000000000095,84.63836915619939,0.9783091004195166,0.657758662198793,1.02,0.984766430935777,1.49275443571891,8.0762659097665,12.0,0.0,0.0
6.145,82.69,1.2400000000000189,0.6599999999999939,83.23835047188379,0.3803746727894519,2.1548432005809026,1.02,0.984766430935777,1.96620839727392,3.6648240740228477,10.0,0.0,0.0
6.146,83.89,-0.35000000000001696,-0.23999999999999577,84.5916985746358,0.44240287871799566,0.4428018446186677,1.02,0.984766430935777,1.43264365798207,7.315878936643193,10.0,0.0,0.0
6.147,83.92,1.020000000000021,-2.220446049250313e-14,84.63261185016403,0.16187389798949514,0.7778892715530894,1.02,0.984766430935777,1.54597146334987,5.979984699983324,9.0,0.0,0.0
6.148,83.43,0.9600000000000164,0.16000000000000458,82.93434843645025,1.7736357641977563,0.4921168317879143,1.02,0.984766430935777,1.20418261706082,4.921325122442894,8.0,0.0,0.0
6.149,82.39,-0.7400000000000184,0.06999999999999229,83.74178518454309,-0.6166847233499695,-0.702671670148769,1.02,0.984766430935777,1.19654993341506,5.0668440742252825,7.0,0.0,0.0
6.150,75.9,18.0,79.7,77.48019796791206,18.39953405793443,79.6282469446975,1.02,0.984766430935777,1.15746546238417,8.795140789696141,13.0,0.0,0.0
6.151,76.11,18.21,79.89,75.97953224116075,20.095164573372905,79.80302149410717,1.02,0.984766430935777,1.08890905017616,6.725875556705682,12.0,0.0,0.0
6.152,76.19,18.09,79.85,76.24292449800885,17.89153313246683,84.25596445923615,1.02,0.984766430935777,1.10868001586329,1.1528383915247353,8.0,0.0,0.0
6.153,76.17,18.26,80.01,77.07583924099329,19.87108471067106,81.03408399040035,1.02,0.984766430935777,1.05216691519558,4.297153688814767,9.0,0.0,0.0
6.154,76.1,18.35,79.81,77.31562882406051,17.432504669923244,81.25447777366776,1.02,0.984766430935777,1.14965689984213,4.664570422626724,8.0,0.0,0.0
6.155,75.84,18.44,80.11,74.7781596115915,19.392612287745912,81.19332788362081,1.02,0.984766430935777,0.909022906085902,3.6419756644988626,7.0,0.0,0.0
6.156,76.09,18.23,79.89,76.87673783587391,19.773787451526136,78.666421209436,1.02,0.984766430935777,1.20237987795841,3.298833941759157,7.0,0.0,0.0
6.157,36.11,-1.34999999999999,-27.3,35.1642472979297,-1.5161068197544758,-27.28751798464274,1.02,0.984766430935777,0.796045819433867,5.73364284122991,8.0,0.0,0.0
6.158,35.85,-1.4000000000000123,-27.12,35.873294447965264,-2.766150860080252,-27.013119591688827,1.02,0.984766430935777,1.11394062361578,4.230253790651107,7.0,0.0,0.0
6.159,35.86,-1.5099999999999836,-26.93,36.067689303174554,-1.9672264510186,-28.396224483605415,1.02,0.984766430935777,0.902805446585078,4.116308168376551,6.0,0.0,0.0
6.160,35.92,-1.6199999999999826,-28.36,35.92303033176684,-2.317986416961404,-29.090309955807648,1.02,0.984766430935777,0.77817175280203,3.523880520770336,5.0,0.0,0.0
6.161,36.29,-1.6599999999999948,-28.44,36.37693221852176,-0.5137826002315493,-31.4472108184936,1.02,0.984766430935777,0.872784485788469,0.9816571846662034,4.0,0.0,0.0
6.162,34.72,-1.34999999999999,-28.24,34.404095204393194,-2.1895858997335313,-28.805024349189367,1.02,0.984766430935777,0.881640036641564,2.575178613682546,3.0,0.0,0.0
6.163,36.22,-1.7399999999999916,-28.3,35.414215561433124,-1.2091024928915228,-28.97836903686084,1.02,0.984766430935777,0.74522192104688,1.1113445442795078,2.0,0.0,0.0
6.164,34.77,-1.2399999999999634,-27.99,35.28782260749751,-1.7874124707830397,-28.42601533841386,1.02,0.984766430935777,0.71853189465497,0.446627081339339,1.0,0.0,0.0
6.165,33.18,-1.0900000000000076,-28.1,32.517229825974276,-2.0910431727778622,-27.149468179976964,1.02,0.984766430935777,0.850077030240799,0.0,0.0,0.0,0.0
6.166,50.65,-16.21,-11.23,49.8719633364112,-16.234947067369554,-11.195697782366821,1.02,0.984766430935777,0.778542704558227,7.33077647605736,8.0,0.0,0.0
6.167,50.77,-16.18,-11.08,50.893131880506786,-17.793675697168,-11.000612340199577,1.02,0.984766430935777,1.12330057161306,5.790871769517128,7.0,0.0,0.0
6.168,50.65,-16.08,-11.0,50.77634572051316,-16.648555742309224,-12.511289195368992,1.02,0.984766430935777,0.949805573935408,5.4299656238760905,6.0,0.0,0.0
6.169,50.77,-16.28,-11.63,50.7103169337006,-17.513450036854227,-12.534428004690866,1.02,0.984766430935777,0.859716073037191,4.1761002876216695,5.0,0.0,0.0
6.170,50.82,-16.15,-11.1,50.79335472580209,-15.430577596656558,-12.393776091609432,1.02,0.984766430935777,1.11402737900819,2.9018924762887055,4.0,0.0,0.0
6.171,49.96,-16.69,-11.38,49.38221316372565,-17.62239420789341,-11.957786836274353,1.02,0.984766430935777,0.850377886708156,2.929578723597924,3.0,0.0,0.0
6.172,49.89,-16.55,-11.36,49.22604714567373,-16.14902847201072,-11.990955197409448,1.02,0.984766430935777,0.871496593886925,1.8735719065755205,2.0,0.0,0.0
6.173,49.83,-16.43,-11.2,50.55041169988225,-17.231383593422635,-11.708455860908607,1.02,0.984766430935777,0.903954536543897,0.7676228259980131,1.0,0.0,0.0
6.174,48.99,-16.8,-11.39,48.29294674728456,-17.1594044861067,-11.012320709514988,1.02,0.984766430935777,0.800026047327807,0.0,0.0,0.0,0.0
6.175,59.78,-0.9899999999999909,1.25,58.84079586535148,-1.0285459154360521,1.2264963930268102,1.02,0.984766430935777,0.836302528187043,8.718585466373401,76.0,1.0739972251280991e-05,0.003808104817740145
6.176,59.97,-0.9299999999999864,1.2799999999999923,60.048298982093385,-1.7956387464768686,1.317409513666834,1.02,0.984766430935777,1.1907122326919,12.599166845219383,84.0,0.00010728366575178157,0.020262075973025786
6.177,59.64,-1.0099999999999554,1.21,59.67829276425192,-1.1407235745151678,-0.10383794588468831,1.02,0.984766430935777,1.28396167730079,11.63883302685968,83.0,0.0001774426394643506,0.022181584050782566
6.178,59.55,-1.1200000000000099,1.0699999999999932,59.55651269132868,-1.8298833548264226,0.468041244334616,1.02,0.984766430935777,1.1426905944626,7.62477057787104,82.0,1.611130252575063e-05,0.003941296975099489
6.179,59.52,-0.9799999999999809,1.25,59.528890044449895,-0.16211591061021657,0.27844514226214034,1.02,0.984766430935777,1.48824401211733,8.127601316018465,73.0,0.0008780713266883444,0.021200326093020673
6.180,58.99,-0.5299999999999749,0.81,58.23477523461034,-0.9596435568451356,0.2556876892501503,1.02,0.984766430935777,1.06720025311166,3.269253242166226,70.0,1.0807461896069873e-08,9.436108501198415e-05
6.181,59.09,-0.45000000000000595,0.8999999999999897,58.39993894564512,-0.015554533861483755,0.30289006863288837,1.02,0.984766430935777,1.05812179065111,2.7262134920551,74.0,2.425698184324354e-06,0.0009901254305928824
6.182,58.62,-0.48999999999999044,0.9100000000000108,59.15586238550304,-0.8831977244275757,0.34891032686774626,1.02,0.984766430935777,0.925291278024633,2.029676630735627,70.0,5.719643457403394e-06,0.0013375544979055806
6.183,58.85,-0.5399999999999849,0.7600000000000051,58.22601305955561,-0.9249934327034137,1.3319105340883874,1.02,0.984766430935777,0.944943810127683,0.1063339559996636,55.0,5.136447128490065e-09,2.626888646261824e-07
6.184,55.53,-27.1,2.83,54.572438390997775,-27.17971676383868,2.825197785310918,1.02,0.984766430935777,0.906951613089045,10.405697845071654,42.0,0.0,0.0
6.185,55.63,-27.37,2.06,54.65167396512649,-27.434698916133925,2.0452957008786354,1.02,0.984766430935777,0.925107098898396,11.555348241745024,61.0,0.0,0.0
6.186,55.57,-27.11,2.8,55.56087939809987,-29.38102987313429,3.0052135427530935,1.02,0.984766430935777,1.03433719134099,10.815639699417904,65.0,0.0,0.0
6.187,55.47,-27.47,2.0999999999999908,55.41271562703358,-29.95564366176029,2.256909369429727,1.02,0.984766430935777,1.11940492063534,16.478262273135204,84.0,0.0,0.0
6.188,55.88,-27.21,2.760000000000007,55.893000987962466,-27.55582627980141,1.5067047604189643,1.02,0.984766430935777,0.882682313909934,9.235765518565806,58.0,0.0,0.0
6.189,55.9,-27.43,1.98,55.917220559640896,-27.752270473279772,0.7930114247518327,1.02,0.984766430935777,0.835873953125116,9.967812454760372,65.0,0.0,0.0
6.190,55.63,-27.25,2.760000000000007,55.60984489947536,-28.672614178697597,1.8681368017846145,1.02,0.984766430935777,0.925044764743376,8.933712219092305,57.0,0.0,0.0
6.191,55.64,-27.62,1.970000000000005,55.58126663799507,-29.109691636306945,0.9982298286456581,1.02,0.984766430935777,0.972521028994844,14.746620661504442,72.0,0.0,0.0
6.192,55.56,-27.06,2.8,55.46796938855884,-25.88130024577284,1.4832543286111166,1.02,0.984766430935777,1.03603194930054,3.4229564340269985,24.0,0.0,0.0
6.193,55.61,-27.33,2.1500000000000075,55.49290940081026,-26.08774192422142,0.8126058123797408,1.02,0.984766430935777,1.07678258956456,2.587467290968158,31.0,0.0,0.0
6.194,55.66,-28.28,2.23,54.96492281635463,-29.159407044501595,1.611726925044743,1.02,0.984766430935777,0.884984721461855,15.265267951544503,72.0,0.0,0.0
6.195,55.6,-28.21,2.289999999999992,54.68316354726892,-27.50336507545603,1.349310891588118,1.02,0.984766430935777,1.11578600219245,5.550808596108241,62.0,0.0,0.0
6.196,55.44,-28.09,2.22,56.19483486660661,-29.00870500004088,1.718067071606888,1.02,0.984766430935777,0.897649737338204,12.345760983362608,66.0,0.0,0.0
6.197,55.53,-28.15,2.279999999999993,54.857083851266836,-28.846321927819496,2.937702392327024,1.02,0.984766430935777,0.823097090376271,4.07536688014087,63.0,0.0,0.0
6.198,63.54,12.36,20.91,62.64622448554036,12.282593459976287,20.836193764163436,1.02,0.984766430935777,0.755966069222392,6.2589695461469095,8.0,0.0,0.0
6.199,63.67,12.37,20.86,63.738092118777786,10.990092368442117,20.714088316904757,1.02,0.984766430935777,1.13967913851887,4.987070287865302,7.0,0.0,0.0
6.200,63.93,12.25,20.64,63.838718813367706,12.02668709698884,19.02790904322622,1.02,0.984766430935777,0.91724429189647,4.021598067968897,6.0,0.0,0.0
6.201,63.61,12.18,20.76,63.64336867367439,10.986672670025232,19.712859240408264,1.02,0.984766430935777,0.924478936086942,3.2885361706622565,4.0,0.0,0.0
6.202,63.75,12.17000000000007,20.73,63.82869987051538,11.31798835833342,21.48506252581428,1.02,0.984766430935777,1.01115507524866,1.63550779375777,4.0,0.0,0.0
6.203,63.03,12.8,20.09,62.23750198857536,11.906938793943834,19.178927475502363,1.02,0.984766430935777,0.967674027890568,1.9770841194959878,3.0,0.0,0.0
6.204,60.5,13.66,21.2,59.72619700837771,14.262560282549575,20.770822960386525,1.02,0.984766430935777,0.936940133868565,0.5879309843683049,2.0,0.0,0.0
6.205,61.26,13.2,20.82,62.04302703579654,12.566449490860665,20.265787031932536,1.02,0.984766430935777,0.818306840564899,0.688921896148757,1.0,0.0,0.0
6.206,63.06,12.46,19.13,62.435404122574994,11.901097863728117,19.695976846857597,1.02,0.984766430935777,0.886982083651506,0.0,0.0,0.0,0.0
6.207,46.48,12.76,-13.44,45.54504331811045,12.764698274783381,-13.53020687584059,1.02,0.984766430935777,0.901099765271709,6.331707280810841,8.0,0.0,0.0
6.208,46.31,12.74,-13.34,46.26587934398754,11.28254766305503,-13.142927736477672,1.02,0.984766430935777,1.17642424019222,6.166153981799564,7.0,0.0,0.0
6.209,46.44,12.61,-13.15,46.3849080239174,12.478113148165882,-14.81277600540234,1.02,0.984766430935777,1.15737842484609,4.470291991652825,6.0,0.0,0.0
6.210,46.52,12.68,-13.4,46.44127618217258,11.677501382353961,-14.108514360446778,1.02,0.984766430935777,1.10278030228442,3.8907057336772843,5.0,0.0,0.0
6.211,46.59,12.64,-13.55,46.78001697803237,14.393338479117002,-15.824445646145113,1.02,0.984766430935777,1.60759649953411,0.21615181124199084,3.0,0.0,0.0
6.212,46.37,11.52,-12.74,45.86507702757263,10.780466353515427,-13.228602229884313,1.02,0.984766430935777,0.957083508295844,2.9607139477419704,3.0,0.0,0.0
6.213,46.5,11.45,-12.65,45.74441912357551,12.221203789282931,-13.573172123450995,1.02,0.984766430935777,1.02616141056628,1.8434165048710596,2.0,0.0,0.0
6.214,46.11,11.55,-12.72,46.708500311394445,10.823764682387104,-13.139259254281477,1.02,0.984766430935777,0.971465876669206,0.928773178114697,1.0,0.0,0.0
6.215,46.18,11.43,-12.72,45.31352437125932,10.799835906370403,-12.074831999379242,1.02,0.984766430935777,1.00922071456931,0.0,0.0,0.0,0.0
6.216,42.33,35.94,20.39,41.39133542751502,35.9691277294765,20.40315445847327,1.02,0.984766430935777,0.8480094383286,6.651428321415912,63.0,0.0,0.0
6.217,41.48,35.71,20.41,41.45283728413578,33.76980600969912,20.406119612019403,1.02,0.984766430935777,0.891137078417972,3.7052196681320444,39.0,0.0,0.0
6.218,41.56,35.85,21.71,41.60153328427486,35.83615557190842,19.97944648854767,1.02,0.984766430935777,1.03768491500636,5.219465575414825,68.0,0.0,0.0
6.219,41.86,35.78,20.33,41.843916703937815,34.39482612664405,18.87245129436419,1.02,0.984766430935777,0.791924143023424,1.8883571374651005,23.0,0.0,0.0
6.220,41.9,35.96,20.46,41.95413369062836,36.773325693343104,19.420897206719147,1.02,0.984766430935777,0.864911616940123,1.441767914256815,56.0,0.0,0.0
6.221,43.11,35.49,22.27,42.222721908580155,34.567295197126036,21.29254482487868,1.02,0.984766430935777,0.958211704449146,13.985779594215257,73.0,0.0,0.0
6.222,43.99,34.57,23.34,43.55701213021789,35.08670485915788,22.74317888219222,1.02,0.984766430935777,0.665218210571036,27.888876910829865,68.0,0.0,0.0
6.223,43.35,35.28,22.09,44.165545192941536,34.34840256712724,21.093222541960344,1.02,0.984766430935777,0.920055736486779,17.263283511684936,73.0,0.0,0.0
6.224,42.93,35.16,23.56,43.50021798331866,35.57265775108587,22.525854666218127,1.02,0.984766430935777,0.90483557540355,28.227400983196183,73.0,0.0,0.0
6.225,76.86,4.0200000000000236,35.14,75.66957821974731,4.00214367329621,35.11381072083444,1.02,0.984766430935777,0.857562323434555,1.1514326193145497,6.0,0.0,0.0
6.226,78.31,1.3600000000000279,37.23,78.22648697421118,-0.058281558654893484,36.99673947969331,1.02,0.984766430935777,1.07676202211338,3.30210318226892,7.0,0.0,0.0
6.227,78.47,1.6300000000000203,35.43,78.18410226328282,1.4562621446103097,33.25717720094951,1.02,0.984766430935777,0.880766377593906,4.304484580430129,6.0,0.0,0.0
6.228,78.63,1.1599999999999944,34.25,78.36921499643115,0.12174970454154055,33.02105067068184,1.02,0.984766430935777,0.95779521506036,2.1628704050385577,5.0,0.0,0.0
6.229,78.52,1.83,33.65,78.5315197119964,0.8188252803160156,34.4346203837548,1.02,0.984766430935777,0.867492381794133,2.224618411570464,4.0,0.0,0.0
6.230,77.87,1.6200000000000103,36.29,77.08815983675241,0.7485127503649713,35.402346882327905,1.02,0.984766430935777,0.922083954158878,2.8428542031655346,3.0,0.0,0.0
6.231,77.82,1.9899999999999918,36.3,76.9716165439613,2.60738796058263,35.373218072776204,1.02,0.984766430935777,0.86576257776399,1.670610103220459,2.0,0.0,0.0
6.232,77.74,2.0399999999999863,36.14,78.46698263133888,1.1829668084932243,35.48454517675348,1.02,0.984766430935777,0.859663301468549,0.915300515683842,1.0,0.0,0.0
6.233,77.99,1.78,36.31,77.34031562806437,1.046374107442627,36.91138925048199,1.02,0.984766430935777,0.769423065170458,0.0,0.0,0.0,0.0
6.234,64.6,-10.0,13.41,63.74722259647004,-9.899420407043335,13.377333123655099,1.02,0.984766430935777,0.714029559765843,6.719386661736271,8.0,0.0,0.0
6.235,64.73,-9.99,13.49,64.74170246843961,-11.147374128677168,13.664366779750159,1.02,0.984766430935777,0.958841198596926,5.91951989422514,7.0,0.0,0.0
6.236,64.75,-10.32,13.34,64.79749989478685,-10.331515126008938,11.902048639634511,1.02,0.984766430935777,0.932080005249984,5.553812874037518,6.0,0.0,0.0
6.237,64.83,-10.06,13.45,65.02712208566736,-10.941607364733152,12.646999601944042,1.02,0.984766430935777,1.04000068557098,4.1257822286358135,5.0,0.0,0.0
6.238,64.74,-9.070000000000022,12.06,64.59550829759392,-8.108442123273885,10.64088506565466,1.02,0.984766430935777,1.13519720490098,1.2165132428609668,4.0,0.0,0.0
6.239,65.19,-10.19,13.42,64.56228683649178,-10.729411005950485,12.934338133432476,1.02,0.984766430935777,0.812154386316564,2.963561509743275,3.0,0.0,0.0
6.240,65.21,-10.1,13.36,64.35187774371013,-9.347712821985876,12.4975871324287,1.02,0.984766430935777,1.02276978141474,1.6778936888198552,2.0,0.0,0.0
6.241,65.23,-10.17,13.66,65.82404346541406,-10.838162650089577,13.036526858317732,1.02,0.984766430935777,0.921674997513233,0.9998812792050239,1.0,0.0,0.0
6.242,65.16,-10.2,13.34,64.52067959002193,-10.70499242494316,13.936901046282845,1.02,0.984766430935777,0.715511341585754,0.0,0.0,0.0,0.0
6.243,14.55,-0.6200000000000094,0.4,13.332762696162906,-0.687082216143331,0.4256132098001686,1.02,0.984766430935777,0.798258068034806,5.4314297410911365,6.0,0.0,0.0
6.244,14.07,-0.13999999999997348,0.48000000000000265,13.868347993907921,-0.9033968802057424,0.6112338452345267,1.02,0.984766430935777,1.1187225843829,4.95885665446998,5.0,0.0,0.0
6.245,13.89,-0.15999999999999348,0.7399999999999962,13.431101147251432,0.2494989762487354,-0.40529713674642975,1.02,0.984766430935777,1.32243023681112,3.697614146431552,4.0,0.0,0.0
6.246,14.0,-0.5,0.5199999999999871,13.087098152775997,-0.9597505688428987,0.11414363659558724,1.02,0.984766430935777,0.973288565965941,2.843048201182535,3.0,0.0,0.0
6.247,14.42,-0.4499999999999782,0.44000000000000705,13.851954158710825,0.19078994149199224,-0.20078994149194118,1.02,0.984766430935777,1.19632425994735,1.9210438863588342,2.0,0.0,0.0
6.248,14.34,-0.34000000000000696,0.08000000000000229,15.059079820233809,-0.9158819763763482,-0.3815297413535146,1.02,0.984766430935777,1.0535814593624,0.8066229884380026,1.0,0.0,0.0
6.249,13.71,-0.9599999999999886,0.28999999999999027,13.23762497792486,-1.7088872301191105,0.6615632795591075,1.02,0.984766430935777,1.12575333158637,0.0,0.0,0.0,0.0
6.250,68.77,-30.78,-5.01,67.51437191163119,-30.66275761825471,-4.9847865845709105,1.02,0.984766430935777,0.99450671772051,5.33470690817968,6.0,0.0,0.0
6.251,68.59,-30.89,-5.180000000000007,68.54199604016334,-33.287797793841335,-5.07919168434301,1.02,0.984766430935777,1.0239773681665,3.931001575552455,5.0,0.0,0.0
6.252,68.4,-30.89,-5.07,68.48900805413557,-31.717774903460782,-6.643662397116823,1.02,0.984766430935777,1.05569438804502,3.6873437469087946,4.0,0.0,0.0
6.253,68.42,-30.65,-5.26,67.69611756106293,-31.546927328536977,-5.907267144305051,1.02,0.984766430935777,0.780032907419049,2.5542743400528334,3.0,0.0,0.0
6.254,69.0,-30.75,-4.85,67.98060661592129,-30.001227335147373,-5.925841877659654,1.02,0.984766430935777,1.17179126449434,1.4934342551725237,2.0,0.0,0.0
6.255,68.7,-30.57,-4.909999999999992,69.52467416675911,-31.826326429197138,-5.659093031312734,1.02,0.984766430935777,0.932763038130946,0.739707368665603,1.0,0.0,0.0
6.256,68.96,-30.64,-4.909999999999992,68.16014209099018,-31.103153017165596,-3.766085563952859,1.02,0.984766430935777,1.04309012506354,0.0,0.0,0.0,0.0
6.257,28.89,21.19,17.64,27.83618879740908,21.163495694099865,17.525501398511246,1.02,0.984766430935777,0.802596332906208,5.678234145374714,6.0,0.0,0.0
6.258,28.84,20.83,17.65,28.810741781904476,19.66435259107452,17.545840743579934,1.02,0.984766430935777,0.722193740571369,4.726961753740939,5.0,0.0,0.0
6.259,28.92,21.1,17.8,28.88479202250209,21.202562369233068,16.272279932916245,1.02,0.984766430935777,1.04546342781242,3.5201972040360703,4.0,0.0,0.0
6.260,28.73,21.12,17.68,28.073129753062105,20.536361908970736,17.003157346905194,1.02,0.984766430935777,0.65052570599856,2.8602580258643315,3.0,0.0,0.0
6.261,29.17,21.25,17.98,28.607371589417355,21.83299943924166,17.446473058930234,1.02,0.984766430935777,0.750648669050812,1.830328662305737,2.0,0.0,0.0
6.262,29.01,21.28,17.89,29.92618448328706,20.495890669842364,17.197648144648024,1.02,0.984766430935777,0.852677923317688,0.8248790783782999,1.0,0.0,0.0
6.263,28.69,21.08,17.99,28.09611137555752,20.45380383438783,18.388142933826224,1.02,0.984766430935777,0.730823960784698,0.0,0.0,0.0,0.0
6.264,32.26,-33.2,-5.07,31.238521290789095,-33.5487712717496,-5.090515957161745,1.02,0.984766430935777,0.819207844687655,4.612466547428361,6.0,0.0,0.0
6.265,31.59,-33.43,-4.949999999999988,31.78341536935028,-37.0501518187826,-4.537623835158843,1.02,0.984766430935777,1.50021574108735,1.4642006895150368,5.0,0.0,0.0
6.266,31.6,-33.5,-5.02,31.594280045760193,-34.14635482909928,-6.295549795479194,1.02,0.984766430935777,0.839165127527249,3.682817159268276,4.0,0.0,0.0
6.267,31.54,-33.57,-5.130000000000012,30.773527101712574,-35.60252188206575,-5.8303189874233325,1.02,0.984766430935777,1.05274463920634,2.66990279933437,3.0,0.0,0.0
6.268,31.31,-34.0,-5.02,30.488045211243353,-33.44792036688513,-5.966617931718076,1.02,0.984766430935777,0.952824643331289,1.450328991814347,2.0,0.0,0.0
6.269,31.39,-34.11,-4.88,32.173856908196164,-35.289561166283626,-5.405591915322283,1.02,0.984766430935777,0.820150464861603,0.9597951605868508,1.0,0.0,0.0
6.270,31.8,-34.13,-4.880000000000006,31.223022123997573,-34.917002542522724,-4.216888412447117,1.02,0.984766430935777,0.733571658631703,0.0,0.0,0.0,0.0
6.271,59.95,-13.71,-25.84,58.742752694957915,-13.866088540449905,-25.77780847216451,1.02,0.984766430935777,1.07697433750535,4.925833305274262,6.0,0.0,0.0
6.272,59.29,-13.79,-26.98,59.546992232042655,-15.42832547927192,-27.313075458634216,1.02,0.984766430935777,0.989908834220161,3.109764183880947,5.0,0.0,0.0
6.273,59.99,-13.09,-25.82,60.341981103603885,-13.5951964075256,-27.7973056114218,1.02,0.984766430935777,0.897972776501849,2.667977973016218,4.0,0.0,0.0
6.274,59.51,-13.54,-25.82,58.926630573759496,-14.22142303099061,-26.240937192109026,1.02,0.984766430935777,0.669160399886915,1.583277849090476,3.0,0.0,0.0
6.275,60.21,-13.24,-25.56,59.391689771313935,-12.441730021812369,-26.777445217779892,1.02,0.984766430935777,1.07409215637846,0.924753755504464,2.0,0.0,0.0
6.276,60.54,-13.24,-25.56,61.454360403328366,-14.045507974360715,-26.166852291494713,1.02,0.984766430935777,0.94688428045159,0.21554453620379604,1.0,0.0,0.0
6.277,59.84,-13.47,-25.7,58.721886486784115,-14.548881460120622,-24.17212948778882,1.02,0.984766430935777,1.46131912885806,0.0,0.0,0.0,0.0
6.278,18.24,25.93,3.26,17.17813760971294,25.7496022185372,3.3453378726680305,1.02,0.984766430935777,0.725765727241454,3.954011407785393,6.0,0.0,0.0
6.279,17.33,25.07,3.29,18.22747255237772,23.57071349437098,3.216522715009995,1.02,0.984766430935777,0.977437728053,3.7214369606149806,5.0,0.0,0.0
6.280,16.99,25.03,3.829999999999989,16.808967924967135,24.89048904309396,2.1841028774534865,1.02,0.984766430935777,1.08010173820632,3.6385870323644043,4.0,0.0,0.0
6.281,18.13,26.02,3.59,17.256821397137685,25.183736264900975,2.846023434309186,1.02,0.984766430935777,0.846310981858337,1.7810500726205216,3.0,0.0,0.0
6.282,18.1,25.77,3.3499999999999863,16.951297805297997,26.54022806118747,2.4320342288002728,1.02,0.984766430935777,1.06315749783016,0.48570400389972945,2.0,0.0,0.0
6.283,16.21,24.3,3.159999999999985,16.181040347522092,22.87735707202246,2.0414334230405284,1.02,0.984766430935777,1.00893987024521,0.7512654975327723,1.0,0.0,0.0
6.284,16.5,24.54,3.3800000000000052,15.890308265839145,23.720726732221365,4.28092841074662,1.02,0.984766430935777,0.870471282648901,0.0,0.0,0.0,0.0
6.285,58.42,31.06,-0.1600000000000268,57.11775491347095,31.033010464527887,-0.5108639611373533,1.02,0.984766430935777,1.20186059010642,5.616702077648794,6.0,0.0,0.0
6.286,58.13,31.59,-0.39000000000000146,58.149120009559994,29.2023888061953,-0.4951600525799904,1.02,0.984766430935777,1.03340396517978,3.621055879436606,5.0,0.0,0.0
6.287,58.06,31.69000000000005,-0.21999999999999797,58.406970507545154,31.11886315331047,-2.0503668909263917,1.02,0.984766430935777,1.17449643126999,2.9948979413278174,4.0,0.0,0.0
6.288,58.18,31.35,-0.35000000000000586,57.28611901432522,30.30073409532008,-1.295675958676501,1.02,0.984766430935777,1.0951487337709,2.451714595738853,3.0,0.0,0.0
6.289,57.58,32.0,0.27999999999999137,56.526811314050434,32.6827676280001,-0.6617484524139128,1.02,0.984766430935777,1.15417393475595,0.9947388519734389,2.0,0.0,0.0
6.290,58.14,31.600000000000072,-0.22999999999999687,59.24579315865853,30.72326399563502,-0.939287326053817,1.02,0.984766430935777,1.14403701671679,0.6377927321031236,1.0,0.0,0.0
6.291,58.25,31.27,-0.20999999999999908,57.03886571172714,30.405145389685195,0.5872878438839324,1.02,0.984766430935777,1.26082410871886,0.0,0.0,0.0,0.0
6.292,30.13,6.619999999999987,-30.84,29.111467049760122,6.629185166885931,-30.912460760989013,1.02,0.984766430935777,0.785089175028467,5.77628052149103,6.0,0.0,0.0
6.293,30.4,7.229999999999986,-31.66,30.48604426815843,5.8561128330113235,-31.349676409920423,1.02,0.984766430935777,0.931694029483929,4.862342297278453,5.0,0.0,0.0
6.294,30.13,6.61,-30.75,30.26458946164616,6.310125234577884,-31.884565549490873,1.02,0.984766430935777,0.830263844919382,3.8778183756060662,4.0,0.0,0.0
6.295,30.24,6.869999999999987,-31.58,29.845978423923142,6.030476641926713,-31.92650138599723,1.02,0.984766430935777,0.869752255355044,2.7390173657865837,3.0,0.0,0.0
6.296,30.38,6.88,-31.37,29.374144739755636,7.805804495588236,-32.44720485482916,1.02,0.984766430935777,0.867060149852862,1.2729974680708933,2.0,0.0,0.0
6.297,29.93,6.78999999999999,-30.81,30.570187844261426,5.944266894704814,-30.958806204602563,1.02,0.984766430935777,0.884437932921511,0.9248635776912487,1.0,0.0,0.0
6.298,30.09,6.780000000000008,-31.01,29.101124436722756,5.770121769892084,-29.97736888082555,1.02,0.984766430935777,0.885790105357584,0.0,0.0,0.0,0.0
6.299,83.38,0.060000000000004494,0.1300000000000079,82.099380919037,0.26281885952306183,0.032490932921591664,1.02,0.984766430935777,0.917869133665515,3.3280690908297377,6.0,0.0,0.0
6.300,84.67,-0.03999999999998449,0.7200000000000095,84.70163084380061,-1.058309100419541,0.7822413378012039,1.02,0.984766430935777,1.47357385896428,2.1410570361244567,5.0,0.0,0.0
6.301,82.69,1.2400000000000189,0.6599999999999939,82.1416495281162,2.099625327210586,-0.8348432005808926,1.02,0.984766430935777,1.86942839245356,1.4107469056099613,4.0,0.0,0.0
6.302,83.89,-0.35000000000001696,-0.23999999999999577,83.1883014253642,-1.142402878717974,-0.9228018446186814,1.02,0.984766430935777,1.37913906208056,1.8132778466947448,3.0,0.0,0.0
6.303,83.92,1.020000000000021,-2.220446049250313e-14,83.20738814983598,1.8781261020104911,-0.7778892715530894,1.02,0.984766430935777,1.45681451511685,1.112757367667736,2.0,0.0,0.0
6.304,83.43,0.9600000000000164,0.16000000000000458,83.92565156354976,0.14636423580222102,-0.17211683178792736,1.02,0.984766430935777,1.2648917128515,0.42311714354000757,1.0,0.0,0.0
6.305,82.39,-0.7400000000000184,0.06999999999999229,81.03821481545691,-0.8633152766500118,0.8426716701487535,1.02,0.984766430935777,1.19748209295664,0.0,0.0,0.0,0.0
6.306,75.9,18.0,79.7,74.31980203208795,17.6004659420656,79.77175305530251,1.02,0.984766430935777,1.17692654040199,4.357068172195861,6.0,0.0,0.0
6.307,76.11,18.21,79.89,76.24046775883924,16.324835426627104,79.97697850589282,1.02,0.984766430935777,1.09460015216938,3.1312778764400924,5.0,0.0,0.0
6.308,76.19,18.09,79.85,76.13707550199115,18.28846686753316,75.44403554076384,1.02,0.984766430935777,1.16565347044997,0.6685626094628395,3.0,0.0,0.0
6.309,76.17,18.26,80.01,75.26416075900671,16.648915289328936,78.98591600959966,1.02,0.984766430935777,1.06950751942415,2.3837641003341985,3.0,0.0,0.0
6.310,76.1,18.35,79.81,74.88437117593948,19.267495330076766,78.36552222633223,1.02,0.984766430935777,1.16738446524521,0.7829170236227257,2.0,0.0,0.0
6.311,75.84,18.44,80.11,76.9018403884085,17.48738771225411,79.02667211637919,1.02,0.984766430935777,0.905897539093755,0.6034820145542472,1.0,0.0,0.0
6.312,76.09,18.23,79.89,75.3032621641261,16.686212548473854,81.113578790564,1.02,0.984766430935777,1.1925472226265,0.0,0.0,0.0,0.0
7.1,86.7658295591843,-6.886886761145572,46.098331195293184,86.75597523399955,-7.080393198347301,47.01948666710658,0.573097,0.553300673794119,0.303627976136129,32.60935513383137,51.0,0.0006935025232449124,0.06952441477219863
7.2,86.7658295591843,-6.886886761145572,46.098331195293184,86.81015065275807,-7.0156311121221115,48.143548294773986,0.866109,0.83619124385427,0.660241081727194,37.14074318517764,58.0,0.0034455991833603743,0.13305761204802902
7.3,86.7658295591843,-6.886886761145572,46.098331195293184,86.72147020278406,-6.952431806549586,49.033997373122084,1.133267,1.09412088126205,0.952209368236103,24.895663844958623,65.0,0.005838236914879255,0.2739456818025821
7.4,86.7658295591843,-6.886886761145572,46.098331195293184,86.79045710747162,-7.375076072416665,50.369268638287544,1.503841,1.4518942492793,1.34846878492949,13.569924962168546,57.0,0.013733692710401387,0.3201757301482602
7.5,86.7658295591843,-6.886886761145572,46.098331195293184,86.72640091225273,-7.382484873045159,51.294767360664515,1.745145,1.68486295403472,1.63119173231843,10.037937535614363,25.0,0.024466847750180182,0.31671092583371085
7.6,86.7658295591843,-6.886886761145572,46.098331195293184,86.7658295591843,-6.879838482499623,45.06109979171189,0.633423,0.611542849982973,0.348530911713251,32.39203049316743,49.0,0.0007315142508600212,0.07411238539640799
7.7,86.7658295591843,-6.886886761145572,46.098331195293184,86.88393433722888,-6.706578234000449,43.372800808825154,1.107413,1.06915994860969,0.9132096188872,25.91377348782531,63.0,0.003101496842731505,0.13525815446591238
7.8,86.7658295591843,-6.886886761145572,46.098331195293184,86.81015065275807,-6.54454079579081,42.356075499388666,1.460751,1.41029269485869,1.25457811257482,12.039390440077018,63.0,0.0006042083346645072,0.031972044375658044
7.9,86.7658295591843,-6.886886761145572,46.098331195293184,86.77075601314962,-6.400559670351191,41.671114943323495,1.646038,1.58917937886732,1.4898929656785,8.378104971349897,50.0,8.672346985895387e-06,0.0013548335955924395
7.10,86.7658295591843,-6.886886761145572,46.098331195293184,86.73133114843384,-6.011516371885628,40.75650578800798,1.831325,1.76806606287594,1.82000538350139,6.667169850149641,12.0,0.0,0.0
7.11,86.7658295591843,-6.886886761145572,46.098331195293184,86.67213705226933,-6.519359340795727,46.06245360662531,0.719603,0.694745958824194,0.250891896402348,27.14936077044387,45.0,7.633968135098879e-05,0.019912827435658045
7.12,86.7658295591843,-6.886886761145572,46.098331195293184,86.82491586201648,-6.180869257492006,45.907740261294535,1.016924,0.981796684326406,0.465222340880547,33.47639458726617,47.0,3.925662894055287e-05,0.007426161244820812
7.13,86.7658295591843,-6.886886761145572,46.098331195293184,86.81999459677196,-5.845843362696613,46.06011355057462,1.236683,1.19396461187152,0.697153498677902,35.344436564159814,51.0,2.007269657878315e-05,0.018237807785537928
7.14,86.7658295591843,-6.886886761145572,46.098331195293184,86.84459621387502,-5.494797933562612,45.9048795604718,1.641729,1.58501922342526,0.926796294823539,29.587978327454714,56.0,8.040029232450762e-05,0.009480488063722575
7.15,86.7658295591843,-6.886886761145572,46.098331195293184,86.79538120123281,-5.232766535978928,45.990496802659166,1.822707,1.75974575199182,1.10754391973894,22.82457647957518,56.0,0.0003871417138253867,0.023640294659777693
7.16,86.7658295591843,-6.886886761145572,46.098331195293184,86.68200747504233,-7.2800643872653055,46.03112187063765,0.650659,0.628183471751218,0.273539295395663,24.754734195090897,40.0,0.00022970264286722658,0.03743269123117494
7.17,86.7658295591843,-6.886886761145572,46.098331195293184,86.73133114843384,-7.716392250654735,46.05732678867667,1.245301,1.20228492275564,0.555198106908436,31.538692996353646,44.0,1.3572416558180022e-10,2.0042650940767772e-05
7.18,86.7658295591843,-6.886886761145572,46.098331195293184,86.71653901991426,-8.00499584907055,46.03440374663597,1.443515,1.39365207309045,0.748136633939822,31.5092667544628,50.0,4.114397916717868e-05,0.014513330359896727
7.19,86.7658295591843,-6.886886761145572,46.098331195293184,86.67707250086858,-8.362911619950285,46.010637201682854,1.736527,1.6765426431506,0.986908193456699,26.047313268301817,52.0,0.00022625080006876853,0.020872861558104736
7.20,86.7658295591843,-6.886886761145572,46.098331195293184,86.66226473133806,-8.65521912884809,45.9308745554945,2.012303,1.94279259144251,1.18673263202849,19.673125798361777,50.0,0.0019123246338577185,0.029699806464552232
7.21,86.7658295591843,-6.886886761145572,46.098331195293184,87.06548305268728,-6.971535805476991,46.357875036118216,0.56017,0.540820207467936,0.214106544175789,20.064564315097254,34.0,0.00022107084327720254,0.028362188129515353
7.22,86.7658295591843,-6.886886761145572,46.098331195293184,87.6499326488179,-6.998575926054295,46.24046019428114,0.909199,0.87779279827488,0.574279422985379,27.411019525745896,41.0,0.0010330138981727928,0.0378541080189731
7.23,86.7658295591843,-6.886886761145572,46.098331195293184,87.91079767346552,-6.9129162037571685,46.25462110904115,1.240992,1.19812476731358,0.737567000787505,26.803100080213657,44.0,7.416473346970536e-05,0.030151889891641335
7.24,86.7658295591843,-6.886886761145572,46.098331195293184,88.5001508082956,-6.999465816761807,46.93454011216565,1.572785,1.51845673635228,1.14387831251439,18.762986627079755,48.0,0.003583243191916475,0.1757112178384663
7.25,86.7658295591843,-6.886886761145572,46.098331195293184,88.85627457640994,-7.076353457979634,46.836957225049545,1.960595,1.89287072613778,1.36025423097947,13.278518232990383,42.0,0.0022765438450265923,0.039737707328518314
7.26,86.7658295591843,-6.886886761145572,46.098331195293184,86.86918606662296,-6.8866346751793595,46.259366564223356,0.499844,0.482578031279081,0.0857532549074985,14.243628768737116,27.0,4.696183011489628e-05,0.006461428847096643
7.27,86.7658295591843,-6.886886761145572,46.098331195293184,86.310560127,-6.8599491075010395,45.83711809189859,0.586024,0.565781140120302,0.306933125460867,18.82428601595662,30.0,0.000885416698827724,0.0682516879555865
7.28,86.7658295591843,-6.886886761145572,46.098331195293184,85.98644320658008,-6.827538965164692,45.86240487816289,0.831637,0.802910000317781,0.511863279618235,22.55784182278042,32.0,0.0014715785035434286,0.04988291391517078
7.29,86.7658295591843,-6.886886761145572,46.098331195293184,85.59476319960956,-6.778327863274869,45.48308240631989,1.081559,1.04419901595732,0.787693520177652,22.923007262104225,38.0,0.0007944731816798914,0.09665600823581136
7.30,86.7658295591843,-6.886886761145572,46.098331195293184,85.15429599479369,-6.764778352915723,45.601047951278815,1.447824,1.39781222853251,1.06307867142585,16.606157131158422,40.0,0.004549460529358839,0.10206246359796362
7.31,62.650880690858955,0.13654519266420584,0.058882039320318214,62.625639713294134,0.12066569742585909,0.4762072127398431,0.779929,0.752988135013049,0.414427960021443,33.51340693846141,52.0,0.000517651735336956,0.034267315342505454
7.32,62.650880690858955,0.13654519266420584,0.058882039320318214,62.625639713294134,-0.23930804220040347,1.0387363679244865,0.978143,0.944355285347857,1.10825242033826,49.43223034161199,74.0,0.006476715202575699,0.300763481034647
7.33,62.650880690858955,0.13654519266420584,0.058882039320318214,62.64246883189739,0.1533582167819736,1.1799848157068915,1.456442,1.40613253941663,1.09279885748129,48.42667667210135,73.0,0.0007266270961922281,0.12981053676907703
7.34,62.650880690858955,0.13654519266420584,0.058882039320318214,62.692913020733926,0.01805623158557257,1.285774338419876,1.495223,1.44357393839518,1.20777138570803,46.032490234852006,73.0,0.0023393942822187135,0.20971802510498502
7.35,62.650880690858955,0.13654519266420584,0.058882039320318214,62.692913020733926,-0.02540492486702295,1.846323252520654,1.960595,1.89287072613778,1.73571318545503,31.57405697619986,55.0,3.155344953706829e-07,1.1594519081315223e-05
7.36,62.650880690858955,0.13654519266420584,0.058882039320318214,62.49919105553391,0.2242348024581453,-0.3327536373626927,0.685131,0.661464715287706,0.428616123608861,32.3617483820315,49.0,0.0020230503820918766,0.05419938037231052
7.37,62.650880690858955,0.13654519266420584,0.058882039320318214,62.659290750877176,0.18314981345957104,-0.4635694024363257,0.814401,0.786269378549537,0.521247588339168,35.18823583679601,50.0,0.0008308216846525824,0.090264941347054
7.38,62.650880690858955,0.13654519266420584,0.058882039320318214,62.776843239021375,0.16514541870898958,-0.8563746576976339,1.297009,1.25220678806037,0.906032234049291,45.09071194892077,61.0,3.068852839835458e-05,0.029726694645474915
7.39,62.650880690858955,0.13654519266420584,0.058882039320318214,62.692913020733926,0.39394336279507947,-1.3157001232171117,1.572785,1.51845673635228,1.38413185488479,40.806129165803775,67.0,0.004362907445266076,0.22496773686390104
7.40,62.650880690858955,0.13654519266420584,0.058882039320318214,62.667699012913516,0.41961483618679907,-1.5379418235496267,1.76669,1.70566373124503,1.59392405569462,34.416917706165464,56.0,0.001735702360820859,0.06560574860819945
7.41,62.650880690858955,0.13654519266420584,0.058882039320318214,62.516074417933325,0.5583294841873809,0.016021573156987934,0.94798,0.91523419725343,0.630227972466697,37.076863185995116,50.0,0.0010829755059027105,0.09858122802704279
7.42,62.650880690858955,0.13654519266420584,0.058882039320318214,62.768458263626584,0.7727134271581781,0.014210382325319237,1.180666,1.13988259112473,0.932361102138941,42.265562780535944,59.0,0.000714798321997443,0.05379304913444793
7.43,62.650880690858955,0.13654519266420584,0.058882039320318214,62.549819377247616,0.9092526415327984,-0.05232830036527858,1.37888,1.33124974145953,1.12824011902413,41.1895537011112,63.0,0.001871746531937973,0.21812697231731604
7.44,62.650880690858955,0.13654519266420584,0.058882039320318214,62.7516829552152,1.1257543621893684,-0.015087479607633902,1.654656,1.59749968975144,1.42774732141551,36.8163137947055,59.0,0.003786396386696599,0.1573248550961728
7.45,62.650880690858955,0.13654519266420584,0.058882039320318214,62.701314100441266,1.4379665212792547,-0.1750687274854279,1.986449,1.91783165879014,1.86767086707263,25.349937800007208,45.0,0.0,0.0
7.46,62.650880690858955,0.13654519266420584,0.058882039320318214,62.67610547792866,-0.035941736016953385,0.15168631979316505,0.564479,0.544980362909997,0.275172178753487,21.856194083375893,37.0,0.0016683873645165685,0.061807198132795414
7.47,62.650880690858955,0.13654519266420584,0.058882039320318214,62.67610547792866,-0.39219220680142275,0.10254731048000565,1.064323,1.02755839418908,0.788922299896085,37.35695207763942,49.0,0.001691542418197235,0.08373385468169232
7.48,62.650880690858955,0.13654519266420584,0.058882039320318214,62.793607836939486,-0.6012431815696773,0.18271982920661234,1.318554,1.27300756527068,1.10554592670147,38.41757486578527,58.0,0.0017647372927561199,0.2188288136683656
7.49,62.650880690858955,0.13654519266420584,0.058882039320318214,62.60038251922951,-0.7735769781561097,0.23571948819842703,1.534004,1.48101533737373,1.35192288813507,35.18568731830019,58.0,0.006250008844115794,0.27486121631540844
7.50,62.650880690858955,0.13654519266420584,0.058882039320318214,62.57510908259357,-1.086620819925832,0.31610582258034814,1.904578,1.83878870539098,1.80193443891395,25.797250905987493,42.0,0.00022241655735576527,0.00607171172130299
7.51,62.650880690858955,0.13654519266420584,0.058882039320318214,62.89404594163646,0.23980821689933984,-0.02036029978871312,0.749766,0.723867046918622,0.268404799399221,19.828935750478912,33.0,0.00029076229613172485,0.010252606764199743
7.52,62.650880690858955,0.13654519266420584,0.058882039320318214,63.16063819673245,0.1411038549282151,0.13800704133009045,0.995379,0.960995907116101,0.438120425945003,24.629122480252423,36.0,5.890742716486903e-05,0.016274828078023995
7.53,62.650880690858955,0.13654519266420584,0.058882039320318214,63.26843012799614,0.12840079281817296,-0.13780099423930103,1.180666,1.13988259112473,0.557323554866912,27.275186375365518,38.0,7.49313525601695e-05,0.007879329762955335
7.54,62.650880690858955,0.13654519266420584,0.058882039320318214,63.5160681944692,0.10352450549339087,0.08620181826528572,1.572785,1.51845673635228,0.731850287746402,30.78777954796845,42.0,0.0,0.0
7.55,62.650880690858955,0.13654519266420584,0.058882039320318214,63.78670046345174,0.03275433208632661,0.10033283052226505,1.917505,1.85126917171716,0.969591759766644,33.17706875390003,46.0,0.00936136014170611,0.14080224495849672
7.56,62.650880690858955,0.13654519266420584,0.058882039320318214,63.28498750291695,0.10692351316887727,0.1648092049777894,0.642041,0.619863160867096,0.547724220647986,24.17002548442665,34.0,0.0052435426868073,0.18069300329569746
7.57,62.650880690858955,0.13654519266420584,0.058882039320318214,62.262057519931304,0.1680545686318924,-0.006596999817132243,0.840255,0.811230311201904,0.340283320119344,17.062455873009423,28.0,4.832076168659756e-05,0.0064450073418007734
7.58,62.650880690858955,0.13654519266420584,0.058882039320318214,62.19404048836513,0.13938089430126643,0.13632189460910382,0.99107,0.95683575167404,0.396285269126743,17.775343124088238,30.0,2.686940274900079e-05,0.00946638426473753
7.59,62.650880690858955,0.13654519266420584,0.058882039320318214,62.02347818323405,0.10704106282710679,0.2009869779234119,1.258228,1.21476538908182,0.554627507332884,21.41843701005305,32.0,1.4149821768942625e-05,0.0011905927160029471
7.60,62.650880690858955,0.13654519266420584,0.058882039320318214,61.68871986942695,0.1668234227281129,-0.006548671054829036,1.615875,1.56005829077289,0.825226605499617,27.201413955136637,39.0,9.868969592462861e-08,0.0007771816111411667
7.61,56.14781730835661,-31.032727213909705,0.3631351818572437,56.2775260131273,-31.64365032262184,0.49914644497890404,0.297321,0.287050725502212,0.298123626333969,33.57555778422925,49.0,0.0,0.0
7.62,56.14781730835661,-31.032727213909705,0.3631351818572437,56.30739276281291,-32.33876215503179,0.7445140488780089,0.417973,0.403535077879921,0.618327260660294,42.359591919379724,68.0,1.234235493775649e-07,0.0001025659525763283
7.63,56.14781730835661,-31.032727213909705,0.3631351818572437,56.2775260131273,-33.137812148302636,0.6288513149159014,0.486917,0.470097564952898,0.898053665471236,41.42132140122293,70.0,8.144446528330284e-08,0.0001796438783803025
7.64,56.14781730835661,-31.032727213909705,0.3631351818572437,56.13782038190075,-33.58777659649975,0.6851536752002563,0.590333,0.569941295562363,1.07486749213952,34.46213679815209,68.0,0.0,0.0
7.65,56.14781730835661,-31.032727213909705,0.3631351818572437,56.15781146519707,-34.1114613019734,0.8296250445898545,0.745457,0.719706891476561,1.29815948355518,23.12326456760778,65.0,3.779106192554462e-07,0.00027169692063703425
7.66,56.14781730835661,-31.032727213909705,0.3631351818572437,56.09780494149918,-30.645353511109086,0.26167792982436655,0.323175,0.312011658154578,0.184494554920034,26.741868989661292,41.0,0.0,0.0
7.67,56.14781730835661,-31.032727213909705,0.3631351818572437,56.247634559754175,-29.8036933518,0.16760872297461038,0.370574,0.35777336801725,0.553292815170935,37.67175542282993,59.0,5.052249102296852e-08,0.0001511667830483957
7.68,56.14781730835661,-31.032727213909705,0.3631351818572437,56.1777914776996,-29.437708477469126,0.17596793827143742,0.448136,0.432656165974349,0.702123826020634,39.02316571709473,62.0,5.941694316040344e-09,1.768807310660948e-06
7.69,56.14781730835661,-31.032727213909705,0.3631351818572437,56.13782038190075,-28.591265525705232,0.059338656355967245,0.616187,0.594902228214729,1.08709909982432,33.32932363347561,65.0,0.0,0.0
7.70,56.14781730835661,-31.032727213909705,0.3631351818572437,56.05774503329822,-28.008155835378577,-0.1990800303106166,0.792856,0.765468601339232,1.38917987452388,20.303280355369747,58.0,6.293767428371803e-07,0.0001935522217584988
7.71,56.14781730835661,-31.032727213909705,0.3631351818572437,56.30739276281291,-31.149644295010827,0.7046599046323765,0.374883,0.361933523459311,0.277781858764294,27.492939353385538,38.0,0.0,0.0
7.72,56.14781730835661,-31.032727213909705,0.3631351818572437,56.287484338689126,-30.986912187250915,0.9559475494941516,0.435209,0.420175699648165,0.421285275139336,31.020859670922686,45.0,0.0,0.0
7.73,56.14781730835661,-31.032727213909705,0.3631351818572437,56.14781730835661,-30.958289056418785,1.151289588583504,0.555861,0.536660052025875,0.533088214710166,32.93623107326002,52.0,0.0,0.0
7.74,56.14781730835661,-31.032727213909705,0.3631351818572437,56.1278206839099,-30.92704735803403,1.599207109196299,0.745457,0.719706891476561,0.83499312816582,37.63042208952189,60.0,0.0,0.0
7.75,56.14781730835661,-31.032727213909705,0.3631351818572437,56.13782038190075,-30.92287707246588,1.719628631874759,0.827328,0.79874984487572,0.915646003239675,37.05741852347188,59.0,0.0,0.0
7.76,56.14781730835661,-31.032727213909705,0.3631351818572437,56.077780553594806,-31.211487653784953,0.2437909000341687,0.327484,0.316171813596639,0.128957454457784,18.64218755340244,31.0,0.0,0.0
7.77,56.14781730835661,-31.032727213909705,0.3631351818572437,56.31734286514889,-31.24136676924305,-0.1186853211438077,0.448136,0.432656165974349,0.372842980918659,25.238914951124546,39.0,0.0,0.0
7.78,56.14781730835661,-31.032727213909705,0.3631351818572437,56.1777914776996,-31.28807111633852,-0.32614783671853775,0.51708,0.499218653047325,0.479490038901838,27.0496756229109,43.0,0.0,0.0
7.79,56.14781730835661,-31.032727213909705,0.3631351818572437,56.2974399212883,-31.35543496743748,-0.6566337296213032,0.685131,0.661464715287706,0.716536824488689,31.76473532680456,52.0,0.0,0.0
7.80,56.14781730835661,-31.032727213909705,0.3631351818572437,56.15781146519707,-31.480469159219147,-0.7963875450994751,0.810092,0.782109223107476,0.805905259205209,32.360916697562125,53.0,0.0,0.0
7.81,56.14781730835661,-31.032727213909705,0.3631351818572437,56.59484121226073,-31.44851096701928,0.6864708410485143,0.551552,0.532499896583814,0.499051159358967,24.908769376776515,41.0,0.0,0.0
7.82,56.14781730835661,-31.032727213909705,0.3631351818572437,56.6047126892946,-31.228931551090746,0.7513542478102098,0.530007,0.511699119373508,0.504206356941667,23.87740618296913,40.0,0.0,0.0
7.83,56.14781730835661,-31.032727213909705,0.3631351818572437,57.45345407206452,-31.626112340253865,0.5707483352316522,1.159121,1.11908181391442,1.23644477775958,31.603705963163186,53.0,0.0,0.0
7.84,56.14781730835661,-31.032727213909705,0.3631351818572437,55.836615118549915,-30.87025056789289,0.6341729220770587,0.426591,0.411855388764043,0.350715954664555,18.891411259598115,31.0,0.0,0.0
7.85,56.14781730835661,-31.032727213909705,0.3631351818572437,55.76596934302245,-30.75758499154313,0.39317526153956894,0.452445,0.43681632141641,0.375847850785036,18.559077068439954,31.0,0.0,0.0
7.86,56.14781730835661,-31.032727213909705,0.3631351818572437,55.05173118091976,-30.46836909938583,0.5297183732212662,0.999688,0.965156062558162,1.0629433932313,31.786079394086144,48.0,0.0,0.0
7.87,56.14781730835661,-31.032727213909705,0.3631351818572437,54.793133278090764,-30.62125089280493,0.3359837400230159,1.16343,1.12324196935648,1.28594422450559,28.10107941373126,48.0,0.0,0.0
7.88,56.14781730835661,-31.032727213909705,0.3631351818572437,54.385907130828855,-30.018909903228252,0.7162106382238242,1.59433,1.53925751356259,1.7357897043328,18.944578055985758,37.0,6.2907005945735384e-18,8.750499588178832e-10
7.89,44.57517149224873,36.95897623838063,23.023442749720434,44.56098859042097,37.53337300960663,23.417166646883924,0.245613,0.23712886019748,0.235301126551208,30.345971653606963,51.0,0.0,0.0
7.90,44.57517149224873,36.95897623838063,23.023442749720434,44.56098859042097,37.9022620045808,24.026373449697637,0.486917,0.470097564952898,0.501029048069449,39.20781079593952,60.0,0.0,0.0
7.91,44.57517149224873,36.95897623838063,23.023442749720434,44.56098859042097,38.573629232545095,24.55590075641114,0.81871,0.790429533991598,0.780254950052494,38.39054275916363,68.0,0.0,0.0
7.92,44.57517149224873,36.95897623838063,23.023442749720434,44.58934775569448,39.080708778986896,25.054252197224102,0.982452,0.948515440789918,1.02575885376779,27.55931155736559,72.0,0.0,0.0
7.93,44.57517149224873,36.95897623838063,23.023442749720434,44.57517149224873,39.728474247960776,25.63231821607862,1.146194,1.10660134758824,1.31466287228764,15.280933222357326,65.0,0.0,0.0
7.94,44.57517149224873,36.95897623838063,23.023442749720434,44.475751336901624,36.45871619301294,22.474479602908517,0.379192,0.366093678901372,0.292792033719823,30.685804083079184,48.0,0.0,0.0
7.95,44.57517149224873,36.95897623838063,23.023442749720434,44.44728545774344,35.97514867395096,22.07342668603668,0.530007,0.511699119373508,0.509793530207883,37.938397003148054,57.0,0.0,0.0
7.96,44.57517149224873,36.95897623838063,23.023442749720434,44.57517149224873,35.39954406472911,21.687965513027297,0.672204,0.648984248961523,0.727760885766177,39.117298148331756,65.0,0.0,0.0
7.97,44.57517149224873,36.95897623838063,23.023442749720434,44.4615217478265,34.784355536444046,21.295253235925372,0.956598,0.923554508137552,0.983420283320989,30.296965357779843,68.0,0.0,0.0
7.98,44.57517149224873,36.95897623838063,23.023442749720434,44.660129768369416,34.01807355502928,20.740462048274278,1.12034,1.08164041493587,1.31828180237278,15.725012677680326,66.0,0.0,0.0
7.99,44.57517149224873,36.95897623838063,23.023442749720434,44.361726552930975,37.41562592921899,22.66043657728687,0.340411,0.328652279922823,0.41882421072117,32.41371443051825,51.0,0.0,0.0
7.100,44.57517149224873,36.95897623838063,23.023442749720434,44.404536302425136,37.8041498968496,22.449302934685033,0.590333,0.569941295562363,0.648332387551354,38.48373777074895,55.0,0.0,0.0
7.101,44.57517149224873,36.95897623838063,23.023442749720434,44.518399976803536,38.07473686942225,22.140307176309605,0.642041,0.619863160867096,0.892619371792106,37.817141456532916,62.0,0.0,0.0
7.102,44.57517149224873,36.95897623838063,23.023442749720434,44.518399976803536,38.5199617316504,21.88088040056766,0.870418,0.840351399296331,1.19499950376923,28.92155137958172,66.0,0.0,0.0
7.103,44.57517149224873,36.95897623838063,23.023442749720434,44.60351738852064,38.781692490523824,21.74678819275404,1.029851,0.99427715065259,1.36167413851559,22.80142367592483,61.0,0.0,0.0
7.104,44.57517149224873,36.95897623838063,23.023442749720434,44.475751336901624,36.68757008632567,23.188939720277546,0.236995,0.228808549313357,0.215672263641035,22.410285083063624,39.0,0.0,0.0
7.105,44.57517149224873,36.95897623838063,23.023442749720434,44.489974232848624,36.194722897087026,23.538594921370194,0.525698,0.507538963931447,0.580202519614188,34.0086028358126,49.0,0.0,0.0
7.106,44.57517149224873,36.95897623838063,23.023442749720434,44.34744313390436,36.023719100414354,23.780146398492864,0.667895,0.644824093519462,0.798638557944307,36.56982731731596,55.0,0.0,0.0
7.107,44.57517149224873,36.95897623838063,23.023442749720434,44.518399976803536,35.47267186081682,24.026509610135015,0.797165,0.769628756781293,1.12685824275951,30.263643711534332,60.0,0.0,0.0
7.108,44.57517149224873,36.95897623838063,23.023442749720434,44.489974232848624,35.282322835386736,24.28942694840972,0.952289,0.919394352695491,1.34347720076863,23.423951871691028,57.0,0.0,0.0
7.109,44.57517149224873,36.95897623838063,23.023442749720434,44.82933602774889,37.201465820408956,23.049247291811515,0.366265,0.353613212575189,0.26045502093204,21.344125980529913,35.0,0.0,0.0
7.110,44.57517149224873,36.95897623838063,23.023442749720434,45.06744545788468,37.23859941259777,23.19484369018282,0.60326,0.582421761888546,0.477933852059694,27.384265317453934,41.0,0.0,0.0
7.111,44.57517149224873,36.95897623838063,23.023442749720434,45.455625795399975,37.534170935574984,23.294607914993804,0.913508,0.881952953716941,0.8621086350459,32.681986150526946,51.0,0.0,0.0
7.112,44.57517149224873,36.95897623838063,23.023442749720434,45.67525911468617,37.772985385557675,23.457170351200073,1.029851,0.99427715065259,1.08944222284532,29.1572055460967,55.0,0.0,0.0
7.113,44.57517149224873,36.95897623838063,23.023442749720434,45.90691825034913,37.77152031503201,23.52961375158339,1.219447,1.17732399010328,1.30608321910391,24.4513371450517,54.0,0.0,0.0
7.114,44.57517149224873,36.95897623838063,23.023442749720434,44.29024173172684,36.64180871495354,22.806750108029327,0.318866,0.307851502712517,0.297709503441902,19.905235922922774,32.0,0.0,0.0
7.115,44.57517149224873,36.95897623838063,23.023442749720434,44.11798295939927,36.44255571564281,22.850197036696862,0.538625,0.520019430257631,0.47251826536472,23.92360081278852,35.0,0.0,0.0
7.116,44.57517149224873,36.95897623838063,23.023442749720434,43.69756372940281,36.53792507620707,22.597239207905815,0.827328,0.79874984487572,0.848819357595633,29.525851816627366,46.0,0.0,0.0
7.117,44.57517149224873,36.95897623838063,23.023442749720434,43.43360642568766,36.173492413329456,22.566770196731134,1.03416,0.99843730609465,1.10901620179134,27.044513811221364,50.0,0.0,0.0
7.118,44.57517149224873,36.95897623838063,23.023442749720434,43.10777397801501,35.995247030617236,22.45824415660518,1.197902,1.15652321289297,1.41769205273371,21.573943062019048,46.0,0.0,0.0
7.119,35.53763914484171,5.136072695516108,-31.22238489725977,35.53763914484171,5.389201374050023,-31.666006519754795,0.249922,0.241289015639541,0.12432421690719,46.43368260121021,77.0,0.0,0.0
7.120,35.53763914484171,5.136072695516108,-31.22238489725977,35.57678662601249,5.757573776083436,-32.215479021282846,0.331793,0.3203319690387,0.281860416688556,54.021761894498766,77.0,0.0,0.0
7.121,35.53763914484171,5.136072695516108,-31.22238489725977,35.557220316613616,5.975550015714787,-32.49381005907558,0.361956,0.349453057133128,0.364229168270083,55.7126626427604,77.0,0.0,0.0
7.122,35.53763914484171,5.136072695516108,-31.22238489725977,35.4591652676214,6.197173422540309,-33.09189625783191,0.51708,0.499218653047325,0.516749156994431,53.921463213080315,79.0,0.0,0.0
7.123,35.53763914484171,5.136072695516108,-31.22238489725977,35.61587477028495,6.631998219531255,-33.791556968449996,0.586024,0.565781140120302,0.701234130888093,39.17115341260291,77.0,0.0,0.0
7.124,35.53763914484171,5.136072695516108,-31.22238489725977,35.57678662601249,4.713825235012292,-30.61248442261443,0.271467,0.262089792849846,0.189278945125528,47.29075640595669,72.0,0.0,0.0
7.125,35.53763914484171,5.136072695516108,-31.22238489725977,35.419838416026515,4.626252762598815,-30.080879584824196,0.379192,0.366093678901372,0.355572434146113,55.79953543456444,72.0,0.0,0.0
7.126,35.53763914484171,5.136072695516108,-31.22238489725977,35.57678662601249,4.464714401447301,-29.692206862445435,0.413664,0.39937492243786,0.464631698696503,57.69523667047998,74.0,0.0,0.0
7.127,35.53763914484171,5.136072695516108,-31.22238489725977,35.51804308244129,4.116769641865137,-29.376575241018386,0.469681,0.453456943184654,0.538647919897658,54.596033467985606,74.0,0.0,0.0
7.128,35.53763914484171,5.136072695516108,-31.22238489725977,35.51804308244129,3.8108453504914763,-28.866597734178868,0.611878,0.590742072772668,0.695421918687511,45.46803461398929,74.0,0.0,0.0
7.129,35.53763914484171,5.136072695516108,-31.22238489725977,35.47880617230244,5.44876270984973,-31.418462301950346,0.206832,0.19968746121893,0.175190100891137,41.62487892768189,67.0,0.0,0.0
7.130,35.53763914484171,5.136072695516108,-31.22238489725977,35.49843210107085,5.589296339391009,-31.369396357973066,0.293012,0.282890570060151,0.295320252165377,47.58034352594799,67.0,0.0,0.0
7.131,35.53763914484171,5.136072695516108,-31.22238489725977,35.49843210107085,5.796845077769425,-31.29423979613155,0.47399,0.457617098626715,0.48787261775694,55.33705805219681,70.0,0.0,0.0
7.132,35.53763914484171,5.136072695516108,-31.22238489725977,35.49843210107085,5.971984723945472,-31.32466800680669,0.461063,0.445136632300532,0.611194652474096,56.36936440525465,70.0,0.0,0.0
7.133,35.53763914484171,5.136072695516108,-31.22238489725977,35.4591652676214,6.2117080274718965,-31.317117608377075,0.676513,0.653144404403584,0.803213129942368,52.07057865655729,69.0,0.0,0.0
7.134,35.53763914484171,5.136072695516108,-31.22238489725977,35.49843210107085,5.028283215559898,-31.252502818445983,0.271467,0.262089792849846,0.103484024444721,33.42836523375509,60.0,0.0,0.0
7.135,35.53763914484171,5.136072695516108,-31.22238489725977,35.63539666124247,4.759132209290417,-31.12979434713058,0.323175,0.312011658154578,0.270184826397265,41.763805718839734,62.0,0.0,0.0
7.136,35.53763914484171,5.136072695516108,-31.22238489725977,35.49843210107085,4.607599744157836,-31.10801592163761,0.405046,0.391054611553738,0.369412325973914,45.90352813701952,62.0,0.0,0.0
7.137,35.53763914484171,5.136072695516108,-31.22238489725977,35.51804308244129,4.295115566865126,-31.150499441435386,0.512771,0.495058497605264,0.632047916068657,52.25334424081858,65.0,0.0,0.0
7.138,35.53763914484171,5.136072695516108,-31.22238489725977,35.57678662601249,4.1946606852100725,-31.076481060771734,0.56017,0.540820207467936,0.681384939850361,51.12709379543589,64.0,0.0,0.0
7.139,35.53763914484171,5.136072695516108,-31.22238489725977,35.713337000914514,5.258877121441769,-31.34049062523,0.25854,0.249609326523663,0.155962280424723,31.930692975009787,57.0,0.0,0.0
7.140,35.53763914484171,5.136072695516108,-31.22238489725977,35.92647043496338,4.011849162658204,-30.74031944404625,0.435209,0.420175699648165,0.766489345569873,48.160109127092866,62.0,0.0,0.0
7.141,35.53763914484171,5.136072695516108,-31.22238489725977,35.94575961594815,5.321208705917652,-31.672714250617005,0.452445,0.43681632141641,0.365415668199868,41.03615660937725,57.0,0.0,0.0
7.142,35.53763914484171,5.136072695516108,-31.22238489725977,36.385512767554296,5.25762129876009,-31.828850579771373,0.814401,0.786269378549537,0.745839574131634,46.7748658069937,60.0,0.0,0.0
7.143,35.53763914484171,5.136072695516108,-31.22238489725977,36.59324408308341,5.3495512269459695,-31.940680692660305,0.90489,0.873632642832819,0.914823636683412,40.77220047671494,59.0,0.0,0.0
7.144,35.53763914484171,5.136072695516108,-31.22238489725977,35.321257195674356,5.115576660461696,-31.15657846473724,0.25854,0.249609326523663,0.180396434089877,29.9093289496935,52.0,0.0,0.0
7.145,35.53763914484171,5.136072695516108,-31.22238489725977,35.00322419703488,5.1527974061138515,-30.949554405810563,0.551552,0.532499896583814,0.467202865854137,41.60258797148014,55.0,0.0,0.0
7.146,35.53763914484171,5.136072695516108,-31.22238489725977,34.82257371938761,5.1345464949746065,-30.839932869635113,0.702367,0.67810533705595,0.622290049813181,44.03579602988366,56.0,0.0,0.0
7.147,35.53763914484171,5.136072695516108,-31.22238489725977,34.57969032915931,5.144741481081877,-30.717818733242165,0.870418,0.840351399296331,0.833595987199042,40.95973458420336,55.0,0.0,0.0
7.148,35.53763914484171,5.136072695516108,-31.22238489725977,34.31390693780456,5.050787907316195,-30.634241814515594,0.986761,0.952675596231979,1.03733865501403,33.14562207383567,55.0,0.0,0.0
7.149,86.75597523399955,-7.0805049942097575,47.01950767756114,86.7658295591843,-6.87995126180313,45.061121121607314,0.805783,0.777949067665415,0.638467084531517,23.40739119007417,32.0,0.006248159731233882,0.14399766231120784
7.150,86.75597523399955,-7.0805049942097575,47.01950767756114,86.67213705226933,-6.5194715769039675,46.06247477283212,0.676513,0.653144404403584,0.436177153789472,18.128436613109486,26.0,0.0031515426558306305,0.10329100565905808
7.151,86.75597523399955,-7.0805049942097575,47.01950767756114,86.68200747504233,-7.280176520205628,46.031143001653476,0.710985,0.686425647940072,0.385588115662238,16.148522000122732,25.0,0.0015277229603171104,0.06356591699117937
7.152,86.75597523399955,-7.0805049942097575,47.01950767756114,87.06548305268728,-6.971648341004888,46.35789624084199,0.719603,0.694745958824194,0.293208220537095,12.981274358046864,23.0,0.00039188623212956414,0.030290482943955737
7.153,86.75597523399955,-7.0805049942097575,47.01950767756114,86.86918606662296,-6.886747013593375,46.25938773417913,0.667895,0.644824093519462,0.265804970452384,11.385531084620137,22.0,0.000345337485251077,0.03127922610055754
7.154,62.625639713294134,0.12035648948244271,0.4761696236759594,62.49919105553391,0.2239241642348344,-0.3327905081242033,1.012615,0.977636528884345,0.824141300397129,26.359263427233707,38.0,0.004088075092530658,0.13241023604217889
7.155,62.625639713294134,0.12035648948244271,0.4761696236759594,62.516074417933325,0.5580197636810835,0.015984371805322084,0.952289,0.919394352695491,0.798215940290401,24.75402480426898,36.0,0.0056895216180893144,0.18206679421112715
7.156,62.625639713294134,0.12035648948244271,0.4761696236759594,62.67610547792866,-0.036251993354052825,0.15164899210986515,0.771311,0.744667824128927,0.398137442923225,13.280046270154568,25.0,0.0007499433868860394,0.027849317484347946
7.157,62.625639713294134,0.12035648948244271,0.4761696236759594,62.89404594163646,0.2394967895999467,-0.020397616806855368,0.844564,0.815390466643965,0.571654842070686,16.937952988499877,27.0,0.0020570070588653614,0.11459852009450701
7.158,62.625639713294134,0.12035648948244271,0.4761696236759594,63.28498750291695,0.10661094074038147,0.16477156366714318,0.598951,0.578261606446485,0.636398914792151,17.71820570647303,29.0,0.01657264742449772,0.3376279648749177
7.159,56.2775260131273,-31.643415768277173,0.49913346781380596,56.09780494149918,-30.645119292013078,0.2616647959834406,0.361956,0.349453057133128,0.480975908758593,19.863863329983033,33.0,2.563553089002229e-14,2.6213024907239697e-09
7.160,56.2775260131273,-31.643415768277173,0.49913346781380596,56.30739276281291,-31.149410240297826,0.7046470403817118,0.310248,0.299531191828395,0.253888053528939,13.262638353914838,21.0,0.0,0.0
7.161,56.2775260131273,-31.643415768277173,0.49913346781380596,56.077780553594806,-31.21125329326163,0.24377777830413283,0.349029,0.336972590806945,0.310720001273478,13.702797221499969,24.0,0.0,0.0
7.162,44.56098859042097,37.53320552085226,23.417183948554566,44.475751336901624,36.45854859204412,22.47449734817445,0.611878,0.590742072772668,0.507704961658442,22.90765111873809,33.0,0.0,0.0
7.163,44.56098859042097,37.53320552085226,23.417183948554566,44.361726552930975,37.4154582583397,22.660454237915538,0.370574,0.35777336801725,0.457652180304936,19.990097754653945,30.0,0.0,0.0
7.164,44.56098859042097,37.53320552085226,23.417183948554566,44.475751336901624,36.687403116426154,23.18895704965158,0.405046,0.391054611553738,0.339004365236093,16.091060276890442,27.0,0.0,0.0
7.165,44.56098859042097,37.53320552085226,23.417183948554566,44.82933602774889,37.20129739375177,23.049264915723487,0.327484,0.316171813596639,0.31251708202167,14.460187028681029,26.0,0.0,0.0
7.166,44.56098859042097,37.53320552085226,23.417183948554566,44.29024173172684,36.641641881767995,22.806767579449794,0.564479,0.544980362909997,0.445237031348623,17.245922627018313,27.0,0.0,0.0
7.167,35.53763914484171,5.389317492980577,-31.665985979461265,35.57678662601249,4.7139401146440445,-30.612463808610592,0.34472,0.332812435364884,0.307763519221066,33.07845650588714,48.0,0.0,0.0
7.168,35.53763914484171,5.389317492980577,-31.665985979461265,35.47880617230244,5.44887830606891,-31.418441762159453,0.284394,0.274570259176029,0.177449618254526,25.1829825197097,46.0,0.0,0.0
7.169,35.53763914484171,5.389317492980577,-31.665985979461265,35.49843210107085,5.028398836409432,-31.25248227961981,0.314557,0.303691347270456,0.15708454948348,23.847527647459113,45.0,0.0,0.0
7.170,35.53763914484171,5.389317492980577,-31.665985979461265,35.713337000914514,5.258993019988195,-31.340469984457908,0.271467,0.262089792849846,0.176750887991696,23.51005502700546,44.0,0.0,0.0
7.171,35.53763914484171,5.389317492980577,-31.665985979461265,35.321257195674356,5.115691835014618,-31.156557991453926,0.331793,0.3203319690387,0.229231886755082,25.03970011734113,43.0,0.0,0.0
7.172,86.81015065275807,-7.015765527611462,48.1434476614611,86.88393433722888,-6.706715429069421,43.37270490391602,1.719291,1.65990202138236,1.56989910488383,12.435013948987155,39.0,0.002365510569901934,0.09232631286620817
7.173,86.81015065275807,-7.015765527611462,48.1434476614611,86.82491586201648,-6.18100470046945,45.90764175083493,0.99107,0.95683575167404,0.819733487314654,17.118741433318355,32.0,0.006359787690952488,0.1343719256584202
7.174,86.81015065275807,-7.015765527611462,48.1434476614611,86.73133114843384,-7.716527952812024,46.05722857529315,1.271155,1.22724585540801,0.919217629156278,16.049257012954005,32.0,0.002871343095813561,0.1048046884964199
7.175,86.81015065275807,-7.015765527611462,48.1434476614611,87.6499326488179,-6.998712721472566,46.240361130638206,1.516768,1.46437471560549,0.825444916404479,15.043227849411895,30.0,0.0002165616206316435,0.012515688035019519
7.176,86.81015065275807,-7.015765527611462,48.1434476614611,86.310560127,-6.860084007689782,45.83702009748614,1.016924,0.981796684326406,0.811818034561871,14.82959194732601,28.0,0.005151552479319086,0.10651186014289425
7.177,62.625639713294134,-0.23944473055187432,1.0386475053027588,62.659290750877176,0.18301176067281322,-0.4636579538232155,1.439206,1.38949191764839,1.60861596279644,28.748522842368317,40.0,0.016695297825074017,0.49442596427109536
7.178,62.625639713294134,-0.23944473055187432,1.0386475053027588,62.768458263626584,0.772576138392489,0.014121422550505969,1.370262,1.32292943057541,1.81597356395443,23.53881506543632,38.0,0.02695619768556692,0.6123938899741398
7.179,62.625639713294134,-0.23944473055187432,1.0386475053027588,62.67610547792866,-0.3923301037287996,0.10245871566407772,1.404734,1.3562106741119,0.943203581642223,23.542246093057365,33.0,0.00011735906998125591,0.03987269994455218
7.180,62.625639713294134,-0.23944473055187432,1.0386475053027588,63.16063819673245,0.14096554483211676,0.13791775857820987,1.219447,1.17732399010328,1.13794718784574,25.057033833578355,37.0,0.005232796483897765,0.30632161814973213
7.181,62.625639713294134,-0.23944473055187432,1.0386475053027588,62.262057519931304,0.1679176953379713,-0.00668523349156569,1.150503,1.1107615030303,1.22900954633046,24.985217785973305,37.0,0.014782748078659381,0.5159778628897732
7.182,56.30739276281291,-32.338751143652644,0.7444675550189128,56.247634559754175,-29.803681247709545,0.1675618671290291,0.573097,0.553300673794119,1.14151638579163,31.683545984292557,42.0,0.0,0.0
7.183,56.30739276281291,-32.338751143652644,0.7444675550189128,56.287484338689126,-30.98690064618692,0.9559009308409694,0.461063,0.445136632300532,0.588606993228462,17.964854680862917,36.0,0.0,0.0
7.184,56.30739276281291,-32.338751143652644,0.7444675550189128,56.31734286514889,-31.241355207934475,-0.1187320892791277,0.499844,0.482578031279081,0.736086780008997,19.92594889778886,38.0,0.0,0.0
7.185,56.30739276281291,-32.338751143652644,0.7444675550189128,57.45345407206452,-31.626100627718202,0.5707009240334182,1.12034,1.08164041493587,1.10125387835512,24.130305719624644,39.0,0.0,0.0
7.186,56.30739276281291,-32.338751143652644,0.7444675550189128,55.76596934302245,-30.757573471538848,0.39312889730163114,0.706676,0.682265492498011,0.864152761195807,22.92587284531142,38.0,0.0,0.0
7.187,56.30739276281291,-32.338751143652644,0.7444675550189128,54.793133278090764,-30.621239639784303,0.3359380316738436,1.396116,1.34789036322778,1.61677673563292,20.808328973868274,37.0,0.0,0.0
7.188,44.56098859042097,37.901998034951035,24.026156614974514,44.44728545774344,35.9748809105665,22.07321940794642,0.90489,0.873632642832819,1.00102302341556,24.85358179011518,42.0,0.0,0.0
7.189,44.56098859042097,37.901998034951035,24.026156614974514,44.404536302425136,37.8038840525991,22.449092485847245,0.64635,0.624023316309157,0.91078367365473,20.367079999065822,38.0,0.0,0.0
7.190,44.56098859042097,37.901998034951035,24.026156614974514,44.489974232848624,36.19445755701717,23.538381886476913,0.685131,0.661464715287706,0.667718774554268,17.78367984046924,30.0,0.0,0.0
7.191,35.57678662601249,5.757493504298966,-32.21535195242685,35.419838416026515,4.626176704201901,-30.080756741799732,0.629114,0.607382694540912,0.621114722425106,38.92715014276204,48.0,0.0,0.0
7.192,35.57678662601249,5.757493504298966,-32.21535195242685,35.49843210107085,5.589217336923802,-31.369270908336766,0.417973,0.403535077879921,0.346809445930211,26.636347764400067,42.0,0.0,0.0
7.193,35.57678662601249,5.757493504298966,-32.21535195242685,35.63539666124247,4.7590546535365155,-31.129669413997206,0.396428,0.382734300669616,0.429866988782282,30.21581860611232,44.0,0.0,0.0
7.194,86.72147020278406,-6.952600082149929,49.03401581095122,86.81015065275807,-6.544714203617408,42.356096148707145,2.150191,2.07591756558846,2.20019935314942,3.4505334268173207,24.0,8.748906195000455e-11,1.4949326139408322e-06
7.195,86.72147020278406,-6.952600082149929,49.03401581095122,86.81999459677196,-5.846014174645475,46.06013302990502,1.228065,1.1856443009874,1.08824679430831,9.526306014194622,32.0,0.01988938299467962,0.2629892797669969
7.196,86.72147020278406,-6.952600082149929,49.03401581095122,86.71653901991426,-8.005166025074006,46.03442308794783,1.76669,1.70566373124503,1.33470393925475,9.954877346255206,31.0,0.005650434954342147,0.09816747718683581
7.197,86.72147020278406,-6.952600082149929,49.03401581095122,87.91079767346552,-6.9130888310366405,46.25464083798387,2.227753,2.15080036354556,1.18312839848625,7.880162698908833,32.0,0.0010727510970096844,0.03904107288767298
7.198,86.72147020278406,-6.952600082149929,49.03401581095122,85.98644320658008,-6.827708049455983,45.86242408965355,1.486605,1.43525362751106,1.12956833732335,7.444234485186243,31.0,0.00547601351984546,0.08957460923512481
7.199,62.64246883189739,0.15331603614493483,1.1799271839062042,62.776843239021375,0.1651024912898147,-0.856432257385209,2.094174,2.02183554484167,1.99843040513978,19.011876743993156,31.0,0.0,0.0
7.200,62.64246883189739,0.15331603614493483,1.1799271839062042,62.549819377247616,0.9092104548252267,-0.05238589926344073,1.538313,1.48517549281579,1.65281691263875,22.495172253482956,33.0,0.013678369448913054,0.3218626693620197
7.201,62.64246883189739,0.15331603614493483,1.1799271839062042,62.793607836939486,-0.6012861263096081,0.18266227867760332,1.844252,1.78054652920213,1.48523760259898,22.963842507619088,34.0,0.000990573262353268,0.02450477483973069
7.202,62.64246883189739,0.15331603614493483,1.1799271839062042,63.26843012799614,0.12835782372727644,-0.13785898843652333,1.7236,1.66406217682442,1.39434212062045,22.49521107853423,35.0,0.003424915880418097,0.09082341156595834
7.203,62.64246883189739,0.15331603614493483,1.1799271839062042,62.19404048836513,0.13933860462395087,0.1362646673024548,1.473678,1.42277316118488,1.08457075131742,19.97411998633445,31.0,0.0014712665018662022,0.11459760237508454
7.204,56.2775260131273,-33.137940113306726,0.6287774271269919,56.1777914776996,-29.437833451278873,0.1758934926628708,0.853182,0.823710777528087,1.59307803468244,19.466535263080672,36.0,7.929620034866762e-07,6.0662395240421917e-05
7.205,56.2775260131273,-33.137940113306726,0.6287774271269919,56.14781730835661,-30.95841423106027,1.1512153285489157,0.702367,0.67810533705595,0.988259731920381,19.942744045928514,35.0,0.0,0.0
7.206,56.2775260131273,-33.137940113306726,0.6287774271269919,56.1777914776996,-31.288198374382127,-0.32622184136863464,0.594642,0.574101451004424,1.00066960550991,19.07069764007244,34.0,0.0,0.0
7.207,44.56098859042097,38.573724315756394,24.555576237150024,44.57517149224873,35.39963351280417,21.68765529136163,1.279773,1.23556616629213,1.5059249263214,17.57987191342612,38.0,0.0,0.0
7.208,44.56098859042097,38.573724315756394,24.555576237150024,44.518399976803536,38.07483223795638,22.13999171779446,0.866109,0.83619124385427,1.30113690566034,14.429871104489642,38.0,0.0,0.0
7.209,44.56098859042097,38.573724315756394,24.555576237150024,44.34744313390436,36.02380869130917,23.779829262379405,0.969525,0.936034974463735,1.00400707881983,15.361596491802255,35.0,0.0,0.0
7.210,44.56098859042097,38.573724315756394,24.555576237150024,45.455625795399975,37.53426466326909,23.294286720622015,0.917817,0.886113109159002,1.04627280180266,12.895770940683095,36.0,0.0,0.0
7.211,44.56098859042097,38.573724315756394,24.555576237150024,43.69756372940281,36.53801632030218,22.59692718339512,1.189284,1.14820290200885,1.28355966155084,16.076669090119935,36.0,0.0,0.0
7.212,35.557220316613616,5.975243591066853,-32.493744251908616,35.57678662601249,4.464419822181265,-29.69214582396932,0.706676,0.682265492498011,0.79878127399432,35.69482962684057,45.0,0.0,0.0
7.213,35.557220316613616,5.975243591066853,-32.493744251908616,35.49843210107085,5.796544009220583,-31.294175994499152,0.598951,0.578261606446485,0.523332171399158,28.218295173186373,43.0,0.0,0.0
7.214,35.557220316613616,5.975243591066853,-32.493744251908616,35.49843210107085,4.607299452615926,-31.107952637216062,0.456754,0.440976476858471,0.598372332334283,30.696031447667306,43.0,0.0,0.0
7.215,35.557220316613616,5.975243591066853,-32.493744251908616,35.92647043496338,4.011549018514055,-30.740256747092644,0.439518,0.424335855090227,0.962314014745978,31.494804652482806,43.0,7.575307504630112e-11,7.076348524009495e-06
7.216,35.557220316613616,5.975243591066853,-32.493744251908616,34.82257371938761,5.134249558292392,-30.839870083183918,0.844564,0.815390466643965,0.766336280906084,31.20506020654557,41.0,0.0,0.0
7.217,86.79045710747162,-7.375172782476291,50.369302143230854,86.77075601314962,-6.400660217253495,41.67114883547238,2.632799,2.5418549750993,2.83540705228185,0.5551502837377168,11.0,0.0,0.0
7.218,86.79045710747162,-7.375172782476291,50.369302143230854,86.84459621387502,-5.494896926639347,45.90491334662112,1.908887,1.84294886083304,1.69609806882415,5.372424418930964,24.0,0.012490481301788835,0.10749615113852506
7.219,86.79045710747162,-7.375172782476291,50.369302143230854,86.67707250086858,-8.363009756822414,46.01067066908764,2.102792,2.03015585572579,1.70465351006871,4.690713295578615,22.0,0.0020512634551440546,0.014776130516411058
7.220,86.79045710747162,-7.375172782476291,50.369302143230854,88.5001508082956,-6.999565974377453,46.934574304835365,2.731906,2.6375385502667,1.53692296325193,2.511674228230385,18.0,1.8015496845421843e-05,0.003013450498884722
7.221,86.79045710747162,-7.375172782476291,50.369302143230854,85.59476319960956,-6.778425303360258,45.48311565586198,2.059702,1.98855430130518,1.73351374900175,3.321014303410836,24.0,0.0009466870871541996,0.011630073707394504
7.222,62.692913020733926,0.018020805553853325,1.2857434604606643,62.692913020733926,0.393907302230434,-1.3157308521847488,2.400113,2.317206581228,2.60233151905256,8.227609618629346,17.0,0.0,0.0
7.223,62.692913020733926,0.018020805553853325,1.2857434604606643,62.7516829552152,1.1257188279558128,-0.015118379532408355,1.930432,1.86374963804335,2.07554707630676,13.427310196918429,24.0,0.0001242262744442719,0.0018320172549592467
7.224,62.692913020733926,0.018020805553853325,1.2857434604606643,62.60038251922951,-0.7736128550041577,0.23568879240907226,2.064011,1.99271445674724,1.5510466537249,18.787286204420347,30.0,2.6869613600663077e-06,0.002241480603067989
7.225,62.692913020733926,0.018020805553853325,1.2857434604606643,63.5160681944692,0.1034883930461361,0.08617069990211057,1.814089,1.7514254411077,1.36270424474039,18.618433729801204,31.0,0.001424168802114239,0.03288826842290472
7.226,62.692913020733926,0.018020805553853325,1.2857434604606643,62.02347818323405,0.10700566224686181,0.20095643499979943,1.710673,1.65158171049823,1.20327736956508,17.4034888534456,28.0,0.0017435641071371557,0.05985514448923159
7.227,56.13782038190075,-33.58755338003938,0.6850252091039621,56.13782038190075,-28.591036933536095,0.059207860898990994,1.193593,1.15236305745091,2.15918551635632,6.00390188041035,24.0,0.0,0.0
7.228,56.13782038190075,-33.58755338003938,0.6850252091039621,56.1278206839099,-30.926823953815685,1.5990785747068914,0.943671,0.911074041811369,1.27847582296959,14.680942296152873,31.0,0.0,0.0
7.229,56.13782038190075,-33.58755338003938,0.6850252091039621,56.2974399212883,-31.3552065664916,-0.6567645550033196,0.758384,0.732187357802744,1.29424678992036,13.068432742460786,31.0,4.18481870917562e-07,0.00017368365168639178
7.230,56.13782038190075,-33.58755338003938,0.6850252091039621,54.793133278090764,-30.621029260777256,0.335856545648916,1.503841,1.4518942492793,1.77836243911673,11.193013630178967,23.0,0.0,0.0
7.231,44.58934775569448,39.08073030870446,25.054230400583457,44.4615217478265,34.78437668109713,21.29523246956968,1.546931,1.49349580369991,1.99873382850983,7.260221660493995,28.0,0.0,0.0
7.232,44.58934775569448,39.08073030870446,25.054230400583457,44.518399976803536,38.51998356159486,21.88085916778334,1.081559,1.04419901595732,1.72219332581613,6.089750787734917,30.0,0.0,0.0
7.233,44.58934775569448,39.08073030870446,25.054230400583457,44.518399976803536,35.47269278352355,24.026488381628653,1.240992,1.19812476731358,1.40644163864245,8.363499182640018,31.0,0.0,0.0
7.234,35.4591652676214,6.196871898959788,-33.09177859791104,35.51804308244129,4.116484880099885,-29.37646627754359,0.840255,0.811230311201904,1.04744883647259,23.75930364483148,41.0,0.0,0.0
7.235,35.4591652676214,6.196871898959788,-33.09177859791104,35.49843210107085,5.9716907164082125,-31.324554315016062,0.698058,0.673945181613889,0.791574552832842,21.228311658250973,39.0,0.0,0.0
7.236,35.4591652676214,6.196871898959788,-33.09177859791104,35.51804308244129,4.294823416767874,-31.150386656798133,0.607569,0.586581917330607,0.820880850795629,24.85123180394675,38.0,0.0,0.0
7.237,86.72640091225273,-7.38263127534966,51.29478361952613,86.73133114843384,-6.011669755149329,40.756525055733746,2.796541,2.69994088189762,3.4372402966013,0.0,0.0,0.0,0.0
7.238,86.72640091225273,-7.38263127534966,51.29478361952613,86.79538120123281,-5.232916710990576,45.990514637594515,2.150191,2.07591756558846,1.97909431502218,1.6671290899997535,7.0,0.0013561300957108356,0.004091069986013454
7.239,86.72640091225273,-7.38263127534966,51.29478361952613,86.66226473133806,-8.655368475077696,45.930892205534946,2.447512,2.36296829109067,2.1103844578141,1.3207967190999725,6.0,0.0,0.0
7.240,86.72640091225273,-7.38263127534966,51.29478361952613,88.85627457640994,-7.0765063655120475,46.83697535626528,3.248986,3.13675720331403,1.9517560181401,0.1470846615817667,1.0,0.0,0.0
7.241,86.72640091225273,-7.38263127534966,51.29478361952613,85.15429599479369,-6.764925607551209,45.60106532887443,2.41304,2.32968704755418,2.06416479777528,0.010774399262359381,4.0,0.0,0.0
7.242,62.692913020733926,-0.025525748824417605,1.8463105034097316,62.667699012913516,0.4194908636205863,-1.5379534700818098,2.805159,2.70826119278174,3.35141565262993,2.6872964627677427,4.0,0.0,0.0
7.243,62.692913020733926,-0.025525748824417605,1.8463105034097316,62.701314100441266,1.437843959815388,-0.17508085917068428,2.313933,2.23400347238678,2.9214174492907,2.671130051133011,10.0,0.0,0.0
7.244,62.692913020733926,-0.025525748824417605,1.8463105034097316,62.57510908259357,-1.0867430578487824,0.31609363421860603,2.503529,2.41705031183747,2.1382138103764,9.250744778208931,19.0,1.2349967135289495e-07,5.410628327845377e-06
7.245,62.692913020733926,-0.025525748824417605,1.8463105034097316,63.78670046345174,0.03263015525073465,0.1003204882227271,2.490602,2.40456984551128,1.91155600918827,10.769557873461899,22.0,1.3508545077375368e-05,0.004302702610295871
7.246,62.692913020733926,-0.025525748824417605,1.8463105034097316,61.68871986942695,0.16670242935062918,-0.00656065911108783,2.227753,2.15080036354556,2.00149536177778,9.78063024365266,18.0,9.688079496899093e-13,1.1307494634330259e-08
7.247,56.15781146519707,-34.1114668264737,0.8295323992704606,56.05774503329822,-28.00815605770879,-0.19917430804949898,1.2927,1.24804663261831,2.68084625062854,0.5541590401389185,4.0,0.0,0.0
7.248,56.15781146519707,-34.1114668264737,0.8295323992704606,56.13782038190075,-30.922879784823053,1.7195354039835742,1.03416,0.99843730609465,1.46240215482953,7.30542836121523,27.0,0.0,0.0
7.249,56.15781146519707,-34.1114668264737,0.8295323992704606,56.15781146519707,-31.480472424425642,-0.7964812366503704,0.969525,0.936034974463735,1.52914652985997,5.8278904834527845,26.0,0.0,0.0
7.250,44.57517149224873,39.72815094261306,25.632041471795464,44.660129768369416,34.01773548704767,20.74021538051737,1.917505,1.85126917171716,2.61919854738246,0.8936567751156127,16.0,0.0,0.0
7.251,44.57517149224873,39.72815094261306,25.632041471795464,44.60351738852064,38.781360410799046,21.746531549356305,1.24961,1.2064450781977,2.05091307129697,2.129171926282621,20.0,0.0,0.0
7.252,44.57517149224873,39.72815094261306,25.632041471795464,44.489974232848624,35.28199454927633,24.289163077699705,1.50815,1.45605440472137,1.71987348233579,3.4596798148972168,24.0,0.0,0.0
7.253,44.57517149224873,39.72815094261306,25.632041471795464,45.90691825034913,37.77118266900642,23.52934789961808,1.301318,1.25636694350244,1.62738437233363,0.9828873911614675,23.0,0.0,0.0
7.254,44.57517149224873,39.72815094261306,25.632041471795464,43.10777397801501,35.99492458945663,22.45799044654274,1.883033,1.81798792818068,2.1563008113789,2.276956372420139,17.0,0.0,0.0
7.255,35.61587477028495,6.631882016022911,-33.79150751635236,35.51804308244129,3.8107379828882793,-28.866552994934402,1.116031,1.07748025949381,1.38426024729082,9.645225221746928,32.0,0.0,0.0
7.256,35.61587477028495,6.631882016022911,-33.79150751635236,35.4591652676214,6.211596145884957,-31.317070490940857,0.943671,0.911074041811369,1.05898014886563,10.231506174008794,35.0,0.0,0.0
7.257,35.61587477028495,6.631882016022911,-33.79150751635236,35.57678662601249,4.194549703548711,-31.076434381273334,0.650659,0.628183471751218,1.00602182164929,14.246065893225204,34.0,0.0,0.0
7.258,35.61587477028495,6.631882016022911,-33.79150751635236,36.59324408308341,5.349437314553257,-31.940632730435535,0.935053,0.902753730927247,0.968466173635409,9.75805153889254,34.0,0.0,0.0
7.259,35.61587477028495,6.631882016022911,-33.79150751635236,34.31390693780456,5.0506788302374925,-30.63419587203604,1.202211,1.16068336833503,1.39077830760555,8.394030737584927,27.0,0.0,0.0
7.260,86.7658295591843,-6.879953493182267,45.0610094225081,86.67213705226933,-6.519473627479677,46.06236228685343,0.762693,0.736347513244805,0.460815734140851,10.887718373030108,15.0,0.002864611829370468,0.06810867390690782
7.261,86.7658295591843,-6.879953493182267,45.0610094225081,86.68200747504233,-7.280178933615322,46.031030759604974,0.667895,0.644824093519462,0.375128802654461,8.722595509749306,13.0,0.002337759722917254,0.0730919355200959
7.262,62.49919105553391,0.22395683649600873,-0.3327535686703076,62.516074417933325,0.5580522525558962,0.01602137243352786,1.090177,1.05251932684144,0.599172468823163,12.104915127153166,17.0,0.0008458116554316196,0.030137128118056262
7.263,62.49919105553391,0.22395683649600873,-0.3327535686703076,62.67610547792866,-0.0362192934338923,0.1516860144102905,0.797165,0.769628756781293,0.636158030716352,11.626772284549618,17.0,0.008490496703684411,0.2049407343597243
7.264,56.09780494149918,-30.645109504672806,0.261565512347528,56.30739276281291,-31.14940084139389,0.7045477009030465,0.38781,0.374413989785494,0.414594341568057,10.95592914669674,16.0,0.0,0.0
7.265,56.09780494149918,-30.645109504672806,0.261565512347528,56.077780553594806,-31.21124403044473,0.24367867057608628,0.288703,0.27873041461809,0.242483274455523,7.604980114667356,11.0,0.0,0.0
7.266,44.475751336901624,36.458564998938456,22.47446457088208,44.361726552930975,37.41547487911956,22.66042129014627,0.499844,0.482578031279081,0.398192121789233,11.964685441140459,18.0,0.0,0.0
7.267,44.475751336901624,36.458564998938456,22.47446457088208,44.475751336901624,36.687419507541065,23.188924018989553,0.366265,0.353613212575189,0.375592779693862,10.578966377093948,17.0,0.0,0.0
7.268,35.57678662601249,4.71352314487572,-30.612431580610743,35.47880617230244,5.448457594152717,-31.41840814956961,0.318866,0.307851502712517,0.332486062854699,19.866373250694313,29.0,0.0,0.0
7.269,35.57678662601249,4.71352314487572,-30.612431580610743,35.49843210107085,5.0279786838318685,-31.25244897966226,0.262849,0.253769481965724,0.195221050531716,14.886746441900549,27.0,0.0,0.0
7.270,86.88393433722888,-6.706715704119626,43.372801627382444,86.82491586201648,-6.181005190850297,45.90774016077197,1.262537,1.21892554452389,1.00435887386333,7.658334067557997,21.0,0.005815106467214891,0.088153432745142
7.271,86.88393433722888,-6.706715704119626,43.372801627382444,86.73133114843384,-7.716527797821337,46.05732661957025,1.361644,1.31460911969129,1.00754296386699,7.080613826663313,20.0,0.005008770820931233,0.09025114633629729
7.272,62.659290750877176,0.18280401052056527,-0.46365008627240467,62.768458263626584,0.7723688852379063,0.014129034614196456,1.516768,1.46437471560549,0.985494186790541,14.224708456772488,21.0,0.00035156795439671607,0.043113449530140575
7.273,62.659290750877176,0.18280401052056527,-0.46365008627240467,62.67610547792866,-0.39253698233226997,0.10246624288974271,1.189284,1.14820290200885,1.01854094477878,13.475148115962547,21.0,0.0035854560253049538,0.13924672381344994
7.274,56.247634559754175,-29.803452341445215,0.16759977532643244,56.287484338689126,-30.98667241717623,0.955939152380636,0.495535,0.47841787583702,0.733481446770748,13.357588020763528,25.0,0.0,0.0
7.275,56.247634559754175,-29.803452341445215,0.16759977532643244,56.31734286514889,-31.241124403181107,-0.11869443578023109,0.521389,0.503378808489386,0.65192357594173,10.751819002290025,23.0,0.0,0.0
7.276,56.247634559754175,-29.803452341445215,0.16759977532643244,55.76596934302245,-30.757345710704488,0.39316655316705695,0.590333,0.569941295562363,0.628145276876227,9.20425585463093,22.0,0.0,0.0
7.277,56.247634559754175,-29.803452341445215,0.16759977532643244,54.793133278090764,-30.621014642742693,0.33597512158682896,1.361644,1.31460911969129,1.41618269944824,15.582382050172756,24.0,0.0,0.0
7.278,44.44728545774344,35.97521859456376,22.0733607846343,44.404536302425136,37.80422077821671,22.449236322113798,0.754075,0.728027202360683,0.729324654113503,14.169459942547103,23.0,0.0,0.0
7.279,44.44728545774344,35.97521859456376,22.0733607846343,44.489974232848624,36.19479233655037,23.538528287168425,0.659277,0.63650378263534,0.817707926487772,13.881828061089221,22.0,0.0,0.0
7.280,44.44728545774344,35.97521859456376,22.0733607846343,45.06744545788468,37.23867021462868,23.19477644893174,0.870418,0.840351399296331,0.837074101389706,13.438971121043142,22.0,0.0,0.0
7.281,44.44728545774344,35.97521859456376,22.0733607846343,44.11798295939927,36.4426252708418,22.850130904226983,0.435209,0.420175699648165,0.497123644535621,8.409684528108507,14.0,0.0,0.0
7.282,35.419838416026515,4.6260257716736755,-30.080792680643654,35.49843210107085,5.589064421667011,-31.36930697603495,0.422282,0.407695233321982,0.426455521057616,20.58254157375175,28.0,0.0,0.0
7.283,35.419838416026515,4.6260257716736755,-30.080792680643654,35.63539666124247,4.758901206278921,-31.129705495691727,0.616187,0.594902228214729,0.493555103974534,21.246733734143344,28.0,0.0,0.0
7.284,35.419838416026515,4.6260257716736755,-30.080792680643654,35.92647043496338,4.011619121577159,-30.74023124314893,0.676513,0.653144404403584,0.898298961204831,21.88189270879142,28.0,0.0,0.0
7.285,35.419838416026515,4.6260257716736755,-30.080792680643654,35.00322419703488,5.152568321789341,-30.94946618402491,0.469681,0.453456943184654,0.428279120915142,17.739312106746365,25.0,0.0,0.0
7.286,86.81015065275807,-102.9697468611715,72.14989069799455,86.81999459677196,-100.94646972344401,76.05126661736792,1.650347,1.59333953430938,1.20291476275609,0.8751373888760402,1.0,0.0,0.0
7.287,86.81015065275807,-102.9697468611715,72.14989069799455,86.71653901991426,-102.80944750749555,75.83734147718046,1.727909,1.66822233226648,0.902476366618315,0.0,0.0,0.0,0.0
7.288,62.776843239021375,0.16499491098698194,-0.856471086060373,62.549819377247616,0.9091041149971724,-0.05242490137724598,1.878724,1.81382777273862,1.36018005319696,13.95106453646369,22.0,0.0007082032529000976,0.010847879637297296
7.289,62.776843239021375,0.16499491098698194,-0.856471086060373,62.793607836939486,-0.6013931171411357,0.18262325854938588,1.46506,1.41445285030076,1.51803760245642,12.607574260211317,19.0,0.033909990258396326,0.4447834458927374
7.290,56.1777914776996,-29.43758171665617,0.17591898491415847,56.14781730835661,-30.9581638536654,1.151241305229167,0.633423,0.611542849982973,0.924608824440535,13.503298246970827,22.0,0.0,0.0
7.291,56.1777914776996,-29.43758171665617,0.17591898491415847,56.1777914776996,-31.287944195538596,-0.32619678248659856,0.624805,0.603222539098851,0.868510337250559,11.391673716013692,21.0,0.0,0.0
7.292,56.1777914776996,-29.43758171665617,0.17591898491415847,57.45345407206452,-31.62598419411805,0.5706989175858768,1.318554,1.27300756527068,1.52749694153157,13.483437758903325,21.0,0.0,0.0
7.293,44.57517149224873,35.399492389150744,21.68787369451971,44.518399976803536,38.07468663998459,22.14021362742622,0.969525,0.936034974463735,1.084991068374,11.679003013662388,23.0,0.0,0.0
7.294,44.57517149224873,35.399492389150744,21.68787369451971,44.34744313390436,36.023668684160235,23.78005170326193,0.805783,0.777949067665415,1.13155870029394,10.50531473104479,22.0,0.0,0.0
7.295,35.57678662601249,4.46427131826796,-29.692175766834307,35.49843210107085,5.79639340882801,-31.294205862691847,0.495535,0.47841787583702,0.591020962312357,19.868183636013512,26.0,0.0,0.0
7.296,35.57678662601249,4.46427131826796,-29.692175766834307,35.49843210107085,4.607148200237776,-31.107982419107906,0.64635,0.624023316309157,0.645211454721766,19.164248954029308,25.0,0.0,0.0
7.297,86.77075601314962,-6.400726582986183,41.67111370987344,86.84459621387502,-5.494962037904894,45.904876427890294,1.827016,1.76390590743388,1.69727563835681,3.594813471048269,18.0,1.660915042582536e-06,0.00043873711114078497
7.298,86.77075601314962,-6.400726582986183,41.67111370987344,86.67707250086858,-8.363075025732304,46.01063401593728,2.120028,2.04679647749403,1.74488242990047,3.135893785244501,16.0,0.0,0.0
7.299,86.77075601314962,-6.400726582986183,41.67111370987344,88.5001508082956,-6.999632206437401,46.93453680812265,2.201899,2.12583943089319,2.07988319211861,1.8320181662823916,11.0,0.0,0.0
7.300,86.77075601314962,-6.400726582986183,41.67111370987344,85.59476319960956,-6.778489731706971,45.48307926090482,2.473366,2.38792922374304,1.49888487553641,1.0277426476644491,14.0,2.1616009049415517e-06,0.0003979112971170047
7.301,62.692913020733926,0.3938135420241684,-1.3157928490763915,62.7516829552152,1.1256263336569816,-0.015180796630831495,2.1545,2.08007772103052,1.6549692195214,10.337582398069264,17.0,0.0,0.0
7.302,62.692913020733926,0.3938135420241684,-1.3157928490763915,62.60038251922951,-0.7737059741246832,0.23562677328083925,1.878724,1.81382777273862,2.27029099052526,6.824720099261049,10.0,0.0009530646236410729,0.009311588990068995
7.303,62.692913020733926,0.3938135420241684,-1.3157928490763915,63.5160681944692,0.10339453922475483,0.08610783573297365,1.956286,1.88871057069571,1.58347930297319,9.622763985263875,15.0,8.465206450582954e-06,8.62536067341351e-05
7.304,62.692913020733926,0.3938135420241684,-1.3157928490763915,62.02347818323405,0.10691365775700179,0.2008947266239014,1.874415,1.80966761729655,1.63434583618122,8.30653784958491,14.0,0.0014834057938345766,0.013469304849756267
7.305,56.13782038190075,-28.591132233851567,0.059237764222475064,56.1278206839099,-30.926917620446524,1.5991077828637845,0.887654,0.856992021064575,1.44473909563376,9.757310507168022,20.0,0.0,0.0
7.306,56.13782038190075,-28.591132233851567,0.059237764222475064,56.2974399212883,-31.355302411140094,-0.6567345617917164,0.956598,0.923554508137552,1.30467713928353,9.656685370210413,20.0,0.0,0.0
7.307,56.13782038190075,-28.591132233851567,0.059237764222475064,54.793133278090764,-30.62112224602004,0.3358855934943561,1.288391,1.24388647717625,1.55875796756294,6.835801069786006,18.0,0.0,0.0
7.308,44.4615217478265,34.783956280290965,21.295021322673925,44.518399976803536,38.51956503140119,21.880641516943243,1.318554,1.27300756527068,1.52184417869081,8.124686701999602,21.0,0.0,0.0
7.309,44.4615217478265,34.783956280290965,21.295021322673925,44.518399976803536,35.47227948885545,24.026264108220186,0.99107,0.95683575167404,1.47669537737264,6.7978846885856665,20.0,0.0,0.0
7.310,44.4615217478265,34.783956280290965,21.295021322673925,45.67525911468617,37.77258352645946,23.456923205439672,1.546931,1.49349580369991,1.71731099977619,7.161473643549405,18.0,0.0,0.0
7.311,44.4615217478265,34.783956280290965,21.295021322673925,43.43360642568766,36.173104981618906,22.56653248119508,1.003997,0.969316218000223,1.17772948206565,4.4542553457849206,18.0,0.0,0.0
7.312,35.51804308244129,4.116853881699828,-29.376494012582434,35.49843210107085,5.972068638601752,-31.32458498622721,0.551552,0.532499896583814,0.846075023047172,18.19106200727301,24.0,0.0,0.0
7.313,35.51804308244129,4.116853881699828,-29.376494012582434,35.51804308244129,4.295201698439749,-31.150416923916435,0.767002,0.740507668686866,0.795391193371402,15.961749180597621,23.0,0.0,0.0
7.314,35.51804308244129,4.116853881699828,-29.376494012582434,36.385512767554296,5.257707786899352,-31.82876634996755,1.03416,0.99843730609465,1.02039953282201,15.287885939143683,23.0,0.0,0.0
7.315,35.51804308244129,4.116853881699828,-29.376494012582434,34.57969032915931,5.14482487300233,-30.717737400797475,0.844564,0.815390466643965,0.902057784744368,14.143023028937813,21.0,0.0,0.0
7.316,86.73133114843384,-6.011624359926193,40.75643137589786,86.79538120123281,-5.2328719630330145,45.990418243526406,2.081247,2.00935507851548,1.9860059252059,0.3097499443441879,2.0,0.0,0.0
7.317,86.73133114843384,-6.011624359926193,40.75643137589786,86.66226473133806,-8.655325296094308,45.93079681091859,2.438894,2.35464798020655,2.21135023550563,0.0004917573217487882,1.0,0.0,0.0
7.318,62.667699012913516,0.41939590876782784,-1.538020821793018,62.701314100441266,1.4377505524442724,-0.17514868249939308,2.296697,2.21736285061854,1.97826614737287,4.636892059263695,10.0,0.0,0.0
7.319,62.667699012913516,0.41939590876782784,-1.538020821793018,62.57510908259357,-1.0868373718551094,0.31602629685616446,2.275152,2.19656207340823,2.81435611036367,1.678565862033002,5.0,0.0,0.0
7.320,56.05774503329822,-28.008030943054983,-0.19911967925163587,56.13782038190075,-30.92275469440725,1.719590069012411,1.090177,1.05251932684144,1.81385065801615,4.550968925142866,13.0,0.0,0.0
7.321,56.05774503329822,-28.008030943054983,-0.19911967925163587,56.15781146519707,-31.480343918591835,-0.7964271483854146,1.060014,1.02339823874702,1.5726571108943,3.843459643169006,16.0,0.0,0.0
7.322,44.660129768369416,34.018013602702624,20.740465674601637,44.60351738852064,38.781632061320124,21.746791639885544,1.577094,1.52261689179434,1.89683696063275,2.1075076448880457,15.0,0.0,0.0
7.323,44.660129768369416,34.018013602702624,20.740465674601637,44.489974232848624,35.2822641908741,24.289429682725782,1.116031,1.07748025949381,1.87168511460224,1.1854640812442454,15.0,0.0,0.0
7.324,35.51804308244129,3.81060505665054,-28.866590016798245,35.4591652676214,6.211460879684328,-31.31710782151913,0.749766,0.723867046918622,1.1168314098341,10.75640630768543,21.0,0.0,0.0
7.325,35.51804308244129,3.81060505665054,-28.866590016798245,35.57678662601249,4.194412814751885,-31.076471565410834,0.896272,0.865312331948697,0.89528349453254,8.77165244665144,19.0,0.0,0.0
7.326,86.67213705226933,-6.519558598634678,46.06241949582053,86.68200747504233,-7.280263693587308,46.03108785269092,0.999688,0.965156062558162,0.510443530289591,8.214461841071452,11.0,0.000166705813689308,0.0022982504736987638
7.327,62.516074417933325,0.5582046943676255,0.01604474330929584,62.67610547792866,-0.0360665637400559,0.15170944875286807,1.137576,1.09828103670412,0.899024941192269,9.526123643145798,12.0,0.004842234273196659,0.04942721139028233
7.328,56.30739276281291,-31.149743239207883,0.7045193228325752,56.077780553594806,-31.211586946489234,0.24365078479127167,0.400737,0.386894456111677,0.378367211834403,4.263537502070365,8.0,0.0,0.0
7.329,44.361726552930975,37.41524926173645,22.660307184216645,44.475751336901624,36.68719412551086,23.18880895588441,0.512771,0.495058497605264,0.571797676889561,7.155619093922867,9.0,0.0,0.0
7.330,35.47880617230244,5.448350517287453,-31.41834329612375,35.49843210107085,5.027872086482393,-31.252384370027286,0.340411,0.328652279922823,0.261624069264184,8.330945446915793,15.0,0.0,0.0
7.331,86.82491586201648,-6.180872031917528,45.9077669538396,86.73133114843384,-7.716394842513741,46.05735338070078,1.641729,1.58501922342526,1.01652191364691,8.036502878266267,14.0,0.0011460312961732928,0.041134471706876334
7.332,62.768458263626584,0.7725107178488955,0.014176982624602985,62.67610547792866,-0.39239492182907565,0.1025140107983491,1.732218,1.67238248770854,1.73241486888697,6.04895446345473,11.0,0.016095265549895668,0.09844098735969875
7.333,56.287484338689126,-30.98688213957862,0.9558971109014491,56.31734286514889,-31.241336508141814,-0.11873597248945877,0.659277,0.63650378263534,0.735391353729576,6.383007918976446,13.0,0.0,0.0
7.334,56.287484338689126,-30.98688213957862,0.9558971109014491,54.793133278090764,-30.621221413008048,0.33593425785909403,1.365953,1.31876927513335,1.47214507222656,8.952660363971603,14.0,0.0,0.0
7.335,44.404536302425136,37.80375851325402,22.44909429574582,44.489974232848624,36.19433333381444,23.538383061525536,0.870418,0.840351399296331,1.20554952451562,8.914961565585319,15.0,0.0,0.0
7.336,44.404536302425136,37.80375851325402,22.44909429574582,45.06744545788468,37.23820482928553,23.194631593829317,0.801474,0.773788912223354,0.875139834534694,6.390567299031591,12.0,0.0,0.0
7.337,44.404536302425136,37.80375851325402,22.44909429574582,44.11798295939927,36.44216726997457,22.84998839013924,0.741148,0.7155467360345,0.811020453959378,5.413895495534808,10.0,0.0,0.0
7.338,35.49843210107085,5.588868561528237,-31.369364388376873,35.63539666124247,4.758704530723856,-31.129762886318936,0.51708,0.499218653047325,0.562739835800295,11.887748015733383,16.0,0.0,0.0
7.339,35.49843210107085,5.588868561528237,-31.369364388376873,35.92647043496338,4.011421815391825,-30.740288770891077,0.620496,0.59906238365679,1.05003428036763,11.680794980279927,17.0,0.0,0.0
7.340,35.49843210107085,5.588868561528237,-31.369364388376873,35.00322419703488,5.152374133717968,-30.949522968196387,0.512771,0.495058497605264,0.454024676287232,8.761705259011155,13.0,0.0,0.0
7.341,86.81999459677196,-5.846031623531589,46.06012709048579,86.71653901991426,-8.005183481740897,46.034417186811716,2.262225,2.18408160708205,1.44467514052046,6.389473952182983,12.0,3.6799801068873974e-06,0.00024604075187539175
7.342,62.549819377247616,0.9091953593812763,-0.05231501738753863,62.793607836939486,-0.6013004075661188,0.18273305728853106,2.003685,1.93447228055839,2.26140602605497,3.259309007487728,5.0,0.0,0.0
7.343,56.14781730835661,-30.958166168093715,1.1512897614142759,56.1777914776996,-31.287946399756738,-0.3261481561175783,0.883345,0.852831865622514,1.00927614471344,8.628611953822707,11.0,0.0,0.0
7.344,56.14781730835661,-30.958166168093715,1.1512897614142759,57.45345407206452,-31.62598651517101,0.5707483109934852,1.301318,1.25636694350244,1.29833415319887,7.858781111887568,12.0,0.0,0.0
7.345,56.14781730835661,-30.958166168093715,1.1512897614142759,55.76596934302245,-30.757461898110517,0.39317518304251564,0.616187,0.594902228214729,0.627599070843235,2.6727074456474726,8.0,0.0,0.0
7.346,44.518399976803536,38.07475025490275,22.14004500426815,44.34744313390436,36.02372896502304,23.779882287815145,1.072941,1.0358787050732,1.66838563315293,6.801226695471474,10.0,0.0,0.0
7.347,35.49843210107085,5.796596009530031,-31.294118479417634,35.49843210107085,4.607352473103566,-31.10789541552652,0.676513,0.653144404403584,0.85443423017884,10.462849198091599,14.0,0.0,0.0
7.348,86.84459621387502,-5.494853895071373,45.90485771923463,86.67707250086858,-8.362967596418914,46.01061550923815,2.572473,2.48361279891044,1.91048458074635,3.749048256740148,7.0,0.0,0.0
7.349,62.7516829552152,1.1254295846548357,-0.015150175225198126,62.60038251922951,-0.7739016305569613,0.2356570313907902,2.219135,2.14248005266144,2.82294776955766,0.15047641016955537,3.0,0.0,0.0
7.350,56.1278206839099,-30.926909688755224,1.5991362873287507,56.2974399212883,-31.355294190794858,-0.6567059036080458,1.223756,1.18148414554534,1.54342168578383,6.362974246443289,10.0,0.0,0.0
7.351,44.518399976803536,38.519666028744126,21.880905505662586,44.518399976803536,35.472383338272905,24.026531908961612,1.409043,1.36037082955396,2.31925786195933,4.159082411636751,9.0,0.0,0.0
7.352,44.518399976803536,38.519666028744126,21.880905505662586,45.67525911468617,37.772687778959316,23.457194431691097,1.197902,1.15652321289297,1.57811105565571,3.221181134019468,8.0,0.0,0.0
7.353,44.518399976803536,38.519666028744126,21.880905505662586,43.43360642568766,36.17320578683514,22.566793419178723,1.370262,1.32292943057541,1.65164770528742,3.4332290142897435,7.0,0.0,0.0
7.354,35.49843210107085,5.971809674855249,-31.32460701512607,35.51804308244129,4.294941464299818,-31.1504389456572,0.823019,0.794589689433659,1.24229774598279,8.920905099053355,12.0,0.0,0.0
7.355,35.49843210107085,5.971809674855249,-31.32460701512607,36.385512767554296,5.257443594854417,-31.82878872383498,0.982452,0.948515440789918,1.08483684261829,7.900890499547173,13.0,0.0,0.0
7.356,35.49843210107085,5.971809674855249,-31.32460701512607,34.57969032915931,5.144569914743519,-30.71775901446768,0.874727,0.844511554738392,0.864359435507322,7.360859552373317,11.0,0.0,0.0
7.357,86.79538120123281,-5.232970360815381,45.99042257193604,86.66226473133806,-8.655423257634798,45.93080109446623,3.111098,3.00363222916807,2.29111146791054,1.5997565463227332,4.0,0.0,0.0
7.358,62.701314100441266,1.4379908404002495,-0.1751158566154487,62.57510908259357,-1.0865975402239436,0.3160591521840894,2.658653,2.56681590775166,3.75318573006797,0.0,0.0,0.0,0.0
7.359,56.13782038190075,-30.922922629246063,1.71950704624797,56.15781146519707,-31.480516488774203,-0.7965094466838574,1.374571,1.32708958601747,1.71649588917119,5.454985449147628,8.0,0.0,0.0
7.360,56.13782038190075,-30.922922629246063,1.71950704624797,57.45345407206452,-31.626159399382015,0.5706243874494366,1.400425,1.35205051866984,1.47295721836076,4.119369524606284,8.0,0.0,0.0
7.361,44.60351738852064,38.78155571208269,21.746543197241397,44.489974232848624,35.28218457991533,24.28917730304483,1.620184,1.56421844621495,2.70544683885885,1.2089312704758726,4.0,0.0,0.0
7.362,35.4591652676214,6.211242425495811,-31.317006403513446,35.57678662601249,4.1941963884584155,-31.076371070012986,1.016924,0.981796684326406,1.48402850403722,5.2426701365226585,8.0,0.0,0.0
7.363,86.68200747504233,-7.280085367129763,46.03106856196435,87.06548305268728,-6.97155677878386,46.357821416154096,0.814401,0.786269378549537,0.354826048707288,5.422330371863739,8.0,0.0011765160621196292,0.025198729698481317
7.364,86.68200747504233,-7.280085367129763,46.03106856196435,86.86918606662296,-6.886655594286806,46.259313040461,0.857491,0.827870932970148,0.313768119000489,4.070883127077947,7.0,0.0005559338971265143,0.012209829054932403
7.365,62.67610547792866,-0.03600160665973018,0.15161472608848925,62.89404594163646,0.23974826008255068,-0.020432129761971396,0.827328,0.79874984487572,0.482724431174689,6.085882554736319,9.0,0.0019837388618074484,0.0614361329158387
7.366,62.67610547792866,-0.03600160665973018,0.15161472608848925,63.28498750291695,0.1068632681162085,0.16473702752097807,0.64635,0.624023316309157,0.557041521272087,5.803217482311288,8.0,0.022417709346062627,0.19143967237544043
7.367,44.475751336901624,36.68736990050031,23.188884310341372,44.82933602774889,37.201264034612215,23.04919192521333,0.465372,0.449296787742593,0.439116000170454,3.204200998631219,5.0,0.0,0.0
7.368,44.475751336901624,36.68736990050031,23.188884310341372,44.29024173172684,36.641608725730414,22.80669535558487,0.284394,0.274570259176029,0.276285580573627,1.4971989600828817,3.0,0.0,0.0
7.369,35.49843210107085,5.028233867454629,-31.252408518626783,35.713337000914514,5.258827348215339,-31.340395928068087,0.275776,0.266249948291907,0.229495887437343,3.9518279374937033,7.0,0.0,0.0
7.370,35.49843210107085,5.028233867454629,-31.252408518626783,35.321257195674356,5.1155273497111855,-31.156484446515474,0.318866,0.307851502712517,0.185539781918373,2.707960478039642,6.0,0.0,0.0
7.371,86.73133114843384,-7.716599999716022,46.05736169788053,87.6499326488179,-6.998785971190136,46.24049556143972,1.469369,1.41861300574282,0.771013301673368,5.149183045841783,7.0,0.0001818653216794047,0.01127488222925848
7.372,86.73133114843384,-7.716599999716022,46.05736169788053,86.310560127,-6.860156280740104,45.83715294478239,1.189284,1.14820290200885,0.619818350309031,3.9069848762699655,6.0,6.079005199604476e-06,0.0036468314913555133
7.373,62.67610547792866,-0.39222554081780325,0.1025082818313372,63.16063819673245,0.1410704951634867,0.1379677122782974,1.33579,1.28964818703892,0.894182272125511,6.642082351868984,8.0,0.00011020284968522642,0.022461311881921766
7.374,62.67610547792866,-0.39222554081780325,0.1025082818313372,62.262057519931304,0.1680215593836687,-0.006635877646821164,1.193593,1.15236305745091,0.912791769789313,5.664415532464358,7.0,0.004010876681387345,0.03944094977662809
7.375,56.31734286514889,-31.241227695646856,-0.11869534897781531,55.76596934302245,-30.75744767733629,0.3931655066422346,0.710985,0.686425647940072,0.653581871836495,1.7022491828908077,5.0,0.0,0.0
7.376,56.31734286514889,-31.241227695646856,-0.11869534897781531,54.793133278090764,-30.621115330382143,0.33597410420409535,1.486605,1.43525362751106,1.48791872680709,3.491515228266116,6.0,0.0,0.0
7.377,86.71653901991426,-8.005070158690897,46.03431684995611,87.91079767346552,-6.912991100544719,46.254533173971325,2.081247,2.00935507851548,1.07019807378288,3.536889645154212,7.0,7.877335399986967e-05,0.0064529653175826075
7.378,86.71653901991426,-8.005070158690897,46.03431684995611,85.98644320658008,-6.827612342111877,45.862318217789856,1.719291,1.65990202138236,0.904169613098083,2.3936018137465407,5.0,0.0003806208611719141,0.0045601314911708985
7.379,62.793607836939486,-0.6013498919536509,0.18269033927200695,63.26843012799614,0.12829336715097783,-0.13783063587435862,1.447824,1.39781222853251,1.19047406123351,4.830158399130325,8.0,0.02446449807773939,0.24189634226540235
7.380,62.793607836939486,-0.6013498919536509,0.18269033927200695,62.19404048836513,0.1392751557910965,0.13629258088392326,1.521077,1.46853487104755,1.20966055214836,3.8741305108143194,7.0,0.027550530078598357,0.19725460379278728
7.381,56.1777914776996,-31.288153832134235,-0.32627355414320824,57.45345407206452,-31.626195539374567,0.5706204218828947,1.232374,1.18980445642946,1.32914690237086,2.5733919115049932,5.0,0.0,0.0
7.382,44.34744313390436,36.02371776774294,23.780033708416347,45.455625795399975,37.53417018065136,23.294493932593664,1.167739,1.12740212479854,1.36831160428229,3.66020875714992,7.0,0.0,0.0
7.383,44.34744313390436,36.02371776774294,23.780033708416347,43.69756372940281,36.53792439851406,22.597128484669902,0.909199,0.87779279827488,1.04414862934801,2.1560634161129375,5.0,0.0,0.0
7.384,35.49843210107085,4.60785944060027,-31.107923242438318,35.92647043496338,4.012110050005485,-30.74022637460687,0.4309,0.416015544206104,0.4863881901979,3.689048647016238,6.0,0.0,0.0
7.385,35.49843210107085,4.60785944060027,-31.107923242438318,34.82257371938761,5.134802057671695,-30.83984120186587,0.887654,0.856992021064575,0.774424434857478,4.247296734562144,6.0,0.0,0.0
7.386,56.2974399212883,-31.35558668202948,-0.6566274951916418,57.45345407206452,-31.626264685847726,0.5707541544181627,1.275464,1.23140601085007,1.35333456348388,1.4579692564625413,4.0,0.0,0.0
7.387,86.66226473133806,-8.655376198553666,45.93090575607588,88.85627457640994,-7.076514368708542,46.83698925470898,3.167115,3.05771424991487,1.81869642534546,1.8419241141858662,5.0,0.02137521896340932,0.07769639103262997
7.388,86.66226473133806,-8.655376198553666,45.93090575607588,85.15429599479369,-6.764933318208211,45.60107876864381,2.774996,2.67914010468731,1.5740700765611,1.6816841595979541,4.0,0.017661704754031293,0.11825033519217291
7.389,62.57510908259357,-1.0867619654819083,0.31610849917835804,63.78670046345174,0.0326107976550416,0.10033564418876484,2.503529,2.41705031183747,1.92728294378988,2.169343010122912,4.0,0.0,0.0
7.390,62.57510908259357,-1.0867619654819083,0.31610849917835804,61.68871986942695,0.16668355016141723,-0.006545889045983522,2.232062,2.15496051898762,2.00606973128767,1.153067342031962,2.0,0.0,0.0
7.391,44.489974232848624,35.2820224543286,24.289254737085773,45.90691825034913,37.77121063361816,23.529440807682743,1.628802,1.57253875709907,1.97374457695559,2.0434246723963376,4.0,0.0,0.0
7.392,44.489974232848624,35.2820224543286,24.289254737085773,43.10777397801501,35.99495132522856,22.458079114540197,1.37888,1.33124974145953,1.8241554310481,1.2181425661767036,4.0,0.0,0.0
7.393,35.57678662601249,4.1947708582631975,-31.076438213264744,36.59324408308341,5.3496629479471425,-31.940636821201885,1.038469,1.00259746153671,1.02940104228338,3.4294623746687667,6.0,0.0,0.0
7.394,35.57678662601249,4.1947708582631975,-31.076438213264744,34.31390693780456,5.050894970700659,-30.63419983785085,1.20652,1.16484352377709,1.35905516809561,3.330163962618613,4.0,0.0,0.0
7.395,87.06548305268728,-6.971733673128422,46.35781520139523,86.86918606662296,-6.886832166792811,46.25930684158277,0.564479,0.544980362909997,0.139491073369588,0.21723019375016506,1.0,0.0,0.0
7.396,62.89404594163646,0.23953370011092767,-0.020383513320454405,63.28498750291695,0.10664799712151174,0.16478574827494263,0.90489,0.873632642832819,0.426384300014667,1.6788205019863094,3.0,0.001076760454752267,0.023419365717759644
7.397,56.59484121226073,-31.448628443218997,0.6863265237375904,55.836615118549915,-30.870366480935218,0.6340300135999399,0.702367,0.67810533705595,0.74692033821472,0.18215010128219655,1.0,0.0,0.0
7.398,56.59484121226073,-31.448628443218997,0.6863265237375904,55.05173118091976,-30.46848375221306,0.5295769968858943,1.309936,1.26468725438656,1.50549119247978,0.5482689215652032,2.0,0.0,0.0
7.399,44.82933602774889,37.201488443910634,23.04919968725948,44.29024173172684,36.64183105787067,22.80670299528209,0.633423,0.611542849982973,0.549987795925747,0.882799796057601,1.0,0.0,0.0
7.400,35.713337000914514,5.258436145159973,-31.340476977190768,35.321257195674356,5.115138573765221,-31.156564847798997,0.396428,0.382734300669616,0.330347959850505,0.516064459733657,2.0,0.0,0.0
7.401,87.6499326488179,-6.998751909364609,46.24036111714411,86.310560127,-6.8601226584290576,45.837020064083724,1.236683,1.19396461187152,0.875836636653547,0.9071567438933444,1.0,0.0,0.0
7.402,63.16063819673245,0.14105062760799703,0.13801795485133272,62.262057519931304,0.16800188416005168,-0.006586186807155947,1.503841,1.4518942492793,0.776144543590609,1.7315804978620761,2.0,0.0,0.0
7.403,56.6047126892946,-31.22902335191763,0.7513093373113344,54.385907130828855,-30.018998762146865,0.7161670710346124,1.848561,1.78470668464419,2.14922631113198,1.0,1.0,0.0,0.0
7.404,45.06744545788468,37.23821468296523,23.194550007141924,44.11798295939927,36.44217685030859,22.849908142926267,0.926435,0.894433420043124,0.943647459411894,0.1779725288252909,1.0,0.0,0.0
7.405,35.92647043496338,4.011730999454372,-30.74019507294046,35.00322419703488,5.152678370363733,-30.94943045478723,0.848873,0.819550622086026,1.11778733689739,1.768305775292268,3.0,0.0,0.0
7.406,87.91079767346552,-6.91303545271299,46.254611653425215,85.98644320658008,-6.82765577081168,45.86239542374606,1.844252,1.78054652920213,1.24820206808958,0.3138951969908672,1.0,0.0,0.0
7.407,63.26843012799614,0.12805498690454664,-0.13779436981593562,62.19404048836513,0.13904050928265077,0.13632816855941865,1.917505,1.85126917171716,0.950497521513414,1.0345172016934403,2.0,2.3312061071319862e-05,0.00030696353847342546
7.408,57.45345407206452,-31.626210056364624,0.5706014438792817,55.05173118091976,-30.468463453238392,0.529576234418605,1.900269,1.83462854994892,2.28521548065684,0.0,0.0,0.0,0.0
7.409,45.455625795399975,37.53390571428322,23.29452102077022,43.69756372940281,36.53766737160819,22.597154837595767,1.391807,1.34373020778572,1.70500293459707,0.7313053405630077,1.0,0.0,0.0
7.410,35.94575961594815,5.321258557000663,-31.672575251197166,34.82257371938761,5.134595315099633,-30.839797122276646,0.995379,0.960995907116101,0.982695388617982,0.5134221996509425,2.0,0.0,0.0
7.411,88.5001508082956,-6.999608741285468,46.93455633577908,85.59476319960956,-6.778466906279701,45.48309821901271,2.365641,2.28392533769151,1.93126916819265,0.734137753945566,1.0,0.0,0.0
7.412,63.5160681944692,0.10321987948291866,0.08609954516600737,62.02347818323405,0.10674243497249547,0.20088653655014888,2.344096,2.26312456048121,1.2692217359549,0.674543281801667,1.0,0.0,0.0
7.413,45.67525911468617,37.772741228500664,23.45706086477872,43.43360642568766,36.17325707994268,22.566664899868705,1.732218,1.67238248770854,2.19823030545429,0.6697354055911533,1.0,0.0,0.0
7.414,36.385512767554296,5.257839621313737,-31.828750607225487,34.57969032915931,5.1449520952999155,-30.717722195058872,1.469369,1.41861300574282,1.57854079129473,0.906783870318803,1.0,0.0,0.0
7.415,88.85627457640994,-7.076385022080078,46.83691701412658,85.15429599479369,-6.764808738795591,45.60100900775963,3.0163,2.91210880944273,2.42294693343611,0.0,0.0,0.0,0.0
7.416,63.78670046345174,0.03242080829907179,0.10035764877245335,61.68871986942695,0.16649838872390132,-0.006524398489138328,2.999064,2.89546818767449,1.7919385620168,0.0,0.0,0.0,0.0
7.417,45.90691825034913,37.77115311636092,23.52933956192629,43.10777397801501,35.99489637404085,22.457982490321005,2.055393,1.98439414586312,2.72332209281723,0.0,0.0,0.0,0.0
7.418,36.59324408308341,5.34933310952751,-31.94053855038256,34.31390693780456,5.0505790953270235,-30.634105684196822,1.581403,1.5267770472364,1.95125199966866,0.0,0.0,0.0,0.0
