Pair,L1,a1,b1,L2,a2,b2,DV,DV normF1,DECIEDE2000,GradoDE
1.276,36.461243,47.858986,18.390982,36.271507,50.507298,21.228584,1.36364,1.43922966714464,1.41432821837256,0.10385716674295416
1.283,36.461243,47.858986,18.390982,36.743298,50.880886,24.315462,1.91388,2.01997072200491,2.88412850739034,0.10385716674295416
1.360,37.462864,-30.639582,-1.700671,37.408199,-30.200422,-2.937982,1.15268,1.21657567446267,0.884328017961678,0.0895559914464055
1.688,37.752544,-28.213318,-1.928556,37.806511,-33.786007,-1.780051,1.71,1.8047891898282,2.3850519097741,0.0895559914464055
1.407,90.802719,-2.08146,1.455719,90.67942,-1.516574,1.292202,0.782988,0.826390805944564,0.767510463361906,0.0970387047751866
1.410,90.802719,-2.08146,1.455719,91.284042,-1.279252,-0.333846,1.20502,1.27181699972326,2.02109086472856,0.0970387047751866
1.435,41.720253,3.289109,-17.93857,37.188408,4.055164,-18.948629,3.64944,3.85173676077581,4.03359490377603,0.0677256573299712
1.436,41.720253,3.289109,-17.93857,39.731644,2.508172,-19.67495,2.9431,3.10624272782654,2.411598148875,0.0677256573299712
1.445,34.782253,27.245667,-21.393272,35.003223,27.807022,-19.951809,1.42062,1.49936819816008,0.981716430404511,0.1492204385425095
1.893,35.713337,25.674494,-18.087009,35.713337,28.417604,-22.801613,1.84,1.94199538554614,2.42564380691821,0.1492204385425095
1.484,60.781628,26.628914,-14.850884,60.957733,22.270672,-13.737035,3.24916,3.42926832983755,2.14095562227485,0.05859361775727985
1.596,61.463936,24.613506,-14.245343,56.752464,22.756124,-13.460519,3.28,3.46181786119094,4.30198635910995,0.05859361775727985
1.506,45.151043,-2.811008,-2.501926,45.33139,-3.092339,-3.071134,0.684433,0.722372678106249,0.60802394550191,0.29596247158113953
1.515,45.151043,-2.811008,-2.501926,42.89854,-3.337323,-2.757914,1.21445,1.28176972607419,2.20695562272957,0.29596247158113953
1.506,45.151043,-2.811008,-2.501926,45.33139,-3.092339,-3.071134,0.684433,0.722372678106249,0.60802394550191,0.27564214448161983
1.516,45.151043,-2.811008,-2.501926,42.642456,-2.615103,-3.107763,1.26202,1.3319766393842,2.4149467348562,0.27564214448161983
1.506,45.151043,-2.811008,-2.501926,45.33139,-3.092339,-3.071134,0.684433,0.722372678106249,0.60802394550191,0.23545896094227256
1.517,45.151043,-2.811008,-2.501926,42.793365,-2.900251,-1.820894,1.24857,1.31778107528877,2.28828077157615,0.23545896094227256
1.506,45.151043,-2.811008,-2.501926,45.33139,-3.092339,-3.071134,0.684433,0.722372678106249,0.60802394550191,0.11175245474494638
1.521,45.151043,-2.811008,-2.501926,46.803467,-3.812742,-2.843082,1.31258,1.38533929519573,2.01584819844143,0.11175245474494638
1.507,45.151043,-2.811008,-2.501926,45.178856,-3.125749,-2.870928,0.623786,0.658363876939284,0.487101933161916,0.2955618999129238
1.515,45.151043,-2.811008,-2.501926,42.89854,-3.337323,-2.757914,1.21445,1.28176972607419,2.20695562272957,0.2955618999129238
1.507,45.151043,-2.811008,-2.501926,45.178856,-3.125749,-2.870928,0.623786,0.658363876939284,0.487101933161916,0.22426508615478843
1.516,45.151043,-2.811008,-2.501926,42.642456,-2.615103,-3.107763,1.26202,1.3319766393842,2.4149467348562,0.22426508615478843
1.507,45.151043,-2.811008,-2.501926,45.178856,-3.125749,-2.870928,0.623786,0.658363876939284,0.487101933161916,0.2248442980584286
1.517,45.151043,-2.811008,-2.501926,42.793365,-2.900251,-1.820894,1.24857,1.31778107528877,2.28828077157615,0.2248442980584286
1.507,45.151043,-2.811008,-2.501926,45.178856,-3.125749,-2.870928,0.623786,0.658363876939284,0.487101933161916,0.12003021653167079
1.521,45.151043,-2.811008,-2.501926,46.803467,-3.812742,-2.843082,1.31258,1.38533929519573,2.01584819844143,0.12003021653167079
1.507,45.151043,-2.811008,-2.501926,45.178856,-3.125749,-2.870928,0.623786,0.658363876939284,0.487101933161916,0.06898308197305769
1.523,45.151043,-2.811008,-2.501926,46.710995,-3.345115,-1.845587,1.19614,1.26244476112345,1.76553070380508,0.06898308197305769
1.508,45.151043,-2.811008,-2.501926,45.386665,-3.26021,-2.6558,0.537111,0.566884284525039,0.608217568028734,0.12434200302177434
1.515,45.151043,-2.811008,-2.501926,42.89854,-3.337323,-2.757914,1.21445,1.28176972607419,2.20695562272957,0.12434200302177434
1.508,45.151043,-2.811008,-2.501926,45.386665,-3.26021,-2.6558,0.537111,0.566884284525039,0.608217568028734,0.09092745698483519
1.516,45.151043,-2.811008,-2.501926,42.642456,-2.615103,-3.107763,1.26202,1.3319766393842,2.4149467348562,0.09092745698483519
1.508,45.151043,-2.811008,-2.501926,45.386665,-3.26021,-2.6558,0.537111,0.566884284525039,0.608217568028734,0.09531083951157038
1.517,45.151043,-2.811008,-2.501926,42.793365,-2.900251,-1.820894,1.24857,1.31778107528877,2.28828077157615,0.09531083951157038
1.509,45.151043,-2.811008,-2.501926,45.164951,-3.313056,-2.403256,0.654296,0.690565115642008,0.643457685489093,0.25532327721516396
1.515,45.151043,-2.811008,-2.501926,42.89854,-3.337323,-2.757914,1.21445,1.28176972607419,2.20695562272957,0.25532327721516396
1.509,45.151043,-2.811008,-2.501926,45.164951,-3.313056,-2.403256,0.654296,0.690565115642008,0.643457685489093,0.22826337231104282
1.516,45.151043,-2.811008,-2.501926,42.642456,-2.615103,-3.107763,1.26202,1.3319766393842,2.4149467348562,0.22826337231104282
1.509,45.151043,-2.811008,-2.501926,45.164951,-3.313056,-2.403256,0.654296,0.690565115642008,0.643457685489093,0.23619972344487425
1.517,45.151043,-2.811008,-2.501926,42.793365,-2.900251,-1.820894,1.24857,1.31778107528877,2.28828077157615,0.23619972344487425
1.509,45.151043,-2.811008,-2.501926,45.164951,-3.313056,-2.403256,0.654296,0.690565115642008,0.643457685489093,0.0747835824658574
1.521,45.151043,-2.811008,-2.501926,46.803467,-3.812742,-2.843082,1.31258,1.38533929519573,2.01584819844143,0.0747835824658574
1.510,45.151043,-2.811008,-2.501926,45.386665,-3.556713,-2.135454,0.992279,1.04728328215996,1.03863041754775,0.13027764928043303
1.516,45.151043,-2.811008,-2.501926,42.642456,-2.615103,-3.107763,1.26202,1.3319766393842,2.4149467348562,0.13027764928043303
1.510,45.151043,-2.811008,-2.501926,45.386665,-3.556713,-2.135454,0.992279,1.04728328215996,1.03863041754775,0.07872085366100764
1.517,45.151043,-2.811008,-2.501926,42.793365,-2.900251,-1.820894,1.24857,1.31778107528877,2.28828077157615,0.07872085366100764
1.512,45.151043,-2.811008,-2.501926,45.317554,-3.378679,-2.751668,0.669988,0.707126958897437,0.7376305988799849,0.18502843847305903
1.515,45.151043,-2.811008,-2.501926,42.89854,-3.337323,-2.757914,1.21445,1.28176972607419,2.20695562272957,0.18502843847305903
1.512,45.151043,-2.811008,-2.501926,45.317554,-3.378679,-2.751668,0.669988,0.707126958897437,0.7376305988799849,0.20646069790568214
1.516,45.151043,-2.811008,-2.501926,42.642456,-2.615103,-3.107763,1.26202,1.3319766393842,2.4149467348562,0.20646069790568214
1.512,45.151043,-2.811008,-2.501926,45.317554,-3.378679,-2.751668,0.669988,0.707126958897437,0.7376305988799849,0.17645107925779088
1.517,45.151043,-2.811008,-2.501926,42.793365,-2.900251,-1.820894,1.24857,1.31778107528877,2.28828077157615,0.17645107925779088
1.514,45.151043,-2.811008,-2.501926,45.081394,-2.931315,-1.923165,0.577086,0.609075189708303,0.561391111965746,0.1916820265273469
1.515,45.151043,-2.811008,-2.501926,42.89854,-3.337323,-2.757914,1.21445,1.28176972607419,2.20695562272957,0.1916820265273469
1.514,45.151043,-2.811008,-2.501926,45.081394,-2.931315,-1.923165,0.577086,0.609075189708303,0.561391111965746,0.14376156359282508
1.516,45.151043,-2.811008,-2.501926,42.642456,-2.615103,-3.107763,1.26202,1.3319766393842,2.4149467348562,0.14376156359282508
1.514,45.151043,-2.811008,-2.501926,45.081394,-2.931315,-1.923165,0.577086,0.609075189708303,0.561391111965746,0.17863949714874108
1.517,45.151043,-2.811008,-2.501926,42.793365,-2.900251,-1.820894,1.24857,1.31778107528877,2.28828077157615,0.17863949714874108
1.514,45.151043,-2.811008,-2.501926,45.081394,-2.931315,-1.923165,0.577086,0.609075189708303,0.561391111965746,0.054079606258922275
1.521,45.151043,-2.811008,-2.501926,46.803467,-3.812742,-2.843082,1.31258,1.38533929519573,2.01584819844143,0.054079606258922275
1.515,45.151043,-2.811008,-2.501926,42.89854,-3.337323,-2.757914,1.21445,1.28176972607419,2.20695562272957,0.21065298936370275
1.518,45.151043,-2.811008,-2.501926,45.178856,-3.391616,-2.987074,0.792902,0.836854361516469,0.802192716868562,0.21065298936370275
1.515,45.151043,-2.811008,-2.501926,42.89854,-3.337323,-2.757914,1.21445,1.28176972607419,2.20695562272957,0.1811700531417067
1.519,45.151043,-2.811008,-2.501926,44.94162,-2.64182,-3.352035,0.760274,0.802417717255817,0.821963047131162,0.1811700531417067
1.515,45.151043,-2.811008,-2.501926,42.89854,-3.337323,-2.757914,1.21445,1.28176972607419,2.20695562272957,0.0782561312139062
1.520,45.151043,-2.811008,-2.501926,45.081394,-2.938557,-2.013605,0.452428,0.477507113202102,0.48717902479941,0.0782561312139062
1.515,45.151043,-2.811008,-2.501926,42.89854,-3.337323,-2.757914,1.21445,1.28176972607419,2.20695562272957,0.07588820758787096
1.524,45.151043,-2.811008,-2.501926,45.729923,-3.098526,-1.87039,0.761395,0.803600856835816,0.894168189049589,0.07588820758787096
1.516,45.151043,-2.811008,-2.501926,42.642456,-2.615103,-3.107763,1.26202,1.3319766393842,2.4149467348562,0.33500771297892357
1.518,45.151043,-2.811008,-2.501926,45.178856,-3.391616,-2.987074,0.792902,0.836854361516469,0.802192716868562,0.33500771297892357
1.516,45.151043,-2.811008,-2.501926,42.642456,-2.615103,-3.107763,1.26202,1.3319766393842,2.4149467348562,0.3466423021861396
1.519,45.151043,-2.811008,-2.501926,44.94162,-2.64182,-3.352035,0.760274,0.802417717255817,0.821963047131162,0.3466423021861396
1.516,45.151043,-2.811008,-2.501926,42.642456,-2.615103,-3.107763,1.26202,1.3319766393842,2.4149467348562,0.12035916758858756
1.524,45.151043,-2.811008,-2.501926,45.729923,-3.098526,-1.87039,0.761395,0.803600856835816,0.894168189049589,0.12035916758858756
1.517,45.151043,-2.811008,-2.501926,42.793365,-2.900251,-1.820894,1.24857,1.31778107528877,2.28828077157615,0.22735066277964788
1.518,45.151043,-2.811008,-2.501926,45.178856,-3.391616,-2.987074,0.792902,0.836854361516469,0.802192716868562,0.22735066277964788
1.517,45.151043,-2.811008,-2.501926,42.793365,-2.900251,-1.820894,1.24857,1.31778107528877,2.28828077157615,0.19764810487220197
1.519,45.151043,-2.811008,-2.501926,44.94162,-2.64182,-3.352035,0.760274,0.802417717255817,0.821963047131162,0.19764810487220197
1.517,45.151043,-2.811008,-2.501926,42.793365,-2.900251,-1.820894,1.24857,1.31778107528877,2.28828077157615,0.05799323875272752
1.520,45.151043,-2.811008,-2.501926,45.081394,-2.938557,-2.013605,0.452428,0.477507113202102,0.48717902479941,0.05799323875272752
1.517,45.151043,-2.811008,-2.501926,42.793365,-2.900251,-1.820894,1.24857,1.31778107528877,2.28828077157615,0.11337863108228555
1.524,45.151043,-2.811008,-2.501926,45.729923,-3.098526,-1.87039,0.761395,0.803600856835816,0.894168189049589,0.11337863108228555
1.518,45.151043,-2.811008,-2.501926,45.178856,-3.391616,-2.987074,0.792902,0.836854361516469,0.802192716868562,0.05333195656972903
1.521,45.151043,-2.811008,-2.501926,46.803467,-3.812742,-2.843082,1.31258,1.38533929519573,2.01584819844143,0.05333195656972903
1.529,54.958851,-28.746519,15.812528,58.798046,-27.415251,17.337553,3.49,3.68345863888914,3.73252383062558,0.10616425197104243
1.530,54.958851,-28.746519,15.812528,56.456356,-26.062927,17.806543,3.04,3.20851411525014,2.39760432132826,0.10616425197104243
1.533,54.896797,-31.312233,17.238083,52.916645,-24.718735,17.609871,3.9,4.11618587153801,3.70595917488401,0.08835898543499149
1.535,50.838955,-27.263258,16.41168,56.187775,-29.261965,17.105936,4.38,4.62279336341961,5.25540031948234,0.08835898543499149
1.535,50.838955,-27.263258,16.41168,56.187775,-29.261965,17.105936,4.38,4.62279336341961,5.25540031948234,0.06461750817358242
1.536,52.916645,-24.718616,17.609802,56.187775,-29.261934,17.10589,3.94,4.15840316252814,3.87283675564477,0.06461750817358242
1.566,51.4506,41.28022,52.641716,55.522694,45.51041,56.454082,3.02,3.18740546975507,4.20974718374743,0.11735789489567625
1.1082,51.496315,40.923615,50.700367,51.882408,46.841766,55.605648,3.13,3.30350301997794,2.06866136373976,0.11735789489567625
1.571,51.473465,51.352066,36.877335,55.54303,54.492077,39.5331,2.64,2.7863412053488,4.08089358684242,0.10839443920044356
3.491,55.034206,51.75491,36.871132,55.56945,57.498413,39.943329,3.00338,3.16986418534867,1.75059508138797,0.10839443920044356
1.571,51.473465,51.352066,36.877335,55.54303,54.492077,39.5331,2.64,2.7863412053488,4.08089358684242,0.06430735126920113
3.508,55.034206,51.75491,36.871132,53.92606,51.968121,34.864212,2.43486,2.56982982850591,1.49971884946513,0.06430735126920113
1.571,51.473465,51.352066,36.877335,55.54303,54.492077,39.5331,2.64,2.7863412053488,4.08089358684242,0.16889675461377135
3.514,55.034206,51.75491,36.871132,57.032524,55.218678,37.564484,2.70135,2.85109197540492,2.19252176817759,0.16889675461377135
1.571,51.473465,51.352066,36.877335,55.54303,54.492077,39.5331,2.64,2.7863412053488,4.08089358684242,0.06111322007038642
3.517,55.034206,51.75491,36.871132,55.551159,56.168198,36.342747,2.61844,2.76358608550512,1.9385493160648,0.06111322007038642
1.608,64.314461,-0.04561,-0.044272,62.701313,-0.078866,-0.016986,1.4,1.47760518465467,1.35410172167071,0.06381481349681405
1.1397,61.316254,0.500816,0.336991,64.763649,0.456606,0.486569,2.17113,2.29148067468521,2.91364689701816,0.06381481349681405
1.686,37.644279,-30.3267,-1.19013,37.949902,-30.884563,-2.604484,1.27,1.34039898893674,1.01573516339912,0.08438122347399361
1.688,37.752544,-28.213318,-1.928556,37.806511,-33.786007,-1.780051,1.71,1.8047891898282,2.3850519097741,0.08438122347399361
1.720,65.826447,-1.697951,5.454526,67.051346,-1.637203,3.425771,2.08,2.19529913148694,1.96688276018876,0.0707618798669539
3.471,66.627518,-1.538718,3.45059,66.235474,-1.748199,3.392227,1.33767,1.41182009096929,0.430756289747068,0.0707618798669539
1.720,65.826447,-1.697951,5.454526,67.051346,-1.637203,3.425771,2.08,2.19529913148694,1.96688276018876,0.2921074751607062
3.475,66.627518,-1.538718,3.45059,67.064919,-1.275448,3.165702,2.16585,2.28590799227451,0.547559195488068,0.2921074751607062
1.720,65.826447,-1.697951,5.454526,67.051346,-1.637203,3.425771,2.08,2.19529913148694,1.96688276018876,0.7112020704683846
3.478,66.627518,-1.538718,3.45059,66.708221,-1.530576,3.61918,1.71328,1.80825100768939,0.161575414091489,0.7112020704683846
1.720,65.826447,-1.697951,5.454526,67.051346,-1.637203,3.425771,2.08,2.19529913148694,1.96688276018876,0.4169863079426498
3.481,66.627518,-1.538718,3.45059,67.027954,-1.380901,3.205375,1.71165,1.80653065308155,0.433299955779215,0.4169863079426498
1.721,67.051346,-1.637362,3.425857,67.186905,-2.95006,3.583408,2.3,2.42749423193267,1.70106426957094,0.25193957540086465
3.478,66.627518,-1.538718,3.45059,66.708221,-1.530576,3.61918,1.71328,1.80825100768939,0.161575414091489,0.25193957540086465
1.721,67.051346,-1.637362,3.425857,67.186905,-2.95006,3.583408,2.3,2.42749423193267,1.70106426957094,0.06217019765309656
3.481,66.627518,-1.538718,3.45059,67.027954,-1.380901,3.205375,1.71165,1.80653065308155,0.433299955779215,0.06217019765309656
1.722,67.186905,-2.94994,3.58331,67.22448,-2.59114,2.376471,1.37,1.44594221641207,1.10642133509529,0.11912282218114834
3.486,66.627518,-1.538718,3.45059,65.99086,0.428235,0.125481,1.71328,1.80825100768939,4.17660785982174,0.11912282218114834
1.724,65.826447,-1.626604,5.562673,67.22448,-1.693017,3.053566,3.17,3.34572031096807,2.41154009176952,0.055447608031839214
3.472,66.627518,-1.538718,3.45059,66.194679,0.258635,0.387968,3.5458,3.74235175982038,3.77598480697116,0.055447608031839214
1.724,65.826447,-1.626604,5.562673,67.22448,-1.693017,3.053566,3.17,3.34572031096807,2.41154009176952,0.06311911889270196
3.487,66.627518,-1.538718,3.45059,66.166168,0.258545,0.387836,3.27642,3.45803941364732,3.77819138400037,0.06311911889270196
1.726,65.826447,-1.626604,5.562673,67.051346,-1.637382,3.514867,2.45,2.58580907314567,1.98281007618809,0.2941549203951453
3.475,66.627518,-1.538718,3.45059,67.064919,-1.275448,3.165702,2.16585,2.28590799227451,0.547559195488068,0.2941549203951453
1.726,65.826447,-1.626604,5.562673,67.051346,-1.637382,3.514867,2.45,2.58580907314567,1.98281007618809,0.12138100811781294
3.478,66.627518,-1.538718,3.45059,66.708221,-1.530576,3.61918,1.71328,1.80825100768939,0.161575414091489,0.12138100811781294
1.726,65.826447,-1.626604,5.562673,67.051346,-1.637382,3.514867,2.45,2.58580907314567,1.98281007618809,0.07248356068823428
3.481,66.627518,-1.538718,3.45059,67.027954,-1.380901,3.205375,1.71165,1.80653065308155,0.433299955779215,0.07248356068823428
1.727,66.960732,-4.706641,5.623862,67.171867,-2.920039,4.982064,2.44,2.57525475039814,2.12835482672683,0.07614331168815774
3.475,66.627518,-1.538718,3.45059,67.064919,-1.275448,3.165702,2.16585,2.28590799227451,0.547559195488068,0.07614331168815774
1.728,67.171867,-2.91989,4.982072,66.76371,-3.188375,3.504724,1.36,1.43538789366454,1.36422569345931,0.06163833440162587
3.478,66.627518,-1.538718,3.45059,66.708221,-1.530576,3.61918,1.71328,1.80825100768939,0.161575414091489,0.06163833440162587
1.729,66.960732,-4.706641,5.623862,66.76371,-3.188146,3.504445,2.69,2.83911281908647,2.33481295184439,0.08017676663866453
3.475,66.627518,-1.538718,3.45059,67.064919,-1.275448,3.165702,2.16585,2.28590799227451,0.547559195488068,0.08017676663866453
1.730,67.426811,-2.186042,3.996931,66.76371,-3.188196,3.504646,1.87,1.97365835378874,1.48477178597193,0.19762835544897167
3.478,66.627518,-1.538718,3.45059,66.708221,-1.530576,3.61918,1.71328,1.80825100768939,0.161575414091489,0.19762835544897167
1.752,60.024014,-45.631672,44.886452,60.657871,-42.997601,41.651669,1.21,1.27707305245154,1.24503242685083,0.23706479680374634
3.407,61.055126,-45.734715,42.335033,57.96484,-41.877796,40.662785,1.528,1.6127005158231,3.00679651380053,0.23706479680374634
1.810,46.163795,-4.743269,-22.915791,46.055897,-4.659326,-26.422087,2.16,2.2797337134672,1.44374577318845,0.09009079671798437
1.1309,46.974487,-5.338224,-24.143667,50.08511,-4.324798,-22.836958,1.88337,1.98776948330219,3.28370784395415,0.09009079671798437
1.810,46.163795,-4.743269,-22.915791,46.055897,-4.659326,-26.422087,2.16,2.2797337134672,1.44374577318845,0.05989001348954907
1.1311,46.974487,-5.338224,-24.143667,49.447544,-6.69211,-27.026808,2.55258,2.69407531588987,2.9881132574997,0.05989001348954907
1.839,44.87149,35.810287,21.346605,45.359039,39.905754,23.929356,1.92,2.0264299675264,1.68960689408527,0.06714870381317793
1.1499,44.801201,38.272358,23.265364,41.673363,36.111137,22.008919,2.03366,2.14639039987487,3.00546643221302,0.06714870381317793
1.839,44.87149,35.810287,21.346605,45.359039,39.905754,23.929356,1.92,2.0264299675264,1.68960689408527,0.09773273505336519
1.1692,44.720165,37.766644,23.12565,48.579742,36.674446,22.534721,1.82541,1.92659662865749,3.770297917356,0.09773273505336519
1.839,44.87149,35.810287,21.346605,45.359039,39.905754,23.929356,1.92,2.0264299675264,1.68960689408527,0.07405762153031745
1.1705,44.720165,37.766644,23.12565,41.036758,36.816265,22.133057,1.68676,1.78026094376294,3.41544089851318,0.07405762153031745
1.839,44.87149,35.810287,21.346605,45.359039,39.905754,23.929356,1.92,2.0264299675264,1.68960689408527,0.05188448878296602
1.1713,44.720165,37.766644,23.12565,47.835133,38.069309,22.399614,1.68676,1.78026094376294,3.05054135781852,0.05188448878296602
1.840,45.359039,39.905666,23.929474,45.011585,36.240864,20.708874,1.82,1.92088674005107,1.74622180298447,0.08962176352400147
1.1692,44.720165,37.766644,23.12565,48.579742,36.674446,22.534721,1.82541,1.92659662865749,3.770297917356,0.08962176352400147
1.860,23.538761,-4.417905,-20.235949,23.966774,-6.903216,-22.121408,3.26,3.44070921569587,2.37574316092186,0.35420041297259147
1.862,23.605213,-7.957049,-20.846567,23.704475,-3.552516,-22.393524,3.1,3.27184005173534,3.86763546633068,0.35420041297259147
1.911,53.254585,0.169725,-0.951155,53.728653,-0.403217,1.871947,3.04,3.20851411525014,2.91134097715333,0.06387868846617778
1.913,52.608536,-1.90264,0.457344,53.373711,0.931705,-0.332856,3.63,3.83121915735461,4.21600645347342,0.06387868846617778
1.913,52.608536,-1.90264,0.457344,53.373711,0.931705,-0.332856,3.63,3.83121915735461,4.21600645347342,0.1517357916599041
1.1181,52.707874,-0.509537,0.432108,53.004173,-0.130079,-1.892733,2.90909,3.07034747616218,2.33975653782243,0.1517357916599041
1.913,52.608536,-1.90264,0.457344,53.373711,0.931705,-0.332856,3.63,3.83121915735461,4.21600645347342,0.43576722094030446
1.1355,52.960438,-0.215942,0.16867,53.276279,-1.970127,-0.912755,3.18519,3.36175232722158,2.66802809863955,0.43576722094030446
1.913,52.608536,-1.90264,0.457344,53.373711,0.931705,-0.332856,3.63,3.83121915735461,4.21600645347342,0.30575990814613246
1.1357,52.960438,-0.215942,0.16867,52.674797,1.47451,-0.956135,3.0963,3.26793495231875,2.68511661884008,0.30575990814613246
1.913,52.608536,-1.90264,0.457344,53.373711,0.931705,-0.332856,3.63,3.83121915735461,4.21600645347342,0.06552104624404742
1.1359,52.960438,-0.215942,0.16867,51.678555,-0.521563,-2.255281,2.96296,3.12720361280314,2.67026449202604,0.06552104624404742
1.913,52.608536,-1.90264,0.457344,53.373711,0.931705,-0.332856,3.63,3.83121915735461,4.21600645347342,0.08808354818299431
1.1362,52.960438,-0.215942,0.16867,53.080578,1.462485,1.143956,2.88148,3.04120699105624,2.5907448600467,0.08808354818299431
1.917,61.585136,0.716985,1.89157,61.48127,0.340969,-1.262825,3.32,3.50403515218107,3.08516184404546,0.08629048368159754
7.416,63.78670046345174,0.03242080829907179,0.10035764877245335,61.68871986942695,0.16649838872390132,-0.006524398489138328,2.999064,3.16530893965084,1.7919385620168,0.08629048368159754
1.919,61.394508,-0.548111,1.277802,61.202938,1.501194,0.748724,3.42,3.60957837965641,3.05671974264952,0.06815015837521463
7.416,63.78670046345174,0.03242080829907179,0.10035764877245335,61.68871986942695,0.16649838872390132,-0.006524398489138328,2.999064,3.16530893965084,1.7919385620168,0.06815015837521463
1.1066,51.496315,40.923615,50.700367,51.547668,43.522007,56.055313,1.9,2.00532132203134,1.62764777893595,0.06548287591258806
3.401,52.495605,42.108311,56.62326,50.950573,43.568226,50.865322,2.65176,2.7987530888999,3.34272548794741,0.06548287591258806
1.1071,51.496315,40.923615,50.700367,51.065292,40.159676,57.216358,3.03,3.1979597925026,3.01917519939491,0.0526212786786609
3.399,52.495605,42.108311,56.62326,51.027096,40.209427,53.043381,3.10411,3.27617787838457,1.79449658255,0.0526212786786609
1.1073,51.496315,40.923615,50.700367,51.467754,39.046726,56.623566,2.61,2.7546782371062,3.20420342644612,0.06095118836465162
3.396,52.495605,42.108311,56.62326,51.854164,40.490696,54.537426,2.3629,2.49388092201465,0.901179621041073,0.06095118836465162
1.1073,51.496315,40.923615,50.700367,51.467754,39.046726,56.623566,2.61,2.7546782371062,3.20420342644612,0.06420830251782078
3.399,52.495605,42.108311,56.62326,51.027096,40.209427,53.043381,3.10411,3.27617787838457,1.79449658255,0.06420830251782078
1.1119,65.592659,30.518431,37.095493,66.481705,30.508141,42.480831,2.36902,2.50034016753615,2.67492029328672,0.05942805768143481
1.1128,65.592659,30.518431,37.095493,65.057709,30.665947,39.804905,1.82232,1.9233353429285,1.34205868887442,0.05942805768143481
1.1143,47.235798,-4.873497,-25.659845,48.032433,-6.229394,-26.16704,0.899281,0.949130191472454,1.38607974860663,0.13052058111142578
1.1292,46.974487,-5.338224,-24.143667,50.132732,-5.439182,-23.602091,1.47228,1.55389182947384,3.14602643706531,0.13052058111142578
1.1143,47.235798,-4.873497,-25.659845,48.032433,-6.229394,-26.16704,0.899281,0.949130191472454,1.38607974860663,0.15636874926980776
1.1302,46.974487,-5.338224,-24.143667,50.08511,-5.116676,-23.47584,1.35755,1.43280208459139,3.11065299128791,0.15636874926980776
1.1143,47.235798,-4.873497,-25.659845,48.032433,-6.229394,-26.16704,0.899281,0.949130191472454,1.38607974860663,0.08284286314753576
1.1316,46.974487,-5.338224,-24.143667,49.689598,-6.203372,-24.980022,1.56788,1.65479115494026,2.81664153973454,0.08284286314753576
1.1144,47.235798,-4.873497,-25.659845,47.89254,-6.464955,-23.92292,1.11511,1.17692308390019,1.51485419205257,0.4538265687912279
1.1292,46.974487,-5.338224,-24.143667,50.132732,-5.439182,-23.602091,1.47228,1.55389182947384,3.14602643706531,0.4538265687912279
1.1144,47.235798,-4.873497,-25.659845,47.89254,-6.464955,-23.92292,1.11511,1.17692308390019,1.51485419205257,0.4292566922659402
1.1302,46.974487,-5.338224,-24.143667,50.08511,-5.116676,-23.47584,1.35755,1.43280208459139,3.11065299128791,0.4292566922659402
1.1144,47.235798,-4.873497,-25.659845,47.89254,-6.464955,-23.92292,1.11511,1.17692308390019,1.51485419205257,0.11184677092759898
1.1316,46.974487,-5.338224,-24.143667,49.689598,-6.203372,-24.980022,1.56788,1.65479115494026,2.81664153973454,0.11184677092759898
1.1145,47.235798,-4.873497,-25.659845,47.365646,-4.688555,-24.64673,0.707434,0.746648675857851,0.493464434274071,0.5545281000761348
1.1293,46.974487,-5.338224,-24.143667,49.0811,-5.199367,-24.532782,0.917782,0.968656743987665,2.08974074194146,0.5545281000761348
1.1145,47.235798,-4.873497,-25.659845,47.365646,-4.688555,-24.64673,0.707434,0.746648675857851,0.493464434274071,0.15867592320610024
1.1295,46.974487,-5.338224,-24.143667,48.685612,-6.246889,-24.185173,1.08031,1.14019404073878,1.84544984348759,0.15867592320610024
1.1145,47.235798,-4.873497,-25.659845,47.365646,-4.688555,-24.64673,0.707434,0.746648675857851,0.493464434274071,0.15035006748922553
1.1299,46.974487,-5.338224,-24.143667,48.760132,-5.697698,-25.600773,1.28107,1.35208262421825,1.90049494425897,0.15035006748922553
1.1145,47.235798,-4.873497,-25.659845,47.365646,-4.688555,-24.64673,0.707434,0.746648675857851,0.493464434274071,0.1176578157147057
1.1300,46.974487,-5.338224,-24.143667,48.698044,-4.678724,-26.183531,1.33843,1.41262221949811,1.91268583183267,0.1176578157147057
1.1145,47.235798,-4.873497,-25.659845,47.365646,-4.688555,-24.64673,0.707434,0.746648675857851,0.493464434274071,0.0755996290255291
1.1302,46.974487,-5.338224,-24.143667,50.08511,-5.116676,-23.47584,1.35755,1.43280208459139,3.11065299128791,0.0755996290255291
1.1145,47.235798,-4.873497,-25.659845,47.365646,-4.688555,-24.64673,0.707434,0.746648675857851,0.493464434274071,0.5931056541452543
1.1304,46.974487,-5.338224,-24.143667,49.093384,-5.260174,-24.724117,0.8413,0.887935172749981,2.10770063923317,0.5931056541452543
1.1145,47.235798,-4.873497,-25.659845,47.365646,-4.688555,-24.64673,0.707434,0.746648675857851,0.493464434274071,0.1871168137774738
1.1306,46.974487,-5.338224,-24.143667,48.809723,-5.845305,-23.965975,0.965583,1.01910746215315,1.85802803627099,0.1871168137774738
1.1145,47.235798,-4.873497,-25.659845,47.365646,-4.688555,-24.64673,0.707434,0.746648675857851,0.493464434274071,0.38168878993436073
1.1307,46.974487,-5.338224,-24.143667,48.871597,-5.8938,-24.960522,0.975143,1.02919739469979,1.96909291881226,0.38168878993436073
1.1146,47.235798,-4.873497,-25.659845,47.546543,-5.248015,-24.230824,1.05516,1.11364991902873,0.671858411262849,0.11162834479398506
1.1153,47.235798,-4.873497,-25.659845,48.373238,-2.047321,-26.305017,1.4988,1.5818818934003,2.52454012384203,0.11162834479398506
1.1146,47.235798,-4.873497,-25.659845,47.546543,-5.248015,-24.230824,1.05516,1.11364991902873,0.671858411262849,0.20134634103124482
1.1292,46.974487,-5.338224,-24.143667,50.132732,-5.439182,-23.602091,1.47228,1.55389182947384,3.14602643706531,0.20134634103124482
1.1146,47.235798,-4.873497,-25.659845,47.546543,-5.248015,-24.230824,1.05516,1.11364991902873,0.671858411262849,0.2877731503493373
1.1293,46.974487,-5.338224,-24.143667,49.0811,-5.199367,-24.532782,0.917782,0.968656743987665,2.08974074194146,0.2877731503493373
1.1146,47.235798,-4.873497,-25.659845,47.546543,-5.248015,-24.230824,1.05516,1.11364991902873,0.671858411262849,0.09706043142764285
1.1299,46.974487,-5.338224,-24.143667,48.760132,-5.697698,-25.600773,1.28107,1.35208262421825,1.90049494425897,0.09706043142764285
1.1146,47.235798,-4.873497,-25.659845,47.546543,-5.248015,-24.230824,1.05516,1.11364991902873,0.671858411262849,0.10795235111176074
1.1300,46.974487,-5.338224,-24.143667,48.698044,-4.678724,-26.183531,1.33843,1.41262221949811,1.91268583183267,0.10795235111176074
1.1146,47.235798,-4.873497,-25.659845,47.546543,-5.248015,-24.230824,1.05516,1.11364991902873,0.671858411262849,0.25346230368305034
1.1301,46.974487,-5.338224,-24.143667,49.423252,-6.380499,-24.647871,1.64436,1.73551061531339,2.58646672801835,0.25346230368305034
1.1146,47.235798,-4.873497,-25.659845,47.546543,-5.248015,-24.230824,1.05516,1.11364991902873,0.671858411262849,0.23470710413638973
1.1302,46.974487,-5.338224,-24.143667,50.08511,-5.116676,-23.47584,1.35755,1.43280208459139,3.11065299128791,0.23470710413638973
1.1146,47.235798,-4.873497,-25.659845,47.546543,-5.248015,-24.230824,1.05516,1.11364991902873,0.671858411262849,0.32015092630059155
1.1304,46.974487,-5.338224,-24.143667,49.093384,-5.260174,-24.724117,0.8413,0.887935172749981,2.10770063923317,0.32015092630059155
1.1146,47.235798,-4.873497,-25.659845,47.546543,-5.248015,-24.230824,1.05516,1.11364991902873,0.671858411262849,0.06465073233758839
1.1306,46.974487,-5.338224,-24.143667,48.809723,-5.845305,-23.965975,0.965583,1.01910746215315,1.85802803627099,0.06465073233758839
1.1146,47.235798,-4.873497,-25.659845,47.546543,-5.248015,-24.230824,1.05516,1.11364991902873,0.671858411262849,0.15230711448738374
1.1307,46.974487,-5.338224,-24.143667,48.871597,-5.8938,-24.960522,0.975143,1.02919739469979,1.96909291881226,0.15230711448738374
1.1146,47.235798,-4.873497,-25.659845,47.546543,-5.248015,-24.230824,1.05516,1.11364991902873,0.671858411262849,0.3574014589112009
1.1316,46.974487,-5.338224,-24.143667,49.689598,-6.203372,-24.980022,1.56788,1.65479115494026,2.81664153973454,0.3574014589112009
1.1146,47.235798,-4.873497,-25.659845,47.546543,-5.248015,-24.230824,1.05516,1.11364991902873,0.671858411262849,0.34627506592495694
1.1317,46.974487,-5.338224,-24.143667,49.520355,-6.036674,-24.016258,1.52008,1.60434149220705,2.58561947830162,0.34627506592495694
1.1147,47.235798,-4.873497,-25.659845,47.196739,-6.188429,-27.027718,1.31894,1.39205184446316,1.28499049786038,0.061074754393322654
1.1301,46.974487,-5.338224,-24.143667,49.423252,-6.380499,-24.647871,1.64436,1.73551061531339,2.58646672801835,0.061074754393322654
1.1147,47.235798,-4.873497,-25.659845,47.196739,-6.188429,-27.027718,1.31894,1.39205184446316,1.28499049786038,0.20801941575966854
1.1316,46.974487,-5.338224,-24.143667,49.689598,-6.203372,-24.980022,1.56788,1.65479115494026,2.81664153973454,0.20801941575966854
1.1148,47.235798,-4.873497,-25.659845,47.585175,-6.104958,-25.353298,0.683453,0.721338354476991,1.0299187853473,0.09189246785170141
1.1302,46.974487,-5.338224,-24.143667,50.08511,-5.116676,-23.47584,1.35755,1.43280208459139,3.11065299128791,0.09189246785170141
1.1150,47.235798,-4.873497,-25.659845,47.026924,-6.090162,-26.323709,1.1271,1.18957771687448,1.0831148305613,0.07331294302641245
1.1292,46.974487,-5.338224,-24.143667,50.132732,-5.439182,-23.602091,1.47228,1.55389182947384,3.14602643706531,0.07331294302641245
1.1150,47.235798,-4.873497,-25.659845,47.026924,-6.090162,-26.323709,1.1271,1.18957771687448,1.0831148305613,0.16044350315090217
1.1301,46.974487,-5.338224,-24.143667,49.423252,-6.380499,-24.647871,1.64436,1.73551061531339,2.58646672801835,0.16044350315090217
1.1150,47.235798,-4.873497,-25.659845,47.026924,-6.090162,-26.323709,1.1271,1.18957771687448,1.0831148305613,0.059631490248250964
1.1302,46.974487,-5.338224,-24.143667,50.08511,-5.116676,-23.47584,1.35755,1.43280208459139,3.11065299128791,0.059631490248250964
1.1150,47.235798,-4.873497,-25.659845,47.026924,-6.090162,-26.323709,1.1271,1.18957771687448,1.0831148305613,0.32415388022628744
1.1316,46.974487,-5.338224,-24.143667,49.689598,-6.203372,-24.980022,1.56788,1.65479115494026,2.81664153973454,0.32415388022628744
1.1150,47.235798,-4.873497,-25.659845,47.026924,-6.090162,-26.323709,1.1271,1.18957771687448,1.0831148305613,0.13231195012630775
1.1317,46.974487,-5.338224,-24.143667,49.520355,-6.036674,-24.016258,1.52008,1.60434149220705,2.58561947830162,0.13231195012630775
1.1151,47.235798,-4.873497,-25.659845,47.066196,-4.81769,-23.221413,1.7506,1.84763974018319,1.04325595340886,0.23878787842960308
1.1292,46.974487,-5.338224,-24.143667,50.132732,-5.439182,-23.602091,1.47228,1.55389182947384,3.14602643706531,0.23878787842960308
1.1151,47.235798,-4.873497,-25.659845,47.066196,-4.81769,-23.221413,1.7506,1.84763974018319,1.04325595340886,0.2405042259123751
1.1296,46.974487,-5.338224,-24.143667,49.374592,-6.211933,-26.086388,2.31358,2.44182700222382,2.63817711417305,0.2405042259123751
1.1151,47.235798,-4.873497,-25.659845,47.066196,-4.81769,-23.221413,1.7506,1.84763974018319,1.04325595340886,0.3352432206550494
1.1301,46.974487,-5.338224,-24.143667,49.423252,-6.380499,-24.647871,1.64436,1.73551061531339,2.58646672801835,0.3352432206550494
1.1151,47.235798,-4.873497,-25.659845,47.066196,-4.81769,-23.221413,1.7506,1.84763974018319,1.04325595340886,0.3902688781878514
1.1302,46.974487,-5.338224,-24.143667,50.08511,-5.116676,-23.47584,1.35755,1.43280208459139,3.11065299128791,0.3902688781878514
1.1151,47.235798,-4.873497,-25.659845,47.066196,-4.81769,-23.221413,1.7506,1.84763974018319,1.04325595340886,0.4382138635236391
1.1309,46.974487,-5.338224,-24.143667,50.08511,-4.324798,-22.836958,1.88337,1.98776948330219,3.28370784395415,0.4382138635236391
1.1151,47.235798,-4.873497,-25.659845,47.066196,-4.81769,-23.221413,1.7506,1.84763974018319,1.04325595340886,0.5037308501851843
1.1316,46.974487,-5.338224,-24.143667,49.689598,-6.203372,-24.980022,1.56788,1.65479115494026,2.81664153973454,0.5037308501851843
1.1151,47.235798,-4.873497,-25.659845,47.066196,-4.81769,-23.221413,1.7506,1.84763974018319,1.04325595340886,0.27580584020712684
1.1317,46.974487,-5.338224,-24.143667,49.520355,-6.036674,-24.016258,1.52008,1.60434149220705,2.58561947830162,0.27580584020712684
1.1154,47.235798,-4.873497,-25.659845,47.610901,-6.321294,-24.666119,1.19904,1.26550551472024,1.2191542186712,0.5157595147833329
1.1292,46.974487,-5.338224,-24.143667,50.132732,-5.439182,-23.602091,1.47228,1.55389182947384,3.14602643706531,0.5157595147833329
1.1154,47.235798,-4.873497,-25.659845,47.610901,-6.321294,-24.666119,1.19904,1.26550551472024,1.2191542186712,0.18232178667333507
1.1301,46.974487,-5.338224,-24.143667,49.423252,-6.380499,-24.647871,1.64436,1.73551061531339,2.58646672801835,0.18232178667333507
1.1154,47.235798,-4.873497,-25.659845,47.610901,-6.321294,-24.666119,1.19904,1.26550551472024,1.2191542186712,0.46653654398985783
1.1302,46.974487,-5.338224,-24.143667,50.08511,-5.116676,-23.47584,1.35755,1.43280208459139,3.11065299128791,0.46653654398985783
1.1154,47.235798,-4.873497,-25.659845,47.610901,-6.321294,-24.666119,1.19904,1.26550551472024,1.2191542186712,0.0510039661913048
1.1309,46.974487,-5.338224,-24.143667,50.08511,-4.324798,-22.836958,1.88337,1.98776948330219,3.28370784395415,0.0510039661913048
1.1154,47.235798,-4.873497,-25.659845,47.610901,-6.321294,-24.666119,1.19904,1.26550551472024,1.2191542186712,0.48513047946042004
1.1316,46.974487,-5.338224,-24.143667,49.689598,-6.203372,-24.980022,1.56788,1.65479115494026,2.81664153973454,0.48513047946042004
1.1154,47.235798,-4.873497,-25.659845,47.610901,-6.321294,-24.666119,1.19904,1.26550551472024,1.2191542186712,0.20841642666718274
1.1317,46.974487,-5.338224,-24.143667,49.520355,-6.036674,-24.016258,1.52008,1.60434149220705,2.58561947830162,0.20841642666718274
1.1155,47.235798,-4.873497,-25.659845,48.573505,-5.818207,-23.30015,1.64269,1.73374804341456,1.74655261864593,0.2892115588432966
1.1292,46.974487,-5.338224,-24.143667,50.132732,-5.439182,-23.602091,1.47228,1.55389182947384,3.14602643706531,0.2892115588432966
1.1155,47.235798,-4.873497,-25.659845,48.573505,-5.818207,-23.30015,1.64269,1.73374804341456,1.74655261864593,0.23089073595055687
1.1302,46.974487,-5.338224,-24.143667,50.08511,-5.116676,-23.47584,1.35755,1.43280208459139,3.11065299128791,0.23089073595055687
1.1155,47.235798,-4.873497,-25.659845,48.573505,-5.818207,-23.30015,1.64269,1.73374804341456,1.74655261864593,0.44703577355023194
1.1309,46.974487,-5.338224,-24.143667,50.08511,-4.324798,-22.836958,1.88337,1.98776948330219,3.28370784395415,0.44703577355023194
1.1156,47.235798,-4.873497,-25.659845,47.867039,-6.135065,-23.704105,1.13909,1.20223234984878,1.34797170427156,0.6217121262079304
1.1292,46.974487,-5.338224,-24.143667,50.132732,-5.439182,-23.602091,1.47228,1.55389182947384,3.14602643706531,0.6217121262079304
1.1156,47.235798,-4.873497,-25.659845,47.867039,-6.135065,-23.704105,1.13909,1.20223234984878,1.34797170427156,0.06465305425281666
1.1301,46.974487,-5.338224,-24.143667,49.423252,-6.380499,-24.647871,1.64436,1.73551061531339,2.58646672801835,0.06465305425281666
1.1156,47.235798,-4.873497,-25.659845,47.867039,-6.135065,-23.704105,1.13909,1.20223234984878,1.34797170427156,0.6217722586545413
1.1302,46.974487,-5.338224,-24.143667,50.08511,-5.116676,-23.47584,1.35755,1.43280208459139,3.11065299128791,0.6217722586545413
1.1156,47.235798,-4.873497,-25.659845,47.867039,-6.135065,-23.704105,1.13909,1.20223234984878,1.34797170427156,0.06856716469962217
1.1309,46.974487,-5.338224,-24.143667,50.08511,-4.324798,-22.836958,1.88337,1.98776948330219,3.28370784395415,0.06856716469962217
1.1156,47.235798,-4.873497,-25.659845,47.867039,-6.135065,-23.704105,1.13909,1.20223234984878,1.34797170427156,0.27250303068813597
1.1316,46.974487,-5.338224,-24.143667,49.689598,-6.203372,-24.980022,1.56788,1.65479115494026,2.81664153973454,0.27250303068813597
1.1156,47.235798,-4.873497,-25.659845,47.867039,-6.135065,-23.704105,1.13909,1.20223234984878,1.34797170427156,0.0884740779475874
1.1317,46.974487,-5.338224,-24.143667,49.520355,-6.036674,-24.016258,1.52008,1.60434149220705,2.58561947830162,0.0884740779475874
1.1177,52.707874,-0.509537,0.432108,52.839878,-1.470072,0.394608,1.83636,1.93815361206603,1.3587269789998,0.20196172407370747
1.1185,52.707874,-0.509537,0.432108,53.524734,0.935619,-1.505489,2.27273,2.39871259380015,2.90789854994547,0.20196172407370747
1.1177,52.707874,-0.509537,0.432108,52.839878,-1.470072,0.394608,1.83636,1.93815361206603,1.3587269789998,0.21081653287340144
1.1188,52.707874,-0.509537,0.432108,53.254585,1.798958,-0.066632,2.36364,2.49466194189797,3.43171717958978,0.21081653287340144
1.1178,52.707874,-0.509537,0.432108,52.508911,-1.114043,-1.547143,2.16364,2.28357548694731,2.09925262520291,0.07505262820445568
1.1188,52.707874,-0.509537,0.432108,53.254585,1.798958,-0.066632,2.36364,2.49466194189797,3.43171717958978,0.07505262820445568
1.1181,52.707874,-0.509537,0.432108,53.004173,-0.130079,-1.892733,2.90909,3.07034747616218,2.33975653782243,0.11300772887931952
1.1349,52.960438,-0.215942,0.16867,52.118702,0.745506,-3.347298,3.38519,3.57283878217224,3.63703624760353,0.11300772887931952
1.1184,52.707874,-0.509537,0.432108,53.058765,0.362148,-0.099415,1.63636,1.72706715711537,1.4421048566776,0.13987467665163517
1.1185,52.707874,-0.509537,0.432108,53.524734,0.935619,-1.505489,2.27273,2.39871259380015,2.90789854994547,0.13987467665163517
1.1184,52.707874,-0.509537,0.432108,53.058765,0.362148,-0.099415,1.63636,1.72706715711537,1.4421048566776,0.16447132722923263
1.1188,52.707874,-0.509537,0.432108,53.254585,1.798958,-0.066632,2.36364,2.49466194189797,3.43171717958978,0.16447132722923263
1.1185,52.707874,-0.509537,0.432108,53.524734,0.935619,-1.505489,2.27273,2.39871259380015,2.90789854994547,0.2889533495826578
1.1189,52.707874,-0.509537,0.432108,52.663757,0.20281,1.189207,1.81818,1.91896585331102,1.28815221164309,0.2889533495826578
1.1185,52.707874,-0.509537,0.432108,53.524734,0.935619,-1.505489,2.27273,2.39871259380015,2.90789854994547,0.2752725844282183
1.1364,52.960438,-0.215942,0.16867,53.036942,-1.095443,0.529626,1.6963,1.79032976766408,1.308723125216,0.2752725844282183
1.1185,52.707874,-0.509537,0.432108,53.524734,0.935619,-1.505489,2.27273,2.39871259380015,2.90789854994547,0.18025021100173416
1.1365,52.960438,-0.215942,0.16867,52.773941,0.644513,0.035434,1.60741,1.69651239276126,1.29648741172479,0.18025021100173416
1.1185,52.707874,-0.509537,0.432108,53.524734,0.935619,-1.505489,2.27273,2.39871259380015,2.90789854994547,0.17372986159409473
1.1370,52.960438,-0.215942,0.16867,52.817913,0.595608,1.064185,1.81481,1.9154090465451,1.48371041889495,0.17372986159409473
1.1185,52.707874,-0.509537,0.432108,53.524734,0.935619,-1.505489,2.27273,2.39871259380015,2.90789854994547,0.056871094325667636
1.1372,52.960438,-0.215942,0.16867,53.470875,-0.023033,-0.984022,1.47407,1.55578105324565,1.26951675281812,0.056871094325667636
1.1185,52.707874,-0.509537,0.432108,53.524734,0.935619,-1.505489,2.27273,2.39871259380015,2.90789854994547,0.051644882865819024
4.93,53.139946,-0.230001,-0.080036,54.464062,-0.230903,-0.011544,1.480926,1.56301709692136,1.27876426623813,0.051644882865819024
1.1186,52.707874,-0.509537,0.432108,53.395325,1.482182,-1.209027,3.0,3.16629682426,3.37954096211825,0.1648681914143704
1.1348,52.960438,-0.215942,0.16867,52.531075,1.135774,0.042401,2.51111,2.65030653945585,2.0264014197007,0.1648681914143704
1.1188,52.707874,-0.509537,0.432108,53.254585,1.798958,-0.066632,2.36364,2.49466194189797,3.43171717958978,0.4720321565265569
1.1189,52.707874,-0.509537,0.432108,52.663757,0.20281,1.189207,1.81818,1.91896585331102,1.28815221164309,0.4720321565265569
1.1188,52.707874,-0.509537,0.432108,53.254585,1.798958,-0.066632,2.36364,2.49466194189797,3.43171717958978,0.32856173042892467
1.1348,52.960438,-0.215942,0.16867,52.531075,1.135774,0.042401,2.51111,2.65030653945585,2.0264014197007,0.32856173042892467
1.1188,52.707874,-0.509537,0.432108,53.254585,1.798958,-0.066632,2.36364,2.49466194189797,3.43171717958978,0.18482066236094316
1.1352,52.960438,-0.215942,0.16867,52.241821,-1.112231,-1.044169,1.91852,2.02486792775977,1.87136830732781,0.18482066236094316
1.1188,52.707874,-0.509537,0.432108,53.254585,1.798958,-0.066632,2.36364,2.49466194189797,3.43171717958978,0.2198068412716059
1.1356,52.960438,-0.215942,0.16867,53.373714,-1.304437,-0.279672,1.7037,1.79813996649726,1.66284305147775,0.2198068412716059
1.1188,52.707874,-0.509537,0.432108,53.254585,1.798958,-0.066632,2.36364,2.49466194189797,3.43171717958978,0.23555119202633418
1.1364,52.960438,-0.215942,0.16867,53.036942,-1.095443,0.529626,1.6963,1.79032976766408,1.308723125216,0.23555119202633418
1.1188,52.707874,-0.509537,0.432108,53.254585,1.798958,-0.066632,2.36364,2.49466194189797,3.43171717958978,0.12629159377531152
1.1365,52.960438,-0.215942,0.16867,52.773941,0.644513,0.035434,1.60741,1.69651239276126,1.29648741172479,0.12629159377531152
1.1188,52.707874,-0.509537,0.432108,53.254585,1.798958,-0.066632,2.36364,2.49466194189797,3.43171717958978,0.2129095680095022
1.1367,52.960438,-0.215942,0.16867,52.542156,-0.29973,2.141883,2.04444,2.15776795979671,1.92327857570408,0.2129095680095022
1.1188,52.707874,-0.509537,0.432108,53.254585,1.798958,-0.066632,2.36364,2.49466194189797,3.43171717958978,0.5132318791694143
1.1370,52.960438,-0.215942,0.16867,52.817913,0.595608,1.064185,1.81481,1.9154090465451,1.48371041889495,0.5132318791694143
1.1188,52.707874,-0.509537,0.432108,53.254585,1.798958,-0.066632,2.36364,2.49466194189797,3.43171717958978,0.050048037196846695
4.202,50.679951,-1.53999,0.379926,50.315197,-0.461954,0.918365,1.760346,1.85792598313293,1.65433572095919,0.050048037196846695
1.1207,70.203941,-2.140631,43.501633,71.500641,-3.582546,43.627548,1.56584,1.65263807309976,1.41778502241884,0.07966209684490458
1.1212,70.203941,-2.140631,43.501633,75.220566,-2.796027,41.841209,1.77936,1.87799397240509,3.83775874450928,0.07966209684490458
1.1207,70.203941,-2.140631,43.501633,71.500641,-3.582546,43.627548,1.56584,1.65263807309976,1.41778502241884,0.17462939257913673
1.1215,70.203941,-2.140631,43.501633,74.221741,-2.38332,41.431679,1.74377,1.84043113774662,3.11967307565276,0.17462939257913673
1.1207,70.203941,-2.140631,43.501633,71.500641,-3.582546,43.627548,1.56584,1.65263807309976,1.41778502241884,0.434984357339029
1.1218,70.203941,-2.140631,43.501633,74.508461,-3.492687,43.69825,1.9395,2.04701089688409,3.37514116603254,0.434984357339029
1.1207,70.203941,-2.140631,43.501633,71.500641,-3.582546,43.627548,1.56584,1.65263807309976,1.41778502241884,0.42146280002497405
1.1223,70.203941,-2.140631,43.501633,74.27285,-3.521164,42.806984,1.98399,2.09396707878787,3.23377991522167,0.42146280002497405
1.1209,70.203941,-2.140631,43.501633,71.47345,-3.746199,45.188206,1.97509,2.08457373154256,1.54725230723906,0.3046250847136183
1.1218,70.203941,-2.140631,43.501633,74.508461,-3.492687,43.69825,1.9395,2.04701089688409,3.37514116603254,0.3046250847136183
1.1209,70.203941,-2.140631,43.501633,71.47345,-3.746199,45.188206,1.97509,2.08457373154256,1.54725230723906,0.1744524104005345
1.1223,70.203941,-2.140631,43.501633,74.27285,-3.521164,42.806984,1.98399,2.09396707878787,3.23377991522167,0.1744524104005345
1.1209,70.203941,-2.140631,43.501633,71.47345,-3.746199,45.188206,1.97509,2.08457373154256,1.54725230723906,0.05204593835615561
1.1226,70.203941,-2.140631,43.501633,74.413094,-4.507824,42.181534,2.41103,2.54467887739853,3.63635276481382,0.05204593835615561
1.1212,70.203941,-2.140631,43.501633,75.220566,-2.796027,41.841209,1.77936,1.87799397240509,3.83775874450928,0.2021146222010697
1.1219,70.203941,-2.140631,43.501633,71.886292,-1.73426,42.661289,1.36121,1.43666496671699,1.34393478484299,0.2021146222010697
1.1214,70.203941,-2.140631,43.501633,71.104706,-3.401385,44.383648,1.61032,1.69958370068079,1.13962440751578,0.2715707733188795
1.1218,70.203941,-2.140631,43.501633,74.508461,-3.492687,43.69825,1.9395,2.04701089688409,3.37514116603254,0.2715707733188795
1.1214,70.203941,-2.140631,43.501633,71.104706,-3.401385,44.383648,1.61032,1.69958370068079,1.13962440751578,0.2347267136708428
1.1223,70.203941,-2.140631,43.501633,74.27285,-3.521164,42.806984,1.98399,2.09396707878787,3.23377991522167,0.2347267136708428
1.1215,70.203941,-2.140631,43.501633,74.221741,-2.38332,41.431679,1.74377,1.84043113774662,3.11967307565276,0.49393716272073596
1.1219,70.203941,-2.140631,43.501633,71.886292,-1.73426,42.661289,1.36121,1.43666496671699,1.34393478484299,0.49393716272073596
1.1218,70.203941,-2.140631,43.501633,74.508461,-3.492687,43.69825,1.9395,2.04701089688409,3.37514116603254,0.16677181057563153
1.1219,70.203941,-2.140631,43.501633,71.886292,-1.73426,42.661289,1.36121,1.43666496671699,1.34393478484299,0.16677181057563153
1.1219,70.203941,-2.140631,43.501633,71.886292,-1.73426,42.661289,1.36121,1.43666496671699,1.34393478484299,0.07530241754359061
1.1221,70.203941,-2.140631,43.501633,75.170509,-3.340276,41.118469,1.90391,2.00944806222562,3.92632446135975,0.07530241754359061
1.1219,70.203941,-2.140631,43.501633,71.886292,-1.73426,42.661289,1.36121,1.43666496671699,1.34393478484299,0.18173458444628832
1.1223,70.203941,-2.140631,43.501633,74.27285,-3.521164,42.806984,1.98399,2.09396707878787,3.23377991522167,0.18173458444628832
1.1237,65.388947,31.454832,35.579201,63.941689,32.329018,33.111778,2.48045,2.61794698591191,2.01979684667798,0.06994363169635742
1.1242,65.388947,31.454832,35.579201,61.62833,30.363129,31.302296,3.12011,3.29306479478063,3.695423562207,0.06994363169635742
1.1262,46.882519,11.672404,-14.785732,47.378597,12.399621,-14.607193,1.08359,1.14365585859997,0.822262228625847,0.07935195117368246
1.1274,46.882519,11.672404,-14.785732,47.981628,9.275043,-12.686072,1.56863,1.65558272914632,2.35018550579429,0.07935195117368246
1.1274,46.882519,11.672404,-14.785732,47.981628,9.275043,-12.686072,1.56863,1.65558272914632,2.35018550579429,0.07892327481500071
1.1276,46.882519,11.672404,-14.785732,47.313763,10.550118,-14.58247,0.995872,1.05107545032315,1.024619523763,0.07892327481500071
1.1274,46.882519,11.672404,-14.785732,47.981628,9.275043,-12.686072,1.56863,1.65558272914632,2.35018550579429,0.06419880692533
6.56,46.37,11.52,-12.74,46.87492297242738,12.259533646484577,-12.251397770115723,1.02,1.0765409202484,0.934631145448665,0.06419880692533
1.1274,46.882519,11.672404,-14.785732,47.981628,9.275043,-12.686072,1.56863,1.65558272914632,2.35018550579429,0.07352647302800212
6.57,46.5,11.45,-12.65,47.2555808764245,10.678796210717156,-11.726827876549017,1.02,1.0765409202484,1.05218350451798,0.07352647302800212
1.1274,46.882519,11.672404,-14.785732,47.981628,9.275043,-12.686072,1.56863,1.65558272914632,2.35018550579429,0.051642621370313405
6.58,46.11,11.55,-12.72,45.51149968860556,12.276235317612905,-12.30074074571852,1.02,1.0765409202484,0.947197538914811,0.051642621370313405
1.1274,46.882519,11.672404,-14.785732,47.981628,9.275043,-12.686072,1.56863,1.65558272914632,2.35018550579429,0.07396369587531498
6.59,46.18,11.43,-12.72,47.04647562874069,12.060164093629588,-13.365168000620775,1.02,1.0765409202484,1.0081757425554,0.07396369587531498
1.1274,46.882519,11.672404,-14.785732,47.981628,9.275043,-12.686072,1.56863,1.65558272914632,2.35018550579429,0.09470130932970439
6.212,46.37,11.52,-12.74,45.86507702757263,10.780466353515427,-13.228602229884313,1.02,1.0765409202484,0.957083508295844,0.09470130932970439
1.1274,46.882519,11.672404,-14.785732,47.981628,9.275043,-12.686072,1.56863,1.65558272914632,2.35018550579429,0.07174320401422699
6.213,46.5,11.45,-12.65,45.74441912357551,12.221203789282931,-13.573172123450995,1.02,1.0765409202484,1.02616141056628,0.07174320401422699
1.1274,46.882519,11.672404,-14.785732,47.981628,9.275043,-12.686072,1.56863,1.65558272914632,2.35018550579429,0.11120324023446965
6.214,46.11,11.55,-12.72,46.708500311394445,10.823764682387104,-13.139259254281477,1.02,1.0765409202484,0.971465876669206,0.11120324023446965
1.1292,46.974487,-5.338224,-24.143667,50.132732,-5.439182,-23.602091,1.47228,1.55389182947384,3.14602643706531,0.1438144083479872
1.1295,46.974487,-5.338224,-24.143667,48.685612,-6.246889,-24.185173,1.08031,1.14019404073878,1.84544984348759,0.1438144083479872
1.1292,46.974487,-5.338224,-24.143667,50.132732,-5.439182,-23.602091,1.47228,1.55389182947384,3.14602643706531,0.08938961958172921
1.1299,46.974487,-5.338224,-24.143667,48.760132,-5.697698,-25.600773,1.28107,1.35208262421825,1.90049494425897,0.08938961958172921
1.1292,46.974487,-5.338224,-24.143667,50.132732,-5.439182,-23.602091,1.47228,1.55389182947384,3.14602643706531,0.051777245159723886
1.1300,46.974487,-5.338224,-24.143667,48.698044,-4.678724,-26.183531,1.33843,1.41262221949811,1.91268583183267,0.051777245159723886
1.1292,46.974487,-5.338224,-24.143667,50.132732,-5.439182,-23.602091,1.47228,1.55389182947384,3.14602643706531,0.5522717480739577
1.1303,46.974487,-5.338224,-24.143667,47.981628,-6.69933,-23.871952,1.31931,1.39244235440482,1.48407683518554,0.5522717480739577
1.1292,46.974487,-5.338224,-24.143667,50.132732,-5.439182,-23.602091,1.47228,1.55389182947384,3.14602643706531,0.2983395733375538
1.1305,46.974487,-5.338224,-24.143667,48.272621,-4.212461,-25.531704,1.20459,1.27136316384512,1.6044636995745,0.2983395733375538
1.1292,46.974487,-5.338224,-24.143667,50.132732,-5.439182,-23.602091,1.47228,1.55389182947384,3.14602643706531,0.10528171718526776
1.1306,46.974487,-5.338224,-24.143667,48.809723,-5.845305,-23.965975,0.965583,1.01910746215315,1.85802803627099,0.10528171718526776
1.1295,46.974487,-5.338224,-24.143667,48.685612,-6.246889,-24.185173,1.08031,1.14019404073878,1.84544984348759,0.1219779132800374
1.1302,46.974487,-5.338224,-24.143667,50.08511,-5.116676,-23.47584,1.35755,1.43280208459139,3.11065299128791,0.1219779132800374
1.1299,46.974487,-5.338224,-24.143667,48.760132,-5.697698,-25.600773,1.28107,1.35208262421825,1.90049494425897,0.061092125390287785
1.1302,46.974487,-5.338224,-24.143667,50.08511,-5.116676,-23.47584,1.35755,1.43280208459139,3.11065299128791,0.061092125390287785
1.1302,46.974487,-5.338224,-24.143667,50.08511,-5.116676,-23.47584,1.35755,1.43280208459139,3.11065299128791,0.4721191808209757
1.1303,46.974487,-5.338224,-24.143667,47.981628,-6.69933,-23.871952,1.31931,1.39244235440482,1.48407683518554,0.4721191808209757
1.1302,46.974487,-5.338224,-24.143667,50.08511,-5.116676,-23.47584,1.35755,1.43280208459139,3.11065299128791,0.2845073267209774
1.1305,46.974487,-5.338224,-24.143667,48.272621,-4.212461,-25.531704,1.20459,1.27136316384512,1.6044636995745,0.2845073267209774
1.1302,46.974487,-5.338224,-24.143667,50.08511,-5.116676,-23.47584,1.35755,1.43280208459139,3.11065299128791,0.10530959287256682
1.1306,46.974487,-5.338224,-24.143667,48.809723,-5.845305,-23.965975,0.965583,1.01910746215315,1.85802803627099,0.10530959287256682
1.1303,46.974487,-5.338224,-24.143667,47.981628,-6.69933,-23.871952,1.31931,1.39244235440482,1.48407683518554,0.16270028991848826
1.1309,46.974487,-5.338224,-24.143667,50.08511,-4.324798,-22.836958,1.88337,1.98776948330219,3.28370784395415,0.16270028991848826
1.1303,46.974487,-5.338224,-24.143667,47.981628,-6.69933,-23.871952,1.31931,1.39244235440482,1.48407683518554,0.1857337962465682
1.1316,46.974487,-5.338224,-24.143667,49.689598,-6.203372,-24.980022,1.56788,1.65479115494026,2.81664153973454,0.1857337962465682
1.1305,46.974487,-5.338224,-24.143667,48.272621,-4.212461,-25.531704,1.20459,1.27136316384512,1.6044636995745,0.07645635227975206
1.1309,46.974487,-5.338224,-24.143667,50.08511,-4.324798,-22.836958,1.88337,1.98776948330219,3.28370784395415,0.07645635227975206
1.1305,46.974487,-5.338224,-24.143667,48.272621,-4.212461,-25.531704,1.20459,1.27136316384512,1.6044636995745,0.05775441019608325
1.1316,46.974487,-5.338224,-24.143667,49.689598,-6.203372,-24.980022,1.56788,1.65479115494026,2.81664153973454,0.05775441019608325
1.1374,61.316254,0.500816,0.336991,61.385818,-0.211296,2.085141,2.07626,2.19135181477936,1.98378396668712,0.30356091486621156
7.358,62.701314100441266,1.4379908404002495,-0.1751158566154487,62.57510908259357,-1.0865975402239436,0.3160591521840894,2.658653,2.80602818356978,3.75318573006797,0.30356091486621156
1.1375,61.316254,0.500816,0.336991,61.324955,-0.026105,2.377341,2.03748,2.15042215116443,2.09873917507178,0.08097795849557156
7.54,62.650880690858955,0.13654519266420584,0.058882039320318214,63.5160681944692,0.10352450549339087,0.08620181826528572,1.572785,1.65996805024792,0.731850287746402,0.08097795849557156
1.1375,61.316254,0.500816,0.336991,61.324955,-0.026105,2.377341,2.03748,2.15042215116443,2.09873917507178,0.0788881217674182
7.60,62.650880690858955,0.13654519266420584,0.058882039320318214,61.68871986942695,0.1668234227281129,-0.006548671054829036,1.615875,1.70544662696705,0.825226605499617,0.0788881217674182
1.1375,61.316254,0.500816,0.336991,61.324955,-0.026105,2.377341,2.03748,2.15042215116443,2.09873917507178,0.1748221631062207
7.358,62.701314100441266,1.4379908404002495,-0.1751158566154487,62.57510908259357,-1.0865975402239436,0.3160591521840894,2.658653,2.80602818356978,3.75318573006797,0.1748221631062207
1.1375,61.316254,0.500816,0.336991,61.324955,-0.026105,2.377341,2.03748,2.15042215116443,2.09873917507178,0.06707357436266531
7.402,63.16063819673245,0.14105062760799703,0.13801795485133272,62.262057519931304,0.16800188416005168,-0.006586186807155947,1.503841,1.58720232749733,0.776144543590609,0.06707357436266531
1.1376,61.316254,0.500816,0.336991,61.229115,0.506952,1.28481,1.14551,1.20900822505269,0.921994238052581,0.09189466222740382
1.1396,61.316254,0.500816,0.336991,63.998638,0.519966,0.388502,1.64045,1.73138387511911,2.27582540874478,0.09189466222740382
1.1376,61.316254,0.500816,0.336991,61.229115,0.506952,1.28481,1.14551,1.20900822505269,0.921994238052581,0.07503372439137979
4.103,60.460007,-0.239831,0.050053,63.133312,-0.252147,-0.026832,1.76966,1.86775627933999,2.29512472278671,0.07503372439137979
1.1377,61.316254,0.500816,0.336991,61.12429,0.507838,2.114347,1.8217,1.92268097491815,1.70267383275322,0.07036906436854087
1.1414,61.316254,0.500816,0.336991,57.837181,0.718357,0.516146,1.97175,2.08104858774489,3.09892687715575,0.07036906436854087
1.1377,61.316254,0.500816,0.336991,61.12429,0.507838,2.114347,1.8217,1.92268097491815,1.70267383275322,0.05888851882570868
1.1441,61.316254,0.500816,0.336991,57.779877,0.569369,0.137098,1.93161,2.03868353623629,3.13821560631952,0.05888851882570868
1.1377,61.316254,0.500816,0.336991,61.12429,0.507838,2.114347,1.8217,1.92268097491815,1.70267383275322,0.057112184017648865
7.243,62.692913020733926,-0.025525748824417605,1.8463105034097316,62.701314100441266,1.437843959815388,-0.17508085917068428,2.313933,2.44219956981681,2.9214174492907,0.057112184017648865
1.1378,61.316254,0.500816,0.336991,61.159264,0.971863,1.755302,1.77933,1.87796230943685,1.49925991708431,0.05387505794024878
1.1411,61.316254,0.500816,0.336991,58.574184,1.398493,0.652862,2.20215,2.32422018384806,2.73954819113453,0.05387505794024878
1.1378,61.316254,0.500816,0.336991,61.159264,0.971863,1.755302,1.77933,1.87796230943685,1.49925991708431,0.17740733743898857
1.1414,61.316254,0.500816,0.336991,57.837181,0.718357,0.516146,1.97175,2.08104858774489,3.09892687715575,0.17740733743898857
1.1378,61.316254,0.500816,0.336991,61.159264,0.971863,1.755302,1.77933,1.87796230943685,1.49925991708431,0.05186596884222186
1.1418,61.316254,0.500816,0.336991,57.124107,0.403779,0.222178,2.01137,2.12286481447062,3.73254869365627,0.05186596884222186
1.1378,61.316254,0.500816,0.336991,61.159264,0.971863,1.755302,1.77933,1.87796230943685,1.49925991708431,0.09318321776109273
1.1437,61.316254,0.500816,0.336991,58.27359,-0.17394,0.562631,2.09546,2.21161611445462,2.87459847943079,0.09318321776109273
1.1378,61.316254,0.500816,0.336991,61.159264,0.971863,1.755302,1.77933,1.87796230943685,1.49925991708431,0.08125770777333678
1.1440,61.316254,0.500816,0.336991,58.065514,0.380088,0.323598,2.07626,2.19135181477936,2.87712140683387,0.08125770777333678
1.1378,61.316254,0.500816,0.336991,61.159264,0.971863,1.755302,1.77933,1.87796230943685,1.49925991708431,0.14017360098606627
1.1441,61.316254,0.500816,0.336991,57.779877,0.569369,0.137098,1.93161,2.03868353623629,3.13821560631952,0.14017360098606627
1.1378,61.316254,0.500816,0.336991,61.159264,0.971863,1.755302,1.77933,1.87796230943685,1.49925991708431,0.17725453770786564
7.243,62.692913020733926,-0.025525748824417605,1.8463105034097316,62.701314100441266,1.437843959815388,-0.17508085917068428,2.313933,2.44219956981681,2.9214174492907,0.17725453770786564
1.1378,61.316254,0.500816,0.336991,61.159264,0.971863,1.755302,1.77933,1.87796230943685,1.49925991708431,0.05838791937749681
7.319,62.667699012913516,0.41939590876782784,-1.538020821793018,62.57510908259357,-1.0868373718551094,0.31602629685616446,2.275152,2.4012688507696,2.81435611036367,0.05838791937749681
1.1378,61.316254,0.500816,0.336991,61.159264,0.971863,1.755302,1.77933,1.87796230943685,1.49925991708431,0.11422483362277097
7.349,62.7516829552152,1.1254295846548357,-0.015150175225198126,62.60038251922951,-0.7739016305569613,0.2356570313907902,2.219135,2.34214670103474,2.82294776955766,0.11422483362277097
1.1379,61.316254,0.500816,0.336991,61.351051,1.271677,1.449992,1.8217,1.92268097491815,1.49999313546416,0.07223986289563368
1.1397,61.316254,0.500816,0.336991,64.763649,0.456606,0.486569,2.17113,2.29148067468521,2.91364689701816,0.07223986289563368
1.1379,61.316254,0.500816,0.336991,61.351051,1.271677,1.449992,1.8217,1.92268097491815,1.49999313546416,0.05537705546776476
1.1411,61.316254,0.500816,0.336991,58.574184,1.398493,0.652862,2.20215,2.32422018384806,2.73954819113453,0.05537705546776476
1.1379,61.316254,0.500816,0.336991,61.351051,1.271677,1.449992,1.8217,1.92268097491815,1.49999313546416,0.1482460955026305
1.1414,61.316254,0.500816,0.336991,57.837181,0.718357,0.516146,1.97175,2.08104858774489,3.09892687715575,0.1482460955026305
1.1379,61.316254,0.500816,0.336991,61.351051,1.271677,1.449992,1.8217,1.92268097491815,1.49999313546416,0.07555684280825077
1.1437,61.316254,0.500816,0.336991,58.27359,-0.17394,0.562631,2.09546,2.21161611445462,2.87459847943079,0.07555684280825077
1.1379,61.316254,0.500816,0.336991,61.351051,1.271677,1.449992,1.8217,1.92268097491815,1.49999313546416,0.07005685068559617
1.1440,61.316254,0.500816,0.336991,58.065514,0.380088,0.323598,2.07626,2.19135181477936,2.87712140683387,0.07005685068559617
1.1379,61.316254,0.500816,0.336991,61.351051,1.271677,1.449992,1.8217,1.92268097491815,1.49999313546416,0.11801170408442553
1.1441,61.316254,0.500816,0.336991,57.779877,0.569369,0.137098,1.93161,2.03868353623629,3.13821560631952,0.11801170408442553
1.1379,61.316254,0.500816,0.336991,61.351051,1.271677,1.449992,1.8217,1.92268097491815,1.49999313546416,0.20174007198862443
7.243,62.692913020733926,-0.025525748824417605,1.8463105034097316,62.701314100441266,1.437843959815388,-0.17508085917068428,2.313933,2.44219956981681,2.9214174492907,0.20174007198862443
1.1379,61.316254,0.500816,0.336991,61.351051,1.271677,1.449992,1.8217,1.92268097491815,1.49999313546416,0.06506518531544636
7.319,62.667699012913516,0.41939590876782784,-1.538020821793018,62.57510908259357,-1.0868373718551094,0.31602629685616446,2.275152,2.4012688507696,2.81435611036367,0.06506518531544636
1.1379,61.316254,0.500816,0.336991,61.351051,1.271677,1.449992,1.8217,1.92268097491815,1.49999313546416,0.14093590965054179
7.349,62.7516829552152,1.1254295846548357,-0.015150175225198126,62.60038251922951,-0.7739016305569613,0.2356570313907902,2.219135,2.34214670103474,2.82294776955766,0.14093590965054179
1.1380,61.316254,0.500816,0.336991,61.202938,1.2229,1.126646,1.75789,1.85533384146614,1.26109914983269,0.13271665000743763
1.1397,61.316254,0.500816,0.336991,64.763649,0.456606,0.486569,2.17113,2.29148067468521,2.91364689701816,0.13271665000743763
1.1380,61.316254,0.500816,0.336991,61.202938,1.2229,1.126646,1.75789,1.85533384146614,1.26109914983269,0.22982411209519282
1.1411,61.316254,0.500816,0.336991,58.574184,1.398493,0.652862,2.20215,2.32422018384806,2.73954819113453,0.22982411209519282
1.1380,61.316254,0.500816,0.336991,61.202938,1.2229,1.126646,1.75789,1.85533384146614,1.26109914983269,0.28111929256539164
1.1414,61.316254,0.500816,0.336991,57.837181,0.718357,0.516146,1.97175,2.08104858774489,3.09892687715575,0.28111929256539164
1.1380,61.316254,0.500816,0.336991,61.202938,1.2229,1.126646,1.75789,1.85533384146614,1.26109914983269,0.05098158942473697
1.1416,61.316254,0.500816,0.336991,57.016914,0.73156,0.231314,2.15239,2.27170187385633,3.84244917204097,0.05098158942473697
1.1380,61.316254,0.500816,0.336991,61.202938,1.2229,1.126646,1.75789,1.85533384146614,1.26109914983269,0.0679402501163616
1.1418,61.316254,0.500816,0.336991,57.124107,0.403779,0.222178,2.01137,2.12286481447062,3.73254869365627,0.0679402501163616
1.1380,61.316254,0.500816,0.336991,61.202938,1.2229,1.126646,1.75789,1.85533384146614,1.26109914983269,0.06462268501549744
1.1421,61.316254,0.500816,0.336991,64.314461,0.45935,0.603762,1.99162,2.10202002704424,2.55199216473992,0.06462268501549744
1.1380,61.316254,0.500816,0.336991,61.202938,1.2229,1.126646,1.75789,1.85533384146614,1.26109914983269,0.23564410483113943
1.1437,61.316254,0.500816,0.336991,58.27359,-0.17394,0.562631,2.09546,2.21161611445462,2.87459847943079,0.23564410483113943
1.1380,61.316254,0.500816,0.336991,61.202938,1.2229,1.126646,1.75789,1.85533384146614,1.26109914983269,0.2270656284856445
1.1440,61.316254,0.500816,0.336991,58.065514,0.380088,0.323598,2.07626,2.19135181477936,2.87712140683387,0.2270656284856445
1.1380,61.316254,0.500816,0.336991,61.202938,1.2229,1.126646,1.75789,1.85533384146614,1.26109914983269,0.22997208928805724
1.1441,61.316254,0.500816,0.336991,57.779877,0.569369,0.137098,1.93161,2.03868353623629,3.13821560631952,0.22997208928805724
1.1380,61.316254,0.500816,0.336991,61.202938,1.2229,1.126646,1.75789,1.85533384146614,1.26109914983269,0.056269607463658666
7.222,62.692913020733926,0.018020805553853325,1.2857434604606643,62.692913020733926,0.393907302230434,-1.3157308521847488,2.400113,2.53315672325505,2.60233151905256,0.056269607463658666
1.1380,61.316254,0.500816,0.336991,61.202938,1.2229,1.126646,1.75789,1.85533384146614,1.26109914983269,0.3259780852903767
7.243,62.692913020733926,-0.025525748824417605,1.8463105034097316,62.701314100441266,1.437843959815388,-0.17508085917068428,2.313933,2.44219956981681,2.9214174492907,0.3259780852903767
1.1380,61.316254,0.500816,0.336991,61.202938,1.2229,1.126646,1.75789,1.85533384146614,1.26109914983269,0.174769462246545
7.319,62.667699012913516,0.41939590876782784,-1.538020821793018,62.57510908259357,-1.0868373718551094,0.31602629685616446,2.275152,2.4012688507696,2.81435611036367,0.174769462246545
1.1380,61.316254,0.500816,0.336991,61.202938,1.2229,1.126646,1.75789,1.85533384146614,1.26109914983269,0.37486916677159005
7.349,62.7516829552152,1.1254295846548357,-0.015150175225198126,62.60038251922951,-0.7739016305569613,0.2356570313907902,2.219135,2.34214670103474,2.82294776955766,0.37486916677159005
1.1381,61.316254,0.500816,0.336991,61.12429,1.496262,1.11112,1.86341,1.96670305509811,1.5736123682623,0.058285168921183364
1.1413,61.316254,0.500816,0.336991,58.046539,1.182882,0.464981,2.51482,2.65422219319518,3.04877456812333,0.058285168921183364
1.1381,61.316254,0.500816,0.336991,61.12429,1.496262,1.11112,1.86341,1.96670305509811,1.5736123682623,0.16928229668793116
1.1414,61.316254,0.500816,0.336991,57.837181,0.718357,0.516146,1.97175,2.08104858774489,3.09892687715575,0.16928229668793116
1.1381,61.316254,0.500816,0.336991,61.12429,1.496262,1.11112,1.86341,1.96670305509811,1.5736123682623,0.06439050019926462
1.1416,61.316254,0.500816,0.336991,57.016914,0.73156,0.231314,2.15239,2.27170187385633,3.84244917204097,0.06439050019926462
1.1381,61.316254,0.500816,0.336991,61.12429,1.496262,1.11112,1.86341,1.96670305509811,1.5736123682623,0.07202981257512142
1.1418,61.316254,0.500816,0.336991,57.124107,0.403779,0.222178,2.01137,2.12286481447062,3.73254869365627,0.07202981257512142
1.1381,61.316254,0.500816,0.336991,61.12429,1.496262,1.11112,1.86341,1.96670305509811,1.5736123682623,0.06133296970717325
1.1437,61.316254,0.500816,0.336991,58.27359,-0.17394,0.562631,2.09546,2.21161611445462,2.87459847943079,0.06133296970717325
1.1381,61.316254,0.500816,0.336991,61.12429,1.496262,1.11112,1.86341,1.96670305509811,1.5736123682623,0.06258260362369204
1.1440,61.316254,0.500816,0.336991,58.065514,0.380088,0.323598,2.07626,2.19135181477936,2.87712140683387,0.06258260362369204
1.1381,61.316254,0.500816,0.336991,61.12429,1.496262,1.11112,1.86341,1.96670305509811,1.5736123682623,0.15111840099420257
1.1441,61.316254,0.500816,0.336991,57.779877,0.569369,0.137098,1.93161,2.03868353623629,3.13821560631952,0.15111840099420257
1.1381,61.316254,0.500816,0.336991,61.12429,1.496262,1.11112,1.86341,1.96670305509811,1.5736123682623,0.13503494970898824
7.243,62.692913020733926,-0.025525748824417605,1.8463105034097316,62.701314100441266,1.437843959815388,-0.17508085917068428,2.313933,2.44219956981681,2.9214174492907,0.13503494970898824
1.1381,61.316254,0.500816,0.336991,61.12429,1.496262,1.11112,1.86341,1.96670305509811,1.5736123682623,0.08986901777734405
7.349,62.7516829552152,1.1254295846548357,-0.015150175225198126,62.60038251922951,-0.7739016305569613,0.2356570313907902,2.219135,2.34214670103474,2.82294776955766,0.08986901777734405
1.1381,61.316254,0.500816,0.336991,61.12429,1.496262,1.11112,1.86341,1.96670305509811,1.5736123682623,0.06066168595671914
7.358,62.701314100441266,1.4379908404002495,-0.1751158566154487,62.57510908259357,-1.0865975402239436,0.3160591521840894,2.658653,2.80602818356978,3.75318573006797,0.06066168595671914
1.1382,61.316254,0.500816,0.336991,61.133038,1.558066,0.90555,1.77933,1.87796230943685,1.5754302761531,0.16961505846299893
1.1414,61.316254,0.500816,0.336991,57.837181,0.718357,0.516146,1.97175,2.08104858774489,3.09892687715575,0.16961505846299893
1.1382,61.316254,0.500816,0.336991,61.133038,1.558066,0.90555,1.77933,1.87796230943685,1.5754302761531,0.061721305631465974
1.1416,61.316254,0.500816,0.336991,57.016914,0.73156,0.231314,2.15239,2.27170187385633,3.84244917204097,0.061721305631465974
1.1382,61.316254,0.500816,0.336991,61.133038,1.558066,0.90555,1.77933,1.87796230943685,1.5754302761531,0.07414388708615917
1.1418,61.316254,0.500816,0.336991,57.124107,0.403779,0.222178,2.01137,2.12286481447062,3.73254869365627,0.07414388708615917
1.1382,61.316254,0.500816,0.336991,61.133038,1.558066,0.90555,1.77933,1.87796230943685,1.5754302761531,0.05677727902803265
1.1437,61.316254,0.500816,0.336991,58.27359,-0.17394,0.562631,2.09546,2.21161611445462,2.87459847943079,0.05677727902803265
1.1382,61.316254,0.500816,0.336991,61.133038,1.558066,0.90555,1.77933,1.87796230943685,1.5754302761531,0.06039569107235462
1.1440,61.316254,0.500816,0.336991,58.065514,0.380088,0.323598,2.07626,2.19135181477936,2.87712140683387,0.06039569107235462
1.1382,61.316254,0.500816,0.336991,61.133038,1.558066,0.90555,1.77933,1.87796230943685,1.5754302761531,0.15583102390559977
1.1441,61.316254,0.500816,0.336991,57.779877,0.569369,0.137098,1.93161,2.03868353623629,3.13821560631952,0.15583102390559977
1.1382,61.316254,0.500816,0.336991,61.133038,1.558066,0.90555,1.77933,1.87796230943685,1.5754302761531,0.10635659407688472
7.243,62.692913020733926,-0.025525748824417605,1.8463105034097316,62.701314100441266,1.437843959815388,-0.17508085917068428,2.313933,2.44219956981681,2.9214174492907,0.10635659407688472
1.1382,61.316254,0.500816,0.336991,61.133038,1.558066,0.90555,1.77933,1.87796230943685,1.5754302761531,0.0787702980891565
7.349,62.7516829552152,1.1254295846548357,-0.015150175225198126,62.60038251922951,-0.7739016305569613,0.2356570313907902,2.219135,2.34214670103474,2.82294776955766,0.0787702980891565
1.1383,61.316254,0.500816,0.336991,61.403194,1.585109,0.534997,1.72176,1.8172010733793,1.53054745148644,0.059398083852876093
1.1397,61.316254,0.500816,0.336991,64.763649,0.456606,0.486569,2.17113,2.29148067468521,2.91364689701816,0.059398083852876093
1.1383,61.316254,0.500816,0.336991,61.403194,1.585109,0.534997,1.72176,1.8172010733793,1.53054745148644,0.1369838319588747
1.1414,61.316254,0.500816,0.336991,57.837181,0.718357,0.516146,1.97175,2.08104858774489,3.09892687715575,0.1369838319588747
1.1383,61.316254,0.500816,0.336991,61.403194,1.585109,0.534997,1.72176,1.8172010733793,1.53054745148644,0.051870503255234214
1.1437,61.316254,0.500816,0.336991,58.27359,-0.17394,0.562631,2.09546,2.21161611445462,2.87459847943079,0.051870503255234214
1.1383,61.316254,0.500816,0.336991,61.403194,1.585109,0.534997,1.72176,1.8172010733793,1.53054745148644,0.056770244334658305
1.1440,61.316254,0.500816,0.336991,58.065514,0.380088,0.323598,2.07626,2.19135181477936,2.87712140683387,0.056770244334658305
1.1383,61.316254,0.500816,0.336991,61.403194,1.585109,0.534997,1.72176,1.8172010733793,1.53054745148644,0.12775219344087405
1.1441,61.316254,0.500816,0.336991,57.779877,0.569369,0.137098,1.93161,2.03868353623629,3.13821560631952,0.12775219344087405
1.1383,61.316254,0.500816,0.336991,61.403194,1.585109,0.534997,1.72176,1.8172010733793,1.53054745148644,0.11024766013670563
7.243,62.692913020733926,-0.025525748824417605,1.8463105034097316,62.701314100441266,1.437843959815388,-0.17508085917068428,2.313933,2.44219956981681,2.9214174492907,0.11024766013670563
1.1383,61.316254,0.500816,0.336991,61.403194,1.585109,0.534997,1.72176,1.8172010733793,1.53054745148644,0.10147216098654434
7.349,62.7516829552152,1.1254295846548357,-0.015150175225198126,62.60038251922951,-0.7739016305569613,0.2356570313907902,2.219135,2.34214670103474,2.82294776955766,0.10147216098654434
1.1384,61.316254,0.500816,0.336991,61.342354,2.210809,0.646026,2.49783,2.63629039884712,2.36369977061412,0.05039406609542359
7.55,62.650880690858955,0.13654519266420584,0.058882039320318214,63.78670046345174,0.03275433208632661,0.10033283052226505,1.917505,2.02379666400089,0.969591759766644,0.05039406609542359
1.1384,61.316254,0.500816,0.336991,61.342354,2.210809,0.646026,2.49783,2.63629039884712,2.36369977061412,0.244151734475356
7.358,62.701314100441266,1.4379908404002495,-0.1751158566154487,62.57510908259357,-1.0865975402239436,0.3160591521840894,2.658653,2.80602818356978,3.75318573006797,0.244151734475356
1.1384,61.316254,0.500816,0.336991,61.342354,2.210809,0.646026,2.49783,2.63629039884712,2.36369977061412,0.08461014697530787
7.407,63.26843012799614,0.12805498690454664,-0.13779436981593562,62.19404048836513,0.13904050928265077,0.13632816855941865,1.917505,2.02379666400089,0.950497521513414,0.08461014697530787
1.1385,61.316254,0.500816,0.336991,61.437916,1.748428,0.211585,2.07626,2.19135181477936,1.74967606152704,0.0504270320001749
1.1441,61.316254,0.500816,0.336991,57.779877,0.569369,0.137098,1.93161,2.03868353623629,3.13821560631952,0.0504270320001749
1.1385,61.316254,0.500816,0.336991,61.437916,1.748428,0.211585,2.07626,2.19135181477936,1.74967606152704,0.06841288010688482
7.242,62.692913020733926,-0.025525748824417605,1.8463105034097316,62.667699012913516,0.4194908636205863,-1.5379534700818098,2.805159,2.96065534441479,3.35141565262993,0.06841288010688482
1.1385,61.316254,0.500816,0.336991,61.437916,1.748428,0.211585,2.07626,2.19135181477936,1.74967606152704,0.39649139266165434
7.358,62.701314100441266,1.4379908404002495,-0.1751158566154487,62.57510908259357,-1.0865975402239436,0.3160591521840894,2.658653,2.80602818356978,3.75318573006797,0.39649139266165434
1.1386,61.316254,0.500816,0.336991,61.229115,1.357063,0.07284,1.64045,1.73138387511911,1.24148275495099,0.10311714386959915
1.1397,61.316254,0.500816,0.336991,64.763649,0.456606,0.486569,2.17113,2.29148067468521,2.91364689701816,0.10311714386959915
1.1386,61.316254,0.500816,0.336991,61.229115,1.357063,0.07284,1.64045,1.73138387511911,1.24148275495099,0.1621181341020468
1.1411,61.316254,0.500816,0.336991,58.574184,1.398493,0.652862,2.20215,2.32422018384806,2.73954819113453,0.1621181341020468
1.1386,61.316254,0.500816,0.336991,61.229115,1.357063,0.07284,1.64045,1.73138387511911,1.24148275495099,0.25770297195952885
1.1414,61.316254,0.500816,0.336991,57.837181,0.718357,0.516146,1.97175,2.08104858774489,3.09892687715575,0.25770297195952885
1.1386,61.316254,0.500816,0.336991,61.229115,1.357063,0.07284,1.64045,1.73138387511911,1.24148275495099,0.06787475767643988
1.1418,61.316254,0.500816,0.336991,57.124107,0.403779,0.222178,2.01137,2.12286481447062,3.73254869365627,0.06787475767643988
1.1386,61.316254,0.500816,0.336991,61.229115,1.357063,0.07284,1.64045,1.73138387511911,1.24148275495099,0.06657691739238694
1.1421,61.316254,0.500816,0.336991,64.314461,0.45935,0.603762,1.99162,2.10202002704424,2.55199216473992,0.06657691739238694
1.1386,61.316254,0.500816,0.336991,61.229115,1.357063,0.07284,1.64045,1.73138387511911,1.24148275495099,0.1844107485205397
1.1437,61.316254,0.500816,0.336991,58.27359,-0.17394,0.562631,2.09546,2.21161611445462,2.87459847943079,0.1844107485205397
1.1386,61.316254,0.500816,0.336991,61.229115,1.357063,0.07284,1.64045,1.73138387511911,1.24148275495099,0.20427639099273137
1.1440,61.316254,0.500816,0.336991,58.065514,0.380088,0.323598,2.07626,2.19135181477936,2.87712140683387,0.20427639099273137
1.1386,61.316254,0.500816,0.336991,61.229115,1.357063,0.07284,1.64045,1.73138387511911,1.24148275495099,0.251860348849896
1.1441,61.316254,0.500816,0.336991,57.779877,0.569369,0.137098,1.93161,2.03868353623629,3.13821560631952,0.251860348849896
1.1386,61.316254,0.500816,0.336991,61.229115,1.357063,0.07284,1.64045,1.73138387511911,1.24148275495099,0.17042764437839758
7.243,62.692913020733926,-0.025525748824417605,1.8463105034097316,62.701314100441266,1.437843959815388,-0.17508085917068428,2.313933,2.44219956981681,2.9214174492907,0.17042764437839758
1.1386,61.316254,0.500816,0.336991,61.229115,1.357063,0.07284,1.64045,1.73138387511911,1.24148275495099,0.14474407425174868
7.319,62.667699012913516,0.41939590876782784,-1.538020821793018,62.57510908259357,-1.0868373718551094,0.31602629685616446,2.275152,2.4012688507696,2.81435611036367,0.14474407425174868
1.1386,61.316254,0.500816,0.336991,61.229115,1.357063,0.07284,1.64045,1.73138387511911,1.24148275495099,0.2718327163672572
7.349,62.7516829552152,1.1254295846548357,-0.015150175225198126,62.60038251922951,-0.7739016305569613,0.2356570313907902,2.219135,2.34214670103474,2.82294776955766,0.2718327163672572
1.1387,61.316254,0.500816,0.336991,61.071774,1.68807,-0.302554,2.07626,2.19135181477936,1.78481197926086,0.05739249266553845
1.1414,61.316254,0.500816,0.336991,57.837181,0.718357,0.516146,1.97175,2.08104858774489,3.09892687715575,0.05739249266553845
1.1387,61.316254,0.500816,0.336991,61.071774,1.68807,-0.302554,2.07626,2.19135181477936,1.78481197926086,0.07995676788068384
1.1416,61.316254,0.500816,0.336991,57.016914,0.73156,0.231314,2.15239,2.27170187385633,3.84244917204097,0.07995676788068384
1.1387,61.316254,0.500816,0.336991,61.071774,1.68807,-0.302554,2.07626,2.19135181477936,1.78481197926086,0.08270542367371471
1.1418,61.316254,0.500816,0.336991,57.124107,0.403779,0.222178,2.01137,2.12286481447062,3.73254869365627,0.08270542367371471
1.1387,61.316254,0.500816,0.336991,61.071774,1.68807,-0.302554,2.07626,2.19135181477936,1.78481197926086,0.06983403891822354
1.1441,61.316254,0.500816,0.336991,57.779877,0.569369,0.137098,1.93161,2.03868353623629,3.13821560631952,0.06983403891822354
1.1387,61.316254,0.500816,0.336991,61.071774,1.68807,-0.302554,2.07626,2.19135181477936,1.78481197926086,0.06682729429843016
7.242,62.692913020733926,-0.025525748824417605,1.8463105034097316,62.667699012913516,0.4194908636205863,-1.5379534700818098,2.805159,2.96065534441479,3.35141565262993,0.06682729429843016
1.1387,61.316254,0.500816,0.336991,61.071774,1.68807,-0.302554,2.07626,2.19135181477936,1.78481197926086,0.38064448143531526
7.358,62.701314100441266,1.4379908404002495,-0.1751158566154487,62.57510908259357,-1.0865975402239436,0.3160591521840894,2.658653,2.80602818356978,3.75318573006797,0.38064448143531526
1.1388,61.316254,0.500816,0.336991,61.12429,1.47093,-0.570413,1.84263,1.94477117242874,1.62959931836962,0.11691693489470736
1.1414,61.316254,0.500816,0.336991,57.837181,0.718357,0.516146,1.97175,2.08104858774489,3.09892687715575,0.11691693489470736
1.1388,61.316254,0.500816,0.336991,61.12429,1.47093,-0.570413,1.84263,1.94477117242874,1.62959931836962,0.06682537073035147
1.1416,61.316254,0.500816,0.336991,57.016914,0.73156,0.231314,2.15239,2.27170187385633,3.84244917204097,0.06682537073035147
1.1388,61.316254,0.500816,0.336991,61.12429,1.47093,-0.570413,1.84263,1.94477117242874,1.62959931836962,0.0769757374350778
1.1418,61.316254,0.500816,0.336991,57.124107,0.403779,0.222178,2.01137,2.12286481447062,3.73254869365627,0.0769757374350778
1.1388,61.316254,0.500816,0.336991,61.12429,1.47093,-0.570413,1.84263,1.94477117242874,1.62959931836962,0.13866189338755605
1.1441,61.316254,0.500816,0.336991,57.779877,0.569369,0.137098,1.93161,2.03868353623629,3.13821560631952,0.13866189338755605
1.1388,61.316254,0.500816,0.336991,61.12429,1.47093,-0.570413,1.84263,1.94477117242874,1.62959931836962,0.0991575474505794
7.243,62.692913020733926,-0.025525748824417605,1.8463105034097316,62.701314100441266,1.437843959815388,-0.17508085917068428,2.313933,2.44219956981681,2.9214174492907,0.0991575474505794
1.1388,61.316254,0.500816,0.336991,61.12429,1.47093,-0.570413,1.84263,1.94477117242874,1.62959931836962,0.055969756987219774
7.349,62.7516829552152,1.1254295846548357,-0.015150175225198126,62.60038251922951,-0.7739016305569613,0.2356570313907902,2.219135,2.34214670103474,2.82294776955766,0.055969756987219774
1.1389,61.316254,0.500816,0.336991,61.281422,1.498244,-0.867983,2.05693,2.17095030890838,1.81419968890698,0.060375187735085135
7.242,62.692913020733926,-0.025525748824417605,1.8463105034097316,62.667699012913516,0.4194908636205863,-1.5379534700818098,2.805159,2.96065534441479,3.35141565262993,0.060375187735085135
1.1389,61.316254,0.500816,0.336991,61.281422,1.498244,-0.867983,2.05693,2.17095030890838,1.81419968890698,0.343552633280058
7.358,62.701314100441266,1.4379908404002495,-0.1751158566154487,62.57510908259357,-1.0865975402239436,0.3160591521840894,2.658653,2.80602818356978,3.75318573006797,0.343552633280058
1.1390,61.316254,0.500816,0.336991,61.515923,1.155699,-0.76349,1.99162,2.10202002704424,1.42274510564013,0.1267511327919889
1.1397,61.316254,0.500816,0.336991,64.763649,0.456606,0.486569,2.17113,2.29148067468521,2.91364689701816,0.1267511327919889
1.1390,61.316254,0.500816,0.336991,61.515923,1.155699,-0.76349,1.99162,2.10202002704424,1.42274510564013,0.07463626364041445
1.1411,61.316254,0.500816,0.336991,58.574184,1.398493,0.652862,2.20215,2.32422018384806,2.73954819113453,0.07463626364041445
1.1390,61.316254,0.500816,0.336991,61.515923,1.155699,-0.76349,1.99162,2.10202002704424,1.42274510564013,0.09598486864156854
1.1413,61.316254,0.500816,0.336991,58.046539,1.182882,0.464981,2.51482,2.65422219319518,3.04877456812333,0.09598486864156854
1.1390,61.316254,0.500816,0.336991,61.515923,1.155699,-0.76349,1.99162,2.10202002704424,1.42274510564013,0.1153464224180379
1.1414,61.316254,0.500816,0.336991,57.837181,0.718357,0.516146,1.97175,2.08104858774489,3.09892687715575,0.1153464224180379
1.1390,61.316254,0.500816,0.336991,61.515923,1.155699,-0.76349,1.99162,2.10202002704424,1.42274510564013,0.08015054608655381
1.1437,61.316254,0.500816,0.336991,58.27359,-0.17394,0.562631,2.09546,2.21161611445462,2.87459847943079,0.08015054608655381
1.1390,61.316254,0.500816,0.336991,61.515923,1.155699,-0.76349,1.99162,2.10202002704424,1.42274510564013,0.08725282368852151
1.1440,61.316254,0.500816,0.336991,58.065514,0.380088,0.323598,2.07626,2.19135181477936,2.87712140683387,0.08725282368852151
1.1390,61.316254,0.500816,0.336991,61.515923,1.155699,-0.76349,1.99162,2.10202002704424,1.42274510564013,0.12965103816362938
1.1441,61.316254,0.500816,0.336991,57.779877,0.569369,0.137098,1.93161,2.03868353623629,3.13821560631952,0.12965103816362938
1.1390,61.316254,0.500816,0.336991,61.515923,1.155699,-0.76349,1.99162,2.10202002704424,1.42274510564013,0.05016930088383111
7.242,62.692913020733926,-0.025525748824417605,1.8463105034097316,62.667699012913516,0.4194908636205863,-1.5379534700818098,2.805159,2.96065534441479,3.35141565262993,0.05016930088383111
1.1390,61.316254,0.500816,0.336991,61.515923,1.155699,-0.76349,1.99162,2.10202002704424,1.42274510564013,0.3888124923489521
7.243,62.692913020733926,-0.025525748824417605,1.8463105034097316,62.701314100441266,1.437843959815388,-0.17508085917068428,2.313933,2.44219956981681,2.9214174492907,0.3888124923489521
1.1390,61.316254,0.500816,0.336991,61.515923,1.155699,-0.76349,1.99162,2.10202002704424,1.42274510564013,0.24761134542433447
7.319,62.667699012913516,0.41939590876782784,-1.538020821793018,62.57510908259357,-1.0868373718551094,0.31602629685616446,2.275152,2.4012688507696,2.81435611036367,0.24761134542433447
1.1390,61.316254,0.500816,0.336991,61.515923,1.155699,-0.76349,1.99162,2.10202002704424,1.42274510564013,0.2851917104667998
7.349,62.7516829552152,1.1254295846548357,-0.015150175225198126,62.60038251922951,-0.7739016305569613,0.2356570313907902,2.219135,2.34214670103474,2.82294776955766,0.2851917104667998
1.1390,61.316254,0.500816,0.336991,61.515923,1.155699,-0.76349,1.99162,2.10202002704424,1.42274510564013,0.23404632777813245
7.358,62.701314100441266,1.4379908404002495,-0.1751158566154487,62.57510908259357,-1.0865975402239436,0.3160591521840894,2.658653,2.80602818356978,3.75318573006797,0.23404632777813245
1.1391,61.316254,0.500816,0.336991,61.246559,1.160342,-1.442734,2.01137,2.12286481447062,1.93918097514689,0.22499920518492
7.358,62.701314100441266,1.4379908404002495,-0.1751158566154487,62.57510908259357,-1.0865975402239436,0.3160591521840894,2.658653,2.80602818356978,3.75318573006797,0.22499920518492
1.1392,61.316254,0.500816,0.336991,61.272709,0.829348,-0.950363,1.67774,1.77074094464466,1.33465200700105,0.07969934582917854
1.1397,61.316254,0.500816,0.336991,64.763649,0.456606,0.486569,2.17113,2.29148067468521,2.91364689701816,0.07969934582917854
1.1392,61.316254,0.500816,0.336991,61.272709,0.829348,-0.950363,1.67774,1.77074094464466,1.33465200700105,0.08184107867005741
1.1411,61.316254,0.500816,0.336991,58.574184,1.398493,0.652862,2.20215,2.32422018384806,2.73954819113453,0.08184107867005741
1.1392,61.316254,0.500816,0.336991,61.272709,0.829348,-0.950363,1.67774,1.77074094464466,1.33465200700105,0.1704738731712401
1.1414,61.316254,0.500816,0.336991,57.837181,0.718357,0.516146,1.97175,2.08104858774489,3.09892687715575,0.1704738731712401
1.1392,61.316254,0.500816,0.336991,61.272709,0.829348,-0.950363,1.67774,1.77074094464466,1.33465200700105,0.051732891580193036
1.1418,61.316254,0.500816,0.336991,57.124107,0.403779,0.222178,2.01137,2.12286481447062,3.73254869365627,0.051732891580193036
1.1392,61.316254,0.500816,0.336991,61.272709,0.829348,-0.950363,1.67774,1.77074094464466,1.33465200700105,0.13176811669802377
1.1437,61.316254,0.500816,0.336991,58.27359,-0.17394,0.562631,2.09546,2.21161611445462,2.87459847943079,0.13176811669802377
1.1392,61.316254,0.500816,0.336991,61.272709,0.829348,-0.950363,1.67774,1.77074094464466,1.33465200700105,0.1423404326223257
1.1440,61.316254,0.500816,0.336991,58.065514,0.380088,0.323598,2.07626,2.19135181477936,2.87712140683387,0.1423404326223257
1.1392,61.316254,0.500816,0.336991,61.272709,0.829348,-0.950363,1.67774,1.77074094464466,1.33465200700105,0.2018829667494732
1.1441,61.316254,0.500816,0.336991,57.779877,0.569369,0.137098,1.93161,2.03868353623629,3.13821560631952,0.2018829667494732
1.1392,61.316254,0.500816,0.336991,61.272709,0.829348,-0.950363,1.67774,1.77074094464466,1.33465200700105,0.17521880326609657
7.243,62.692913020733926,-0.025525748824417605,1.8463105034097316,62.701314100441266,1.437843959815388,-0.17508085917068428,2.313933,2.44219956981681,2.9214174492907,0.17521880326609657
1.1392,61.316254,0.500816,0.336991,61.272709,0.829348,-0.950363,1.67774,1.77074094464466,1.33465200700105,0.16360218968948076
7.319,62.667699012913516,0.41939590876782784,-1.538020821793018,62.57510908259357,-1.0868373718551094,0.31602629685616446,2.275152,2.4012688507696,2.81435611036367,0.16360218968948076
1.1392,61.316254,0.500816,0.336991,61.272709,0.829348,-0.950363,1.67774,1.77074094464466,1.33465200700105,0.23025464064005133
7.349,62.7516829552152,1.1254295846548357,-0.015150175225198126,62.60038251922951,-0.7739016305569613,0.2356570313907902,2.219135,2.34214670103474,2.82294776955766,0.23025464064005133
1.1393,61.316254,0.500816,0.336991,61.316254,0.657785,-1.694917,2.03748,2.15042215116443,1.96723573352519,0.2398077526118319
7.358,62.701314100441266,1.4379908404002495,-0.1751158566154487,62.57510908259357,-1.0865975402239436,0.3160591521840894,2.658653,2.80602818356978,3.75318573006797,0.2398077526118319
1.1394,61.316254,0.500816,0.336991,61.194206,0.547476,-0.971859,1.34424,1.41875428101442,1.28250266275383,0.07282963143844988
1.1414,61.316254,0.500816,0.336991,57.837181,0.718357,0.516146,1.97175,2.08104858774489,3.09892687715575,0.07282963143844988
1.1394,61.316254,0.500816,0.336991,61.194206,0.547476,-0.971859,1.34424,1.41875428101442,1.28250266275383,0.10751609225605258
1.1441,61.316254,0.500816,0.336991,57.779877,0.569369,0.137098,1.93161,2.03868353623629,3.13821560631952,0.10751609225605258
1.1395,61.316254,0.500816,0.336991,61.403194,0.206245,-1.549228,1.89089,1.99570633400833,1.88546111076958,0.06537922121651177
7.59,62.650880690858955,0.13654519266420584,0.058882039320318214,62.02347818323405,0.10704106282710679,0.2009869779234119,1.258228,1.32797444019834,0.554627507332884,0.06537922121651177
1.1395,61.316254,0.500816,0.336991,61.403194,0.206245,-1.549228,1.89089,1.99570633400833,1.88546111076958,0.0756321589824167
7.358,62.701314100441266,1.4379908404002495,-0.1751158566154487,62.57510908259357,-1.0865975402239436,0.3160591521840894,2.658653,2.80602818356978,3.75318573006797,0.0756321589824167
1.1396,61.316254,0.500816,0.336991,63.998638,0.519966,0.388502,1.64045,1.73138387511911,2.27582540874478,0.0592459472493061
1.1406,61.316254,0.500816,0.336991,61.237839,1.132998,0.562813,1.03705,1.09453604053295,0.923737115072207,0.0592459472493061
1.1396,61.316254,0.500816,0.336991,63.998638,0.519966,0.388502,1.64045,1.73138387511911,2.27582540874478,0.058440726607788145
1.1425,61.316254,0.500816,0.336991,62.499191,0.306014,0.539054,1.17392,1.23899305597844,1.07265182493513,0.058440726607788145
1.1396,61.316254,0.500816,0.336991,63.998638,0.519966,0.388502,1.64045,1.73138387511911,2.27582540874478,0.05329610730305447
1.1428,61.316254,0.500816,0.336991,61.972164,0.004307,0.847712,1.14551,1.20900822505269,1.05872214074346,0.05329610730305447
1.1396,61.316254,0.500816,0.336991,63.998638,0.519966,0.388502,1.64045,1.73138387511911,2.27582540874478,0.07982575198459917
1.1753,62.634056,0.170875,0.072071,62.54982,-0.262958,-0.119506,0.883185,0.932141953578024,0.680424869367345,0.07982575198459917
1.1396,61.316254,0.500816,0.336991,63.998638,0.519966,0.388502,1.64045,1.73138387511911,2.27582540874478,0.10299008112168459
1.1754,62.634056,0.170875,0.072071,62.952515,0.442805,-0.218326,0.883185,0.932141953578024,0.560632048027587,0.10299008112168459
1.1396,61.316254,0.500816,0.336991,63.998638,0.519966,0.388502,1.64045,1.73138387511911,2.27582540874478,0.06250685981347297
7.33,62.650880690858955,0.13654519266420584,0.058882039320318214,62.64246883189739,0.1533582167819736,1.1799848157068915,1.456442,1.5371758931063,1.09279885748129,0.06250685981347297
1.1396,61.316254,0.500816,0.336991,63.998638,0.519966,0.388502,1.64045,1.73138387511911,2.27582540874478,0.2269495887199482
7.38,62.650880690858955,0.13654519266420584,0.058882039320318214,62.776843239021375,0.16514541870898958,-0.8563746576976339,1.297009,1.36890515924555,0.906032234049291,0.2269495887199482
1.1396,61.316254,0.500816,0.336991,63.998638,0.519966,0.388502,1.64045,1.73138387511911,2.27582540874478,0.1641897665551609
7.41,62.650880690858955,0.13654519266420584,0.058882039320318214,62.516074417933325,0.5583294841873809,0.016021573156987934,0.94798,1.00052868782067,0.630227972466697,0.1641897665551609
1.1396,61.316254,0.500816,0.336991,63.998638,0.519966,0.388502,1.64045,1.73138387511911,2.27582540874478,0.17014245398339248
7.42,62.650880690858955,0.13654519266420584,0.058882039320318214,62.768458263626584,0.7727134271581781,0.014210382325319237,1.180666,1.24611300210392,0.932361102138941,0.17014245398339248
1.1396,61.316254,0.500816,0.336991,63.998638,0.519966,0.388502,1.64045,1.73138387511911,2.27582540874478,0.2116858549912805
7.47,62.650880690858955,0.13654519266420584,0.058882039320318214,62.67610547792866,-0.39219220680142275,0.10254731048000565,1.064323,1.12332084496229,0.788922299896085,0.2116858549912805
1.1396,61.316254,0.500816,0.336991,63.998638,0.519966,0.388502,1.64045,1.73138387511911,2.27582540874478,0.05040954660871014
7.48,62.650880690858955,0.13654519266420584,0.058882039320318214,62.793607836939486,-0.6012431815696773,0.18271982920661234,1.318554,1.39164444760511,1.10554592670147,0.05040954660871014
1.1396,61.316254,0.500816,0.336991,63.998638,0.519966,0.388502,1.64045,1.73138387511911,2.27582540874478,0.29520287998484457
7.52,62.650880690858955,0.13654519266420584,0.058882039320318214,63.16063819673245,0.1411038549282151,0.13800704133009045,0.995379,1.0505551222117,0.438120425945003,0.29520287998484457
1.1396,61.316254,0.500816,0.336991,63.998638,0.519966,0.388502,1.64045,1.73138387511911,2.27582540874478,0.6142526853718603
7.53,62.650880690858955,0.13654519266420584,0.058882039320318214,63.26843012799614,0.12840079281817296,-0.13780099423930103,1.180666,1.24611300210392,0.557323554866912,0.6142526853718603
1.1396,61.316254,0.500816,0.336991,63.998638,0.519966,0.388502,1.64045,1.73138387511911,2.27582540874478,0.5717422995156894
7.54,62.650880690858955,0.13654519266420584,0.058882039320318214,63.5160681944692,0.10352450549339087,0.08620181826528572,1.572785,1.65996805024792,0.731850287746402,0.5717422995156894
1.1396,61.316254,0.500816,0.336991,63.998638,0.519966,0.388502,1.64045,1.73138387511911,2.27582540874478,0.17869565133976564
7.55,62.650880690858955,0.13654519266420584,0.058882039320318214,63.78670046345174,0.03275433208632661,0.10033283052226505,1.917505,2.02379666400089,0.969591759766644,0.17869565133976564
1.1396,61.316254,0.500816,0.336991,63.998638,0.519966,0.388502,1.64045,1.73138387511911,2.27582540874478,0.07304490752966532
7.57,62.650880690858955,0.13654519266420584,0.058882039320318214,62.262057519931304,0.1680545686318924,-0.006596999817132243,0.840255,0.886832246022863,0.340283320119344,0.07304490752966532
1.1396,61.316254,0.500816,0.336991,63.998638,0.519966,0.388502,1.64045,1.73138387511911,2.27582540874478,0.29310816797851796
7.58,62.650880690858955,0.13654519266420584,0.058882039320318214,62.19404048836513,0.13938089430126643,0.13632189460910382,0.99107,1.04600726453979,0.396285269126743,0.29310816797851796
1.1396,61.316254,0.500816,0.336991,63.998638,0.519966,0.388502,1.64045,1.73138387511911,2.27582540874478,0.7175880534692619
7.59,62.650880690858955,0.13654519266420584,0.058882039320318214,62.02347818323405,0.10704106282710679,0.2009869779234119,1.258228,1.32797444019834,0.554627507332884,0.7175880534692619
1.1396,61.316254,0.500816,0.336991,63.998638,0.519966,0.388502,1.64045,1.73138387511911,2.27582540874478,0.3962745528554583
7.60,62.650880690858955,0.13654519266420584,0.058882039320318214,61.68871986942695,0.1668234227281129,-0.006548671054829036,1.615875,1.70544662696705,0.825226605499617,0.3962745528554583
1.1396,61.316254,0.500816,0.336991,63.998638,0.519966,0.388502,1.64045,1.73138387511911,2.27582540874478,0.13907221624953303
7.154,62.625639713294134,0.12035648948244271,0.4761696236759594,62.49919105553391,0.2239241642348344,-0.3327905081242033,1.012615,1.06874655289935,0.824141300397129,0.13907221624953303
1.1396,61.316254,0.500816,0.336991,63.998638,0.519966,0.388502,1.64045,1.73138387511911,2.27582540874478,0.10352448476490304
7.155,62.625639713294134,0.12035648948244271,0.4761696236759594,62.516074417933325,0.5580197636810835,0.015984371805322084,0.952289,1.00507654549258,0.798215940290401,0.10352448476490304
1.1396,61.316254,0.500816,0.336991,63.998638,0.519966,0.388502,1.64045,1.73138387511911,2.27582540874478,0.06450112984933652
7.157,62.625639713294134,0.12035648948244271,0.4761696236759594,62.89404594163646,0.2394967895999467,-0.020397616806855368,0.844564,0.891380103694776,0.571654842070686,0.06450112984933652
1.1396,61.316254,0.500816,0.336991,63.998638,0.519966,0.388502,1.64045,1.73138387511911,2.27582540874478,0.19731225875743946
7.179,62.625639713294134,-0.23944473055187432,1.0386475053027588,62.67610547792866,-0.3923301037287996,0.10245871566407772,1.404734,1.48260160104335,0.943203581642223,0.19731225875743946
1.1396,61.316254,0.500816,0.336991,63.998638,0.519966,0.388502,1.64045,1.73138387511911,2.27582540874478,0.06972664869307765
7.203,62.64246883189739,0.15331603614493483,1.1799271839062042,62.19404048836513,0.13933860462395087,0.1362646673024548,1.473678,1.55536732379395,1.08457075131742,0.06972664869307765
1.1396,61.316254,0.500816,0.336991,63.998638,0.519966,0.388502,1.64045,1.73138387511911,2.27582540874478,0.40958124624072323
7.262,62.49919105553391,0.22395683649600873,-0.3327535686703076,62.516074417933325,0.5580522525558962,0.01602137243352786,1.090177,1.15060799099377,0.599172468823163,0.40958124624072323
1.1396,61.316254,0.500816,0.336991,63.998638,0.519966,0.388502,1.64045,1.73138387511911,2.27582540874478,0.15916866994722903
7.272,62.659290750877176,0.18280401052056527,-0.46365008627240467,62.768458263626584,0.7723688852379063,0.014129034614196456,1.516768,1.60084590051307,0.985494186790541,0.15916866994722903
1.1396,61.316254,0.500816,0.336991,63.998638,0.519966,0.388502,1.64045,1.73138387511911,2.27582540874478,0.09155194892108263
7.273,62.659290750877176,0.18280401052056527,-0.46365008627240467,62.67610547792866,-0.39253698233226997,0.10246624288974271,1.189284,1.25520871744775,1.01854094477878,0.09155194892108263
1.1396,61.316254,0.500816,0.336991,63.998638,0.519966,0.388502,1.64045,1.73138387511911,2.27582540874478,0.18071951213883597
7.327,62.516074417933325,0.5582046943676255,0.01604474330929584,62.67610547792866,-0.0360665637400559,0.15170944875286807,1.137576,1.2006344253848,0.899024941192269,0.18071951213883597
1.1396,61.316254,0.500816,0.336991,63.998638,0.519966,0.388502,1.64045,1.73138387511911,2.27582540874478,0.055537865788652455
7.365,62.67610547792866,-0.03600160665973018,0.15161472608848925,62.89404594163646,0.23974826008255068,-0.020432129761971396,0.827328,0.873188673007127,0.482724431174689,0.055537865788652455
1.1396,61.316254,0.500816,0.336991,63.998638,0.519966,0.388502,1.64045,1.73138387511911,2.27582540874478,0.2634635202651713
7.373,62.67610547792866,-0.39222554081780325,0.1025082818313372,63.16063819673245,0.1410704951634867,0.1379677122782974,1.33579,1.40983587829276,0.894182272125511,0.2634635202651713
1.1396,61.316254,0.500816,0.336991,63.998638,0.519966,0.388502,1.64045,1.73138387511911,2.27582540874478,0.19260441028724742
7.374,62.67610547792866,-0.39222554081780325,0.1025082818313372,62.262057519931304,0.1680215593836687,-0.006635877646821164,1.193593,1.25975657511966,0.912791769789313,0.19260441028724742
1.1396,61.316254,0.500816,0.336991,63.998638,0.519966,0.388502,1.64045,1.73138387511911,2.27582540874478,0.14163466363425767
7.396,62.89404594163646,0.23953370011092767,-0.020383513320454405,63.28498750291695,0.10664799712151174,0.16478574827494263,0.90489,0.955050111101545,0.426384300014667,0.14163466363425767
1.1396,61.316254,0.500816,0.336991,63.998638,0.519966,0.388502,1.64045,1.73138387511911,2.27582540874478,0.4991380866290973
7.402,63.16063819673245,0.14105062760799703,0.13801795485133272,62.262057519931304,0.16800188416005168,-0.006586186807155947,1.503841,1.58720232749733,0.776144543590609,0.4991380866290973
1.1396,61.316254,0.500816,0.336991,63.998638,0.519966,0.388502,1.64045,1.73138387511911,2.27582540874478,0.20602727094362774
7.407,63.26843012799614,0.12805498690454664,-0.13779436981593562,62.19404048836513,0.13904050928265077,0.13632816855941865,1.917505,2.02379666400089,0.950497521513414,0.20602727094362774
1.1397,61.316254,0.500816,0.336991,64.763649,0.456606,0.486569,2.17113,2.29148067468521,2.91364689701816,0.12727051020647953
1.1400,61.316254,0.500816,0.336991,63.019234,1.03901,0.222043,2.20215,2.32422018384806,1.6489122951536,0.12727051020647953
1.1397,61.316254,0.500816,0.336991,64.763649,0.456606,0.486569,2.17113,2.29148067468521,2.91364689701816,0.39965170993796867
1.1404,61.316254,0.500816,0.336991,62.117382,1.150388,0.686063,1.72176,1.8172010733793,1.19439328440111,0.39965170993796867
1.1397,61.316254,0.500816,0.336991,64.763649,0.456606,0.486569,2.17113,2.29148067468521,2.91364689701816,0.06171674726127569
1.1405,61.316254,0.500816,0.336991,61.671474,1.627157,0.588297,2.09546,2.21161611445462,1.62001657003198,0.06171674726127569
1.1397,61.316254,0.500816,0.336991,64.763649,0.456606,0.486569,2.17113,2.29148067468521,2.91364689701816,0.050766743738094144
1.1407,61.316254,0.500816,0.336991,61.246559,1.448591,0.676258,1.55636,1.6426325751351,1.36845568693097,0.050766743738094144
1.1397,61.316254,0.500816,0.336991,64.763649,0.456606,0.486569,2.17113,2.29148067468521,2.91364689701816,0.17027881941185508
1.1422,61.316254,0.500816,0.336991,63.069199,0.162267,0.452274,1.75789,1.85533384146614,1.58159947737762,0.17027881941185508
1.1397,61.316254,0.500816,0.336991,64.763649,0.456606,0.486569,2.17113,2.29148067468521,2.91364689701816,0.06158482246926085
1.1427,61.316254,0.500816,0.336991,62.676105,-0.125571,1.077713,1.64045,1.73138387511911,1.66017804359733,0.06158482246926085
1.1397,61.316254,0.500816,0.336991,64.763649,0.456606,0.486569,2.17113,2.29148067468521,2.91364689701816,0.08573755370910324
1.1431,61.316254,0.500816,0.336991,61.185474,-0.335592,0.943573,1.69985,1.79407655223946,1.38530721288809,0.08573755370910324
1.1397,61.316254,0.500816,0.336991,64.763649,0.456606,0.486569,2.17113,2.29148067468521,2.91364689701816,0.13893784085722202
7.33,62.650880690858955,0.13654519266420584,0.058882039320318214,62.64246883189739,0.1533582167819736,1.1799848157068915,1.456442,1.5371758931063,1.09279885748129,0.13893784085722202
1.1397,61.316254,0.500816,0.336991,64.763649,0.456606,0.486569,2.17113,2.29148067468521,2.91364689701816,0.1664188549460467
7.34,62.650880690858955,0.13654519266420584,0.058882039320318214,62.692913020733926,0.01805623158557257,1.285774338419876,1.495223,1.57810661215351,1.20777138570803,0.1664188549460467
1.1397,61.316254,0.500816,0.336991,64.763649,0.456606,0.486569,2.17113,2.29148067468521,2.91364689701816,0.14327562733780866
7.39,62.650880690858955,0.13654519266420584,0.058882039320318214,62.692913020733926,0.39394336279507947,-1.3157001232171117,1.572785,1.65996805024792,1.38413185488479,0.14327562733780866
1.1397,61.316254,0.500816,0.336991,64.763649,0.456606,0.486569,2.17113,2.29148067468521,2.91364689701816,0.09101380525817596
7.40,62.650880690858955,0.13654519266420584,0.058882039320318214,62.667699012913516,0.41961483618679907,-1.5379418235496267,1.76669,1.86462164548397,1.59392405569462,0.09101380525817596
1.1397,61.316254,0.500816,0.336991,64.763649,0.456606,0.486569,2.17113,2.29148067468521,2.91364689701816,0.06191696742837342
7.43,62.650880690858955,0.13654519266420584,0.058882039320318214,62.549819377247616,0.9092526415327984,-0.05232830036527858,1.37888,1.45531445501188,1.12824011902413,0.06191696742837342
1.1397,61.316254,0.500816,0.336991,64.763649,0.456606,0.486569,2.17113,2.29148067468521,2.91364689701816,0.2397825935822201
7.44,62.650880690858955,0.13654519266420584,0.058882039320318214,62.7516829552152,1.1257543621893684,-0.015087479607633902,1.654656,1.74637734601425,1.42774732141551,0.2397825935822201
1.1397,61.316254,0.500816,0.336991,64.763649,0.456606,0.486569,2.17113,2.29148067468521,2.91364689701816,0.14518257948607266
7.49,62.650880690858955,0.13654519266420584,0.058882039320318214,62.60038251922951,-0.7735769781561097,0.23571948819842703,1.534004,1.61903733120071,1.35192288813507,0.14518257948607266
1.1397,61.316254,0.500816,0.336991,64.763649,0.456606,0.486569,2.17113,2.29148067468521,2.91364689701816,0.4087400850593176
7.54,62.650880690858955,0.13654519266420584,0.058882039320318214,63.5160681944692,0.10352450549339087,0.08620181826528572,1.572785,1.65996805024792,0.731850287746402,0.4087400850593176
1.1397,61.316254,0.500816,0.336991,64.763649,0.456606,0.486569,2.17113,2.29148067468521,2.91364689701816,0.9567050731739892
7.55,62.650880690858955,0.13654519266420584,0.058882039320318214,63.78670046345174,0.03275433208632661,0.10033283052226505,1.917505,2.02379666400089,0.969591759766644,0.9567050731739892
1.1397,61.316254,0.500816,0.336991,64.763649,0.456606,0.486569,2.17113,2.29148067468521,2.91364689701816,0.4414271652565161
7.60,62.650880690858955,0.13654519266420584,0.058882039320318214,61.68871986942695,0.1668234227281129,-0.006548671054829036,1.615875,1.70544662696705,0.825226605499617,0.4414271652565161
1.1397,61.316254,0.500816,0.336991,64.763649,0.456606,0.486569,2.17113,2.29148067468521,2.91364689701816,0.08547188432215648
7.179,62.625639713294134,-0.23944473055187432,1.0386475053027588,62.67610547792866,-0.3923301037287996,0.10245871566407772,1.404734,1.48260160104335,0.943203581642223,0.08547188432215648
1.1397,61.316254,0.500816,0.336991,64.763649,0.456606,0.486569,2.17113,2.29148067468521,2.91364689701816,0.2624755129961815
7.201,62.64246883189739,0.15331603614493483,1.1799271839062042,62.793607836939486,-0.6012861263096081,0.18266227867760332,1.844252,1.94648308357839,1.48523760259898,0.2624755129961815
1.1397,61.316254,0.500816,0.336991,64.763649,0.456606,0.486569,2.17113,2.29148067468521,2.91364689701816,0.3730005919303499
7.202,62.64246883189739,0.15331603614493483,1.1799271839062042,63.26843012799614,0.12835782372727644,-0.13785898843652333,1.7236,1.81914306876485,1.39434212062045,0.3730005919303499
1.1397,61.316254,0.500816,0.336991,64.763649,0.456606,0.486569,2.17113,2.29148067468521,2.91364689701816,0.1647416193776197
7.203,62.64246883189739,0.15331603614493483,1.1799271839062042,62.19404048836513,0.13933860462395087,0.1362646673024548,1.473678,1.55536732379395,1.08457075131742,0.1647416193776197
1.1397,61.316254,0.500816,0.336991,64.763649,0.456606,0.486569,2.17113,2.29148067468521,2.91364689701816,0.19320994479751857
7.224,62.692913020733926,0.018020805553853325,1.2857434604606643,62.60038251922951,-0.7736128550041577,0.23568879240907226,2.064011,2.17842382484591,1.5510466537249,0.19320994479751857
1.1397,61.316254,0.500816,0.336991,64.763649,0.456606,0.486569,2.17113,2.29148067468521,2.91364689701816,0.4935213224195936
7.225,62.692913020733926,0.018020805553853325,1.2857434604606643,63.5160681944692,0.1034883930461361,0.08617069990211057,1.814089,1.914648079875,1.36270424474039,0.4935213224195936
1.1397,61.316254,0.500816,0.336991,64.763649,0.456606,0.486569,2.17113,2.29148067468521,2.91364689701816,0.4960912539686453
7.226,62.692913020733926,0.018020805553853325,1.2857434604606643,62.02347818323405,0.10700566224686181,0.20095643499979943,1.710673,1.80549949574911,1.20327736956508,0.4960912539686453
1.1397,61.316254,0.500816,0.336991,64.763649,0.456606,0.486569,2.17113,2.29148067468521,2.91364689701816,0.24204515697877216
7.272,62.659290750877176,0.18280401052056527,-0.46365008627240467,62.768458263626584,0.7723688852379063,0.014129034614196456,1.516768,1.60084590051307,0.985494186790541,0.24204515697877216
1.1397,61.316254,0.500816,0.336991,64.763649,0.456606,0.486569,2.17113,2.29148067468521,2.91364689701816,0.42706637740489
7.288,62.776843239021375,0.16499491098698194,-0.856471086060373,62.549819377247616,0.9091041149971724,-0.05242490137724598,1.878724,1.98286594495368,1.36018005319696,0.42706637740489
1.1397,61.316254,0.500816,0.336991,64.763649,0.456606,0.486569,2.17113,2.29148067468521,2.91364689701816,0.09218358953681344
7.301,62.692913020733926,0.3938135420241684,-1.3157928490763915,62.7516829552152,1.1256263336569816,-0.015180796630831495,2.1545,2.27392883595606,1.6549692195214,0.09218358953681344
1.1397,61.316254,0.500816,0.336991,64.763649,0.456606,0.486569,2.17113,2.29148067468521,2.91364689701816,0.17845234143277175
7.303,62.692913020733926,0.3938135420241684,-1.3157928490763915,63.5160681944692,0.10339453922475483,0.08610783573297365,1.956286,2.0647273830481,1.58347930297319,0.17845234143277175
1.1397,61.316254,0.500816,0.336991,64.763649,0.456606,0.486569,2.17113,2.29148067468521,2.91364689701816,0.09270222951836227
7.304,62.692913020733926,0.3938135420241684,-1.3157928490763915,62.02347818323405,0.10691365775700179,0.2008947266239014,1.874415,1.97831808728177,1.63434583618122,0.09270222951836227
1.1397,61.316254,0.500816,0.336991,64.763649,0.456606,0.486569,2.17113,2.29148067468521,2.91364689701816,0.12756873251759593
7.379,62.793607836939486,-0.6013498919536509,0.18269033927200695,63.26843012799614,0.12829336715097783,-0.13783063587435862,1.447824,1.52808017776247,1.19047406123351,0.12756873251759593
1.1397,61.316254,0.500816,0.336991,64.763649,0.456606,0.486569,2.17113,2.29148067468521,2.91364689701816,0.2038382241968491
7.380,62.793607836939486,-0.6013498919536509,0.18269033927200695,62.19404048836513,0.1392751557910965,0.13629258088392326,1.521077,1.60539375818498,1.20966055214836,0.2038382241968491
1.1397,61.316254,0.500816,0.336991,64.763649,0.456606,0.486569,2.17113,2.29148067468521,2.91364689701816,0.2578101922859652
7.402,63.16063819673245,0.14105062760799703,0.13801795485133272,62.262057519931304,0.16800188416005168,-0.006586186807155947,1.503841,1.58720232749733,0.776144543590609,0.2578101922859652
1.1397,61.316254,0.500816,0.336991,64.763649,0.456606,0.486569,2.17113,2.29148067468521,2.91364689701816,0.9305607782803926
7.407,63.26843012799614,0.12805498690454664,-0.13779436981593562,62.19404048836513,0.13904050928265077,0.13632816855941865,1.917505,2.02379666400089,0.950497521513414,0.9305607782803926
1.1397,61.316254,0.500816,0.336991,64.763649,0.456606,0.486569,2.17113,2.29148067468521,2.91364689701816,0.7352238515381848
7.412,63.5160681944692,0.10321987948291866,0.08609954516600737,62.02347818323405,0.10674243497249547,0.20088653655014888,2.344096,2.47403457352019,1.2692217359549,0.7352238515381848
1.1398,61.316254,0.500816,0.336991,64.290253,0.565361,0.562838,2.22064,2.34373512660825,2.52883147342615,0.11985922970552285
1.1404,61.316254,0.500816,0.336991,62.117382,1.150388,0.686063,1.72176,1.8172010733793,1.19439328440111,0.11985922970552285
1.1398,61.316254,0.500816,0.336991,64.290253,0.565361,0.562838,2.22064,2.34373512660825,2.52883147342615,0.28067695947916593
7.54,62.650880690858955,0.13654519266420584,0.058882039320318214,63.5160681944692,0.10352450549339087,0.08620181826528572,1.572785,1.65996805024792,0.731850287746402,0.28067695947916593
1.1398,61.316254,0.500816,0.336991,64.290253,0.565361,0.562838,2.22064,2.34373512660825,2.52883147342615,0.5716352116169182
7.55,62.650880690858955,0.13654519266420584,0.058882039320318214,63.78670046345174,0.03275433208632661,0.10033283052226505,1.917505,2.02379666400089,0.969591759766644,0.5716352116169182
1.1398,61.316254,0.500816,0.336991,64.290253,0.565361,0.562838,2.22064,2.34373512660825,2.52883147342615,0.3121830394528386
7.60,62.650880690858955,0.13654519266420584,0.058882039320318214,61.68871986942695,0.1668234227281129,-0.006548671054829036,1.615875,1.70544662696705,0.825226605499617,0.3121830394528386
1.1398,61.316254,0.500816,0.336991,64.290253,0.565361,0.562838,2.22064,2.34373512660825,2.52883147342615,0.05074918309203748
7.203,62.64246883189739,0.15331603614493483,1.1799271839062042,62.19404048836513,0.13933860462395087,0.1362646673024548,1.473678,1.55536732379395,1.08457075131742,0.05074918309203748
1.1398,61.316254,0.500816,0.336991,64.290253,0.565361,0.562838,2.22064,2.34373512660825,2.52883147342615,0.12426986990698603
7.226,62.692913020733926,0.018020805553853325,1.2857434604606643,62.02347818323405,0.10700566224686181,0.20095643499979943,1.710673,1.80549949574911,1.20327736956508,0.12426986990698603
1.1398,61.316254,0.500816,0.336991,64.290253,0.565361,0.562838,2.22064,2.34373512660825,2.52883147342615,0.10935486960950876
7.272,62.659290750877176,0.18280401052056527,-0.46365008627240467,62.768458263626584,0.7723688852379063,0.014129034614196456,1.516768,1.60084590051307,0.985494186790541,0.10935486960950876
1.1398,61.316254,0.500816,0.336991,64.290253,0.565361,0.562838,2.22064,2.34373512660825,2.52883147342615,0.06076566549938526
7.358,62.701314100441266,1.4379908404002495,-0.1751158566154487,62.57510908259357,-1.0865975402239436,0.3160591521840894,2.658653,2.80602818356978,3.75318573006797,0.06076566549938526
1.1398,61.316254,0.500816,0.336991,64.290253,0.565361,0.562838,2.22064,2.34373512660825,2.52883147342615,0.160921437621685
7.402,63.16063819673245,0.14105062760799703,0.13801795485133272,62.262057519931304,0.16800188416005168,-0.006586186807155947,1.503841,1.58720232749733,0.776144543590609,0.160921437621685
1.1398,61.316254,0.500816,0.336991,64.290253,0.565361,0.562838,2.22064,2.34373512660825,2.52883147342615,0.6078490540015028
7.407,63.26843012799614,0.12805498690454664,-0.13779436981593562,62.19404048836513,0.13904050928265077,0.13632816855941865,1.917505,2.02379666400089,0.950497521513414,0.6078490540015028
1.1398,61.316254,0.500816,0.336991,64.290253,0.565361,0.562838,2.22064,2.34373512660825,2.52883147342615,0.13478775248624736
7.412,63.5160681944692,0.10321987948291866,0.08609954516600737,62.02347818323405,0.10674243497249547,0.20088653655014888,2.344096,2.47403457352019,1.2692217359549,0.13478775248624736
1.1399,61.316254,0.500816,0.336991,63.900963,0.881475,0.478138,2.01137,2.12286481447062,2.26414638458708,0.43169648605356065
7.54,62.650880690858955,0.13654519266420584,0.058882039320318214,63.5160681944692,0.10352450549339087,0.08620181826528572,1.572785,1.65996805024792,0.731850287746402,0.43169648605356065
1.1399,61.316254,0.500816,0.336991,63.900963,0.881475,0.478138,2.01137,2.12286481447062,2.26414638458708,0.1698586736647516
7.55,62.650880690858955,0.13654519266420584,0.058882039320318214,63.78670046345174,0.03275433208632661,0.10033283052226505,1.917505,2.02379666400089,0.969591759766644,0.1698586736647516
1.1399,61.316254,0.500816,0.336991,63.900963,0.881475,0.478138,2.01137,2.12286481447062,2.26414638458708,0.105667582587758
7.59,62.650880690858955,0.13654519266420584,0.058882039320318214,62.02347818323405,0.10704106282710679,0.2009869779234119,1.258228,1.32797444019834,0.554627507332884,0.105667582587758
1.1399,61.316254,0.500816,0.336991,63.900963,0.881475,0.478138,2.01137,2.12286481447062,2.26414638458708,0.317522607485642
7.60,62.650880690858955,0.13654519266420584,0.058882039320318214,61.68871986942695,0.1668234227281129,-0.006548671054829036,1.615875,1.70544662696705,0.825226605499617,0.317522607485642
1.1399,61.316254,0.500816,0.336991,63.900963,0.881475,0.478138,2.01137,2.12286481447062,2.26414638458708,0.07286374039054737
7.179,62.625639713294134,-0.23944473055187432,1.0386475053027588,62.67610547792866,-0.3923301037287996,0.10245871566407772,1.404734,1.48260160104335,0.943203581642223,0.07286374039054737
1.1399,61.316254,0.500816,0.336991,63.900963,0.881475,0.478138,2.01137,2.12286481447062,2.26414638458708,0.09966042260843319
7.272,62.659290750877176,0.18280401052056527,-0.46365008627240467,62.768458263626584,0.7723688852379063,0.014129034614196456,1.516768,1.60084590051307,0.985494186790541,0.09966042260843319
1.1399,61.316254,0.500816,0.336991,63.900963,0.881475,0.478138,2.01137,2.12286481447062,2.26414638458708,0.12662818067803508
7.358,62.701314100441266,1.4379908404002495,-0.1751158566154487,62.57510908259357,-1.0865975402239436,0.3160591521840894,2.658653,2.80602818356978,3.75318573006797,0.12662818067803508
1.1399,61.316254,0.500816,0.336991,63.900963,0.881475,0.478138,2.01137,2.12286481447062,2.26414638458708,0.0667154216527651
7.373,62.67610547792866,-0.39222554081780325,0.1025082818313372,63.16063819673245,0.1410704951634867,0.1379677122782974,1.33579,1.40983587829276,0.894182272125511,0.0667154216527651
1.1399,61.316254,0.500816,0.336991,63.900963,0.881475,0.478138,2.01137,2.12286481447062,2.26414638458708,0.3080624271881829
7.402,63.16063819673245,0.14105062760799703,0.13801795485133272,62.262057519931304,0.16800188416005168,-0.006586186807155947,1.503841,1.58720232749733,0.776144543590609,0.3080624271881829
1.1399,61.316254,0.500816,0.336991,63.900963,0.881475,0.478138,2.01137,2.12286481447062,2.26414638458708,0.19611647581605818
7.407,63.26843012799614,0.12805498690454664,-0.13779436981593562,62.19404048836513,0.13904050928265077,0.13632816855941865,1.917505,2.02379666400089,0.950497521513414,0.19611647581605818
1.1400,61.316254,0.500816,0.336991,63.019234,1.03901,0.222043,2.20215,2.32422018384806,1.6489122951536,0.25859348800785614
7.242,62.692913020733926,-0.025525748824417605,1.8463105034097316,62.667699012913516,0.4194908636205863,-1.5379534700818098,2.805159,2.96065534441479,3.35141565262993,0.25859348800785614
1.1400,61.316254,0.500816,0.336991,63.019234,1.03901,0.222043,2.20215,2.32422018384806,1.6489122951536,0.1256623317314878
7.243,62.692913020733926,-0.025525748824417605,1.8463105034097316,62.701314100441266,1.437843959815388,-0.17508085917068428,2.313933,2.44219956981681,2.9214174492907,0.1256623317314878
1.1400,61.316254,0.500816,0.336991,63.019234,1.03901,0.222043,2.20215,2.32422018384806,1.6489122951536,0.055581314892524186
7.349,62.7516829552152,1.1254295846548357,-0.015150175225198126,62.60038251922951,-0.7739016305569613,0.2356570313907902,2.219135,2.34214670103474,2.82294776955766,0.055581314892524186
1.1400,61.316254,0.500816,0.336991,63.019234,1.03901,0.222043,2.20215,2.32422018384806,1.6489122951536,0.6528800312883041
7.358,62.701314100441266,1.4379908404002495,-0.1751158566154487,62.57510908259357,-1.0865975402239436,0.3160591521840894,2.658653,2.80602818356978,3.75318573006797,0.6528800312883041
1.1401,61.316254,0.500816,0.336991,63.786701,1.099438,0.59516,1.99162,2.10202002704424,2.27670296229831,0.052390162766151833
7.38,62.650880690858955,0.13654519266420584,0.058882039320318214,62.776843239021375,0.16514541870898958,-0.8563746576976339,1.297009,1.36890515924555,0.906032234049291,0.052390162766151833
1.1401,61.316254,0.500816,0.336991,63.786701,1.099438,0.59516,1.99162,2.10202002704424,2.27670296229831,0.052814598748965914
7.53,62.650880690858955,0.13654519266420584,0.058882039320318214,63.26843012799614,0.12840079281817296,-0.13780099423930103,1.180666,1.24611300210392,0.557323554866912,0.052814598748965914
1.1401,61.316254,0.500816,0.336991,63.786701,1.099438,0.59516,1.99162,2.10202002704424,2.27670296229831,0.4670105282143174
7.54,62.650880690858955,0.13654519266420584,0.058882039320318214,63.5160681944692,0.10352450549339087,0.08620181826528572,1.572785,1.65996805024792,0.731850287746402,0.4670105282143174
1.1401,61.316254,0.500816,0.336991,63.786701,1.099438,0.59516,1.99162,2.10202002704424,2.27670296229831,0.18393526947787545
7.55,62.650880690858955,0.13654519266420584,0.058882039320318214,63.78670046345174,0.03275433208632661,0.10033283052226505,1.917505,2.02379666400089,0.969591759766644,0.18393526947787545
1.1401,61.316254,0.500816,0.336991,63.786701,1.099438,0.59516,1.99162,2.10202002704424,2.27670296229831,0.12917555532047706
7.59,62.650880690858955,0.13654519266420584,0.058882039320318214,62.02347818323405,0.10704106282710679,0.2009869779234119,1.258228,1.32797444019834,0.554627507332884,0.12917555532047706
1.1401,61.316254,0.500816,0.336991,63.786701,1.099438,0.59516,1.99162,2.10202002704424,2.27670296229831,0.3432239453920527
7.60,62.650880690858955,0.13654519266420584,0.058882039320318214,61.68871986942695,0.1668234227281129,-0.006548671054829036,1.615875,1.70544662696705,0.825226605499617,0.3432239453920527
1.1401,61.316254,0.500816,0.336991,63.786701,1.099438,0.59516,1.99162,2.10202002704424,2.27670296229831,0.08731085574371251
7.179,62.625639713294134,-0.23944473055187432,1.0386475053027588,62.67610547792866,-0.3923301037287996,0.10245871566407772,1.404734,1.48260160104335,0.943203581642223,0.08731085574371251
1.1401,61.316254,0.500816,0.336991,63.786701,1.099438,0.59516,1.99162,2.10202002704424,2.27670296229831,0.11545643303093547
7.272,62.659290750877176,0.18280401052056527,-0.46365008627240467,62.768458263626584,0.7723688852379063,0.014129034614196456,1.516768,1.60084590051307,0.985494186790541,0.11545643303093547
1.1401,61.316254,0.500816,0.336991,63.786701,1.099438,0.59516,1.99162,2.10202002704424,2.27670296229831,0.1060761042889665
7.358,62.701314100441266,1.4379908404002495,-0.1751158566154487,62.57510908259357,-1.0865975402239436,0.3160591521840894,2.658653,2.80602818356978,3.75318573006797,0.1060761042889665
1.1401,61.316254,0.500816,0.336991,63.786701,1.099438,0.59516,1.99162,2.10202002704424,2.27670296229831,0.08160696308064874
7.373,62.67610547792866,-0.39222554081780325,0.1025082818313372,63.16063819673245,0.1410704951634867,0.1379677122782974,1.33579,1.40983587829276,0.894182272125511,0.08160696308064874
1.1401,61.316254,0.500816,0.336991,63.786701,1.099438,0.59516,1.99162,2.10202002704424,2.27670296229831,0.34341636719119967
7.402,63.16063819673245,0.14105062760799703,0.13801795485133272,62.262057519931304,0.16800188416005168,-0.006586186807155947,1.503841,1.58720232749733,0.776144543590609,0.34341636719119967
1.1401,61.316254,0.500816,0.336991,63.786701,1.099438,0.59516,1.99162,2.10202002704424,2.27670296229831,0.21005052208774233
7.407,63.26843012799614,0.12805498690454664,-0.13779436981593562,62.19404048836513,0.13904050928265077,0.13632816855941865,1.917505,2.02379666400089,0.950497521513414,0.21005052208774233
1.1402,61.316254,0.500816,0.336991,63.351151,1.514147,0.43042,2.58759,2.73102599982898,2.2442837601638,0.449519534964707
7.358,62.701314100441266,1.4379908404002495,-0.1751158566154487,62.57510908259357,-1.0865975402239436,0.3160591521840894,2.658653,2.80602818356978,3.75318573006797,0.449519534964707
1.1403,61.316254,0.500816,0.336991,63.010902,1.584933,0.612094,2.03748,2.15042215116443,2.11132824327192,0.19659436933356328
7.54,62.650880690858955,0.13654519266420584,0.058882039320318214,63.5160681944692,0.10352450549339087,0.08620181826528572,1.572785,1.65996805024792,0.731850287746402,0.19659436933356328
1.1403,61.316254,0.500816,0.336991,63.010902,1.584933,0.612094,2.03748,2.15042215116443,2.11132824327192,0.05717901091452111
7.59,62.650880690858955,0.13654519266420584,0.058882039320318214,62.02347818323405,0.10704106282710679,0.2009869779234119,1.258228,1.32797444019834,0.554627507332884,0.05717901091452111
1.1403,61.316254,0.500816,0.336991,63.010902,1.584933,0.612094,2.03748,2.15042215116443,2.11132824327192,0.12718563822866516
7.60,62.650880690858955,0.13654519266420584,0.058882039320318214,61.68871986942695,0.1668234227281129,-0.006548671054829036,1.615875,1.70544662696705,0.825226605499617,0.12718563822866516
1.1403,61.316254,0.500816,0.336991,63.010902,1.584933,0.612094,2.03748,2.15042215116443,2.11132824327192,0.2392982226577903
7.358,62.701314100441266,1.4379908404002495,-0.1751158566154487,62.57510908259357,-1.0865975402239436,0.3160591521840894,2.658653,2.80602818356978,3.75318573006797,0.2392982226577903
1.1403,61.316254,0.500816,0.336991,63.010902,1.584933,0.612094,2.03748,2.15042215116443,2.11132824327192,0.12741606922385432
7.402,63.16063819673245,0.14105062760799703,0.13801795485133272,62.262057519931304,0.16800188416005168,-0.006586186807155947,1.503841,1.58720232749733,0.776144543590609,0.12741606922385432
1.1404,61.316254,0.500816,0.336991,62.117382,1.150388,0.686063,1.72176,1.8172010733793,1.19439328440111,0.1083817768578153
1.1411,61.316254,0.500816,0.336991,58.574184,1.398493,0.652862,2.20215,2.32422018384806,2.73954819113453,0.1083817768578153
1.1404,61.316254,0.500816,0.336991,62.117382,1.150388,0.686063,1.72176,1.8172010733793,1.19439328440111,0.05847123291619052
1.1414,61.316254,0.500816,0.336991,57.837181,0.718357,0.516146,1.97175,2.08104858774489,3.09892687715575,0.05847123291619052
1.1404,61.316254,0.500816,0.336991,62.117382,1.150388,0.686063,1.72176,1.8172010733793,1.19439328440111,0.05199270349525562
1.1420,61.316254,0.500816,0.336991,64.112297,0.484171,0.376044,1.89089,1.99570633400833,2.3701537350482,0.05199270349525562
1.1404,61.316254,0.500816,0.336991,62.117382,1.150388,0.686063,1.72176,1.8172010733793,1.19439328440111,0.19681128693768649
1.1421,61.316254,0.500816,0.336991,64.314461,0.45935,0.603762,1.99162,2.10202002704424,2.55199216473992,0.19681128693768649
1.1404,61.316254,0.500816,0.336991,62.117382,1.150388,0.686063,1.72176,1.8172010733793,1.19439328440111,0.07626467147350038
1.1437,61.316254,0.500816,0.336991,58.27359,-0.17394,0.562631,2.09546,2.21161611445462,2.87459847943079,0.07626467147350038
1.1404,61.316254,0.500816,0.336991,62.117382,1.150388,0.686063,1.72176,1.8172010733793,1.19439328440111,0.06678749478484824
1.1440,61.316254,0.500816,0.336991,58.065514,0.380088,0.323598,2.07626,2.19135181477936,2.87712140683387,0.06678749478484824
1.1404,61.316254,0.500816,0.336991,62.117382,1.150388,0.686063,1.72176,1.8172010733793,1.19439328440111,0.06852341752648405
7.222,62.692913020733926,0.018020805553853325,1.2857434604606643,62.692913020733926,0.393907302230434,-1.3157308521847488,2.400113,2.53315672325505,2.60233151905256,0.06852341752648405
1.1404,61.316254,0.500816,0.336991,62.117382,1.150388,0.686063,1.72176,1.8172010733793,1.19439328440111,0.31616404293202566
7.243,62.692913020733926,-0.025525748824417605,1.8463105034097316,62.701314100441266,1.437843959815388,-0.17508085917068428,2.313933,2.44219956981681,2.9214174492907,0.31616404293202566
1.1404,61.316254,0.500816,0.336991,62.117382,1.150388,0.686063,1.72176,1.8172010733793,1.19439328440111,0.25073625171380004
7.319,62.667699012913516,0.41939590876782784,-1.538020821793018,62.57510908259357,-1.0868373718551094,0.31602629685616446,2.275152,2.4012688507696,2.81435611036367,0.25073625171380004
1.1404,61.316254,0.500816,0.336991,62.117382,1.150388,0.686063,1.72176,1.8172010733793,1.19439328440111,0.4451346845897696
7.349,62.7516829552152,1.1254295846548357,-0.015150175225198126,62.60038251922951,-0.7739016305569613,0.2356570313907902,2.219135,2.34214670103474,2.82294776955766,0.4451346845897696
1.1405,61.316254,0.500816,0.336991,61.671474,1.627157,0.588297,2.09546,2.21161611445462,1.62001657003198,0.06793464769775355
1.1413,61.316254,0.500816,0.336991,58.046539,1.182882,0.464981,2.51482,2.65422219319518,3.04877456812333,0.06793464769775355
1.1405,61.316254,0.500816,0.336991,61.671474,1.627157,0.588297,2.09546,2.21161611445462,1.62001657003198,0.06428207981199756
1.1414,61.316254,0.500816,0.336991,57.837181,0.718357,0.516146,1.97175,2.08104858774489,3.09892687715575,0.06428207981199756
1.1405,61.316254,0.500816,0.336991,61.671474,1.627157,0.588297,2.09546,2.21161611445462,1.62001657003198,0.05942936555084595
1.1441,61.316254,0.500816,0.336991,57.779877,0.569369,0.137098,1.93161,2.03868353623629,3.13821560631952,0.05942936555084595
1.1405,61.316254,0.500816,0.336991,61.671474,1.627157,0.588297,2.09546,2.21161611445462,1.62001657003198,0.10359751001900405
7.242,62.692913020733926,-0.025525748824417605,1.8463105034097316,62.667699012913516,0.4194908636205863,-1.5379534700818098,2.805159,2.96065534441479,3.35141565262993,0.10359751001900405
1.1405,61.316254,0.500816,0.336991,61.671474,1.627157,0.588297,2.09546,2.21161611445462,1.62001657003198,0.1515990758058686
7.243,62.692913020733926,-0.025525748824417605,1.8463105034097316,62.701314100441266,1.437843959815388,-0.17508085917068428,2.313933,2.44219956981681,2.9214174492907,0.1515990758058686
1.1405,61.316254,0.500816,0.336991,61.671474,1.627157,0.588297,2.09546,2.21161611445462,1.62001657003198,0.07450894995390912
7.349,62.7516829552152,1.1254295846548357,-0.015150175225198126,62.60038251922951,-0.7739016305569613,0.2356570313907902,2.219135,2.34214670103474,2.82294776955766,0.07450894995390912
1.1405,61.316254,0.500816,0.336991,61.671474,1.627157,0.588297,2.09546,2.21161611445462,1.62001657003198,0.44136155160108154
7.358,62.701314100441266,1.4379908404002495,-0.1751158566154487,62.57510908259357,-1.0865975402239436,0.3160591521840894,2.658653,2.80602818356978,3.75318573006797,0.44136155160108154
1.1407,61.316254,0.500816,0.336991,61.246559,1.448591,0.676258,1.55636,1.6426325751351,1.36845568693097,0.056733806443878314
1.1411,61.316254,0.500816,0.336991,58.574184,1.398493,0.652862,2.20215,2.32422018384806,2.73954819113453,0.056733806443878314
1.1407,61.316254,0.500816,0.336991,61.246559,1.448591,0.676258,1.55636,1.6426325751351,1.36845568693097,0.20023082520596622
1.1414,61.316254,0.500816,0.336991,57.837181,0.718357,0.516146,1.97175,2.08104858774489,3.09892687715575,0.20023082520596622
1.1407,61.316254,0.500816,0.336991,61.246559,1.448591,0.676258,1.55636,1.6426325751351,1.36845568693097,0.09549171856594088
1.1437,61.316254,0.500816,0.336991,58.27359,-0.17394,0.562631,2.09546,2.21161611445462,2.87459847943079,0.09549171856594088
1.1407,61.316254,0.500816,0.336991,61.246559,1.448591,0.676258,1.55636,1.6426325751351,1.36845568693097,0.10594398092964383
1.1440,61.316254,0.500816,0.336991,58.065514,0.380088,0.323598,2.07626,2.19135181477936,2.87712140683387,0.10594398092964383
1.1407,61.316254,0.500816,0.336991,61.246559,1.448591,0.676258,1.55636,1.6426325751351,1.36845568693097,0.18810599783588544
1.1441,61.316254,0.500816,0.336991,57.779877,0.569369,0.137098,1.93161,2.03868353623629,3.13821560631952,0.18810599783588544
1.1407,61.316254,0.500816,0.336991,61.246559,1.448591,0.676258,1.55636,1.6426325751351,1.36845568693097,0.06001994753507078
7.243,62.692913020733926,-0.025525748824417605,1.8463105034097316,62.701314100441266,1.437843959815388,-0.17508085917068428,2.313933,2.44219956981681,2.9214174492907,0.06001994753507078
1.1407,61.316254,0.500816,0.336991,61.246559,1.448591,0.676258,1.55636,1.6426325751351,1.36845568693097,0.10063536393980037
7.349,62.7516829552152,1.1254295846548357,-0.015150175225198126,62.60038251922951,-0.7739016305569613,0.2356570313907902,2.219135,2.34214670103474,2.82294776955766,0.10063536393980037
1.1408,61.316254,0.500816,0.336991,60.966518,1.198919,0.585929,1.2294,1.29754843858175,1.05922249243257,0.06153180054527485
1.1414,61.316254,0.500816,0.336991,57.837181,0.718357,0.516146,1.97175,2.08104858774489,3.09892687715575,0.06153180054527485
1.1408,61.316254,0.500816,0.336991,60.966518,1.198919,0.585929,1.2294,1.29754843858175,1.05922249243257,0.07752115298502175
1.1441,61.316254,0.500816,0.336991,57.779877,0.569369,0.137098,1.93161,2.03868353623629,3.13821560631952,0.07752115298502175
1.1408,61.316254,0.500816,0.336991,60.966518,1.198919,0.585929,1.2294,1.29754843858175,1.05922249243257,0.05302621465564251
4.103,60.460007,-0.239831,0.050053,63.133312,-0.252147,-0.026832,1.76966,1.86775627933999,2.29512472278671,0.05302621465564251
1.1409,61.316254,0.500816,0.336991,60.05101,1.42888,0.741699,1.67774,1.77074094464466,1.74743149056085,0.18467043262616772
1.1414,61.316254,0.500816,0.336991,57.837181,0.718357,0.516146,1.97175,2.08104858774489,3.09892687715575,0.18467043262616772
1.1409,61.316254,0.500816,0.336991,60.05101,1.42888,0.741699,1.67774,1.77074094464466,1.74743149056085,0.3051431300642397
1.1416,61.316254,0.500816,0.336991,57.016914,0.73156,0.231314,2.15239,2.27170187385633,3.84244917204097,0.3051431300642397
1.1409,61.316254,0.500816,0.336991,60.05101,1.42888,0.741699,1.67774,1.77074094464466,1.74743149056085,0.39908684227815416
1.1418,61.316254,0.500816,0.336991,57.124107,0.403779,0.222178,2.01137,2.12286481447062,3.73254869365627,0.39908684227815416
1.1409,61.316254,0.500816,0.336991,60.05101,1.42888,0.741699,1.67774,1.77074094464466,1.74743149056085,0.21607822413249775
1.1441,61.316254,0.500816,0.336991,57.779877,0.569369,0.137098,1.93161,2.03868353623629,3.13821560631952,0.21607822413249775
1.1410,61.316254,0.500816,0.336991,59.870667,1.414608,0.437045,1.75789,1.85533384146614,1.80415679839736,0.14470965103275152
1.1414,61.316254,0.500816,0.336991,57.837181,0.718357,0.516146,1.97175,2.08104858774489,3.09892687715575,0.14470965103275152
1.1410,61.316254,0.500816,0.336991,59.870667,1.414608,0.437045,1.75789,1.85533384146614,1.80415679839736,0.45143135276456464
1.1416,61.316254,0.500816,0.336991,57.016914,0.73156,0.231314,2.15239,2.27170187385633,3.84244917204097,0.45143135276456464
1.1410,61.316254,0.500816,0.336991,59.870667,1.414608,0.437045,1.75789,1.85533384146614,1.80415679839736,0.5192289815607244
1.1418,61.316254,0.500816,0.336991,57.124107,0.403779,0.222178,2.01137,2.12286481447062,3.73254869365627,0.5192289815607244
1.1410,61.316254,0.500816,0.336991,59.870667,1.414608,0.437045,1.75789,1.85533384146614,1.80415679839736,0.1778348159768992
1.1441,61.316254,0.500816,0.336991,57.779877,0.569369,0.137098,1.93161,2.03868353623629,3.13821560631952,0.1778348159768992
1.1411,61.316254,0.500816,0.336991,58.574184,1.398493,0.652862,2.20215,2.32422018384806,2.73954819113453,0.07094565951101084
1.1431,61.316254,0.500816,0.336991,61.185474,-0.335592,0.943573,1.69985,1.79407655223946,1.38530721288809,0.07094565951101084
1.1411,61.316254,0.500816,0.336991,58.574184,1.398493,0.652862,2.20215,2.32422018384806,2.73954819113453,0.13781424906446535
7.60,62.650880690858955,0.13654519266420584,0.058882039320318214,61.68871986942695,0.1668234227281129,-0.006548671054829036,1.615875,1.70544662696705,0.825226605499617,0.13781424906446535
1.1411,61.316254,0.500816,0.336991,58.574184,1.398493,0.652862,2.20215,2.32422018384806,2.73954819113453,0.07396861356300632
7.412,63.5160681944692,0.10321987948291866,0.08609954516600737,62.02347818323405,0.10674243497249547,0.20088653655014888,2.344096,2.47403457352019,1.2692217359549,0.07396861356300632
1.1412,61.316254,0.500816,0.336991,59.296902,0.966163,0.462086,1.64045,1.73138387511911,1.89274987960548,0.07677452495366713
1.1414,61.316254,0.500816,0.336991,57.837181,0.718357,0.516146,1.97175,2.08104858774489,3.09892687715575,0.07677452495366713
1.1412,61.316254,0.500816,0.336991,59.296902,0.966163,0.462086,1.64045,1.73138387511911,1.89274987960548,0.499987266198132
1.1416,61.316254,0.500816,0.336991,57.016914,0.73156,0.231314,2.15239,2.27170187385633,3.84244917204097,0.499987266198132
1.1412,61.316254,0.500816,0.336991,59.296902,0.966163,0.462086,1.64045,1.73138387511911,1.89274987960548,0.6740262726865124
1.1418,61.316254,0.500816,0.336991,57.124107,0.403779,0.222178,2.01137,2.12286481447062,3.73254869365627,0.6740262726865124
1.1412,61.316254,0.500816,0.336991,59.296902,0.966163,0.462086,1.64045,1.73138387511911,1.89274987960548,0.11091932430033552
1.1441,61.316254,0.500816,0.336991,57.779877,0.569369,0.137098,1.93161,2.03868353623629,3.13821560631952,0.11091932430033552
1.1412,61.316254,0.500816,0.336991,59.296902,0.966163,0.462086,1.64045,1.73138387511911,1.89274987960548,0.07238471797651125
7.58,62.650880690858955,0.13654519266420584,0.058882039320318214,62.19404048836513,0.13938089430126643,0.13632189460910382,0.99107,1.04600726453979,0.396285269126743,0.07238471797651125
1.1412,61.316254,0.500816,0.336991,59.296902,0.966163,0.462086,1.64045,1.73138387511911,1.89274987960548,0.10964020675417938
7.59,62.650880690858955,0.13654519266420584,0.058882039320318214,62.02347818323405,0.10704106282710679,0.2009869779234119,1.258228,1.32797444019834,0.554627507332884,0.10964020675417938
1.1413,61.316254,0.500816,0.336991,58.046539,1.182882,0.464981,2.51482,2.65422219319518,3.04877456812333,0.06899698294278361
7.412,63.5160681944692,0.10321987948291866,0.08609954516600737,62.02347818323405,0.10674243497249547,0.20088653655014888,2.344096,2.47403457352019,1.2692217359549,0.06899698294278361
1.1414,61.316254,0.500816,0.336991,57.837181,0.718357,0.516146,1.97175,2.08104858774489,3.09892687715575,0.4433515173720872
1.1417,61.316254,0.500816,0.336991,59.562099,0.4567,0.35468,1.52502,1.60955532764433,1.53489449957057,0.4433515173720872
1.1414,61.316254,0.500816,0.336991,57.837181,0.718357,0.516146,1.97175,2.08104858774489,3.09892687715575,0.05168279271224656
1.1430,61.316254,0.500816,0.336991,61.541893,-0.503716,1.077227,2.01137,2.12286481447062,1.6694946209745,0.05168279271224656
1.1414,61.316254,0.500816,0.336991,57.837181,0.718357,0.516146,1.97175,2.08104858774489,3.09892687715575,0.2186192348093127
1.1431,61.316254,0.500816,0.336991,61.185474,-0.335592,0.943573,1.69985,1.79407655223946,1.38530721288809,0.2186192348093127
1.1414,61.316254,0.500816,0.336991,57.837181,0.718357,0.516146,1.97175,2.08104858774489,3.09892687715575,0.12784725302158043
1.1433,61.316254,0.500816,0.336991,60.569229,0.068494,0.74324,1.27438,1.34502178230016,0.998546565810332,0.12784725302158043
1.1414,61.316254,0.500816,0.336991,57.837181,0.718357,0.516146,1.97175,2.08104858774489,3.09892687715575,0.2633890572942719
1.1434,61.316254,0.500816,0.336991,59.816395,-0.090207,0.97558,1.75789,1.85533384146614,1.69871811023023,0.2633890572942719
1.1414,61.316254,0.500816,0.336991,57.837181,0.718357,0.516146,1.97175,2.08104858774489,3.09892687715575,0.0857735151024655
1.1439,61.316254,0.500816,0.336991,59.186619,0.456052,0.390336,1.55636,1.6426325751351,1.8684682169114,0.0857735151024655
1.1414,61.316254,0.500816,0.336991,57.837181,0.718357,0.516146,1.97175,2.08104858774489,3.09892687715575,0.12103251394530272
4.92,60.050018,-0.280042,2.2e-05,61.791084,-0.290317,-0.077282,1.294646,1.36641117278031,1.51390497518088,0.12103251394530272
1.1414,61.316254,0.500816,0.336991,57.837181,0.718357,0.516146,1.97175,2.08104858774489,3.09892687715575,0.18319063318311646
4.102,60.36002,-0.310067,-0.0499,62.078907,-0.283174,-0.077197,1.378472,1.45488383864378,1.48727789711999,0.18319063318311646
1.1414,61.316254,0.500816,0.336991,57.837181,0.718357,0.516146,1.97175,2.08104858774489,3.09892687715575,0.21937006134556689
5.40,60.36002,-0.310067,-0.0499,62.078907,-0.283174,-0.077197,1.412074,1.49034847394004,1.48727789711999,0.21937006134556689
1.1414,61.316254,0.500816,0.336991,57.837181,0.718357,0.516146,1.97175,2.08104858774489,3.09892687715575,0.12758995428919648
7.60,62.650880690858955,0.13654519266420584,0.058882039320318214,61.68871986942695,0.1668234227281129,-0.006548671054829036,1.615875,1.70544662696705,0.825226605499617,0.12758995428919648
1.1415,61.316254,0.500816,0.336991,58.583538,0.781252,0.248396,1.93161,2.03868353623629,2.44068554601601,0.30877612859730164
1.1416,61.316254,0.500816,0.336991,57.016914,0.73156,0.231314,2.15239,2.27170187385633,3.84244917204097,0.30877612859730164
1.1415,61.316254,0.500816,0.336991,58.583538,0.781252,0.248396,1.93161,2.03868353623629,2.44068554601601,0.16487928426837772
1.1418,61.316254,0.500816,0.336991,57.124107,0.403779,0.222178,2.01137,2.12286481447062,3.73254869365627,0.16487928426837772
1.1415,61.316254,0.500816,0.336991,58.583538,0.781252,0.248396,1.93161,2.03868353623629,2.44068554601601,0.09513832467780547
1.1433,61.316254,0.500816,0.336991,60.569229,0.068494,0.74324,1.27438,1.34502178230016,0.998546565810332,0.09513832467780547
1.1415,61.316254,0.500816,0.336991,58.583538,0.781252,0.248396,1.93161,2.03868353623629,2.44068554601601,0.05791538993394185
7.54,62.650880690858955,0.13654519266420584,0.058882039320318214,63.5160681944692,0.10352450549339087,0.08620181826528572,1.572785,1.65996805024792,0.731850287746402,0.05791538993394185
1.1415,61.316254,0.500816,0.336991,58.583538,0.781252,0.248396,1.93161,2.03868353623629,2.44068554601601,0.06959855822588103
7.59,62.650880690858955,0.13654519266420584,0.058882039320318214,62.02347818323405,0.10704106282710679,0.2009869779234119,1.258228,1.32797444019834,0.554627507332884,0.06959855822588103
1.1415,61.316254,0.500816,0.336991,58.583538,0.781252,0.248396,1.93161,2.03868353623629,2.44068554601601,0.2708959019966057
7.60,62.650880690858955,0.13654519266420584,0.058882039320318214,61.68871986942695,0.1668234227281129,-0.006548671054829036,1.615875,1.70544662696705,0.825226605499617,0.2708959019966057
1.1415,61.316254,0.500816,0.336991,58.583538,0.781252,0.248396,1.93161,2.03868353623629,2.44068554601601,0.11153907513758102
7.402,63.16063819673245,0.14105062760799703,0.13801795485133272,62.262057519931304,0.16800188416005168,-0.006586186807155947,1.503841,1.58720232749733,0.776144543590609,0.11153907513758102
1.1415,61.316254,0.500816,0.336991,58.583538,0.781252,0.248396,1.93161,2.03868353623629,2.44068554601601,0.09195401079355449
7.407,63.26843012799614,0.12805498690454664,-0.13779436981593562,62.19404048836513,0.13904050928265077,0.13632816855941865,1.917505,2.02379666400089,0.950497521513414,0.09195401079355449
1.1416,61.316254,0.500816,0.336991,57.016914,0.73156,0.231314,2.15239,2.27170187385633,3.84244917204097,0.24778258873875628
1.1417,61.316254,0.500816,0.336991,59.562099,0.4567,0.35468,1.52502,1.60955532764433,1.53489449957057,0.24778258873875628
1.1416,61.316254,0.500816,0.336991,57.016914,0.73156,0.231314,2.15239,2.27170187385633,3.84244917204097,0.14625231551239015
1.1432,61.316254,0.500816,0.336991,60.551476,-0.667394,1.077107,2.07626,2.19135181477936,1.9890569545523,0.14625231551239015
1.1416,61.316254,0.500816,0.336991,57.016914,0.73156,0.231314,2.15239,2.27170187385633,3.84244917204097,0.4221544101415698
1.1434,61.316254,0.500816,0.336991,59.816395,-0.090207,0.97558,1.75789,1.85533384146614,1.69871811023023,0.4221544101415698
1.1416,61.316254,0.500816,0.336991,57.016914,0.73156,0.231314,2.15239,2.27170187385633,3.84244917204097,0.46663439432783954
1.1435,61.316254,0.500816,0.336991,59.002087,-0.089244,0.965108,2.09546,2.21161611445462,2.29825586211546,0.46663439432783954
1.1416,61.316254,0.500816,0.336991,57.016914,0.73156,0.231314,2.15239,2.27170187385633,3.84244917204097,0.6634064287998918
1.1436,61.316254,0.500816,0.336991,58.955811,0.133519,0.714696,2.01137,2.12286481447062,2.17555942389796,0.6634064287998918
1.1416,61.316254,0.500816,0.336991,57.016914,0.73156,0.231314,2.15239,2.27170187385633,3.84244917204097,0.2535249847416802
1.1438,61.316254,0.500816,0.336991,58.648956,-0.011775,0.477719,2.07626,2.19135181477936,2.47083987175675,0.2535249847416802
1.1416,61.316254,0.500816,0.336991,57.016914,0.73156,0.231314,2.15239,2.27170187385633,3.84244917204097,0.3530077599242014
1.1439,61.316254,0.500816,0.336991,59.186619,0.456052,0.390336,1.55636,1.6426325751351,1.8684682169114,0.3530077599242014
1.1416,61.316254,0.500816,0.336991,57.016914,0.73156,0.231314,2.15239,2.27170187385633,3.84244917204097,0.1128993804176913
4.103,60.460007,-0.239831,0.050053,63.133312,-0.252147,-0.026832,1.76966,1.86775627933999,2.29512472278671,0.1128993804176913
1.1417,61.316254,0.500816,0.336991,59.562099,0.4567,0.35468,1.52502,1.60955532764433,1.53489449957057,0.5130127026497395
1.1418,61.316254,0.500816,0.336991,57.124107,0.403779,0.222178,2.01137,2.12286481447062,3.73254869365627,0.5130127026497395
1.1417,61.316254,0.500816,0.336991,59.562099,0.4567,0.35468,1.52502,1.60955532764433,1.53489449957057,0.11132751588593598
1.1437,61.316254,0.500816,0.336991,58.27359,-0.17394,0.562631,2.09546,2.21161611445462,2.87459847943079,0.11132751588593598
1.1417,61.316254,0.500816,0.336991,59.562099,0.4567,0.35468,1.52502,1.60955532764433,1.53489449957057,0.12356912940832222
1.1440,61.316254,0.500816,0.336991,58.065514,0.380088,0.323598,2.07626,2.19135181477936,2.87712140683387,0.12356912940832222
1.1417,61.316254,0.500816,0.336991,59.562099,0.4567,0.35468,1.52502,1.60955532764433,1.53489449957057,0.5271487522867547
1.1441,61.316254,0.500816,0.336991,57.779877,0.569369,0.137098,1.93161,2.03868353623629,3.13821560631952,0.5271487522867547
1.1418,61.316254,0.500816,0.336991,57.124107,0.403779,0.222178,2.01137,2.12286481447062,3.73254869365627,0.07763145799822307
1.1431,61.316254,0.500816,0.336991,61.185474,-0.335592,0.943573,1.69985,1.79407655223946,1.38530721288809,0.07763145799822307
1.1418,61.316254,0.500816,0.336991,57.124107,0.403779,0.222178,2.01137,2.12286481447062,3.73254869365627,0.18593472007819425
1.1432,61.316254,0.500816,0.336991,60.551476,-0.667394,1.077107,2.07626,2.19135181477936,1.9890569545523,0.18593472007819425
1.1418,61.316254,0.500816,0.336991,57.124107,0.403779,0.222178,2.01137,2.12286481447062,3.73254869365627,0.5690227324847025
1.1434,61.316254,0.500816,0.336991,59.816395,-0.090207,0.97558,1.75789,1.85533384146614,1.69871811023023,0.5690227324847025
1.1418,61.316254,0.500816,0.336991,57.124107,0.403779,0.222178,2.01137,2.12286481447062,3.73254869365627,0.32233374348356
1.1435,61.316254,0.500816,0.336991,59.002087,-0.089244,0.965108,2.09546,2.21161611445462,2.29825586211546,0.32233374348356
1.1418,61.316254,0.500816,0.336991,57.124107,0.403779,0.222178,2.01137,2.12286481447062,3.73254869365627,0.5437799188736793
1.1436,61.316254,0.500816,0.336991,58.955811,0.133519,0.714696,2.01137,2.12286481447062,2.17555942389796,0.5437799188736793
1.1418,61.316254,0.500816,0.336991,57.124107,0.403779,0.222178,2.01137,2.12286481447062,3.73254869365627,0.13079853732922536
1.1438,61.316254,0.500816,0.336991,58.648956,-0.011775,0.477719,2.07626,2.19135181477936,2.47083987175675,0.13079853732922536
1.1418,61.316254,0.500816,0.336991,57.124107,0.403779,0.222178,2.01137,2.12286481447062,3.73254869365627,0.6227078059709867
1.1439,61.316254,0.500816,0.336991,59.186619,0.456052,0.390336,1.55636,1.6426325751351,1.8684682169114,0.6227078059709867
1.1418,61.316254,0.500816,0.336991,57.124107,0.403779,0.222178,2.01137,2.12286481447062,3.73254869365627,0.09148082125326035
4.92,60.050018,-0.280042,2.2e-05,61.791084,-0.290317,-0.077282,1.294646,1.36641117278031,1.51390497518088,0.09148082125326035
1.1418,61.316254,0.500816,0.336991,57.124107,0.403779,0.222178,2.01137,2.12286481447062,3.73254869365627,0.1203986660106285
4.102,60.36002,-0.310067,-0.0499,62.078907,-0.283174,-0.077197,1.378472,1.45488383864378,1.48727789711999,0.1203986660106285
1.1418,61.316254,0.500816,0.336991,57.124107,0.403779,0.222178,2.01137,2.12286481447062,3.73254869365627,0.10588995076510341
4.103,60.460007,-0.239831,0.050053,63.133312,-0.252147,-0.026832,1.76966,1.86775627933999,2.29512472278671,0.10588995076510341
1.1418,61.316254,0.500816,0.336991,57.124107,0.403779,0.222178,2.01137,2.12286481447062,3.73254869365627,0.14749313354162422
5.40,60.36002,-0.310067,-0.0499,62.078907,-0.283174,-0.077197,1.412074,1.49034847394004,1.48727789711999,0.14749313354162422
1.1419,61.316254,0.500816,0.336991,63.384186,0.691776,0.331423,1.69985,1.79407655223946,1.78262720473251,0.06177659248407971
7.53,62.650880690858955,0.13654519266420584,0.058882039320318214,63.26843012799614,0.12840079281817296,-0.13780099423930103,1.180666,1.24611300210392,0.557323554866912,0.06177659248407971
1.1419,61.316254,0.500816,0.336991,63.384186,0.691776,0.331423,1.69985,1.79407655223946,1.78262720473251,0.059208757730463205
7.58,62.650880690858955,0.13654519266420584,0.058882039320318214,62.19404048836513,0.13938089430126643,0.13632189460910382,0.99107,1.04600726453979,0.396285269126743,0.059208757730463205
1.1419,61.316254,0.500816,0.336991,63.384186,0.691776,0.331423,1.69985,1.79407655223946,1.78262720473251,0.08096150756897848
7.59,62.650880690858955,0.13654519266420584,0.058882039320318214,62.02347818323405,0.10704106282710679,0.2009869779234119,1.258228,1.32797444019834,0.554627507332884,0.08096150756897848
1.1420,61.316254,0.500816,0.336991,64.112297,0.484171,0.376044,1.89089,1.99570633400833,2.3701537350482,0.11168657191536088
7.33,62.650880690858955,0.13654519266420584,0.058882039320318214,62.64246883189739,0.1533582167819736,1.1799848157068915,1.456442,1.5371758931063,1.09279885748129,0.11168657191536088
1.1420,61.316254,0.500816,0.336991,64.112297,0.484171,0.376044,1.89089,1.99570633400833,2.3701537350482,0.16716541726351683
7.38,62.650880690858955,0.13654519266420584,0.058882039320318214,62.776843239021375,0.16514541870898958,-0.8563746576976339,1.297009,1.36890515924555,0.906032234049291,0.16716541726351683
1.1420,61.316254,0.500816,0.336991,64.112297,0.484171,0.376044,1.89089,1.99570633400833,2.3701537350482,0.07189370230954852
7.42,62.650880690858955,0.13654519266420584,0.058882039320318214,62.768458263626584,0.7727134271581781,0.014210382325319237,1.180666,1.24611300210392,0.932361102138941,0.07189370230954852
1.1420,61.316254,0.500816,0.336991,64.112297,0.484171,0.376044,1.89089,1.99570633400833,2.3701537350482,0.07084651076806402
7.43,62.650880690858955,0.13654519266420584,0.058882039320318214,62.549819377247616,0.9092526415327984,-0.05232830036527858,1.37888,1.45531445501188,1.12824011902413,0.07084651076806402
1.1420,61.316254,0.500816,0.336991,64.112297,0.484171,0.376044,1.89089,1.99570633400833,2.3701537350482,0.06281547874796947
7.48,62.650880690858955,0.13654519266420584,0.058882039320318214,62.793607836939486,-0.6012431815696773,0.18271982920661234,1.318554,1.39164444760511,1.10554592670147,0.06281547874796947
1.1420,61.316254,0.500816,0.336991,64.112297,0.484171,0.376044,1.89089,1.99570633400833,2.3701537350482,0.1783134438283102
7.53,62.650880690858955,0.13654519266420584,0.058882039320318214,63.26843012799614,0.12840079281817296,-0.13780099423930103,1.180666,1.24611300210392,0.557323554866912,0.1783134438283102
1.1420,61.316254,0.500816,0.336991,64.112297,0.484171,0.376044,1.89089,1.99570633400833,2.3701537350482,0.6811371360536393
7.54,62.650880690858955,0.13654519266420584,0.058882039320318214,63.5160681944692,0.10352450549339087,0.08620181826528572,1.572785,1.65996805024792,0.731850287746402,0.6811371360536393
1.1420,61.316254,0.500816,0.336991,64.112297,0.484171,0.376044,1.89089,1.99570633400833,2.3701537350482,0.3141199188708001
7.55,62.650880690858955,0.13654519266420584,0.058882039320318214,63.78670046345174,0.03275433208632661,0.10033283052226505,1.917505,2.02379666400089,0.969591759766644,0.3141199188708001
1.1420,61.316254,0.500816,0.336991,64.112297,0.484171,0.376044,1.89089,1.99570633400833,2.3701537350482,0.3100081601243792
7.59,62.650880690858955,0.13654519266420584,0.058882039320318214,62.02347818323405,0.10704106282710679,0.2009869779234119,1.258228,1.32797444019834,0.554627507332884,0.3100081601243792
1.1420,61.316254,0.500816,0.336991,64.112297,0.484171,0.376044,1.89089,1.99570633400833,2.3701537350482,0.5504537312713407
7.60,62.650880690858955,0.13654519266420584,0.058882039320318214,61.68871986942695,0.1668234227281129,-0.006548671054829036,1.615875,1.70544662696705,0.825226605499617,0.5504537312713407
1.1420,61.316254,0.500816,0.336991,64.112297,0.484171,0.376044,1.89089,1.99570633400833,2.3701537350482,0.22428308800781602
7.179,62.625639713294134,-0.23944473055187432,1.0386475053027588,62.67610547792866,-0.3923301037287996,0.10245871566407772,1.404734,1.48260160104335,0.943203581642223,0.22428308800781602
1.1420,61.316254,0.500816,0.336991,64.112297,0.484171,0.376044,1.89089,1.99570633400833,2.3701537350482,0.1253040788092235
7.203,62.64246883189739,0.15331603614493483,1.1799271839062042,62.19404048836513,0.13933860462395087,0.1362646673024548,1.473678,1.55536732379395,1.08457075131742,0.1253040788092235
1.1420,61.316254,0.500816,0.336991,64.112297,0.484171,0.376044,1.89089,1.99570633400833,2.3701537350482,0.05178830504861367
7.226,62.692913020733926,0.018020805553853325,1.2857434604606643,62.02347818323405,0.10700566224686181,0.20095643499979943,1.710673,1.80549949574911,1.20327736956508,0.05178830504861367
1.1420,61.316254,0.500816,0.336991,64.112297,0.484171,0.376044,1.89089,1.99570633400833,2.3701537350482,0.061540080940497975
7.262,62.49919105553391,0.22395683649600873,-0.3327535686703076,62.516074417933325,0.5580522525558962,0.01602137243352786,1.090177,1.15060799099377,0.599172468823163,0.061540080940497975
1.1420,61.316254,0.500816,0.336991,64.112297,0.484171,0.376044,1.89089,1.99570633400833,2.3701537350482,0.24371872343213036
7.272,62.659290750877176,0.18280401052056527,-0.46365008627240467,62.768458263626584,0.7723688852379063,0.014129034614196456,1.516768,1.60084590051307,0.985494186790541,0.24371872343213036
1.1420,61.316254,0.500816,0.336991,64.112297,0.484171,0.376044,1.89089,1.99570633400833,2.3701537350482,0.05568936258647691
7.327,62.516074417933325,0.5582046943676255,0.01604474330929584,62.67610547792866,-0.0360665637400559,0.15170944875286807,1.137576,1.2006344253848,0.899024941192269,0.05568936258647691
1.1420,61.316254,0.500816,0.336991,64.112297,0.484171,0.376044,1.89089,1.99570633400833,2.3701537350482,0.22967950183073843
7.373,62.67610547792866,-0.39222554081780325,0.1025082818313372,63.16063819673245,0.1410704951634867,0.1379677122782974,1.33579,1.40983587829276,0.894182272125511,0.22967950183073843
1.1420,61.316254,0.500816,0.336991,64.112297,0.484171,0.376044,1.89089,1.99570633400833,2.3701537350482,0.08545894608433172
7.374,62.67610547792866,-0.39222554081780325,0.1025082818313372,62.262057519931304,0.1680215593836687,-0.006635877646821164,1.193593,1.25975657511966,0.912791769789313,0.08545894608433172
1.1420,61.316254,0.500816,0.336991,64.112297,0.484171,0.376044,1.89089,1.99570633400833,2.3701537350482,0.5789016418544403
7.402,63.16063819673245,0.14105062760799703,0.13801795485133272,62.262057519931304,0.16800188416005168,-0.006586186807155947,1.503841,1.58720232749733,0.776144543590609,0.5789016418544403
1.1420,61.316254,0.500816,0.336991,64.112297,0.484171,0.376044,1.89089,1.99570633400833,2.3701537350482,0.3521116395573741
7.407,63.26843012799614,0.12805498690454664,-0.13779436981593562,62.19404048836513,0.13904050928265077,0.13632816855941865,1.917505,2.02379666400089,0.950497521513414,0.3521116395573741
1.1421,61.316254,0.500816,0.336991,64.314461,0.45935,0.603762,1.99162,2.10202002704424,2.55199216473992,0.2220544420208317
7.33,62.650880690858955,0.13654519266420584,0.058882039320318214,62.64246883189739,0.1533582167819736,1.1799848157068915,1.456442,1.5371758931063,1.09279885748129,0.2220544420208317
1.1421,61.316254,0.500816,0.336991,64.314461,0.45935,0.603762,1.99162,2.10202002704424,2.55199216473992,0.1430103090147032
7.34,62.650880690858955,0.13654519266420584,0.058882039320318214,62.692913020733926,0.01805623158557257,1.285774338419876,1.495223,1.57810661215351,1.20777138570803,0.1430103090147032
1.1421,61.316254,0.500816,0.336991,64.314461,0.45935,0.603762,1.99162,2.10202002704424,2.55199216473992,0.13670565558118575
7.38,62.650880690858955,0.13654519266420584,0.058882039320318214,62.776843239021375,0.16514541870898958,-0.8563746576976339,1.297009,1.36890515924555,0.906032234049291,0.13670565558118575
1.1421,61.316254,0.500816,0.336991,64.314461,0.45935,0.603762,1.99162,2.10202002704424,2.55199216473992,0.12736968202930934
7.43,62.650880690858955,0.13654519266420584,0.058882039320318214,62.549819377247616,0.9092526415327984,-0.05232830036527858,1.37888,1.45531445501188,1.12824011902413,0.12736968202930934
1.1421,61.316254,0.500816,0.336991,64.314461,0.45935,0.603762,1.99162,2.10202002704424,2.55199216473992,0.09189816251098605
7.48,62.650880690858955,0.13654519266420584,0.058882039320318214,62.793607836939486,-0.6012431815696773,0.18271982920661234,1.318554,1.39164444760511,1.10554592670147,0.09189816251098605
1.1421,61.316254,0.500816,0.336991,64.314461,0.45935,0.603762,1.99162,2.10202002704424,2.55199216473992,0.06267462393829468
7.53,62.650880690858955,0.13654519266420584,0.058882039320318214,63.26843012799614,0.12840079281817296,-0.13780099423930103,1.180666,1.24611300210392,0.557323554866912,0.06267462393829468
1.1421,61.316254,0.500816,0.336991,64.314461,0.45935,0.603762,1.99162,2.10202002704424,2.55199216473992,0.7478904130246372
7.54,62.650880690858955,0.13654519266420584,0.058882039320318214,63.5160681944692,0.10352450549339087,0.08620181826528572,1.572785,1.65996805024792,0.731850287746402,0.7478904130246372
1.1421,61.316254,0.500816,0.336991,64.314461,0.45935,0.603762,1.99162,2.10202002704424,2.55199216473992,0.637462353928582
7.55,62.650880690858955,0.13654519266420584,0.058882039320318214,63.78670046345174,0.03275433208632661,0.10033283052226505,1.917505,2.02379666400089,0.969591759766644,0.637462353928582
1.1421,61.316254,0.500816,0.336991,64.314461,0.45935,0.603762,1.99162,2.10202002704424,2.55199216473992,0.14741071551983895
7.59,62.650880690858955,0.13654519266420584,0.058882039320318214,62.02347818323405,0.10704106282710679,0.2009869779234119,1.258228,1.32797444019834,0.554627507332884,0.14741071551983895
1.1421,61.316254,0.500816,0.336991,64.314461,0.45935,0.603762,1.99162,2.10202002704424,2.55199216473992,0.6910720207532192
7.60,62.650880690858955,0.13654519266420584,0.058882039320318214,61.68871986942695,0.1668234227281129,-0.006548671054829036,1.615875,1.70544662696705,0.825226605499617,0.6910720207532192
1.1421,61.316254,0.500816,0.336991,64.314461,0.45935,0.603762,1.99162,2.10202002704424,2.55199216473992,0.26907062335596504
7.179,62.625639713294134,-0.23944473055187432,1.0386475053027588,62.67610547792866,-0.3923301037287996,0.10245871566407772,1.404734,1.48260160104335,0.943203581642223,0.26907062335596504
1.1421,61.316254,0.500816,0.336991,64.314461,0.45935,0.603762,1.99162,2.10202002704424,2.55199216473992,0.25132879019680443
7.203,62.64246883189739,0.15331603614493483,1.1799271839062042,62.19404048836513,0.13933860462395087,0.1362646673024548,1.473678,1.55536732379395,1.08457075131742,0.25132879019680443
1.1421,61.316254,0.500816,0.336991,64.314461,0.45935,0.603762,1.99162,2.10202002704424,2.55199216473992,0.06674952371623652
7.225,62.692913020733926,0.018020805553853325,1.2857434604606643,63.5160681944692,0.1034883930461361,0.08617069990211057,1.814089,1.914648079875,1.36270424474039,0.06674952371623652
1.1421,61.316254,0.500816,0.336991,64.314461,0.45935,0.603762,1.99162,2.10202002704424,2.55199216473992,0.21658408214554692
7.226,62.692913020733926,0.018020805553853325,1.2857434604606643,62.02347818323405,0.10700566224686181,0.20095643499979943,1.710673,1.80549949574911,1.20327736956508,0.21658408214554692
1.1421,61.316254,0.500816,0.336991,64.314461,0.45935,0.603762,1.99162,2.10202002704424,2.55199216473992,0.4024083318050787
7.272,62.659290750877176,0.18280401052056527,-0.46365008627240467,62.768458263626584,0.7723688852379063,0.014129034614196456,1.516768,1.60084590051307,0.985494186790541,0.4024083318050787
1.1421,61.316254,0.500816,0.336991,64.314461,0.45935,0.603762,1.99162,2.10202002704424,2.55199216473992,0.06063379813866588
7.288,62.776843239021375,0.16499491098698194,-0.856471086060373,62.549819377247616,0.9091041149971724,-0.05242490137724598,1.878724,1.98286594495368,1.36018005319696,0.06063379813866588
1.1421,61.316254,0.500816,0.336991,64.314461,0.45935,0.603762,1.99162,2.10202002704424,2.55199216473992,0.2128364837979191
7.373,62.67610547792866,-0.39222554081780325,0.1025082818313372,63.16063819673245,0.1410704951634867,0.1379677122782974,1.33579,1.40983587829276,0.894182272125511,0.2128364837979191
1.1421,61.316254,0.500816,0.336991,64.314461,0.45935,0.603762,1.99162,2.10202002704424,2.55199216473992,0.05149041368668838
7.374,62.67610547792866,-0.39222554081780325,0.1025082818313372,62.262057519931304,0.1680215593836687,-0.006635877646821164,1.193593,1.25975657511966,0.912791769789313,0.05149041368668838
1.1421,61.316254,0.500816,0.336991,64.314461,0.45935,0.603762,1.99162,2.10202002704424,2.55199216473992,0.13213032968326405
7.379,62.793607836939486,-0.6013498919536509,0.18269033927200695,63.26843012799614,0.12829336715097783,-0.13783063587435862,1.447824,1.52808017776247,1.19047406123351,0.13213032968326405
1.1421,61.316254,0.500816,0.336991,64.314461,0.45935,0.603762,1.99162,2.10202002704424,2.55199216473992,0.15267606676017995
7.380,62.793607836939486,-0.6013498919536509,0.18269033927200695,62.19404048836513,0.1392751557910965,0.13629258088392326,1.521077,1.60539375818498,1.20966055214836,0.15267606676017995
1.1421,61.316254,0.500816,0.336991,64.314461,0.45935,0.603762,1.99162,2.10202002704424,2.55199216473992,0.6143645936300731
7.402,63.16063819673245,0.14105062760799703,0.13801795485133272,62.262057519931304,0.16800188416005168,-0.006586186807155947,1.503841,1.58720232749733,0.776144543590609,0.6143645936300731
1.1421,61.316254,0.500816,0.336991,64.314461,0.45935,0.603762,1.99162,2.10202002704424,2.55199216473992,0.6734145789571712
7.407,63.26843012799614,0.12805498690454664,-0.13779436981593562,62.19404048836513,0.13904050928265077,0.13632816855941865,1.917505,2.02379666400089,0.950497521513414,0.6734145789571712
1.1421,61.316254,0.500816,0.336991,64.314461,0.45935,0.603762,1.99162,2.10202002704424,2.55199216473992,0.1451266515715114
7.412,63.5160681944692,0.10321987948291866,0.08609954516600737,62.02347818323405,0.10674243497249547,0.20088653655014888,2.344096,2.47403457352019,1.2692217359549,0.1451266515715114
1.1422,61.316254,0.500816,0.336991,63.069199,0.162267,0.452274,1.75789,1.85533384146614,1.58159947737762,0.11134433972140116
7.243,62.692913020733926,-0.025525748824417605,1.8463105034097316,62.701314100441266,1.437843959815388,-0.17508085917068428,2.313933,2.44219956981681,2.9214174492907,0.11134433972140116
1.1422,61.316254,0.500816,0.336991,63.069199,0.162267,0.452274,1.75789,1.85533384146614,1.58159947737762,0.05240403743102671
7.319,62.667699012913516,0.41939590876782784,-1.538020821793018,62.57510908259357,-1.0868373718551094,0.31602629685616446,2.275152,2.4012688507696,2.81435611036367,0.05240403743102671
1.1422,61.316254,0.500816,0.336991,63.069199,0.162267,0.452274,1.75789,1.85533384146614,1.58159947737762,0.0825466079267402
7.349,62.7516829552152,1.1254295846548357,-0.015150175225198126,62.60038251922951,-0.7739016305569613,0.2356570313907902,2.219135,2.34214670103474,2.82294776955766,0.0825466079267402
1.1423,61.316254,0.500816,0.336991,63.565411,0.217747,0.863668,1.84263,1.94477117242874,2.02717999057014,0.12261063062841171
7.53,62.650880690858955,0.13654519266420584,0.058882039320318214,63.26843012799614,0.12840079281817296,-0.13780099423930103,1.180666,1.24611300210392,0.557323554866912,0.12261063062841171
1.1423,61.316254,0.500816,0.336991,63.565411,0.217747,0.863668,1.84263,1.94477117242874,2.02717999057014,0.16691630575209704
7.54,62.650880690858955,0.13654519266420584,0.058882039320318214,63.5160681944692,0.10352450549339087,0.08620181826528572,1.572785,1.65996805024792,0.731850287746402,0.16691630575209704
1.1423,61.316254,0.500816,0.336991,63.565411,0.217747,0.863668,1.84263,1.94477117242874,2.02717999057014,0.20369527913222832
7.59,62.650880690858955,0.13654519266420584,0.058882039320318214,62.02347818323405,0.10704106282710679,0.2009869779234119,1.258228,1.32797444019834,0.554627507332884,0.20369527913222832
1.1423,61.316254,0.500816,0.336991,63.565411,0.217747,0.863668,1.84263,1.94477117242874,2.02717999057014,0.08068092458743664
7.60,62.650880690858955,0.13654519266420584,0.058882039320318214,61.68871986942695,0.1668234227281129,-0.006548671054829036,1.615875,1.70544662696705,0.825226605499617,0.08068092458743664
1.1423,61.316254,0.500816,0.336991,63.565411,0.217747,0.863668,1.84263,1.94477117242874,2.02717999057014,0.116206558044643
7.402,63.16063819673245,0.14105062760799703,0.13801795485133272,62.262057519931304,0.16800188416005168,-0.006586186807155947,1.503841,1.58720232749733,0.776144543590609,0.116206558044643
1.1424,61.316254,0.500816,0.336991,63.532524,-0.170763,0.918495,1.8217,1.92268097491815,2.21046109026444,0.10011370843275431
7.38,62.650880690858955,0.13654519266420584,0.058882039320318214,62.776843239021375,0.16514541870898958,-0.8563746576976339,1.297009,1.36890515924555,0.906032234049291,0.10011370843275431
1.1424,61.316254,0.500816,0.336991,63.532524,-0.170763,0.918495,1.8217,1.92268097491815,2.21046109026444,0.24248818563838406
7.53,62.650880690858955,0.13654519266420584,0.058882039320318214,63.26843012799614,0.12840079281817296,-0.13780099423930103,1.180666,1.24611300210392,0.557323554866912,0.24248818563838406
1.1424,61.316254,0.500816,0.336991,63.532524,-0.170763,0.918495,1.8217,1.92268097491815,2.21046109026444,0.4429455350079026
7.54,62.650880690858955,0.13654519266420584,0.058882039320318214,63.5160681944692,0.10352450549339087,0.08620181826528572,1.572785,1.65996805024792,0.731850287746402,0.4429455350079026
1.1424,61.316254,0.500816,0.336991,63.532524,-0.170763,0.918495,1.8217,1.92268097491815,2.21046109026444,0.11358449397834532
7.55,62.650880690858955,0.13654519266420584,0.058882039320318214,63.78670046345174,0.03275433208632661,0.10033283052226505,1.917505,2.02379666400089,0.969591759766644,0.11358449397834532
1.1424,61.316254,0.500816,0.336991,63.532524,-0.170763,0.918495,1.8217,1.92268097491815,2.21046109026444,0.388036167108093
7.59,62.650880690858955,0.13654519266420584,0.058882039320318214,62.02347818323405,0.10704106282710679,0.2009869779234119,1.258228,1.32797444019834,0.554627507332884,0.388036167108093
1.1424,61.316254,0.500816,0.336991,63.532524,-0.170763,0.918495,1.8217,1.92268097491815,2.21046109026444,0.29385110463959846
7.60,62.650880690858955,0.13654519266420584,0.058882039320318214,61.68871986942695,0.1668234227281129,-0.006548671054829036,1.615875,1.70544662696705,0.825226605499617,0.29385110463959846
1.1424,61.316254,0.500816,0.336991,63.532524,-0.170763,0.918495,1.8217,1.92268097491815,2.21046109026444,0.11105543357307915
7.179,62.625639713294134,-0.23944473055187432,1.0386475053027588,62.67610547792866,-0.3923301037287996,0.10245871566407772,1.404734,1.48260160104335,0.943203581642223,0.11105543357307915
1.1424,61.316254,0.500816,0.336991,63.532524,-0.170763,0.918495,1.8217,1.92268097491815,2.21046109026444,0.10613629393531668
7.262,62.49919105553391,0.22395683649600873,-0.3327535686703076,62.516074417933325,0.5580522525558962,0.01602137243352786,1.090177,1.15060799099377,0.599172468823163,0.10613629393531668
1.1424,61.316254,0.500816,0.336991,63.532524,-0.170763,0.918495,1.8217,1.92268097491815,2.21046109026444,0.08920259888659622
7.272,62.659290750877176,0.18280401052056527,-0.46365008627240467,62.768458263626584,0.7723688852379063,0.014129034614196456,1.516768,1.60084590051307,0.985494186790541,0.08920259888659622
1.1424,61.316254,0.500816,0.336991,63.532524,-0.170763,0.918495,1.8217,1.92268097491815,2.21046109026444,0.13168228262799855
7.373,62.67610547792866,-0.39222554081780325,0.1025082818313372,63.16063819673245,0.1410704951634867,0.1379677122782974,1.33579,1.40983587829276,0.894182272125511,0.13168228262799855
1.1424,61.316254,0.500816,0.336991,63.532524,-0.170763,0.918495,1.8217,1.92268097491815,2.21046109026444,0.062568359869252
7.374,62.67610547792866,-0.39222554081780325,0.1025082818313372,62.262057519931304,0.1680215593836687,-0.006635877646821164,1.193593,1.25975657511966,0.912791769789313,0.062568359869252
1.1424,61.316254,0.500816,0.336991,63.532524,-0.170763,0.918495,1.8217,1.92268097491815,2.21046109026444,0.3554634467506475
7.402,63.16063819673245,0.14105062760799703,0.13801795485133272,62.262057519931304,0.16800188416005168,-0.006586186807155947,1.503841,1.58720232749733,0.776144543590609,0.3554634467506475
1.1424,61.316254,0.500816,0.336991,63.532524,-0.170763,0.918495,1.8217,1.92268097491815,2.21046109026444,0.1348806820248142
7.407,63.26843012799614,0.12805498690454664,-0.13779436981593562,62.19404048836513,0.13904050928265077,0.13632816855941865,1.917505,2.02379666400089,0.950497521513414,0.1348806820248142
1.1426,61.316254,0.500816,0.336991,63.540749,-0.267612,1.116719,2.03748,2.15042215116443,2.33989668509036,0.05587441142914055
7.33,62.650880690858955,0.13654519266420584,0.058882039320318214,62.64246883189739,0.1533582167819736,1.1799848157068915,1.456442,1.5371758931063,1.09279885748129,0.05587441142914055
1.1426,61.316254,0.500816,0.336991,63.540749,-0.267612,1.116719,2.03748,2.15042215116443,2.33989668509036,0.49876432939048454
7.54,62.650880690858955,0.13654519266420584,0.058882039320318214,63.5160681944692,0.10352450549339087,0.08620181826528572,1.572785,1.65996805024792,0.731850287746402,0.49876432939048454
1.1426,61.316254,0.500816,0.336991,63.540749,-0.267612,1.116719,2.03748,2.15042215116443,2.33989668509036,0.268197282968386
7.55,62.650880690858955,0.13654519266420584,0.058882039320318214,63.78670046345174,0.03275433208632661,0.10033283052226505,1.917505,2.02379666400089,0.969591759766644,0.268197282968386
1.1426,61.316254,0.500816,0.336991,63.540749,-0.267612,1.116719,2.03748,2.15042215116443,2.33989668509036,0.08726376968288098
7.59,62.650880690858955,0.13654519266420584,0.058882039320318214,62.02347818323405,0.10704106282710679,0.2009869779234119,1.258228,1.32797444019834,0.554627507332884,0.08726376968288098
1.1426,61.316254,0.500816,0.336991,63.540749,-0.267612,1.116719,2.03748,2.15042215116443,2.33989668509036,0.41930819061620417
7.60,62.650880690858955,0.13654519266420584,0.058882039320318214,61.68871986942695,0.1668234227281129,-0.006548671054829036,1.615875,1.70544662696705,0.825226605499617,0.41930819061620417
1.1426,61.316254,0.500816,0.336991,63.540749,-0.267612,1.116719,2.03748,2.15042215116443,2.33989668509036,0.10290442412644589
7.179,62.625639713294134,-0.23944473055187432,1.0386475053027588,62.67610547792866,-0.3923301037287996,0.10245871566407772,1.404734,1.48260160104335,0.943203581642223,0.10290442412644589
1.1426,61.316254,0.500816,0.336991,63.540749,-0.267612,1.116719,2.03748,2.15042215116443,2.33989668509036,0.06679328044310419
7.203,62.64246883189739,0.15331603614493483,1.1799271839062042,62.19404048836513,0.13933860462395087,0.1362646673024548,1.473678,1.55536732379395,1.08457075131742,0.06679328044310419
1.1426,61.316254,0.500816,0.336991,63.540749,-0.267612,1.116719,2.03748,2.15042215116443,2.33989668509036,0.13926979090372546
7.272,62.659290750877176,0.18280401052056527,-0.46365008627240467,62.768458263626584,0.7723688852379063,0.014129034614196456,1.516768,1.60084590051307,0.985494186790541,0.13926979090372546
1.1426,61.316254,0.500816,0.336991,63.540749,-0.267612,1.116719,2.03748,2.15042215116443,2.33989668509036,0.11408899957095323
7.358,62.701314100441266,1.4379908404002495,-0.1751158566154487,62.57510908259357,-1.0865975402239436,0.3160591521840894,2.658653,2.80602818356978,3.75318573006797,0.11408899957095323
1.1426,61.316254,0.500816,0.336991,63.540749,-0.267612,1.116719,2.03748,2.15042215116443,2.33989668509036,0.07906983225551305
7.373,62.67610547792866,-0.39222554081780325,0.1025082818313372,63.16063819673245,0.1410704951634867,0.1379677122782974,1.33579,1.40983587829276,0.894182272125511,0.07906983225551305
1.1426,61.316254,0.500816,0.336991,63.540749,-0.267612,1.116719,2.03748,2.15042215116443,2.33989668509036,0.3631285429256511
7.402,63.16063819673245,0.14105062760799703,0.13801795485133272,62.262057519931304,0.16800188416005168,-0.006586186807155947,1.503841,1.58720232749733,0.776144543590609,0.3631285429256511
1.1426,61.316254,0.500816,0.336991,63.540749,-0.267612,1.116719,2.03748,2.15042215116443,2.33989668509036,0.29879521257653796
7.407,63.26843012799614,0.12805498690454664,-0.13779436981593562,62.19404048836513,0.13904050928265077,0.13632816855941865,1.917505,2.02379666400089,0.950497521513414,0.29879521257653796
1.1429,61.316254,0.500816,0.336991,62.159988,-0.67117,1.293516,1.99162,2.10202002704424,2.09571349756744,0.18663174447154957
7.54,62.650880690858955,0.13654519266420584,0.058882039320318214,63.5160681944692,0.10352450549339087,0.08620181826528572,1.572785,1.65996805024792,0.731850287746402,0.18663174447154957
1.1429,61.316254,0.500816,0.336991,62.159988,-0.67117,1.293516,1.99162,2.10202002704424,2.09571349756744,0.08879152444742608
7.59,62.650880690858955,0.13654519266420584,0.058882039320318214,62.02347818323405,0.10704106282710679,0.2009869779234119,1.258228,1.32797444019834,0.554627507332884,0.08879152444742608
1.1429,61.316254,0.500816,0.336991,62.159988,-0.67117,1.293516,1.99162,2.10202002704424,2.09571349756744,0.12370508044044641
7.60,62.650880690858955,0.13654519266420584,0.058882039320318214,61.68871986942695,0.1668234227281129,-0.006548671054829036,1.615875,1.70544662696705,0.825226605499617,0.12370508044044641
1.1429,61.316254,0.500816,0.336991,62.159988,-0.67117,1.293516,1.99162,2.10202002704424,2.09571349756744,0.19436814600012858
7.358,62.701314100441266,1.4379908404002495,-0.1751158566154487,62.57510908259357,-1.0865975402239436,0.3160591521840894,2.658653,2.80602818356978,3.75318573006797,0.19436814600012858
1.1429,61.316254,0.500816,0.336991,62.159988,-0.67117,1.293516,1.99162,2.10202002704424,2.09571349756744,0.1315138894576396
7.402,63.16063819673245,0.14105062760799703,0.13801795485133272,62.262057519931304,0.16800188416005168,-0.006586186807155947,1.503841,1.58720232749733,0.776144543590609,0.1315138894576396
1.1430,61.316254,0.500816,0.336991,61.541893,-0.503716,1.077227,2.01137,2.12286481447062,1.6694946209745,0.05237948959982766
1.1441,61.316254,0.500816,0.336991,57.779877,0.569369,0.137098,1.93161,2.03868353623629,3.13821560631952,0.05237948959982766
1.1430,61.316254,0.500816,0.336991,61.541893,-0.503716,1.077227,2.01137,2.12286481447062,1.6694946209745,0.05007177040773833
7.242,62.692913020733926,-0.025525748824417605,1.8463105034097316,62.667699012913516,0.4194908636205863,-1.5379534700818098,2.805159,2.96065534441479,3.35141565262993,0.05007177040773833
1.1430,61.316254,0.500816,0.336991,61.541893,-0.503716,1.077227,2.01137,2.12286481447062,1.6694946209745,0.10973630374705211
7.243,62.692913020733926,-0.025525748824417605,1.8463105034097316,62.701314100441266,1.437843959815388,-0.17508085917068428,2.313933,2.44219956981681,2.9214174492907,0.10973630374705211
1.1430,61.316254,0.500816,0.336991,61.541893,-0.503716,1.077227,2.01137,2.12286481447062,1.6694946209745,0.2855926998579538
7.358,62.701314100441266,1.4379908404002495,-0.1751158566154487,62.57510908259357,-1.0865975402239436,0.3160591521840894,2.658653,2.80602818356978,3.75318573006797,0.2855926998579538
1.1431,61.316254,0.500816,0.336991,61.185474,-0.335592,0.943573,1.69985,1.79407655223946,1.38530721288809,0.21583161282215257
1.1437,61.316254,0.500816,0.336991,58.27359,-0.17394,0.562631,2.09546,2.21161611445462,2.87459847943079,0.21583161282215257
1.1431,61.316254,0.500816,0.336991,61.185474,-0.335592,0.943573,1.69985,1.79407655223946,1.38530721288809,0.16072584760186834
1.1440,61.316254,0.500816,0.336991,58.065514,0.380088,0.323598,2.07626,2.19135181477936,2.87712140683387,0.16072584760186834
1.1431,61.316254,0.500816,0.336991,61.185474,-0.335592,0.943573,1.69985,1.79407655223946,1.38530721288809,0.20922276975038623
1.1441,61.316254,0.500816,0.336991,57.779877,0.569369,0.137098,1.93161,2.03868353623629,3.13821560631952,0.20922276975038623
1.1431,61.316254,0.500816,0.336991,61.185474,-0.335592,0.943573,1.69985,1.79407655223946,1.38530721288809,0.18919312223607276
7.243,62.692913020733926,-0.025525748824417605,1.8463105034097316,62.701314100441266,1.437843959815388,-0.17508085917068428,2.313933,2.44219956981681,2.9214174492907,0.18919312223607276
1.1431,61.316254,0.500816,0.336991,61.185474,-0.335592,0.943573,1.69985,1.79407655223946,1.38530721288809,0.13075724571862618
7.319,62.667699012913516,0.41939590876782784,-1.538020821793018,62.57510908259357,-1.0868373718551094,0.31602629685616446,2.275152,2.4012688507696,2.81435611036367,0.13075724571862618
1.1431,61.316254,0.500816,0.336991,61.185474,-0.335592,0.943573,1.69985,1.79407655223946,1.38530721288809,0.21546401184239872
7.349,62.7516829552152,1.1254295846548357,-0.015150175225198126,62.60038251922951,-0.7739016305569613,0.2356570313907902,2.219135,2.34214670103474,2.82294776955766,0.21546401184239872
1.1432,61.316254,0.500816,0.336991,60.551476,-0.667394,1.077107,2.07626,2.19135181477936,1.9890569545523,0.3141584663202836
7.358,62.701314100441266,1.4379908404002495,-0.1751158566154487,62.57510908259357,-1.0865975402239436,0.3160591521840894,2.658653,2.80602818356978,3.75318573006797,0.3141584663202836
1.1433,61.316254,0.500816,0.336991,60.569229,0.068494,0.74324,1.27438,1.34502178230016,0.998546565810332,0.16119598934000134
1.1441,61.316254,0.500816,0.336991,57.779877,0.569369,0.137098,1.93161,2.03868353623629,3.13821560631952,0.16119598934000134
1.1433,61.316254,0.500816,0.336991,60.569229,0.068494,0.74324,1.27438,1.34502178230016,0.998546565810332,0.10381774546670301
4.103,60.460007,-0.239831,0.050053,63.133312,-0.252147,-0.026832,1.76966,1.86775627933999,2.29512472278671,0.10381774546670301
1.1434,61.316254,0.500816,0.336991,59.816395,-0.090207,0.97558,1.75789,1.85533384146614,1.69871811023023,0.05458009213724695
1.1437,61.316254,0.500816,0.336991,58.27359,-0.17394,0.562631,2.09546,2.21161611445462,2.87459847943079,0.05458009213724695
1.1434,61.316254,0.500816,0.336991,59.816395,-0.090207,0.97558,1.75789,1.85533384146614,1.69871811023023,0.05353827009709828
1.1440,61.316254,0.500816,0.336991,58.065514,0.380088,0.323598,2.07626,2.19135181477936,2.87712140683387,0.05353827009709828
1.1434,61.316254,0.500816,0.336991,59.816395,-0.090207,0.97558,1.75789,1.85533384146614,1.69871811023023,0.3048296766957768
1.1441,61.316254,0.500816,0.336991,57.779877,0.569369,0.137098,1.93161,2.03868353623629,3.13821560631952,0.3048296766957768
1.1435,61.316254,0.500816,0.336991,59.002087,-0.089244,0.965108,2.09546,2.21161611445462,2.29825586211546,0.1745784426920618
7.60,62.650880690858955,0.13654519266420584,0.058882039320318214,61.68871986942695,0.1668234227281129,-0.006548671054829036,1.615875,1.70544662696705,0.825226605499617,0.1745784426920618
1.1435,61.316254,0.500816,0.336991,59.002087,-0.089244,0.965108,2.09546,2.21161611445462,2.29825586211546,0.06806918470845547
7.402,63.16063819673245,0.14105062760799703,0.13801795485133272,62.262057519931304,0.16800188416005168,-0.006586186807155947,1.503841,1.58720232749733,0.776144543590609,0.06806918470845547
1.1435,61.316254,0.500816,0.336991,59.002087,-0.089244,0.965108,2.09546,2.21161611445462,2.29825586211546,0.07498213355889542
7.407,63.26843012799614,0.12805498690454664,-0.13779436981593562,62.19404048836513,0.13904050928265077,0.13632816855941865,1.917505,2.02379666400089,0.950497521513414,0.07498213355889542
1.1436,61.316254,0.500816,0.336991,58.955811,0.133519,0.714696,2.01137,2.12286481447062,2.17555942389796,0.11937102055297491
7.60,62.650880690858955,0.13654519266420584,0.058882039320318214,61.68871986942695,0.1668234227281129,-0.006548671054829036,1.615875,1.70544662696705,0.825226605499617,0.11937102055297491
1.1436,61.316254,0.500816,0.336991,58.955811,0.133519,0.714696,2.01137,2.12286481447062,2.17555942389796,0.06079140102939643
7.402,63.16063819673245,0.14105062760799703,0.13801795485133272,62.262057519931304,0.16800188416005168,-0.006586186807155947,1.503841,1.58720232749733,0.776144543590609,0.06079140102939643
1.1437,61.316254,0.500816,0.336991,58.27359,-0.17394,0.562631,2.09546,2.21161611445462,2.87459847943079,0.059976549547020745
5.40,60.36002,-0.310067,-0.0499,62.078907,-0.283174,-0.077197,1.412074,1.49034847394004,1.48727789711999,0.059976549547020745
1.1437,61.316254,0.500816,0.336991,58.27359,-0.17394,0.562631,2.09546,2.21161611445462,2.87459847943079,0.20015791258096485
7.60,62.650880690858955,0.13654519266420584,0.058882039320318214,61.68871986942695,0.1668234227281129,-0.006548671054829036,1.615875,1.70544662696705,0.825226605499617,0.20015791258096485
1.1437,61.316254,0.500816,0.336991,58.27359,-0.17394,0.562631,2.09546,2.21161611445462,2.87459847943079,0.11635522066107978
7.407,63.26843012799614,0.12805498690454664,-0.13779436981593562,62.19404048836513,0.13904050928265077,0.13632816855941865,1.917505,2.02379666400089,0.950497521513414,0.11635522066107978
1.1437,61.316254,0.500816,0.336991,58.27359,-0.17394,0.562631,2.09546,2.21161611445462,2.87459847943079,0.10222661882361718
7.412,63.5160681944692,0.10321987948291866,0.08609954516600737,62.02347818323405,0.10674243497249547,0.20088653655014888,2.344096,2.47403457352019,1.2692217359549,0.10222661882361718
1.1438,61.316254,0.500816,0.336991,58.648956,-0.011775,0.477719,2.07626,2.19135181477936,2.47083987175675,0.05409166135295479
7.54,62.650880690858955,0.13654519266420584,0.058882039320318214,63.5160681944692,0.10352450549339087,0.08620181826528572,1.572785,1.65996805024792,0.731850287746402,0.05409166135295479
1.1438,61.316254,0.500816,0.336991,58.648956,-0.011775,0.477719,2.07626,2.19135181477936,2.47083987175675,0.2506291873866506
7.60,62.650880690858955,0.13654519266420584,0.058882039320318214,61.68871986942695,0.1668234227281129,-0.006548671054829036,1.615875,1.70544662696705,0.825226605499617,0.2506291873866506
1.1438,61.316254,0.500816,0.336991,58.648956,-0.011775,0.477719,2.07626,2.19135181477936,2.47083987175675,0.08179841254799908
7.402,63.16063819673245,0.14105062760799703,0.13801795485133272,62.262057519931304,0.16800188416005168,-0.006586186807155947,1.503841,1.58720232749733,0.776144543590609,0.08179841254799908
1.1438,61.316254,0.500816,0.336991,58.648956,-0.011775,0.477719,2.07626,2.19135181477936,2.47083987175675,0.12010557663082594
7.407,63.26843012799614,0.12805498690454664,-0.13779436981593562,62.19404048836513,0.13904050928265077,0.13632816855941865,1.917505,2.02379666400089,0.950497521513414,0.12010557663082594
1.1439,61.316254,0.500816,0.336991,59.186619,0.456052,0.390336,1.55636,1.6426325751351,1.8684682169114,0.12503509164533572
1.1441,61.316254,0.500816,0.336991,57.779877,0.569369,0.137098,1.93161,2.03868353623629,3.13821560631952,0.12503509164533572
1.1439,61.316254,0.500816,0.336991,59.186619,0.456052,0.390336,1.55636,1.6426325751351,1.8684682169114,0.10714010208226005
7.58,62.650880690858955,0.13654519266420584,0.058882039320318214,62.19404048836513,0.13938089430126643,0.13632189460910382,0.99107,1.04600726453979,0.396285269126743,0.10714010208226005
1.1439,61.316254,0.500816,0.336991,59.186619,0.456052,0.390336,1.55636,1.6426325751351,1.8684682169114,0.10455607453169577
7.59,62.650880690858955,0.13654519266420584,0.058882039320318214,62.02347818323405,0.10704106282710679,0.2009869779234119,1.258228,1.32797444019834,0.554627507332884,0.10455607453169577
1.1440,61.316254,0.500816,0.336991,58.065514,0.380088,0.323598,2.07626,2.19135181477936,2.87712140683387,0.06313513964492434
5.40,60.36002,-0.310067,-0.0499,62.078907,-0.283174,-0.077197,1.412074,1.49034847394004,1.48727789711999,0.06313513964492434
1.1440,61.316254,0.500816,0.336991,58.065514,0.380088,0.323598,2.07626,2.19135181477936,2.87712140683387,0.16740086998525316
7.60,62.650880690858955,0.13654519266420584,0.058882039320318214,61.68871986942695,0.1668234227281129,-0.006548671054829036,1.615875,1.70544662696705,0.825226605499617,0.16740086998525316
1.1440,61.316254,0.500816,0.336991,58.065514,0.380088,0.323598,2.07626,2.19135181477936,2.87712140683387,0.07904718700998621
7.407,63.26843012799614,0.12805498690454664,-0.13779436981593562,62.19404048836513,0.13904050928265077,0.13632816855941865,1.917505,2.02379666400089,0.950497521513414,0.07904718700998621
1.1440,61.316254,0.500816,0.336991,58.065514,0.380088,0.323598,2.07626,2.19135181477936,2.87712140683387,0.0724347439220284
7.412,63.5160681944692,0.10321987948291866,0.08609954516600737,62.02347818323405,0.10674243497249547,0.20088653655014888,2.344096,2.47403457352019,1.2692217359549,0.0724347439220284
1.1441,61.316254,0.500816,0.336991,57.779877,0.569369,0.137098,1.93161,2.03868353623629,3.13821560631952,0.17951257407569882
4.92,60.050018,-0.280042,2.2e-05,61.791084,-0.290317,-0.077282,1.294646,1.36641117278031,1.51390497518088,0.17951257407569882
1.1441,61.316254,0.500816,0.336991,57.779877,0.569369,0.137098,1.93161,2.03868353623629,3.13821560631952,0.05589885698309126
4.101,60.999969,-0.269999,-0.07004,62.370724,-0.274796,-0.071283,1.201506,1.26810821070978,1.1779488471334,0.05589885698309126
1.1441,61.316254,0.500816,0.336991,57.779877,0.569369,0.137098,1.93161,2.03868353623629,3.13821560631952,0.25414186045830217
4.102,60.36002,-0.310067,-0.0499,62.078907,-0.283174,-0.077197,1.378472,1.45488383864378,1.48727789711999,0.25414186045830217
1.1441,61.316254,0.500816,0.336991,57.779877,0.569369,0.137098,1.93161,2.03868353623629,3.13821560631952,0.29235176425028647
5.40,60.36002,-0.310067,-0.0499,62.078907,-0.283174,-0.077197,1.412074,1.49034847394004,1.48727789711999,0.29235176425028647
1.1441,61.316254,0.500816,0.336991,57.779877,0.569369,0.137098,1.93161,2.03868353623629,3.13821560631952,0.13178850626186664
7.60,62.650880690858955,0.13654519266420584,0.058882039320318214,61.68871986942695,0.1668234227281129,-0.006548671054829036,1.615875,1.70544662696705,0.825226605499617,0.13178850626186664
1.1442,44.801201,38.272358,23.265364,44.87149,39.711948,25.338432,1.241,1.30979145296889,0.997016427228134,0.18121200216719302
1.1466,44.801201,38.272358,23.265364,47.222782,39.640423,23.880789,1.241,1.30979145296889,2.38256210370847,0.18121200216719302
1.1442,44.801201,38.272358,23.265364,44.87149,39.711948,25.338432,1.241,1.30979145296889,0.997016427228134,0.3592571807348317
1.1468,44.801201,38.272358,23.265364,47.623756,40.049061,24.345411,1.70624,1.80082076447513,2.80611584335974,0.3592571807348317
1.1442,44.801201,38.272358,23.265364,44.87149,39.711948,25.338432,1.241,1.30979145296889,0.997016427228134,0.2068229053949674
1.1485,44.801201,38.272358,23.265364,47.700783,40.00211,24.350201,1.83677,1.93858633929868,2.87702318050197,0.2068229053949674
1.1442,44.801201,38.272358,23.265364,44.87149,39.711948,25.338432,1.241,1.30979145296889,0.997016427228134,0.40448221565269127
1.1486,44.801201,38.272358,23.265364,47.417435,40.011112,24.19216,1.46743,1.54877298294129,2.60157435399653,0.40448221565269127
1.1442,44.801201,38.272358,23.265364,44.87149,39.711948,25.338432,1.241,1.30979145296889,0.997016427228134,0.08146072814273486
1.1726,44.720165,37.766644,23.12565,41.614643,38.204678,23.429976,1.68676,1.78026094376294,2.86581021342006,0.08146072814273486
1.1442,44.801201,38.272358,23.265364,44.87149,39.711948,25.338432,1.241,1.30979145296889,0.997016427228134,0.09668086311741127
1.1734,44.720165,37.766644,23.12565,42.057941,36.92165,25.099762,1.68676,1.78026094376294,2.83060569225389,0.09668086311741127
1.1444,44.801201,38.272358,23.265364,44.829334,40.694798,26.154762,1.59683,1.68534591929437,1.38121663437922,0.11683499618029276
1.1468,44.801201,38.272358,23.265364,47.623756,40.049061,24.345411,1.70624,1.80082076447513,2.80611584335974,0.11683499618029276
1.1444,44.801201,38.272358,23.265364,44.829334,40.694798,26.154762,1.59683,1.68534591929437,1.38121663437922,0.11609101331404248
1.1469,44.801201,38.272358,23.265364,47.5723,40.522778,24.764917,2.09263,2.20862924111707,2.81367540504821,0.11609101331404248
1.1444,44.801201,38.272358,23.265364,44.829334,40.694798,26.154762,1.59683,1.68534591929437,1.38121663437922,0.06715899039558428
1.1471,44.801201,38.272358,23.265364,47.170673,41.600967,25.563288,2.02174,2.13380964715981,2.62709170630499,0.06715899039558428
1.1444,44.801201,38.272358,23.265364,44.829334,40.694798,26.154762,1.59683,1.68534591929437,1.38121663437922,0.14419050935481445
1.1485,44.801201,38.272358,23.265364,47.700783,40.00211,24.350201,1.83677,1.93858633929868,2.87702318050197,0.14419050935481445
1.1445,44.801201,38.272358,23.265364,44.885529,40.063187,24.996094,1.11241,1.17407341675836,0.868274853733369,0.3540442073600775
1.1466,44.801201,38.272358,23.265364,47.222782,39.640423,23.880789,1.241,1.30979145296889,2.38256210370847,0.3540442073600775
1.1445,44.801201,38.272358,23.265364,44.885529,40.063187,24.996094,1.11241,1.17407341675836,0.868274853733369,0.25420937223486384
1.1468,44.801201,38.272358,23.265364,47.623756,40.049061,24.345411,1.70624,1.80082076447513,2.80611584335974,0.25420937223486384
1.1445,44.801201,38.272358,23.265364,44.885529,40.063187,24.996094,1.11241,1.17407341675836,0.868274853733369,0.09599463617641947
1.1485,44.801201,38.272358,23.265364,47.700783,40.00211,24.350201,1.83677,1.93858633929868,2.87702318050197,0.09599463617641947
1.1445,44.801201,38.272358,23.265364,44.885529,40.063187,24.996094,1.11241,1.17407341675836,0.868274853733369,0.5096339818548844
1.1486,44.801201,38.272358,23.265364,47.417435,40.011112,24.19216,1.46743,1.54877298294129,2.60157435399653,0.5096339818548844
1.1445,44.801201,38.272358,23.265364,44.885529,40.063187,24.996094,1.11241,1.17407341675836,0.868274853733369,0.051836332356529555
1.1726,44.720165,37.766644,23.12565,41.614643,38.204678,23.429976,1.68676,1.78026094376294,2.86581021342006,0.051836332356529555
1.1445,44.801201,38.272358,23.265364,44.885529,40.063187,24.996094,1.11241,1.17407341675836,0.868274853733369,0.051148816699418835
1.1737,44.720165,37.766644,23.12565,46.421906,38.469749,25.540062,1.39874,1.47627533998848,2.05058606675771,0.051148816699418835
1.1445,44.801201,38.272358,23.265364,44.885529,40.063187,24.996094,1.11241,1.17407341675836,0.868274853733369,0.06356954168234101
7.251,44.57517149224873,39.72815094261306,25.632041471795464,44.60351738852064,38.781360410799046,21.746531549356305,1.24961,1.31887872485451,2.05091307129697,0.06356954168234101
1.1448,44.801201,38.272358,23.265364,44.885529,40.848297,24.618021,1.14763,1.21124574147517,0.953733008582793,0.22983532942949003
1.1466,44.801201,38.272358,23.265364,47.222782,39.640423,23.880789,1.241,1.30979145296889,2.38256210370847,0.22983532942949003
1.1448,44.801201,38.272358,23.265364,44.885529,40.848297,24.618021,1.14763,1.21124574147517,0.953733008582793,0.2840869623187718
1.1468,44.801201,38.272358,23.265364,47.623756,40.049061,24.345411,1.70624,1.80082076447513,2.80611584335974,0.2840869623187718
1.1448,44.801201,38.272358,23.265364,44.885529,40.848297,24.618021,1.14763,1.21124574147517,0.953733008582793,0.12025495801758174
1.1485,44.801201,38.272358,23.265364,47.700783,40.00211,24.350201,1.83677,1.93858633929868,2.87702318050197,0.12025495801758174
1.1448,44.801201,38.272358,23.265364,44.885529,40.848297,24.618021,1.14763,1.21124574147517,0.953733008582793,0.4517753459507702
1.1486,44.801201,38.272358,23.265364,47.417435,40.011112,24.19216,1.46743,1.54877298294129,2.60157435399653,0.4517753459507702
1.1448,44.801201,38.272358,23.265364,44.885529,40.848297,24.618021,1.14763,1.21124574147517,0.953733008582793,0.06918781565285648
7.361,44.60351738852064,38.78155571208269,21.746543197241397,44.489974232848624,35.28218457991533,24.28917730304483,1.620184,1.70999448463896,2.70544683885885,0.06918781565285648
1.1450,44.801201,38.272358,23.265364,44.87149,40.606792,23.947336,1.38446,1.461203767105,0.866821356042548,0.3729603703014096
1.1466,44.801201,38.272358,23.265364,47.222782,39.640423,23.880789,1.241,1.30979145296889,2.38256210370847,0.3729603703014096
1.1450,44.801201,38.272358,23.265364,44.87149,40.606792,23.947336,1.38446,1.461203767105,0.866821356042548,0.5392644406288504
1.1468,44.801201,38.272358,23.265364,47.623756,40.049061,24.345411,1.70624,1.80082076447513,2.80611584335974,0.5392644406288504
1.1450,44.801201,38.272358,23.265364,44.87149,40.606792,23.947336,1.38446,1.461203767105,0.866821356042548,0.11587323232560096
1.1469,44.801201,38.272358,23.265364,47.5723,40.522778,24.764917,2.09263,2.20862924111707,2.81367540504821,0.11587323232560096
1.1450,44.801201,38.272358,23.265364,44.87149,40.606792,23.947336,1.38446,1.461203767105,0.866821356042548,0.15104300633365905
1.1471,44.801201,38.272358,23.265364,47.170673,41.600967,25.563288,2.02174,2.13380964715981,2.62709170630499,0.15104300633365905
1.1450,44.801201,38.272358,23.265364,44.87149,40.606792,23.947336,1.38446,1.461203767105,0.866821356042548,0.40915221235816407
1.1485,44.801201,38.272358,23.265364,47.700783,40.00211,24.350201,1.83677,1.93858633929868,2.87702318050197,0.40915221235816407
1.1450,44.801201,38.272358,23.265364,44.87149,40.606792,23.947336,1.38446,1.461203767105,0.866821356042548,0.5752578947242659
1.1486,44.801201,38.272358,23.265364,47.417435,40.011112,24.19216,1.46743,1.54877298294129,2.60157435399653,0.5752578947242659
1.1450,44.801201,38.272358,23.265364,44.87149,40.606792,23.947336,1.38446,1.461203767105,0.866821356042548,0.07697065039815025
1.1713,44.720165,37.766644,23.12565,47.835133,38.069309,22.399614,1.68676,1.78026094376294,3.05054135781852,0.07697065039815025
1.1450,44.801201,38.272358,23.265364,44.87149,40.606792,23.947336,1.38446,1.461203767105,0.866821356042548,0.12427810164335996
1.1719,44.720165,37.766644,23.12565,41.696815,38.757702,22.729319,1.82541,1.92659662865749,2.84900831347832,0.12427810164335996
1.1450,44.801201,38.272358,23.265364,44.87149,40.606792,23.947336,1.38446,1.461203767105,0.866821356042548,0.07232925762022169
1.1725,44.720165,37.766644,23.12565,42.823452,40.376244,23.223099,1.68676,1.78026094376294,2.08103884669268,0.07232925762022169
1.1450,44.801201,38.272358,23.265364,44.87149,40.606792,23.947336,1.38446,1.461203767105,0.866821356042548,0.10115465559340887
1.1726,44.720165,37.766644,23.12565,41.614643,38.204678,23.429976,1.68676,1.78026094376294,2.86581021342006,0.10115465559340887
1.1450,44.801201,38.272358,23.265364,44.87149,40.606792,23.947336,1.38446,1.461203767105,0.866821356042548,0.05770715576146718
7.251,44.57517149224873,39.72815094261306,25.632041471795464,44.60351738852064,38.781360410799046,21.746531549356305,1.24961,1.31887872485451,2.05091307129697,0.05770715576146718
1.1450,44.801201,38.272358,23.265364,44.87149,40.606792,23.947336,1.38446,1.461203767105,0.866821356042548,0.052411902674129054
7.254,44.57517149224873,39.72815094261306,25.632041471795464,43.10777397801501,35.99492458945663,22.45799044654274,1.883033,1.9874138026256,2.1563008113789,0.052411902674129054
1.1450,44.801201,38.272358,23.265364,44.87149,40.606792,23.947336,1.38446,1.461203767105,0.866821356042548,0.11541597940038051
7.351,44.518399976803536,38.519666028744126,21.880905505662586,44.518399976803536,35.472383338272905,24.026531908961612,1.409043,1.48714945871526,2.31925786195933,0.11541597940038051
1.1450,44.801201,38.272358,23.265364,44.87149,40.606792,23.947336,1.38446,1.461203767105,0.866821356042548,0.21996088726666826
7.361,44.60351738852064,38.78155571208269,21.746543197241397,44.489974232848624,35.28218457991533,24.28917730304483,1.620184,1.70999448463896,2.70544683885885,0.21996088726666826
1.1450,44.801201,38.272358,23.265364,44.87149,40.606792,23.947336,1.38446,1.461203767105,0.866821356042548,0.06906468102731975
7.413,45.67525911468617,37.772741228500664,23.45706086477872,43.43360642568766,36.17325707994268,22.566664899868705,1.732218,1.82823878410867,2.19823030545429,0.06906468102731975
1.1450,44.801201,38.272358,23.265364,44.87149,40.606792,23.947336,1.38446,1.461203767105,0.866821356042548,0.06377884022472796
7.417,45.90691825034913,37.77115311636092,23.52933956192629,43.10777397801501,35.99489637404085,22.457982490321005,2.055393,2.16932810950208,2.72332209281723,0.06377884022472796
1.1451,44.801201,38.272358,23.265364,44.730747,42.309013,24.073851,2.20169,2.32373468500167,1.52502449991793,0.051556102884528485
1.1469,44.801201,38.272358,23.265364,47.5723,40.522778,24.764917,2.09263,2.20862924111707,2.81367540504821,0.051556102884528485
1.1451,44.801201,38.272358,23.265364,44.730747,42.309013,24.073851,2.20169,2.32373468500167,1.52502449991793,0.15268040553236034
1.1488,44.801201,38.272358,23.265364,47.623756,41.088566,23.442972,2.27981,2.4061850543054,2.95982521147888,0.15268040553236034
1.1452,44.801201,38.272358,23.265364,44.716637,40.102772,23.429531,1.36126,1.43671773833072,0.75299755923343,0.49682377885679324
1.1466,44.801201,38.272358,23.265364,47.222782,39.640423,23.880789,1.241,1.30979145296889,2.38256210370847,0.49682377885679324
1.1452,44.801201,38.272358,23.265364,44.716637,40.102772,23.429531,1.36126,1.43671773833072,0.75299755923343,0.4360035202903132
1.1468,44.801201,38.272358,23.265364,47.623756,40.049061,24.345411,1.70624,1.80082076447513,2.80611584335974,0.4360035202903132
1.1452,44.801201,38.272358,23.265364,44.716637,40.102772,23.429531,1.36126,1.43671773833072,0.75299755923343,0.06729055241015107
1.1469,44.801201,38.272358,23.265364,47.5723,40.522778,24.764917,2.09263,2.20862924111707,2.81367540504821,0.06729055241015107
1.1452,44.801201,38.272358,23.265364,44.716637,40.102772,23.429531,1.36126,1.43671773833072,0.75299755923343,0.06993198763885286
1.1471,44.801201,38.272358,23.265364,47.170673,41.600967,25.563288,2.02174,2.13380964715981,2.62709170630499,0.06993198763885286
1.1452,44.801201,38.272358,23.265364,44.716637,40.102772,23.429531,1.36126,1.43671773833072,0.75299755923343,0.12271720166971971
1.1481,44.801201,38.272358,23.265364,42.015461,37.237225,22.889879,1.63154,1.72197997355106,2.60426496004869,0.12271720166971971
1.1452,44.801201,38.272358,23.265364,44.716637,40.102772,23.429531,1.36126,1.43671773833072,0.75299755923343,0.3144590144235218
1.1485,44.801201,38.272358,23.265364,47.700783,40.00211,24.350201,1.83677,1.93858633929868,2.87702318050197,0.3144590144235218
1.1452,44.801201,38.272358,23.265364,44.716637,40.102772,23.429531,1.36126,1.43671773833072,0.75299755923343,0.5643141674567816
1.1486,44.801201,38.272358,23.265364,47.417435,40.011112,24.19216,1.46743,1.54877298294129,2.60157435399653,0.5643141674567816
1.1452,44.801201,38.272358,23.265364,44.716637,40.102772,23.429531,1.36126,1.43671773833072,0.75299755923343,0.15126163281119046
1.1713,44.720165,37.766644,23.12565,47.835133,38.069309,22.399614,1.68676,1.78026094376294,3.05054135781852,0.15126163281119046
1.1452,44.801201,38.272358,23.265364,44.716637,40.102772,23.429531,1.36126,1.43671773833072,0.75299755923343,0.14156319089029354
1.1718,44.720165,37.766644,23.12565,46.41523,38.82346,21.206083,1.68676,1.78026094376294,2.1574729351249,0.14156319089029354
1.1452,44.801201,38.272358,23.265364,44.716637,40.102772,23.429531,1.36126,1.43671773833072,0.75299755923343,0.24215230067926966
1.1719,44.720165,37.766644,23.12565,41.696815,38.757702,22.729319,1.82541,1.92659662865749,2.84900831347832,0.24215230067926966
1.1452,44.801201,38.272358,23.265364,44.716637,40.102772,23.429531,1.36126,1.43671773833072,0.75299755923343,0.17987686050656934
1.1725,44.720165,37.766644,23.12565,42.823452,40.376244,23.223099,1.68676,1.78026094376294,2.08103884669268,0.17987686050656934
1.1452,44.801201,38.272358,23.265364,44.716637,40.102772,23.429531,1.36126,1.43671773833072,0.75299755923343,0.21738429529614756
1.1726,44.720165,37.766644,23.12565,41.614643,38.204678,23.429976,1.68676,1.78026094376294,2.86581021342006,0.21738429529614756
1.1452,44.801201,38.272358,23.265364,44.716637,40.102772,23.429531,1.36126,1.43671773833072,0.75299755923343,0.07439781771669932
1.1737,44.720165,37.766644,23.12565,46.421906,38.469749,25.540062,1.39874,1.47627533998848,2.05058606675771,0.07439781771669932
1.1452,44.801201,38.272358,23.265364,44.716637,40.102772,23.429531,1.36126,1.43671773833072,0.75299755923343,0.13670555416744723
7.251,44.57517149224873,39.72815094261306,25.632041471795464,44.60351738852064,38.781360410799046,21.746531549356305,1.24961,1.31887872485451,2.05091307129697,0.13670555416744723
1.1452,44.801201,38.272358,23.265364,44.716637,40.102772,23.429531,1.36126,1.43671773833072,0.75299755923343,0.08488189361979254
7.254,44.57517149224873,39.72815094261306,25.632041471795464,43.10777397801501,35.99492458945663,22.45799044654274,1.883033,1.9874138026256,2.1563008113789,0.08488189361979254
1.1452,44.801201,38.272358,23.265364,44.716637,40.102772,23.429531,1.36126,1.43671773833072,0.75299755923343,0.2745254816471881
7.351,44.518399976803536,38.519666028744126,21.880905505662586,44.518399976803536,35.472383338272905,24.026531908961612,1.409043,1.48714945871526,2.31925786195933,0.2745254816471881
1.1452,44.801201,38.272358,23.265364,44.716637,40.102772,23.429531,1.36126,1.43671773833072,0.75299755923343,0.34066110929050064
7.361,44.60351738852064,38.78155571208269,21.746543197241397,44.489974232848624,35.28218457991533,24.28917730304483,1.620184,1.70999448463896,2.70544683885885,0.34066110929050064
1.1452,44.801201,38.272358,23.265364,44.716637,40.102772,23.429531,1.36126,1.43671773833072,0.75299755923343,0.16969742925941944
7.413,45.67525911468617,37.772741228500664,23.45706086477872,43.43360642568766,36.17325707994268,22.566664899868705,1.732218,1.82823878410867,2.19823030545429,0.16969742925941944
1.1452,44.801201,38.272358,23.265364,44.716637,40.102772,23.429531,1.36126,1.43671773833072,0.75299755923343,0.07859701236274033
7.417,45.90691825034913,37.77115311636092,23.52933956192629,43.10777397801501,35.99489637404085,22.457982490321005,2.055393,2.16932810950208,2.72332209281723,0.07859701236274033
1.1453,44.801201,38.272358,23.265364,44.716637,41.650463,22.740026,1.77882,1.87742403897673,1.62687167503126,0.07027557465179385
1.1488,44.801201,38.272358,23.265364,47.623756,41.088566,23.442972,2.27981,2.4061850543054,2.95982521147888,0.07027557465179385
1.1454,44.801201,38.272358,23.265364,44.773037,39.817226,22.966339,1.31404,1.38688022631687,0.779980321198224,0.45946386536238787
1.1466,44.801201,38.272358,23.265364,47.222782,39.640423,23.880789,1.241,1.30979145296889,2.38256210370847,0.45946386536238787
1.1454,44.801201,38.272358,23.265364,44.773037,39.817226,22.966339,1.31404,1.38688022631687,0.779980321198224,0.35668337465184413
1.1468,44.801201,38.272358,23.265364,47.623756,40.049061,24.345411,1.70624,1.80082076447513,2.80611584335974,0.35668337465184413
1.1454,44.801201,38.272358,23.265364,44.773037,39.817226,22.966339,1.31404,1.38688022631687,0.779980321198224,0.1653883390914997
1.1481,44.801201,38.272358,23.265364,42.015461,37.237225,22.889879,1.63154,1.72197997355106,2.60426496004869,0.1653883390914997
1.1454,44.801201,38.272358,23.265364,44.773037,39.817226,22.966339,1.31404,1.38688022631687,0.779980321198224,0.2365552047448435
1.1485,44.801201,38.272358,23.265364,47.700783,40.00211,24.350201,1.83677,1.93858633929868,2.87702318050197,0.2365552047448435
1.1454,44.801201,38.272358,23.265364,44.773037,39.817226,22.966339,1.31404,1.38688022631687,0.779980321198224,0.5043625924497724
1.1486,44.801201,38.272358,23.265364,47.417435,40.011112,24.19216,1.46743,1.54877298294129,2.60157435399653,0.5043625924497724
1.1454,44.801201,38.272358,23.265364,44.773037,39.817226,22.966339,1.31404,1.38688022631687,0.779980321198224,0.0755166795847549
1.1497,44.801201,38.272358,23.265364,41.969048,37.887436,21.214329,1.90597,2.01162225271161,2.84874093825247,0.0755166795847549
1.1454,44.801201,38.272358,23.265364,44.773037,39.817226,22.966339,1.31404,1.38688022631687,0.779980321198224,0.22539074935614653
1.1713,44.720165,37.766644,23.12565,47.835133,38.069309,22.399614,1.68676,1.78026094376294,3.05054135781852,0.22539074935614653
1.1454,44.801201,38.272358,23.265364,44.773037,39.817226,22.966339,1.31404,1.38688022631687,0.779980321198224,0.17070977302339055
1.1718,44.720165,37.766644,23.12565,46.41523,38.82346,21.206083,1.68676,1.78026094376294,2.1574729351249,0.17070977302339055
1.1454,44.801201,38.272358,23.265364,44.773037,39.817226,22.966339,1.31404,1.38688022631687,0.779980321198224,0.24135303475622988
1.1719,44.720165,37.766644,23.12565,41.696815,38.757702,22.729319,1.82541,1.92659662865749,2.84900831347832,0.24135303475622988
1.1454,44.801201,38.272358,23.265364,44.773037,39.817226,22.966339,1.31404,1.38688022631687,0.779980321198224,0.13826365846546926
1.1725,44.720165,37.766644,23.12565,42.823452,40.376244,23.223099,1.68676,1.78026094376294,2.08103884669268,0.13826365846546926
1.1454,44.801201,38.272358,23.265364,44.773037,39.817226,22.966339,1.31404,1.38688022631687,0.779980321198224,0.22372102678858202
1.1726,44.720165,37.766644,23.12565,41.614643,38.204678,23.429976,1.68676,1.78026094376294,2.86581021342006,0.22372102678858202
1.1454,44.801201,38.272358,23.265364,44.773037,39.817226,22.966339,1.31404,1.38688022631687,0.779980321198224,0.05041990172227951
1.1737,44.720165,37.766644,23.12565,46.421906,38.469749,25.540062,1.39874,1.47627533998848,2.05058606675771,0.05041990172227951
1.1454,44.801201,38.272358,23.265364,44.773037,39.817226,22.966339,1.31404,1.38688022631687,0.779980321198224,0.09085871986582954
7.251,44.57517149224873,39.72815094261306,25.632041471795464,44.60351738852064,38.781360410799046,21.746531549356305,1.24961,1.31887872485451,2.05091307129697,0.09085871986582954
1.1454,44.801201,38.272358,23.265364,44.773037,39.817226,22.966339,1.31404,1.38688022631687,0.779980321198224,0.2919038052313064
7.351,44.518399976803536,38.519666028744126,21.880905505662586,44.518399976803536,35.472383338272905,24.026531908961612,1.409043,1.48714945871526,2.31925786195933,0.2919038052313064
1.1454,44.801201,38.272358,23.265364,44.773037,39.817226,22.966339,1.31404,1.38688022631687,0.779980321198224,0.37365315841514274
7.361,44.60351738852064,38.78155571208269,21.746543197241397,44.489974232848624,35.28218457991533,24.28917730304483,1.620184,1.70999448463896,2.70544683885885,0.37365315841514274
1.1454,44.801201,38.272358,23.265364,44.773037,39.817226,22.966339,1.31404,1.38688022631687,0.779980321198224,0.1541660621982822
7.413,45.67525911468617,37.772741228500664,23.45706086477872,43.43360642568766,36.17325707994268,22.566664899868705,1.732218,1.82823878410867,2.19823030545429,0.1541660621982822
1.1454,44.801201,38.272358,23.265364,44.773037,39.817226,22.966339,1.31404,1.38688022631687,0.779980321198224,0.0580147798735587
7.417,45.90691825034913,37.77115311636092,23.52933956192629,43.10777397801501,35.99489637404085,22.457982490321005,2.055393,2.16932810950208,2.72332209281723,0.0580147798735587
1.1455,44.801201,38.272358,23.265364,44.758949,39.573017,22.409124,1.25748,1.32718497685682,0.933857956503683,0.22652998555559659
1.1466,44.801201,38.272358,23.265364,47.222782,39.640423,23.880789,1.241,1.30979145296889,2.38256210370847,0.22652998555559659
1.1455,44.801201,38.272358,23.265364,44.758949,39.573017,22.409124,1.25748,1.32718497685682,0.933857956503683,0.21108348408124733
1.1468,44.801201,38.272358,23.265364,47.623756,40.049061,24.345411,1.70624,1.80082076447513,2.80611584335974,0.21108348408124733
1.1455,44.801201,38.272358,23.265364,44.758949,39.573017,22.409124,1.25748,1.32718497685682,0.933857956503683,0.16066696257298907
1.1481,44.801201,38.272358,23.265364,42.015461,37.237225,22.889879,1.63154,1.72197997355106,2.60426496004869,0.16066696257298907
1.1455,44.801201,38.272358,23.265364,44.758949,39.573017,22.409124,1.25748,1.32718497685682,0.933857956503683,0.05148101980873572
1.1483,44.801201,38.272358,23.265364,41.813801,36.422642,22.189848,1.61772,1.70739389951397,2.85032443663536,0.05148101980873572
1.1455,44.801201,38.272358,23.265364,44.758949,39.573017,22.409124,1.25748,1.32718497685682,0.933857956503683,0.12313007569784508
1.1485,44.801201,38.272358,23.265364,47.700783,40.00211,24.350201,1.83677,1.93858633929868,2.87702318050197,0.12313007569784508
1.1455,44.801201,38.272358,23.265364,44.758949,39.573017,22.409124,1.25748,1.32718497685682,0.933857956503683,0.3043817779262919
1.1486,44.801201,38.272358,23.265364,47.417435,40.011112,24.19216,1.46743,1.54877298294129,2.60157435399653,0.3043817779262919
1.1455,44.801201,38.272358,23.265364,44.758949,39.573017,22.409124,1.25748,1.32718497685682,0.933857956503683,0.08954583055080778
1.1497,44.801201,38.272358,23.265364,41.969048,37.887436,21.214329,1.90597,2.01162225271161,2.84874093825247,0.08954583055080778
1.1455,44.801201,38.272358,23.265364,44.758949,39.573017,22.409124,1.25748,1.32718497685682,0.933857956503683,0.2483149922317417
1.1713,44.720165,37.766644,23.12565,47.835133,38.069309,22.399614,1.68676,1.78026094376294,3.05054135781852,0.2483149922317417
1.1455,44.801201,38.272358,23.265364,44.758949,39.573017,22.409124,1.25748,1.32718497685682,0.933857956503683,0.06606853345942532
1.1718,44.720165,37.766644,23.12565,46.41523,38.82346,21.206083,1.68676,1.78026094376294,2.1574729351249,0.06606853345942532
1.1455,44.801201,38.272358,23.265364,44.758949,39.573017,22.409124,1.25748,1.32718497685682,0.933857956503683,0.20353144961844702
1.1719,44.720165,37.766644,23.12565,41.696815,38.757702,22.729319,1.82541,1.92659662865749,2.84900831347832,0.20353144961844702
1.1455,44.801201,38.272358,23.265364,44.758949,39.573017,22.409124,1.25748,1.32718497685682,0.933857956503683,0.2003353674078174
1.1726,44.720165,37.766644,23.12565,41.614643,38.204678,23.429976,1.68676,1.78026094376294,2.86581021342006,0.2003353674078174
1.1455,44.801201,38.272358,23.265364,44.758949,39.573017,22.409124,1.25748,1.32718497685682,0.933857956503683,0.160015796019318
7.351,44.518399976803536,38.519666028744126,21.880905505662586,44.518399976803536,35.472383338272905,24.026531908961612,1.409043,1.48714945871526,2.31925786195933,0.160015796019318
1.1455,44.801201,38.272358,23.265364,44.758949,39.573017,22.409124,1.25748,1.32718497685682,0.933857956503683,0.33354359929185995
7.361,44.60351738852064,38.78155571208269,21.746543197241397,44.489974232848624,35.28218457991533,24.28917730304483,1.620184,1.70999448463896,2.70544683885885,0.33354359929185995
1.1456,44.801201,38.272358,23.265364,44.730747,40.258553,21.585794,1.94303,2.05073657281397,1.60453844387164,0.06247775993088422
1.1488,44.801201,38.272358,23.265364,47.623756,41.088566,23.442972,2.27981,2.4061850543054,2.95982521147888,0.06247775993088422
1.1456,44.801201,38.272358,23.265364,44.730747,40.258553,21.585794,1.94303,2.05073657281397,1.60453844387164,0.060878469288011314
1.1713,44.720165,37.766644,23.12565,47.835133,38.069309,22.399614,1.68676,1.78026094376294,3.05054135781852,0.060878469288011314
1.1457,44.801201,38.272358,23.265364,44.997604,39.507378,22.191137,1.25748,1.32718497685682,1.03616472941464,0.14309710960538607
1.1466,44.801201,38.272358,23.265364,47.222782,39.640423,23.880789,1.241,1.30979145296889,2.38256210370847,0.14309710960538607
1.1457,44.801201,38.272358,23.265364,44.997604,39.507378,22.191137,1.25748,1.32718497685682,1.03616472941464,0.20845774139428194
1.1468,44.801201,38.272358,23.265364,47.623756,40.049061,24.345411,1.70624,1.80082076447513,2.80611584335974,0.20845774139428194
1.1457,44.801201,38.272358,23.265364,44.997604,39.507378,22.191137,1.25748,1.32718497685682,1.03616472941464,0.09740707310494784
1.1481,44.801201,38.272358,23.265364,42.015461,37.237225,22.889879,1.63154,1.72197997355106,2.60426496004869,0.09740707310494784
1.1457,44.801201,38.272358,23.265364,44.997604,39.507378,22.191137,1.25748,1.32718497685682,1.03616472941464,0.12687831729499063
1.1485,44.801201,38.272358,23.265364,47.700783,40.00211,24.350201,1.83677,1.93858633929868,2.87702318050197,0.12687831729499063
1.1457,44.801201,38.272358,23.265364,44.997604,39.507378,22.191137,1.25748,1.32718497685682,1.03616472941464,0.25722704380995254
1.1486,44.801201,38.272358,23.265364,47.417435,40.011112,24.19216,1.46743,1.54877298294129,2.60157435399653,0.25722704380995254
1.1457,44.801201,38.272358,23.265364,44.997604,39.507378,22.191137,1.25748,1.32718497685682,1.03616472941464,0.07387359489356743
1.1497,44.801201,38.272358,23.265364,41.969048,37.887436,21.214329,1.90597,2.01162225271161,2.84874093825247,0.07387359489356743
1.1457,44.801201,38.272358,23.265364,44.997604,39.507378,22.191137,1.25748,1.32718497685682,1.03616472941464,0.3282887829056536
1.1713,44.720165,37.766644,23.12565,47.835133,38.069309,22.399614,1.68676,1.78026094376294,3.05054135781852,0.3282887829056536
1.1457,44.801201,38.272358,23.265364,44.997604,39.507378,22.191137,1.25748,1.32718497685682,1.03616472941464,0.14416684431372903
1.1719,44.720165,37.766644,23.12565,41.696815,38.757702,22.729319,1.82541,1.92659662865749,2.84900831347832,0.14416684431372903
1.1457,44.801201,38.272358,23.265364,44.997604,39.507378,22.191137,1.25748,1.32718497685682,1.03616472941464,0.12871165039259913
1.1726,44.720165,37.766644,23.12565,41.614643,38.204678,23.429976,1.68676,1.78026094376294,2.86581021342006,0.12871165039259913
1.1457,44.801201,38.272358,23.265364,44.997604,39.507378,22.191137,1.25748,1.32718497685682,1.03616472941464,0.08656777408288294
7.351,44.518399976803536,38.519666028744126,21.880905505662586,44.518399976803536,35.472383338272905,24.026531908961612,1.409043,1.48714945871526,2.31925786195933,0.08656777408288294
1.1457,44.801201,38.272358,23.265364,44.997604,39.507378,22.191137,1.25748,1.32718497685682,1.03616472941464,0.2910087919604659
7.361,44.60351738852064,38.78155571208269,21.746543197241397,44.489974232848624,35.28218457991533,24.28917730304483,1.620184,1.70999448463896,2.70544683885885,0.2910087919604659
1.1459,44.801201,38.272358,23.265364,44.74485,38.556396,21.513632,1.14763,1.21124574147517,1.09878715294892,0.12447726008204821
1.1481,44.801201,38.272358,23.265364,42.015461,37.237225,22.889879,1.63154,1.72197997355106,2.60426496004869,0.12447726008204821
1.1459,44.801201,38.272358,23.265364,44.74485,38.556396,21.513632,1.14763,1.21124574147517,1.09878715294892,0.13691432815813628
1.1483,44.801201,38.272358,23.265364,41.813801,36.422642,22.189848,1.61772,1.70739389951397,2.85032443663536,0.13691432815813628
1.1459,44.801201,38.272358,23.265364,44.74485,38.556396,21.513632,1.14763,1.21124574147517,1.09878715294892,0.053232174037122174
1.1486,44.801201,38.272358,23.265364,47.417435,40.011112,24.19216,1.46743,1.54877298294129,2.60157435399653,0.053232174037122174
1.1459,44.801201,38.272358,23.265364,44.74485,38.556396,21.513632,1.14763,1.21124574147517,1.09878715294892,0.06128425654763438
1.1497,44.801201,38.272358,23.265364,41.969048,37.887436,21.214329,1.90597,2.01162225271161,2.84874093825247,0.06128425654763438
1.1459,44.801201,38.272358,23.265364,44.74485,38.556396,21.513632,1.14763,1.21124574147517,1.09878715294892,0.05278011160719009
1.1705,44.720165,37.766644,23.12565,41.036758,36.816265,22.133057,1.68676,1.78026094376294,3.41544089851318,0.05278011160719009
1.1459,44.801201,38.272358,23.265364,44.74485,38.556396,21.513632,1.14763,1.21124574147517,1.09878715294892,0.21851945819077812
1.1713,44.720165,37.766644,23.12565,47.835133,38.069309,22.399614,1.68676,1.78026094376294,3.05054135781852,0.21851945819077812
1.1459,44.801201,38.272358,23.265364,44.74485,38.556396,21.513632,1.14763,1.21124574147517,1.09878715294892,0.08121941805287723
1.1719,44.720165,37.766644,23.12565,41.696815,38.757702,22.729319,1.82541,1.92659662865749,2.84900831347832,0.08121941805287723
1.1459,44.801201,38.272358,23.265364,44.74485,38.556396,21.513632,1.14763,1.21124574147517,1.09878715294892,0.11034862615057489
1.1726,44.720165,37.766644,23.12565,41.614643,38.204678,23.429976,1.68676,1.78026094376294,2.86581021342006,0.11034862615057489
1.1459,44.801201,38.272358,23.265364,44.74485,38.556396,21.513632,1.14763,1.21124574147517,1.09878715294892,0.051687642541225876
7.351,44.518399976803536,38.519666028744126,21.880905505662586,44.518399976803536,35.472383338272905,24.026531908961612,1.409043,1.48714945871526,2.31925786195933,0.051687642541225876
1.1459,44.801201,38.272358,23.265364,44.74485,38.556396,21.513632,1.14763,1.21124574147517,1.09878715294892,0.2071163035756549
7.361,44.60351738852064,38.78155571208269,21.746543197241397,44.489974232848624,35.28218457991533,24.28917730304483,1.620184,1.70999448463896,2.70544683885885,0.2071163035756549
1.1461,44.801201,38.272358,23.265364,44.843391,37.431824,20.775724,1.25748,1.32718497685682,1.31160740556512,0.14664578721653562
1.1483,44.801201,38.272358,23.265364,41.813801,36.422642,22.189848,1.61772,1.70739389951397,2.85032443663536,0.14664578721653562
1.1461,44.801201,38.272358,23.265364,44.843391,37.431824,20.775724,1.25748,1.32718497685682,1.31160740556512,0.0939113602958682
1.1497,44.801201,38.272358,23.265364,41.969048,37.887436,21.214329,1.90597,2.01162225271161,2.84874093825247,0.0939113602958682
1.1461,44.801201,38.272358,23.265364,44.843391,37.431824,20.775724,1.25748,1.32718497685682,1.31160740556512,0.08315950812003393
1.1705,44.720165,37.766644,23.12565,41.036758,36.816265,22.133057,1.68676,1.78026094376294,3.41544089851318,0.08315950812003393
1.1461,44.801201,38.272358,23.265364,44.843391,37.431824,20.775724,1.25748,1.32718497685682,1.31160740556512,0.20393773655559413
1.1713,44.720165,37.766644,23.12565,47.835133,38.069309,22.399614,1.68676,1.78026094376294,3.05054135781852,0.20393773655559413
1.1461,44.801201,38.272358,23.265364,44.843391,37.431824,20.775724,1.25748,1.32718497685682,1.31160740556512,0.10887814030028692
7.361,44.60351738852064,38.78155571208269,21.746543197241397,44.489974232848624,35.28218457991533,24.28917730304483,1.620184,1.70999448463896,2.70544683885885,0.10887814030028692
1.1462,44.801201,38.272358,23.265364,44.857445,36.748955,21.264143,0.903218,0.953285428338158,1.00229923265735,0.07315083701905647
1.1483,44.801201,38.272358,23.265364,41.813801,36.422642,22.189848,1.61772,1.70739389951397,2.85032443663536,0.07315083701905647
1.1462,44.801201,38.272358,23.265364,44.857445,36.748955,21.264143,0.903218,0.953285428338158,1.00229923265735,0.060026413768769396
7.351,44.518399976803536,38.519666028744126,21.880905505662586,44.518399976803536,35.472383338272905,24.026531908961612,1.409043,1.48714945871526,2.31925786195933,0.060026413768769396
1.1464,44.801201,38.272358,23.265364,44.716637,36.187611,21.403639,0.933556,0.985305132689624,0.995018401527421,0.057170634323796765
1.1481,44.801201,38.272358,23.265364,42.015461,37.237225,22.889879,1.63154,1.72197997355106,2.60426496004869,0.057170634323796765
1.1464,44.801201,38.272358,23.265364,44.716637,36.187611,21.403639,0.933556,0.985305132689624,0.995018401527421,0.1137155969912
1.1483,44.801201,38.272358,23.265364,41.813801,36.422642,22.189848,1.61772,1.70739389951397,2.85032443663536,0.1137155969912
1.1464,44.801201,38.272358,23.265364,44.716637,36.187611,21.403639,0.933556,0.985305132689624,0.995018401527421,0.09217125154435366
7.351,44.518399976803536,38.519666028744126,21.880905505662586,44.518399976803536,35.472383338272905,24.026531908961612,1.409043,1.48714945871526,2.31925786195933,0.09217125154435366
1.1464,44.801201,38.272358,23.265364,44.716637,36.187611,21.403639,0.933556,0.985305132689624,0.995018401527421,0.09087417491788558
7.361,44.60351738852064,38.78155571208269,21.746543197241397,44.489974232848624,35.28218457991533,24.28917730304483,1.620184,1.70999448463896,2.70544683885885,0.09087417491788558
1.1466,44.801201,38.272358,23.265364,47.222782,39.640423,23.880789,1.241,1.30979145296889,2.38256210370847,0.13298166243649967
1.1474,44.801201,38.272358,23.265364,45.400471,40.498734,24.994703,1.20761,1.27455056931487,1.09211093566474,0.13298166243649967
1.1466,44.801201,38.272358,23.265364,47.222782,39.640423,23.880789,1.241,1.30979145296889,2.38256210370847,0.07743022380068552
1.1492,44.801201,38.272358,23.265364,45.524429,39.906815,22.660521,1.31404,1.38688022631687,1.16870249225533,0.07743022380068552
1.1466,44.801201,38.272358,23.265364,47.222782,39.640423,23.880789,1.241,1.30979145296889,2.38256210370847,0.07856115338116314
1.1494,44.801201,38.272358,23.265364,44.390274,39.248653,22.117399,1.43763,1.51732110115364,1.04082526099156,0.07856115338116314
1.1466,44.801201,38.272358,23.265364,47.222782,39.640423,23.880789,1.241,1.30979145296889,2.38256210370847,0.09218452818971855
1.1694,44.720165,37.766644,23.12565,45.593079,37.65839,23.452785,0.560127,0.591176113760761,0.857764117348434,0.09218452818971855
1.1466,44.801201,38.272358,23.265364,47.222782,39.640423,23.880789,1.241,1.30979145296889,2.38256210370847,0.06155568351478178
1.1698,44.720165,37.766644,23.12565,44.529053,38.798275,23.058462,0.479293,0.50586130126335,0.510456134812006,0.06155568351478178
1.1466,44.801201,38.272358,23.265364,47.222782,39.640423,23.880789,1.241,1.30979145296889,2.38256210370847,0.12192825687737195
1.1699,44.720165,37.766644,23.12565,45.043018000000004,39.622589,22.522366,1.17392,1.23899305597844,1.08585340272686,0.12192825687737195
1.1466,44.801201,38.272358,23.265364,47.222782,39.640423,23.880789,1.241,1.30979145296889,2.38256210370847,0.1507148168178987
1.1702,44.720165,37.766644,23.12565,45.137123,38.363461,22.080996,0.719572,0.759459512808807,0.878910890697577,0.1507148168178987
1.1466,44.801201,38.272358,23.265364,47.222782,39.640423,23.880789,1.241,1.30979145296889,2.38256210370847,0.4565881252975839
1.1706,44.720165,37.766644,23.12565,45.265617,38.938438,23.197872,0.764178,0.806538124856454,0.71564173967275,0.4565881252975839
1.1466,44.801201,38.272358,23.265364,47.222782,39.640423,23.880789,1.241,1.30979145296889,2.38256210370847,0.1316760537955238
1.1710,44.720165,37.766644,23.12565,45.314095,38.045937,23.354559,0.534734,0.56437552200795,0.576038402439861,0.1316760537955238
1.1466,44.801201,38.272358,23.265364,47.222782,39.640423,23.880789,1.241,1.30979145296889,2.38256210370847,0.13700176718344348
1.1722,44.720165,37.766644,23.12565,45.431507,39.545952,24.802692,0.866273,0.914292482947396,1.08366777119223,0.13700176718344348
1.1466,44.801201,38.272358,23.265364,47.222782,39.640423,23.880789,1.241,1.30979145296889,2.38256210370847,0.05381548598832766
1.1723,44.720165,37.766644,23.12565,45.534737,36.902538,22.784449,0.580972,0.613176599527995,0.838996125439982,0.05381548598832766
1.1466,44.801201,38.272358,23.265364,47.222782,39.640423,23.880789,1.241,1.30979145296889,2.38256210370847,0.4803365131162373
1.1724,44.720165,37.766644,23.12565,45.248283,39.168568,24.355015,0.874304,0.92276865954594,0.81134984148713,0.4803365131162373
1.1466,44.801201,38.272358,23.265364,47.222782,39.640423,23.880789,1.241,1.30979145296889,2.38256210370847,0.101647231370697
1.1782,44.730747,37.294174,23.309671,44.376003,37.268784,22.72851,0.61297,0.646948321455552,0.472998084050771,0.101647231370697
1.1466,44.801201,38.272358,23.265364,47.222782,39.640423,23.880789,1.241,1.30979145296889,2.38256210370847,0.18970575256325875
1.1792,44.730747,37.294174,23.309671,45.151043,37.712601,23.178165,0.61297,0.646948321455552,0.463842846469114,0.18970575256325875
1.1466,44.801201,38.272358,23.265364,47.222782,39.640423,23.880789,1.241,1.30979145296889,2.38256210370847,0.090575077538214
1.1800,44.730747,37.294174,23.309671,44.773037,37.928432,22.963015,0.592439,0.625279241422591,0.431282795267478,0.090575077538214
1.1466,44.801201,38.272358,23.265364,47.222782,39.640423,23.880789,1.241,1.30979145296889,2.38256210370847,0.2518309257872476
1.1807,44.730747,37.294174,23.309671,45.164955,37.560791,23.476326,0.666092,0.703014994754998,0.424197352508652,0.2518309257872476
1.1466,44.801201,38.272358,23.265364,47.222782,39.640423,23.880789,1.241,1.30979145296889,2.38256210370847,0.45034322039974684
1.1813,44.730747,37.294174,23.309671,45.414268,37.658691,23.715281,0.842586,0.889292458655313,0.678541454913634,0.45034322039974684
1.1466,44.801201,38.272358,23.265364,47.222782,39.640423,23.880789,1.241,1.30979145296889,2.38256210370847,0.08663628037168897
1.1814,44.730747,37.294174,23.309671,45.081394,37.738724,23.388609,0.507032,0.535137937132733,0.376720984237306,0.08663628037168897
1.1466,44.801201,38.272358,23.265364,47.222782,39.640423,23.880789,1.241,1.30979145296889,2.38256210370847,0.06995987719982388
4.76,45.099937,36.750183,22.469835,46.181698,36.91983,22.239534,1.145622,1.20912643346747,1.05157489929332,0.06995987719982388
1.1466,44.801201,38.272358,23.265364,47.222782,39.640423,23.880789,1.241,1.30979145296889,2.38256210370847,0.06985279394697569
4.104,46.260052,36.889938,22.139956,46.765984,36.977833,22.029522,0.55884,0.589817772423154,0.498827105259605,0.06985279394697569
1.1466,44.801201,38.272358,23.265364,47.222782,39.640423,23.880789,1.241,1.30979145296889,2.38256210370847,0.05910785781055962
4.106,43.86005,36.959896,22.410271,44.775291,36.950111,22.187439,1.229448,1.29759909933094,0.867505507831591,0.05910785781055962
1.1466,44.801201,38.272358,23.265364,47.222782,39.640423,23.880789,1.241,1.30979145296889,2.38256210370847,0.1323880707181408
5.1,45.27005,37.069607,22.800039,45.805882,37.094406,22.913883,0.587042,0.619583073435747,0.515349354107962,0.1323880707181408
1.1466,44.801201,38.272358,23.265364,47.222782,39.640423,23.880789,1.241,1.30979145296889,2.38256210370847,0.26973406124693383
5.2,45.140049,36.999737,22.880068,45.936909,37.190865,22.82316,0.785367,0.828901679326202,0.768520324510237,0.26973406124693383
1.1466,44.801201,38.272358,23.265364,47.222782,39.640423,23.880789,1.241,1.30979145296889,2.38256210370847,0.14354683629605344
5.29,44.330009,37.199749,23.160069,43.78183,37.969376,23.073114,1.070955,1.13032047180846,0.634188057383681,0.14354683629605344
1.1466,44.801201,38.272358,23.265364,47.222782,39.640423,23.880789,1.241,1.30979145296889,2.38256210370847,0.11930026080211892
5.32,43.95993,37.0205,22.63007,44.376717,37.008488,23.037443,0.936094,0.987983819802948,0.459220089571616,0.11930026080211892
1.1466,44.801201,38.272358,23.265364,47.222782,39.640423,23.880789,1.241,1.30979145296889,2.38256210370847,0.11633016048437878
5.33,43.899956,37.030128,22.490103,44.417511,36.98003,23.17672,1.102687,1.16381144875093,0.638802995769043,0.11633016048437878
1.1466,44.801201,38.272358,23.265364,47.222782,39.640423,23.880789,1.241,1.30979145296889,2.38256210370847,0.07385798635819608
5.34,43.759983,37.000278,22.37995,44.56496,37.031937,23.284607,1.340677,1.41499377581948,0.91776648364448,0.07385798635819608
1.1466,44.801201,38.272358,23.265364,47.222782,39.640423,23.880789,1.241,1.30979145296889,2.38256210370847,0.07406370081074014
5.36,45.929989,37.099899,21.389887,45.257992,37.104332,22.082264,0.71397,0.753546981205639,0.761744964319896,0.07406370081074014
1.1466,44.801201,38.272358,23.265364,47.222782,39.640423,23.880789,1.241,1.30979145296889,2.38256210370847,0.05910785781055962
5.42,43.86005,36.959896,22.410271,44.775291,36.950111,22.187439,1.26928,1.33963907769891,0.867505507831591,0.05910785781055962
1.1466,44.801201,38.272358,23.265364,47.222782,39.640423,23.880789,1.241,1.30979145296889,2.38256210370847,0.0514378256888647
7.90,44.57517149224873,36.95897623838063,23.023442749720434,44.56098859042097,37.9022620045808,24.026373449697637,0.486917,0.51390791692607,0.501029048069449,0.0514378256888647
1.1466,44.801201,38.272358,23.265364,47.222782,39.640423,23.880789,1.241,1.30979145296889,2.38256210370847,0.2875367626890223
7.91,44.57517149224873,36.95897623838063,23.023442749720434,44.56098859042097,38.573629232545095,24.55590075641114,0.81871,0.864092957663303,0.780254950052494,0.2875367626890223
1.1466,44.801201,38.272358,23.265364,47.222782,39.640423,23.880789,1.241,1.30979145296889,2.38256210370847,0.13088444315371509
7.92,44.57517149224873,36.95897623838063,23.023442749720434,44.58934775569448,39.080708778986896,25.054252197224102,0.982452,1.03691154919596,1.02575885376779,0.13088444315371509
1.1466,44.801201,38.272358,23.265364,47.222782,39.640423,23.880789,1.241,1.30979145296889,2.38256210370847,0.05058043445338083
7.101,44.57517149224873,36.95897623838063,23.023442749720434,44.518399976803536,38.07473686942225,22.140307176309605,0.642041,0.677630793114906,0.892619371792106,0.05058043445338083
1.1466,44.801201,38.272358,23.265364,47.222782,39.640423,23.880789,1.241,1.30979145296889,2.38256210370847,0.1166993255586234
7.110,44.57517149224873,36.95897623838063,23.023442749720434,45.06744545788468,37.23859941259777,23.19484369018282,0.60326,0.636700074067697,0.477933852059694,0.1166993255586234
1.1466,44.801201,38.272358,23.265364,47.222782,39.640423,23.880789,1.241,1.30979145296889,2.38256210370847,0.2928223040597773
7.111,44.57517149224873,36.95897623838063,23.023442749720434,45.455625795399975,37.534170935574984,23.294607914993804,0.913508,0.964145826445369,0.8621086350459,0.2928223040597773
1.1466,44.801201,38.272358,23.265364,47.222782,39.640423,23.880789,1.241,1.30979145296889,2.38256210370847,0.12374452021228836
7.112,44.57517149224873,36.95897623838063,23.023442749720434,45.67525911468617,37.772985385557675,23.457170351200073,1.029851,1.086937983587,1.08944222284532,0.12374452021228836
1.1466,44.801201,38.272358,23.265364,47.222782,39.640423,23.880789,1.241,1.30979145296889,2.38256210370847,0.06247152513820184
7.116,44.57517149224873,36.95897623838063,23.023442749720434,43.69756372940281,36.53792507620707,22.597239207905815,0.827328,0.873188673007127,0.848819357595633,0.06247152513820184
1.1466,44.801201,38.272358,23.265364,47.222782,39.640423,23.880789,1.241,1.30979145296889,2.38256210370847,0.07507378008231202
7.188,44.56098859042097,37.901998034951035,24.026156614974514,44.44728545774344,35.9748809105665,22.07321940794642,0.90489,0.955050111101545,1.00102302341556,0.07507378008231202
1.1466,44.801201,38.272358,23.265364,47.222782,39.640423,23.880789,1.241,1.30979145296889,2.38256210370847,0.07964765401070781
7.189,44.56098859042097,37.901998034951035,24.026156614974514,44.404536302425136,37.8038840525991,22.449092485847245,0.64635,0.682178650786818,0.91078367365473,0.07964765401070781
1.1466,44.801201,38.272358,23.265364,47.222782,39.640423,23.880789,1.241,1.30979145296889,2.38256210370847,0.11379328048355825
7.209,44.56098859042097,38.573724315756394,24.555576237150024,44.34744313390436,36.02380869130917,23.779829262379405,0.969525,1.02326797618023,1.00400707881983,0.11379328048355825
1.1466,44.801201,38.272358,23.265364,47.222782,39.640423,23.880789,1.241,1.30979145296889,2.38256210370847,0.11171458124881961
7.210,44.56098859042097,38.573724315756394,24.555576237150024,45.455625795399975,37.53426466326909,23.294286720622015,0.917817,0.968693684117282,1.04627280180266,0.11171458124881961
1.1466,44.801201,38.272358,23.265364,47.222782,39.640423,23.880789,1.241,1.30979145296889,2.38256210370847,0.1269141394991599
7.280,44.44728545774344,35.97521859456376,22.0733607846343,45.06744545788468,37.23867021462868,23.19477644893174,0.870418,0.918667249726248,0.837074101389706,0.1269141394991599
1.1466,44.801201,38.272358,23.265364,47.222782,39.640423,23.880789,1.241,1.30979145296889,2.38256210370847,0.14555318129132802
7.336,44.404536302425136,37.80375851325402,22.44909429574582,45.06744545788468,37.23820482928553,23.194631593829317,0.801474,0.845901526975654,0.875139834534694,0.14555318129132802
1.1466,44.801201,38.272358,23.265364,47.222782,39.640423,23.880789,1.241,1.30979145296889,2.38256210370847,0.0966602284688548
7.399,44.82933602774889,37.201488443910634,23.04919968725948,44.29024173172684,36.64183105787067,22.80670299528209,0.633423,0.668535077771082,0.549987795925747,0.0966602284688548
1.1466,44.801201,38.272358,23.265364,47.222782,39.640423,23.880789,1.241,1.30979145296889,2.38256210370847,0.1153092002377584
7.404,45.06744545788468,37.23821468296523,23.194550007141924,44.11798295939927,36.44217685030859,22.849908142926267,0.926435,0.977789399461106,0.943647459411894,0.1153092002377584
1.1467,44.801201,38.272358,23.265364,46.123379,38.978432,23.674717,0.882611,0.931536135452316,1.28951047453844,0.08315707966174428
1.1486,44.801201,38.272358,23.265364,47.417435,40.011112,24.19216,1.46743,1.54877298294129,2.60157435399653,0.08315707966174428
1.1468,44.801201,38.272358,23.265364,47.623756,40.049061,24.345411,1.70624,1.80082076447513,2.80611584335974,0.3633022291299056
1.1472,44.801201,38.272358,23.265364,45.866165,40.348148,24.721346,1.28192,1.3529797416518,1.31059111630649,0.3633022291299056
1.1468,44.801201,38.272358,23.265364,47.623756,40.049061,24.345411,1.70624,1.80082076447513,2.80611584335974,0.4292340333513643
1.1474,44.801201,38.272358,23.265364,45.400471,40.498734,24.994703,1.20761,1.27455056931487,1.09211093566474,0.4292340333513643
1.1468,44.801201,38.272358,23.265364,47.623756,40.049061,24.345411,1.70624,1.80082076447513,2.80611584335974,0.09131212912377067
1.1476,44.801201,38.272358,23.265364,44.2616,40.570984,25.201435,1.10349,1.16465896086756,1.12725118052699,0.09131212912377067
1.1468,44.801201,38.272358,23.265364,47.623756,40.049061,24.345411,1.70624,1.80082076447513,2.80611584335974,0.3300063679977049
1.1484,44.801201,38.272358,23.265364,46.096401,38.530846,23.947065,1.241,1.30979145296889,1.28290756644005,0.3300063679977049
1.1468,44.801201,38.272358,23.265364,47.623756,40.049061,24.345411,1.70624,1.80082076447513,2.80611584335974,0.11081715927284631
1.1489,44.801201,38.272358,23.265364,46.15033,39.788517,23.014376,1.19068,1.2566821009033,1.48893173807032,0.11081715927284631
1.1468,44.801201,38.272358,23.265364,47.623756,40.049061,24.345411,1.70624,1.80082076447513,2.80611584335974,0.40463807378193667
1.1492,44.801201,38.272358,23.265364,45.524429,39.906815,22.660521,1.31404,1.38688022631687,1.16870249225533,0.40463807378193667
1.1468,44.801201,38.272358,23.265364,47.623756,40.049061,24.345411,1.70624,1.80082076447513,2.80611584335974,0.10717740278359995
1.1494,44.801201,38.272358,23.265364,44.390274,39.248653,22.117399,1.43763,1.51732110115364,1.04082526099156,0.10717740278359995
1.1468,44.801201,38.272358,23.265364,47.623756,40.049061,24.345411,1.70624,1.80082076447513,2.80611584335974,0.09576032800801777
1.1697,44.720165,37.766644,23.12565,43.624477,37.621201,22.009541,1.45565,1.53633999074469,1.19965295589464,0.09576032800801777
1.1468,44.801201,38.272358,23.265364,47.623756,40.049061,24.345411,1.70624,1.80082076447513,2.80611584335974,0.204473683394403
1.1699,44.720165,37.766644,23.12565,45.043018000000004,39.622589,22.522366,1.17392,1.23899305597844,1.08585340272686,0.204473683394403
1.1468,44.801201,38.272358,23.265364,47.623756,40.049061,24.345411,1.70624,1.80082076447513,2.80611584335974,0.08472411880927413
1.1727,44.720165,37.766644,23.12565,45.32793,37.76984,25.223213,1.17392,1.23899305597844,1.34655882795068,0.08472411880927413
1.1468,44.801201,38.272358,23.265364,47.623756,40.049061,24.345411,1.70624,1.80082076447513,2.80611584335974,0.05841567586859693
7.92,44.57517149224873,36.95897623838063,23.023442749720434,44.58934775569448,39.080708778986896,25.054252197224102,0.982452,1.03691154919596,1.02575885376779,0.05841567586859693
1.1468,44.801201,38.272358,23.265364,47.623756,40.049061,24.345411,1.70624,1.80082076447513,2.80611584335974,0.08709081184343864
7.93,44.57517149224873,36.95897623838063,23.023442749720434,44.57517149224873,39.728474247960776,25.63231821607862,1.146194,1.20973014072862,1.31466287228764,0.08709081184343864
1.1468,44.801201,38.272358,23.265364,47.623756,40.049061,24.345411,1.70624,1.80082076447513,2.80611584335974,0.09288249189957737
7.112,44.57517149224873,36.95897623838063,23.023442749720434,45.67525911468617,37.772985385557675,23.457170351200073,1.029851,1.086937983587,1.08944222284532,0.09288249189957737
1.1468,44.801201,38.272358,23.265364,47.623756,40.049061,24.345411,1.70624,1.80082076447513,2.80611584335974,0.17604156005551083
7.113,44.57517149224873,36.95897623838063,23.023442749720434,45.90691825034913,37.77152031503201,23.52961375158339,1.219447,1.28704372115113,1.30608321910391,0.17604156005551083
1.1468,44.801201,38.272358,23.265364,47.623756,40.049061,24.345411,1.70624,1.80082076447513,2.80611584335974,0.09002578365989704
7.211,44.56098859042097,38.573724315756394,24.555576237150024,43.69756372940281,36.53801632030218,22.59692718339512,1.189284,1.25520871744775,1.28355966155084,0.09002578365989704
1.1470,44.801201,38.272358,23.265364,46.069405,39.717682,24.155165,0.892955,0.942453526902364,1.33091223445022,0.06968003746944404
1.1486,44.801201,38.272358,23.265364,47.417435,40.011112,24.19216,1.46743,1.54877298294129,2.60157435399653,0.06968003746944404
1.1472,44.801201,38.272358,23.265364,45.866165,40.348148,24.721346,1.28192,1.3529797416518,1.31059111630649,0.299981696749619
1.1485,44.801201,38.272358,23.265364,47.700783,40.00211,24.350201,1.83677,1.93858633929868,2.87702318050197,0.299981696749619
1.1472,44.801201,38.272358,23.265364,45.866165,40.348148,24.721346,1.28192,1.3529797416518,1.31059111630649,0.15974525892433253
1.1486,44.801201,38.272358,23.265364,47.417435,40.011112,24.19216,1.46743,1.54877298294129,2.60157435399653,0.15974525892433253
1.1472,44.801201,38.272358,23.265364,45.866165,40.348148,24.721346,1.28192,1.3529797416518,1.31059111630649,0.1299452069621309
1.1713,44.720165,37.766644,23.12565,47.835133,38.069309,22.399614,1.68676,1.78026094376294,3.05054135781852,0.1299452069621309
1.1474,44.801201,38.272358,23.265364,45.400471,40.498734,24.994703,1.20761,1.27455056931487,1.09211093566474,0.2371252757706683
1.1485,44.801201,38.272358,23.265364,47.700783,40.00211,24.350201,1.83677,1.93858633929868,2.87702318050197,0.2371252757706683
1.1474,44.801201,38.272358,23.265364,45.400471,40.498734,24.994703,1.20761,1.27455056931487,1.09211093566474,0.414208784561325
1.1486,44.801201,38.272358,23.265364,47.417435,40.011112,24.19216,1.46743,1.54877298294129,2.60157435399653,0.414208784561325
1.1476,44.801201,38.272358,23.265364,44.2616,40.570984,25.201435,1.10349,1.16465896086756,1.12725118052699,0.13520927471973196
1.1486,44.801201,38.272358,23.265364,47.417435,40.011112,24.19216,1.46743,1.54877298294129,2.60157435399653,0.13520927471973196
1.1476,44.801201,38.272358,23.265364,44.2616,40.570984,25.201435,1.10349,1.16465896086756,1.12725118052699,0.053084325590954475
1.1726,44.720165,37.766644,23.12565,41.614643,38.204678,23.429976,1.68676,1.78026094376294,2.86581021342006,0.053084325590954475
1.1478,44.801201,38.272358,23.265364,43.330318,39.156811,24.35841,1.19068,1.2566821009033,1.47232855877821,0.09017305666809765
1.1705,44.720165,37.766644,23.12565,41.036758,36.816265,22.133057,1.68676,1.78026094376294,3.41544089851318,0.09017305666809765
1.1478,44.801201,38.272358,23.265364,43.330318,39.156811,24.35841,1.19068,1.2566821009033,1.47232855877821,0.14320749547869505
1.1713,44.720165,37.766644,23.12565,47.835133,38.069309,22.399614,1.68676,1.78026094376294,3.05054135781852,0.14320749547869505
1.1478,44.801201,38.272358,23.265364,43.330318,39.156811,24.35841,1.19068,1.2566821009033,1.47232855877821,0.07489421641484015
1.1719,44.720165,37.766644,23.12565,41.696815,38.757702,22.729319,1.82541,1.92659662865749,2.84900831347832,0.07489421641484015
1.1478,44.801201,38.272358,23.265364,43.330318,39.156811,24.35841,1.19068,1.2566821009033,1.47232855877821,0.17264318143599433
1.1726,44.720165,37.766644,23.12565,41.614643,38.204678,23.429976,1.68676,1.78026094376294,2.86581021342006,0.17264318143599433
1.1478,44.801201,38.272358,23.265364,43.330318,39.156811,24.35841,1.19068,1.2566821009033,1.47232855877821,0.11203003431106977
1.1734,44.720165,37.766644,23.12565,42.057941,36.92165,25.099762,1.68676,1.78026094376294,2.83060569225389,0.11203003431106977
1.1480,44.801201,38.272358,23.265364,43.507164,38.228367,23.643114,1.3299,1.40361938219446,1.23168549913385,0.23597277305841186
1.1481,44.801201,38.272358,23.265364,42.015461,37.237225,22.889879,1.63154,1.72197997355106,2.60426496004869,0.23597277305841186
1.1480,44.801201,38.272358,23.265364,43.507164,38.228367,23.643114,1.3299,1.40361938219446,1.23168549913385,0.3855470792371928
1.1483,44.801201,38.272358,23.265364,41.813801,36.422642,22.189848,1.61772,1.70739389951397,2.85032443663536,0.3855470792371928
1.1480,44.801201,38.272358,23.265364,43.507164,38.228367,23.643114,1.3299,1.40361938219446,1.23168549913385,0.18702617111645706
1.1497,44.801201,38.272358,23.265364,41.969048,37.887436,21.214329,1.90597,2.01162225271161,2.84874093825247,0.18702617111645706
1.1480,44.801201,38.272358,23.265364,43.507164,38.228367,23.643114,1.3299,1.40361938219446,1.23168549913385,0.07163479285218308
1.1499,44.801201,38.272358,23.265364,41.673363,36.111137,22.008919,2.03366,2.14639039987487,3.00546643221302,0.07163479285218308
1.1480,44.801201,38.272358,23.265364,43.507164,38.228367,23.643114,1.3299,1.40361938219446,1.23168549913385,0.05729778789555786
1.1692,44.720165,37.766644,23.12565,48.579742,36.674446,22.534721,1.82541,1.92659662865749,3.770297917356,0.05729778789555786
1.1480,44.801201,38.272358,23.265364,43.507164,38.228367,23.643114,1.3299,1.40361938219446,1.23168549913385,0.3568832717349754
1.1705,44.720165,37.766644,23.12565,41.036758,36.816265,22.133057,1.68676,1.78026094376294,3.41544089851318,0.3568832717349754
1.1480,44.801201,38.272358,23.265364,43.507164,38.228367,23.643114,1.3299,1.40361938219446,1.23168549913385,0.3492351859818721
1.1713,44.720165,37.766644,23.12565,47.835133,38.069309,22.399614,1.68676,1.78026094376294,3.05054135781852,0.3492351859818721
1.1480,44.801201,38.272358,23.265364,43.507164,38.228367,23.643114,1.3299,1.40361938219446,1.23168549913385,0.40506501284807395
1.1719,44.720165,37.766644,23.12565,41.696815,38.757702,22.729319,1.82541,1.92659662865749,2.84900831347832,0.40506501284807395
1.1480,44.801201,38.272358,23.265364,43.507164,38.228367,23.643114,1.3299,1.40361938219446,1.23168549913385,0.5932654574138331
1.1726,44.720165,37.766644,23.12565,41.614643,38.204678,23.429976,1.68676,1.78026094376294,2.86581021342006,0.5932654574138331
1.1480,44.801201,38.272358,23.265364,43.507164,38.228367,23.643114,1.3299,1.40361938219446,1.23168549913385,0.45455271496192046
1.1734,44.720165,37.766644,23.12565,42.057941,36.92165,25.099762,1.68676,1.78026094376294,2.83060569225389,0.45455271496192046
1.1480,44.801201,38.272358,23.265364,43.507164,38.228367,23.643114,1.3299,1.40361938219446,1.23168549913385,0.1722977437441531
7.361,44.60351738852064,38.78155571208269,21.746543197241397,44.489974232848624,35.28218457991533,24.28917730304483,1.620184,1.70999448463896,2.70544683885885,0.1722977437441531
1.1480,44.801201,38.272358,23.265364,43.507164,38.228367,23.643114,1.3299,1.40361938219446,1.23168549913385,0.05728214592119633
7.417,45.90691825034913,37.77115311636092,23.52933956192629,43.10777397801501,35.99489637404085,22.457982490321005,2.055393,2.16932810950208,2.72332209281723,0.05728214592119633
1.1481,44.801201,38.272358,23.265364,42.015461,37.237225,22.889879,1.63154,1.72197997355106,2.60426496004869,0.24877388661377586
1.1494,44.801201,38.272358,23.265364,44.390274,39.248653,22.117399,1.43763,1.51732110115364,1.04082526099156,0.24877388661377586
1.1481,44.801201,38.272358,23.265364,42.015461,37.237225,22.889879,1.63154,1.72197997355106,2.60426496004869,0.07706314858333467
1.1496,44.801201,38.272358,23.265364,43.551208,38.391315,22.027452,1.69283,1.78666741767069,1.39099723183746,0.07706314858333467
1.1481,44.801201,38.272358,23.265364,42.015461,37.237225,22.889879,1.63154,1.72197997355106,2.60426496004869,0.12688212142550462
1.1691,44.720165,37.766644,23.12565,43.730396,35.689289,21.568848,1.35877,1.43408971196659,1.28922916156338,0.12688212142550462
1.1481,44.801201,38.272358,23.265364,42.015461,37.237225,22.889879,1.63154,1.72197997355106,2.60426496004869,0.2961677984959277
1.1697,44.720165,37.766644,23.12565,43.624477,37.621201,22.009541,1.45565,1.53633999074469,1.19965295589464,0.2961677984959277
1.1481,44.801201,38.272358,23.265364,42.015461,37.237225,22.889879,1.63154,1.72197997355106,2.60426496004869,0.23563396106746692
1.1699,44.720165,37.766644,23.12565,45.043018000000004,39.622589,22.522366,1.17392,1.23899305597844,1.08585340272686,0.23563396106746692
1.1481,44.801201,38.272358,23.265364,42.015461,37.237225,22.889879,1.63154,1.72197997355106,2.60426496004869,0.05588792308273982
1.1711,44.720165,37.766644,23.12565,43.959206,34.881966,22.462944,1.45007,1.53045067865157,1.35756516042183,0.05588792308273982
1.1481,44.801201,38.272358,23.265364,42.015461,37.237225,22.889879,1.63154,1.72197997355106,2.60426496004869,0.06825006025740173
1.1724,44.720165,37.766644,23.12565,45.248283,39.168568,24.355015,0.874304,0.92276865954594,0.81134984148713,0.06825006025740173
1.1481,44.801201,38.272358,23.265364,42.015461,37.237225,22.889879,1.63154,1.72197997355106,2.60426496004869,0.053466116023392955
1.1813,44.730747,37.294174,23.309671,45.414268,37.658691,23.715281,0.842586,0.889292458655313,0.678541454913634,0.053466116023392955
1.1481,44.801201,38.272358,23.265364,42.015461,37.237225,22.889879,1.63154,1.72197997355106,2.60426496004869,0.32152233744033926
4.12,43.870068,35.629742,21.290045,44.072601,37.127289,22.695574,1.126994,1.18946584105336,0.769554419490261,0.32152233744033926
1.1481,44.801201,38.272358,23.265364,42.015461,37.237225,22.889879,1.63154,1.72197997355106,2.60426496004869,0.056997455184986445
4.13,43.449951,38.100449,20.989811,43.626087,37.972427,23.039627,0.987284,1.04201139794757,1.24802879487183,0.056997455184986445
1.1481,44.801201,38.272358,23.265364,42.015461,37.237225,22.889879,1.63154,1.72197997355106,2.60426496004869,0.14656947660591862
4.76,45.099937,36.750183,22.469835,46.181698,36.91983,22.239534,1.145622,1.20912643346747,1.05157489929332,0.14656947660591862
1.1481,44.801201,38.272358,23.265364,42.015461,37.237225,22.889879,1.63154,1.72197997355106,2.60426496004869,0.17956045708152946
4.77,43.600025,37.299789,22.570135,44.974243,37.176563,22.39678,1.359844,1.43522324622967,1.29024390106441,0.17956045708152946
1.1481,44.801201,38.272358,23.265364,42.015461,37.237225,22.889879,1.63154,1.72197997355106,2.60426496004869,0.05842830760921392
4.105,43.81995,37.200417,21.679749,44.566662,37.167774,21.584,0.83826,0.884726658634731,0.700351892324673,0.05842830760921392
1.1481,44.801201,38.272358,23.265364,42.015461,37.237225,22.889879,1.63154,1.72197997355106,2.60426496004869,0.6076837123775354
4.106,43.86005,36.959896,22.410271,44.775291,36.950111,22.187439,1.229448,1.29759909933094,0.867505507831591,0.6076837123775354
1.1481,44.801201,38.272358,23.265364,42.015461,37.237225,22.889879,1.63154,1.72197997355106,2.60426496004869,0.05673028107514795
5.3,44.880054,37.119598,22.940094,46.212364,37.041267,22.777866,1.070955,1.13032047180846,1.2749658582207,0.05673028107514795
1.1481,44.801201,38.272358,23.265364,42.015461,37.237225,22.889879,1.63154,1.72197997355106,2.60426496004869,0.12587439692838168
5.8,44.419933,36.18005,22.549789,44.476891,38.165051,22.633118,0.936094,0.987983819802948,0.866811219141489,0.12587439692838168
1.1481,44.801201,38.272358,23.265364,42.015461,37.237225,22.889879,1.63154,1.72197997355106,2.60426496004869,0.24479139365529953
5.9,44.510017,36.00988,22.309853,44.396122,38.320248,22.87945,1.070955,1.13032047180846,0.908276829574393,0.24479139365529953
1.1481,44.801201,38.272358,23.265364,42.015461,37.237225,22.889879,1.63154,1.72197997355106,2.60426496004869,0.38800377171479866
5.10,44.489975,35.940083,22.349972,44.418793,38.393051,22.841824,1.308945,1.381502798877,0.978364339257622,0.38800377171479866
1.1481,44.801201,38.272358,23.265364,42.015461,37.237225,22.889879,1.63154,1.72197997355106,2.60426496004869,0.19518786500402616
5.13,44.440022,37.059891,21.320107,44.468494,37.088528,22.914507,1.047156,1.1052022391016,0.93706972375273,0.19518786500402616
1.1481,44.801201,38.272358,23.265364,42.015461,37.237225,22.889879,1.63154,1.72197997355106,2.60426496004869,0.15650026793881341
5.14,44.470062,37.049984,21.120243,44.441589,37.090839,23.134239,1.285146,1.35638456617015,1.18231127804555,0.15650026793881341
1.1481,44.801201,38.272358,23.265364,42.015461,37.237225,22.889879,1.63154,1.72197997355106,2.60426496004869,0.08958149430605064
5.21,44.500069,37.659645,21.260138,44.386135,36.4664,22.274618,0.936094,0.987983819802948,0.995990787347523,0.08958149430605064
1.1481,44.801201,38.272358,23.265364,42.015461,37.237225,22.889879,1.63154,1.72197997355106,2.60426496004869,0.1822967769251699
5.22,44.449993,37.710121,21.169832,44.435749,36.423412,22.37541,1.158218,1.22242065840026,1.12715683194151,0.1822967769251699
1.1481,44.801201,38.272358,23.265364,42.015461,37.237225,22.889879,1.63154,1.72197997355106,2.60426496004869,0.06796543000696774
5.23,44.480019,37.719929,20.979906,44.394554,36.395611,22.567541,1.380342,1.45685749699757,1.35091214089471,0.06796543000696774
1.1481,44.801201,38.272358,23.265364,42.015461,37.237225,22.889879,1.63154,1.72197997355106,2.60426496004869,0.1933846834372095
5.26,43.449951,35.7103,22.719934,44.406105,36.882622,22.633024,1.023357,1.08008400639475,1.0550257041602,0.1933846834372095
1.1481,44.801201,38.272358,23.265364,42.015461,37.237225,22.889879,1.63154,1.72197997355106,2.60426496004869,0.360845194095838
5.27,43.449951,35.560188,22.639994,44.391842,37.037529,22.73987,1.237548,1.30614810075644,1.08913506367349,0.360845194095838
1.1481,44.801201,38.272358,23.265364,42.015461,37.237225,22.889879,1.63154,1.72197997355106,2.60426496004869,0.4628105760198019
5.29,44.330009,37.199749,23.160069,43.78183,37.969376,23.073114,1.070955,1.13032047180846,0.634188057383681,0.4628105760198019
1.1481,44.801201,38.272358,23.265364,42.015461,37.237225,22.889879,1.63154,1.72197997355106,2.60426496004869,0.30899313275063817
5.30,45.350056,36.019573,23.100149,44.32386,37.201443,23.160089,1.42794,1.50709396241128,1.10060055129705,0.30899313275063817
1.1481,44.801201,38.272358,23.265364,42.015461,37.237225,22.889879,1.63154,1.72197997355106,2.60426496004869,0.19188562985642432
5.32,43.95993,37.0205,22.63007,44.376717,37.008488,23.037443,0.936094,0.987983819802948,0.459220089571616,0.19188562985642432
1.1481,44.801201,38.272358,23.265364,42.015461,37.237225,22.889879,1.63154,1.72197997355106,2.60426496004869,0.5238204499282292
5.33,43.899956,37.030128,22.490103,44.417511,36.98003,23.17672,1.102687,1.16381144875093,0.638802995769043,0.5238204499282292
1.1481,44.801201,38.272358,23.265364,42.015461,37.237225,22.889879,1.63154,1.72197997355106,2.60426496004869,0.7014064848347403
5.34,43.759983,37.000278,22.37995,44.56496,37.031937,23.284607,1.340677,1.41499377581948,0.91776648364448,0.7014064848347403
1.1481,44.801201,38.272358,23.265364,42.015461,37.237225,22.889879,1.63154,1.72197997355106,2.60426496004869,0.16586011634739525
5.37,45.219978,37.020203,22.339933,44.218014,37.151577,23.296185,1.023357,1.08008400639475,1.0849785346728,0.16586011634739525
1.1481,44.801201,38.272358,23.265364,42.015461,37.237225,22.889879,1.63154,1.72197997355106,2.60426496004869,0.22057223260369282
5.38,45.259933,37.10017,22.099951,44.173214,37.137138,23.219437,1.308945,1.381502798877,1.21400281575858,0.22057223260369282
1.1481,44.801201,38.272358,23.265364,42.015461,37.237225,22.889879,1.63154,1.72197997355106,2.60426496004869,0.08737771975082124
5.41,43.81995,37.200417,21.679749,44.566662,37.167774,21.584,0.87263,0.921001865918003,0.700351892324673,0.08737771975082124
1.1481,44.801201,38.272358,23.265364,42.015461,37.237225,22.889879,1.63154,1.72197997355106,2.60426496004869,0.6462166290276593
5.42,43.86005,36.959896,22.410271,44.775291,36.950111,22.187439,1.26928,1.33963907769891,0.867505507831591,0.6462166290276593
1.1481,44.801201,38.272358,23.265364,42.015461,37.237225,22.889879,1.63154,1.72197997355106,2.60426496004869,0.21185645783550794
6.65,43.11,35.49,22.27,43.99727809141985,36.41270480287401,23.247455175121324,1.02,1.0765409202484,0.961519585938287,0.21185645783550794
1.1481,44.801201,38.272358,23.265364,42.015461,37.237225,22.889879,1.63154,1.72197997355106,2.60426496004869,0.08684537244997706
6.67,43.35,35.28,22.09,42.534454807058474,36.21159743287278,23.08677745803963,1.02,1.0765409202484,0.905754223976326,0.08684537244997706
1.1481,44.801201,38.272358,23.265364,42.015461,37.237225,22.889879,1.63154,1.72197997355106,2.60426496004869,0.11290480397782564
6.224,42.93,35.16,23.56,43.50021798331866,35.57265775108587,22.525854666218127,1.02,1.0765409202484,0.90483557540355,0.11290480397782564
1.1481,44.801201,38.272358,23.265364,42.015461,37.237225,22.889879,1.63154,1.72197997355106,2.60426496004869,0.12126913365588314
7.92,44.57517149224873,36.95897623838063,23.023442749720434,44.58934775569448,39.080708778986896,25.054252197224102,0.982452,1.03691154919596,1.02575885376779,0.12126913365588314
1.1481,44.801201,38.272358,23.265364,42.015461,37.237225,22.889879,1.63154,1.72197997355106,2.60426496004869,0.10942185713863727
7.111,44.57517149224873,36.95897623838063,23.023442749720434,45.455625795399975,37.534170935574984,23.294607914993804,0.913508,0.964145826445369,0.8621086350459,0.10942185713863727
1.1481,44.801201,38.272358,23.265364,42.015461,37.237225,22.889879,1.63154,1.72197997355106,2.60426496004869,0.15167702854952086
7.112,44.57517149224873,36.95897623838063,23.023442749720434,45.67525911468617,37.772985385557675,23.457170351200073,1.029851,1.086937983587,1.08944222284532,0.15167702854952086
1.1481,44.801201,38.272358,23.265364,42.015461,37.237225,22.889879,1.63154,1.72197997355106,2.60426496004869,0.1005917021340698
7.113,44.57517149224873,36.95897623838063,23.023442749720434,45.90691825034913,37.77152031503201,23.52961375158339,1.219447,1.28704372115113,1.30608321910391,0.1005917021340698
1.1481,44.801201,38.272358,23.265364,42.015461,37.237225,22.889879,1.63154,1.72197997355106,2.60426496004869,0.05638927895864206
7.116,44.57517149224873,36.95897623838063,23.023442749720434,43.69756372940281,36.53792507620707,22.597239207905815,0.827328,0.873188673007127,0.848819357595633,0.05638927895864206
1.1481,44.801201,38.272358,23.265364,42.015461,37.237225,22.889879,1.63154,1.72197997355106,2.60426496004869,0.18945092834331004
7.117,44.57517149224873,36.95897623838063,23.023442749720434,43.43360642568766,36.173492413329456,22.566770196731134,1.03416,1.09148584125891,1.10901620179134,0.18945092834331004
1.1481,44.801201,38.272358,23.265364,42.015461,37.237225,22.889879,1.63154,1.72197997355106,2.60426496004869,0.05089112410466034
7.118,44.57517149224873,36.95897623838063,23.023442749720434,43.10777397801501,35.995247030617236,22.45824415660518,1.197902,1.26430443279157,1.41769205273371,0.05089112410466034
1.1481,44.801201,38.272358,23.265364,42.015461,37.237225,22.889879,1.63154,1.72197997355106,2.60426496004869,0.06606296323701659
7.188,44.56098859042097,37.901998034951035,24.026156614974514,44.44728545774344,35.9748809105665,22.07321940794642,0.90489,0.955050111101545,1.00102302341556,0.06606296323701659
1.1481,44.801201,38.272358,23.265364,42.015461,37.237225,22.889879,1.63154,1.72197997355106,2.60426496004869,0.11521361025191866
7.209,44.56098859042097,38.573724315756394,24.555576237150024,44.34744313390436,36.02380869130917,23.779829262379405,0.969525,1.02326797618023,1.00400707881983,0.11521361025191866
1.1481,44.801201,38.272358,23.265364,42.015461,37.237225,22.889879,1.63154,1.72197997355106,2.60426496004869,0.14349113084423867
7.211,44.56098859042097,38.573724315756394,24.555576237150024,43.69756372940281,36.53801632030218,22.59692718339512,1.189284,1.25520871744775,1.28355966155084,0.14349113084423867
1.1481,44.801201,38.272358,23.265364,42.015461,37.237225,22.889879,1.63154,1.72197997355106,2.60426496004869,0.061194798701945635
7.280,44.44728545774344,35.97521859456376,22.0733607846343,45.06744545788468,37.23867021462868,23.19477644893174,0.870418,0.918667249726248,0.837074101389706,0.061194798701945635
1.1481,44.801201,38.272358,23.265364,42.015461,37.237225,22.889879,1.63154,1.72197997355106,2.60426496004869,0.05030997648113285
7.293,44.57517149224873,35.399492389150744,21.68787369451971,44.518399976803536,38.07468663998459,22.14021362742622,0.969525,1.02326797618023,1.084991068374,0.05030997648113285
1.1481,44.801201,38.272358,23.265364,42.015461,37.237225,22.889879,1.63154,1.72197997355106,2.60426496004869,0.07603261136099987
7.383,44.34744313390436,36.02371776774294,23.780033708416347,43.69756372940281,36.53792439851406,22.597128484669902,0.909199,0.959597968773457,1.04414862934801,0.07603261136099987
1.1481,44.801201,38.272358,23.265364,42.015461,37.237225,22.889879,1.63154,1.72197997355106,2.60426496004869,0.1266592632354117
7.404,45.06744545788468,37.23821468296523,23.194550007141924,44.11798295939927,36.44217685030859,22.849908142926267,0.926435,0.977789399461106,0.943647459411894,0.1266592632354117
1.1482,44.801201,38.272358,23.265364,43.330318,37.64455,22.841187,1.0489,1.10704291298877,1.39650850956276,0.17706241413251428
1.1483,44.801201,38.272358,23.265364,41.813801,36.422642,22.189848,1.61772,1.70739389951397,2.85032443663536,0.17706241413251428
1.1482,44.801201,38.272358,23.265364,43.330318,37.64455,22.841187,1.0489,1.10704291298877,1.39650850956276,0.23487305435841455
1.1705,44.720165,37.766644,23.12565,41.036758,36.816265,22.133057,1.68676,1.78026094376294,3.41544089851318,0.23487305435841455
1.1482,44.801201,38.272358,23.265364,43.330318,37.64455,22.841187,1.0489,1.10704291298877,1.39650850956276,0.1048263274774947
1.1713,44.720165,37.766644,23.12565,47.835133,38.069309,22.399614,1.68676,1.78026094376294,3.05054135781852,0.1048263274774947
1.1482,44.801201,38.272358,23.265364,43.330318,37.64455,22.841187,1.0489,1.10704291298877,1.39650850956276,0.13216368891501232
1.1726,44.720165,37.766644,23.12565,41.614643,38.204678,23.429976,1.68676,1.78026094376294,2.86581021342006,0.13216368891501232
1.1482,44.801201,38.272358,23.265364,43.330318,37.64455,22.841187,1.0489,1.10704291298877,1.39650850956276,0.08080216250314454
1.1734,44.720165,37.766644,23.12565,42.057941,36.92165,25.099762,1.68676,1.78026094376294,2.83060569225389,0.08080216250314454
1.1483,44.801201,38.272358,23.265364,41.813801,36.422642,22.189848,1.61772,1.70739389951397,2.85032443663536,0.16008158606096234
1.1494,44.801201,38.272358,23.265364,44.390274,39.248653,22.117399,1.43763,1.51732110115364,1.04082526099156,0.16008158606096234
1.1483,44.801201,38.272358,23.265364,41.813801,36.422642,22.189848,1.61772,1.70739389951397,2.85032443663536,0.2817018788658255
1.1496,44.801201,38.272358,23.265364,43.551208,38.391315,22.027452,1.69283,1.78666741767069,1.39099723183746,0.2817018788658255
1.1483,44.801201,38.272358,23.265364,41.813801,36.422642,22.189848,1.61772,1.70739389951397,2.85032443663536,0.051107362213227855
1.1498,44.801201,38.272358,23.265364,43.077972,37.676849,22.305689,1.25748,1.32718497685682,1.67479553240149,0.051107362213227855
1.1483,44.801201,38.272358,23.265364,41.813801,36.422642,22.189848,1.61772,1.70739389951397,2.85032443663536,0.5055253137476969
1.1691,44.720165,37.766644,23.12565,43.730396,35.689289,21.568848,1.35877,1.43408971196659,1.28922916156338,0.5055253137476969
1.1483,44.801201,38.272358,23.265364,41.813801,36.422642,22.189848,1.61772,1.70739389951397,2.85032443663536,0.07067105760809937
1.1693,44.720165,37.766644,23.12565,45.151043,35.480148,23.348991,1.0134,1.06957506723503,1.19385939335222,0.07067105760809937
1.1483,44.801201,38.272358,23.265364,41.813801,36.422642,22.189848,1.61772,1.70739389951397,2.85032443663536,0.6246133173069915
1.1697,44.720165,37.766644,23.12565,43.624477,37.621201,22.009541,1.45565,1.53633999074469,1.19965295589464,0.6246133173069915
1.1483,44.801201,38.272358,23.265364,41.813801,36.422642,22.189848,1.61772,1.70739389951397,2.85032443663536,0.22908665886533494
1.1699,44.720165,37.766644,23.12565,45.043018000000004,39.622589,22.522366,1.17392,1.23899305597844,1.08585340272686,0.22908665886533494
1.1483,44.801201,38.272358,23.265364,41.813801,36.422642,22.189848,1.61772,1.70739389951397,2.85032443663536,0.05328355266433756
1.1703,44.720165,37.766644,23.12565,43.092876,38.027527,22.565903,1.00598,1.06174375975636,1.5681054444156,0.05328355266433756
1.1483,44.801201,38.272358,23.265364,41.813801,36.422642,22.189848,1.61772,1.70739389951397,2.85032443663536,0.05191408656734435
1.1704,44.720165,37.766644,23.12565,43.315536,39.345013,24.183273,1.35877,1.43408971196659,1.45309294742713,0.05191408656734435
1.1483,44.801201,38.272358,23.265364,41.813801,36.422642,22.189848,1.61772,1.70739389951397,2.85032443663536,0.3192808350081787
1.1711,44.720165,37.766644,23.12565,43.959206,34.881966,22.462944,1.45007,1.53045067865157,1.35756516042183,0.3192808350081787
1.1483,44.801201,38.272358,23.265364,41.813801,36.422642,22.189848,1.61772,1.70739389951397,2.85032443663536,0.053128703719399505
1.1721,44.720165,37.766644,23.12565,43.56221,38.508675,22.942991,0.849053,0.896117939176143,1.15259997225044,0.053128703719399505
1.1483,44.801201,38.272358,23.265364,41.813801,36.422642,22.189848,1.61772,1.70739389951397,2.85032443663536,0.07011559246557572
1.1729,44.720165,37.766644,23.12565,43.56221,37.306271,23.892,0.874304,0.92276865954594,1.23155840110445,0.07011559246557572
1.1483,44.801201,38.272358,23.265364,41.813801,36.422642,22.189848,1.61772,1.70739389951397,2.85032443663536,0.05330571137811209
1.1730,44.720165,37.766644,23.12565,43.055603,38.136776,23.582598,1.03659,1.09405054168656,1.56604958375303,0.05330571137811209
1.1483,44.801201,38.272358,23.265364,41.813801,36.422642,22.189848,1.61772,1.70739389951397,2.85032443663536,0.1542014380721355
1.1733,44.720165,37.766644,23.12565,43.525524,36.431755,23.569441,1.00598,1.06174375975636,1.36094568419417,0.1542014380721355
1.1483,44.801201,38.272358,23.265364,41.813801,36.422642,22.189848,1.61772,1.70739389951397,2.85032443663536,0.5066539123216661
4.12,43.870068,35.629742,21.290045,44.072601,37.127289,22.695574,1.126994,1.18946584105336,0.769554419490261,0.5066539123216661
1.1483,44.801201,38.272358,23.265364,41.813801,36.422642,22.189848,1.61772,1.70739389951397,2.85032443663536,0.15839891287703228
4.13,43.449951,38.100449,20.989811,43.626087,37.972427,23.039627,0.987284,1.04201139794757,1.24802879487183,0.15839891287703228
1.1483,44.801201,38.272358,23.265364,41.813801,36.422642,22.189848,1.61772,1.70739389951397,2.85032443663536,0.1941046047630803
4.76,45.099937,36.750183,22.469835,46.181698,36.91983,22.239534,1.145622,1.20912643346747,1.05157489929332,0.1941046047630803
1.1483,44.801201,38.272358,23.265364,41.813801,36.422642,22.189848,1.61772,1.70739389951397,2.85032443663536,0.5126803743618812
4.77,43.600025,37.299789,22.570135,44.974243,37.176563,22.39678,1.359844,1.43522324622967,1.29024390106441,0.5126803743618812
1.1483,44.801201,38.272358,23.265364,41.813801,36.422642,22.189848,1.61772,1.70739389951397,2.85032443663536,0.06970214822536054
4.105,43.81995,37.200417,21.679749,44.566662,37.167774,21.584,0.83826,0.884726658634731,0.700351892324673,0.06970214822536054
1.1483,44.801201,38.272358,23.265364,41.813801,36.422642,22.189848,1.61772,1.70739389951397,2.85032443663536,0.6798913992177735
4.106,43.86005,36.959896,22.410271,44.775291,36.950111,22.187439,1.229448,1.29759909933094,0.867505507831591,0.6798913992177735
1.1483,44.801201,38.272358,23.265364,41.813801,36.422642,22.189848,1.61772,1.70739389951397,2.85032443663536,0.09645256629004254
4.107,43.990017,37.080006,23.210077,45.608574,36.694283,22.471897,1.341216,1.41556265381557,1.57250682058097,0.09645256629004254
1.1483,44.801201,38.272358,23.265364,41.813801,36.422642,22.189848,1.61772,1.70739389951397,2.85032443663536,0.12354145343887622
5.3,44.880054,37.119598,22.940094,46.212364,37.041267,22.777866,1.070955,1.13032047180846,1.2749658582207,0.12354145343887622
1.1483,44.801201,38.272358,23.265364,41.813801,36.422642,22.189848,1.61772,1.70739389951397,2.85032443663536,0.08739861946521828
5.4,44.759933,37.080364,22.879847,46.325886,37.092598,22.812387,1.237548,1.30614810075644,1.49599526230479,0.08739861946521828
1.1483,44.801201,38.272358,23.265364,41.813801,36.422642,22.189848,1.61772,1.70739389951397,2.85032443663536,0.16302324133056798
5.8,44.419933,36.18005,22.549789,44.476891,38.165051,22.633118,0.936094,0.987983819802948,0.866811219141489,0.16302324133056798
1.1483,44.801201,38.272358,23.265364,41.813801,36.422642,22.189848,1.61772,1.70739389951397,2.85032443663536,0.34538963778538995
5.9,44.510017,36.00988,22.309853,44.396122,38.320248,22.87945,1.070955,1.13032047180846,0.908276829574393,0.34538963778538995
1.1483,44.801201,38.272358,23.265364,41.813801,36.422642,22.189848,1.61772,1.70739389951397,2.85032443663536,0.5777482587597852
5.10,44.489975,35.940083,22.349972,44.418793,38.393051,22.841824,1.308945,1.381502798877,0.978364339257622,0.5777482587597852
1.1483,44.801201,38.272358,23.265364,41.813801,36.422642,22.189848,1.61772,1.70739389951397,2.85032443663536,0.2784616920542076
5.13,44.440022,37.059891,21.320107,44.468494,37.088528,22.914507,1.047156,1.1052022391016,0.93706972375273,0.2784616920542076
1.1483,44.801201,38.272358,23.265364,41.813801,36.422642,22.189848,1.61772,1.70739389951397,2.85032443663536,0.38357401990557016
5.14,44.470062,37.049984,21.120243,44.441589,37.090839,23.134239,1.285146,1.35638456617015,1.18231127804555,0.38357401990557016
1.1483,44.801201,38.272358,23.265364,41.813801,36.422642,22.189848,1.61772,1.70739389951397,2.85032443663536,0.11720579857296755
5.18,44.399975,34.690235,20.380014,44.385708,37.214767,22.74987,1.158218,1.22242065840026,1.27062921831743,0.11720579857296755
1.1483,44.801201,38.272358,23.265364,41.813801,36.422642,22.189848,1.61772,1.70739389951397,2.85032443663536,0.06141261414832941
5.20,44.459957,37.570316,21.250092,44.417225,36.541306,22.289186,0.848831,0.895883633211148,0.942605924980504,0.06141261414832941
1.1483,44.801201,38.272358,23.265364,41.813801,36.422642,22.189848,1.61772,1.70739389951397,2.85032443663536,0.13720336718741452
5.21,44.500069,37.659645,21.260138,44.386135,36.4664,22.274618,0.936094,0.987983819802948,0.995990787347523,0.13720336718741452
1.1483,44.801201,38.272358,23.265364,41.813801,36.422642,22.189848,1.61772,1.70739389951397,2.85032443663536,0.3466235854129091
5.22,44.449993,37.710121,21.169832,44.435749,36.423412,22.37541,1.158218,1.22242065840026,1.12715683194151,0.3466235854129091
1.1483,44.801201,38.272358,23.265364,41.813801,36.422642,22.189848,1.61772,1.70739389951397,2.85032443663536,0.25591764551214413
5.23,44.480019,37.719929,20.979906,44.394554,36.395611,22.567541,1.380342,1.45685749699757,1.35091214089471,0.25591764551214413
1.1483,44.801201,38.272358,23.265364,41.813801,36.422642,22.189848,1.61772,1.70739389951397,2.85032443663536,0.34575998381342127
5.26,43.449951,35.7103,22.719934,44.406105,36.882622,22.633024,1.023357,1.08008400639475,1.0550257041602,0.34575998381342127
1.1483,44.801201,38.272358,23.265364,41.813801,36.422642,22.189848,1.61772,1.70739389951397,2.85032443663536,0.6807384870238978
5.27,43.449951,35.560188,22.639994,44.391842,37.037529,22.73987,1.237548,1.30614810075644,1.08913506367349,0.6807384870238978
1.1483,44.801201,38.272358,23.265364,41.813801,36.422642,22.189848,1.61772,1.70739389951397,2.85032443663536,0.3641482211629242
5.29,44.330009,37.199749,23.160069,43.78183,37.969376,23.073114,1.070955,1.13032047180846,0.634188057383681,0.3641482211629242
1.1483,44.801201,38.272358,23.265364,41.813801,36.422642,22.189848,1.61772,1.70739389951397,2.85032443663536,0.19157724190732311
5.30,45.350056,36.019573,23.100149,44.32386,37.201443,23.160089,1.42794,1.50709396241128,1.10060055129705,0.19157724190732311
1.1483,44.801201,38.272358,23.265364,41.813801,36.422642,22.189848,1.61772,1.70739389951397,2.85032443663536,0.1519164366818958
5.31,45.229973,36.590229,23.069777,43.780373,37.969959,23.060562,1.800791,1.90061294148533,1.49856678092753,0.1519164366818958
1.1483,44.801201,38.272358,23.265364,41.813801,36.422642,22.189848,1.61772,1.70739389951397,2.85032443663536,0.1933063573739509
5.32,43.95993,37.0205,22.63007,44.376717,37.008488,23.037443,0.936094,0.987983819802948,0.459220089571616,0.1933063573739509
1.1483,44.801201,38.272358,23.265364,41.813801,36.422642,22.189848,1.61772,1.70739389951397,2.85032443663536,0.510747526164817
5.33,43.899956,37.030128,22.490103,44.417511,36.98003,23.17672,1.102687,1.16381144875093,0.638802995769043,0.510747526164817
1.1483,44.801201,38.272358,23.265364,41.813801,36.422642,22.189848,1.61772,1.70739389951397,2.85032443663536,0.8271198147803436
5.34,43.759983,37.000278,22.37995,44.56496,37.031937,23.284607,1.340677,1.41499377581948,0.91776648364448,0.8271198147803436
1.1483,44.801201,38.272358,23.265364,41.813801,36.422642,22.189848,1.61772,1.70739389951397,2.85032443663536,0.08187428822669919
5.35,43.370056,37.029957,22.269957,44.965286,36.990047,23.413904,1.800791,1.90061294148533,1.64083021643964,0.08187428822669919
1.1483,44.801201,38.272358,23.265364,41.813801,36.422642,22.189848,1.61772,1.70739389951397,2.85032443663536,0.22800638677289842
5.37,45.219978,37.020203,22.339933,44.218014,37.151577,23.296185,1.023357,1.08008400639475,1.0849785346728,0.22800638677289842
1.1483,44.801201,38.272358,23.265364,41.813801,36.422642,22.189848,1.61772,1.70739389951397,2.85032443663536,0.42578613386585834
5.38,45.259933,37.10017,22.099951,44.173214,37.137138,23.219437,1.308945,1.381502798877,1.21400281575858,0.42578613386585834
1.1483,44.801201,38.272358,23.265364,41.813801,36.422642,22.189848,1.61772,1.70739389951397,2.85032443663536,0.10113538023135352
5.41,43.81995,37.200417,21.679749,44.566662,37.167774,21.584,0.87263,0.921001865918003,0.700351892324673,0.10113538023135352
1.1483,44.801201,38.272358,23.265364,41.813801,36.422642,22.189848,1.61772,1.70739389951397,2.85032443663536,0.7189924830561057
5.42,43.86005,36.959896,22.410271,44.775291,36.950111,22.187439,1.26928,1.33963907769891,0.867505507831591,0.7189924830561057
1.1483,44.801201,38.272358,23.265364,41.813801,36.422642,22.189848,1.61772,1.70739389951397,2.85032443663536,0.1115606929231876
6.63,41.86,35.78,20.33,41.87608329606219,37.16517387335597,21.787548705635807,1.02,1.0765409202484,0.765463335607253,0.1115606929231876
1.1483,44.801201,38.272358,23.265364,41.813801,36.422642,22.189848,1.61772,1.70739389951397,2.85032443663536,0.3444883098076116
6.65,43.11,35.49,22.27,43.99727809141985,36.41270480287401,23.247455175121324,1.02,1.0765409202484,0.961519585938287,0.3444883098076116
1.1483,44.801201,38.272358,23.265364,41.813801,36.422642,22.189848,1.61772,1.70739389951397,2.85032443663536,0.11432927848793957
6.67,43.35,35.28,22.09,42.534454807058474,36.21159743287278,23.08677745803963,1.02,1.0765409202484,0.905754223976326,0.11432927848793957
1.1483,44.801201,38.272358,23.265364,41.813801,36.422642,22.189848,1.61772,1.70739389951397,2.85032443663536,0.11225385088869404
6.221,43.11,35.49,22.27,42.222721908580155,34.567295197126036,21.29254482487868,1.02,1.0765409202484,0.958211704449146,0.11225385088869404
1.1483,44.801201,38.272358,23.265364,41.813801,36.422642,22.189848,1.61772,1.70739389951397,2.85032443663536,0.06225354787512975
6.222,43.99,34.57,23.34,43.55701213021789,35.08670485915788,22.74317888219222,1.02,1.0765409202484,0.665218210571036,0.06225354787512975
1.1483,44.801201,38.272358,23.265364,41.813801,36.422642,22.189848,1.61772,1.70739389951397,2.85032443663536,0.16044328670497496
6.224,42.93,35.16,23.56,43.50021798331866,35.57265775108587,22.525854666218127,1.02,1.0765409202484,0.90483557540355,0.16044328670497496
1.1483,44.801201,38.272358,23.265364,41.813801,36.422642,22.189848,1.61772,1.70739389951397,2.85032443663536,0.14944142633627477
7.92,44.57517149224873,36.95897623838063,23.023442749720434,44.58934775569448,39.080708778986896,25.054252197224102,0.982452,1.03691154919596,1.02575885376779,0.14944142633627477
1.1483,44.801201,38.272358,23.265364,41.813801,36.422642,22.189848,1.61772,1.70739389951397,2.85032443663536,0.1314781740999466
7.93,44.57517149224873,36.95897623838063,23.023442749720434,44.57517149224873,39.728474247960776,25.63231821607862,1.146194,1.20973014072862,1.31466287228764,0.1314781740999466
1.1483,44.801201,38.272358,23.265364,41.813801,36.422642,22.189848,1.61772,1.70739389951397,2.85032443663536,0.10498838413390806
7.97,44.57517149224873,36.95897623838063,23.023442749720434,44.4615217478265,34.784355536444046,21.295253235925372,0.956598,1.00962440316449,0.983420283320989,0.10498838413390806
1.1483,44.801201,38.272358,23.265364,41.813801,36.422642,22.189848,1.61772,1.70739389951397,2.85032443663536,0.05529324333630201
7.102,44.57517149224873,36.95897623838063,23.023442749720434,44.518399976803536,38.5199617316504,21.88088040056766,0.870418,0.918667249726248,1.19499950376923,0.05529324333630201
1.1483,44.801201,38.272358,23.265364,41.813801,36.422642,22.189848,1.61772,1.70739389951397,2.85032443663536,0.10908710820109709
7.103,44.57517149224873,36.95897623838063,23.023442749720434,44.60351738852064,38.781692490523824,21.74678819275404,1.029851,1.086937983587,1.36167413851559,0.10908710820109709
1.1483,44.801201,38.272358,23.265364,41.813801,36.422642,22.189848,1.61772,1.70739389951397,2.85032443663536,0.10966905539072297
7.111,44.57517149224873,36.95897623838063,23.023442749720434,45.455625795399975,37.534170935574984,23.294607914993804,0.913508,0.964145826445369,0.8621086350459,0.10966905539072297
1.1483,44.801201,38.272358,23.265364,41.813801,36.422642,22.189848,1.61772,1.70739389951397,2.85032443663536,0.21228941096832635
7.112,44.57517149224873,36.95897623838063,23.023442749720434,45.67525911468617,37.772985385557675,23.457170351200073,1.029851,1.086937983587,1.08944222284532,0.21228941096832635
1.1483,44.801201,38.272358,23.265364,41.813801,36.422642,22.189848,1.61772,1.70739389951397,2.85032443663536,0.2621179900559109
7.113,44.57517149224873,36.95897623838063,23.023442749720434,45.90691825034913,37.77152031503201,23.52961375158339,1.219447,1.28704372115113,1.30608321910391,0.2621179900559109
1.1483,44.801201,38.272358,23.265364,41.813801,36.422642,22.189848,1.61772,1.70739389951397,2.85032443663536,0.0753947178800639
7.116,44.57517149224873,36.95897623838063,23.023442749720434,43.69756372940281,36.53792507620707,22.597239207905815,0.827328,0.873188673007127,0.848819357595633,0.0753947178800639
1.1483,44.801201,38.272358,23.265364,41.813801,36.422642,22.189848,1.61772,1.70739389951397,2.85032443663536,0.37021693291704844
7.117,44.57517149224873,36.95897623838063,23.023442749720434,43.43360642568766,36.173492413329456,22.566770196731134,1.03416,1.09148584125891,1.10901620179134,0.37021693291704844
1.1483,44.801201,38.272358,23.265364,41.813801,36.422642,22.189848,1.61772,1.70739389951397,2.85032443663536,0.29474058924695085
7.118,44.57517149224873,36.95897623838063,23.023442749720434,43.10777397801501,35.995247030617236,22.45824415660518,1.197902,1.26430443279157,1.41769205273371,0.29474058924695085
1.1483,44.801201,38.272358,23.265364,41.813801,36.422642,22.189848,1.61772,1.70739389951397,2.85032443663536,0.11888671172789668
7.188,44.56098859042097,37.901998034951035,24.026156614974514,44.44728545774344,35.9748809105665,22.07321940794642,0.90489,0.955050111101545,1.00102302341556,0.11888671172789668
1.1483,44.801201,38.272358,23.265364,41.813801,36.422642,22.189848,1.61772,1.70739389951397,2.85032443663536,0.10923438785607223
7.207,44.56098859042097,38.573724315756394,24.555576237150024,44.57517149224873,35.39963351280417,21.68765529136163,1.279773,1.3507137285579,1.5059249263214,0.10923438785607223
1.1483,44.801201,38.272358,23.265364,41.813801,36.422642,22.189848,1.61772,1.70739389951397,2.85032443663536,0.1437300468992932
7.209,44.56098859042097,38.573724315756394,24.555576237150024,44.34744313390436,36.02380869130917,23.779829262379405,0.969525,1.02326797618023,1.00400707881983,0.1437300468992932
1.1483,44.801201,38.272358,23.265364,41.813801,36.422642,22.189848,1.61772,1.70739389951397,2.85032443663536,0.4395892454679737
7.211,44.56098859042097,38.573724315756394,24.555576237150024,43.69756372940281,36.53801632030218,22.59692718339512,1.189284,1.25520871744775,1.28355966155084,0.4395892454679737
1.1483,44.801201,38.272358,23.265364,41.813801,36.422642,22.189848,1.61772,1.70739389951397,2.85032443663536,0.09702571146745943
7.233,44.58934775569448,39.08073030870446,25.054230400583457,44.518399976803536,35.47269278352355,24.026488381628653,1.240992,1.30978300951069,1.40644163864245,0.09702571146745943
1.1483,44.801201,38.272358,23.265364,41.813801,36.422642,22.189848,1.61772,1.70739389951397,2.85032443663536,0.09058688461457663
7.280,44.44728545774344,35.97521859456376,22.0733607846343,45.06744545788468,37.23867021462868,23.19477644893174,0.870418,0.918667249726248,0.837074101389706,0.09058688461457663
1.1483,44.801201,38.272358,23.265364,41.813801,36.422642,22.189848,1.61772,1.70739389951397,2.85032443663536,0.13993677756255316
7.293,44.57517149224873,35.399492389150744,21.68787369451971,44.518399976803536,38.07468663998459,22.14021362742622,0.969525,1.02326797618023,1.084991068374,0.13993677756255316
1.1483,44.801201,38.272358,23.265364,41.813801,36.422642,22.189848,1.61772,1.70739389951397,2.85032443663536,0.07818323631238565
7.308,44.4615217478265,34.783956280290965,21.295021322673925,44.518399976803536,38.51956503140119,21.880641516943243,1.318554,1.39164444760511,1.52184417869081,0.07818323631238565
1.1483,44.801201,38.272358,23.265364,41.813801,36.422642,22.189848,1.61772,1.70739389951397,2.85032443663536,0.051857622708835295
7.335,44.404536302425136,37.80375851325402,22.44909429574582,44.489974232848624,36.19433333381444,23.538383061525536,0.870418,0.918667249726248,1.20554952451562,0.051857622708835295
1.1483,44.801201,38.272358,23.265364,41.813801,36.422642,22.189848,1.61772,1.70739389951397,2.85032443663536,0.07175508803023449
7.353,44.518399976803536,38.519666028744126,21.880905505662586,43.43360642568766,36.17320578683514,22.566793419178723,1.370262,1.44621873966805,1.65164770528742,0.07175508803023449
1.1483,44.801201,38.272358,23.265364,41.813801,36.422642,22.189848,1.61772,1.70739389951397,2.85032443663536,0.17431254282204242
7.382,44.34744313390436,36.02371776774294,23.780033708416347,45.455625795399975,37.53417018065136,23.294493932593664,1.167739,1.23246942908818,1.36831160428229,0.17431254282204242
1.1483,44.801201,38.272358,23.265364,41.813801,36.422642,22.189848,1.61772,1.70739389951397,2.85032443663536,0.1265300400733615
7.383,44.34744313390436,36.02371776774294,23.780033708416347,43.69756372940281,36.53792439851406,22.597128484669902,0.909199,0.959597968773457,1.04414862934801,0.1265300400733615
1.1483,44.801201,38.272358,23.265364,41.813801,36.422642,22.189848,1.61772,1.70739389951397,2.85032443663536,0.16963366053577192
7.404,45.06744545788468,37.23821468296523,23.194550007141924,44.11798295939927,36.44217685030859,22.849908142926267,0.926435,0.977789399461106,0.943647459411894,0.16963366053577192
1.1484,44.801201,38.272358,23.265364,46.096401,38.530846,23.947065,1.241,1.30979145296889,1.28290756644005,0.23554836872417478
1.1485,44.801201,38.272358,23.265364,47.700783,40.00211,24.350201,1.83677,1.93858633929868,2.87702318050197,0.23554836872417478
1.1484,44.801201,38.272358,23.265364,46.096401,38.530846,23.947065,1.241,1.30979145296889,1.28290756644005,0.17691163321706221
1.1486,44.801201,38.272358,23.265364,47.417435,40.011112,24.19216,1.46743,1.54877298294129,2.60157435399653,0.17691163321706221
1.1484,44.801201,38.272358,23.265364,46.096401,38.530846,23.947065,1.241,1.30979145296889,1.28290756644005,0.14554900654101363
1.1692,44.720165,37.766644,23.12565,48.579742,36.674446,22.534721,1.82541,1.92659662865749,3.770297917356,0.14554900654101363
1.1484,44.801201,38.272358,23.265364,46.096401,38.530846,23.947065,1.241,1.30979145296889,1.28290756644005,0.05820986369192921
1.1705,44.720165,37.766644,23.12565,41.036758,36.816265,22.133057,1.68676,1.78026094376294,3.41544089851318,0.05820986369192921
1.1484,44.801201,38.272358,23.265364,46.096401,38.530846,23.947065,1.241,1.30979145296889,1.28290756644005,0.5259659495431115
1.1713,44.720165,37.766644,23.12565,47.835133,38.069309,22.399614,1.68676,1.78026094376294,3.05054135781852,0.5259659495431115
1.1484,44.801201,38.272358,23.265364,46.096401,38.530846,23.947065,1.241,1.30979145296889,1.28290756644005,0.10864744174108475
1.1719,44.720165,37.766644,23.12565,41.696815,38.757702,22.729319,1.82541,1.92659662865749,2.84900831347832,0.10864744174108475
1.1484,44.801201,38.272358,23.265364,46.096401,38.530846,23.947065,1.241,1.30979145296889,1.28290756644005,0.1901733083764674
1.1726,44.720165,37.766644,23.12565,41.614643,38.204678,23.429976,1.68676,1.78026094376294,2.86581021342006,0.1901733083764674
1.1484,44.801201,38.272358,23.265364,46.096401,38.530846,23.947065,1.241,1.30979145296889,1.28290756644005,0.06878662619482898
7.361,44.60351738852064,38.78155571208269,21.746543197241397,44.489974232848624,35.28218457991533,24.28917730304483,1.620184,1.70999448463896,2.70544683885885,0.06878662619482898
1.1485,44.801201,38.272358,23.265364,47.700783,40.00211,24.350201,1.83677,1.93858633929868,2.87702318050197,0.07721984499852329
1.1487,44.801201,38.272358,23.265364,46.458607,39.681278,23.704124,1.48951,1.57207692756784,1.66892818317973,0.07721984499852329
1.1485,44.801201,38.272358,23.265364,47.700783,40.00211,24.350201,1.83677,1.93858633929868,2.87702318050197,0.0819309949408905
1.1489,44.801201,38.272358,23.265364,46.15033,39.788517,23.014376,1.19068,1.2566821009033,1.48893173807032,0.0819309949408905
1.1485,44.801201,38.272358,23.265364,47.700783,40.00211,24.350201,1.83677,1.93858633929868,2.87702318050197,0.31264468316359983
1.1492,44.801201,38.272358,23.265364,45.524429,39.906815,22.660521,1.31404,1.38688022631687,1.16870249225533,0.31264468316359983
1.1485,44.801201,38.272358,23.265364,47.700783,40.00211,24.350201,1.83677,1.93858633929868,2.87702318050197,0.08786102441041885
1.1494,44.801201,38.272358,23.265364,44.390274,39.248653,22.117399,1.43763,1.51732110115364,1.04082526099156,0.08786102441041885
1.1485,44.801201,38.272358,23.265364,47.700783,40.00211,24.350201,1.83677,1.93858633929868,2.87702318050197,0.09149407553931294
1.1697,44.720165,37.766644,23.12565,43.624477,37.621201,22.009541,1.45565,1.53633999074469,1.19965295589464,0.09149407553931294
1.1485,44.801201,38.272358,23.265364,47.700783,40.00211,24.350201,1.83677,1.93858633929868,2.87702318050197,0.09878079283379904
1.1699,44.720165,37.766644,23.12565,45.043018000000004,39.622589,22.522366,1.17392,1.23899305597844,1.08585340272686,0.09878079283379904
1.1485,44.801201,38.272358,23.265364,47.700783,40.00211,24.350201,1.83677,1.93858633929868,2.87702318050197,0.05218464588977287
1.1727,44.720165,37.766644,23.12565,45.32793,37.76984,25.223213,1.17392,1.23899305597844,1.34655882795068,0.05218464588977287
1.1485,44.801201,38.272358,23.265364,47.700783,40.00211,24.350201,1.83677,1.93858633929868,2.87702318050197,0.12060053769616459
7.113,44.57517149224873,36.95897623838063,23.023442749720434,45.90691825034913,37.77152031503201,23.52961375158339,1.219447,1.28704372115113,1.30608321910391,0.12060053769616459
1.1485,44.801201,38.272358,23.265364,47.700783,40.00211,24.350201,1.83677,1.93858633929868,2.87702318050197,0.05198583478486833
7.211,44.56098859042097,38.573724315756394,24.555576237150024,43.69756372940281,36.53801632030218,22.59692718339512,1.189284,1.25520871744775,1.28355966155084,0.05198583478486833
1.1486,44.801201,38.272358,23.265364,47.417435,40.011112,24.19216,1.46743,1.54877298294129,2.60157435399653,0.27798776004503917
1.1492,44.801201,38.272358,23.265364,45.524429,39.906815,22.660521,1.31404,1.38688022631687,1.16870249225533,0.27798776004503917
1.1486,44.801201,38.272358,23.265364,47.417435,40.011112,24.19216,1.46743,1.54877298294129,2.60157435399653,0.1202731049411741
1.1494,44.801201,38.272358,23.265364,44.390274,39.248653,22.117399,1.43763,1.51732110115364,1.04082526099156,0.1202731049411741
1.1486,44.801201,38.272358,23.265364,47.417435,40.011112,24.19216,1.46743,1.54877298294129,2.60157435399653,0.06538380878323394
1.1697,44.720165,37.766644,23.12565,43.624477,37.621201,22.009541,1.45565,1.53633999074469,1.19965295589464,0.06538380878323394
1.1486,44.801201,38.272358,23.265364,47.417435,40.011112,24.19216,1.46743,1.54877298294129,2.60157435399653,0.27337759464635786
1.1699,44.720165,37.766644,23.12565,45.043018000000004,39.622589,22.522366,1.17392,1.23899305597844,1.08585340272686,0.27337759464635786
1.1486,44.801201,38.272358,23.265364,47.417435,40.011112,24.19216,1.46743,1.54877298294129,2.60157435399653,0.1373681843767269
1.1706,44.720165,37.766644,23.12565,45.265617,38.938438,23.197872,0.764178,0.806538124856454,0.71564173967275,0.1373681843767269
1.1486,44.801201,38.272358,23.265364,47.417435,40.011112,24.19216,1.46743,1.54877298294129,2.60157435399653,0.18783497428002166
1.1722,44.720165,37.766644,23.12565,45.431507,39.545952,24.802692,0.866273,0.914292482947396,1.08366777119223,0.18783497428002166
1.1486,44.801201,38.272358,23.265364,47.417435,40.011112,24.19216,1.46743,1.54877298294129,2.60157435399653,0.31012772739174144
1.1724,44.720165,37.766644,23.12565,45.248283,39.168568,24.355015,0.874304,0.92276865954594,0.81134984148713,0.31012772739174144
1.1486,44.801201,38.272358,23.265364,47.417435,40.011112,24.19216,1.46743,1.54877298294129,2.60157435399653,0.1571271483266197
1.1813,44.730747,37.294174,23.309671,45.414268,37.658691,23.715281,0.842586,0.889292458655313,0.678541454913634,0.1571271483266197
1.1486,44.801201,38.272358,23.265364,47.417435,40.011112,24.19216,1.46743,1.54877298294129,2.60157435399653,0.08457109870093525
4.76,45.099937,36.750183,22.469835,46.181698,36.91983,22.239534,1.145622,1.20912643346747,1.05157489929332,0.08457109870093525
1.1486,44.801201,38.272358,23.265364,47.417435,40.011112,24.19216,1.46743,1.54877298294129,2.60157435399653,0.06684668146727651
5.2,45.140049,36.999737,22.880068,45.936909,37.190865,22.82316,0.785367,0.828901679326202,0.768520324510237,0.06684668146727651
1.1486,44.801201,38.272358,23.265364,47.417435,40.011112,24.19216,1.46743,1.54877298294129,2.60157435399653,0.050582654262019244
5.3,44.880054,37.119598,22.940094,46.212364,37.041267,22.777866,1.070955,1.13032047180846,1.2749658582207,0.050582654262019244
1.1486,44.801201,38.272358,23.265364,47.417435,40.011112,24.19216,1.46743,1.54877298294129,2.60157435399653,0.051769947105111076
5.29,44.330009,37.199749,23.160069,43.78183,37.969376,23.073114,1.070955,1.13032047180846,0.634188057383681,0.051769947105111076
1.1486,44.801201,38.272358,23.265364,47.417435,40.011112,24.19216,1.46743,1.54877298294129,2.60157435399653,0.05466752225723071
5.34,43.759983,37.000278,22.37995,44.56496,37.031937,23.284607,1.340677,1.41499377581948,0.91776648364448,0.05466752225723071
1.1486,44.801201,38.272358,23.265364,47.417435,40.011112,24.19216,1.46743,1.54877298294129,2.60157435399653,0.11359606240963313
7.91,44.57517149224873,36.95897623838063,23.023442749720434,44.56098859042097,38.573629232545095,24.55590075641114,0.81871,0.864092957663303,0.780254950052494,0.11359606240963313
1.1486,44.801201,38.272358,23.265364,47.417435,40.011112,24.19216,1.46743,1.54877298294129,2.60157435399653,0.19801264858414014
7.92,44.57517149224873,36.95897623838063,23.023442749720434,44.58934775569448,39.080708778986896,25.054252197224102,0.982452,1.03691154919596,1.02575885376779,0.19801264858414014
1.1486,44.801201,38.272358,23.265364,47.417435,40.011112,24.19216,1.46743,1.54877298294129,2.60157435399653,0.06174679557503284
7.93,44.57517149224873,36.95897623838063,23.023442749720434,44.57517149224873,39.728474247960776,25.63231821607862,1.146194,1.20973014072862,1.31466287228764,0.06174679557503284
1.1486,44.801201,38.272358,23.265364,47.417435,40.011112,24.19216,1.46743,1.54877298294129,2.60157435399653,0.1682149900619966
7.111,44.57517149224873,36.95897623838063,23.023442749720434,45.455625795399975,37.534170935574984,23.294607914993804,0.913508,0.964145826445369,0.8621086350459,0.1682149900619966
1.1486,44.801201,38.272358,23.265364,47.417435,40.011112,24.19216,1.46743,1.54877298294129,2.60157435399653,0.21656899239164695
7.112,44.57517149224873,36.95897623838063,23.023442749720434,45.67525911468617,37.772985385557675,23.457170351200073,1.029851,1.086937983587,1.08944222284532,0.21656899239164695
1.1486,44.801201,38.272358,23.265364,47.417435,40.011112,24.19216,1.46743,1.54877298294129,2.60157435399653,0.10246639924985393
7.113,44.57517149224873,36.95897623838063,23.023442749720434,45.90691825034913,37.77152031503201,23.52961375158339,1.219447,1.28704372115113,1.30608321910391,0.10246639924985393
1.1486,44.801201,38.272358,23.265364,47.417435,40.011112,24.19216,1.46743,1.54877298294129,2.60157435399653,0.061879763692247576
7.188,44.56098859042097,37.901998034951035,24.026156614974514,44.44728545774344,35.9748809105665,22.07321940794642,0.90489,0.955050111101545,1.00102302341556,0.061879763692247576
1.1486,44.801201,38.272358,23.265364,47.417435,40.011112,24.19216,1.46743,1.54877298294129,2.60157435399653,0.13851792463380322
7.209,44.56098859042097,38.573724315756394,24.555576237150024,44.34744313390436,36.02380869130917,23.779829262379405,0.969525,1.02326797618023,1.00400707881983,0.13851792463380322
1.1486,44.801201,38.272358,23.265364,47.417435,40.011112,24.19216,1.46743,1.54877298294129,2.60157435399653,0.13158074571636566
7.210,44.56098859042097,38.573724315756394,24.555576237150024,45.455625795399975,37.53426466326909,23.294286720622015,0.917817,0.968693684117282,1.04627280180266,0.13158074571636566
1.1486,44.801201,38.272358,23.265364,47.417435,40.011112,24.19216,1.46743,1.54877298294129,2.60157435399653,0.06489715993787176
7.211,44.56098859042097,38.573724315756394,24.555576237150024,43.69756372940281,36.53801632030218,22.59692718339512,1.189284,1.25520871744775,1.28355966155084,0.06489715993787176
1.1486,44.801201,38.272358,23.265364,47.417435,40.011112,24.19216,1.46743,1.54877298294129,2.60157435399653,0.07238960882755066
7.404,45.06744545788468,37.23821468296523,23.194550007141924,44.11798295939927,36.44217685030859,22.849908142926267,0.926435,0.977789399461106,0.943647459411894,0.07238960882755066
1.1487,44.801201,38.272358,23.265364,46.458607,39.681278,23.704124,1.48951,1.57207692756784,1.66892818317973,0.1500505737870444
1.1692,44.720165,37.766644,23.12565,48.579742,36.674446,22.534721,1.82541,1.92659662865749,3.770297917356,0.1500505737870444
1.1487,44.801201,38.272358,23.265364,46.458607,39.681278,23.704124,1.48951,1.57207692756784,1.66892818317973,0.21049642296365614
1.1713,44.720165,37.766644,23.12565,47.835133,38.069309,22.399614,1.68676,1.78026094376294,3.05054135781852,0.21049642296365614
1.1488,44.801201,38.272358,23.265364,47.623756,41.088566,23.442972,2.27981,2.4061850543054,2.95982521147888,0.07310874330097275
1.1493,44.801201,38.272358,23.265364,44.716637,40.241558,21.71384,1.79828,1.89796275104343,1.53359964315116,0.07310874330097275
1.1489,44.801201,38.272358,23.265364,46.15033,39.788517,23.014376,1.19068,1.2566821009033,1.48893173807032,0.30011592822539906
1.1713,44.720165,37.766644,23.12565,47.835133,38.069309,22.399614,1.68676,1.78026094376294,3.05054135781852,0.30011592822539906
1.1490,44.801201,38.272358,23.265364,46.163795,40.41777,22.590284,1.72624,1.8219294099702,1.75777452347296,0.09498106272365728
1.1713,44.720165,37.766644,23.12565,47.835133,38.069309,22.399614,1.68676,1.78026094376294,3.05054135781852,0.09498106272365728
1.1492,44.801201,38.272358,23.265364,45.524429,39.906815,22.660521,1.31404,1.38688022631687,1.16870249225533,0.4446542336780594
1.1713,44.720165,37.766644,23.12565,47.835133,38.069309,22.399614,1.68676,1.78026094376294,3.05054135781852,0.4446542336780594
1.1492,44.801201,38.272358,23.265364,45.524429,39.906815,22.660521,1.31404,1.38688022631687,1.16870249225533,0.06396793819977523
1.1719,44.720165,37.766644,23.12565,41.696815,38.757702,22.729319,1.82541,1.92659662865749,2.84900831347832,0.06396793819977523
1.1492,44.801201,38.272358,23.265364,45.524429,39.906815,22.660521,1.31404,1.38688022631687,1.16870249225533,0.2116102224787201
7.361,44.60351738852064,38.78155571208269,21.746543197241397,44.489974232848624,35.28218457991533,24.28917730304483,1.620184,1.70999448463896,2.70544683885885,0.2116102224787201
1.1493,44.801201,38.272358,23.265364,44.716637,40.241558,21.71384,1.79828,1.89796275104343,1.53359964315116,0.08635350852088125
1.1713,44.720165,37.766644,23.12565,47.835133,38.069309,22.399614,1.68676,1.78026094376294,3.05054135781852,0.08635350852088125
1.1493,44.801201,38.272358,23.265364,44.716637,40.241558,21.71384,1.79828,1.89796275104343,1.53359964315116,0.05487559754197051
1.1719,44.720165,37.766644,23.12565,41.696815,38.757702,22.729319,1.82541,1.92659662865749,2.84900831347832,0.05487559754197051
1.1494,44.801201,38.272358,23.265364,44.390274,39.248653,22.117399,1.43763,1.51732110115364,1.04082526099156,0.36399396152066993
1.1497,44.801201,38.272358,23.265364,41.969048,37.887436,21.214329,1.90597,2.01162225271161,2.84874093825247,0.36399396152066993
1.1494,44.801201,38.272358,23.265364,44.390274,39.248653,22.117399,1.43763,1.51732110115364,1.04082526099156,0.09071106461799523
1.1705,44.720165,37.766644,23.12565,41.036758,36.816265,22.133057,1.68676,1.78026094376294,3.41544089851318,0.09071106461799523
1.1494,44.801201,38.272358,23.265364,44.390274,39.248653,22.117399,1.43763,1.51732110115364,1.04082526099156,0.2243057835570365
1.1713,44.720165,37.766644,23.12565,47.835133,38.069309,22.399614,1.68676,1.78026094376294,3.05054135781852,0.2243057835570365
1.1494,44.801201,38.272358,23.265364,44.390274,39.248653,22.117399,1.43763,1.51732110115364,1.04082526099156,0.47383273203522647
1.1719,44.720165,37.766644,23.12565,41.696815,38.757702,22.729319,1.82541,1.92659662865749,2.84900831347832,0.47383273203522647
1.1494,44.801201,38.272358,23.265364,44.390274,39.248653,22.117399,1.43763,1.51732110115364,1.04082526099156,0.35776874906138556
1.1726,44.720165,37.766644,23.12565,41.614643,38.204678,23.429976,1.68676,1.78026094376294,2.86581021342006,0.35776874906138556
1.1494,44.801201,38.272358,23.265364,44.390274,39.248653,22.117399,1.43763,1.51732110115364,1.04082526099156,0.08394899616310281
7.351,44.518399976803536,38.519666028744126,21.880905505662586,44.518399976803536,35.472383338272905,24.026531908961612,1.409043,1.48714945871526,2.31925786195933,0.08394899616310281
1.1494,44.801201,38.272358,23.265364,44.390274,39.248653,22.117399,1.43763,1.51732110115364,1.04082526099156,0.32236210314667896
7.361,44.60351738852064,38.78155571208269,21.746543197241397,44.489974232848624,35.28218457991533,24.28917730304483,1.620184,1.70999448463896,2.70544683885885,0.32236210314667896
1.1494,44.801201,38.272358,23.265364,44.390274,39.248653,22.117399,1.43763,1.51732110115364,1.04082526099156,0.08279184330701453
7.417,45.90691825034913,37.77115311636092,23.52933956192629,43.10777397801501,35.99489637404085,22.457982490321005,2.055393,2.16932810950208,2.72332209281723,0.08279184330701453
1.1495,44.801201,38.272358,23.265364,43.433605,39.319481,21.156086,2.1101,2.22706764295701,1.98781666588946,0.07246807699360394
1.1705,44.720165,37.766644,23.12565,41.036758,36.816265,22.133057,1.68676,1.78026094376294,3.41544089851318,0.07246807699360394
1.1496,44.801201,38.272358,23.265364,43.551208,38.391315,22.027452,1.69283,1.78666741767069,1.39099723183746,0.38057151474814294
1.1497,44.801201,38.272358,23.265364,41.969048,37.887436,21.214329,1.90597,2.01162225271161,2.84874093825247,0.38057151474814294
1.1496,44.801201,38.272358,23.265364,43.551208,38.391315,22.027452,1.69283,1.78666741767069,1.39099723183746,0.3380710491012505
1.1499,44.801201,38.272358,23.265364,41.673363,36.111137,22.008919,2.03366,2.14639039987487,3.00546643221302,0.3380710491012505
1.1496,44.801201,38.272358,23.265364,43.551208,38.391315,22.027452,1.69283,1.78666741767069,1.39099723183746,0.5154269010683217
1.1705,44.720165,37.766644,23.12565,41.036758,36.816265,22.133057,1.68676,1.78026094376294,3.41544089851318,0.5154269010683217
1.1496,44.801201,38.272358,23.265364,43.551208,38.391315,22.027452,1.69283,1.78666741767069,1.39099723183746,0.3653768245425765
1.1719,44.720165,37.766644,23.12565,41.696815,38.757702,22.729319,1.82541,1.92659662865749,2.84900831347832,0.3653768245425765
1.1496,44.801201,38.272358,23.265364,43.551208,38.391315,22.027452,1.69283,1.78666741767069,1.39099723183746,0.3406822069617863
1.1726,44.720165,37.766644,23.12565,41.614643,38.204678,23.429976,1.68676,1.78026094376294,2.86581021342006,0.3406822069617863
1.1496,44.801201,38.272358,23.265364,43.551208,38.391315,22.027452,1.69283,1.78666741767069,1.39099723183746,0.07931635598952291
1.1734,44.720165,37.766644,23.12565,42.057941,36.92165,25.099762,1.68676,1.78026094376294,2.83060569225389,0.07931635598952291
1.1496,44.801201,38.272358,23.265364,43.551208,38.391315,22.027452,1.69283,1.78666741767069,1.39099723183746,0.0819994670920991
7.361,44.60351738852064,38.78155571208269,21.746543197241397,44.489974232848624,35.28218457991533,24.28917730304483,1.620184,1.70999448463896,2.70544683885885,0.0819994670920991
1.1496,44.801201,38.272358,23.265364,43.551208,38.391315,22.027452,1.69283,1.78666741767069,1.39099723183746,0.14299785675710228
7.417,45.90691825034913,37.77115311636092,23.52933956192629,43.10777397801501,35.99489637404085,22.457982490321005,2.055393,2.16932810950208,2.72332209281723,0.14299785675710228
1.1497,44.801201,38.272358,23.265364,41.969048,37.887436,21.214329,1.90597,2.01162225271161,2.84874093825247,0.1959096414289546
1.1691,44.720165,37.766644,23.12565,43.730396,35.689289,21.568848,1.35877,1.43408971196659,1.28922916156338,0.1959096414289546
1.1497,44.801201,38.272358,23.265364,41.969048,37.887436,21.214329,1.90597,2.01162225271161,2.84874093825247,0.5225783395900372
1.1697,44.720165,37.766644,23.12565,43.624477,37.621201,22.009541,1.45565,1.53633999074469,1.19965295589464,0.5225783395900372
1.1497,44.801201,38.272358,23.265364,41.969048,37.887436,21.214329,1.90597,2.01162225271161,2.84874093825247,0.06379232910366754
1.1711,44.720165,37.766644,23.12565,43.959206,34.881966,22.462944,1.45007,1.53045067865157,1.35756516042183,0.06379232910366754
1.1497,44.801201,38.272358,23.265364,41.969048,37.887436,21.214329,1.90597,2.01162225271161,2.84874093825247,0.0503018589436343
4.12,43.870068,35.629742,21.290045,44.072601,37.127289,22.695574,1.126994,1.18946584105336,0.769554419490261,0.0503018589436343
1.1497,44.801201,38.272358,23.265364,41.969048,37.887436,21.214329,1.90597,2.01162225271161,2.84874093825247,0.27290011375711637
4.77,43.600025,37.299789,22.570135,44.974243,37.176563,22.39678,1.359844,1.43522324622967,1.29024390106441,0.27290011375711637
1.1497,44.801201,38.272358,23.265364,41.969048,37.887436,21.214329,1.90597,2.01162225271161,2.84874093825247,0.17893612750845572
4.106,43.86005,36.959896,22.410271,44.775291,36.950111,22.187439,1.229448,1.29759909933094,0.867505507831591,0.17893612750845572
1.1497,44.801201,38.272358,23.265364,41.969048,37.887436,21.214329,1.90597,2.01162225271161,2.84874093825247,0.1352299637501238
5.10,44.489975,35.940083,22.349972,44.418793,38.393051,22.841824,1.308945,1.381502798877,0.978364339257622,0.1352299637501238
1.1497,44.801201,38.272358,23.265364,41.969048,37.887436,21.214329,1.90597,2.01162225271161,2.84874093825247,0.1903866562966078
5.14,44.470062,37.049984,21.120243,44.441589,37.090839,23.134239,1.285146,1.35638456617015,1.18231127804555,0.1903866562966078
1.1497,44.801201,38.272358,23.265364,41.969048,37.887436,21.214329,1.90597,2.01162225271161,2.84874093825247,0.07240168068003477
5.22,44.449993,37.710121,21.169832,44.435749,36.423412,22.37541,1.158218,1.22242065840026,1.12715683194151,0.07240168068003477
1.1497,44.801201,38.272358,23.265364,41.969048,37.887436,21.214329,1.90597,2.01162225271161,2.84874093825247,0.18404240203280772
5.23,44.480019,37.719929,20.979906,44.394554,36.395611,22.567541,1.380342,1.45685749699757,1.35091214089471,0.18404240203280772
1.1497,44.801201,38.272358,23.265364,41.969048,37.887436,21.214329,1.90597,2.01162225271161,2.84874093825247,0.10542100442895387
5.27,43.449951,35.560188,22.639994,44.391842,37.037529,22.73987,1.237548,1.30614810075644,1.08913506367349,0.10542100442895387
1.1497,44.801201,38.272358,23.265364,41.969048,37.887436,21.214329,1.90597,2.01162225271161,2.84874093825247,0.21143410322940986
5.30,45.350056,36.019573,23.100149,44.32386,37.201443,23.160089,1.42794,1.50709396241128,1.10060055129705,0.21143410322940986
1.1497,44.801201,38.272358,23.265364,41.969048,37.887436,21.214329,1.90597,2.01162225271161,2.84874093825247,0.15625337939407177
5.31,45.229973,36.590229,23.069777,43.780373,37.969959,23.060562,1.800791,1.90061294148533,1.49856678092753,0.15625337939407177
1.1497,44.801201,38.272358,23.265364,41.969048,37.887436,21.214329,1.90597,2.01162225271161,2.84874093825247,0.052068160988819376
5.33,43.899956,37.030128,22.490103,44.417511,36.98003,23.17672,1.102687,1.16381144875093,0.638802995769043,0.052068160988819376
1.1497,44.801201,38.272358,23.265364,41.969048,37.887436,21.214329,1.90597,2.01162225271161,2.84874093825247,0.3915105894121306
5.34,43.759983,37.000278,22.37995,44.56496,37.031937,23.284607,1.340677,1.41499377581948,0.91776648364448,0.3915105894121306
1.1497,44.801201,38.272358,23.265364,41.969048,37.887436,21.214329,1.90597,2.01162225271161,2.84874093825247,0.07577866191254075
5.35,43.370056,37.029957,22.269957,44.965286,36.990047,23.413904,1.800791,1.90061294148533,1.64083021643964,0.07577866191254075
1.1497,44.801201,38.272358,23.265364,41.969048,37.887436,21.214329,1.90597,2.01162225271161,2.84874093825247,0.1362233794993072
5.38,45.259933,37.10017,22.099951,44.173214,37.137138,23.219437,1.308945,1.381502798877,1.21400281575858,0.1362233794993072
1.1497,44.801201,38.272358,23.265364,41.969048,37.887436,21.214329,1.90597,2.01162225271161,2.84874093825247,0.23541196332365355
5.42,43.86005,36.959896,22.410271,44.775291,36.950111,22.187439,1.26928,1.33963907769891,0.867505507831591,0.23541196332365355
1.1497,44.801201,38.272358,23.265364,41.969048,37.887436,21.214329,1.90597,2.01162225271161,2.84874093825247,0.05149579932796873
7.118,44.57517149224873,36.95897623838063,23.023442749720434,43.10777397801501,35.995247030617236,22.45824415660518,1.197902,1.26430443279157,1.41769205273371,0.05149579932796873
1.1497,44.801201,38.272358,23.265364,41.969048,37.887436,21.214329,1.90597,2.01162225271161,2.84874093825247,0.07757792849607946
7.211,44.56098859042097,38.573724315756394,24.555576237150024,43.69756372940281,36.53801632030218,22.59692718339512,1.189284,1.25520871744775,1.28355966155084,0.07757792849607946
1.1498,44.801201,38.272358,23.265364,43.077972,37.676849,22.305689,1.25748,1.32718497685682,1.67479553240149,0.5630479687449977
1.1705,44.720165,37.766644,23.12565,41.036758,36.816265,22.133057,1.68676,1.78026094376294,3.41544089851318,0.5630479687449977
1.1498,44.801201,38.272358,23.265364,43.077972,37.676849,22.305689,1.25748,1.32718497685682,1.67479553240149,0.08704863911503057
1.1713,44.720165,37.766644,23.12565,47.835133,38.069309,22.399614,1.68676,1.78026094376294,3.05054135781852,0.08704863911503057
1.1498,44.801201,38.272358,23.265364,43.077972,37.676849,22.305689,1.25748,1.32718497685682,1.67479553240149,0.05220098658144928
1.1726,44.720165,37.766644,23.12565,41.614643,38.204678,23.429976,1.68676,1.78026094376294,2.86581021342006,0.05220098658144928
1.1498,44.801201,38.272358,23.265364,43.077972,37.676849,22.305689,1.25748,1.32718497685682,1.67479553240149,0.0857306985446663
5.32,43.95993,37.0205,22.63007,44.376717,37.008488,23.037443,0.936094,0.987983819802948,0.459220089571616,0.0857306985446663
1.1499,44.801201,38.272358,23.265364,41.673363,36.111137,22.008919,2.03366,2.14639039987487,3.00546643221302,0.18141308665233685
1.1691,44.720165,37.766644,23.12565,43.730396,35.689289,21.568848,1.35877,1.43408971196659,1.28922916156338,0.18141308665233685
1.1499,44.801201,38.272358,23.265364,41.673363,36.111137,22.008919,2.03366,2.14639039987487,3.00546643221302,0.32112737062020696
1.1697,44.720165,37.766644,23.12565,43.624477,37.621201,22.009541,1.45565,1.53633999074469,1.19965295589464,0.32112737062020696
1.1499,44.801201,38.272358,23.265364,41.673363,36.111137,22.008919,2.03366,2.14639039987487,3.00546643221302,0.2308498577806827
1.1711,44.720165,37.766644,23.12565,43.959206,34.881966,22.462944,1.45007,1.53045067865157,1.35756516042183,0.2308498577806827
1.1499,44.801201,38.272358,23.265364,41.673363,36.111137,22.008919,2.03366,2.14639039987487,3.00546643221302,0.10096834907147627
1.1720,44.720165,37.766644,23.12565,43.00708,36.30534,23.155594,1.55978,1.64624215351476,1.72999649127773,0.10096834907147627
1.1499,44.801201,38.272358,23.265364,41.673363,36.111137,22.008919,2.03366,2.14639039987487,3.00546643221302,0.16639775661689415
4.77,43.600025,37.299789,22.570135,44.974243,37.176563,22.39678,1.359844,1.43522324622967,1.29024390106441,0.16639775661689415
1.1499,44.801201,38.272358,23.265364,41.673363,36.111137,22.008919,2.03366,2.14639039987487,3.00546643221302,0.05105458468647166
4.106,43.86005,36.959896,22.410271,44.775291,36.950111,22.187439,1.229448,1.29759909933094,0.867505507831591,0.05105458468647166
1.1499,44.801201,38.272358,23.265364,41.673363,36.111137,22.008919,2.03366,2.14639039987487,3.00546643221302,0.07648690892901402
5.5,44.699978,37.049923,22.97002,46.376072,37.150539,22.73093,1.594533,1.68292159135926,1.6093969416557,0.07648690892901402
1.1499,44.801201,38.272358,23.265364,41.673363,36.111137,22.008919,2.03366,2.14639039987487,3.00546643221302,0.09945248432308547
5.10,44.489975,35.940083,22.349972,44.418793,38.393051,22.841824,1.308945,1.381502798877,0.978364339257622,0.09945248432308547
1.1499,44.801201,38.272358,23.265364,41.673363,36.111137,22.008919,2.03366,2.14639039987487,3.00546643221302,0.059029975601242686
5.14,44.470062,37.049984,21.120243,44.441589,37.090839,23.134239,1.285146,1.35638456617015,1.18231127804555,0.059029975601242686
1.1499,44.801201,38.272358,23.265364,41.673363,36.111137,22.008919,2.03366,2.14639039987487,3.00546643221302,0.10488465514176763
5.23,44.480019,37.719929,20.979906,44.394554,36.395611,22.567541,1.380342,1.45685749699757,1.35091214089471,0.10488465514176763
1.1499,44.801201,38.272358,23.265364,41.673363,36.111137,22.008919,2.03366,2.14639039987487,3.00546643221302,0.06809111502602216
5.27,43.449951,35.560188,22.639994,44.391842,37.037529,22.73987,1.237548,1.30614810075644,1.08913506367349,0.06809111502602216
1.1499,44.801201,38.272358,23.265364,41.673363,36.111137,22.008919,2.03366,2.14639039987487,3.00546643221302,0.06731283972351769
5.30,45.350056,36.019573,23.100149,44.32386,37.201443,23.160089,1.42794,1.50709396241128,1.10060055129705,0.06731283972351769
1.1499,44.801201,38.272358,23.265364,41.673363,36.111137,22.008919,2.03366,2.14639039987487,3.00546643221302,0.23735015875413984
5.31,45.229973,36.590229,23.069777,43.780373,37.969959,23.060562,1.800791,1.90061294148533,1.49856678092753,0.23735015875413984
1.1499,44.801201,38.272358,23.265364,41.673363,36.111137,22.008919,2.03366,2.14639039987487,3.00546643221302,0.17641986255996592
5.34,43.759983,37.000278,22.37995,44.56496,37.031937,23.284607,1.340677,1.41499377581948,0.91776648364448,0.17641986255996592
1.1499,44.801201,38.272358,23.265364,41.673363,36.111137,22.008919,2.03366,2.14639039987487,3.00546643221302,0.23189661059938024
5.35,43.370056,37.029957,22.269957,44.965286,36.990047,23.413904,1.800791,1.90061294148533,1.64083021643964,0.23189661059938024
1.1499,44.801201,38.272358,23.265364,41.673363,36.111137,22.008919,2.03366,2.14639039987487,3.00546643221302,0.07666780328267761
5.38,45.259933,37.10017,22.099951,44.173214,37.137138,23.219437,1.308945,1.381502798877,1.21400281575858,0.07666780328267761
1.1499,44.801201,38.272358,23.265364,41.673363,36.111137,22.008919,2.03366,2.14639039987487,3.00546643221302,0.08339005380346436
5.42,43.86005,36.959896,22.410271,44.775291,36.950111,22.187439,1.26928,1.33963907769891,0.867505507831591,0.08339005380346436
1.1499,44.801201,38.272358,23.265364,41.673363,36.111137,22.008919,2.03366,2.14639039987487,3.00546643221302,0.06251034849186952
7.353,44.518399976803536,38.519666028744126,21.880905505662586,43.43360642568766,36.17320578683514,22.566793419178723,1.370262,1.44621873966805,1.65164770528742,0.06251034849186952
1.1500,44.801201,38.272358,23.265364,43.167282,37.141159,22.786427,0.973011,1.02694721309002,1.58154131048347,0.14446954416489208
1.1705,44.720165,37.766644,23.12565,41.036758,36.816265,22.133057,1.68676,1.78026094376294,3.41544089851318,0.14446954416489208
1.1500,44.801201,38.272358,23.265364,43.167282,37.141159,22.786427,0.973011,1.02694721309002,1.58154131048347,0.07338950993475978
1.1783,44.730747,37.294174,23.309671,44.603519,37.491535,22.87644,0.450867,0.475859583421212,0.333623050542238,0.07338950993475978
1.1500,44.801201,38.272358,23.265364,43.167282,37.141159,22.786427,0.973011,1.02694721309002,1.58154131048347,0.05765312629476209
1.1784,44.730747,37.294174,23.309671,45.011585,36.774563,22.939335,0.427907,0.451626858392875,0.342573225872204,0.05765312629476209
1.1500,44.801201,38.272358,23.265364,43.167282,37.141159,22.786427,0.973011,1.02694721309002,1.58154131048347,0.11609383416089354
1.1787,44.730747,37.294174,23.309671,44.489975,36.890717,23.295794,0.486312,0.513269380399844,0.288467514487488,0.11609383416089354
1.1500,44.801201,38.272358,23.265364,43.167282,37.141159,22.786427,0.973011,1.02694721309002,1.58154131048347,0.06837043382331735
1.1789,44.730747,37.294174,23.309671,44.94162,37.722893,23.342882,0.352883,0.372444107411781,0.270334870358845,0.06837043382331735
1.1500,44.801201,38.272358,23.265364,43.167282,37.141159,22.786427,0.973011,1.02694721309002,1.58154131048347,0.06471822323930047
1.1791,44.730747,37.294174,23.309671,44.546799,36.978462,23.403906,0.32077,0.338551010772627,0.249309631330254,0.06471822323930047
1.1500,44.801201,38.272358,23.265364,43.167282,37.141159,22.786427,0.973011,1.02694721309002,1.58154131048347,0.05329692097605217
1.1795,44.730747,37.294174,23.309671,45.081394,37.36092,23.239214,0.394149,0.415997575661752,0.337533464344028,0.05329692097605217
1.1500,44.801201,38.272358,23.265364,43.167282,37.141159,22.786427,0.973011,1.02694721309002,1.58154131048347,0.06152193723594321
1.1797,44.730747,37.294174,23.309671,44.603519,37.597664,23.048445,0.347371,0.366626564713341,0.281276520035603,0.06152193723594321
1.1500,44.801201,38.272358,23.265364,43.167282,37.141159,22.786427,0.973011,1.02694721309002,1.58154131048347,0.06924402343044252
1.1801,44.730747,37.294174,23.309671,45.025562,37.69384,23.636393,0.435288,0.45941700401283,0.329915060109301,0.06924402343044252
1.1500,44.801201,38.272358,23.265364,43.167282,37.141159,22.786427,0.973011,1.02694721309002,1.58154131048347,0.07772115671512554
1.1802,44.730747,37.294174,23.309671,45.05349,37.500896,23.39403,0.435288,0.45941700401283,0.314957097905854,0.07772115671512554
1.1500,44.801201,38.272358,23.265364,43.167282,37.141159,22.786427,0.973011,1.02694721309002,1.58154131048347,0.07062598992734644
1.1805,44.730747,37.294174,23.309671,44.913589,36.640297,23.255075,0.450867,0.475859583421212,0.329480305845096,0.07062598992734644
1.1500,44.801201,38.272358,23.265364,43.167282,37.141159,22.786427,0.973011,1.02694721309002,1.58154131048347,0.06821375856468316
1.1808,44.730747,37.294174,23.309671,44.730747,36.646122,23.091211,0.331243,0.349604552986119,0.248330452818635,0.06821375856468316
1.1500,44.801201,38.272358,23.265364,43.167282,37.141159,22.786427,0.973011,1.02694721309002,1.58154131048347,0.05223025016613526
1.1812,44.730747,37.294174,23.309671,44.716637,36.836079,23.054127,0.245277,0.258873262054674,0.178150767381663,0.05223025016613526
1.1500,44.801201,38.272358,23.265364,43.167282,37.141159,22.786427,0.973011,1.02694721309002,1.58154131048347,0.05826592601397359
1.1814,44.730747,37.294174,23.309671,45.081394,37.738724,23.388609,0.507032,0.535137937132733,0.376720984237306,0.05826592601397359
1.1500,44.801201,38.272358,23.265364,43.167282,37.141159,22.786427,0.973011,1.02694721309002,1.58154131048347,0.05149875118331709
1.1817,44.730747,37.294174,23.309671,44.857445,37.013508,22.903728,0.280239,0.2957732852446,0.233065392110359,0.05149875118331709
1.1500,44.801201,38.272358,23.265364,43.167282,37.141159,22.786427,0.973011,1.02694721309002,1.58154131048347,0.07018073965121584
1.1818,44.730747,37.294174,23.309671,44.955627,37.489159,23.577671,0.336557,0.355213120094158,0.249691368446677,0.07018073965121584
1.1500,44.801201,38.272358,23.265364,43.167282,37.141159,22.786427,0.973011,1.02694721309002,1.58154131048347,0.07177318810781784
1.1822,44.730747,37.294174,23.309671,45.05349,37.210979,23.173771,0.413835,0.436774815422546,0.312429740788317,0.07177318810781784
1.1500,44.801201,38.272358,23.265364,43.167282,37.141159,22.786427,0.973011,1.02694721309002,1.58154131048347,0.06915425026649535
7.94,44.57517149224873,36.95897623838063,23.023442749720434,44.475751336901624,36.45871619301294,22.474479602908517,0.379192,0.400211475128267,0.292792033719823,0.06915425026649535
1.1500,44.801201,38.272358,23.265364,43.167282,37.141159,22.786427,0.973011,1.02694721309002,1.58154131048347,0.08123455865878827
7.109,44.57517149224873,36.95897623838063,23.023442749720434,44.82933602774889,37.201465820408956,23.049247291811515,0.366265,0.38656790211253,0.26045502093204,0.08123455865878827
1.1500,44.801201,38.272358,23.265364,43.167282,37.141159,22.786427,0.973011,1.02694721309002,1.58154131048347,0.057544289463538574
7.164,44.56098859042097,37.53320552085226,23.417183948554566,44.475751336901624,36.687403116426154,23.18895704965158,0.405046,0.427498621159739,0.339004365236093,0.057544289463538574
1.1502,86.942886,-5.772712,47.495819,87.060585,-5.84185,50.910049,1.29673,1.36861069364089,1.0779790699554,0.1024261305846432
1.1545,86.942886,-5.772712,47.495819,90.670273,-7.540106,51.110573,1.29673,1.36861069364089,2.76982829578079,0.1024261305846432
1.1508,86.942886,-5.772712,47.495819,87.109543,-4.731218,49.047199,1.09689,1.15769310785419,0.931450926823861,0.05281032887894221
1.1527,86.942886,-5.772712,47.495819,90.802719,-6.232387,48.947273,1.59664,1.68514538716216,2.49569781169451,0.05281032887894221
1.1508,86.942886,-5.772712,47.495819,87.109543,-4.731218,49.047199,1.09689,1.15769310785419,0.931450926823861,0.09374049357605145
1.1531,86.942886,-5.772712,47.495819,89.89183,-4.38579,49.51339,1.47312,1.55477839258463,2.2358251290517,0.09374049357605145
1.1508,86.942886,-5.772712,47.495819,87.109543,-4.731218,49.047199,1.09689,1.15769310785419,0.931450926823861,0.05947984662671489
1.1540,86.942886,-5.772712,47.495819,83.620949,-4.067536,47.059071,1.25534,1.32492635178885,2.45708314780465,0.05947984662671489
1.1512,86.942886,-5.772712,47.495819,86.854431,-4.278666,47.00975,1.29673,1.36861069364089,0.995433063381012,0.16490145669043918
1.1540,86.942886,-5.772712,47.495819,83.620949,-4.067536,47.059071,1.25534,1.32492635178885,2.45708314780465,0.16490145669043918
1.1512,86.942886,-5.772712,47.495819,86.854431,-4.278666,47.00975,1.29673,1.36861069364089,0.995433063381012,0.16916931216057088
1.1542,86.942886,-5.772712,47.495819,83.431854,-4.192916,46.389454,1.21836,1.28589646626847,2.54007403204786,0.16916931216057088
1.1512,86.942886,-5.772712,47.495819,86.854431,-4.278666,47.00975,1.29673,1.36861069364089,0.995433063381012,0.05271957731115168
1.1561,86.942886,-5.772712,47.495819,83.247322,-4.40695,44.697357,1.0854,1.14556619101727,2.70392923945164,0.05271957731115168
1.1515,86.942886,-5.772712,47.495819,86.84951,-3.888271,45.409863,1.34227,1.41667507943316,1.34976341037709,0.051483979194653647
1.1561,86.942886,-5.772712,47.495819,83.247322,-4.40695,44.697357,1.0854,1.14556619101727,2.70392923945164,0.051483979194653647
1.1516,86.942886,-5.772712,47.495819,86.996864,-4.986082,46.125114,1.14205,1.20535642938205,0.630449046197159,0.06650598095866234
1.1538,86.942886,-5.772712,47.495819,84.945381,-3.791821,47.958111,1.15869,1.22291882243394,1.88822319082626,0.06650598095866234
1.1516,86.942886,-5.772712,47.495819,86.996864,-4.986082,46.125114,1.14205,1.20535642938205,0.630449046197159,0.22336426584756405
1.1540,86.942886,-5.772712,47.495819,83.620949,-4.067536,47.059071,1.25534,1.32492635178885,2.45708314780465,0.22336426584756405
1.1516,86.942886,-5.772712,47.495819,86.996864,-4.986082,46.125114,1.14205,1.20535642938205,0.630449046197159,0.2202130370994463
1.1542,86.942886,-5.772712,47.495819,83.431854,-4.192916,46.389454,1.21836,1.28589646626847,2.54007403204786,0.2202130370994463
1.1516,86.942886,-5.772712,47.495819,86.996864,-4.986082,46.125114,1.14205,1.20535642938205,0.630449046197159,0.11257173898246121
1.1557,86.942886,-5.772712,47.495819,84.02301,-5.473374,46.072578,1.26056,1.33043570826306,1.96832640882811,0.11257173898246121
1.1516,86.942886,-5.772712,47.495819,86.996864,-4.986082,46.125114,1.14205,1.20535642938205,0.630449046197159,0.061053724612288265
1.1558,86.942886,-5.772712,47.495819,82.838913,-4.949241,45.06913,1.4256,1.50462425088835,2.84389222839826,0.061053724612288265
1.1516,86.942886,-5.772712,47.495819,86.996864,-4.986082,46.125114,1.14205,1.20535642938205,0.630449046197159,0.25466351891436123
1.1559,86.942886,-5.772712,47.495819,83.730927,-4.788652,45.390114,1.14205,1.20535642938205,2.27792317402814,0.25466351891436123
1.1516,86.942886,-5.772712,47.495819,86.996864,-4.986082,46.125114,1.14205,1.20535642938205,0.630449046197159,0.11192188003400183
1.1561,86.942886,-5.772712,47.495819,83.247322,-4.40695,44.697357,1.0854,1.14556619101727,2.70392923945164,0.11192188003400183
1.1517,86.942886,-5.772712,47.495819,86.879021,-4.389856,44.888504,1.48719,1.56962832469041,1.15876911243142,0.054232109343779714
1.1542,86.942886,-5.772712,47.495819,83.431854,-4.192916,46.389454,1.21836,1.28589646626847,2.54007403204786,0.054232109343779714
1.1517,86.942886,-5.772712,47.495819,86.879021,-4.389856,44.888504,1.48719,1.56962832469041,1.15876911243142,0.084332937409566
1.1558,86.942886,-5.772712,47.495819,82.838913,-4.949241,45.06913,1.4256,1.50462425088835,2.84389222839826,0.084332937409566
1.1517,86.942886,-5.772712,47.495819,86.879021,-4.389856,44.888504,1.48719,1.56962832469041,1.15876911243142,0.11481882056388017
1.1561,86.942886,-5.772712,47.495819,83.247322,-4.40695,44.697357,1.0854,1.14556619101727,2.70392923945164,0.11481882056388017
1.1518,86.942886,-5.772712,47.495819,86.78553,-4.652411,44.627392,1.3171,1.39010984907762,1.11002258608894,0.06479786969035382
1.1542,86.942886,-5.772712,47.495819,83.431854,-4.192916,46.389454,1.21836,1.28589646626847,2.54007403204786,0.06479786969035382
1.1518,86.942886,-5.772712,47.495819,86.78553,-4.652411,44.627392,1.3171,1.39010984907762,1.11002258608894,0.11111688658740572
1.1558,86.942886,-5.772712,47.495819,82.838913,-4.949241,45.06913,1.4256,1.50462425088835,2.84389222839826,0.11111688658740572
1.1518,86.942886,-5.772712,47.495819,86.78553,-4.652411,44.627392,1.3171,1.39010984907762,1.11002258608894,0.17566641184234943
1.1561,86.942886,-5.772712,47.495819,83.247322,-4.40695,44.697357,1.0854,1.14556619101727,2.70392923945164,0.17566641184234943
1.1520,86.942886,-5.772712,47.495819,86.972336,-5.456726,44.823627,1.14205,1.20535642938205,0.870343809575845,0.08410025995365153
1.1542,86.942886,-5.772712,47.495819,83.431854,-4.192916,46.389454,1.21836,1.28589646626847,2.54007403204786,0.08410025995365153
1.1520,86.942886,-5.772712,47.495819,86.972336,-5.456726,44.823627,1.14205,1.20535642938205,0.870343809575845,0.0830048746305949
1.1558,86.942886,-5.772712,47.495819,82.838913,-4.949241,45.06913,1.4256,1.50462425088835,2.84389222839826,0.0830048746305949
1.1520,86.942886,-5.772712,47.495819,86.972336,-5.456726,44.823627,1.14205,1.20535642938205,0.870343809575845,0.11201703305711014
1.1559,86.942886,-5.772712,47.495819,83.730927,-4.788652,45.390114,1.14205,1.20535642938205,2.27792317402814,0.11201703305711014
1.1520,86.942886,-5.772712,47.495819,86.972336,-5.456726,44.823627,1.14205,1.20535642938205,0.870343809575845,0.15019334093055117
1.1561,86.942886,-5.772712,47.495819,83.247322,-4.40695,44.697357,1.0854,1.14556619101727,2.70392923945164,0.15019334093055117
1.1521,86.942886,-5.772712,47.495819,86.996864,-5.829517,44.7155,1.06219,1.12106960792024,0.931926444587337,0.059514510603545644
1.1558,86.942886,-5.772712,47.495819,82.838913,-4.949241,45.06913,1.4256,1.50462425088835,2.84389222839826,0.059514510603545644
1.1521,86.942886,-5.772712,47.495819,86.996864,-5.829517,44.7155,1.06219,1.12106960792024,0.931926444587337,0.06791989368835163
1.1559,86.942886,-5.772712,47.495819,83.730927,-4.788652,45.390114,1.14205,1.20535642938205,2.27792317402814,0.06791989368835163
1.1521,86.942886,-5.772712,47.495819,86.996864,-5.829517,44.7155,1.06219,1.12106960792024,0.931926444587337,0.1096927382988405
1.1561,86.942886,-5.772712,47.495819,83.247322,-4.40695,44.697357,1.0854,1.14556619101727,2.70392923945164,0.1096927382988405
1.1523,86.942886,-5.772712,47.495819,91.157318,-7.911195,48.407284,1.51965,1.60388765632891,2.99891320571362,0.2884130634093812
1.1548,86.942886,-5.772712,47.495819,87.930069,-6.99113,49.122559,1.20766,1.27460334092861,1.07243488306557,0.2884130634093812
1.1523,86.942886,-5.772712,47.495819,91.157318,-7.911195,48.407284,1.51965,1.60388765632891,2.99891320571362,0.10688504489148333
1.1549,86.942886,-5.772712,47.495819,87.881874,-7.838681,49.903168,1.35722,1.43245379194072,1.53133486895578,0.10688504489148333
1.1523,86.942886,-5.772712,47.495819,91.157318,-7.911195,48.407284,1.51965,1.60388765632891,2.99891320571362,0.08421582667989963
1.1550,86.942886,-5.772712,47.495819,87.143791,-7.264488,49.269188,1.20766,1.27460334092861,1.03686867969777,0.08421582667989963
1.1523,86.942886,-5.772712,47.495819,91.157318,-7.911195,48.407284,1.51965,1.60388765632891,2.99891320571362,0.10720913416806518
7.23,86.7658295591843,-6.886886761145572,46.098331195293184,87.91079767346552,-6.9129162037571685,46.25462110904115,1.240992,1.30978300951069,0.737567000787505,0.10720913416806518
1.1523,86.942886,-5.772712,47.495819,91.157318,-7.911195,48.407284,1.51965,1.60388765632891,2.99891320571362,0.3685004034321417
7.24,86.7658295591843,-6.886886761145572,46.098331195293184,88.5001508082956,-6.999465816761807,46.93454011216565,1.572785,1.65996805024792,1.14387831251439,0.3685004034321417
1.1523,86.942886,-5.772712,47.495819,91.157318,-7.911195,48.407284,1.51965,1.60388765632891,2.99891320571362,0.28909395050927206
7.25,86.7658295591843,-6.886886761145572,46.098331195293184,88.85627457640994,-7.076353457979634,46.836957225049545,1.960595,2.06927524072002,1.36025423097947,0.28909395050927206
1.1523,86.942886,-5.772712,47.495819,91.157318,-7.911195,48.407284,1.51965,1.60388765632891,2.99891320571362,0.07398205405494372
7.175,86.81015065275807,-7.015765527611462,48.1434476614611,87.6499326488179,-6.998712721472566,46.240361130638206,1.516768,1.60084590051307,0.825444916404479,0.07398205405494372
1.1523,86.942886,-5.772712,47.495819,91.157318,-7.911195,48.407284,1.51965,1.60388765632891,2.99891320571362,0.056321626858462905
7.371,86.73133114843384,-7.716599999716022,46.05736169788053,87.6499326488179,-6.998785971190136,46.24049556143972,1.469369,1.55081946612203,0.771013301673368,0.056321626858462905
1.1523,86.942886,-5.772712,47.495819,91.157318,-7.911195,48.407284,1.51965,1.60388765632891,2.99891320571362,0.06254062268557531
7.401,87.6499326488179,-6.998751909364609,46.24036111714411,86.310560127,-6.8601226584290576,45.837020064083724,1.236683,1.30523515183878,0.875836636653547,0.06254062268557531
1.1523,86.942886,-5.772712,47.495819,91.157318,-7.911195,48.407284,1.51965,1.60388765632891,2.99891320571362,0.08148681280933051
7.406,87.91079767346552,-6.91303545271299,46.254611653425215,85.98644320658008,-6.82765577081168,45.86239542374606,1.844252,1.94648308357839,1.24820206808958,0.08148681280933051
1.1524,86.942886,-5.772712,47.495819,90.234093,-7.152112,48.311054,1.35722,1.43245379194072,2.27394355025084,0.059925259718055686
1.1548,86.942886,-5.772712,47.495819,87.930069,-6.99113,49.122559,1.20766,1.27460334092861,1.07243488306557,0.059925259718055686
1.1524,86.942886,-5.772712,47.495819,90.234093,-7.152112,48.311054,1.35722,1.43245379194072,2.27394355025084,0.08661917083252074
1.1551,86.942886,-5.772712,47.495819,86.672134,-7.051656,48.489632,1.09689,1.15769310785419,0.859300992506185,0.08661917083252074
1.1524,86.942886,-5.772712,47.495819,90.234093,-7.152112,48.311054,1.35722,1.43245379194072,2.27394355025084,0.13587451572387038
7.2,86.7658295591843,-6.886886761145572,46.098331195293184,86.81015065275807,-7.0156311121221115,48.143548294773986,0.866109,0.914119392054336,0.660241081727194,0.13587451572387038
1.1524,86.942886,-5.772712,47.495819,90.234093,-7.152112,48.311054,1.35722,1.43245379194072,2.27394355025084,0.07788099096043033
7.12,86.7658295591843,-6.886886761145572,46.098331195293184,86.82491586201648,-6.180869257492006,45.907740261294535,1.016924,1.07329441057126,0.465222340880547,0.07788099096043033
1.1524,86.942886,-5.772712,47.495819,90.234093,-7.152112,48.311054,1.35722,1.43245379194072,2.27394355025084,0.06025289596552716
7.13,86.7658295591843,-6.886886761145572,46.098331195293184,86.81999459677196,-5.845843362696613,46.06011355057462,1.236683,1.30523515183878,0.697153498677902,0.06025289596552716
1.1524,86.942886,-5.772712,47.495819,90.234093,-7.152112,48.311054,1.35722,1.43245379194072,2.27394355025084,0.061511458088843105
7.17,86.7658295591843,-6.886886761145572,46.098331195293184,86.73133114843384,-7.716392250654735,46.05732678867667,1.245301,1.3143308671826,0.555198106908436,0.061511458088843105
1.1524,86.942886,-5.772712,47.495819,90.234093,-7.152112,48.311054,1.35722,1.43245379194072,2.27394355025084,0.20553851296843448
7.22,86.7658295591843,-6.886886761145572,46.098331195293184,87.6499326488179,-6.998575926054295,46.24046019428114,0.909199,0.959597968773457,0.574279422985379,0.20553851296843448
1.1524,86.942886,-5.772712,47.495819,90.234093,-7.152112,48.311054,1.35722,1.43245379194072,2.27394355025084,0.23392933292009532
7.23,86.7658295591843,-6.886886761145572,46.098331195293184,87.91079767346552,-6.9129162037571685,46.25462110904115,1.240992,1.30978300951069,0.737567000787505,0.23392933292009532
1.1524,86.942886,-5.772712,47.495819,90.234093,-7.152112,48.311054,1.35722,1.43245379194072,2.27394355025084,0.0663138451008208
7.152,86.75597523399955,-7.0805049942097575,47.01950767756114,87.06548305268728,-6.971648341004888,46.35789624084199,0.719603,0.759492231209324,0.293208220537095,0.0663138451008208
1.1524,86.942886,-5.772712,47.495819,90.234093,-7.152112,48.311054,1.35722,1.43245379194072,2.27394355025084,0.1073420075459452
7.173,86.81015065275807,-7.015765527611462,48.1434476614611,86.82491586201648,-6.18100470046945,45.90764175083493,0.99107,1.04600726453979,0.819733487314654,0.1073420075459452
1.1524,86.942886,-5.772712,47.495819,90.234093,-7.152112,48.311054,1.35722,1.43245379194072,2.27394355025084,0.1398095682538583
7.175,86.81015065275807,-7.015765527611462,48.1434476614611,87.6499326488179,-6.998712721472566,46.240361130638206,1.516768,1.60084590051307,0.825444916404479,0.1398095682538583
1.1524,86.942886,-5.772712,47.495819,90.234093,-7.152112,48.311054,1.35722,1.43245379194072,2.27394355025084,0.10335713469463435
7.176,86.81015065275807,-7.015765527611462,48.1434476614611,86.310560127,-6.860084007689782,45.83702009748614,1.016924,1.07329441057126,0.811818034561871,0.10335713469463435
1.1524,86.942886,-5.772712,47.495819,90.234093,-7.152112,48.311054,1.35722,1.43245379194072,2.27394355025084,0.057383910235303245
7.326,86.67213705226933,-6.519558598634678,46.06241949582053,86.68200747504233,-7.280263693587308,46.03108785269092,0.999688,1.05510297988361,0.510443530289591,0.057383910235303245
1.1524,86.942886,-5.772712,47.495819,90.234093,-7.152112,48.311054,1.35722,1.43245379194072,2.27394355025084,0.09543420577877754
7.363,86.68200747504233,-7.280085367129763,46.03106856196435,87.06548305268728,-6.97155677878386,46.357821416154096,0.814401,0.859545099991391,0.354826048707288,0.09543420577877754
1.1524,86.942886,-5.772712,47.495819,90.234093,-7.152112,48.311054,1.35722,1.43245379194072,2.27394355025084,0.13381344690922511
7.371,86.73133114843384,-7.716599999716022,46.05736169788053,87.6499326488179,-6.998785971190136,46.24049556143972,1.469369,1.55081946612203,0.771013301673368,0.13381344690922511
1.1524,86.942886,-5.772712,47.495819,90.234093,-7.152112,48.311054,1.35722,1.43245379194072,2.27394355025084,0.051539473840654146
7.372,86.73133114843384,-7.716599999716022,46.05736169788053,86.310560127,-6.860156280740104,45.83715294478239,1.189284,1.25520871744775,0.619818350309031,0.051539473840654146
1.1524,86.942886,-5.772712,47.495819,90.234093,-7.152112,48.311054,1.35722,1.43245379194072,2.27394355025084,0.0960405886802319
7.401,87.6499326488179,-6.998751909364609,46.24036111714411,86.310560127,-6.8601226584290576,45.837020064083724,1.236683,1.30523515183878,0.875836636653547,0.0960405886802319
1.1525,86.942886,-5.772712,47.495819,90.852867,-7.076853,48.666359,1.35722,1.43245379194072,2.62276527551165,0.30975687771433175
1.1548,86.942886,-5.772712,47.495819,87.930069,-6.99113,49.122559,1.20766,1.27460334092861,1.07243488306557,0.30975687771433175
1.1525,86.942886,-5.772712,47.495819,90.852867,-7.076853,48.666359,1.35722,1.43245379194072,2.62276527551165,0.12578867717073056
1.1550,86.942886,-5.772712,47.495819,87.143791,-7.264488,49.269188,1.20766,1.27460334092861,1.03686867969777,0.12578867717073056
1.1525,86.942886,-5.772712,47.495819,90.852867,-7.076853,48.666359,1.35722,1.43245379194072,2.62276527551165,0.07253087877089305
1.1551,86.942886,-5.772712,47.495819,86.672134,-7.051656,48.489632,1.09689,1.15769310785419,0.859300992506185,0.07253087877089305
1.1525,86.942886,-5.772712,47.495819,90.852867,-7.076853,48.666359,1.35722,1.43245379194072,2.62276527551165,0.06683884510837877
7.2,86.7658295591843,-6.886886761145572,46.098331195293184,86.81015065275807,-7.0156311121221115,48.143548294773986,0.866109,0.914119392054336,0.660241081727194,0.06683884510837877
1.1525,86.942886,-5.772712,47.495819,90.852867,-7.076853,48.666359,1.35722,1.43245379194072,2.62276527551165,0.06490185304641546
7.3,86.7658295591843,-6.886886761145572,46.098331195293184,86.72147020278406,-6.952431806549586,49.033997373122084,1.133267,1.19608656771289,0.952209368236103,0.06490185304641546
1.1525,86.942886,-5.772712,47.495819,90.852867,-7.076853,48.666359,1.35722,1.43245379194072,2.62276527551165,0.08504923825232381
7.22,86.7658295591843,-6.886886761145572,46.098331195293184,87.6499326488179,-6.998575926054295,46.24046019428114,0.909199,0.959597968773457,0.574279422985379,0.08504923825232381
1.1525,86.942886,-5.772712,47.495819,90.852867,-7.076853,48.666359,1.35722,1.43245379194072,2.62276527551165,0.1592904105578821
7.23,86.7658295591843,-6.886886761145572,46.098331195293184,87.91079767346552,-6.9129162037571685,46.25462110904115,1.240992,1.30978300951069,0.737567000787505,0.1592904105578821
1.1525,86.942886,-5.772712,47.495819,90.852867,-7.076853,48.666359,1.35722,1.43245379194072,2.62276527551165,0.22669782726384463
7.24,86.7658295591843,-6.886886761145572,46.098331195293184,88.5001508082956,-6.999465816761807,46.93454011216565,1.572785,1.65996805024792,1.14387831251439,0.22669782726384463
1.1525,86.942886,-5.772712,47.495819,90.852867,-7.076853,48.666359,1.35722,1.43245379194072,2.62276527551165,0.08304405055250996
7.173,86.81015065275807,-7.015765527611462,48.1434476614611,86.82491586201648,-6.18100470046945,45.90764175083493,0.99107,1.04600726453979,0.819733487314654,0.08304405055250996
1.1525,86.942886,-5.772712,47.495819,90.852867,-7.076853,48.666359,1.35722,1.43245379194072,2.62276527551165,0.10817029913313303
7.175,86.81015065275807,-7.015765527611462,48.1434476614611,87.6499326488179,-6.998712721472566,46.240361130638206,1.516768,1.60084590051307,0.825444916404479,0.10817029913313303
1.1525,86.942886,-5.772712,47.495819,90.852867,-7.076853,48.666359,1.35722,1.43245379194072,2.62276527551165,0.07775720559764619
7.176,86.81015065275807,-7.015765527611462,48.1434476614611,86.310560127,-6.860084007689782,45.83702009748614,1.016924,1.07329441057126,0.811818034561871,0.07775720559764619
1.1525,86.942886,-5.772712,47.495819,90.852867,-7.076853,48.666359,1.35722,1.43245379194072,2.62276527551165,0.08577202006601722
7.371,86.73133114843384,-7.716599999716022,46.05736169788053,87.6499326488179,-6.998785971190136,46.24049556143972,1.469369,1.55081946612203,0.771013301673368,0.08577202006601722
1.1525,86.942886,-5.772712,47.495819,90.852867,-7.076853,48.666359,1.35722,1.43245379194072,2.62276527551165,0.0895884760654236
7.401,87.6499326488179,-6.998751909364609,46.24036111714411,86.310560127,-6.8601226584290576,45.837020064083724,1.236683,1.30523515183878,0.875836636653547,0.0895884760654236
1.1526,86.942886,-5.772712,47.495819,90.016968,-6.537256,48.306755,1.37699,1.45331968801259,2.02255580163303,0.05951345373214298
7.2,86.7658295591843,-6.886886761145572,46.098331195293184,86.81015065275807,-7.0156311121221115,48.143548294773986,0.866109,0.914119392054336,0.660241081727194,0.05951345373214298
1.1526,86.942886,-5.772712,47.495819,90.016968,-6.537256,48.306755,1.37699,1.45331968801259,2.02255580163303,0.07198517554703156
7.12,86.7658295591843,-6.886886761145572,46.098331195293184,86.82491586201648,-6.180869257492006,45.907740261294535,1.016924,1.07329441057126,0.465222340880547,0.07198517554703156
1.1526,86.942886,-5.772712,47.495819,90.016968,-6.537256,48.306755,1.37699,1.45331968801259,2.02255580163303,0.11244313918677876
7.22,86.7658295591843,-6.886886761145572,46.098331195293184,87.6499326488179,-6.998575926054295,46.24046019428114,0.909199,0.959597968773457,0.574279422985379,0.11244313918677876
1.1526,86.942886,-5.772712,47.495819,90.016968,-6.537256,48.306755,1.37699,1.45331968801259,2.02255580163303,0.07741602290033883
7.23,86.7658295591843,-6.886886761145572,46.098331195293184,87.91079767346552,-6.9129162037571685,46.25462110904115,1.240992,1.30978300951069,0.737567000787505,0.07741602290033883
1.1526,86.942886,-5.772712,47.495819,90.016968,-6.537256,48.306755,1.37699,1.45331968801259,2.02255580163303,0.06318035818388026
7.152,86.75597523399955,-7.0805049942097575,47.01950767756114,87.06548305268728,-6.971648341004888,46.35789624084199,0.719603,0.759492231209324,0.293208220537095,0.06318035818388026
1.1526,86.942886,-5.772712,47.495819,90.016968,-6.537256,48.306755,1.37699,1.45331968801259,2.02255580163303,0.08741744716792842
7.363,86.68200747504233,-7.280085367129763,46.03106856196435,87.06548305268728,-6.97155677878386,46.357821416154096,0.814401,0.859545099991391,0.354826048707288,0.08741744716792842
1.1527,86.942886,-5.772712,47.495819,90.802719,-6.232387,48.947273,1.59664,1.68514538716216,2.49569781169451,0.15796620944146866
1.1548,86.942886,-5.772712,47.495819,87.930069,-6.99113,49.122559,1.20766,1.27460334092861,1.07243488306557,0.15796620944146866
1.1527,86.942886,-5.772712,47.495819,90.802719,-6.232387,48.947273,1.59664,1.68514538716216,2.49569781169451,0.06363436712282064
1.1550,86.942886,-5.772712,47.495819,87.143791,-7.264488,49.269188,1.20766,1.27460334092861,1.03686867969777,0.06363436712282064
1.1527,86.942886,-5.772712,47.495819,90.802719,-6.232387,48.947273,1.59664,1.68514538716216,2.49569781169451,0.09011444217209297
7.23,86.7658295591843,-6.886886761145572,46.098331195293184,87.91079767346552,-6.9129162037571685,46.25462110904115,1.240992,1.30978300951069,0.737567000787505,0.09011444217209297
1.1527,86.942886,-5.772712,47.495819,90.802719,-6.232387,48.947273,1.59664,1.68514538716216,2.49569781169451,0.097203513206919
7.24,86.7658295591843,-6.886886761145572,46.098331195293184,88.5001508082956,-6.999465816761807,46.93454011216565,1.572785,1.65996805024792,1.14387831251439,0.097203513206919
1.1527,86.942886,-5.772712,47.495819,90.802719,-6.232387,48.947273,1.59664,1.68514538716216,2.49569781169451,0.0574578077750834
7.175,86.81015065275807,-7.015765527611462,48.1434476614611,87.6499326488179,-6.998712721472566,46.240361130638206,1.516768,1.60084590051307,0.825444916404479,0.0574578077750834
1.1530,86.942886,-5.772712,47.495819,89.495949,-5.256212,49.27224,1.34227,1.41667507943316,1.77814738245615,0.08602639335754257
1.1543,86.942886,-5.772712,47.495819,91.410461,-7.502476,51.113781,1.33224,1.40608909371738,3.1637776440797,0.08602639335754257
1.1537,86.942886,-5.772712,47.495819,86.22599,-4.318323,48.25116,1.09689,1.15769310785419,1.14544953310616,0.10880300376944173
1.1540,86.942886,-5.772712,47.495819,83.620949,-4.067536,47.059071,1.25534,1.32492635178885,2.45708314780465,0.10880300376944173
1.1537,86.942886,-5.772712,47.495819,86.22599,-4.318323,48.25116,1.09689,1.15769310785419,1.14544953310616,0.10472567219057981
1.1542,86.942886,-5.772712,47.495819,83.431854,-4.192916,46.389454,1.21836,1.28589646626847,2.54007403204786,0.10472567219057981
1.1538,86.942886,-5.772712,47.495819,84.945381,-3.791821,47.958111,1.15869,1.22291882243394,1.88822319082626,0.19521992187801562
1.1541,86.942886,-5.772712,47.495819,82.217201,-3.9041,46.465809,1.43997,1.51979081267656,3.36320736569369,0.19521992187801562
1.1538,86.942886,-5.772712,47.495819,84.945381,-3.791821,47.958111,1.15869,1.22291882243394,1.88822319082626,0.10485571094332546
7.11,86.7658295591843,-6.886886761145572,46.098331195293184,86.67213705226933,-6.519359340795727,46.06245360662531,0.719603,0.759492231209324,0.250891896402348,0.10485571094332546
1.1538,86.942886,-5.772712,47.495819,84.945381,-3.791821,47.958111,1.15869,1.22291882243394,1.88822319082626,0.07322875172421969
7.12,86.7658295591843,-6.886886761145572,46.098331195293184,86.82491586201648,-6.180869257492006,45.907740261294535,1.016924,1.07329441057126,0.465222340880547,0.07322875172421969
1.1538,86.942886,-5.772712,47.495819,84.945381,-3.791821,47.958111,1.15869,1.22291882243394,1.88822319082626,0.055430655985381674
7.150,86.75597523399955,-7.0805049942097575,47.01950767756114,86.67213705226933,-6.5194715769039675,46.06247477283212,0.676513,0.714013654490203,0.436177153789472,0.055430655985381674
1.1538,86.942886,-5.772712,47.495819,84.945381,-3.791821,47.958111,1.15869,1.22291882243394,1.88822319082626,0.07949793394228244
7.152,86.75597523399955,-7.0805049942097575,47.01950767756114,87.06548305268728,-6.971648341004888,46.35789624084199,0.719603,0.759492231209324,0.293208220537095,0.07949793394228244
1.1538,86.942886,-5.772712,47.495819,84.945381,-3.791821,47.958111,1.15869,1.22291882243394,1.88822319082626,0.05742893386839018
7.153,86.75597523399955,-7.0805049942097575,47.01950767756114,86.86918606662296,-6.886747013593375,46.25938773417913,0.667895,0.704917939146379,0.265804970452384,0.05742893386839018
1.1539,86.942886,-5.772712,47.495819,84.63295,-4.435321,47.322914,1.02671,1.083622870812,1.75197462986477,0.3876386767555117
1.1541,86.942886,-5.772712,47.495819,82.217201,-3.9041,46.465809,1.43997,1.51979081267656,3.36320736569369,0.3876386767555117
1.1539,86.942886,-5.772712,47.495819,84.63295,-4.435321,47.322914,1.02671,1.083622870812,1.75197462986477,0.10910124061618585
1.1560,86.942886,-5.772712,47.495819,82.324951,-4.398858,44.314445,1.26056,1.33043570826306,3.30600150281327,0.10910124061618585
1.1539,86.942886,-5.772712,47.495819,84.63295,-4.435321,47.322914,1.02671,1.083622870812,1.75197462986477,0.05193486077099387
1.1562,86.942886,-5.772712,47.495819,82.049713,-3.953941,43.879051,1.29673,1.36861069364089,3.59739298790312,0.05193486077099387
1.1539,86.942886,-5.772712,47.495819,84.63295,-4.435321,47.322914,1.02671,1.083622870812,1.75197462986477,0.0860561284697555
1.1835,86.765831,-6.928959,46.017548,86.538696,-6.474298,46.026039,0.49986,0.527568376858202,0.338468550162298,0.0860561284697555
1.1539,86.942886,-5.772712,47.495819,84.63295,-4.435321,47.322914,1.02671,1.083622870812,1.75197462986477,0.06155166876821324
1.1857,86.765831,-6.928959,46.017548,86.716537,-6.298257,45.617359,0.604099,0.637585581746215,0.415782418743921,0.06155166876821324
1.1539,86.942886,-5.772712,47.495819,84.63295,-4.435321,47.322914,1.02671,1.083622870812,1.75197462986477,0.06537080400068175
4.109,86.06002,-6.510134,46.07003,86.660881,-6.757248,45.880108,0.502956,0.530835995180838,0.433655844322283,0.06537080400068175
1.1539,86.942886,-5.772712,47.495819,84.63295,-4.435321,47.322914,1.02671,1.083622870812,1.75197462986477,0.08695684109089266
7.1,86.7658295591843,-6.886886761145572,46.098331195293184,86.75597523399955,-7.080393198347301,47.01948666710658,0.573097,0.604865070364312,0.303627976136129,0.08695684109089266
1.1539,86.942886,-5.772712,47.495819,84.63295,-4.435321,47.322914,1.02671,1.083622870812,1.75197462986477,0.1829313776700951
7.11,86.7658295591843,-6.886886761145572,46.098331195293184,86.67213705226933,-6.519359340795727,46.06245360662531,0.719603,0.759492231209324,0.250891896402348,0.1829313776700951
1.1539,86.942886,-5.772712,47.495819,84.63295,-4.435321,47.322914,1.02671,1.083622870812,1.75197462986477,0.06554364228026983
7.12,86.7658295591843,-6.886886761145572,46.098331195293184,86.82491586201648,-6.180869257492006,45.907740261294535,1.016924,1.07329441057126,0.465222340880547,0.06554364228026983
1.1539,86.942886,-5.772712,47.495819,84.63295,-4.435321,47.322914,1.02671,1.083622870812,1.75197462986477,0.07395232177968536
7.16,86.7658295591843,-6.886886761145572,46.098331195293184,86.68200747504233,-7.2800643872653055,46.03112187063765,0.650659,0.68672650845873,0.273539295395663,0.07395232177968536
1.1539,86.942886,-5.772712,47.495819,84.63295,-4.435321,47.322914,1.02671,1.083622870812,1.75197462986477,0.11580927148669984
7.21,86.7658295591843,-6.886886761145572,46.098331195293184,87.06548305268728,-6.971535805476991,46.357875036118216,0.56017,0.591221497348576,0.214106544175789,0.11580927148669984
1.1539,86.942886,-5.772712,47.495819,84.63295,-4.435321,47.322914,1.02671,1.083622870812,1.75197462986477,0.12926009319311377
7.26,86.7658295591843,-6.886886761145572,46.098331195293184,86.86918606662296,-6.8866346751793595,46.259366564223356,0.499844,0.527551489941806,0.0857532549074985,0.12926009319311377
1.1539,86.942886,-5.772712,47.495819,84.63295,-4.435321,47.322914,1.02671,1.083622870812,1.75197462986477,0.10262645650462297
7.27,86.7658295591843,-6.886886761145572,46.098331195293184,86.310560127,-6.8599491075010395,45.83711809189859,0.586024,0.618508643380048,0.306933125460867,0.10262645650462297
1.1539,86.942886,-5.772712,47.495819,84.63295,-4.435321,47.322914,1.02671,1.083622870812,1.75197462986477,0.07390148660246046
7.150,86.75597523399955,-7.0805049942097575,47.01950767756114,86.67213705226933,-6.5194715769039675,46.06247477283212,0.676513,0.714013654490203,0.436177153789472,0.07390148660246046
1.1539,86.942886,-5.772712,47.495819,84.63295,-4.435321,47.322914,1.02671,1.083622870812,1.75197462986477,0.0901585243853548
7.152,86.75597523399955,-7.0805049942097575,47.01950767756114,87.06548305268728,-6.971648341004888,46.35789624084199,0.719603,0.759492231209324,0.293208220537095,0.0901585243853548
1.1539,86.942886,-5.772712,47.495819,84.63295,-4.435321,47.322914,1.02671,1.083622870812,1.75197462986477,0.11968356582116657
7.153,86.75597523399955,-7.0805049942097575,47.01950767756114,86.86918606662296,-6.886747013593375,46.25938773417913,0.667895,0.704917939146379,0.265804970452384,0.11968356582116657
1.1539,86.942886,-5.772712,47.495819,84.63295,-4.435321,47.322914,1.02671,1.083622870812,1.75197462986477,0.05945624325088185
7.363,86.68200747504233,-7.280085367129763,46.03106856196435,87.06548305268728,-6.97155677878386,46.357821416154096,0.814401,0.859545099991391,0.354826048707288,0.05945624325088185
1.1539,86.942886,-5.772712,47.495819,84.63295,-4.435321,47.322914,1.02671,1.083622870812,1.75197462986477,0.07240980437534417
7.364,86.68200747504233,-7.280085367129763,46.03106856196435,86.86918606662296,-6.886655594286806,46.259313040461,0.857491,0.905023676710512,0.313768119000489,0.07240980437534417
1.1539,86.942886,-5.772712,47.495819,84.63295,-4.435321,47.322914,1.02671,1.083622870812,1.75197462986477,0.14080392591980523
7.395,87.06548305268728,-6.971733673128422,46.35781520139523,86.86918606662296,-6.886832166792811,46.25930684158277,0.564479,0.595769355020488,0.139491073369588,0.14080392591980523
1.1540,86.942886,-5.772712,47.495819,83.620949,-4.067536,47.059071,1.25534,1.32492635178885,2.45708314780465,0.08069621005287889
1.1553,86.942886,-5.772712,47.495819,85.342087,-6.53405,47.917694,1.09689,1.15769310785419,1.1536183451836,0.08069621005287889
1.1540,86.942886,-5.772712,47.495819,83.620949,-4.067536,47.059071,1.25534,1.32492635178885,2.45708314780465,0.152813645281453
4.78,85.979988,-6.429916,45.730019,87.029762,-6.35292,45.572887,0.819632,0.865066066220625,0.683268694651537,0.152813645281453
1.1540,86.942886,-5.772712,47.495819,83.620949,-4.067536,47.059071,1.25534,1.32492635178885,2.45708314780465,0.08136880445137915
4.110,85.940002,-6.520092,45.909935,86.902222,-6.814412,46.087063,0.633352,0.668460142079574,0.653008822358796,0.08136880445137915
1.1540,86.942886,-5.772712,47.495819,83.620949,-4.067536,47.059071,1.25534,1.32492635178885,2.45708314780465,0.14165411705979977
4.111,85.480003,-6.330004,45.91003,86.772034,-6.72852,46.01907,0.707864,0.747102511735995,0.880016846155468,0.14165411705979977
1.1540,86.942886,-5.772712,47.495819,83.620949,-4.067536,47.059071,1.25534,1.32492635178885,2.45708314780465,0.06192237741610797
7.11,86.7658295591843,-6.886886761145572,46.098331195293184,86.67213705226933,-6.519359340795727,46.06245360662531,0.719603,0.759492231209324,0.250891896402348,0.06192237741610797
1.1540,86.942886,-5.772712,47.495819,83.620949,-4.067536,47.059071,1.25534,1.32492635178885,2.45708314780465,0.11250201786922051
7.12,86.7658295591843,-6.886886761145572,46.098331195293184,86.82491586201648,-6.180869257492006,45.907740261294535,1.016924,1.07329441057126,0.465222340880547,0.11250201786922051
1.1540,86.942886,-5.772712,47.495819,83.620949,-4.067536,47.059071,1.25534,1.32492635178885,2.45708314780465,0.14811612330615503
7.13,86.7658295591843,-6.886886761145572,46.098331195293184,86.81999459677196,-5.845843362696613,46.06011355057462,1.236683,1.30523515183878,0.697153498677902,0.14811612330615503
1.1540,86.942886,-5.772712,47.495819,83.620949,-4.067536,47.059071,1.25534,1.32492635178885,2.45708314780465,0.09263408046760503
7.14,86.7658295591843,-6.886886761145572,46.098331195293184,86.84459621387502,-5.494797933562612,45.9048795604718,1.641729,1.73273377299852,0.926796294823539,0.09263408046760503
1.1540,86.942886,-5.772712,47.495819,83.620949,-4.067536,47.059071,1.25534,1.32492635178885,2.45708314780465,0.12738040310878368
7.28,86.7658295591843,-6.886886761145572,46.098331195293184,85.98644320658008,-6.827538965164692,45.86240487816289,0.831637,0.877736530679039,0.511863279618235,0.12738040310878368
1.1540,86.942886,-5.772712,47.495819,83.620949,-4.067536,47.059071,1.25534,1.32492635178885,2.45708314780465,0.150794787321406
7.29,86.7658295591843,-6.886886761145572,46.098331195293184,85.59476319960956,-6.778327863274869,45.48308240631989,1.081559,1.14151227564994,0.787693520177652,0.150794787321406
1.1540,86.942886,-5.772712,47.495819,83.620949,-4.067536,47.059071,1.25534,1.32492635178885,2.45708314780465,0.08829213925757899
7.30,86.7658295591843,-6.886886761145572,46.098331195293184,85.15429599479369,-6.764778352915723,45.601047951278815,1.447824,1.52808017776247,1.06307867142585,0.08829213925757899
1.1540,86.942886,-5.772712,47.495819,83.620949,-4.067536,47.059071,1.25534,1.32492635178885,2.45708314780465,0.05347802672220756
7.150,86.75597523399955,-7.0805049942097575,47.01950767756114,86.67213705226933,-6.5194715769039675,46.06247477283212,0.676513,0.714013654490203,0.436177153789472,0.05347802672220756
1.1540,86.942886,-5.772712,47.495819,83.620949,-4.067536,47.059071,1.25534,1.32492635178885,2.45708314780465,0.08717398204288788
7.173,86.81015065275807,-7.015765527611462,48.1434476614611,86.82491586201648,-6.18100470046945,45.90764175083493,0.99107,1.04600726453979,0.819733487314654,0.08717398204288788
1.1540,86.942886,-5.772712,47.495819,83.620949,-4.067536,47.059071,1.25534,1.32492635178885,2.45708314780465,0.07937606780010172
7.176,86.81015065275807,-7.015765527611462,48.1434476614611,86.310560127,-6.860084007689782,45.83702009748614,1.016924,1.07329441057126,0.811818034561871,0.07937606780010172
1.1540,86.942886,-5.772712,47.495819,83.620949,-4.067536,47.059071,1.25534,1.32492635178885,2.45708314780465,0.09532331666068009
7.326,86.67213705226933,-6.519558598634678,46.06241949582053,86.68200747504233,-7.280263693587308,46.03108785269092,0.999688,1.05510297988361,0.510443530289591,0.09532331666068009
1.1540,86.942886,-5.772712,47.495819,83.620949,-4.067536,47.059071,1.25534,1.32492635178885,2.45708314780465,0.07709790359663242
7.372,86.73133114843384,-7.716599999716022,46.05736169788053,86.310560127,-6.860156280740104,45.83715294478239,1.189284,1.25520871744775,0.619818350309031,0.07709790359663242
1.1540,86.942886,-5.772712,47.495819,83.620949,-4.067536,47.059071,1.25534,1.32492635178885,2.45708314780465,0.06386899803155395
7.401,87.6499326488179,-6.998751909364609,46.24036111714411,86.310560127,-6.8601226584290576,45.837020064083724,1.236683,1.30523515183878,0.875836636653547,0.06386899803155395
1.1541,86.942886,-5.772712,47.495819,82.217201,-3.9041,46.465809,1.43997,1.51979081267656,3.36320736569369,0.05078678832571447
1.1553,86.942886,-5.772712,47.495819,85.342087,-6.53405,47.917694,1.09689,1.15769310785419,1.1536183451836,0.05078678832571447
1.1541,86.942886,-5.772712,47.495819,82.217201,-3.9041,46.465809,1.43997,1.51979081267656,3.36320736569369,0.2650208498878619
1.1555,86.942886,-5.772712,47.495819,84.220238,-6.195213,47.177876,1.62763,1.71785323335677,1.80854157162065,0.2650208498878619
1.1541,86.942886,-5.772712,47.495819,82.217201,-3.9041,46.465809,1.43997,1.51979081267656,3.36320736569369,0.1549980827584435
1.1556,86.942886,-5.772712,47.495819,84.730469,-5.735581,46.802689,0.814336,0.859476496893532,1.45993737007331,0.1549980827584435
1.1541,86.942886,-5.772712,47.495819,82.217201,-3.9041,46.465809,1.43997,1.51979081267656,3.36320736569369,0.2327582088447851
1.1557,86.942886,-5.772712,47.495819,84.02301,-5.473374,46.072578,1.26056,1.33043570826306,1.96832640882811,0.2327582088447851
1.1541,86.942886,-5.772712,47.495819,82.217201,-3.9041,46.465809,1.43997,1.51979081267656,3.36320736569369,0.10612786103931611
4.79,85.310013,-6.220155,45.670074,87.171516,-5.994797,45.503944,1.061796,1.12065376760399,1.2185176705218,0.10612786103931611
1.1541,86.942886,-5.772712,47.495819,82.217201,-3.9041,46.465809,1.43997,1.51979081267656,3.36320736569369,0.25479739608460755
4.80,85.030022,-5.810035,45.76997,87.249275,-6.008614,45.565529,1.508868,1.59250798554252,1.45207014802838,0.25479739608460755
1.1541,86.942886,-5.772712,47.495819,82.217201,-3.9041,46.465809,1.43997,1.51979081267656,3.36320736569369,0.10135757665209702
4.113,85.349991,-6.309961,45.84,87.219841,-6.046001,45.76025,1.061796,1.12065376760399,1.226484587438,0.10135757665209702
1.1541,86.942886,-5.772712,47.495819,82.217201,-3.9041,46.465809,1.43997,1.51979081267656,3.36320736569369,0.08871014672697898
5.44,85.349991,-6.309961,45.84,87.219841,-6.046001,45.76025,0.991625,1.04659302945228,1.226484587438,0.08871014672697898
1.1541,86.942886,-5.772712,47.495819,82.217201,-3.9041,46.465809,1.43997,1.51979081267656,3.36320736569369,0.07547828436642062
7.30,86.7658295591843,-6.886886761145572,46.098331195293184,85.15429599479369,-6.764778352915723,45.601047951278815,1.447824,1.52808017776247,1.06307867142585,0.07547828436642062
1.1542,86.942886,-5.772712,47.495819,83.431854,-4.192916,46.389454,1.21836,1.28589646626847,2.54007403204786,0.09725525928703489
1.1553,86.942886,-5.772712,47.495819,85.342087,-6.53405,47.917694,1.09689,1.15769310785419,1.1536183451836,0.09725525928703489
1.1542,86.942886,-5.772712,47.495819,83.431854,-4.192916,46.389454,1.21836,1.28589646626847,2.54007403204786,0.211781291702816
4.78,85.979988,-6.429916,45.730019,87.029762,-6.35292,45.572887,0.819632,0.865066066220625,0.683268694651537,0.211781291702816
1.1542,86.942886,-5.772712,47.495819,83.431854,-4.192916,46.389454,1.21836,1.28589646626847,2.54007403204786,0.10255168773651377
4.79,85.310013,-6.220155,45.670074,87.171516,-5.994797,45.503944,1.061796,1.12065376760399,1.2185176705218,0.10255168773651377
1.1542,86.942886,-5.772712,47.495819,83.431854,-4.192916,46.389454,1.21836,1.28589646626847,2.54007403204786,0.12358339885573065
4.110,85.940002,-6.520092,45.909935,86.902222,-6.814412,46.087063,0.633352,0.668460142079574,0.653008822358796,0.12358339885573065
1.1542,86.942886,-5.772712,47.495819,83.431854,-4.192916,46.389454,1.21836,1.28589646626847,2.54007403204786,0.2287051799155728
4.111,85.480003,-6.330004,45.91003,86.772034,-6.72852,46.01907,0.707864,0.747102511735995,0.880016846155468,0.2287051799155728
1.1542,86.942886,-5.772712,47.495819,83.431854,-4.192916,46.389454,1.21836,1.28589646626847,2.54007403204786,0.09335296263515974
4.112,85.609985,-6.349862,45.950016,87.36837,-6.851581,46.277355,0.83826,0.884726658634731,1.18610243356276,0.09335296263515974
1.1542,86.942886,-5.772712,47.495819,83.431854,-4.192916,46.389454,1.21836,1.28589646626847,2.54007403204786,0.09895688553873479
4.113,85.349991,-6.309961,45.84,87.219841,-6.046001,45.76025,1.061796,1.12065376760399,1.226484587438,0.09895688553873479
1.1542,86.942886,-5.772712,47.495819,83.431854,-4.192916,46.389454,1.21836,1.28589646626847,2.54007403204786,0.09778768042125346
5.43,85.609985,-6.349862,45.950016,87.36837,-6.851581,46.277355,0.87263,0.921001865918003,1.18610243356276,0.09778768042125346
1.1542,86.942886,-5.772712,47.495819,83.431854,-4.192916,46.389454,1.21836,1.28589646626847,2.54007403204786,0.09847918349839291
5.44,85.349991,-6.309961,45.84,87.219841,-6.046001,45.76025,0.991625,1.04659302945228,1.226484587438,0.09847918349839291
1.1542,86.942886,-5.772712,47.495819,83.431854,-4.192916,46.389454,1.21836,1.28589646626847,2.54007403204786,0.05344411416055557
7.2,86.7658295591843,-6.886886761145572,46.098331195293184,86.81015065275807,-7.0156311121221115,48.143548294773986,0.866109,0.914119392054336,0.660241081727194,0.05344411416055557
1.1542,86.942886,-5.772712,47.495819,83.431854,-4.192916,46.389454,1.21836,1.28589646626847,2.54007403204786,0.07641995192241165
7.11,86.7658295591843,-6.886886761145572,46.098331195293184,86.67213705226933,-6.519359340795727,46.06245360662531,0.719603,0.759492231209324,0.250891896402348,0.07641995192241165
1.1542,86.942886,-5.772712,47.495819,83.431854,-4.192916,46.389454,1.21836,1.28589646626847,2.54007403204786,0.12396846133118831
7.12,86.7658295591843,-6.886886761145572,46.098331195293184,86.82491586201648,-6.180869257492006,45.907740261294535,1.016924,1.07329441057126,0.465222340880547,0.12396846133118831
1.1542,86.942886,-5.772712,47.495819,83.431854,-4.192916,46.389454,1.21836,1.28589646626847,2.54007403204786,0.16174153925242057
7.13,86.7658295591843,-6.886886761145572,46.098331195293184,86.81999459677196,-5.845843362696613,46.06011355057462,1.236683,1.30523515183878,0.697153498677902,0.16174153925242057
1.1542,86.942886,-5.772712,47.495819,83.431854,-4.192916,46.389454,1.21836,1.28589646626847,2.54007403204786,0.11300208150272814
7.14,86.7658295591843,-6.886886761145572,46.098331195293184,86.84459621387502,-5.494797933562612,45.9048795604718,1.641729,1.73273377299852,0.926796294823539,0.11300208150272814
1.1542,86.942886,-5.772712,47.495819,83.431854,-4.192916,46.389454,1.21836,1.28589646626847,2.54007403204786,0.052853937897403766
7.22,86.7658295591843,-6.886886761145572,46.098331195293184,87.6499326488179,-6.998575926054295,46.24046019428114,0.909199,0.959597968773457,0.574279422985379,0.052853937897403766
1.1542,86.942886,-5.772712,47.495819,83.431854,-4.192916,46.389454,1.21836,1.28589646626847,2.54007403204786,0.05072868629127751
7.23,86.7658295591843,-6.886886761145572,46.098331195293184,87.91079767346552,-6.9129162037571685,46.25462110904115,1.240992,1.30978300951069,0.737567000787505,0.05072868629127751
1.1542,86.942886,-5.772712,47.495819,83.431854,-4.192916,46.389454,1.21836,1.28589646626847,2.54007403204786,0.1662645773484818
7.28,86.7658295591843,-6.886886761145572,46.098331195293184,85.98644320658008,-6.827538965164692,45.86240487816289,0.831637,0.877736530679039,0.511863279618235,0.1662645773484818
1.1542,86.942886,-5.772712,47.495819,83.431854,-4.192916,46.389454,1.21836,1.28589646626847,2.54007403204786,0.23008247311147448
7.29,86.7658295591843,-6.886886761145572,46.098331195293184,85.59476319960956,-6.778327863274869,45.48308240631989,1.081559,1.14151227564994,0.787693520177652,0.23008247311147448
1.1542,86.942886,-5.772712,47.495819,83.431854,-4.192916,46.389454,1.21836,1.28589646626847,2.54007403204786,0.16984446184849808
7.30,86.7658295591843,-6.886886761145572,46.098331195293184,85.15429599479369,-6.764778352915723,45.601047951278815,1.447824,1.52808017776247,1.06307867142585,0.16984446184849808
1.1542,86.942886,-5.772712,47.495819,83.431854,-4.192916,46.389454,1.21836,1.28589646626847,2.54007403204786,0.06919396411481028
7.150,86.75597523399955,-7.0805049942097575,47.01950767756114,86.67213705226933,-6.5194715769039675,46.06247477283212,0.676513,0.714013654490203,0.436177153789472,0.06919396411481028
1.1542,86.942886,-5.772712,47.495819,83.431854,-4.192916,46.389454,1.21836,1.28589646626847,2.54007403204786,0.11069593155855954
7.173,86.81015065275807,-7.015765527611462,48.1434476614611,86.82491586201648,-6.18100470046945,45.90764175083493,0.99107,1.04600726453979,0.819733487314654,0.11069593155855954
1.1542,86.942886,-5.772712,47.495819,83.431854,-4.192916,46.389454,1.21836,1.28589646626847,2.54007403204786,0.11211494014756818
7.176,86.81015065275807,-7.015765527611462,48.1434476614611,86.310560127,-6.860084007689782,45.83702009748614,1.016924,1.07329441057126,0.811818034561871,0.11211494014756818
1.1542,86.942886,-5.772712,47.495819,83.431854,-4.192916,46.389454,1.21836,1.28589646626847,2.54007403204786,0.06690146284355775
7.195,86.72147020278406,-6.952600082149929,49.03401581095122,86.81999459677196,-5.846014174645475,46.06013302990502,1.228065,1.29613943649495,1.08824679430831,0.06690146284355775
1.1542,86.942886,-5.772712,47.495819,83.431854,-4.192916,46.389454,1.21836,1.28589646626847,2.54007403204786,0.06106788557312832
7.198,86.72147020278406,-6.952600082149929,49.03401581095122,85.98644320658008,-6.827708049455983,45.86242408965355,1.486605,1.56901089680968,1.12956833732335,0.06106788557312832
1.1542,86.942886,-5.772712,47.495819,83.431854,-4.192916,46.389454,1.21836,1.28589646626847,2.54007403204786,0.10463925257177324
7.326,86.67213705226933,-6.519558598634678,46.06241949582053,86.68200747504233,-7.280263693587308,46.03108785269092,0.999688,1.05510297988361,0.510443530289591,0.10463925257177324
1.1542,86.942886,-5.772712,47.495819,83.431854,-4.192916,46.389454,1.21836,1.28589646626847,2.54007403204786,0.09888973071631982
7.372,86.73133114843384,-7.716599999716022,46.05736169788053,86.310560127,-6.860156280740104,45.83715294478239,1.189284,1.25520871744775,0.619818350309031,0.09888973071631982
1.1542,86.942886,-5.772712,47.495819,83.431854,-4.192916,46.389454,1.21836,1.28589646626847,2.54007403204786,0.06587901805536749
7.378,86.71653901991426,-8.005070158690897,46.03431684995611,85.98644320658008,-6.827612342111877,45.862318217789856,1.719291,1.81459521109294,0.904169613098083,0.06587901805536749
1.1542,86.942886,-5.772712,47.495819,83.431854,-4.192916,46.389454,1.21836,1.28589646626847,2.54007403204786,0.09374317809783445
7.401,87.6499326488179,-6.998751909364609,46.24036111714411,86.310560127,-6.8601226584290576,45.837020064083724,1.236683,1.30523515183878,0.875836636653547,0.09374317809783445
1.1543,86.942886,-5.772712,47.495819,91.410461,-7.502476,51.113781,1.33224,1.40608909371738,3.1637776440797,0.1146670539724296
1.1548,86.942886,-5.772712,47.495819,87.930069,-6.99113,49.122559,1.20766,1.27460334092861,1.07243488306557,0.1146670539724296
1.1543,86.942886,-5.772712,47.495819,91.410461,-7.502476,51.113781,1.33224,1.40608909371738,3.1637776440797,0.14354421869327907
1.1549,86.942886,-5.772712,47.495819,87.881874,-7.838681,49.903168,1.35722,1.43245379194072,1.53133486895578,0.14354421869327907
1.1544,86.942886,-5.772712,47.495819,89.896469,-6.907967,49.961231,1.12526,1.18763572148894,2.11385918012187,0.06094528090423933
4.29,86.979988,-6.069949,47.359993,87.278404,-6.311615,49.833576,0.549526,0.579987476216101,0.800176378104161,0.06094528090423933
1.1544,86.942886,-5.772712,47.495819,89.896469,-6.907967,49.961231,1.12526,1.18763572148894,2.11385918012187,0.09344697209057974
7.2,86.7658295591843,-6.886886761145572,46.098331195293184,86.81015065275807,-7.0156311121221115,48.143548294773986,0.866109,0.914119392054336,0.660241081727194,0.09344697209057974
1.1545,86.942886,-5.772712,47.495819,90.670273,-7.540106,51.110573,1.29673,1.36861069364089,2.76982829578079,0.25180621585197127
1.1548,86.942886,-5.772712,47.495819,87.930069,-6.99113,49.122559,1.20766,1.27460334092861,1.07243488306557,0.25180621585197127
1.1545,86.942886,-5.772712,47.495819,90.670273,-7.540106,51.110573,1.29673,1.36861069364089,2.76982829578079,0.05389237012988247
1.1549,86.942886,-5.772712,47.495819,87.881874,-7.838681,49.903168,1.35722,1.43245379194072,1.53133486895578,0.05389237012988247
1.1545,86.942886,-5.772712,47.495819,90.670273,-7.540106,51.110573,1.29673,1.36861069364089,2.76982829578079,0.10979813451838207
1.1550,86.942886,-5.772712,47.495819,87.143791,-7.264488,49.269188,1.20766,1.27460334092861,1.03686867969777,0.10979813451838207
1.1545,86.942886,-5.772712,47.495819,90.670273,-7.540106,51.110573,1.29673,1.36861069364089,2.76982829578079,0.06340106113374706
4.28,86.750015,-6.710108,46.240025,87.279526,-6.291,49.857285,0.9314,0.983029620705256,1.30644491615119,0.06340106113374706
1.1546,86.942886,-5.772712,47.495819,89.794304,-7.220405,50.10902,1.00259,1.05816584434495,2.1365068150797,0.11035157093493116
4.29,86.979988,-6.069949,47.359993,87.278404,-6.311615,49.833576,0.549526,0.579987476216101,0.800176378104161,0.11035157093493116
1.1546,86.942886,-5.772712,47.495819,89.794304,-7.220405,50.10902,1.00259,1.05816584434495,2.1365068150797,0.10541646061724334
7.2,86.7658295591843,-6.886886761145572,46.098331195293184,86.81015065275807,-7.0156311121221115,48.143548294773986,0.866109,0.914119392054336,0.660241081727194,0.10541646061724334
1.1547,86.942886,-5.772712,47.495819,89.435135,-7.567106,50.443893,1.12526,1.18763572148894,2.0792271183787,0.05186288471056777
4.29,86.979988,-6.069949,47.359993,87.278404,-6.311615,49.833576,0.549526,0.579987476216101,0.800176378104161,0.05186288471056777
1.1547,86.942886,-5.772712,47.495819,89.435135,-7.567106,50.443893,1.12526,1.18763572148894,2.0792271183787,0.08543084224039298
7.2,86.7658295591843,-6.886886761145572,46.098331195293184,86.81015065275807,-7.0156311121221115,48.143548294773986,0.866109,0.914119392054336,0.660241081727194,0.08543084224039298
1.1551,86.942886,-5.772712,47.495819,86.672134,-7.051656,48.489632,1.09689,1.15769310785419,0.859300992506185,0.06523465145478466
1.1554,86.942886,-5.772712,47.495819,83.986595,-7.07474,47.7943,1.50579,1.58925936500082,2.11347106998291,0.06523465145478466
1.1553,86.942886,-5.772712,47.495819,85.342087,-6.53405,47.917694,1.09689,1.15769310785419,1.1536183451836,0.07462342851689052
1.1558,86.942886,-5.772712,47.495819,82.838913,-4.949241,45.06913,1.4256,1.50462425088835,2.84389222839826,0.07462342851689052
1.1554,86.942886,-5.772712,47.495819,83.986595,-7.07474,47.7943,1.50579,1.58925936500082,2.11347106998291,0.07163410578265693
7.2,86.7658295591843,-6.886886761145572,46.098331195293184,86.81015065275807,-7.0156311121221115,48.143548294773986,0.866109,0.914119392054336,0.660241081727194,0.07163410578265693
1.1554,86.942886,-5.772712,47.495819,83.986595,-7.07474,47.7943,1.50579,1.58925936500082,2.11347106998291,0.18552489124210944
7.12,86.7658295591843,-6.886886761145572,46.098331195293184,86.82491586201648,-6.180869257492006,45.907740261294535,1.016924,1.07329441057126,0.465222340880547,0.18552489124210944
1.1554,86.942886,-5.772712,47.495819,83.986595,-7.07474,47.7943,1.50579,1.58925936500082,2.11347106998291,0.12496781137923445
7.13,86.7658295591843,-6.886886761145572,46.098331195293184,86.81999459677196,-5.845843362696613,46.06011355057462,1.236683,1.30523515183878,0.697153498677902,0.12496781137923445
1.1554,86.942886,-5.772712,47.495819,83.986595,-7.07474,47.7943,1.50579,1.58925936500082,2.11347106998291,0.19670997255918476
7.17,86.7658295591843,-6.886886761145572,46.098331195293184,86.73133114843384,-7.716392250654735,46.05732678867667,1.245301,1.3143308671826,0.555198106908436,0.19670997255918476
1.1554,86.942886,-5.772712,47.495819,83.986595,-7.07474,47.7943,1.50579,1.58925936500082,2.11347106998291,0.0807685688724439
7.18,86.7658295591843,-6.886886761145572,46.098331195293184,86.71653901991426,-8.00499584907055,46.03440374663597,1.443515,1.52353232009056,0.748136633939822,0.0807685688724439
1.1554,86.942886,-5.772712,47.495819,83.986595,-7.07474,47.7943,1.50579,1.58925936500082,2.11347106998291,0.08392097095820937
7.22,86.7658295591843,-6.886886761145572,46.098331195293184,87.6499326488179,-6.998575926054295,46.24046019428114,0.909199,0.959597968773457,0.574279422985379,0.08392097095820937
1.1554,86.942886,-5.772712,47.495819,83.986595,-7.07474,47.7943,1.50579,1.58925936500082,2.11347106998291,0.09303999346380125
7.23,86.7658295591843,-6.886886761145572,46.098331195293184,87.91079767346552,-6.9129162037571685,46.25462110904115,1.240992,1.30978300951069,0.737567000787505,0.09303999346380125
1.1554,86.942886,-5.772712,47.495819,83.986595,-7.07474,47.7943,1.50579,1.58925936500082,2.11347106998291,0.09787219844839123
7.28,86.7658295591843,-6.886886761145572,46.098331195293184,85.98644320658008,-6.827538965164692,45.86240487816289,0.831637,0.877736530679039,0.511863279618235,0.09787219844839123
1.1554,86.942886,-5.772712,47.495819,83.986595,-7.07474,47.7943,1.50579,1.58925936500082,2.11347106998291,0.09174830678102551
7.29,86.7658295591843,-6.886886761145572,46.098331195293184,85.59476319960956,-6.778327863274869,45.48308240631989,1.081559,1.14151227564994,0.787693520177652,0.09174830678102551
1.1554,86.942886,-5.772712,47.495819,83.986595,-7.07474,47.7943,1.50579,1.58925936500082,2.11347106998291,0.05935573002151172
7.173,86.81015065275807,-7.015765527611462,48.1434476614611,86.82491586201648,-6.18100470046945,45.90764175083493,0.99107,1.04600726453979,0.819733487314654,0.05935573002151172
1.1554,86.942886,-5.772712,47.495819,83.986595,-7.07474,47.7943,1.50579,1.58925936500082,2.11347106998291,0.08579563982351544
7.175,86.81015065275807,-7.015765527611462,48.1434476614611,87.6499326488179,-6.998712721472566,46.240361130638206,1.516768,1.60084590051307,0.825444916404479,0.08579563982351544
1.1554,86.942886,-5.772712,47.495819,83.986595,-7.07474,47.7943,1.50579,1.58925936500082,2.11347106998291,0.058519049166964036
7.176,86.81015065275807,-7.015765527611462,48.1434476614611,86.310560127,-6.860084007689782,45.83702009748614,1.016924,1.07329441057126,0.811818034561871,0.058519049166964036
1.1554,86.942886,-5.772712,47.495819,83.986595,-7.07474,47.7943,1.50579,1.58925936500082,2.11347106998291,0.1661774673786543
7.326,86.67213705226933,-6.519558598634678,46.06241949582053,86.68200747504233,-7.280263693587308,46.03108785269092,0.999688,1.05510297988361,0.510443530289591,0.1661774673786543
1.1554,86.942886,-5.772712,47.495819,83.986595,-7.07474,47.7943,1.50579,1.58925936500082,2.11347106998291,0.07493486516018562
7.363,86.68200747504233,-7.280085367129763,46.03106856196435,87.06548305268728,-6.97155677878386,46.357821416154096,0.814401,0.859545099991391,0.354826048707288,0.07493486516018562
1.1554,86.942886,-5.772712,47.495819,83.986595,-7.07474,47.7943,1.50579,1.58925936500082,2.11347106998291,0.10631528819274577
7.364,86.68200747504233,-7.280085367129763,46.03106856196435,86.86918606662296,-6.886655594286806,46.259313040461,0.857491,0.905023676710512,0.313768119000489,0.10631528819274577
1.1554,86.942886,-5.772712,47.495819,83.986595,-7.07474,47.7943,1.50579,1.58925936500082,2.11347106998291,0.07532721202107652
7.371,86.73133114843384,-7.716599999716022,46.05736169788053,87.6499326488179,-6.998785971190136,46.24049556143972,1.469369,1.55081946612203,0.771013301673368,0.07532721202107652
1.1554,86.942886,-5.772712,47.495819,83.986595,-7.07474,47.7943,1.50579,1.58925936500082,2.11347106998291,0.14004987277971878
7.372,86.73133114843384,-7.716599999716022,46.05736169788053,86.310560127,-6.860156280740104,45.83715294478239,1.189284,1.25520871744775,0.619818350309031,0.14004987277971878
1.1555,86.942886,-5.772712,47.495819,84.220238,-6.195213,47.177876,1.62763,1.71785323335677,1.80854157162065,0.06966336721500276
1.1560,86.942886,-5.772712,47.495819,82.324951,-4.398858,44.314445,1.26056,1.33043570826306,3.30600150281327,0.06966336721500276
1.1555,86.942886,-5.772712,47.495819,84.220238,-6.195213,47.177876,1.62763,1.71785323335677,1.80854157162065,0.05048378614983999
7.12,86.7658295591843,-6.886886761145572,46.098331195293184,86.82491586201648,-6.180869257492006,45.907740261294535,1.016924,1.07329441057126,0.465222340880547,0.05048378614983999
1.1556,86.942886,-5.772712,47.495819,84.730469,-5.735581,46.802689,0.814336,0.859476496893532,1.45993737007331,0.07491450717508721
1.1558,86.942886,-5.772712,47.495819,82.838913,-4.949241,45.06913,1.4256,1.50462425088835,2.84389222839826,0.07491450717508721
1.1556,86.942886,-5.772712,47.495819,84.730469,-5.735581,46.802689,0.814336,0.859476496893532,1.45993737007331,0.15267168092872677
1.1560,86.942886,-5.772712,47.495819,82.324951,-4.398858,44.314445,1.26056,1.33043570826306,3.30600150281327,0.15267168092872677
1.1556,86.942886,-5.772712,47.495819,84.730469,-5.735581,46.802689,0.814336,0.859476496893532,1.45993737007331,0.06394308084377366
1.1561,86.942886,-5.772712,47.495819,83.247322,-4.40695,44.697357,1.0854,1.14556619101727,2.70392923945164,0.06394308084377366
1.1556,86.942886,-5.772712,47.495819,84.730469,-5.735581,46.802689,0.814336,0.859476496893532,1.45993737007331,0.05390301664897039
1.1839,86.765831,-6.928959,46.017548,86.834755,-7.039258,46.092392,0.157364,0.166087044484284,0.0846904704475316,0.05390301664897039
1.1556,86.942886,-5.772712,47.495819,84.730469,-5.735581,46.802689,0.814336,0.859476496893532,1.45993737007331,0.05581934182462105
1.1859,86.765831,-6.928959,46.017548,86.706673,-7.091123,46.216839,0.190992,0.201579121019689,0.119405734866329,0.05581934182462105
1.1556,86.942886,-5.772712,47.495819,84.730469,-5.735581,46.802689,0.814336,0.859476496893532,1.45993737007331,0.06548277954082446
7.11,86.7658295591843,-6.886886761145572,46.098331195293184,86.67213705226933,-6.519359340795727,46.06245360662531,0.719603,0.759492231209324,0.250891896402348,0.06548277954082446
1.1556,86.942886,-5.772712,47.495819,84.730469,-5.735581,46.802689,0.814336,0.859476496893532,1.45993737007331,0.08337738087462378
7.21,86.7658295591843,-6.886886761145572,46.098331195293184,87.06548305268728,-6.971535805476991,46.357875036118216,0.56017,0.591221497348576,0.214106544175789,0.08337738087462378
1.1556,86.942886,-5.772712,47.495819,84.730469,-5.735581,46.802689,0.814336,0.859476496893532,1.45993737007331,0.18509270982685525
7.26,86.7658295591843,-6.886886761145572,46.098331195293184,86.86918606662296,-6.8866346751793595,46.259366564223356,0.499844,0.527551489941806,0.0857532549074985,0.18509270982685525
1.1556,86.942886,-5.772712,47.495819,84.730469,-5.735581,46.802689,0.814336,0.859476496893532,1.45993737007331,0.05337559133092695
7.153,86.75597523399955,-7.0805049942097575,47.01950767756114,86.86918606662296,-6.886747013593375,46.25938773417913,0.667895,0.704917939146379,0.265804970452384,0.05337559133092695
1.1556,86.942886,-5.772712,47.495819,84.730469,-5.735581,46.802689,0.814336,0.859476496893532,1.45993737007331,0.13865369782045692
7.395,87.06548305268728,-6.971733673128422,46.35781520139523,86.86918606662296,-6.886832166792811,46.25930684158277,0.564479,0.595769355020488,0.139491073369588,0.13865369782045692
1.1557,86.942886,-5.772712,47.495819,84.02301,-5.473374,46.072578,1.26056,1.33043570826306,1.96832640882811,0.14854607661989522
1.1560,86.942886,-5.772712,47.495819,82.324951,-4.398858,44.314445,1.26056,1.33043570826306,3.30600150281327,0.14854607661989522
1.1557,86.942886,-5.772712,47.495819,84.02301,-5.473374,46.072578,1.26056,1.33043570826306,1.96832640882811,0.2560943450973723
1.1562,86.942886,-5.772712,47.495819,82.049713,-3.953941,43.879051,1.29673,1.36861069364089,3.59739298790312,0.2560943450973723
1.1557,86.942886,-5.772712,47.495819,84.02301,-5.473374,46.072578,1.26056,1.33043570826306,1.96832640882811,0.05053361074308815
1.1835,86.765831,-6.928959,46.017548,86.538696,-6.474298,46.026039,0.49986,0.527568376858202,0.338468550162298,0.05053361074308815
1.1557,86.942886,-5.772712,47.495819,84.02301,-5.473374,46.072578,1.26056,1.33043570826306,1.96832640882811,0.09097488870046194
1.1857,86.765831,-6.928959,46.017548,86.716537,-6.298257,45.617359,0.604099,0.637585581746215,0.415782418743921,0.09097488870046194
1.1557,86.942886,-5.772712,47.495819,84.02301,-5.473374,46.072578,1.26056,1.33043570826306,1.96832640882811,0.09050505186133441
4.78,85.979988,-6.429916,45.730019,87.029762,-6.35292,45.572887,0.819632,0.865066066220625,0.683268694651537,0.09050505186133441
1.1557,86.942886,-5.772712,47.495819,84.02301,-5.473374,46.072578,1.26056,1.33043570826306,1.96832640882811,0.05056879614733878
4.109,86.06002,-6.510134,46.07003,86.660881,-6.757248,45.880108,0.502956,0.530835995180838,0.433655844322283,0.05056879614733878
1.1557,86.942886,-5.772712,47.495819,84.02301,-5.473374,46.072578,1.26056,1.33043570826306,1.96832640882811,0.05429382505276435
4.110,85.940002,-6.520092,45.909935,86.902222,-6.814412,46.087063,0.633352,0.668460142079574,0.653008822358796,0.05429382505276435
1.1557,86.942886,-5.772712,47.495819,84.02301,-5.473374,46.072578,1.26056,1.33043570826306,1.96832640882811,0.0818554799079964
7.1,86.7658295591843,-6.886886761145572,46.098331195293184,86.75597523399955,-7.080393198347301,47.01948666710658,0.573097,0.604865070364312,0.303627976136129,0.0818554799079964
1.1557,86.942886,-5.772712,47.495819,84.02301,-5.473374,46.072578,1.26056,1.33043570826306,1.96832640882811,0.0726950513097018
7.2,86.7658295591843,-6.886886761145572,46.098331195293184,86.81015065275807,-7.0156311121221115,48.143548294773986,0.866109,0.914119392054336,0.660241081727194,0.0726950513097018
1.1557,86.942886,-5.772712,47.495819,84.02301,-5.473374,46.072578,1.26056,1.33043570826306,1.96832640882811,0.09011646788151753
7.6,86.7658295591843,-6.886886761145572,46.098331195293184,86.7658295591843,-6.879838482499623,45.06109979171189,0.633423,0.668535077771082,0.348530911713251,0.09011646788151753
1.1557,86.942886,-5.772712,47.495819,84.02301,-5.473374,46.072578,1.26056,1.33043570826306,1.96832640882811,0.2527324689130903
7.11,86.7658295591843,-6.886886761145572,46.098331195293184,86.67213705226933,-6.519359340795727,46.06245360662531,0.719603,0.759492231209324,0.250891896402348,0.2527324689130903
1.1557,86.942886,-5.772712,47.495819,84.02301,-5.473374,46.072578,1.26056,1.33043570826306,1.96832640882811,0.25435338222534853
7.12,86.7658295591843,-6.886886761145572,46.098331195293184,86.82491586201648,-6.180869257492006,45.907740261294535,1.016924,1.07329441057126,0.465222340880547,0.25435338222534853
1.1557,86.942886,-5.772712,47.495819,84.02301,-5.473374,46.072578,1.26056,1.33043570826306,1.96832640882811,0.06571446403834313
7.13,86.7658295591843,-6.886886761145572,46.098331195293184,86.81999459677196,-5.845843362696613,46.06011355057462,1.236683,1.30523515183878,0.697153498677902,0.06571446403834313
1.1557,86.942886,-5.772712,47.495819,84.02301,-5.473374,46.072578,1.26056,1.33043570826306,1.96832640882811,0.11837908971776405
7.16,86.7658295591843,-6.886886761145572,46.098331195293184,86.68200747504233,-7.2800643872653055,46.03112187063765,0.650659,0.68672650845873,0.273539295395663,0.11837908971776405
1.1557,86.942886,-5.772712,47.495819,84.02301,-5.473374,46.072578,1.26056,1.33043570826306,1.96832640882811,0.08645647017314803
7.17,86.7658295591843,-6.886886761145572,46.098331195293184,86.73133114843384,-7.716392250654735,46.05732678867667,1.245301,1.3143308671826,0.555198106908436,0.08645647017314803
1.1557,86.942886,-5.772712,47.495819,84.02301,-5.473374,46.072578,1.26056,1.33043570826306,1.96832640882811,0.08096382897048052
7.21,86.7658295591843,-6.886886761145572,46.098331195293184,87.06548305268728,-6.971535805476991,46.357875036118216,0.56017,0.591221497348576,0.214106544175789,0.08096382897048052
1.1557,86.942886,-5.772712,47.495819,84.02301,-5.473374,46.072578,1.26056,1.33043570826306,1.96832640882811,0.11642394752322809
7.22,86.7658295591843,-6.886886761145572,46.098331195293184,87.6499326488179,-6.998575926054295,46.24046019428114,0.909199,0.959597968773457,0.574279422985379,0.11642394752322809
1.1557,86.942886,-5.772712,47.495819,84.02301,-5.473374,46.072578,1.26056,1.33043570826306,1.96832640882811,0.05108598431140039
7.26,86.7658295591843,-6.886886761145572,46.098331195293184,86.86918606662296,-6.8866346751793595,46.259366564223356,0.499844,0.527551489941806,0.0857532549074985,0.05108598431140039
1.1557,86.942886,-5.772712,47.495819,84.02301,-5.473374,46.072578,1.26056,1.33043570826306,1.96832640882811,0.11869509161501728
7.27,86.7658295591843,-6.886886761145572,46.098331195293184,86.310560127,-6.8599491075010395,45.83711809189859,0.586024,0.618508643380048,0.306933125460867,0.11869509161501728
1.1557,86.942886,-5.772712,47.495819,84.02301,-5.473374,46.072578,1.26056,1.33043570826306,1.96832640882811,0.23249461877626965
7.28,86.7658295591843,-6.886886761145572,46.098331195293184,85.98644320658008,-6.827538965164692,45.86240487816289,0.831637,0.877736530679039,0.511863279618235,0.23249461877626965
1.1557,86.942886,-5.772712,47.495819,84.02301,-5.473374,46.072578,1.26056,1.33043570826306,1.96832640882811,0.050560992583018764
7.29,86.7658295591843,-6.886886761145572,46.098331195293184,85.59476319960956,-6.778327863274869,45.48308240631989,1.081559,1.14151227564994,0.787693520177652,0.050560992583018764
1.1557,86.942886,-5.772712,47.495819,84.02301,-5.473374,46.072578,1.26056,1.33043570826306,1.96832640882811,0.06202435038984969
7.149,86.75597523399955,-7.0805049942097575,47.01950767756114,86.7658295591843,-6.87995126180313,45.061121121607314,0.805783,0.850449384647567,0.638467084531517,0.06202435038984969
1.1557,86.942886,-5.772712,47.495819,84.02301,-5.473374,46.072578,1.26056,1.33043570826306,1.96832640882811,0.14510148455442717
7.150,86.75597523399955,-7.0805049942097575,47.01950767756114,86.67213705226933,-6.5194715769039675,46.06247477283212,0.676513,0.714013654490203,0.436177153789472,0.14510148455442717
1.1557,86.942886,-5.772712,47.495819,84.02301,-5.473374,46.072578,1.26056,1.33043570826306,1.96832640882811,0.1395092125622523
7.151,86.75597523399955,-7.0805049942097575,47.01950767756114,86.68200747504233,-7.280176520205628,46.031143001653476,0.710985,0.7503965158655,0.385588115662238,0.1395092125622523
1.1557,86.942886,-5.772712,47.495819,84.02301,-5.473374,46.072578,1.26056,1.33043570826306,1.96832640882811,0.1403644472280885
7.152,86.75597523399955,-7.0805049942097575,47.01950767756114,87.06548305268728,-6.971648341004888,46.35789624084199,0.719603,0.759492231209324,0.293208220537095,0.1403644472280885
1.1557,86.942886,-5.772712,47.495819,84.02301,-5.473374,46.072578,1.26056,1.33043570826306,1.96832640882811,0.1457608457839515
7.153,86.75597523399955,-7.0805049942097575,47.01950767756114,86.86918606662296,-6.886747013593375,46.25938773417913,0.667895,0.704917939146379,0.265804970452384,0.1457608457839515
1.1557,86.942886,-5.772712,47.495819,84.02301,-5.473374,46.072578,1.26056,1.33043570826306,1.96832640882811,0.12596926898172428
7.260,86.7658295591843,-6.879953493182267,45.0610094225081,86.67213705226933,-6.519473627479677,46.06236228685343,0.762693,0.804970807928445,0.460815734140851,0.12596926898172428
1.1557,86.942886,-5.772712,47.495819,84.02301,-5.473374,46.072578,1.26056,1.33043570826306,1.96832640882811,0.09532985678269648
7.261,86.7658295591843,-6.879953493182267,45.0610094225081,86.68200747504233,-7.280178933615322,46.031030759604974,0.667895,0.704917939146379,0.375128802654461,0.09532985678269648
1.1557,86.942886,-5.772712,47.495819,84.02301,-5.473374,46.072578,1.26056,1.33043570826306,1.96832640882811,0.15565710812117625
7.326,86.67213705226933,-6.519558598634678,46.06241949582053,86.68200747504233,-7.280263693587308,46.03108785269092,0.999688,1.05510297988361,0.510443530289591,0.15565710812117625
1.1557,86.942886,-5.772712,47.495819,84.02301,-5.473374,46.072578,1.26056,1.33043570826306,1.96832640882811,0.20361130719234508
7.363,86.68200747504233,-7.280085367129763,46.03106856196435,87.06548305268728,-6.97155677878386,46.357821416154096,0.814401,0.859545099991391,0.354826048707288,0.20361130719234508
1.1557,86.942886,-5.772712,47.495819,84.02301,-5.473374,46.072578,1.26056,1.33043570826306,1.96832640882811,0.24094050592051391
7.364,86.68200747504233,-7.280085367129763,46.03106856196435,86.86918606662296,-6.886655594286806,46.259313040461,0.857491,0.905023676710512,0.313768119000489,0.24094050592051391
1.1557,86.942886,-5.772712,47.495819,84.02301,-5.473374,46.072578,1.26056,1.33043570826306,1.96832640882811,0.11675822261945722
7.372,86.73133114843384,-7.716599999716022,46.05736169788053,86.310560127,-6.860156280740104,45.83715294478239,1.189284,1.25520871744775,0.619818350309031,0.11675822261945722
1.1557,86.942886,-5.772712,47.495819,84.02301,-5.473374,46.072578,1.26056,1.33043570826306,1.96832640882811,0.0808253741620147
7.395,87.06548305268728,-6.971733673128422,46.35781520139523,86.86918606662296,-6.886832166792811,46.25930684158277,0.564479,0.595769355020488,0.139491073369588,0.0808253741620147
1.1558,86.942886,-5.772712,47.495819,82.838913,-4.949241,45.06913,1.4256,1.50462425088835,2.84389222839826,0.05072542013517088
4.26,85.62999,-6.880021,44.009979,85.407852,-5.048718,44.927666,1.173564,1.23861732208862,1.35377537091856,0.05072542013517088
1.1558,86.942886,-5.772712,47.495819,82.838913,-4.949241,45.06913,1.4256,1.50462425088835,2.84389222839826,0.09503172814067679
4.78,85.979988,-6.429916,45.730019,87.029762,-6.35292,45.572887,0.819632,0.865066066220625,0.683268694651537,0.09503172814067679
1.1558,86.942886,-5.772712,47.495819,82.838913,-4.949241,45.06913,1.4256,1.50462425088835,2.84389222839826,0.3222536191484536
4.79,85.310013,-6.220155,45.670074,87.171516,-5.994797,45.503944,1.061796,1.12065376760399,1.2185176705218,0.3222536191484536
1.1558,86.942886,-5.772712,47.495819,82.838913,-4.949241,45.06913,1.4256,1.50462425088835,2.84389222839826,0.1991912943987894
4.80,85.030022,-5.810035,45.76997,87.249275,-6.008614,45.565529,1.508868,1.59250798554252,1.45207014802838,0.1991912943987894
1.1558,86.942886,-5.772712,47.495819,82.838913,-4.949241,45.06913,1.4256,1.50462425088835,2.84389222839826,0.07688188823542838
4.111,85.480003,-6.330004,45.91003,86.772034,-6.72852,46.01907,0.707864,0.747102511735995,0.880016846155468,0.07688188823542838
1.1558,86.942886,-5.772712,47.495819,82.838913,-4.949241,45.06913,1.4256,1.50462425088835,2.84389222839826,0.12788822427131175
4.112,85.609985,-6.349862,45.950016,87.36837,-6.851581,46.277355,0.83826,0.884726658634731,1.18610243356276,0.12788822427131175
1.1558,86.942886,-5.772712,47.495819,82.838913,-4.949241,45.06913,1.4256,1.50462425088835,2.84389222839826,0.3043273674160741
4.113,85.349991,-6.309961,45.84,87.219841,-6.046001,45.76025,1.061796,1.12065376760399,1.226484587438,0.3043273674160741
1.1558,86.942886,-5.772712,47.495819,82.838913,-4.949241,45.06913,1.4256,1.50462425088835,2.84389222839826,0.15298827922234912
5.43,85.609985,-6.349862,45.950016,87.36837,-6.851581,46.277355,0.87263,0.921001865918003,1.18610243356276,0.15298827922234912
1.1558,86.942886,-5.772712,47.495819,82.838913,-4.949241,45.06913,1.4256,1.50462425088835,2.84389222839826,0.26951353282441864
5.44,85.349991,-6.309961,45.84,87.219841,-6.046001,45.76025,0.991625,1.04659302945228,1.226484587438,0.26951353282441864
1.1558,86.942886,-5.772712,47.495819,82.838913,-4.949241,45.06913,1.4256,1.50462425088835,2.84389222839826,0.053143251086343886
7.12,86.7658295591843,-6.886886761145572,46.098331195293184,86.82491586201648,-6.180869257492006,45.907740261294535,1.016924,1.07329441057126,0.465222340880547,0.053143251086343886
1.1558,86.942886,-5.772712,47.495819,82.838913,-4.949241,45.06913,1.4256,1.50462425088835,2.84389222839826,0.08607407211480374
7.14,86.7658295591843,-6.886886761145572,46.098331195293184,86.84459621387502,-5.494797933562612,45.9048795604718,1.641729,1.73273377299852,0.926796294823539,0.08607407211480374
1.1558,86.942886,-5.772712,47.495819,82.838913,-4.949241,45.06913,1.4256,1.50462425088835,2.84389222839826,0.0725026794994366
7.15,86.7658295591843,-6.886886761145572,46.098331195293184,86.79538120123281,-5.232766535978928,45.990496802659166,1.822707,1.92374379521883,1.10754391973894,0.0725026794994366
1.1558,86.942886,-5.772712,47.495819,82.838913,-4.949241,45.06913,1.4256,1.50462425088835,2.84389222839826,0.0782096640396963
7.28,86.7658295591843,-6.886886761145572,46.098331195293184,85.98644320658008,-6.827538965164692,45.86240487816289,0.831637,0.877736530679039,0.511863279618235,0.0782096640396963
1.1558,86.942886,-5.772712,47.495819,82.838913,-4.949241,45.06913,1.4256,1.50462425088835,2.84389222839826,0.29311041746167216
7.29,86.7658295591843,-6.886886761145572,46.098331195293184,85.59476319960956,-6.778327863274869,45.48308240631989,1.081559,1.14151227564994,0.787693520177652,0.29311041746167216
1.1558,86.942886,-5.772712,47.495819,82.838913,-4.949241,45.06913,1.4256,1.50462425088835,2.84389222839826,0.42030953920555425
7.30,86.7658295591843,-6.886886761145572,46.098331195293184,85.15429599479369,-6.764778352915723,45.601047951278815,1.447824,1.52808017776247,1.06307867142585,0.42030953920555425
1.1558,86.942886,-5.772712,47.495819,82.838913,-4.949241,45.06913,1.4256,1.50462425088835,2.84389222839826,0.0536761402955614
7.173,86.81015065275807,-7.015765527611462,48.1434476614611,86.82491586201648,-6.18100470046945,45.90764175083493,0.99107,1.04600726453979,0.819733487314654,0.0536761402955614
1.1558,86.942886,-5.772712,47.495819,82.838913,-4.949241,45.06913,1.4256,1.50462425088835,2.84389222839826,0.09462652657253313
7.176,86.81015065275807,-7.015765527611462,48.1434476614611,86.310560127,-6.860084007689782,45.83702009748614,1.016924,1.07329441057126,0.811818034561871,0.09462652657253313
1.1558,86.942886,-5.772712,47.495819,82.838913,-4.949241,45.06913,1.4256,1.50462425088835,2.84389222839826,0.06255243218842534
7.195,86.72147020278406,-6.952600082149929,49.03401581095122,86.81999459677196,-5.846014174645475,46.06013302990502,1.228065,1.29613943649495,1.08824679430831,0.06255243218842534
1.1558,86.942886,-5.772712,47.495819,82.838913,-4.949241,45.06913,1.4256,1.50462425088835,2.84389222839826,0.14487484290486258
7.198,86.72147020278406,-6.952600082149929,49.03401581095122,85.98644320658008,-6.827708049455983,45.86242408965355,1.486605,1.56901089680968,1.12956833732335,0.14487484290486258
1.1558,86.942886,-5.772712,47.495819,82.838913,-4.949241,45.06913,1.4256,1.50462425088835,2.84389222839826,0.08581462403779805
7.372,86.73133114843384,-7.716599999716022,46.05736169788053,86.310560127,-6.860156280740104,45.83715294478239,1.189284,1.25520871744775,0.619818350309031,0.08581462403779805
1.1558,86.942886,-5.772712,47.495819,82.838913,-4.949241,45.06913,1.4256,1.50462425088835,2.84389222839826,0.12086869916508243
7.378,86.71653901991426,-8.005070158690897,46.03431684995611,85.98644320658008,-6.827612342111877,45.862318217789856,1.719291,1.81459521109294,0.904169613098083,0.12086869916508243
1.1558,86.942886,-5.772712,47.495819,82.838913,-4.949241,45.06913,1.4256,1.50462425088835,2.84389222839826,0.10428637116396884
7.401,87.6499326488179,-6.998751909364609,46.24036111714411,86.310560127,-6.8601226584290576,45.837020064083724,1.236683,1.30523515183878,0.875836636653547,0.10428637116396884
1.1558,86.942886,-5.772712,47.495819,82.838913,-4.949241,45.06913,1.4256,1.50462425088835,2.84389222839826,0.09542617744003143
7.406,87.91079767346552,-6.91303545271299,46.254611653425215,85.98644320658008,-6.82765577081168,45.86239542374606,1.844252,1.94648308357839,1.24820206808958,0.09542617744003143
1.1559,86.942886,-5.772712,47.495819,83.730927,-4.788652,45.390114,1.14205,1.20535642938205,2.27792317402814,0.15341844513099487
1.1562,86.942886,-5.772712,47.495819,82.049713,-3.953941,43.879051,1.29673,1.36861069364089,3.59739298790312,0.15341844513099487
1.1559,86.942886,-5.772712,47.495819,83.730927,-4.788652,45.390114,1.14205,1.20535642938205,2.27792317402814,0.10054521198661165
1.1835,86.765831,-6.928959,46.017548,86.538696,-6.474298,46.026039,0.49986,0.527568376858202,0.338468550162298,0.10054521198661165
1.1559,86.942886,-5.772712,47.495819,83.730927,-4.788652,45.390114,1.14205,1.20535642938205,2.27792317402814,0.05694626606828983
1.1836,86.765831,-6.928959,46.017548,86.686943,-6.439909,45.624771,0.432366,0.456333030906,0.328822043728397,0.05694626606828983
1.1559,86.942886,-5.772712,47.495819,83.730927,-4.788652,45.390114,1.14205,1.20535642938205,2.27792317402814,0.16982110023674218
1.1857,86.765831,-6.928959,46.017548,86.716537,-6.298257,45.617359,0.604099,0.637585581746215,0.415782418743921,0.16982110023674218
1.1559,86.942886,-5.772712,47.495819,83.730927,-4.788652,45.390114,1.14205,1.20535642938205,2.27792317402814,0.1090721888468927
1.1868,86.765831,-6.928959,46.017548,86.780609,-6.110745,45.820366,0.538585,0.568439991698025,0.538523689593992,0.1090721888468927
1.1559,86.942886,-5.772712,47.495819,83.730927,-4.788652,45.390114,1.14205,1.20535642938205,2.27792317402814,0.3258428711477955
4.78,85.979988,-6.429916,45.730019,87.029762,-6.35292,45.572887,0.819632,0.865066066220625,0.683268694651537,0.3258428711477955
1.1559,86.942886,-5.772712,47.495819,83.730927,-4.788652,45.390114,1.14205,1.20535642938205,2.27792317402814,0.14459792735419147
4.109,86.06002,-6.510134,46.07003,86.660881,-6.757248,45.880108,0.502956,0.530835995180838,0.433655844322283,0.14459792735419147
1.1559,86.942886,-5.772712,47.495819,83.730927,-4.788652,45.390114,1.14205,1.20535642938205,2.27792317402814,0.24566544379447816
4.110,85.940002,-6.520092,45.909935,86.902222,-6.814412,46.087063,0.633352,0.668460142079574,0.653008822358796,0.24566544379447816
1.1559,86.942886,-5.772712,47.495819,83.730927,-4.788652,45.390114,1.14205,1.20535642938205,2.27792317402814,0.1762427465391068
4.111,85.480003,-6.330004,45.91003,86.772034,-6.72852,46.01907,0.707864,0.747102511735995,0.880016846155468,0.1762427465391068
1.1559,86.942886,-5.772712,47.495819,83.730927,-4.788652,45.390114,1.14205,1.20535642938205,2.27792317402814,0.09424139255607819
7.1,86.7658295591843,-6.886886761145572,46.098331195293184,86.75597523399955,-7.080393198347301,47.01948666710658,0.573097,0.604865070364312,0.303627976136129,0.09424139255607819
1.1559,86.942886,-5.772712,47.495819,83.730927,-4.788652,45.390114,1.14205,1.20535642938205,2.27792317402814,0.13035641636262477
7.2,86.7658295591843,-6.886886761145572,46.098331195293184,86.81015065275807,-7.0156311121221115,48.143548294773986,0.866109,0.914119392054336,0.660241081727194,0.13035641636262477
1.1559,86.942886,-5.772712,47.495819,83.730927,-4.788652,45.390114,1.14205,1.20535642938205,2.27792317402814,0.12425365884248026
7.6,86.7658295591843,-6.886886761145572,46.098331195293184,86.7658295591843,-6.879838482499623,45.06109979171189,0.633423,0.668535077771082,0.348530911713251,0.12425365884248026
1.1559,86.942886,-5.772712,47.495819,83.730927,-4.788652,45.390114,1.14205,1.20535642938205,2.27792317402814,0.2161925418413319
7.11,86.7658295591843,-6.886886761145572,46.098331195293184,86.67213705226933,-6.519359340795727,46.06245360662531,0.719603,0.759492231209324,0.250891896402348,0.2161925418413319
1.1559,86.942886,-5.772712,47.495819,83.730927,-4.788652,45.390114,1.14205,1.20535642938205,2.27792317402814,0.2631135918921446
7.12,86.7658295591843,-6.886886761145572,46.098331195293184,86.82491586201648,-6.180869257492006,45.907740261294535,1.016924,1.07329441057126,0.465222340880547,0.2631135918921446
1.1559,86.942886,-5.772712,47.495819,83.730927,-4.788652,45.390114,1.14205,1.20535642938205,2.27792317402814,0.20741852760230559
7.13,86.7658295591843,-6.886886761145572,46.098331195293184,86.81999459677196,-5.845843362696613,46.06011355057462,1.236683,1.30523515183878,0.697153498677902,0.20741852760230559
1.1559,86.942886,-5.772712,47.495819,83.730927,-4.788652,45.390114,1.14205,1.20535642938205,2.27792317402814,0.05887041771078858
7.14,86.7658295591843,-6.886886761145572,46.098331195293184,86.84459621387502,-5.494797933562612,45.9048795604718,1.641729,1.73273377299852,0.926796294823539,0.05887041771078858
1.1559,86.942886,-5.772712,47.495819,83.730927,-4.788652,45.390114,1.14205,1.20535642938205,2.27792317402814,0.09251585246862552
7.16,86.7658295591843,-6.886886761145572,46.098331195293184,86.68200747504233,-7.2800643872653055,46.03112187063765,0.650659,0.68672650845873,0.273539295395663,0.09251585246862552
1.1559,86.942886,-5.772712,47.495819,83.730927,-4.788652,45.390114,1.14205,1.20535642938205,2.27792317402814,0.055534334630772675
7.17,86.7658295591843,-6.886886761145572,46.098331195293184,86.73133114843384,-7.716392250654735,46.05732678867667,1.245301,1.3143308671826,0.555198106908436,0.055534334630772675
1.1559,86.942886,-5.772712,47.495819,83.730927,-4.788652,45.390114,1.14205,1.20535642938205,2.27792317402814,0.0850108968700194
7.21,86.7658295591843,-6.886886761145572,46.098331195293184,87.06548305268728,-6.971535805476991,46.357875036118216,0.56017,0.591221497348576,0.214106544175789,0.0850108968700194
1.1559,86.942886,-5.772712,47.495819,83.730927,-4.788652,45.390114,1.14205,1.20535642938205,2.27792317402814,0.14245218907865845
7.22,86.7658295591843,-6.886886761145572,46.098331195293184,87.6499326488179,-6.998575926054295,46.24046019428114,0.909199,0.959597968773457,0.574279422985379,0.14245218907865845
1.1559,86.942886,-5.772712,47.495819,83.730927,-4.788652,45.390114,1.14205,1.20535642938205,2.27792317402814,0.09911815331236014
7.23,86.7658295591843,-6.886886761145572,46.098331195293184,87.91079767346552,-6.9129162037571685,46.25462110904115,1.240992,1.30978300951069,0.737567000787505,0.09911815331236014
1.1559,86.942886,-5.772712,47.495819,83.730927,-4.788652,45.390114,1.14205,1.20535642938205,2.27792317402814,0.05918373708302
7.26,86.7658295591843,-6.886886761145572,46.098331195293184,86.86918606662296,-6.8866346751793595,46.259366564223356,0.499844,0.527551489941806,0.0857532549074985,0.05918373708302
1.1559,86.942886,-5.772712,47.495819,83.730927,-4.788652,45.390114,1.14205,1.20535642938205,2.27792317402814,0.16889148517018926
7.27,86.7658295591843,-6.886886761145572,46.098331195293184,86.310560127,-6.8599491075010395,45.83711809189859,0.586024,0.618508643380048,0.306933125460867,0.16889148517018926
1.1559,86.942886,-5.772712,47.495819,83.730927,-4.788652,45.390114,1.14205,1.20535642938205,2.27792317402814,0.3597768052077592
7.28,86.7658295591843,-6.886886761145572,46.098331195293184,85.98644320658008,-6.827538965164692,45.86240487816289,0.831637,0.877736530679039,0.511863279618235,0.3597768052077592
1.1559,86.942886,-5.772712,47.495819,83.730927,-4.788652,45.390114,1.14205,1.20535642938205,2.27792317402814,0.277410115302471
7.29,86.7658295591843,-6.886886761145572,46.098331195293184,85.59476319960956,-6.778327863274869,45.48308240631989,1.081559,1.14151227564994,0.787693520177652,0.277410115302471
1.1559,86.942886,-5.772712,47.495819,83.730927,-4.788652,45.390114,1.14205,1.20535642938205,2.27792317402814,0.059876091312183806
7.30,86.7658295591843,-6.886886761145572,46.098331195293184,85.15429599479369,-6.764778352915723,45.601047951278815,1.447824,1.52808017776247,1.06307867142585,0.059876091312183806
1.1559,86.942886,-5.772712,47.495819,83.730927,-4.788652,45.390114,1.14205,1.20535642938205,2.27792317402814,0.14157990461908482
7.149,86.75597523399955,-7.0805049942097575,47.01950767756114,86.7658295591843,-6.87995126180313,45.061121121607314,0.805783,0.850449384647567,0.638467084531517,0.14157990461908482
1.1559,86.942886,-5.772712,47.495819,83.730927,-4.788652,45.390114,1.14205,1.20535642938205,2.27792317402814,0.19789141325492518
7.150,86.75597523399955,-7.0805049942097575,47.01950767756114,86.67213705226933,-6.5194715769039675,46.06247477283212,0.676513,0.714013654490203,0.436177153789472,0.19789141325492518
1.1559,86.942886,-5.772712,47.495819,83.730927,-4.788652,45.390114,1.14205,1.20535642938205,2.27792317402814,0.11219442485306834
7.151,86.75597523399955,-7.0805049942097575,47.01950767756114,86.68200747504233,-7.280176520205628,46.031143001653476,0.710985,0.7503965158655,0.385588115662238,0.11219442485306834
1.1559,86.942886,-5.772712,47.495819,83.730927,-4.788652,45.390114,1.14205,1.20535642938205,2.27792317402814,0.08016085316402313
7.152,86.75597523399955,-7.0805049942097575,47.01950767756114,87.06548305268728,-6.971648341004888,46.35789624084199,0.719603,0.759492231209324,0.293208220537095,0.08016085316402313
1.1559,86.942886,-5.772712,47.495819,83.730927,-4.788652,45.390114,1.14205,1.20535642938205,2.27792317402814,0.11149527770030736
7.153,86.75597523399955,-7.0805049942097575,47.01950767756114,86.86918606662296,-6.886747013593375,46.25938773417913,0.667895,0.704917939146379,0.265804970452384,0.11149527770030736
1.1559,86.942886,-5.772712,47.495819,83.730927,-4.788652,45.390114,1.14205,1.20535642938205,2.27792317402814,0.1263409374920189
7.173,86.81015065275807,-7.015765527611462,48.1434476614611,86.82491586201648,-6.18100470046945,45.90764175083493,0.99107,1.04600726453979,0.819733487314654,0.1263409374920189
1.1559,86.942886,-5.772712,47.495819,83.730927,-4.788652,45.390114,1.14205,1.20535642938205,2.27792317402814,0.14683205577106617
7.176,86.81015065275807,-7.015765527611462,48.1434476614611,86.310560127,-6.860084007689782,45.83702009748614,1.016924,1.07329441057126,0.811818034561871,0.14683205577106617
1.1559,86.942886,-5.772712,47.495819,83.730927,-4.788652,45.390114,1.14205,1.20535642938205,2.27792317402814,0.16350451032439217
7.260,86.7658295591843,-6.879953493182267,45.0610094225081,86.67213705226933,-6.519473627479677,46.06236228685343,0.762693,0.804970807928445,0.460815734140851,0.16350451032439217
1.1559,86.942886,-5.772712,47.495819,83.730927,-4.788652,45.390114,1.14205,1.20535642938205,2.27792317402814,0.1254812994951671
7.261,86.7658295591843,-6.879953493182267,45.0610094225081,86.68200747504233,-7.280178933615322,46.031030759604974,0.667895,0.704917939146379,0.375128802654461,0.1254812994951671
1.1559,86.942886,-5.772712,47.495819,83.730927,-4.788652,45.390114,1.14205,1.20535642938205,2.27792317402814,0.12452813608411603
7.326,86.67213705226933,-6.519558598634678,46.06241949582053,86.68200747504233,-7.280263693587308,46.03108785269092,0.999688,1.05510297988361,0.510443530289591,0.12452813608411603
1.1559,86.942886,-5.772712,47.495819,83.730927,-4.788652,45.390114,1.14205,1.20535642938205,2.27792317402814,0.12842424596638985
7.363,86.68200747504233,-7.280085367129763,46.03106856196435,87.06548305268728,-6.97155677878386,46.357821416154096,0.814401,0.859545099991391,0.354826048707288,0.12842424596638985
1.1559,86.942886,-5.772712,47.495819,83.730927,-4.788652,45.390114,1.14205,1.20535642938205,2.27792317402814,0.13428705037999575
7.364,86.68200747504233,-7.280085367129763,46.03106856196435,86.86918606662296,-6.886655594286806,46.259313040461,0.857491,0.905023676710512,0.313768119000489,0.13428705037999575
1.1559,86.942886,-5.772712,47.495819,83.730927,-4.788652,45.390114,1.14205,1.20535642938205,2.27792317402814,0.19705854743141277
7.372,86.73133114843384,-7.716599999716022,46.05736169788053,86.310560127,-6.860156280740104,45.83715294478239,1.189284,1.25520871744775,0.619818350309031,0.19705854743141277
1.1559,86.942886,-5.772712,47.495819,83.730927,-4.788652,45.390114,1.14205,1.20535642938205,2.27792317402814,0.07143044540508124
7.395,87.06548305268728,-6.971733673128422,46.35781520139523,86.86918606662296,-6.886832166792811,46.25930684158277,0.564479,0.595769355020488,0.139491073369588,0.07143044540508124
1.1559,86.942886,-5.772712,47.495819,83.730927,-4.788652,45.390114,1.14205,1.20535642938205,2.27792317402814,0.10049009756970195
7.401,87.6499326488179,-6.998751909364609,46.24036111714411,86.310560127,-6.8601226584290576,45.837020064083724,1.236683,1.30523515183878,0.875836636653547,0.10049009756970195
1.1560,86.942886,-5.772712,47.495819,82.324951,-4.398858,44.314445,1.26056,1.33043570826306,3.30600150281327,0.06186268769737215
4.26,85.62999,-6.880021,44.009979,85.407852,-5.048718,44.927666,1.173564,1.23861732208862,1.35377537091856,0.06186268769737215
1.1560,86.942886,-5.772712,47.495819,82.324951,-4.398858,44.314445,1.26056,1.33043570826306,3.30600150281327,0.16989285196688084
4.79,85.310013,-6.220155,45.670074,87.171516,-5.994797,45.503944,1.061796,1.12065376760399,1.2185176705218,0.16989285196688084
1.1560,86.942886,-5.772712,47.495819,82.324951,-4.398858,44.314445,1.26056,1.33043570826306,3.30600150281327,0.27373153255632987
4.80,85.030022,-5.810035,45.76997,87.249275,-6.008614,45.565529,1.508868,1.59250798554252,1.45207014802838,0.27373153255632987
1.1560,86.942886,-5.772712,47.495819,82.324951,-4.398858,44.314445,1.26056,1.33043570826306,3.30600150281327,0.059094071099929014
4.111,85.480003,-6.330004,45.91003,86.772034,-6.72852,46.01907,0.707864,0.747102511735995,0.880016846155468,0.059094071099929014
1.1560,86.942886,-5.772712,47.495819,82.324951,-4.398858,44.314445,1.26056,1.33043570826306,3.30600150281327,0.06802863841540688
4.112,85.609985,-6.349862,45.950016,87.36837,-6.851581,46.277355,0.83826,0.884726658634731,1.18610243356276,0.06802863841540688
1.1560,86.942886,-5.772712,47.495819,82.324951,-4.398858,44.314445,1.26056,1.33043570826306,3.30600150281327,0.1423505821216568
4.113,85.349991,-6.309961,45.84,87.219841,-6.046001,45.76025,1.061796,1.12065376760399,1.226484587438,0.1423505821216568
1.1560,86.942886,-5.772712,47.495819,82.324951,-4.398858,44.314445,1.26056,1.33043570826306,3.30600150281327,0.07235476761812942
5.43,85.609985,-6.349862,45.950016,87.36837,-6.851581,46.277355,0.87263,0.921001865918003,1.18610243356276,0.07235476761812942
1.1560,86.942886,-5.772712,47.495819,82.324951,-4.398858,44.314445,1.26056,1.33043570826306,3.30600150281327,0.13926514107287627
5.44,85.349991,-6.309961,45.84,87.219841,-6.046001,45.76025,0.991625,1.04659302945228,1.226484587438,0.13926514107287627
1.1560,86.942886,-5.772712,47.495819,82.324951,-4.398858,44.314445,1.26056,1.33043570826306,3.30600150281327,0.07193789890147587
7.29,86.7658295591843,-6.886886761145572,46.098331195293184,85.59476319960956,-6.778327863274869,45.48308240631989,1.081559,1.14151227564994,0.787693520177652,0.07193789890147587
1.1560,86.942886,-5.772712,47.495819,82.324951,-4.398858,44.314445,1.26056,1.33043570826306,3.30600150281327,0.13771340565651413
7.30,86.7658295591843,-6.886886761145572,46.098331195293184,85.15429599479369,-6.764778352915723,45.601047951278815,1.447824,1.52808017776247,1.06307867142585,0.13771340565651413
1.1561,86.942886,-5.772712,47.495819,83.247322,-4.40695,44.697357,1.0854,1.14556619101727,2.70392923945164,0.0705562423940376
1.1857,86.765831,-6.928959,46.017548,86.716537,-6.298257,45.617359,0.604099,0.637585581746215,0.415782418743921,0.0705562423940376
1.1561,86.942886,-5.772712,47.495819,83.247322,-4.40695,44.697357,1.0854,1.14556619101727,2.70392923945164,0.052996388275027194
1.1868,86.765831,-6.928959,46.017548,86.780609,-6.110745,45.820366,0.538585,0.568439991698025,0.538523689593992,0.052996388275027194
1.1561,86.942886,-5.772712,47.495819,83.247322,-4.40695,44.697357,1.0854,1.14556619101727,2.70392923945164,0.053745753931293584
4.27,86.470016,-7.010156,45.370049,86.879654,-6.120996,47.56802,0.735806,0.776593400357152,1.06987525069938,0.053745753931293584
1.1561,86.942886,-5.772712,47.495819,83.247322,-4.40695,44.697357,1.0854,1.14556619101727,2.70392923945164,0.22359413954737417
4.78,85.979988,-6.429916,45.730019,87.029762,-6.35292,45.572887,0.819632,0.865066066220625,0.683268694651537,0.22359413954737417
1.1561,86.942886,-5.772712,47.495819,83.247322,-4.40695,44.697357,1.0854,1.14556619101727,2.70392923945164,0.22250664408921011
4.79,85.310013,-6.220155,45.670074,87.171516,-5.994797,45.503944,1.061796,1.12065376760399,1.2185176705218,0.22250664408921011
1.1561,86.942886,-5.772712,47.495819,83.247322,-4.40695,44.697357,1.0854,1.14556619101727,2.70392923945164,0.06483091425545194
4.80,85.030022,-5.810035,45.76997,87.249275,-6.008614,45.565529,1.508868,1.59250798554252,1.45207014802838,0.06483091425545194
1.1561,86.942886,-5.772712,47.495819,83.247322,-4.40695,44.697357,1.0854,1.14556619101727,2.70392923945164,0.07847993018296195
4.109,86.06002,-6.510134,46.07003,86.660881,-6.757248,45.880108,0.502956,0.530835995180838,0.433655844322283,0.07847993018296195
1.1561,86.942886,-5.772712,47.495819,83.247322,-4.40695,44.697357,1.0854,1.14556619101727,2.70392923945164,0.16538078203977305
4.110,85.940002,-6.520092,45.909935,86.902222,-6.814412,46.087063,0.633352,0.668460142079574,0.653008822358796,0.16538078203977305
1.1561,86.942886,-5.772712,47.495819,83.247322,-4.40695,44.697357,1.0854,1.14556619101727,2.70392923945164,0.3132636993424992
4.111,85.480003,-6.330004,45.91003,86.772034,-6.72852,46.01907,0.707864,0.747102511735995,0.880016846155468,0.3132636993424992
1.1561,86.942886,-5.772712,47.495819,83.247322,-4.40695,44.697357,1.0854,1.14556619101727,2.70392923945164,0.17876800108578422
4.112,85.609985,-6.349862,45.950016,87.36837,-6.851581,46.277355,0.83826,0.884726658634731,1.18610243356276,0.17876800108578422
1.1561,86.942886,-5.772712,47.495819,83.247322,-4.40695,44.697357,1.0854,1.14556619101727,2.70392923945164,0.1987379209445441
4.113,85.349991,-6.309961,45.84,87.219841,-6.046001,45.76025,1.061796,1.12065376760399,1.226484587438,0.1987379209445441
1.1561,86.942886,-5.772712,47.495819,83.247322,-4.40695,44.697357,1.0854,1.14556619101727,2.70392923945164,0.18051897618982599
5.43,85.609985,-6.349862,45.950016,87.36837,-6.851581,46.277355,0.87263,0.921001865918003,1.18610243356276,0.18051897618982599
1.1561,86.942886,-5.772712,47.495819,83.247322,-4.40695,44.697357,1.0854,1.14556619101727,2.70392923945164,0.1987379209445441
5.44,85.349991,-6.309961,45.84,87.219841,-6.046001,45.76025,0.991625,1.04659302945228,1.226484587438,0.1987379209445441
1.1561,86.942886,-5.772712,47.495819,83.247322,-4.40695,44.697357,1.0854,1.14556619101727,2.70392923945164,0.05787190350890363
7.11,86.7658295591843,-6.886886761145572,46.098331195293184,86.67213705226933,-6.519359340795727,46.06245360662531,0.719603,0.759492231209324,0.250891896402348,0.05787190350890363
1.1561,86.942886,-5.772712,47.495819,83.247322,-4.40695,44.697357,1.0854,1.14556619101727,2.70392923945164,0.0787865699480159
7.12,86.7658295591843,-6.886886761145572,46.098331195293184,86.82491586201648,-6.180869257492006,45.907740261294535,1.016924,1.07329441057126,0.465222340880547,0.0787865699480159
1.1561,86.942886,-5.772712,47.495819,83.247322,-4.40695,44.697357,1.0854,1.14556619101727,2.70392923945164,0.0962534555798116
7.13,86.7658295591843,-6.886886761145572,46.098331195293184,86.81999459677196,-5.845843362696613,46.06011355057462,1.236683,1.30523515183878,0.697153498677902,0.0962534555798116
1.1561,86.942886,-5.772712,47.495819,83.247322,-4.40695,44.697357,1.0854,1.14556619101727,2.70392923945164,0.06105536577487917
7.14,86.7658295591843,-6.886886761145572,46.098331195293184,86.84459621387502,-5.494797933562612,45.9048795604718,1.641729,1.73273377299852,0.926796294823539,0.06105536577487917
1.1561,86.942886,-5.772712,47.495819,83.247322,-4.40695,44.697357,1.0854,1.14556619101727,2.70392923945164,0.06393855912586066
7.27,86.7658295591843,-6.886886761145572,46.098331195293184,86.310560127,-6.8599491075010395,45.83711809189859,0.586024,0.618508643380048,0.306933125460867,0.06393855912586066
1.1561,86.942886,-5.772712,47.495819,83.247322,-4.40695,44.697357,1.0854,1.14556619101727,2.70392923945164,0.15355113129695508
7.28,86.7658295591843,-6.886886761145572,46.098331195293184,85.98644320658008,-6.827538965164692,45.86240487816289,0.831637,0.877736530679039,0.511863279618235,0.15355113129695508
1.1561,86.942886,-5.772712,47.495819,83.247322,-4.40695,44.697357,1.0854,1.14556619101727,2.70392923945164,0.28043484556986453
7.29,86.7658295591843,-6.886886761145572,46.098331195293184,85.59476319960956,-6.778327863274869,45.48308240631989,1.081559,1.14151227564994,0.787693520177652,0.28043484556986453
1.1561,86.942886,-5.772712,47.495819,83.247322,-4.40695,44.697357,1.0854,1.14556619101727,2.70392923945164,0.25785225433839243
7.30,86.7658295591843,-6.886886761145572,46.098331195293184,85.15429599479369,-6.764778352915723,45.601047951278815,1.447824,1.52808017776247,1.06307867142585,0.25785225433839243
1.1561,86.942886,-5.772712,47.495819,83.247322,-4.40695,44.697357,1.0854,1.14556619101727,2.70392923945164,0.05566541273610021
7.149,86.75597523399955,-7.0805049942097575,47.01950767756114,86.7658295591843,-6.87995126180313,45.061121121607314,0.805783,0.850449384647567,0.638467084531517,0.05566541273610021
1.1561,86.942886,-5.772712,47.495819,83.247322,-4.40695,44.697357,1.0854,1.14556619101727,2.70392923945164,0.05745868297759358
7.150,86.75597523399955,-7.0805049942097575,47.01950767756114,86.67213705226933,-6.5194715769039675,46.06247477283212,0.676513,0.714013654490203,0.436177153789472,0.05745868297759358
1.1561,86.942886,-5.772712,47.495819,83.247322,-4.40695,44.697357,1.0854,1.14556619101727,2.70392923945164,0.08153124482877562
7.173,86.81015065275807,-7.015765527611462,48.1434476614611,86.82491586201648,-6.18100470046945,45.90764175083493,0.99107,1.04600726453979,0.819733487314654,0.08153124482877562
1.1561,86.942886,-5.772712,47.495819,83.247322,-4.40695,44.697357,1.0854,1.14556619101727,2.70392923945164,0.09974565727587278
7.176,86.81015065275807,-7.015765527611462,48.1434476614611,86.310560127,-6.860084007689782,45.83702009748614,1.016924,1.07329441057126,0.811818034561871,0.09974565727587278
1.1561,86.942886,-5.772712,47.495819,83.247322,-4.40695,44.697357,1.0854,1.14556619101727,2.70392923945164,0.06531434897426175
7.195,86.72147020278406,-6.952600082149929,49.03401581095122,86.81999459677196,-5.846014174645475,46.06013302990502,1.228065,1.29613943649495,1.08824679430831,0.06531434897426175
1.1561,86.942886,-5.772712,47.495819,83.247322,-4.40695,44.697357,1.0854,1.14556619101727,2.70392923945164,0.08074074895650946
7.198,86.72147020278406,-6.952600082149929,49.03401581095122,85.98644320658008,-6.827708049455983,45.86242408965355,1.486605,1.56901089680968,1.12956833732335,0.08074074895650946
1.1561,86.942886,-5.772712,47.495819,83.247322,-4.40695,44.697357,1.0854,1.14556619101727,2.70392923945164,0.05206990496829221
7.260,86.7658295591843,-6.879953493182267,45.0610094225081,86.67213705226933,-6.519473627479677,46.06236228685343,0.762693,0.804970807928445,0.460815734140851,0.05206990496829221
1.1561,86.942886,-5.772712,47.495819,83.247322,-4.40695,44.697357,1.0854,1.14556619101727,2.70392923945164,0.07771439535084443
7.372,86.73133114843384,-7.716599999716022,46.05736169788053,86.310560127,-6.860156280740104,45.83715294478239,1.189284,1.25520871744775,0.619818350309031,0.07771439535084443
1.1561,86.942886,-5.772712,47.495819,83.247322,-4.40695,44.697357,1.0854,1.14556619101727,2.70392923945164,0.08836636222884134
7.401,87.6499326488179,-6.998751909364609,46.24036111714411,86.310560127,-6.8601226584290576,45.837020064083724,1.236683,1.30523515183878,0.875836636653547,0.08836636222884134
1.1562,86.942886,-5.772712,47.495819,82.049713,-3.953941,43.879051,1.29673,1.36861069364089,3.59739298790312,0.11283674001002694
4.80,85.030022,-5.810035,45.76997,87.249275,-6.008614,45.565529,1.508868,1.59250798554252,1.45207014802838,0.11283674001002694
1.1565,56.257603,-31.848982,0.211115,56.486076,-34.71632,-0.041465,1.16451,1.22906143827301,1.19332277320633,0.16317490763517933
1.1609,56.257603,-31.848982,0.211115,58.714256,-35.151787,1.876305,1.75352,1.85072160242547,2.81238796729501,0.16317490763517933
1.1565,56.257603,-31.848982,0.211115,56.486076,-34.71632,-0.041465,1.16451,1.22906143827301,1.19332277320633,0.0760474709446117
7.247,56.15781146519707,-34.1114668264737,0.8295323992704606,56.05774503329822,-28.00815605770879,-0.19917430804949898,1.2927,1.36435730157364,2.68084625062854,0.0760474709446117
1.1566,56.257603,-31.848982,0.211115,56.107815,-35.585449,-0.13066,1.57389,1.66113430291153,1.52437524934727,0.08025276620157584
1.1607,56.257603,-31.848982,0.211115,59.78923,-34.581932,1.328877,2.01793,2.129788450193,3.45707660589235,0.08025276620157584
1.1566,56.257603,-31.848982,0.211115,56.107815,-35.585449,-0.13066,1.57389,1.66113430291153,1.52437524934727,0.05866588161394253
1.1609,56.257603,-31.848982,0.211115,58.714256,-35.151787,1.876305,1.75352,1.85072160242547,2.81238796729501,0.05866588161394253
1.1568,56.257603,-31.848982,0.211115,56.057743,-34.598171,0.686235,1.26062,1.33049903419955,1.16968990654695,0.262278606662264
1.1609,56.257603,-31.848982,0.211115,58.714256,-35.151787,1.876305,1.75352,1.85072160242547,2.81238796729501,0.262278606662264
1.1568,56.257603,-31.848982,0.211115,56.057743,-34.598171,0.686235,1.26062,1.33049903419955,1.16968990654695,0.08364604045282031
7.247,56.15781146519707,-34.1114668264737,0.8295323992704606,56.05774503329822,-28.00815605770879,-0.19917430804949898,1.2927,1.36435730157364,2.68084625062854,0.08364604045282031
1.1569,56.257603,-31.848982,0.211115,56.077782,-36.160137,1.741274,1.9162,2.02241932488234,1.97530058386205,0.05191940225251192
1.1607,56.257603,-31.848982,0.211115,59.78923,-34.581932,1.328877,2.01793,2.129788450193,3.45707660589235,0.05191940225251192
1.1570,56.257603,-31.848982,0.211115,56.367054,-34.645134,1.645388,1.61088,1.70017474275465,1.46114024450506,0.254932111369517
1.1607,56.257603,-31.848982,0.211115,59.78923,-34.581932,1.328877,2.01793,2.129788450193,3.45707660589235,0.254932111369517
1.1570,56.257603,-31.848982,0.211115,56.367054,-34.645134,1.645388,1.61088,1.70017474275465,1.46114024450506,0.1852259127334016
1.1609,56.257603,-31.848982,0.211115,58.714256,-35.151787,1.876305,1.75352,1.85072160242547,2.81238796729501,0.1852259127334016
1.1571,56.257603,-31.848982,0.211115,56.077782,-34.961159,2.687,2.07529,2.19032804547285,2.02156345978357,0.05027790946821246
1.1607,56.257603,-31.848982,0.211115,59.78923,-34.581932,1.328877,2.01793,2.129788450193,3.45707660589235,0.05027790946821246
1.1572,56.257603,-31.848982,0.211115,56.267567,-33.092522,1.670678,1.26062,1.33049903419955,1.08504493699924,0.2331159332733897
1.1609,56.257603,-31.848982,0.211115,58.714256,-35.151787,1.876305,1.75352,1.85072160242547,2.81238796729501,0.2331159332733897
1.1572,56.257603,-31.848982,0.211115,56.267567,-33.092522,1.670678,1.26062,1.33049903419955,1.08504493699924,0.10643740400313034
7.247,56.15781146519707,-34.1114668264737,0.8295323992704606,56.05774503329822,-28.00815605770879,-0.19917430804949898,1.2927,1.36435730157364,2.68084625062854,0.10643740400313034
1.1573,56.257603,-31.848982,0.211115,56.15781,-32.906555,2.580271,1.7186,1.81386590739108,1.61674329196626,0.07447496957495411
1.1607,56.257603,-31.848982,0.211115,59.78923,-34.581932,1.328877,2.01793,2.129788450193,3.45707660589235,0.07447496957495411
1.1574,56.257603,-31.848982,0.211115,56.137821,-32.057533,1.806051,1.32438,1.39779339603782,1.07210833935136,0.0818961765928245
1.1609,56.257603,-31.848982,0.211115,58.714256,-35.151787,1.876305,1.75352,1.85072160242547,2.81238796729501,0.0818961765928245
1.1574,56.257603,-31.848982,0.211115,56.137821,-32.057533,1.806051,1.32438,1.39779339603782,1.07210833935136,0.08860036248319691
7.247,56.15781146519707,-34.1114668264737,0.8295323992704606,56.05774503329822,-28.00815605770879,-0.19917430804949898,1.2927,1.36435730157364,2.68084625062854,0.08860036248319691
1.1576,56.257603,-31.848982,0.211115,56.267567,-30.777716,1.76151,1.32438,1.39779339603782,1.14850368558551,0.1391937590343295
7.247,56.15781146519707,-34.1114668264737,0.8295323992704606,56.05774503329822,-28.00815605770879,-0.19917430804949898,1.2927,1.36435730157364,2.68084625062854,0.1391937590343295
1.1577,56.257603,-31.848982,0.211115,56.167801,-28.78451,2.401314,2.07529,2.19032804547285,2.02896126399399,0.1291769826128083
1.1599,56.257603,-31.848982,0.211115,52.916645,-27.732435,0.855503,2.46476,2.60138725352103,3.68909771682584,0.1291769826128083
1.1578,56.257603,-31.848982,0.211115,56.287483,-29.437893,1.449778,1.34518,1.41974638735269,1.34885320173181,0.14000548437563856
7.247,56.15781146519707,-34.1114668264737,0.8295323992704606,56.05774503329822,-28.00815605770879,-0.19917430804949898,1.2927,1.36435730157364,2.68084625062854,0.14000548437563856
1.1579,56.257603,-31.848982,0.211115,56.247635,-27.658998,1.497164,1.82201,1.92300815892332,2.05678618945843,0.07613038229822701
1.1599,56.257603,-31.848982,0.211115,52.916645,-27.732435,0.855503,2.46476,2.60138725352103,3.68909771682584,0.07613038229822701
1.1582,56.257603,-31.848982,0.211115,56.167801,-28.614189,0.573773,1.34518,1.41974638735269,1.42878373857765,0.09822539571170025
7.247,56.15781146519707,-34.1114668264737,0.8295323992704606,56.05774503329822,-28.00815605770879,-0.19917430804949898,1.2927,1.36435730157364,2.68084625062854,0.09822539571170025
1.1583,56.257603,-31.848982,0.211115,60.194672,-34.123264,0.007136,2.43235,2.56718069349627,3.67365687672125,0.06483625044271579
4.118,55.420021,-31.67034,0.230093,57.577835,-31.70676,0.230432,1.788288,1.88741687175409,1.99746638810913,0.06483625044271579
1.1584,56.257603,-31.848982,0.211115,58.424191,-32.970333,0.139654,1.36577,1.44147773788986,2.03432353130447,0.08101839838328635
1.1607,56.257603,-31.848982,0.211115,59.78923,-34.581932,1.328877,2.01793,2.129788450193,3.45707660589235,0.08101839838328635
1.1584,56.257603,-31.848982,0.211115,58.424191,-32.970333,0.139654,1.36577,1.44147773788986,2.03432353130447,0.06200335548876968
1.1928,56.386917,-31.219675,0.611009,56.486076,-30.200165,0.980285,0.758947,0.801017158627219,0.516959814456411,0.06200335548876968
1.1584,56.257603,-31.848982,0.211115,58.424191,-32.970333,0.139654,1.36577,1.44147773788986,2.03432353130447,0.05201428968385049
1.1934,56.386917,-31.219675,0.611009,57.182442,-31.40649,0.87232,0.758947,0.801017158627219,0.757680248769642,0.05201428968385049
1.1584,56.257603,-31.848982,0.211115,58.424191,-32.970333,0.139654,1.36577,1.44147773788986,2.03432353130447,0.07427060520521897
1.1936,56.386917,-31.219675,0.611009,56.899616,-31.196211,1.222464,0.7241,0.76423851014889,0.627395534308955,0.07427060520521897
1.1584,56.257603,-31.848982,0.211115,58.424191,-32.970333,0.139654,1.36577,1.44147773788986,2.03432353130447,0.18093118950869322
1.1938,56.386917,-31.219675,0.611009,56.177792,-31.891094,0.066793,0.803404,0.847938511265928,0.503835962847121,0.18093118950869322
1.1584,56.257603,-31.848982,0.211115,58.424191,-32.970333,0.139654,1.36577,1.44147773788986,2.03432353130447,0.22324616158352167
1.1941,56.386917,-31.219675,0.611009,56.65403,-31.816826,-0.177701,0.97032,1.02410704483866,0.639131269131954,0.22324616158352167
1.1584,56.257603,-31.848982,0.211115,58.424191,-32.970333,0.139654,1.36577,1.44147773788986,2.03432353130447,0.11367600152798521
1.1948,56.386917,-31.219675,0.611009,55.977489,-32.265121,0.636874,0.758947,0.801017158627219,0.58019340836477,0.11367600152798521
1.1584,56.257603,-31.848982,0.211115,58.424191,-32.970333,0.139654,1.36577,1.44147773788986,2.03432353130447,0.11201417924336479
1.1961,56.386917,-31.219675,0.611009,56.416695,-31.710546,1.62314,0.97032,1.02410704483866,0.702500274426447,0.11201417924336479
1.1584,56.257603,-31.848982,0.211115,58.424191,-32.970333,0.139654,1.36577,1.44147773788986,2.03432353130447,0.06162277877475509
4.114,54.70998,-32.010151,-0.019989,55.164921,-31.733152,0.03008,0.819632,0.865066066220625,0.44777025960406,0.06162277877475509
1.1584,56.257603,-31.848982,0.211115,58.424191,-32.970333,0.139654,1.36577,1.44147773788986,2.03432353130447,0.08376132205452717
5.45,54.70998,-32.010151,-0.019989,55.164921,-31.733152,0.03008,0.912295,0.962865587096094,0.44777025960406,0.08376132205452717
1.1584,56.257603,-31.848982,0.211115,58.424191,-32.970333,0.139654,1.36577,1.44147773788986,2.03432353130447,0.05352569203143961
7.375,56.31734286514889,-31.241227695646856,-0.11869534897781531,55.76596934302245,-30.75744767733629,0.3931655066422346,0.710985,0.7503965158655,0.653581871836495,0.05352569203143961
1.1585,56.257603,-31.848982,0.211115,60.212593,-33.146515,0.381463,2.22664,2.35006772025677,3.60914787116616,0.22904478767054295
4.117,55.290039,-31.810183,0.120075,57.291088,-32.197414,0.297608,1.685834,1.77928361347651,1.86886070441783,0.22904478767054295
1.1585,56.257603,-31.848982,0.211115,60.212593,-33.146515,0.381463,2.22664,2.35006772025677,3.60914787116616,0.27221184535813076
4.118,55.420021,-31.67034,0.230093,57.577835,-31.70676,0.230432,1.788288,1.88741687175409,1.99746638810913,0.27221184535813076
1.1585,56.257603,-31.848982,0.211115,60.212593,-33.146515,0.381463,2.22664,2.35006772025677,3.60914787116616,0.07567140993136749
7.408,57.45345407206452,-31.626210056364624,0.5706014438792817,55.05173118091976,-30.468463453238392,0.529576234418605,1.900269,2.00560523331325,2.28521548065684,0.07567140993136749
1.1586,56.257603,-31.848982,0.211115,58.555466,-32.233517,0.428454,1.28922,1.36068439725749,2.10931688347567,0.06362155368133776
1.1923,56.386917,-31.219675,0.611009,56.791763,-33.062336,0.844688,0.758947,0.801017158627219,0.862542151329954,0.06362155368133776
1.1586,56.257603,-31.848982,0.211115,58.555466,-32.233517,0.428454,1.28922,1.36068439725749,2.10931688347567,0.2080748404463385
1.1928,56.386917,-31.219675,0.611009,56.486076,-30.200165,0.980285,0.758947,0.801017158627219,0.516959814456411,0.2080748404463385
1.1586,56.257603,-31.848982,0.211115,58.555466,-32.233517,0.428454,1.28922,1.36068439725749,2.10931688347567,0.08637798063182747
1.1929,56.386917,-31.219675,0.611009,57.279461,-31.580816,1.074296,0.97032,1.02410704483866,0.890642786415393,0.08637798063182747
1.1586,56.257603,-31.848982,0.211115,58.555466,-32.233517,0.428454,1.28922,1.36068439725749,2.10931688347567,0.07677042373743204
1.1931,56.386917,-31.219675,0.611009,56.919193,-30.280632,0.086012,0.670737,0.707917477671228,0.725519150583384,0.07677042373743204
1.1586,56.257603,-31.848982,0.211115,58.555466,-32.233517,0.428454,1.28922,1.36068439725749,2.10931688347567,0.13922702122652914
1.1934,56.386917,-31.219675,0.611009,57.182442,-31.40649,0.87232,0.758947,0.801017158627219,0.757680248769642,0.13922702122652914
1.1586,56.257603,-31.848982,0.211115,58.555466,-32.233517,0.428454,1.28922,1.36068439725749,2.10931688347567,0.05214058735230538
1.1935,56.386917,-31.219675,0.611009,57.026669,-31.299232,0.404399,0.521416,0.550319274972785,0.607600870933239,0.05214058735230538
1.1586,56.257603,-31.848982,0.211115,58.555466,-32.233517,0.428454,1.28922,1.36068439725749,2.10931688347567,0.20001422515113432
1.1936,56.386917,-31.219675,0.611009,56.899616,-31.196211,1.222464,0.7241,0.76423851014889,0.627395534308955,0.20001422515113432
1.1586,56.257603,-31.848982,0.211115,58.555466,-32.233517,0.428454,1.28922,1.36068439725749,2.10931688347567,0.36090906865396316
1.1938,56.386917,-31.219675,0.611009,56.177792,-31.891094,0.066793,0.803404,0.847938511265928,0.503835962847121,0.36090906865396316
1.1586,56.257603,-31.848982,0.211115,58.555466,-32.233517,0.428454,1.28922,1.36068439725749,2.10931688347567,0.3602163231491504
1.1941,56.386917,-31.219675,0.611009,56.65403,-31.816826,-0.177701,0.97032,1.02410704483866,0.639131269131954,0.3602163231491504
1.1586,56.257603,-31.848982,0.211115,58.555466,-32.233517,0.428454,1.28922,1.36068439725749,2.10931688347567,0.08536930239453022
1.1942,56.386917,-31.219675,0.611009,55.987534,-30.51511,1.380653,0.803404,0.847938511265928,0.71238359137985,0.08536930239453022
1.1586,56.257603,-31.848982,0.211115,58.555466,-32.233517,0.428454,1.28922,1.36068439725749,2.10931688347567,0.250238858788532
1.1948,56.386917,-31.219675,0.611009,55.977489,-32.265121,0.636874,0.758947,0.801017158627219,0.58019340836477,0.250238858788532
1.1586,56.257603,-31.848982,0.211115,58.555466,-32.233517,0.428454,1.28922,1.36068439725749,2.10931688347567,0.12727926447748134
1.1951,56.386917,-31.219675,0.611009,56.811398,-31.301725,1.00078,0.582096,0.614362905404817,0.472640337260045,0.12727926447748134
1.1586,56.257603,-31.848982,0.211115,58.555466,-32.233517,0.428454,1.28922,1.36068439725749,2.10931688347567,0.12067668562562825
1.1958,56.386917,-31.219675,0.611009,57.211575,-31.759851,0.863446,0.803404,0.847938511265928,0.810006397108033,0.12067668562562825
1.1586,56.257603,-31.848982,0.211115,58.555466,-32.233517,0.428454,1.28922,1.36068439725749,2.10931688347567,0.08217507939924777
1.1960,56.386917,-31.219675,0.611009,56.703278,-30.134964,0.550736,0.59676,0.6298397642818,0.550432341692863,0.08217507939924777
1.1586,56.257603,-31.848982,0.211115,58.555466,-32.233517,0.428454,1.28922,1.36068439725749,2.10931688347567,0.22345041415833738
1.1961,56.386917,-31.219675,0.611009,56.416695,-31.710546,1.62314,0.97032,1.02410704483866,0.702500274426447,0.22345041415833738
1.1586,56.257603,-31.848982,0.211115,58.555466,-32.233517,0.428454,1.28922,1.36068439725749,2.10931688347567,0.06543590538685724
1.1965,56.386917,-31.219675,0.611009,56.087795,-31.66363,1.059796,0.521416,0.550319274972785,0.447317226050287,0.06543590538685724
1.1586,56.257603,-31.848982,0.211115,58.555466,-32.233517,0.428454,1.28922,1.36068439725749,2.10931688347567,0.10086957458336114
1.1967,56.386917,-31.219675,0.611009,56.167801,-32.431656,0.966444,0.612644,0.646604250533982,0.590426320350565,0.10086957458336114
1.1586,56.257603,-31.848982,0.211115,58.555466,-32.233517,0.428454,1.28922,1.36068439725749,2.10931688347567,0.05575500383688609
1.1971,56.386917,-31.219675,0.611009,56.565208,-29.822603,1.012362,0.670737,0.707917477671228,0.686515605938273,0.05575500383688609
1.1586,56.257603,-31.848982,0.211115,58.555466,-32.233517,0.428454,1.28922,1.36068439725749,2.10931688347567,0.11010127455662312
1.1975,56.386917,-31.219675,0.611009,57.201866,-30.50242,0.778383,0.865414,0.913385866623383,0.819875468958497,0.11010127455662312
1.1586,56.257603,-31.848982,0.211115,58.555466,-32.233517,0.428454,1.28922,1.36068439725749,2.10931688347567,0.050354154565770776
1.1976,56.386917,-31.219675,0.611009,55.866848,-30.819221,0.921957,0.521416,0.550319274972785,0.555997793409702,0.050354154565770776
1.1586,56.257603,-31.848982,0.211115,58.555466,-32.233517,0.428454,1.28922,1.36068439725749,2.10931688347567,0.07502540070595767
1.1977,56.386917,-31.219675,0.611009,56.257603,-30.304417,-0.298011,0.758947,0.801017158627219,0.738311852389561,0.07502540070595767
1.1586,56.257603,-31.848982,0.211115,58.555466,-32.233517,0.428454,1.28922,1.36068439725749,2.10931688347567,0.08804048936094695
4.114,54.70998,-32.010151,-0.019989,55.164921,-31.733152,0.03008,0.819632,0.865066066220625,0.44777025960406,0.08804048936094695
1.1586,56.257603,-31.848982,0.211115,58.555466,-32.233517,0.428454,1.28922,1.36068439725749,2.10931688347567,0.10630562907734761
5.45,54.70998,-32.010151,-0.019989,55.164921,-31.733152,0.03008,0.912295,0.962865587096094,0.44777025960406,0.10630562907734761
1.1586,56.257603,-31.848982,0.211115,58.555466,-32.233517,0.428454,1.28922,1.36068439725749,2.10931688347567,0.059985593075431956
7.73,56.14781730835661,-31.032727213909705,0.3631351818572437,56.14781730835661,-30.958289056418785,1.151289588583504,0.555861,0.586673639676664,0.533088214710166,0.059985593075431956
1.1586,56.257603,-31.848982,0.211115,58.555466,-32.233517,0.428454,1.28922,1.36068439725749,2.10931688347567,0.0833084595487297
7.79,56.14781730835661,-31.032727213909705,0.3631351818572437,56.2974399212883,-31.35543496743748,-0.6566337296213032,0.685131,0.723109369834027,0.716536824488689,0.0833084595487297
1.1586,56.257603,-31.848982,0.211115,58.555466,-32.233517,0.428454,1.28922,1.36068439725749,2.10931688347567,0.077810241006911
7.80,56.14781730835661,-31.032727213909705,0.3631351818572437,56.15781146519707,-31.480469159219147,-0.7963875450994751,0.810092,0.854997242319479,0.805905259205209,0.077810241006911
1.1586,56.257603,-31.848982,0.211115,58.555466,-32.233517,0.428454,1.28922,1.36068439725749,2.10931688347567,0.08972925360330103
7.81,56.14781730835661,-31.032727213909705,0.3631351818572437,56.59484121226073,-31.44851096701928,0.6864708410485143,0.551552,0.582125782004751,0.499051159358967,0.08972925360330103
1.1586,56.257603,-31.848982,0.211115,58.555466,-32.233517,0.428454,1.28922,1.36068439725749,2.10931688347567,0.06916204745206733
7.82,56.14781730835661,-31.032727213909705,0.3631351818572437,56.6047126892946,-31.228931551090746,0.7513542478102098,0.530007,0.559386493645191,0.504206356941667,0.06916204745206733
1.1586,56.257603,-31.848982,0.211115,58.555466,-32.233517,0.428454,1.28922,1.36068439725749,2.10931688347567,0.06510394105383864
7.333,56.287484338689126,-30.98688213957862,0.9558971109014491,56.31734286514889,-31.241336508141814,-0.11873597248945877,0.659277,0.695822223802554,0.735391353729576,0.06510394105383864
1.1586,56.257603,-31.848982,0.211115,58.555466,-32.233517,0.428454,1.28922,1.36068439725749,2.10931688347567,0.07097002610500312
7.345,56.14781730835661,-30.958166168093715,1.1512897614142759,55.76596934302245,-30.757461898110517,0.39317518304251564,0.616187,0.650343647083433,0.627599070843235,0.07097002610500312
1.1586,56.257603,-31.848982,0.211115,58.555466,-32.233517,0.428454,1.28922,1.36068439725749,2.10931688347567,0.1402763101463641
7.375,56.31734286514889,-31.241227695646856,-0.11869534897781531,55.76596934302245,-30.75744767733629,0.3931655066422346,0.710985,0.7503965158655,0.653581871836495,0.1402763101463641
1.1586,56.257603,-31.848982,0.211115,58.555466,-32.233517,0.428454,1.28922,1.36068439725749,2.10931688347567,0.09974554765107149
7.397,56.59484121226073,-31.448628443218997,0.6863265237375904,55.836615118549915,-30.870366480935218,0.6340300135999399,0.702367,0.741300800521676,0.74692033821472,0.09974554765107149
1.1587,56.257603,-31.848982,0.211115,59.69854,-31.059526,0.9199,2.19196,2.31346532896832,3.17038665797758,0.07385624235013052
4.117,55.290039,-31.810183,0.120075,57.291088,-32.197414,0.297608,1.685834,1.77928361347651,1.86886070441783,0.07385624235013052
1.1588,56.257603,-31.848982,0.211115,58.207512,-31.107077,0.769964,1.28922,1.36068439725749,1.8519319486769,0.11838632193054315
1.1928,56.386917,-31.219675,0.611009,56.486076,-30.200165,0.980285,0.758947,0.801017158627219,0.516959814456411,0.11838632193054315
1.1588,56.257603,-31.848982,0.211115,58.207512,-31.107077,0.769964,1.28922,1.36068439725749,1.8519319486769,0.05034885026550002
1.1936,56.386917,-31.219675,0.611009,56.899616,-31.196211,1.222464,0.7241,0.76423851014889,0.627395534308955,0.05034885026550002
1.1588,56.257603,-31.848982,0.211115,58.207512,-31.107077,0.769964,1.28922,1.36068439725749,1.8519319486769,0.15374393089674956
1.1938,56.386917,-31.219675,0.611009,56.177792,-31.891094,0.066793,0.803404,0.847938511265928,0.503835962847121,0.15374393089674956
1.1588,56.257603,-31.848982,0.211115,58.207512,-31.107077,0.769964,1.28922,1.36068439725749,1.8519319486769,0.07792696746213588
1.1941,56.386917,-31.219675,0.611009,56.65403,-31.816826,-0.177701,0.97032,1.02410704483866,0.639131269131954,0.07792696746213588
1.1588,56.257603,-31.848982,0.211115,58.207512,-31.107077,0.769964,1.28922,1.36068439725749,1.8519319486769,0.08038790967374425
1.1948,56.386917,-31.219675,0.611009,55.977489,-32.265121,0.636874,0.758947,0.801017158627219,0.58019340836477,0.08038790967374425
1.1588,56.257603,-31.848982,0.211115,58.207512,-31.107077,0.769964,1.28922,1.36068439725749,1.8519319486769,0.05653471217096874
1.1951,56.386917,-31.219675,0.611009,56.811398,-31.301725,1.00078,0.582096,0.614362905404817,0.472640337260045,0.05653471217096874
1.1588,56.257603,-31.848982,0.211115,58.207512,-31.107077,0.769964,1.28922,1.36068439725749,1.8519319486769,0.09292381787207049
4.114,54.70998,-32.010151,-0.019989,55.164921,-31.733152,0.03008,0.819632,0.865066066220625,0.44777025960406,0.09292381787207049
1.1588,56.257603,-31.848982,0.211115,58.207512,-31.107077,0.769964,1.28922,1.36068439725749,1.8519319486769,0.11220206733131997
5.45,54.70998,-32.010151,-0.019989,55.164921,-31.733152,0.03008,0.912295,0.962865587096094,0.44777025960406,0.11220206733131997
1.1592,56.257603,-31.848982,0.211115,56.880032,-29.34704,1.049308,1.26062,1.33049903419955,1.35421485114425,0.14403784273589224
7.247,56.15781146519707,-34.1114668264737,0.8295323992704606,56.05774503329822,-28.00815605770879,-0.19917430804949898,1.2927,1.36435730157364,2.68084625062854,0.14403784273589224
1.1594,56.257603,-31.848982,0.211115,56.167801,-29.397125,0.820818,1.01359,1.06977559936723,1.1404098768959,0.4053481990920465
7.247,56.15781146519707,-34.1114668264737,0.8295323992704606,56.05774503329822,-28.00815605770879,-0.19917430804949898,1.2927,1.36435730157364,2.68084625062854,0.4053481990920465
1.1595,56.257603,-31.848982,0.211115,55.54303,-27.158062,1.492611,2.05976,2.17393718224593,2.36474140653313,0.10786948749954865
1.1599,56.257603,-31.848982,0.211115,52.916645,-27.732435,0.855503,2.46476,2.60138725352103,3.68909771682584,0.10786948749954865
1.1596,56.257603,-31.848982,0.211115,55.664806,-29.462776,0.794798,1.32438,1.39779339603782,1.23442007464688,0.2831478883379479
7.247,56.15781146519707,-34.1114668264737,0.8295323992704606,56.05774503329822,-28.00815605770879,-0.19917430804949898,1.2927,1.36435730157364,2.68084625062854,0.2831478883379479
1.1597,56.257603,-31.848982,0.211115,54.490772,-28.099005,1.099506,1.8998,2.00511023557639,2.41855650642844,0.0707963960677904
1.1599,56.257603,-31.848982,0.211115,52.916645,-27.732435,0.855503,2.46476,2.60138725352103,3.68909771682584,0.0707963960677904
1.1597,56.257603,-31.848982,0.211115,54.490772,-28.099005,1.099506,1.8998,2.00511023557639,2.41855650642844,0.2638556379911658
1.1601,56.257603,-31.848982,0.211115,51.825905,-29.23259,0.471586,2.46476,2.60138725352103,4.40885244303038,0.2638556379911658
1.1597,56.257603,-31.848982,0.211115,54.490772,-28.099005,1.099506,1.8998,2.00511023557639,2.41855650642844,0.08390746596102484
1.1621,56.257603,-31.848982,0.211115,52.241817,-30.37277,0.615013,2.48771,2.62560942422662,3.90771064979641,0.08390746596102484
1.1597,56.257603,-31.848982,0.211115,54.490772,-28.099005,1.099506,1.8998,2.00511023557639,2.41855650642844,0.10839888852974233
1.1622,56.257603,-31.848982,0.211115,51.678555,-29.725574,0.227795,2.54226,2.68318325481441,4.49771119992423,0.10839888852974233
1.1598,56.257603,-31.848982,0.211115,54.793133,-29.13352,0.893109,1.26062,1.33049903419955,1.86924800020505,0.1433907773721311
1.1928,56.386917,-31.219675,0.611009,56.486076,-30.200165,0.980285,0.758947,0.801017158627219,0.516959814456411,0.1433907773721311
1.1598,56.257603,-31.848982,0.211115,54.793133,-29.13352,0.893109,1.26062,1.33049903419955,1.86924800020505,0.13300639938927744
1.1938,56.386917,-31.219675,0.611009,56.177792,-31.891094,0.066793,0.803404,0.847938511265928,0.503835962847121,0.13300639938927744
1.1598,56.257603,-31.848982,0.211115,54.793133,-29.13352,0.893109,1.26062,1.33049903419955,1.86924800020505,0.06779737919150884
1.1941,56.386917,-31.219675,0.611009,56.65403,-31.816826,-0.177701,0.97032,1.02410704483866,0.639131269131954,0.06779737919150884
1.1598,56.257603,-31.848982,0.211115,54.793133,-29.13352,0.893109,1.26062,1.33049903419955,1.86924800020505,0.073275256817259
1.1948,56.386917,-31.219675,0.611009,55.977489,-32.265121,0.636874,0.758947,0.801017158627219,0.58019340836477,0.073275256817259
1.1598,56.257603,-31.848982,0.211115,54.793133,-29.13352,0.893109,1.26062,1.33049903419955,1.86924800020505,0.13566300917791096
4.114,54.70998,-32.010151,-0.019989,55.164921,-31.733152,0.03008,0.819632,0.865066066220625,0.44777025960406,0.13566300917791096
1.1598,56.257603,-31.848982,0.211115,54.793133,-29.13352,0.893109,1.26062,1.33049903419955,1.86924800020505,0.15868819875626436
5.45,54.70998,-32.010151,-0.019989,55.164921,-31.733152,0.03008,0.912295,0.962865587096094,0.44777025960406,0.15868819875626436
1.1599,56.257603,-31.848982,0.211115,52.916645,-27.732435,0.855503,2.46476,2.60138725352103,3.68909771682584,0.13867055495972597
7.403,56.6047126892946,-31.22902335191763,0.7513093373113344,54.385907130828855,-30.018998762146865,0.7161670710346124,1.848561,1.9510309412503,2.14922631113198,0.13867055495972597
1.1600,56.257603,-31.848982,0.211115,54.4174,-30.098858,0.648465,1.11833,1.1803215758249,1.91186854379154,0.05002363204328269
1.1876,56.386917,-31.219675,0.611009,56.673737,-30.639708,0.609074,0.346816,0.366040799800853,0.362715768530112,0.05002363204328269
1.1600,56.257603,-31.848982,0.211115,54.4174,-30.098858,0.648465,1.11833,1.1803215758249,1.91186854379154,0.12358199480604441
1.1879,56.386917,-31.219675,0.611009,56.584969,-30.727087,0.244746,0.449269,0.474173002646156,0.370734350620781,0.12358199480604441
1.1600,56.257603,-31.848982,0.211115,54.4174,-30.098858,0.648465,1.11833,1.1803215758249,1.91186854379154,0.10843383155712069
1.1886,56.386917,-31.219675,0.611009,56.187775,-31.868713,0.515423,0.417813,0.440973325011515,0.336841915282028,0.10843383155712069
1.1600,56.257603,-31.848982,0.211115,54.4174,-30.098858,0.648465,1.11833,1.1803215758249,1.91186854379154,0.06902430292865983
1.1889,56.386917,-31.219675,0.611009,56.495979,-31.878544,0.494822,0.360601,0.380589933708327,0.306327799314777,0.06902430292865983
1.1600,56.257603,-31.848982,0.211115,54.4174,-30.098858,0.648465,1.11833,1.1803215758249,1.91186854379154,0.05630995155359788
1.1892,56.386917,-31.219675,0.611009,56.117817,-31.475496,0.97182,0.353604,0.373205074081878,0.362879883064392,0.05630995155359788
1.1600,56.257603,-31.848982,0.211115,54.4174,-30.098858,0.648465,1.11833,1.1803215758249,1.91186854379154,0.0945293108041259
1.1897,56.386917,-31.219675,0.611009,55.977489,-30.755247,0.190009,0.474254,0.500542978030868,0.513412989612851,0.0945293108041259
1.1600,56.257603,-31.848982,0.211115,54.4174,-30.098858,0.648465,1.11833,1.1803215758249,1.91186854379154,0.055449432776748214
1.1903,56.386917,-31.219675,0.611009,56.426613,-31.717216,0.295726,0.34022,0.35907916851658,0.302686630553686,0.055449432776748214
1.1600,56.257603,-31.848982,0.211115,54.4174,-30.098858,0.648465,1.11833,1.1803215758249,1.91186854379154,0.05430675365517616
1.1907,56.386917,-31.219675,0.611009,56.486076,-31.263065,0.226513,0.333797,0.352300127015839,0.275948293864864,0.05430675365517616
1.1600,56.257603,-31.848982,0.211115,54.4174,-30.098858,0.648465,1.11833,1.1803215758249,1.91186854379154,0.1039365636453078
1.1912,56.386917,-31.219675,0.611009,56.247635,-31.935303,1.150611,0.488457,0.51553328262919,0.481630224402146,0.1039365636453078
1.1600,56.257603,-31.848982,0.211115,54.4174,-30.098858,0.648465,1.11833,1.1803215758249,1.91186854379154,0.05737418692930967
1.1914,56.386917,-31.219675,0.611009,56.067764,-31.506691,0.632799,0.346816,0.366040799800853,0.320668582944882,0.05737418692930967
1.1600,56.257603,-31.848982,0.211115,54.4174,-30.098858,0.648465,1.11833,1.1803215758249,1.91186854379154,0.051234721068835434
1.1918,56.386917,-31.219675,0.611009,56.565208,-31.513021,0.283428,0.333797,0.352300127015839,0.303454806588945,0.051234721068835434
1.1600,56.257603,-31.848982,0.211115,54.4174,-30.098858,0.648465,1.11833,1.1803215758249,1.91186854379154,0.12619743175628503
1.1920,56.386917,-31.219675,0.611009,56.287483,-31.501989,0.16237,0.438109,0.462394378459909,0.339177765096983,0.12619743175628503
1.1600,56.257603,-31.848982,0.211115,54.4174,-30.098858,0.648465,1.11833,1.1803215758249,1.91186854379154,0.2383203977322987
1.1928,56.386917,-31.219675,0.611009,56.486076,-30.200165,0.980285,0.758947,0.801017158627219,0.516959814456411,0.2383203977322987
1.1600,56.257603,-31.848982,0.211115,54.4174,-30.098858,0.648465,1.11833,1.1803215758249,1.91186854379154,0.1069055725243071
1.1930,56.386917,-31.219675,0.611009,56.396843,-32.136333,1.055058,0.491683,0.518938107147544,0.479915932330919,0.1069055725243071
1.1600,56.257603,-31.848982,0.211115,54.4174,-30.098858,0.648465,1.11833,1.1803215758249,1.91186854379154,0.057390588985482896
1.1933,56.386917,-31.219675,0.611009,56.663887,-31.699776,0.92405,0.364287,0.384480257073068,0.385634948222254,0.057390588985482896
1.1600,56.257603,-31.848982,0.211115,54.4174,-30.098858,0.648465,1.11833,1.1803215758249,1.91186854379154,0.06333175091703587
1.1935,56.386917,-31.219675,0.611009,57.026669,-31.299232,0.404399,0.521416,0.550319274972785,0.607600870933239,0.06333175091703587
1.1600,56.257603,-31.848982,0.211115,54.4174,-30.098858,0.648465,1.11833,1.1803215758249,1.91186854379154,0.08385508222194557
1.1936,56.386917,-31.219675,0.611009,56.899616,-31.196211,1.222464,0.7241,0.76423851014889,0.627395534308955,0.08385508222194557
1.1600,56.257603,-31.848982,0.211115,54.4174,-30.098858,0.648465,1.11833,1.1803215758249,1.91186854379154,0.14712753218978936
1.1937,56.386917,-31.219675,0.611009,56.752464,-31.371271,0.823862,0.47369,0.499947714227907,0.372083305680279,0.14712753218978936
1.1600,56.257603,-31.848982,0.211115,54.4174,-30.098858,0.648465,1.11833,1.1803215758249,1.91186854379154,0.25164632749971805
1.1938,56.386917,-31.219675,0.611009,56.177792,-31.891094,0.066793,0.803404,0.847938511265928,0.503835962847121,0.25164632749971805
1.1600,56.257603,-31.848982,0.211115,54.4174,-30.098858,0.648465,1.11833,1.1803215758249,1.91186854379154,0.10868700007903478
1.1940,56.386917,-31.219675,0.611009,56.167801,-31.323668,0.993477,0.411285,0.434083463121925,0.330058363667589,0.10868700007903478
1.1600,56.257603,-31.848982,0.211115,54.4174,-30.098858,0.648465,1.11833,1.1803215758249,1.91186854379154,0.11894626071338772
1.1941,56.386917,-31.219675,0.611009,56.65403,-31.816826,-0.177701,0.97032,1.02410704483866,0.639131269131954,0.11894626071338772
1.1600,56.257603,-31.848982,0.211115,54.4174,-30.098858,0.648465,1.11833,1.1803215758249,1.91186854379154,0.06948257246379004
1.1942,56.386917,-31.219675,0.611009,55.987534,-30.51511,1.380653,0.803404,0.847938511265928,0.71238359137985,0.06948257246379004
1.1600,56.257603,-31.848982,0.211115,54.4174,-30.098858,0.648465,1.11833,1.1803215758249,1.91186854379154,0.13687098620987737
1.1943,56.386917,-31.219675,0.611009,56.137821,-31.797688,0.558479,0.448772,0.473648452805604,0.338080456956447,0.13687098620987737
1.1600,56.257603,-31.848982,0.211115,54.4174,-30.098858,0.648465,1.11833,1.1803215758249,1.91186854379154,0.1387240672021791
1.1947,56.386917,-31.219675,0.611009,56.742634,-31.321384,0.569516,0.448772,0.473648452805604,0.332993916008437,0.1387240672021791
1.1600,56.257603,-31.848982,0.211115,54.4174,-30.098858,0.648465,1.11833,1.1803215758249,1.91186854379154,0.1582354457790059
1.1948,56.386917,-31.219675,0.611009,55.977489,-32.265121,0.636874,0.758947,0.801017158627219,0.58019340836477,0.1582354457790059
1.1600,56.257603,-31.848982,0.211115,54.4174,-30.098858,0.648465,1.11833,1.1803215758249,1.91186854379154,0.17911575437778116
1.1951,56.386917,-31.219675,0.611009,56.811398,-31.301725,1.00078,0.582096,0.614362905404817,0.472640337260045,0.17911575437778116
1.1600,56.257603,-31.848982,0.211115,54.4174,-30.098858,0.648465,1.11833,1.1803215758249,1.91186854379154,0.14314810775636583
1.1956,56.386917,-31.219675,0.611009,55.99757,-30.441288,0.932251,0.568452,0.599962587448083,0.540762240163951,0.14314810775636583
1.1600,56.257603,-31.848982,0.211115,54.4174,-30.098858,0.648465,1.11833,1.1803215758249,1.91186854379154,0.125347233463366
1.1957,56.386917,-31.219675,0.611009,56.495979,-30.829233,1.005699,0.433261,0.457277642791905,0.332962251005115,0.125347233463366
1.1600,56.257603,-31.848982,0.211115,54.4174,-30.098858,0.648465,1.11833,1.1803215758249,1.91186854379154,0.12758362500266332
1.1960,56.386917,-31.219675,0.611009,56.703278,-30.134964,0.550736,0.59676,0.6298397642818,0.550432341692863,0.12758362500266332
1.1600,56.257603,-31.848982,0.211115,54.4174,-30.098858,0.648465,1.11833,1.1803215758249,1.91186854379154,0.05423293831124594
1.1961,56.386917,-31.219675,0.611009,56.416695,-31.710546,1.62314,0.97032,1.02410704483866,0.702500274426447,0.05423293831124594
1.1600,56.257603,-31.848982,0.211115,54.4174,-30.098858,0.648465,1.11833,1.1803215758249,1.91186854379154,0.0922642311626931
1.1962,56.386917,-31.219675,0.611009,56.791763,-31.577734,0.858496,0.44092,0.46536119858424,0.435157143743284,0.0922642311626931
1.1600,56.257603,-31.848982,0.211115,54.4174,-30.098858,0.648465,1.11833,1.1803215758249,1.91186854379154,0.1440964574615245
1.1965,56.386917,-31.219675,0.611009,56.087795,-31.66363,1.059796,0.521416,0.550319274972785,0.447317226050287,0.1440964574615245
1.1600,56.257603,-31.848982,0.211115,54.4174,-30.098858,0.648465,1.11833,1.1803215758249,1.91186854379154,0.1077209426788458
1.1967,56.386917,-31.219675,0.611009,56.167801,-32.431656,0.966444,0.612644,0.646604250533982,0.590426320350565,0.1077209426788458
1.1600,56.257603,-31.848982,0.211115,54.4174,-30.098858,0.648465,1.11833,1.1803215758249,1.91186854379154,0.06406941162240107
1.1971,56.386917,-31.219675,0.611009,56.565208,-29.822603,1.012362,0.670737,0.707917477671228,0.686515605938273,0.06406941162240107
1.1600,56.257603,-31.848982,0.211115,54.4174,-30.098858,0.648465,1.11833,1.1803215758249,1.91186854379154,0.07311474400285287
1.1972,56.386917,-31.219675,0.611009,56.850632,-31.00506,0.645579,0.433261,0.457277642791905,0.438770221510083,0.07311474400285287
1.1600,56.257603,-31.848982,0.211115,54.4174,-30.098858,0.648465,1.11833,1.1803215758249,1.91186854379154,0.10278391100765388
1.1976,56.386917,-31.219675,0.611009,55.866848,-30.819221,0.921957,0.521416,0.550319274972785,0.555997793409702,0.10278391100765388
1.1600,56.257603,-31.848982,0.211115,54.4174,-30.098858,0.648465,1.11833,1.1803215758249,1.91186854379154,0.35586491057909053
4.114,54.70998,-32.010151,-0.019989,55.164921,-31.733152,0.03008,0.819632,0.865066066220625,0.44777025960406,0.35586491057909053
1.1600,56.257603,-31.848982,0.211115,54.4174,-30.098858,0.648465,1.11833,1.1803215758249,1.91186854379154,0.37092382890873044
5.45,54.70998,-32.010151,-0.019989,55.164921,-31.733152,0.03008,0.912295,0.962865587096094,0.44777025960406,0.37092382890873044
1.1600,56.257603,-31.848982,0.211115,54.4174,-30.098858,0.648465,1.11833,1.1803215758249,1.91186854379154,0.06313943802578817
7.66,56.14781730835661,-31.032727213909705,0.3631351818572437,56.09780494149918,-30.645353511109086,0.26167792982436655,0.323175,0.341089325393409,0.184494554920034,0.06313943802578817
1.1600,56.257603,-31.848982,0.211115,54.4174,-30.098858,0.648465,1.11833,1.1803215758249,1.91186854379154,0.0931886796660026
7.71,56.14781730835661,-31.032727213909705,0.3631351818572437,56.30739276281291,-31.149644295010827,0.7046599046323765,0.374883,0.395663617456355,0.277781858764294,0.0931886796660026
1.1600,56.257603,-31.848982,0.211115,54.4174,-30.098858,0.648465,1.11833,1.1803215758249,1.91186854379154,0.09961395893045395
7.72,56.14781730835661,-31.032727213909705,0.3631351818572437,56.287484338689126,-30.986912187250915,0.9559475494941516,0.435209,0.459333624863124,0.421285275139336,0.09961395893045395
1.1600,56.257603,-31.848982,0.211115,54.4174,-30.098858,0.648465,1.11833,1.1803215758249,1.91186854379154,0.12962700328723922
7.73,56.14781730835661,-31.032727213909705,0.3631351818572437,56.14781730835661,-30.958289056418785,1.151289588583504,0.555861,0.586673639676664,0.533088214710166,0.12962700328723922
1.1600,56.257603,-31.848982,0.211115,54.4174,-30.098858,0.648465,1.11833,1.1803215758249,1.91186854379154,0.06793608504644051
7.76,56.14781730835661,-31.032727213909705,0.3631351818572437,56.077780553594806,-31.211487653784953,0.2437909000341687,0.327484,0.345637183065321,0.128957454457784,0.06793608504644051
1.1600,56.257603,-31.848982,0.211115,54.4174,-30.098858,0.648465,1.11833,1.1803215758249,1.91186854379154,0.1351613173948466
7.77,56.14781730835661,-31.032727213909705,0.3631351818572437,56.31734286514889,-31.24136676924305,-0.1186853211438077,0.448136,0.47297719787886,0.372842980918659,0.1351613173948466
1.1600,56.257603,-31.848982,0.211115,54.4174,-30.098858,0.648465,1.11833,1.1803215758249,1.91186854379154,0.13702914829475651
7.78,56.14781730835661,-31.032727213909705,0.3631351818572437,56.1777914776996,-31.28807111633852,-0.32614783671853775,0.51708,0.545742920629454,0.479490038901838,0.13702914829475651
1.1600,56.257603,-31.848982,0.211115,54.4174,-30.098858,0.648465,1.11833,1.1803215758249,1.91186854379154,0.053162545480621264
7.79,56.14781730835661,-31.032727213909705,0.3631351818572437,56.2974399212883,-31.35543496743748,-0.6566337296213032,0.685131,0.723109369834027,0.716536824488689,0.053162545480621264
1.1600,56.257603,-31.848982,0.211115,54.4174,-30.098858,0.648465,1.11833,1.1803215758249,1.91186854379154,0.15101648039676874
7.81,56.14781730835661,-31.032727213909705,0.3631351818572437,56.59484121226073,-31.44851096701928,0.6864708410485143,0.551552,0.582125782004751,0.499051159358967,0.15101648039676874
1.1600,56.257603,-31.848982,0.211115,54.4174,-30.098858,0.648465,1.11833,1.1803215758249,1.91186854379154,0.13107654619280024
7.82,56.14781730835661,-31.032727213909705,0.3631351818572437,56.6047126892946,-31.228931551090746,0.7513542478102098,0.530007,0.559386493645191,0.504206356941667,0.13107654619280024
1.1600,56.257603,-31.848982,0.211115,54.4174,-30.098858,0.648465,1.11833,1.1803215758249,1.91186854379154,0.13335234577982838
7.84,56.14781730835661,-31.032727213909705,0.3631351818572437,55.836615118549915,-30.87025056789289,0.6341729220770587,0.426591,0.4502379095193,0.350715954664555,0.13335234577982838
1.1600,56.257603,-31.848982,0.211115,54.4174,-30.098858,0.648465,1.11833,1.1803215758249,1.91186854379154,0.1518226244333872
7.85,56.14781730835661,-31.032727213909705,0.3631351818572437,55.76596934302245,-30.75758499154313,0.39317526153956894,0.452445,0.477525055550773,0.375847850785036,0.1518226244333872
1.1600,56.257603,-31.848982,0.211115,54.4174,-30.098858,0.648465,1.11833,1.1803215758249,1.91186854379154,0.06518198686815631
7.161,56.2775260131273,-31.643415768277173,0.49913346781380596,56.077780553594806,-31.21125329326163,0.24377777830413283,0.349029,0.368376471424882,0.310720001273478,0.06518198686815631
1.1600,56.257603,-31.848982,0.211115,54.4174,-30.098858,0.648465,1.11833,1.1803215758249,1.91186854379154,0.052125504496947236
7.183,56.30739276281291,-32.338751143652644,0.7444675550189128,56.287484338689126,-30.98690064618692,0.9559009308409694,0.461063,0.486620770894597,0.588606993228462,0.052125504496947236
1.1600,56.257603,-31.848982,0.211115,54.4174,-30.098858,0.648465,1.11833,1.1803215758249,1.91186854379154,0.0744110874328147
7.264,56.09780494149918,-30.645109504672806,0.261565512347528,56.30739276281291,-31.14940084139389,0.7045477009030465,0.38781,0.409307190472091,0.414594341568057,0.0744110874328147
1.1600,56.257603,-31.848982,0.211115,54.4174,-30.098858,0.648465,1.11833,1.1803215758249,1.91186854379154,0.05175299519279808
7.275,56.247634559754175,-29.803452341445215,0.16759977532643244,56.31734286514889,-31.241124403181107,-0.11869443578023109,0.521389,0.550290778301367,0.65192357594173,0.05175299519279808
1.1600,56.257603,-31.848982,0.211115,54.4174,-30.098858,0.648465,1.11833,1.1803215758249,1.91186854379154,0.08616409684414986
7.276,56.247634559754175,-29.803452341445215,0.16759977532643244,55.76596934302245,-30.757345710704488,0.39316655316705695,0.590333,0.62305650105196,0.628145276876227,0.08616409684414986
1.1600,56.257603,-31.848982,0.211115,54.4174,-30.098858,0.648465,1.11833,1.1803215758249,1.91186854379154,0.08632309770259725
7.328,56.30739276281291,-31.149743239207883,0.7045193228325752,56.077780553594806,-31.211586946489234,0.24365078479127167,0.400737,0.422950763487827,0.378367211834403,0.08632309770259725
1.1600,56.257603,-31.848982,0.211115,54.4174,-30.098858,0.648465,1.11833,1.1803215758249,1.91186854379154,0.10183100377343665
7.345,56.14781730835661,-30.958166168093715,1.1512897614142759,55.76596934302245,-30.757461898110517,0.39317518304251564,0.616187,0.650343647083433,0.627599070843235,0.10183100377343665
1.1600,56.257603,-31.848982,0.211115,54.4174,-30.098858,0.648465,1.11833,1.1803215758249,1.91186854379154,0.1075828798959323
7.375,56.31734286514889,-31.241227695646856,-0.11869534897781531,55.76596934302245,-30.75744767733629,0.3931655066422346,0.710985,0.7503965158655,0.653581871836495,0.1075828798959323
1.1601,56.257603,-31.848982,0.211115,51.825905,-29.23259,0.471586,2.46476,2.60138725352103,4.40885244303038,0.24576965137634857
7.403,56.6047126892946,-31.22902335191763,0.7513093373113344,54.385907130828855,-30.018998762146865,0.7161670710346124,1.848561,1.9510309412503,2.14922631113198,0.24576965137634857
1.1601,56.257603,-31.848982,0.211115,51.825905,-29.23259,0.471586,2.46476,2.60138725352103,4.40885244303038,0.15095610638394674
7.408,57.45345407206452,-31.626210056364624,0.5706014438792817,55.05173118091976,-30.468463453238392,0.529576234418605,1.900269,2.00560523331325,2.28521548065684,0.15095610638394674
1.1602,56.257603,-31.848982,0.211115,54.301788,-31.013969,0.312227,1.1569,1.22102959866213,1.87899093647592,0.08149087514657465
1.1879,56.386917,-31.219675,0.611009,56.584969,-30.727087,0.244746,0.449269,0.474173002646156,0.370734350620781,0.08149087514657465
1.1602,56.257603,-31.848982,0.211115,54.301788,-31.013969,0.312227,1.1569,1.22102959866213,1.87899093647592,0.07411404018504815
1.1886,56.386917,-31.219675,0.611009,56.187775,-31.868713,0.515423,0.417813,0.440973325011515,0.336841915282028,0.07411404018504815
1.1602,56.257603,-31.848982,0.211115,54.301788,-31.013969,0.312227,1.1569,1.22102959866213,1.87899093647592,0.06126307106166583
1.1897,56.386917,-31.219675,0.611009,55.977489,-30.755247,0.190009,0.474254,0.500542978030868,0.513412989612851,0.06126307106166583
1.1602,56.257603,-31.848982,0.211115,54.301788,-31.013969,0.312227,1.1569,1.22102959866213,1.87899093647592,0.07225587916823537
1.1912,56.386917,-31.219675,0.611009,56.247635,-31.935303,1.150611,0.488457,0.51553328262919,0.481630224402146,0.07225587916823537
1.1602,56.257603,-31.848982,0.211115,54.301788,-31.013969,0.312227,1.1569,1.22102959866213,1.87899093647592,0.08859433729333853
1.1920,56.386917,-31.219675,0.611009,56.287483,-31.501989,0.16237,0.438109,0.462394378459909,0.339177765096983,0.08859433729333853
1.1602,56.257603,-31.848982,0.211115,54.301788,-31.013969,0.312227,1.1569,1.22102959866213,1.87899093647592,0.16602427074151546
1.1928,56.386917,-31.219675,0.611009,56.486076,-30.200165,0.980285,0.758947,0.801017158627219,0.516959814456411,0.16602427074151546
1.1602,56.257603,-31.848982,0.211115,54.301788,-31.013969,0.312227,1.1569,1.22102959866213,1.87899093647592,0.07457559783656019
1.1930,56.386917,-31.219675,0.611009,56.396843,-32.136333,1.055058,0.491683,0.518938107147544,0.479915932330919,0.07457559783656019
1.1602,56.257603,-31.848982,0.211115,54.301788,-31.013969,0.312227,1.1569,1.22102959866213,1.87899093647592,0.08344466108708051
1.1936,56.386917,-31.219675,0.611009,56.899616,-31.196211,1.222464,0.7241,0.76423851014889,0.627395534308955,0.08344466108708051
1.1602,56.257603,-31.848982,0.211115,54.301788,-31.013969,0.312227,1.1569,1.22102959866213,1.87899093647592,0.10543180835023411
1.1937,56.386917,-31.219675,0.611009,56.752464,-31.371271,0.823862,0.47369,0.499947714227907,0.372083305680279,0.10543180835023411
1.1602,56.257603,-31.848982,0.211115,54.301788,-31.013969,0.312227,1.1569,1.22102959866213,1.87899093647592,0.21537753573630308
1.1938,56.386917,-31.219675,0.611009,56.177792,-31.891094,0.066793,0.803404,0.847938511265928,0.503835962847121,0.21537753573630308
1.1602,56.257603,-31.848982,0.211115,54.301788,-31.013969,0.312227,1.1569,1.22102959866213,1.87899093647592,0.07339029761742268
1.1940,56.386917,-31.219675,0.611009,56.167801,-31.323668,0.993477,0.411285,0.434083463121925,0.330058363667589,0.07339029761742268
1.1602,56.257603,-31.848982,0.211115,54.301788,-31.013969,0.312227,1.1569,1.22102959866213,1.87899093647592,0.09713736267191911
1.1941,56.386917,-31.219675,0.611009,56.65403,-31.816826,-0.177701,0.97032,1.02410704483866,0.639131269131954,0.09713736267191911
1.1602,56.257603,-31.848982,0.211115,54.301788,-31.013969,0.312227,1.1569,1.22102959866213,1.87899093647592,0.09738834009435593
1.1943,56.386917,-31.219675,0.611009,56.137821,-31.797688,0.558479,0.448772,0.473648452805604,0.338080456956447,0.09738834009435593
1.1602,56.257603,-31.848982,0.211115,54.301788,-31.013969,0.312227,1.1569,1.22102959866213,1.87899093647592,0.09895217433524912
1.1947,56.386917,-31.219675,0.611009,56.742634,-31.321384,0.569516,0.448772,0.473648452805604,0.332993916008437,0.09895217433524912
1.1602,56.257603,-31.848982,0.211115,54.301788,-31.013969,0.312227,1.1569,1.22102959866213,1.87899093647592,0.12793721398489702
1.1948,56.386917,-31.219675,0.611009,55.977489,-32.265121,0.636874,0.758947,0.801017158627219,0.58019340836477,0.12793721398489702
1.1602,56.257603,-31.848982,0.211115,54.301788,-31.013969,0.312227,1.1569,1.22102959866213,1.87899093647592,0.13458615014232955
1.1951,56.386917,-31.219675,0.611009,56.811398,-31.301725,1.00078,0.582096,0.614362905404817,0.472640337260045,0.13458615014232955
1.1602,56.257603,-31.848982,0.211115,54.301788,-31.013969,0.312227,1.1569,1.22102959866213,1.87899093647592,0.0924039635841051
1.1956,56.386917,-31.219675,0.611009,55.99757,-30.441288,0.932251,0.568452,0.599962587448083,0.540762240163951,0.0924039635841051
1.1602,56.257603,-31.848982,0.211115,54.301788,-31.013969,0.312227,1.1569,1.22102959866213,1.87899093647592,0.08058023221180874
1.1957,56.386917,-31.219675,0.611009,56.495979,-30.829233,1.005699,0.433261,0.457277642791905,0.332962251005115,0.08058023221180874
1.1602,56.257603,-31.848982,0.211115,54.301788,-31.013969,0.312227,1.1569,1.22102959866213,1.87899093647592,0.07801429503480209
1.1960,56.386917,-31.219675,0.611009,56.703278,-30.134964,0.550736,0.59676,0.6298397642818,0.550432341692863,0.07801429503480209
1.1602,56.257603,-31.848982,0.211115,54.301788,-31.013969,0.312227,1.1569,1.22102959866213,1.87899093647592,0.06204715664255324
1.1962,56.386917,-31.219675,0.611009,56.791763,-31.577734,0.858496,0.44092,0.46536119858424,0.435157143743284,0.06204715664255324
1.1602,56.257603,-31.848982,0.211115,54.301788,-31.013969,0.312227,1.1569,1.22102959866213,1.87899093647592,0.10913659008736677
1.1965,56.386917,-31.219675,0.611009,56.087795,-31.66363,1.059796,0.521416,0.550319274972785,0.447317226050287,0.10913659008736677
1.1602,56.257603,-31.848982,0.211115,54.301788,-31.013969,0.312227,1.1569,1.22102959866213,1.87899093647592,0.07899714289325332
1.1967,56.386917,-31.219675,0.611009,56.167801,-32.431656,0.966444,0.612644,0.646604250533982,0.590426320350565,0.07899714289325332
1.1602,56.257603,-31.848982,0.211115,54.301788,-31.013969,0.312227,1.1569,1.22102959866213,1.87899093647592,0.05696748158574861
1.1972,56.386917,-31.219675,0.611009,56.850632,-31.00506,0.645579,0.433261,0.457277642791905,0.438770221510083,0.05696748158574861
1.1602,56.257603,-31.848982,0.211115,54.301788,-31.013969,0.312227,1.1569,1.22102959866213,1.87899093647592,0.06648212692819642
1.1976,56.386917,-31.219675,0.611009,55.866848,-30.819221,0.921957,0.521416,0.550319274972785,0.555997793409702,0.06648212692819642
1.1602,56.257603,-31.848982,0.211115,54.301788,-31.013969,0.312227,1.1569,1.22102959866213,1.87899093647592,0.3423900759814063
4.114,54.70998,-32.010151,-0.019989,55.164921,-31.733152,0.03008,0.819632,0.865066066220625,0.44777025960406,0.3423900759814063
1.1602,56.257603,-31.848982,0.211115,54.301788,-31.013969,0.312227,1.1569,1.22102959866213,1.87899093647592,0.36664027307771435
5.45,54.70998,-32.010151,-0.019989,55.164921,-31.733152,0.03008,0.912295,0.962865587096094,0.44777025960406,0.36664027307771435
1.1602,56.257603,-31.848982,0.211115,54.301788,-31.013969,0.312227,1.1569,1.22102959866213,1.87899093647592,0.059164609654014134
7.71,56.14781730835661,-31.032727213909705,0.3631351818572437,56.30739276281291,-31.149644295010827,0.7046599046323765,0.374883,0.395663617456355,0.277781858764294,0.059164609654014134
1.1602,56.257603,-31.848982,0.211115,54.301788,-31.013969,0.312227,1.1569,1.22102959866213,1.87899093647592,0.06336156344937205
7.72,56.14781730835661,-31.032727213909705,0.3631351818572437,56.287484338689126,-30.986912187250915,0.9559475494941516,0.435209,0.459333624863124,0.421285275139336,0.06336156344937205
1.1602,56.257603,-31.848982,0.211115,54.301788,-31.013969,0.312227,1.1569,1.22102959866213,1.87899093647592,0.08675748603606503
7.73,56.14781730835661,-31.032727213909705,0.3631351818572437,56.14781730835661,-30.958289056418785,1.151289588583504,0.555861,0.586673639676664,0.533088214710166,0.08675748603606503
1.1602,56.257603,-31.848982,0.211115,54.301788,-31.013969,0.312227,1.1569,1.22102959866213,1.87899093647592,0.0924997884535073
7.77,56.14781730835661,-31.032727213909705,0.3631351818572437,56.31734286514889,-31.24136676924305,-0.1186853211438077,0.448136,0.47297719787886,0.372842980918659,0.0924997884535073
1.1602,56.257603,-31.848982,0.211115,54.301788,-31.013969,0.312227,1.1569,1.22102959866213,1.87899093647592,0.09574789142220026
7.78,56.14781730835661,-31.032727213909705,0.3631351818572437,56.1777914776996,-31.28807111633852,-0.32614783671853775,0.51708,0.545742920629454,0.479490038901838,0.09574789142220026
1.1602,56.257603,-31.848982,0.211115,54.301788,-31.013969,0.312227,1.1569,1.22102959866213,1.87899093647592,0.10709490498080301
7.81,56.14781730835661,-31.032727213909705,0.3631351818572437,56.59484121226073,-31.44851096701928,0.6864708410485143,0.551552,0.582125782004751,0.499051159358967,0.10709490498080301
1.1602,56.257603,-31.848982,0.211115,54.301788,-31.013969,0.312227,1.1569,1.22102959866213,1.87899093647592,0.09149702542404174
7.82,56.14781730835661,-31.032727213909705,0.3631351818572437,56.6047126892946,-31.228931551090746,0.7513542478102098,0.530007,0.559386493645191,0.504206356941667,0.09149702542404174
1.1602,56.257603,-31.848982,0.211115,54.301788,-31.013969,0.312227,1.1569,1.22102959866213,1.87899093647592,0.08734706777513931
7.84,56.14781730835661,-31.032727213909705,0.3631351818572437,55.836615118549915,-30.87025056789289,0.6341729220770587,0.426591,0.4502379095193,0.350715954664555,0.08734706777513931
1.1602,56.257603,-31.848982,0.211115,54.301788,-31.013969,0.312227,1.1569,1.22102959866213,1.87899093647592,0.10097827538734641
7.85,56.14781730835661,-31.032727213909705,0.3631351818572437,55.76596934302245,-30.75758499154313,0.39317526153956894,0.452445,0.477525055550773,0.375847850785036,0.10097827538734641
1.1602,56.257603,-31.848982,0.211115,54.301788,-31.013969,0.312227,1.1569,1.22102959866213,1.87899093647592,0.05890485560789373
7.328,56.30739276281291,-31.149743239207883,0.7045193228325752,56.077780553594806,-31.211586946489234,0.24365078479127167,0.400737,0.422950763487827,0.378367211834403,0.05890485560789373
1.1602,56.257603,-31.848982,0.211115,54.301788,-31.013969,0.312227,1.1569,1.22102959866213,1.87899093647592,0.0691822559436818
7.345,56.14781730835661,-30.958166168093715,1.1512897614142759,55.76596934302245,-30.757461898110517,0.39317518304251564,0.616187,0.650343647083433,0.627599070843235,0.0691822559436818
1.1602,56.257603,-31.848982,0.211115,54.301788,-31.013969,0.312227,1.1569,1.22102959866213,1.87899093647592,0.07602067776003174
7.375,56.31734286514889,-31.241227695646856,-0.11869534897781531,55.76596934302245,-30.75744767733629,0.3931655066422346,0.710985,0.7503965158655,0.653581871836495,0.07602067776003174
1.1603,56.257603,-31.848982,0.211115,51.53056,-30.014101,0.291228,2.65785,2.80518067145315,4.61952793122642,0.07145838329579952
1.1617,56.257603,-31.848982,0.211115,53.867489,-33.064632,2.090752,2.44628,2.58188286508359,2.62322640410008,0.07145838329579952
1.1603,56.257603,-31.848982,0.211115,51.53056,-30.014101,0.291228,2.65785,2.80518067145315,4.61952793122642,0.23438038091098373
1.1619,56.257603,-31.848982,0.211115,52.938549,-31.491577,1.198516,2.39499,2.52774974371149,3.23550111599541,0.23438038091098373
1.1604,56.257603,-31.848982,0.211115,58.442974,-32.636562,-0.066317,1.18715,1.25295642497342,2.03230581877004,0.07618595342095692
1.1879,56.386917,-31.219675,0.611009,56.584969,-30.727087,0.244746,0.449269,0.474173002646156,0.370734350620781,0.07618595342095692
1.1604,56.257603,-31.848982,0.211115,58.442974,-32.636562,-0.066317,1.18715,1.25295642497342,2.03230581877004,0.06164412414059706
1.1886,56.386917,-31.219675,0.611009,56.187775,-31.868713,0.515423,0.417813,0.440973325011515,0.336841915282028,0.06164412414059706
1.1604,56.257603,-31.848982,0.211115,58.442974,-32.636562,-0.066317,1.18715,1.25295642497342,2.03230581877004,0.0703359552616192
1.1897,56.386917,-31.219675,0.611009,55.977489,-30.755247,0.190009,0.474254,0.500542978030868,0.513412989612851,0.0703359552616192
1.1604,56.257603,-31.848982,0.211115,58.442974,-32.636562,-0.066317,1.18715,1.25295642497342,2.03230581877004,0.08703406579540097
1.1912,56.386917,-31.219675,0.611009,56.247635,-31.935303,1.150611,0.488457,0.51553328262919,0.481630224402146,0.08703406579540097
1.1604,56.257603,-31.848982,0.211115,58.442974,-32.636562,-0.066317,1.18715,1.25295642497342,2.03230581877004,0.07622247319817695
1.1920,56.386917,-31.219675,0.611009,56.287483,-31.501989,0.16237,0.438109,0.462394378459909,0.339177765096983,0.07622247319817695
1.1604,56.257603,-31.848982,0.211115,58.442974,-32.636562,-0.066317,1.18715,1.25295642497342,2.03230581877004,0.15434834629023622
1.1928,56.386917,-31.219675,0.611009,56.486076,-30.200165,0.980285,0.758947,0.801017158627219,0.516959814456411,0.15434834629023622
1.1604,56.257603,-31.848982,0.211115,58.442974,-32.636562,-0.066317,1.18715,1.25295642497342,2.03230581877004,0.10066453336136863
1.1930,56.386917,-31.219675,0.611009,56.396843,-32.136333,1.055058,0.491683,0.518938107147544,0.479915932330919,0.10066453336136863
1.1604,56.257603,-31.848982,0.211115,58.442974,-32.636562,-0.066317,1.18715,1.25295642497342,2.03230581877004,0.06980428193330608
1.1931,56.386917,-31.219675,0.611009,56.919193,-30.280632,0.086012,0.670737,0.707917477671228,0.725519150583384,0.06980428193330608
1.1604,56.257603,-31.848982,0.211115,58.442974,-32.636562,-0.066317,1.18715,1.25295642497342,2.03230581877004,0.10593198942307744
1.1934,56.386917,-31.219675,0.611009,57.182442,-31.40649,0.87232,0.758947,0.801017158627219,0.757680248769642,0.10593198942307744
1.1604,56.257603,-31.848982,0.211115,58.442974,-32.636562,-0.066317,1.18715,1.25295642497342,2.03230581877004,0.08712458646615368
1.1935,56.386917,-31.219675,0.611009,57.026669,-31.299232,0.404399,0.521416,0.550319274972785,0.607600870933239,0.08712458646615368
1.1604,56.257603,-31.848982,0.211115,58.442974,-32.636562,-0.066317,1.18715,1.25295642497342,2.03230581877004,0.17668863482916614
1.1936,56.386917,-31.219675,0.611009,56.899616,-31.196211,1.222464,0.7241,0.76423851014889,0.627395534308955,0.17668863482916614
1.1604,56.257603,-31.848982,0.211115,58.442974,-32.636562,-0.066317,1.18715,1.25295642497342,2.03230581877004,0.11604899727565098
1.1937,56.386917,-31.219675,0.611009,56.752464,-31.371271,0.823862,0.47369,0.499947714227907,0.372083305680279,0.11604899727565098
1.1604,56.257603,-31.848982,0.211115,58.442974,-32.636562,-0.066317,1.18715,1.25295642497342,2.03230581877004,0.33047229782421983
1.1938,56.386917,-31.219675,0.611009,56.177792,-31.891094,0.066793,0.803404,0.847938511265928,0.503835962847121,0.33047229782421983
1.1604,56.257603,-31.848982,0.211115,58.442974,-32.636562,-0.066317,1.18715,1.25295642497342,2.03230581877004,0.0577829438051864
1.1940,56.386917,-31.219675,0.611009,56.167801,-31.323668,0.993477,0.411285,0.434083463121925,0.330058363667589,0.0577829438051864
1.1604,56.257603,-31.848982,0.211115,58.442974,-32.636562,-0.066317,1.18715,1.25295642497342,2.03230581877004,0.272028328524122
1.1941,56.386917,-31.219675,0.611009,56.65403,-31.816826,-0.177701,0.97032,1.02410704483866,0.639131269131954,0.272028328524122
1.1604,56.257603,-31.848982,0.211115,58.442974,-32.636562,-0.066317,1.18715,1.25295642497342,2.03230581877004,0.08477433172433022
1.1943,56.386917,-31.219675,0.611009,56.137821,-31.797688,0.558479,0.448772,0.473648452805604,0.338080456956447,0.08477433172433022
1.1604,56.257603,-31.848982,0.211115,58.442974,-32.636562,-0.066317,1.18715,1.25295642497342,2.03230581877004,0.10065203414153433
1.1947,56.386917,-31.219675,0.611009,56.742634,-31.321384,0.569516,0.448772,0.473648452805604,0.332993916008437,0.10065203414153433
1.1604,56.257603,-31.848982,0.211115,58.442974,-32.636562,-0.066317,1.18715,1.25295642497342,2.03230581877004,0.22451936661762556
1.1948,56.386917,-31.219675,0.611009,55.977489,-32.265121,0.636874,0.758947,0.801017158627219,0.58019340836477,0.22451936661762556
1.1604,56.257603,-31.848982,0.211115,58.442974,-32.636562,-0.066317,1.18715,1.25295642497342,2.03230581877004,0.19188007687311875
1.1951,56.386917,-31.219675,0.611009,56.811398,-31.301725,1.00078,0.582096,0.614362905404817,0.472640337260045,0.19188007687311875
1.1604,56.257603,-31.848982,0.211115,58.442974,-32.636562,-0.066317,1.18715,1.25295642497342,2.03230581877004,0.11891391338122809
1.1956,56.386917,-31.219675,0.611009,55.99757,-30.441288,0.932251,0.568452,0.599962587448083,0.540762240163951,0.11891391338122809
1.1604,56.257603,-31.848982,0.211115,58.442974,-32.636562,-0.066317,1.18715,1.25295642497342,2.03230581877004,0.06042311755599215
1.1957,56.386917,-31.219675,0.611009,56.495979,-30.829233,1.005699,0.433261,0.457277642791905,0.332962251005115,0.06042311755599215
1.1604,56.257603,-31.848982,0.211115,58.442974,-32.636562,-0.066317,1.18715,1.25295642497342,2.03230581877004,0.07941211205880339
1.1958,56.386917,-31.219675,0.611009,57.211575,-31.759851,0.863446,0.803404,0.847938511265928,0.810006397108033,0.07941211205880339
1.1604,56.257603,-31.848982,0.211115,58.442974,-32.636562,-0.066317,1.18715,1.25295642497342,2.03230581877004,0.09215029578225536
1.1960,56.386917,-31.219675,0.611009,56.703278,-30.134964,0.550736,0.59676,0.6298397642818,0.550432341692863,0.09215029578225536
1.1604,56.257603,-31.848982,0.211115,58.442974,-32.636562,-0.066317,1.18715,1.25295642497342,2.03230581877004,0.12949246605036563
1.1961,56.386917,-31.219675,0.611009,56.416695,-31.710546,1.62314,0.97032,1.02410704483866,0.702500274426447,0.12949246605036563
1.1604,56.257603,-31.848982,0.211115,58.442974,-32.636562,-0.066317,1.18715,1.25295642497342,2.03230581877004,0.07896981235907818
1.1962,56.386917,-31.219675,0.611009,56.791763,-31.577734,0.858496,0.44092,0.46536119858424,0.435157143743284,0.07896981235907818
1.1604,56.257603,-31.848982,0.211115,58.442974,-32.636562,-0.066317,1.18715,1.25295642497342,2.03230581877004,0.12409813014194211
1.1965,56.386917,-31.219675,0.611009,56.087795,-31.66363,1.059796,0.521416,0.550319274972785,0.447317226050287,0.12409813014194211
1.1604,56.257603,-31.848982,0.211115,58.442974,-32.636562,-0.066317,1.18715,1.25295642497342,2.03230581877004,0.13542257449243156
1.1967,56.386917,-31.219675,0.611009,56.167801,-32.431656,0.966444,0.612644,0.646604250533982,0.590426320350565,0.13542257449243156
1.1604,56.257603,-31.848982,0.211115,58.442974,-32.636562,-0.066317,1.18715,1.25295642497342,2.03230581877004,0.06630623605396564
1.1972,56.386917,-31.219675,0.611009,56.850632,-31.00506,0.645579,0.433261,0.457277642791905,0.438770221510083,0.06630623605396564
1.1604,56.257603,-31.848982,0.211115,58.442974,-32.636562,-0.066317,1.18715,1.25295642497342,2.03230581877004,0.057320116861113136
1.1975,56.386917,-31.219675,0.611009,57.201866,-30.50242,0.778383,0.865414,0.913385866623383,0.819875468958497,0.057320116861113136
1.1604,56.257603,-31.848982,0.211115,58.442974,-32.636562,-0.066317,1.18715,1.25295642497342,2.03230581877004,0.08485928139393323
1.1976,56.386917,-31.219675,0.611009,55.866848,-30.819221,0.921957,0.521416,0.550319274972785,0.555997793409702,0.08485928139393323
1.1604,56.257603,-31.848982,0.211115,58.442974,-32.636562,-0.066317,1.18715,1.25295642497342,2.03230581877004,0.05584697384000558
1.1977,56.386917,-31.219675,0.611009,56.257603,-30.304417,-0.298011,0.758947,0.801017158627219,0.738311852389561,0.05584697384000558
1.1604,56.257603,-31.848982,0.211115,58.442974,-32.636562,-0.066317,1.18715,1.25295642497342,2.03230581877004,0.10723907150917077
4.114,54.70998,-32.010151,-0.019989,55.164921,-31.733152,0.03008,0.819632,0.865066066220625,0.44777025960406,0.10723907150917077
1.1604,56.257603,-31.848982,0.211115,58.442974,-32.636562,-0.066317,1.18715,1.25295642497342,2.03230581877004,0.11747959071866518
5.45,54.70998,-32.010151,-0.019989,55.164921,-31.733152,0.03008,0.912295,0.962865587096094,0.44777025960406,0.11747959071866518
1.1604,56.257603,-31.848982,0.211115,58.442974,-32.636562,-0.066317,1.18715,1.25295642497342,2.03230581877004,0.050916821205668185
7.72,56.14781730835661,-31.032727213909705,0.3631351818572437,56.287484338689126,-30.986912187250915,0.9559475494941516,0.435209,0.459333624863124,0.421285275139336,0.050916821205668185
1.1604,56.257603,-31.848982,0.211115,58.442974,-32.636562,-0.066317,1.18715,1.25295642497342,2.03230581877004,0.07885136102727203
7.73,56.14781730835661,-31.032727213909705,0.3631351818572437,56.14781730835661,-30.958289056418785,1.151289588583504,0.555861,0.586673639676664,0.533088214710166,0.07885136102727203
1.1604,56.257603,-31.848982,0.211115,58.442974,-32.636562,-0.066317,1.18715,1.25295642497342,2.03230581877004,0.08160600657356151
7.77,56.14781730835661,-31.032727213909705,0.3631351818572437,56.31734286514889,-31.24136676924305,-0.1186853211438077,0.448136,0.47297719787886,0.372842980918659,0.08160600657356151
1.1604,56.257603,-31.848982,0.211115,58.442974,-32.636562,-0.066317,1.18715,1.25295642497342,2.03230581877004,0.10611133031796563
7.78,56.14781730835661,-31.032727213909705,0.3631351818572437,56.1777914776996,-31.28807111633852,-0.32614783671853775,0.51708,0.545742920629454,0.479490038901838,0.10611133031796563
1.1604,56.257603,-31.848982,0.211115,58.442974,-32.636562,-0.066317,1.18715,1.25295642497342,2.03230581877004,0.0911835411772018
7.79,56.14781730835661,-31.032727213909705,0.3631351818572437,56.2974399212883,-31.35543496743748,-0.6566337296213032,0.685131,0.723109369834027,0.716536824488689,0.0911835411772018
1.1604,56.257603,-31.848982,0.211115,58.442974,-32.636562,-0.066317,1.18715,1.25295642497342,2.03230581877004,0.05886171037431399
7.80,56.14781730835661,-31.032727213909705,0.3631351818572437,56.15781146519707,-31.480469159219147,-0.7963875450994751,0.810092,0.854997242319479,0.805905259205209,0.05886171037431399
1.1604,56.257603,-31.848982,0.211115,58.442974,-32.636562,-0.066317,1.18715,1.25295642497342,2.03230581877004,0.14930220941039668
7.81,56.14781730835661,-31.032727213909705,0.3631351818572437,56.59484121226073,-31.44851096701928,0.6864708410485143,0.551552,0.582125782004751,0.499051159358967,0.14930220941039668
1.1604,56.257603,-31.848982,0.211115,58.442974,-32.636562,-0.066317,1.18715,1.25295642497342,2.03230581877004,0.11965182555685834
7.82,56.14781730835661,-31.032727213909705,0.3631351818572437,56.6047126892946,-31.228931551090746,0.7513542478102098,0.530007,0.559386493645191,0.504206356941667,0.11965182555685834
1.1604,56.257603,-31.848982,0.211115,58.442974,-32.636562,-0.066317,1.18715,1.25295642497342,2.03230581877004,0.05610052244880665
7.84,56.14781730835661,-31.032727213909705,0.3631351818572437,55.836615118549915,-30.87025056789289,0.6341729220770587,0.426591,0.4502379095193,0.350715954664555,0.05610052244880665
1.1604,56.257603,-31.848982,0.211115,58.442974,-32.636562,-0.066317,1.18715,1.25295642497342,2.03230581877004,0.06945824613917109
7.85,56.14781730835661,-31.032727213909705,0.3631351818572437,55.76596934302245,-30.75758499154313,0.39317526153956894,0.452445,0.477525055550773,0.375847850785036,0.06945824613917109
1.1604,56.257603,-31.848982,0.211115,58.442974,-32.636562,-0.066317,1.18715,1.25295642497342,2.03230581877004,0.052779794597697105
7.183,56.30739276281291,-32.338751143652644,0.7444675550189128,56.287484338689126,-30.98690064618692,0.9559009308409694,0.461063,0.486620770894597,0.588606993228462,0.052779794597697105
1.1604,56.257603,-31.848982,0.211115,58.442974,-32.636562,-0.066317,1.18715,1.25295642497342,2.03230581877004,0.05816807452230644
7.333,56.287484338689126,-30.98688213957862,0.9558971109014491,56.31734286514889,-31.241336508141814,-0.11873597248945877,0.659277,0.695822223802554,0.735391353729576,0.05816807452230644
1.1604,56.257603,-31.848982,0.211115,58.442974,-32.636562,-0.066317,1.18715,1.25295642497342,2.03230581877004,0.0730683414641288
7.345,56.14781730835661,-30.958166168093715,1.1512897614142759,55.76596934302245,-30.757461898110517,0.39317518304251564,0.616187,0.650343647083433,0.627599070843235,0.0730683414641288
1.1604,56.257603,-31.848982,0.211115,58.442974,-32.636562,-0.066317,1.18715,1.25295642497342,2.03230581877004,0.1430328513776599
7.375,56.31734286514889,-31.241227695646856,-0.11869534897781531,55.76596934302245,-30.75744767733629,0.3931655066422346,0.710985,0.7503965158655,0.653581871836495,0.1430328513776599
1.1604,56.257603,-31.848982,0.211115,58.442974,-32.636562,-0.066317,1.18715,1.25295642497342,2.03230581877004,0.08841456895799428
7.397,56.59484121226073,-31.448628443218997,0.6863265237375904,55.836615118549915,-30.870366480935218,0.6340300135999399,0.702367,0.741300800521676,0.74692033821472,0.08841456895799428
1.1605,56.257603,-31.848982,0.211115,60.22155,-33.835266,0.247534,2.19196,2.31346532896832,3.66668129102329,0.07175674655565684
1.1606,56.257603,-31.848982,0.211115,58.414795,-33.142605,0.513028,1.42634,1.50540527077167,2.05196126416142,0.07175674655565684
1.1605,56.257603,-31.848982,0.211115,60.22155,-33.835266,0.247534,2.19196,2.31346532896832,3.66668129102329,0.20159374306287892
4.117,55.290039,-31.810183,0.120075,57.291088,-32.197414,0.297608,1.685834,1.77928361347651,1.86886070441783,0.20159374306287892
1.1605,56.257603,-31.848982,0.211115,60.22155,-33.835266,0.247534,2.19196,2.31346532896832,3.66668129102329,0.21160262888335668
4.118,55.420021,-31.67034,0.230093,57.577835,-31.70676,0.230432,1.788288,1.88741687175409,1.99746638810913,0.21160262888335668
1.1605,56.257603,-31.848982,0.211115,60.22155,-33.835266,0.247534,2.19196,2.31346532896832,3.66668129102329,0.06631248657059492
7.408,57.45345407206452,-31.626210056364624,0.5706014438792817,55.05173118091976,-30.468463453238392,0.529576234418605,1.900269,2.00560523331325,2.28521548065684,0.06631248657059492
1.1606,56.257603,-31.848982,0.211115,58.414795,-33.142605,0.513028,1.42634,1.50540527077167,2.05196126416142,0.12075847612759179
1.1607,56.257603,-31.848982,0.211115,59.78923,-34.581932,1.328877,2.01793,2.129788450193,3.45707660589235,0.12075847612759179
1.1606,56.257603,-31.848982,0.211115,58.414795,-33.142605,0.513028,1.42634,1.50540527077167,2.05196126416142,0.052321182382650634
1.1936,56.386917,-31.219675,0.611009,56.899616,-31.196211,1.222464,0.7241,0.76423851014889,0.627395534308955,0.052321182382650634
1.1606,56.257603,-31.848982,0.211115,58.414795,-33.142605,0.513028,1.42634,1.50540527077167,2.05196126416142,0.12942304240835112
1.1938,56.386917,-31.219675,0.611009,56.177792,-31.891094,0.066793,0.803404,0.847938511265928,0.503835962847121,0.12942304240835112
1.1606,56.257603,-31.848982,0.211115,58.414795,-33.142605,0.513028,1.42634,1.50540527077167,2.05196126416142,0.2015516889505997
1.1941,56.386917,-31.219675,0.611009,56.65403,-31.816826,-0.177701,0.97032,1.02410704483866,0.639131269131954,0.2015516889505997
1.1606,56.257603,-31.848982,0.211115,58.414795,-33.142605,0.513028,1.42634,1.50540527077167,2.05196126416142,0.08297861474714757
1.1948,56.386917,-31.219675,0.611009,55.977489,-32.265121,0.636874,0.758947,0.801017158627219,0.58019340836477,0.08297861474714757
1.1606,56.257603,-31.848982,0.211115,58.414795,-33.142605,0.513028,1.42634,1.50540527077167,2.05196126416142,0.11764297315406047
1.1961,56.386917,-31.219675,0.611009,56.416695,-31.710546,1.62314,0.97032,1.02410704483866,0.702500274426447,0.11764297315406047
1.1606,56.257603,-31.848982,0.211115,58.414795,-33.142605,0.513028,1.42634,1.50540527077167,2.05196126416142,0.06442032766347809
5.45,54.70998,-32.010151,-0.019989,55.164921,-31.733152,0.03008,0.912295,0.962865587096094,0.44777025960406,0.06442032766347809
1.1607,56.257603,-31.848982,0.211115,59.78923,-34.581932,1.328877,2.01793,2.129788450193,3.45707660589235,0.07086641174494951
1.1610,56.257603,-31.848982,0.211115,57.463097,-33.787872,1.388921,1.23888,1.30755393654641,1.56282018415947,0.07086641174494951
1.1607,56.257603,-31.848982,0.211115,59.78923,-34.581932,1.328877,2.01793,2.129788450193,3.45707660589235,0.09045658654622046
1.1611,56.257603,-31.848982,0.211115,57.68417,-34.580704,2.259705,1.51093,1.59468428689306,2.15974781053855,0.09045658654622046
1.1607,56.257603,-31.848982,0.211115,59.78923,-34.581932,1.328877,2.01793,2.129788450193,3.45707660589235,0.08600772133386729
1.1612,56.257603,-31.848982,0.211115,56.781944,-33.363216,1.496262,1.32438,1.39779339603782,1.15123330821237,0.08600772133386729
1.1607,56.257603,-31.848982,0.211115,59.78923,-34.581932,1.328877,2.01793,2.129788450193,3.45707660589235,0.14369031859979023
1.1613,56.257603,-31.848982,0.211115,56.486076,-34.850014,2.561,2.05976,2.17393718224593,1.93870005229613,0.14369031859979023
1.1607,56.257603,-31.848982,0.211115,59.78923,-34.581932,1.328877,2.01793,2.129788450193,3.45707660589235,0.06003983175526488
1.1614,56.257603,-31.848982,0.211115,56.077782,-33.351295,1.537231,1.41303,1.4913574671947,1.07599681746985,0.06003983175526488
1.1607,56.257603,-31.848982,0.211115,59.78923,-34.581932,1.328877,2.01793,2.129788450193,3.45707660589235,0.1495530393423227
4.117,55.290039,-31.810183,0.120075,57.291088,-32.197414,0.297608,1.685834,1.77928361347651,1.86886070441783,0.1495530393423227
1.1607,56.257603,-31.848982,0.211115,59.78923,-34.581932,1.328877,2.01793,2.129788450193,3.45707660589235,0.07689656464386949
4.118,55.420021,-31.67034,0.230093,57.577835,-31.70676,0.230432,1.788288,1.88741687175409,1.99746638810913,0.07689656464386949
1.1607,56.257603,-31.848982,0.211115,59.78923,-34.581932,1.328877,2.01793,2.129788450193,3.45707660589235,0.07583225860928973
7.230,56.13782038190075,-33.58755338003938,0.6850252091039621,54.793133278090764,-30.621029260777256,0.335856545648916,1.503841,1.58720232749733,1.77836243911673,0.07583225860928973
1.1607,56.257603,-31.848982,0.211115,59.78923,-34.581932,1.328877,2.01793,2.129788450193,3.45707660589235,0.05866032911748977
7.360,56.13782038190075,-30.922922629246063,1.71950704624797,57.45345407206452,-31.626159399382015,0.5706243874494366,1.400425,1.47805374337144,1.47295721836076,0.05866032911748977
1.1608,56.257603,-31.848982,0.211115,58.093956,-33.573685,1.007244,1.03838,1.09593976545837,1.89685823661916,0.08783907072454876
1.1879,56.386917,-31.219675,0.611009,56.584969,-30.727087,0.244746,0.449269,0.474173002646156,0.370734350620781,0.08783907072454876
1.1608,56.257603,-31.848982,0.211115,58.093956,-33.573685,1.007244,1.03838,1.09593976545837,1.89685823661916,0.05924304789902389
1.1882,56.386917,-31.219675,0.611009,56.167801,-31.735863,1.050233,0.327533,0.345688899246784,0.414986292834563,0.05924304789902389
1.1608,56.257603,-31.848982,0.211115,58.093956,-33.573685,1.007244,1.03838,1.09593976545837,1.89685823661916,0.12131843108676224
1.1886,56.386917,-31.219675,0.611009,56.187775,-31.868713,0.515423,0.417813,0.440973325011515,0.336841915282028,0.12131843108676224
1.1608,56.257603,-31.848982,0.211115,58.093956,-33.573685,1.007244,1.03838,1.09593976545837,1.89685823661916,0.05359280391168739
1.1887,56.386917,-31.219675,0.611009,56.703278,-31.672226,0.670783,0.276382,0.291702482960876,0.351159519185348,0.05359280391168739
1.1608,56.257603,-31.848982,0.211115,58.093956,-33.573685,1.007244,1.03838,1.09593976545837,1.89685823661916,0.1279267883880161
1.1889,56.386917,-31.219675,0.611009,56.495979,-31.878544,0.494822,0.360601,0.380589933708327,0.306327799314777,0.1279267883880161
1.1608,56.257603,-31.848982,0.211115,58.093956,-33.573685,1.007244,1.03838,1.09593976545837,1.89685823661916,0.07569426893279152
1.1892,56.386917,-31.219675,0.611009,56.117817,-31.475496,0.97182,0.353604,0.373205074081878,0.362879883064392,0.07569426893279152
1.1608,56.257603,-31.848982,0.211115,58.093956,-33.573685,1.007244,1.03838,1.09593976545837,1.89685823661916,0.07986202663826622
1.1897,56.386917,-31.219675,0.611009,55.977489,-30.755247,0.190009,0.474254,0.500542978030868,0.513412989612851,0.07986202663826622
1.1608,56.257603,-31.848982,0.211115,58.093956,-33.573685,1.007244,1.03838,1.09593976545837,1.89685823661916,0.06053463557438453
1.1899,56.386917,-31.219675,0.611009,56.614582,-32.057137,0.518471,0.303803,0.320643491366887,0.415431268615969,0.06053463557438453
1.1608,56.257603,-31.848982,0.211115,58.093956,-33.573685,1.007244,1.03838,1.09593976545837,1.89685823661916,0.07721552115913162
1.1903,56.386917,-31.219675,0.611009,56.426613,-31.717216,0.295726,0.34022,0.35907916851658,0.302686630553686,0.07721552115913162
1.1608,56.257603,-31.848982,0.211115,58.093956,-33.573685,1.007244,1.03838,1.09593976545837,1.89685823661916,0.07787557422853658
1.1907,56.386917,-31.219675,0.611009,56.486076,-31.263065,0.226513,0.333797,0.352300127015839,0.275948293864864,0.07787557422853658
1.1608,56.257603,-31.848982,0.211115,58.093956,-33.573685,1.007244,1.03838,1.09593976545837,1.89685823661916,0.06666093111832042
1.1910,56.386917,-31.219675,0.611009,56.584969,-32.298683,0.651786,0.346816,0.366040799800853,0.487675937721576,0.06666093111832042
1.1608,56.257603,-31.848982,0.211115,58.093956,-33.573685,1.007244,1.03838,1.09593976545837,1.89685823661916,0.13768898618881484
1.1912,56.386917,-31.219675,0.611009,56.247635,-31.935303,1.150611,0.488457,0.51553328262919,0.481630224402146,0.13768898618881484
1.1608,56.257603,-31.848982,0.211115,58.093956,-33.573685,1.007244,1.03838,1.09593976545837,1.89685823661916,0.07773549622737508
1.1914,56.386917,-31.219675,0.611009,56.067764,-31.506691,0.632799,0.346816,0.366040799800853,0.320668582944882,0.07773549622737508
1.1608,56.257603,-31.848982,0.211115,58.093956,-33.573685,1.007244,1.03838,1.09593976545837,1.89685823661916,0.07315188153546473
1.1918,56.386917,-31.219675,0.611009,56.565208,-31.513021,0.283428,0.333797,0.352300127015839,0.303454806588945,0.07315188153546473
1.1608,56.257603,-31.848982,0.211115,58.093956,-33.573685,1.007244,1.03838,1.09593976545837,1.89685823661916,0.13592945742899976
1.1920,56.386917,-31.219675,0.611009,56.287483,-31.501989,0.16237,0.438109,0.462394378459909,0.339177765096983,0.13592945742899976
1.1608,56.257603,-31.848982,0.211115,58.093956,-33.573685,1.007244,1.03838,1.09593976545837,1.89685823661916,0.06115814265493743
1.1924,56.386917,-31.219675,0.611009,56.928974,-31.234272,0.470192,0.390535,0.412183243420794,0.50953459669037,0.06115814265493743
1.1608,56.257603,-31.848982,0.211115,58.093956,-33.573685,1.007244,1.03838,1.09593976545837,1.89685823661916,0.05591678112978378
1.1928,56.386917,-31.219675,0.611009,56.486076,-30.200165,0.980285,0.758947,0.801017158627219,0.516959814456411,0.05591678112978378
1.1608,56.257603,-31.848982,0.211115,58.093956,-33.573685,1.007244,1.03838,1.09593976545837,1.89685823661916,0.1570345798950828
1.1930,56.386917,-31.219675,0.611009,56.396843,-32.136333,1.055058,0.491683,0.518938107147544,0.479915932330919,0.1570345798950828
1.1608,56.257603,-31.848982,0.211115,58.093956,-33.573685,1.007244,1.03838,1.09593976545837,1.89685823661916,0.10450938085709033
1.1933,56.386917,-31.219675,0.611009,56.663887,-31.699776,0.92405,0.364287,0.384480257073068,0.385634948222254,0.10450938085709033
1.1608,56.257603,-31.848982,0.211115,58.093956,-33.573685,1.007244,1.03838,1.09593976545837,1.89685823661916,0.07199272407341012
1.1935,56.386917,-31.219675,0.611009,57.026669,-31.299232,0.404399,0.521416,0.550319274972785,0.607600870933239,0.07199272407341012
1.1608,56.257603,-31.848982,0.211115,58.093956,-33.573685,1.007244,1.03838,1.09593976545837,1.89685823661916,0.08950755529562955
1.1936,56.386917,-31.219675,0.611009,56.899616,-31.196211,1.222464,0.7241,0.76423851014889,0.627395534308955,0.08950755529562955
1.1608,56.257603,-31.848982,0.211115,58.093956,-33.573685,1.007244,1.03838,1.09593976545837,1.89685823661916,0.19178177475376412
1.1937,56.386917,-31.219675,0.611009,56.752464,-31.371271,0.823862,0.47369,0.499947714227907,0.372083305680279,0.19178177475376412
1.1608,56.257603,-31.848982,0.211115,58.093956,-33.573685,1.007244,1.03838,1.09593976545837,1.89685823661916,0.16320779599101215
1.1938,56.386917,-31.219675,0.611009,56.177792,-31.891094,0.066793,0.803404,0.847938511265928,0.503835962847121,0.16320779599101215
1.1608,56.257603,-31.848982,0.211115,58.093956,-33.573685,1.007244,1.03838,1.09593976545837,1.89685823661916,0.11581509377425088
1.1940,56.386917,-31.219675,0.611009,56.167801,-31.323668,0.993477,0.411285,0.434083463121925,0.330058363667589,0.11581509377425088
1.1608,56.257603,-31.848982,0.211115,58.093956,-33.573685,1.007244,1.03838,1.09593976545837,1.89685823661916,0.09232888969528003
1.1941,56.386917,-31.219675,0.611009,56.65403,-31.816826,-0.177701,0.97032,1.02410704483866,0.639131269131954,0.09232888969528003
1.1608,56.257603,-31.848982,0.211115,58.093956,-33.573685,1.007244,1.03838,1.09593976545837,1.89685823661916,0.14486664111005237
1.1943,56.386917,-31.219675,0.611009,56.137821,-31.797688,0.558479,0.448772,0.473648452805604,0.338080456956447,0.14486664111005237
1.1608,56.257603,-31.848982,0.211115,58.093956,-33.573685,1.007244,1.03838,1.09593976545837,1.89685823661916,0.05265860757512626
1.1944,56.386917,-31.219675,0.611009,55.907124,-30.961613,0.56297,0.364287,0.384480257073068,0.460756149958507,0.05265860757512626
1.1608,56.257603,-31.848982,0.211115,58.093956,-33.573685,1.007244,1.03838,1.09593976545837,1.89685823661916,0.1807541427937893
1.1947,56.386917,-31.219675,0.611009,56.742634,-31.321384,0.569516,0.448772,0.473648452805604,0.332993916008437,0.1807541427937893
1.1608,56.257603,-31.848982,0.211115,58.093956,-33.573685,1.007244,1.03838,1.09593976545837,1.89685823661916,0.1389323916205006
1.1948,56.386917,-31.219675,0.611009,55.977489,-32.265121,0.636874,0.758947,0.801017158627219,0.58019340836477,0.1389323916205006
1.1608,56.257603,-31.848982,0.211115,58.093956,-33.573685,1.007244,1.03838,1.09593976545837,1.89685823661916,0.18313078241037253
1.1951,56.386917,-31.219675,0.611009,56.811398,-31.301725,1.00078,0.582096,0.614362905404817,0.472640337260045,0.18313078241037253
1.1608,56.257603,-31.848982,0.211115,58.093956,-33.573685,1.007244,1.03838,1.09593976545837,1.89685823661916,0.10516558593761516
1.1957,56.386917,-31.219675,0.611009,56.495979,-30.829233,1.005699,0.433261,0.457277642791905,0.332962251005115,0.10516558593761516
1.1608,56.257603,-31.848982,0.211115,58.093956,-33.573685,1.007244,1.03838,1.09593976545837,1.89685823661916,0.05193173043202866
1.1961,56.386917,-31.219675,0.611009,56.416695,-31.710546,1.62314,0.97032,1.02410704483866,0.702500274426447,0.05193173043202866
1.1608,56.257603,-31.848982,0.211115,58.093956,-33.573685,1.007244,1.03838,1.09593976545837,1.89685823661916,0.13804762312902785
1.1962,56.386917,-31.219675,0.611009,56.791763,-31.577734,0.858496,0.44092,0.46536119858424,0.435157143743284,0.13804762312902785
1.1608,56.257603,-31.848982,0.211115,58.093956,-33.573685,1.007244,1.03838,1.09593976545837,1.89685823661916,0.05348841134812214
1.1963,56.386917,-31.219675,0.611009,56.257603,-31.038031,0.9711,0.314833,0.332284909357417,0.283029180992849,0.05348841134812214
1.1608,56.257603,-31.848982,0.211115,58.093956,-33.573685,1.007244,1.03838,1.09593976545837,1.89685823661916,0.15404628070354176
1.1965,56.386917,-31.219675,0.611009,56.087795,-31.66363,1.059796,0.521416,0.550319274972785,0.447317226050287,0.15404628070354176
1.1608,56.257603,-31.848982,0.211115,58.093956,-33.573685,1.007244,1.03838,1.09593976545837,1.89685823661916,0.12225005103886662
1.1967,56.386917,-31.219675,0.611009,56.167801,-32.431656,0.966444,0.612644,0.646604250533982,0.590426320350565,0.12225005103886662
1.1608,56.257603,-31.848982,0.211115,58.093956,-33.573685,1.007244,1.03838,1.09593976545837,1.89685823661916,0.0958641877700814
1.1972,56.386917,-31.219675,0.611009,56.850632,-31.00506,0.645579,0.433261,0.457277642791905,0.438770221510083,0.0958641877700814
1.1608,56.257603,-31.848982,0.211115,58.093956,-33.573685,1.007244,1.03838,1.09593976545837,1.89685823661916,0.07655698641540656
1.1976,56.386917,-31.219675,0.611009,55.866848,-30.819221,0.921957,0.521416,0.550319274972785,0.555997793409702,0.07655698641540656
1.1608,56.257603,-31.848982,0.211115,58.093956,-33.573685,1.007244,1.03838,1.09593976545837,1.89685823661916,0.06446417536927926
4.114,54.70998,-32.010151,-0.019989,55.164921,-31.733152,0.03008,0.819632,0.865066066220625,0.44777025960406,0.06446417536927926
1.1608,56.257603,-31.848982,0.211115,58.093956,-33.573685,1.007244,1.03838,1.09593976545837,1.89685823661916,0.06465676874995692
5.45,54.70998,-32.010151,-0.019989,55.164921,-31.733152,0.03008,0.912295,0.962865587096094,0.44777025960406,0.06465676874995692
1.1608,56.257603,-31.848982,0.211115,58.093956,-33.573685,1.007244,1.03838,1.09593976545837,1.89685823661916,0.0642913253306221
7.61,56.14781730835661,-31.032727213909705,0.3631351818572437,56.2775260131273,-31.64365032262184,0.49914644497890404,0.297321,0.313802179361936,0.298123626333969,0.0642913253306221
1.1608,56.257603,-31.848982,0.211115,58.093956,-33.573685,1.007244,1.03838,1.09593976545837,1.89685823661916,0.09701433354738385
7.71,56.14781730835661,-31.032727213909705,0.3631351818572437,56.30739276281291,-31.149644295010827,0.7046599046323765,0.374883,0.395663617456355,0.277781858764294,0.09701433354738385
1.1608,56.257603,-31.848982,0.211115,58.093956,-33.573685,1.007244,1.03838,1.09593976545837,1.89685823661916,0.07938218698309375
7.72,56.14781730835661,-31.032727213909705,0.3631351818572437,56.287484338689126,-30.986912187250915,0.9559475494941516,0.435209,0.459333624863124,0.421285275139336,0.07938218698309375
1.1608,56.257603,-31.848982,0.211115,58.093956,-33.573685,1.007244,1.03838,1.09593976545837,1.89685823661916,0.06996424249231409
7.73,56.14781730835661,-31.032727213909705,0.3631351818572437,56.14781730835661,-30.958289056418785,1.151289588583504,0.555861,0.586673639676664,0.533088214710166,0.06996424249231409
1.1608,56.257603,-31.848982,0.211115,58.093956,-33.573685,1.007244,1.03838,1.09593976545837,1.89685823661916,0.06543164479516739
7.76,56.14781730835661,-31.032727213909705,0.3631351818572437,56.077780553594806,-31.211487653784953,0.2437909000341687,0.327484,0.345637183065321,0.128957454457784,0.06543164479516739
1.1608,56.257603,-31.848982,0.211115,58.093956,-33.573685,1.007244,1.03838,1.09593976545837,1.89685823661916,0.09143805752937507
7.77,56.14781730835661,-31.032727213909705,0.3631351818572437,56.31734286514889,-31.24136676924305,-0.1186853211438077,0.448136,0.47297719787886,0.372842980918659,0.09143805752937507
1.1608,56.257603,-31.848982,0.211115,58.093956,-33.573685,1.007244,1.03838,1.09593976545837,1.89685823661916,0.08087251933145984
7.78,56.14781730835661,-31.032727213909705,0.3631351818572437,56.1777914776996,-31.28807111633852,-0.32614783671853775,0.51708,0.545742920629454,0.479490038901838,0.08087251933145984
1.1608,56.257603,-31.848982,0.211115,58.093956,-33.573685,1.007244,1.03838,1.09593976545837,1.89685823661916,0.14718592632026442
7.81,56.14781730835661,-31.032727213909705,0.3631351818572437,56.59484121226073,-31.44851096701928,0.6864708410485143,0.551552,0.582125782004751,0.499051159358967,0.14718592632026442
1.1608,56.257603,-31.848982,0.211115,58.093956,-33.573685,1.007244,1.03838,1.09593976545837,1.89685823661916,0.1194680547859671
7.82,56.14781730835661,-31.032727213909705,0.3631351818572437,56.6047126892946,-31.228931551090746,0.7513542478102098,0.530007,0.559386493645191,0.504206356941667,0.1194680547859671
1.1608,56.257603,-31.848982,0.211115,58.093956,-33.573685,1.007244,1.03838,1.09593976545837,1.89685823661916,0.061321744003127406
7.84,56.14781730835661,-31.032727213909705,0.3631351818572437,55.836615118549915,-30.87025056789289,0.6341729220770587,0.426591,0.4502379095193,0.350715954664555,0.061321744003127406
1.1608,56.257603,-31.848982,0.211115,58.093956,-33.573685,1.007244,1.03838,1.09593976545837,1.89685823661916,0.09215966473977587
7.85,56.14781730835661,-31.032727213909705,0.3631351818572437,55.76596934302245,-30.75758499154313,0.39317526153956894,0.452445,0.477525055550773,0.375847850785036,0.09215966473977587
1.1608,56.257603,-31.848982,0.211115,58.093956,-33.573685,1.007244,1.03838,1.09593976545837,1.89685823661916,0.05622710657503621
7.159,56.2775260131273,-31.643415768277173,0.49913346781380596,56.09780494149918,-30.645119292013078,0.2616647959834406,0.361956,0.382020044440618,0.480975908758593,0.05622710657503621
1.1608,56.257603,-31.848982,0.211115,58.093956,-33.573685,1.007244,1.03838,1.09593976545837,1.89685823661916,0.06074254965235855
7.160,56.2775260131273,-31.643415768277173,0.49913346781380596,56.30739276281291,-31.149410240297826,0.7046470403817118,0.310248,0.327445752377673,0.253888053528939,0.06074254965235855
1.1608,56.257603,-31.848982,0.211115,58.093956,-33.573685,1.007244,1.03838,1.09593976545837,1.89685823661916,0.09747922955765659
7.161,56.2775260131273,-31.643415768277173,0.49913346781380596,56.077780553594806,-31.21125329326163,0.24377777830413283,0.349029,0.368376471424882,0.310720001273478,0.09747922955765659
1.1608,56.257603,-31.848982,0.211115,58.093956,-33.573685,1.007244,1.03838,1.09593976545837,1.89685823661916,0.07447871388825013
7.183,56.30739276281291,-32.338751143652644,0.7444675550189128,56.287484338689126,-30.98690064618692,0.9559009308409694,0.461063,0.486620770894597,0.588606993228462,0.07447871388825013
1.1608,56.257603,-31.848982,0.211115,58.093956,-33.573685,1.007244,1.03838,1.09593976545837,1.89685823661916,0.06907950414258868
7.264,56.09780494149918,-30.645109504672806,0.261565512347528,56.30739276281291,-31.14940084139389,0.7045477009030465,0.38781,0.409307190472091,0.414594341568057,0.06907950414258868
1.1608,56.257603,-31.848982,0.211115,58.093956,-33.573685,1.007244,1.03838,1.09593976545837,1.89685823661916,0.0872610614355212
7.328,56.30739276281291,-31.149743239207883,0.7045193228325752,56.077780553594806,-31.211586946489234,0.24365078479127167,0.400737,0.422950763487827,0.378367211834403,0.0872610614355212
1.1609,56.257603,-31.848982,0.211115,58.714256,-35.151787,1.876305,1.75352,1.85072160242547,2.81238796729501,0.07050552098359855
1.1610,56.257603,-31.848982,0.211115,57.463097,-33.787872,1.388921,1.23888,1.30755393654641,1.56282018415947,0.07050552098359855
1.1609,56.257603,-31.848982,0.211115,58.714256,-35.151787,1.876305,1.75352,1.85072160242547,2.81238796729501,0.40397547305851084
1.1612,56.257603,-31.848982,0.211115,56.781944,-33.363216,1.496262,1.32438,1.39779339603782,1.15123330821237,0.40397547305851084
1.1609,56.257603,-31.848982,0.211115,58.714256,-35.151787,1.876305,1.75352,1.85072160242547,2.81238796729501,0.31727949890063833
1.1614,56.257603,-31.848982,0.211115,56.077782,-33.351295,1.537231,1.41303,1.4913574671947,1.07599681746985,0.31727949890063833
1.1609,56.257603,-31.848982,0.211115,58.714256,-35.151787,1.876305,1.75352,1.85072160242547,2.81238796729501,0.05620729111581366
4.115,55.469971,-31.809582,0.229923,56.632538,-31.986355,0.242249,1.266704,1.33692028415915,1.08601080111556,0.05620729111581366
1.1609,56.257603,-31.848982,0.211115,58.714256,-35.151787,1.876305,1.75352,1.85072160242547,2.81238796729501,0.05302937152777123
7.344,56.14781730835661,-30.958166168093715,1.1512897614142759,57.45345407206452,-31.62598651517101,0.5707483109934852,1.301318,1.37345301691746,1.29833415319887,0.05302937152777123
1.1611,56.257603,-31.848982,0.211115,57.68417,-34.580704,2.259705,1.51093,1.59468428689306,2.15974781053855,0.09651469614237734
1.1961,56.386917,-31.219675,0.611009,56.416695,-31.710546,1.62314,0.97032,1.02410704483866,0.702500274426447,0.09651469614237734
1.1612,56.257603,-31.848982,0.211115,56.781944,-33.363216,1.496262,1.32438,1.39779339603782,1.15123330821237,0.08895483539290071
7.247,56.15781146519707,-34.1114668264737,0.8295323992704606,56.05774503329822,-28.00815605770879,-0.19917430804949898,1.2927,1.36435730157364,2.68084625062854,0.08895483539290071
1.1614,56.257603,-31.848982,0.211115,56.077782,-33.351295,1.537231,1.41303,1.4913574671947,1.07599681746985,0.11016259275488079
7.247,56.15781146519707,-34.1114668264737,0.8295323992704606,56.05774503329822,-28.00815605770879,-0.19917430804949898,1.2927,1.36435730157364,2.68084625062854,0.11016259275488079
1.1615,56.257603,-31.848982,0.211115,55.461613,-34.027458,2.27816,1.87226,1.97604363072968,1.76686174136544,0.05376209817054408
1.1619,56.257603,-31.848982,0.211115,52.938549,-31.491577,1.198516,2.39499,2.52774974371149,3.23550111599541,0.05376209817054408
1.1616,56.257603,-31.848982,0.211115,55.451427,-32.753304,1.468899,1.18715,1.25295642497342,1.18111777382841,0.07567947506189623
7.247,56.15781146519707,-34.1114668264737,0.8295323992704606,56.05774503329822,-28.00815605770879,-0.19917430804949898,1.2927,1.36435730157364,2.68084625062854,0.07567947506189623
1.1618,56.257603,-31.848982,0.211115,54.605766,-32.289581,1.217018,1.34518,1.41974638735269,1.70168920895662,0.07740586022620986
4.114,54.70998,-32.010151,-0.019989,55.164921,-31.733152,0.03008,0.819632,0.865066066220625,0.44777025960406,0.07740586022620986
1.1618,56.257603,-31.848982,0.211115,54.605766,-32.289581,1.217018,1.34518,1.41974638735269,1.70168920895662,0.10124535404587189
5.45,54.70998,-32.010151,-0.019989,55.164921,-31.733152,0.03008,0.912295,0.962865587096094,0.44777025960406,0.10124535404587189
1.1619,56.257603,-31.848982,0.211115,52.938549,-31.491577,1.198516,2.39499,2.52774974371149,3.23550111599541,0.10493130106748493
1.1622,56.257603,-31.848982,0.211115,51.678555,-29.725574,0.227795,2.54226,2.68318325481441,4.49771119992423,0.10493130106748493
1.1620,56.257603,-31.848982,0.211115,54.111782,-31.506578,0.517001,1.42634,1.50540527077167,2.04211541916358,0.0925841220675217
1.1928,56.386917,-31.219675,0.611009,56.486076,-30.200165,0.980285,0.758947,0.801017158627219,0.516959814456411,0.0925841220675217
1.1620,56.257603,-31.848982,0.211115,54.111782,-31.506578,0.517001,1.42634,1.50540527077167,2.04211541916358,0.16622768179774824
1.1938,56.386917,-31.219675,0.611009,56.177792,-31.891094,0.066793,0.803404,0.847938511265928,0.503835962847121,0.16622768179774824
1.1620,56.257603,-31.848982,0.211115,54.111782,-31.506578,0.517001,1.42634,1.50540527077167,2.04211541916358,0.19322278856517763
1.1941,56.386917,-31.219675,0.611009,56.65403,-31.816826,-0.177701,0.97032,1.02410704483866,0.639131269131954,0.19322278856517763
1.1620,56.257603,-31.848982,0.211115,54.111782,-31.506578,0.517001,1.42634,1.50540527077167,2.04211541916358,0.06312480355788311
1.1942,56.386917,-31.219675,0.611009,55.987534,-30.51511,1.380653,0.803404,0.847938511265928,0.71238359137985,0.06312480355788311
1.1620,56.257603,-31.848982,0.211115,54.111782,-31.506578,0.517001,1.42634,1.50540527077167,2.04211541916358,0.10145262844156455
1.1948,56.386917,-31.219675,0.611009,55.977489,-32.265121,0.636874,0.758947,0.801017158627219,0.58019340836477,0.10145262844156455
1.1620,56.257603,-31.848982,0.211115,54.111782,-31.506578,0.517001,1.42634,1.50540527077167,2.04211541916358,0.12049589585490673
1.1961,56.386917,-31.219675,0.611009,56.416695,-31.710546,1.62314,0.97032,1.02410704483866,0.702500274426447,0.12049589585490673
1.1620,56.257603,-31.848982,0.211115,54.111782,-31.506578,0.517001,1.42634,1.50540527077167,2.04211541916358,0.27076036362088907
4.114,54.70998,-32.010151,-0.019989,55.164921,-31.733152,0.03008,0.819632,0.865066066220625,0.44777025960406,0.27076036362088907
1.1620,56.257603,-31.848982,0.211115,54.111782,-31.506578,0.517001,1.42634,1.50540527077167,2.04211541916358,0.4242100904935248
5.45,54.70998,-32.010151,-0.019989,55.164921,-31.733152,0.03008,0.912295,0.962865587096094,0.44777025960406,0.4242100904935248
1.1620,56.257603,-31.848982,0.211115,54.111782,-31.506578,0.517001,1.42634,1.50540527077167,2.04211541916358,0.05186775886298363
7.375,56.31734286514889,-31.241227695646856,-0.11869534897781531,55.76596934302245,-30.75744767733629,0.3931655066422346,0.710985,0.7503965158655,0.653581871836495,0.05186775886298363
1.1621,56.257603,-31.848982,0.211115,52.241817,-30.37277,0.615013,2.48771,2.62560942422662,3.90771064979641,0.062085083916498765
4.118,55.420021,-31.67034,0.230093,57.577835,-31.70676,0.230432,1.788288,1.88741687175409,1.99746638810913,0.062085083916498765
1.1621,56.257603,-31.848982,0.211115,52.241817,-30.37277,0.615013,2.48771,2.62560942422662,3.90771064979641,0.24184151334861176
7.403,56.6047126892946,-31.22902335191763,0.7513093373113344,54.385907130828855,-30.018998762146865,0.7161670710346124,1.848561,1.9510309412503,2.14922631113198,0.24184151334861176
1.1621,56.257603,-31.848982,0.211115,52.241817,-30.37277,0.615013,2.48771,2.62560942422662,3.90771064979641,0.18838040045342197
7.408,57.45345407206452,-31.626210056364624,0.5706014438792817,55.05173118091976,-30.468463453238392,0.529576234418605,1.900269,2.00560523331325,2.28521548065684,0.18838040045342197
1.1622,56.257603,-31.848982,0.211115,51.678555,-29.725574,0.227795,2.54226,2.68318325481441,4.49771119992423,0.13672927412800515
7.403,56.6047126892946,-31.22902335191763,0.7513093373113344,54.385907130828855,-30.018998762146865,0.7161670710346124,1.848561,1.9510309412503,2.14922631113198,0.13672927412800515
1.1622,56.257603,-31.848982,0.211115,51.678555,-29.725574,0.227795,2.54226,2.68318325481441,4.49771119992423,0.09455127696007397
7.408,57.45345407206452,-31.626210056364624,0.5706014438792817,55.05173118091976,-30.468463453238392,0.529576234418605,1.900269,2.00560523331325,2.28521548065684,0.09455127696007397
1.1623,56.257603,-31.848982,0.211115,54.217468,-30.920561,0.013155,1.18715,1.25295642497342,1.96901148462619,0.07867537014835214
1.1879,56.386917,-31.219675,0.611009,56.584969,-30.727087,0.244746,0.449269,0.474173002646156,0.370734350620781,0.07867537014835214
1.1623,56.257603,-31.848982,0.211115,54.217468,-30.920561,0.013155,1.18715,1.25295642497342,1.96901148462619,0.06432871827198607
1.1886,56.386917,-31.219675,0.611009,56.187775,-31.868713,0.515423,0.417813,0.440973325011515,0.336841915282028,0.06432871827198607
1.1623,56.257603,-31.848982,0.211115,54.217468,-30.920561,0.013155,1.18715,1.25295642497342,1.96901148462619,0.0735290086295581
1.1897,56.386917,-31.219675,0.611009,55.977489,-30.755247,0.190009,0.474254,0.500542978030868,0.513412989612851,0.0735290086295581
1.1623,56.257603,-31.848982,0.211115,54.217468,-30.920561,0.013155,1.18715,1.25295642497342,1.96901148462619,0.08171936507213727
1.1912,56.386917,-31.219675,0.611009,56.247635,-31.935303,1.150611,0.488457,0.51553328262919,0.481630224402146,0.08171936507213727
1.1623,56.257603,-31.848982,0.211115,54.217468,-30.920561,0.013155,1.18715,1.25295642497342,1.96901148462619,0.07944457117557802
1.1920,56.386917,-31.219675,0.611009,56.287483,-31.501989,0.16237,0.438109,0.462394378459909,0.339177765096983,0.07944457117557802
1.1623,56.257603,-31.848982,0.211115,54.217468,-30.920561,0.013155,1.18715,1.25295642497342,1.96901148462619,0.226785911449404
1.1928,56.386917,-31.219675,0.611009,56.486076,-30.200165,0.980285,0.758947,0.801017158627219,0.516959814456411,0.226785911449404
1.1623,56.257603,-31.848982,0.211115,54.217468,-30.920561,0.013155,1.18715,1.25295642497342,1.96901148462619,0.08444332408049121
1.1930,56.386917,-31.219675,0.611009,56.396843,-32.136333,1.055058,0.491683,0.518938107147544,0.479915932330919,0.08444332408049121
1.1623,56.257603,-31.848982,0.211115,54.217468,-30.920561,0.013155,1.18715,1.25295642497342,1.96901148462619,0.05681978417596667
1.1934,56.386917,-31.219675,0.611009,57.182442,-31.40649,0.87232,0.758947,0.801017158627219,0.757680248769642,0.05681978417596667
1.1623,56.257603,-31.848982,0.211115,54.217468,-30.920561,0.013155,1.18715,1.25295642497342,1.96901148462619,0.05763013848436908
1.1935,56.386917,-31.219675,0.611009,57.026669,-31.299232,0.404399,0.521416,0.550319274972785,0.607600870933239,0.05763013848436908
1.1623,56.257603,-31.848982,0.211115,54.217468,-30.920561,0.013155,1.18715,1.25295642497342,1.96901148462619,0.13551279712003125
1.1936,56.386917,-31.219675,0.611009,56.899616,-31.196211,1.222464,0.7241,0.76423851014889,0.627395534308955,0.13551279712003125
1.1623,56.257603,-31.848982,0.211115,54.217468,-30.920561,0.013155,1.18715,1.25295642497342,1.96901148462619,0.10274343671137028
1.1937,56.386917,-31.219675,0.611009,56.752464,-31.371271,0.823862,0.47369,0.499947714227907,0.372083305680279,0.10274343671137028
1.1623,56.257603,-31.848982,0.211115,54.217468,-30.920561,0.013155,1.18715,1.25295642497342,1.96901148462619,0.30012516196020006
1.1938,56.386917,-31.219675,0.611009,56.177792,-31.891094,0.066793,0.803404,0.847938511265928,0.503835962847121,0.30012516196020006
1.1623,56.257603,-31.848982,0.211115,54.217468,-30.920561,0.013155,1.18715,1.25295642497342,1.96901148462619,0.061697663382560206
1.1940,56.386917,-31.219675,0.611009,56.167801,-31.323668,0.993477,0.411285,0.434083463121925,0.330058363667589,0.061697663382560206
1.1623,56.257603,-31.848982,0.211115,54.217468,-30.920561,0.013155,1.18715,1.25295642497342,1.96901148462619,0.17330293921199907
1.1941,56.386917,-31.219675,0.611009,56.65403,-31.816826,-0.177701,0.97032,1.02410704483866,0.639131269131954,0.17330293921199907
1.1623,56.257603,-31.848982,0.211115,54.217468,-30.920561,0.013155,1.18715,1.25295642497342,1.96901148462619,0.09122981561726917
1.1942,56.386917,-31.219675,0.611009,55.987534,-30.51511,1.380653,0.803404,0.847938511265928,0.71238359137985,0.09122981561726917
1.1623,56.257603,-31.848982,0.211115,54.217468,-30.920561,0.013155,1.18715,1.25295642497342,1.96901148462619,0.08840894510928007
1.1943,56.386917,-31.219675,0.611009,56.137821,-31.797688,0.558479,0.448772,0.473648452805604,0.338080456956447,0.08840894510928007
1.1623,56.257603,-31.848982,0.211115,54.217468,-30.920561,0.013155,1.18715,1.25295642497342,1.96901148462619,0.08931510472291866
1.1947,56.386917,-31.219675,0.611009,56.742634,-31.321384,0.569516,0.448772,0.473648452805604,0.332993916008437,0.08931510472291866
1.1623,56.257603,-31.848982,0.211115,54.217468,-30.920561,0.013155,1.18715,1.25295642497342,1.96901148462619,0.19350836651990724
1.1948,56.386917,-31.219675,0.611009,55.977489,-32.265121,0.636874,0.758947,0.801017158627219,0.58019340836477,0.19350836651990724
1.1623,56.257603,-31.848982,0.211115,54.217468,-30.920561,0.013155,1.18715,1.25295642497342,1.96901148462619,0.16033731485048588
1.1951,56.386917,-31.219675,0.611009,56.811398,-31.301725,1.00078,0.582096,0.614362905404817,0.472640337260045,0.16033731485048588
1.1623,56.257603,-31.848982,0.211115,54.217468,-30.920561,0.013155,1.18715,1.25295642497342,1.96901148462619,0.11864013790903681
1.1956,56.386917,-31.219675,0.611009,55.99757,-30.441288,0.932251,0.568452,0.599962587448083,0.540762240163951,0.11864013790903681
1.1623,56.257603,-31.848982,0.211115,54.217468,-30.920561,0.013155,1.18715,1.25295642497342,1.96901148462619,0.06939297383269513
1.1957,56.386917,-31.219675,0.611009,56.495979,-30.829233,1.005699,0.433261,0.457277642791905,0.332962251005115,0.06939297383269513
1.1623,56.257603,-31.848982,0.211115,54.217468,-30.920561,0.013155,1.18715,1.25295642497342,1.96901148462619,0.10184686148623422
1.1960,56.386917,-31.219675,0.611009,56.703278,-30.134964,0.550736,0.59676,0.6298397642818,0.550432341692863,0.10184686148623422
1.1623,56.257603,-31.848982,0.211115,54.217468,-30.920561,0.013155,1.18715,1.25295642497342,1.96901148462619,0.08187272444992602
1.1961,56.386917,-31.219675,0.611009,56.416695,-31.710546,1.62314,0.97032,1.02410704483866,0.702500274426447,0.08187272444992602
1.1623,56.257603,-31.848982,0.211115,54.217468,-30.920561,0.013155,1.18715,1.25295642497342,1.96901148462619,0.06364164930152698
1.1962,56.386917,-31.219675,0.611009,56.791763,-31.577734,0.858496,0.44092,0.46536119858424,0.435157143743284,0.06364164930152698
1.1623,56.257603,-31.848982,0.211115,54.217468,-30.920561,0.013155,1.18715,1.25295642497342,1.96901148462619,0.1197477034168536
1.1965,56.386917,-31.219675,0.611009,56.087795,-31.66363,1.059796,0.521416,0.550319274972785,0.447317226050287,0.1197477034168536
1.1623,56.257603,-31.848982,0.211115,54.217468,-30.920561,0.013155,1.18715,1.25295642497342,1.96901148462619,0.110819792612455
1.1967,56.386917,-31.219675,0.611009,56.167801,-32.431656,0.966444,0.612644,0.646604250533982,0.590426320350565,0.110819792612455
1.1623,56.257603,-31.848982,0.211115,54.217468,-30.920561,0.013155,1.18715,1.25295642497342,1.96901148462619,0.06063355689470444
1.1971,56.386917,-31.219675,0.611009,56.565208,-29.822603,1.012362,0.670737,0.707917477671228,0.686515605938273,0.06063355689470444
1.1623,56.257603,-31.848982,0.211115,54.217468,-30.920561,0.013155,1.18715,1.25295642497342,1.96901148462619,0.05808200795068852
1.1972,56.386917,-31.219675,0.611009,56.850632,-31.00506,0.645579,0.433261,0.457277642791905,0.438770221510083,0.05808200795068852
1.1623,56.257603,-31.848982,0.211115,54.217468,-30.920561,0.013155,1.18715,1.25295642497342,1.96901148462619,0.08502347330825592
1.1976,56.386917,-31.219675,0.611009,55.866848,-30.819221,0.921957,0.521416,0.550319274972785,0.555997793409702,0.08502347330825592
1.1623,56.257603,-31.848982,0.211115,54.217468,-30.920561,0.013155,1.18715,1.25295642497342,1.96901148462619,0.07113264809966202
1.1977,56.386917,-31.219675,0.611009,56.257603,-30.304417,-0.298011,0.758947,0.801017158627219,0.738311852389561,0.07113264809966202
1.1623,56.257603,-31.848982,0.211115,54.217468,-30.920561,0.013155,1.18715,1.25295642497342,1.96901148462619,0.4787402779059135
4.114,54.70998,-32.010151,-0.019989,55.164921,-31.733152,0.03008,0.819632,0.865066066220625,0.44777025960406,0.4787402779059135
1.1623,56.257603,-31.848982,0.211115,54.217468,-30.920561,0.013155,1.18715,1.25295642497342,1.96901148462619,0.5244563489540943
5.45,54.70998,-32.010151,-0.019989,55.164921,-31.733152,0.03008,0.912295,0.962865587096094,0.44777025960406,0.5244563489540943
1.1623,56.257603,-31.848982,0.211115,54.217468,-30.920561,0.013155,1.18715,1.25295642497342,1.96901148462619,0.06932283953369112
7.72,56.14781730835661,-31.032727213909705,0.3631351818572437,56.287484338689126,-30.986912187250915,0.9559475494941516,0.435209,0.459333624863124,0.421285275139336,0.06932283953369112
1.1623,56.257603,-31.848982,0.211115,54.217468,-30.920561,0.013155,1.18715,1.25295642497342,1.96901148462619,0.1067970816469973
7.73,56.14781730835661,-31.032727213909705,0.3631351818572437,56.14781730835661,-30.958289056418785,1.151289588583504,0.555861,0.586673639676664,0.533088214710166,0.1067970816469973
1.1623,56.257603,-31.848982,0.211115,54.217468,-30.920561,0.013155,1.18715,1.25295642497342,1.96901148462619,0.09007116286371343
7.77,56.14781730835661,-31.032727213909705,0.3631351818572437,56.31734286514889,-31.24136676924305,-0.1186853211438077,0.448136,0.47297719787886,0.372842980918659,0.09007116286371343
1.1623,56.257603,-31.848982,0.211115,54.217468,-30.920561,0.013155,1.18715,1.25295642497342,1.96901148462619,0.11344281030117087
7.78,56.14781730835661,-31.032727213909705,0.3631351818572437,56.1777914776996,-31.28807111633852,-0.32614783671853775,0.51708,0.545742920629454,0.479490038901838,0.11344281030117087
1.1623,56.257603,-31.848982,0.211115,54.217468,-30.920561,0.013155,1.18715,1.25295642497342,1.96901148462619,0.07434689686168254
7.79,56.14781730835661,-31.032727213909705,0.3631351818572437,56.2974399212883,-31.35543496743748,-0.6566337296213032,0.685131,0.723109369834027,0.716536824488689,0.07434689686168254
1.1623,56.257603,-31.848982,0.211115,54.217468,-30.920561,0.013155,1.18715,1.25295642497342,1.96901148462619,0.1321577504180475
7.81,56.14781730835661,-31.032727213909705,0.3631351818572437,56.59484121226073,-31.44851096701928,0.6864708410485143,0.551552,0.582125782004751,0.499051159358967,0.1321577504180475
1.1623,56.257603,-31.848982,0.211115,54.217468,-30.920561,0.013155,1.18715,1.25295642497342,1.96901148462619,0.11203043589951213
7.82,56.14781730835661,-31.032727213909705,0.3631351818572437,56.6047126892946,-31.228931551090746,0.7513542478102098,0.530007,0.559386493645191,0.504206356941667,0.11203043589951213
1.1623,56.257603,-31.848982,0.211115,54.217468,-30.920561,0.013155,1.18715,1.25295642497342,1.96901148462619,0.08036581327111246
7.84,56.14781730835661,-31.032727213909705,0.3631351818572437,55.836615118549915,-30.87025056789289,0.6341729220770587,0.426591,0.4502379095193,0.350715954664555,0.08036581327111246
1.1623,56.257603,-31.848982,0.211115,54.217468,-30.920561,0.013155,1.18715,1.25295642497342,1.96901148462619,0.1006395157462888
7.85,56.14781730835661,-31.032727213909705,0.3631351818572437,55.76596934302245,-30.75758499154313,0.39317526153956894,0.452445,0.477525055550773,0.375847850785036,0.1006395157462888
1.1623,56.257603,-31.848982,0.211115,54.217468,-30.920561,0.013155,1.18715,1.25295642497342,1.96901148462619,0.07729426143822034
7.276,56.247634559754175,-29.803452341445215,0.16759977532643244,55.76596934302245,-30.757345710704488,0.39316655316705695,0.590333,0.62305650105196,0.628145276876227,0.07729426143822034
1.1623,56.257603,-31.848982,0.211115,54.217468,-30.920561,0.013155,1.18715,1.25295642497342,1.96901148462619,0.05400219565298246
7.328,56.30739276281291,-31.149743239207883,0.7045193228325752,56.077780553594806,-31.211586946489234,0.24365078479127167,0.400737,0.422950763487827,0.378367211834403,0.05400219565298246
1.1623,56.257603,-31.848982,0.211115,54.217468,-30.920561,0.013155,1.18715,1.25295642497342,1.96901148462619,0.05229764178355432
7.333,56.287484338689126,-30.98688213957862,0.9558971109014491,56.31734286514889,-31.241336508141814,-0.11873597248945877,0.659277,0.695822223802554,0.735391353729576,0.05229764178355432
1.1623,56.257603,-31.848982,0.211115,54.217468,-30.920561,0.013155,1.18715,1.25295642497342,1.96901148462619,0.10858572555757999
7.345,56.14781730835661,-30.958166168093715,1.1512897614142759,55.76596934302245,-30.757461898110517,0.39317518304251564,0.616187,0.650343647083433,0.627599070843235,0.10858572555757999
1.1623,56.257603,-31.848982,0.211115,54.217468,-30.920561,0.013155,1.18715,1.25295642497342,1.96901148462619,0.13561394066695157
7.375,56.31734286514889,-31.241227695646856,-0.11869534897781531,55.76596934302245,-30.75744767733629,0.3931655066422346,0.710985,0.7503965158655,0.653581871836495,0.13561394066695157
1.1623,56.257603,-31.848982,0.211115,54.217468,-30.920561,0.013155,1.18715,1.25295642497342,1.96901148462619,0.06406867295925765
7.397,56.59484121226073,-31.448628443218997,0.6863265237375904,55.836615118549915,-30.870366480935218,0.6340300135999399,0.702367,0.741300800521676,0.74692033821472,0.06406867295925765
1.1627,35.868515,5.524495,-31.11552,36.022774,5.076796,-28.342535,1.23507,1.3035327395796,1.22822416297006,0.05083602225193193
1.1659,35.868515,5.524495,-31.11552,33.092415,5.455307,-29.247524,1.37126,1.44727206107826,2.46434037549508,0.05083602225193193
1.1630,35.868515,5.524495,-31.11552,35.713337,6.346124,-30.061243,1.07514,1.1347374558783,1.17584946187031,0.08883913176953435
1.1659,35.868515,5.524495,-31.11552,33.092415,5.455307,-29.247524,1.37126,1.44727206107826,2.46434037549508,0.08883913176953435
1.1631,35.868515,5.524495,-31.11552,36.09956,6.805772,-31.128956,1.26423,1.33430914471141,1.01440536655667,0.07775745357412174
1.1658,35.868515,5.524495,-31.11552,33.477974,6.171166,-29.749645,1.22325,1.29105753009202,2.29743179492228,0.07775745357412174
1.1631,35.868515,5.524495,-31.11552,36.09956,6.805772,-31.128956,1.26423,1.33430914471141,1.01440536655667,0.07341623630164398
1.1659,35.868515,5.524495,-31.11552,33.092415,5.455307,-29.247524,1.37126,1.44727206107826,2.46434037549508,0.07341623630164398
1.1631,35.868515,5.524495,-31.11552,36.09956,6.805772,-31.128956,1.26423,1.33430914471141,1.01440536655667,0.06158198293332781
1.1660,35.868515,5.524495,-31.11552,33.157093,5.502381,-29.559862,1.47821,1.56015054286313,2.36437713019751,0.06158198293332781
1.1632,35.868515,5.524495,-31.11552,35.615875,6.883776,-30.910015,1.29297,1.36464226828782,1.17808182465416,0.05628185450579758
1.1659,35.868515,5.524495,-31.11552,33.092415,5.455307,-29.247524,1.37126,1.44727206107826,2.46434037549508,0.05628185450579758
1.1635,35.868515,5.524495,-31.11552,35.945759,7.16238,-31.695053,1.22325,1.29105753009202,1.0272620161149,0.05304665895540751
1.1658,35.868515,5.524495,-31.11552,33.477974,6.171166,-29.749645,1.22325,1.29105753009202,2.29743179492228,0.05304665895540751
1.1645,35.868515,5.524495,-31.11552,38.163567,5.51306,-32.475559,1.49897,1.58206131688701,2.06683875801702,0.07278294637315577
1.1682,35.868515,5.524495,-31.11552,36.137867,7.073176,-32.411011,0.940416,0.992545398094432,0.751676278858017,0.07278294637315577
1.1646,35.868515,5.524495,-31.11552,33.135551,5.375396,-29.886528,1.19342,1.25957398533612,2.30385713672516,0.19338507650586348
1.1664,35.868515,5.524495,-31.11552,35.926468,6.436257,-31.063925,0.751075,0.792708795760361,0.739334556815735,0.19338507650586348
1.1646,35.868515,5.524495,-31.11552,33.135551,5.375396,-29.886528,1.19342,1.25957398533612,2.30385713672516,0.0663871460786877
1.1681,35.868515,5.524495,-31.11552,35.829807,7.075019,-32.41333,0.860548,0.908250133174433,0.718736822377289,0.0663871460786877
1.1646,35.868515,5.524495,-31.11552,33.135551,5.375396,-29.886528,1.19342,1.25957398533612,2.30385713672516,0.2764657028546593
1.1690,35.868515,5.524495,-31.11552,35.693874,4.004496,-29.981928,1.12595,1.18836396975852,0.801058004841936,0.2764657028546593
1.1646,35.868515,5.524495,-31.11552,33.135551,5.375396,-29.886528,1.19342,1.25957398533612,2.30385713672516,0.13914785523369183
1.1986,35.360737,5.327154,-31.007704,35.635399,5.461259,-31.217964,0.481288,0.507966888651483,0.235559732487109,0.13914785523369183
1.1646,35.868515,5.524495,-31.11552,33.135551,5.375396,-29.886528,1.19342,1.25957398533612,2.30385713672516,0.050426108778361435
1.2000,35.360737,5.327154,-31.007704,35.321259,4.834963,-30.821753,0.385724,0.407105558746955,0.313389038128588,0.050426108778361435
1.1646,35.868515,5.524495,-31.11552,33.135551,5.375396,-29.886528,1.19342,1.25957398533612,2.30385713672516,0.13833785093290094
1.2003,35.360737,5.327154,-31.007704,35.53764,5.06904,-31.269197,0.481288,0.507966888651483,0.357807007185213,0.13833785093290094
1.1646,35.868515,5.524495,-31.11552,33.135551,5.375396,-29.886528,1.19342,1.25957398533612,2.30385713672516,0.3460478501939143
1.2006,35.360737,5.327154,-31.007704,35.023216,5.395849,-30.815407,0.588445,0.621063844917226,0.316174743279402,0.3460478501939143
1.1646,35.868515,5.524495,-31.11552,33.135551,5.375396,-29.886528,1.19342,1.25957398533612,2.30385713672516,0.29438093821063654
1.2007,35.360737,5.327154,-31.007704,35.674397,5.292491,-31.342636,0.588445,0.621063844917226,0.327375700799314,0.29438093821063654
1.1646,35.868515,5.524495,-31.11552,33.135551,5.375396,-29.886528,1.19342,1.25957398533612,2.30385713672516,0.12138478000306616
1.2012,35.360737,5.327154,-31.007704,35.615875,5.037456,-31.028793,0.465797,0.491617187283279,0.317911947989872,0.12138478000306616
1.1646,35.868515,5.524495,-31.11552,33.135551,5.375396,-29.886528,1.19342,1.25957398533612,2.30385713672516,0.24820256587989134
1.2014,35.360737,5.327154,-31.007704,35.380451,5.457178,-30.503191,0.549378,0.579831272239438,0.358596836151528,0.24820256587989134
1.1646,35.868515,5.524495,-31.11552,33.135551,5.375396,-29.886528,1.19342,1.25957398533612,2.30385713672516,0.40875886733808064
1.2016,35.360737,5.327154,-31.007704,35.654903,5.079054,-31.241846,0.654537,0.690819474820224,0.39067207087253,0.40875886733808064
1.1646,35.868515,5.524495,-31.11552,33.135551,5.375396,-29.886528,1.19342,1.25957398533612,2.30385713672516,0.12290911880582568
1.2021,35.360737,5.327154,-31.007704,35.043198,5.468761,-30.910889,0.452233,0.477301303908525,0.305324299817112,0.12290911880582568
1.1646,35.868515,5.524495,-31.11552,33.135551,5.375396,-29.886528,1.19342,1.25957398533612,2.30385713672516,0.06266953896527878
7.126,35.53763914484171,5.136072695516108,-31.22238489725977,35.57678662601249,4.464714401447301,-29.692206862445435,0.413664,0.436594336503564,0.464631698696503,0.06266953896527878
1.1646,35.868515,5.524495,-31.11552,33.135551,5.375396,-29.886528,1.19342,1.25957398533612,2.30385713672516,0.09621142789752811
7.127,35.53763914484171,5.136072695516108,-31.22238489725977,35.51804308244129,4.116769641865137,-29.376575241018386,0.469681,0.495716486238421,0.538647919897658,0.09621142789752811
1.1646,35.868515,5.524495,-31.11552,33.135551,5.375396,-29.886528,1.19342,1.25957398533612,2.30385713672516,0.15722634464299148
7.128,35.53763914484171,5.136072695516108,-31.22238489725977,35.51804308244129,3.8108453504914763,-28.866597734178868,0.611878,0.645795789411521,0.695421918687511,0.15722634464299148
1.1646,35.868515,5.524495,-31.11552,33.135551,5.375396,-29.886528,1.19342,1.25957398533612,2.30385713672516,0.10350408627843273
7.131,35.53763914484171,5.136072695516108,-31.22238489725977,35.49843210107085,5.796845077769425,-31.29423979613155,0.47399,0.500264343910333,0.48787261775694,0.10350408627843273
1.1646,35.868515,5.524495,-31.11552,33.135551,5.375396,-29.886528,1.19342,1.25957398533612,2.30385713672516,0.07598122401615744
7.132,35.53763914484171,5.136072695516108,-31.22238489725977,35.49843210107085,5.971984723945472,-31.32466800680669,0.461063,0.486620770894597,0.611194652474096,0.07598122401615744
1.1646,35.868515,5.524495,-31.11552,33.135551,5.375396,-29.886528,1.19342,1.25957398533612,2.30385713672516,0.17921734294240932
7.133,35.53763914484171,5.136072695516108,-31.22238489725977,35.4591652676214,6.2117080274718965,-31.317117608377075,0.676513,0.714013654490203,0.803213129942368,0.17921734294240932
1.1646,35.868515,5.524495,-31.11552,33.135551,5.375396,-29.886528,1.19342,1.25957398533612,2.30385713672516,0.05320771089306767
7.136,35.53763914484171,5.136072695516108,-31.22238489725977,35.49843210107085,4.607599744157836,-31.10801592163761,0.405046,0.427498621159739,0.369412325973914,0.05320771089306767
1.1646,35.868515,5.524495,-31.11552,33.135551,5.375396,-29.886528,1.19342,1.25957398533612,2.30385713672516,0.10621472632775697
7.137,35.53763914484171,5.136072695516108,-31.22238489725977,35.51804308244129,4.295115566865126,-31.150499441435386,0.512771,0.541195062957542,0.632047916068657,0.10621472632775697
1.1646,35.868515,5.524495,-31.11552,33.135551,5.375396,-29.886528,1.19342,1.25957398533612,2.30385713672516,0.12756992534306147
7.138,35.53763914484171,5.136072695516108,-31.22238489725977,35.57678662601249,4.1946606852100725,-31.076481060771734,0.56017,0.591221497348576,0.681384939850361,0.12756992534306147
1.1646,35.868515,5.524495,-31.11552,33.135551,5.375396,-29.886528,1.19342,1.25957398533612,2.30385713672516,0.09034608137002162
7.141,35.53763914484171,5.136072695516108,-31.22238489725977,35.94575961594815,5.321208705917652,-31.672714250617005,0.452445,0.477525055550773,0.365415668199868,0.09034608137002162
1.1646,35.868515,5.524495,-31.11552,33.135551,5.375396,-29.886528,1.19342,1.25957398533612,2.30385713672516,0.32694054520367544
7.142,35.53763914484171,5.136072695516108,-31.22238489725977,36.385512767554296,5.25762129876009,-31.828850579771373,0.814401,0.859545099991391,0.745839574131634,0.32694054520367544
1.1646,35.868515,5.524495,-31.11552,33.135551,5.375396,-29.886528,1.19342,1.25957398533612,2.30385713672516,0.17901125771750104
7.143,35.53763914484171,5.136072695516108,-31.22238489725977,36.59324408308341,5.3495512269459695,-31.940680692660305,0.90489,0.955050111101545,0.914823636683412,0.17901125771750104
1.1646,35.868515,5.524495,-31.11552,33.135551,5.375396,-29.886528,1.19342,1.25957398533612,2.30385713672516,0.25596151728485883
7.145,35.53763914484171,5.136072695516108,-31.22238489725977,35.00322419703488,5.1527974061138515,-30.949554405810563,0.551552,0.582125782004751,0.467202865854137,0.25596151728485883
1.1646,35.868515,5.524495,-31.11552,33.135551,5.375396,-29.886528,1.19342,1.25957398533612,2.30385713672516,0.483027621102448
7.146,35.53763914484171,5.136072695516108,-31.22238489725977,34.82257371938761,5.1345464949746065,-30.839932869635113,0.702367,0.741300800521676,0.622290049813181,0.483027621102448
1.1646,35.868515,5.524495,-31.11552,33.135551,5.375396,-29.886528,1.19342,1.25957398533612,2.30385713672516,0.3907153259931513
7.147,35.53763914484171,5.136072695516108,-31.22238489725977,34.57969032915931,5.144741481081877,-30.717818733242165,0.870418,0.918667249726248,0.833595987199042,0.3907153259931513
1.1646,35.868515,5.524495,-31.11552,33.135551,5.375396,-29.886528,1.19342,1.25957398533612,2.30385713672516,0.13859529137993049
7.148,35.53763914484171,5.136072695516108,-31.22238489725977,34.31390693780456,5.050787907316195,-30.634241814515594,0.986761,1.04145940686788,1.03733865501403,0.13859529137993049
1.1646,35.868515,5.524495,-31.11552,33.135551,5.375396,-29.886528,1.19342,1.25957398533612,2.30385713672516,0.3054252597343359
7.191,35.57678662601249,5.757493504298966,-32.21535195242685,35.419838416026515,4.626176704201901,-30.080756741799732,0.629114,0.663987220099169,0.621114722425106,0.3054252597343359
1.1646,35.868515,5.524495,-31.11552,33.135551,5.375396,-29.886528,1.19342,1.25957398533612,2.30385713672516,0.23139607740053356
7.212,35.557220316613616,5.975243591066853,-32.493744251908616,35.57678662601249,4.464419822181265,-29.69214582396932,0.706676,0.745848658193588,0.79878127399432,0.23139607740053356
1.1646,35.868515,5.524495,-31.11552,33.135551,5.375396,-29.886528,1.19342,1.25957398533612,2.30385713672516,0.09486694810550707
7.213,35.557220316613616,5.975243591066853,-32.493744251908616,35.49843210107085,5.796544009220583,-31.294175994499152,0.598951,0.632152216395785,0.523332171399158,0.09486694810550707
1.1646,35.868515,5.524495,-31.11552,33.135551,5.375396,-29.886528,1.19342,1.25957398533612,2.30385713672516,0.07560126508902947
7.214,35.557220316613616,5.975243591066853,-32.493744251908616,35.49843210107085,4.607299452615926,-31.107952637216062,0.456754,0.482072913222685,0.598372332334283,0.07560126508902947
1.1646,35.868515,5.524495,-31.11552,33.135551,5.375396,-29.886528,1.19342,1.25957398533612,2.30385713672516,0.44896488127730705
7.216,35.557220316613616,5.975243591066853,-32.493744251908616,34.82257371938761,5.134249558292392,-30.839870083183918,0.844564,0.891380103694776,0.766336280906084,0.44896488127730705
1.1646,35.868515,5.524495,-31.11552,33.135551,5.375396,-29.886528,1.19342,1.25957398533612,2.30385713672516,0.062226638200517374
7.234,35.4591652676214,6.196871898959788,-33.09177859791104,35.51804308244129,4.116484880099885,-29.37646627754359,0.840255,0.886832246022863,1.04744883647259,0.062226638200517374
1.1646,35.868515,5.524495,-31.11552,33.135551,5.375396,-29.886528,1.19342,1.25957398533612,2.30385713672516,0.09757500494598711
7.236,35.4591652676214,6.196871898959788,-33.09177859791104,35.51804308244129,4.294823416767874,-31.150386656798133,0.607569,0.641247931739609,0.820880850795629,0.09757500494598711
1.1646,35.868515,5.524495,-31.11552,33.135551,5.375396,-29.886528,1.19342,1.25957398533612,2.30385713672516,0.07883090026790121
7.282,35.419838416026515,4.6260257716736755,-30.080792680643654,35.49843210107085,5.589064421667011,-31.36930697603495,0.422282,0.445690051847388,0.426455521057616,0.07883090026790121
1.1646,35.868515,5.524495,-31.11552,33.135551,5.375396,-29.886528,1.19342,1.25957398533612,2.30385713672516,0.3324969048607703
7.283,35.419838416026515,4.6260257716736755,-30.080792680643654,35.63539666124247,4.758901206278921,-31.129705495691727,0.616187,0.650343647083433,0.493555103974534,0.3324969048607703
1.1646,35.868515,5.524495,-31.11552,33.135551,5.375396,-29.886528,1.19342,1.25957398533612,2.30385713672516,0.1487547655570456
7.284,35.419838416026515,4.6260257716736755,-30.080792680643654,35.92647043496338,4.011619121577159,-30.74023124314893,0.676513,0.714013654490203,0.898298961204831,0.1487547655570456
1.1646,35.868515,5.524495,-31.11552,33.135551,5.375396,-29.886528,1.19342,1.25957398533612,2.30385713672516,0.12678663880237606
7.285,35.419838416026515,4.6260257716736755,-30.080792680643654,35.00322419703488,5.152568321789341,-30.94946618402491,0.469681,0.495716486238421,0.428279120915142,0.12678663880237606
1.1646,35.868515,5.524495,-31.11552,33.135551,5.375396,-29.886528,1.19342,1.25957398533612,2.30385713672516,0.12220147693316838
7.295,35.57678662601249,4.46427131826796,-29.692175766834307,35.49843210107085,5.79639340882801,-31.294205862691847,0.495535,0.523003632269894,0.591020962312357,0.12220147693316838
1.1646,35.868515,5.524495,-31.11552,33.135551,5.375396,-29.886528,1.19342,1.25957398533612,2.30385713672516,0.28718925278924695
7.296,35.57678662601249,4.46427131826796,-29.692175766834307,35.49843210107085,4.607148200237776,-31.107982419107906,0.64635,0.682178650786818,0.645211454721766,0.28718925278924695
1.1646,35.868515,5.524495,-31.11552,33.135551,5.375396,-29.886528,1.19342,1.25957398533612,2.30385713672516,0.08456015400207292
7.312,35.51804308244129,4.116853881699828,-29.376494012582434,35.49843210107085,5.972068638601752,-31.32458498622721,0.551552,0.582125782004751,0.846075023047172,0.08456015400207292
1.1646,35.868515,5.524495,-31.11552,33.135551,5.375396,-29.886528,1.19342,1.25957398533612,2.30385713672516,0.2555193278828898
7.313,35.51804308244129,4.116853881699828,-29.376494012582434,35.51804308244129,4.295201698439749,-31.150416923916435,0.767002,0.809518665600357,0.795391193371402,0.2555193278828898
1.1646,35.868515,5.524495,-31.11552,33.135551,5.375396,-29.886528,1.19342,1.25957398533612,2.30385713672516,0.09971842171702862
7.314,35.51804308244129,4.116853881699828,-29.376494012582434,36.385512767554296,5.257707786899352,-31.82876634996755,1.03416,1.09148584125891,1.02039953282201,0.09971842171702862
1.1646,35.868515,5.524495,-31.11552,33.135551,5.375396,-29.886528,1.19342,1.25957398533612,2.30385713672516,0.2218022908058895
7.315,35.51804308244129,4.116853881699828,-29.376494012582434,34.57969032915931,5.14482487300233,-30.717737400797475,0.844564,0.891380103694776,0.902057784744368,0.2218022908058895
1.1646,35.868515,5.524495,-31.11552,33.135551,5.375396,-29.886528,1.19342,1.25957398533612,2.30385713672516,0.15328330023285994
7.325,35.51804308244129,3.81060505665054,-28.866590016798245,35.57678662601249,4.194412814751885,-31.076471565410834,0.896272,0.945954395757721,0.89528349453254,0.15328330023285994
1.1646,35.868515,5.524495,-31.11552,33.135551,5.375396,-29.886528,1.19342,1.25957398533612,2.30385713672516,0.12585549793326709
7.338,35.49843210107085,5.588868561528237,-31.369364388376873,35.63539666124247,4.758704530723856,-31.129762886318936,0.51708,0.545742920629454,0.562739835800295,0.12585549793326709
1.1646,35.868515,5.524495,-31.11552,33.135551,5.375396,-29.886528,1.19342,1.25957398533612,2.30385713672516,0.19682317891011072
7.340,35.49843210107085,5.588868561528237,-31.369364388376873,35.00322419703488,5.152374133717968,-30.949522968196387,0.512771,0.541195062957542,0.454024676287232,0.19682317891011072
1.1646,35.868515,5.524495,-31.11552,33.135551,5.375396,-29.886528,1.19342,1.25957398533612,2.30385713672516,0.15421806155036902
7.347,35.49843210107085,5.796596009530031,-31.294118479417634,35.49843210107085,4.607352473103566,-31.10789541552652,0.676513,0.714013654490203,0.85443423017884,0.15421806155036902
1.1646,35.868515,5.524495,-31.11552,33.135551,5.375396,-29.886528,1.19342,1.25957398533612,2.30385713672516,0.05570347230711707
7.355,35.49843210107085,5.971809674855249,-31.32460701512607,36.385512767554296,5.257443594854417,-31.82878872383498,0.982452,1.03691154919596,1.08483684261829,0.05570347230711707
1.1646,35.868515,5.524495,-31.11552,33.135551,5.375396,-29.886528,1.19342,1.25957398533612,2.30385713672516,0.34270201504978093
7.356,35.49843210107085,5.971809674855249,-31.32460701512607,34.57969032915931,5.144569914743519,-30.71775901446768,0.874727,0.92321510739816,0.864359435507322,0.34270201504978093
1.1646,35.868515,5.524495,-31.11552,33.135551,5.375396,-29.886528,1.19342,1.25957398533612,2.30385713672516,0.47068943297855853
7.385,35.49843210107085,4.60785944060027,-31.107923242438318,34.82257371938761,5.134802057671695,-30.83984120186587,0.887654,0.936858680413897,0.774424434857478,0.47068943297855853
1.1646,35.868515,5.524495,-31.11552,33.135551,5.375396,-29.886528,1.19342,1.25957398533612,2.30385713672516,0.07808916450392864
7.393,35.57678662601249,4.1947708582631975,-31.076438213264744,36.59324408308341,5.3496629479471425,-31.940636821201885,1.038469,1.09603369893082,1.02940104228338,0.07808916450392864
1.1646,35.868515,5.524495,-31.11552,33.135551,5.375396,-29.886528,1.19342,1.25957398533612,2.30385713672516,0.055346835210564674
7.400,35.713337000914514,5.258436145159973,-31.340476977190768,35.321257195674356,5.115138573765221,-31.156564847798997,0.396428,0.418402905815915,0.330347959850505,0.055346835210564674
1.1646,35.868515,5.524495,-31.11552,33.135551,5.375396,-29.886528,1.19342,1.25957398533612,2.30385713672516,0.050702209403006085
7.405,35.92647043496338,4.011730999454372,-30.74019507294046,35.00322419703488,5.152678370363733,-30.94943045478723,0.848873,0.895927961366688,1.11778733689739,0.050702209403006085
1.1646,35.868515,5.524495,-31.11552,33.135551,5.375396,-29.886528,1.19342,1.25957398533612,2.30385713672516,0.18284229768526342
7.410,35.94575961594815,5.321258557000663,-31.672575251197166,34.82257371938761,5.134595315099633,-30.839797122276646,0.995379,1.0505551222117,0.982695388617982,0.18284229768526342
1.1647,35.868515,5.524495,-31.11552,38.163567,5.796346,-32.073647,1.39851,1.47603259056529,1.96863752697414,0.05277679338698776
1.1682,35.868515,5.524495,-31.11552,36.137867,7.073176,-32.411011,0.940416,0.992545398094432,0.751676278858017,0.05277679338698776
1.1647,35.868515,5.524495,-31.11552,38.163567,5.796346,-32.073647,1.39851,1.47603259056529,1.96863752697414,0.05774407242839482
1.2016,35.360737,5.327154,-31.007704,35.654903,5.079054,-31.241846,0.654537,0.690819474820224,0.39067207087253,0.05774407242839482
1.1648,35.868515,5.524495,-31.11552,38.199013,6.392351,-32.490402,1.40931,1.48743125913262,2.00731164849886,0.06705174747452908
1.1681,35.868515,5.524495,-31.11552,35.829807,7.075019,-32.41333,0.860548,0.908250133174433,0.718736822377289,0.06705174747452908
1.1648,35.868515,5.524495,-31.11552,38.199013,6.392351,-32.490402,1.40931,1.48743125913262,2.00731164849886,0.07883615989743771
1.1682,35.868515,5.524495,-31.11552,36.137867,7.073176,-32.411011,0.940416,0.992545398094432,0.751676278858017,0.07883615989743771
1.1654,35.868515,5.524495,-31.11552,35.459164,6.643839,-30.499256,1.18134,1.2468243634571,1.22173822272084,0.06294193080782431
1.1659,35.868515,5.524495,-31.11552,33.092415,5.455307,-29.247524,1.37126,1.44727206107826,2.46434037549508,0.06294193080782431
1.1657,35.868515,5.524495,-31.11552,34.0037,5.924304,-29.746603,1.22325,1.29105753009202,1.84060575372467,0.089834082192233
1.1986,35.360737,5.327154,-31.007704,35.635399,5.461259,-31.217964,0.481288,0.507966888651483,0.235559732487109,0.089834082192233
1.1657,35.868515,5.524495,-31.11552,34.0037,5.924304,-29.746603,1.22325,1.29105753009202,1.84060575372467,0.0608696248999214
1.2003,35.360737,5.327154,-31.007704,35.53764,5.06904,-31.269197,0.481288,0.507966888651483,0.357807007185213,0.0608696248999214
1.1657,35.868515,5.524495,-31.11552,34.0037,5.924304,-29.746603,1.22325,1.29105753009202,1.84060575372467,0.1788487116083513
1.2006,35.360737,5.327154,-31.007704,35.023216,5.395849,-30.815407,0.588445,0.621063844917226,0.316174743279402,0.1788487116083513
1.1657,35.868515,5.524495,-31.11552,34.0037,5.924304,-29.746603,1.22325,1.29105753009202,1.84060575372467,0.15900210361520994
1.2007,35.360737,5.327154,-31.007704,35.674397,5.292491,-31.342636,0.588445,0.621063844917226,0.327375700799314,0.15900210361520994
1.1657,35.868515,5.524495,-31.11552,34.0037,5.924304,-29.746603,1.22325,1.29105753009202,1.84060575372467,0.06076496119585213
1.2012,35.360737,5.327154,-31.007704,35.615875,5.037456,-31.028793,0.465797,0.491617187283279,0.317911947989872,0.06076496119585213
1.1657,35.868515,5.524495,-31.11552,34.0037,5.924304,-29.746603,1.22325,1.29105753009202,1.84060575372467,0.11491028234935091
1.2014,35.360737,5.327154,-31.007704,35.380451,5.457178,-30.503191,0.549378,0.579831272239438,0.358596836151528,0.11491028234935091
1.1657,35.868515,5.524495,-31.11552,34.0037,5.924304,-29.746603,1.22325,1.29105753009202,1.84060575372467,0.17956086497175663
1.2016,35.360737,5.327154,-31.007704,35.654903,5.079054,-31.241846,0.654537,0.690819474820224,0.39067207087253,0.17956086497175663
1.1657,35.868515,5.524495,-31.11552,34.0037,5.924304,-29.746603,1.22325,1.29105753009202,1.84060575372467,0.058561312115704985
1.2021,35.360737,5.327154,-31.007704,35.043198,5.468761,-30.910889,0.452233,0.477301303908525,0.305324299817112,0.058561312115704985
1.1657,35.868515,5.524495,-31.11552,34.0037,5.924304,-29.746603,1.22325,1.29105753009202,1.84060575372467,0.06872099607083856
7.145,35.53763914484171,5.136072695516108,-31.22238489725977,35.00322419703488,5.1527974061138515,-30.949554405810563,0.551552,0.582125782004751,0.467202865854137,0.06872099607083856
1.1657,35.868515,5.524495,-31.11552,34.0037,5.924304,-29.746603,1.22325,1.29105753009202,1.84060575372467,0.056425380109030775
7.146,35.53763914484171,5.136072695516108,-31.22238489725977,34.82257371938761,5.1345464949746065,-30.839932869635113,0.702367,0.741300800521676,0.622290049813181,0.056425380109030775
1.1657,35.868515,5.524495,-31.11552,34.0037,5.924304,-29.746603,1.22325,1.29105753009202,1.84060575372467,0.059205324906210645
7.213,35.557220316613616,5.975243591066853,-32.493744251908616,35.49843210107085,5.796544009220583,-31.294175994499152,0.598951,0.632152216395785,0.523332171399158,0.059205324906210645
1.1657,35.868515,5.524495,-31.11552,34.0037,5.924304,-29.746603,1.22325,1.29105753009202,1.84060575372467,0.08620994019282281
7.283,35.419838416026515,4.6260257716736755,-30.080792680643654,35.63539666124247,4.758901206278921,-31.129705495691727,0.616187,0.650343647083433,0.493555103974534,0.08620994019282281
1.1657,35.868515,5.524495,-31.11552,34.0037,5.924304,-29.746603,1.22325,1.29105753009202,1.84060575372467,0.05439624999167662
7.340,35.49843210107085,5.588868561528237,-31.369364388376873,35.00322419703488,5.152374133717968,-30.949522968196387,0.512771,0.541195062957542,0.454024676287232,0.05439624999167662
1.1658,35.868515,5.524495,-31.11552,33.477974,6.171166,-29.749645,1.22325,1.29105753009202,2.29743179492228,0.26342180823622235
1.1664,35.868515,5.524495,-31.11552,35.926468,6.436257,-31.063925,0.751075,0.792708795760361,0.739334556815735,0.26342180823622235
1.1658,35.868515,5.524495,-31.11552,33.477974,6.171166,-29.749645,1.22325,1.29105753009202,2.29743179492228,0.12839584228727682
1.1681,35.868515,5.524495,-31.11552,35.829807,7.075019,-32.41333,0.860548,0.908250133174433,0.718736822377289,0.12839584228727682
1.1658,35.868515,5.524495,-31.11552,33.477974,6.171166,-29.749645,1.22325,1.29105753009202,2.29743179492228,0.09101309232263949
1.1682,35.868515,5.524495,-31.11552,36.137867,7.073176,-32.411011,0.940416,0.992545398094432,0.751676278858017,0.09101309232263949
1.1658,35.868515,5.524495,-31.11552,33.477974,6.171166,-29.749645,1.22325,1.29105753009202,2.29743179492228,0.22053449818087517
1.1690,35.868515,5.524495,-31.11552,35.693874,4.004496,-29.981928,1.12595,1.18836396975852,0.801058004841936,0.22053449818087517
1.1658,35.868515,5.524495,-31.11552,33.477974,6.171166,-29.749645,1.22325,1.29105753009202,2.29743179492228,0.11014947803720102
1.1986,35.360737,5.327154,-31.007704,35.635399,5.461259,-31.217964,0.481288,0.507966888651483,0.235559732487109,0.11014947803720102
1.1658,35.868515,5.524495,-31.11552,33.477974,6.171166,-29.749645,1.22325,1.29105753009202,2.29743179492228,0.10934645171633191
1.2003,35.360737,5.327154,-31.007704,35.53764,5.06904,-31.269197,0.481288,0.507966888651483,0.357807007185213,0.10934645171633191
1.1658,35.868515,5.524495,-31.11552,33.477974,6.171166,-29.749645,1.22325,1.29105753009202,2.29743179492228,0.2949039025696233
1.2006,35.360737,5.327154,-31.007704,35.023216,5.395849,-30.815407,0.588445,0.621063844917226,0.316174743279402,0.2949039025696233
1.1658,35.868515,5.524495,-31.11552,33.477974,6.171166,-29.749645,1.22325,1.29105753009202,2.29743179492228,0.2545017984048767
1.2007,35.360737,5.327154,-31.007704,35.674397,5.292491,-31.342636,0.588445,0.621063844917226,0.327375700799314,0.2545017984048767
1.1658,35.868515,5.524495,-31.11552,33.477974,6.171166,-29.749645,1.22325,1.29105753009202,2.29743179492228,0.09409110083873676
1.2012,35.360737,5.327154,-31.007704,35.615875,5.037456,-31.028793,0.465797,0.491617187283279,0.317911947989872,0.09409110083873676
1.1658,35.868515,5.524495,-31.11552,33.477974,6.171166,-29.749645,1.22325,1.29105753009202,2.29743179492228,0.21459422006951623
1.2014,35.360737,5.327154,-31.007704,35.380451,5.457178,-30.503191,0.549378,0.579831272239438,0.358596836151528,0.21459422006951623
1.1658,35.868515,5.524495,-31.11552,33.477974,6.171166,-29.749645,1.22325,1.29105753009202,2.29743179492228,0.36763008708218337
1.2016,35.360737,5.327154,-31.007704,35.654903,5.079054,-31.241846,0.654537,0.690819474820224,0.39067207087253,0.36763008708218337
1.1658,35.868515,5.524495,-31.11552,33.477974,6.171166,-29.749645,1.22325,1.29105753009202,2.29743179492228,0.09282342341672731
1.2021,35.360737,5.327154,-31.007704,35.043198,5.468761,-30.910889,0.452233,0.477301303908525,0.305324299817112,0.09282342341672731
1.1658,35.868515,5.524495,-31.11552,33.477974,6.171166,-29.749645,1.22325,1.29105753009202,2.29743179492228,0.062409225434315777
7.127,35.53763914484171,5.136072695516108,-31.22238489725977,35.51804308244129,4.116769641865137,-29.376575241018386,0.469681,0.495716486238421,0.538647919897658,0.062409225434315777
1.1658,35.868515,5.524495,-31.11552,33.477974,6.171166,-29.749645,1.22325,1.29105753009202,2.29743179492228,0.10375252155043567
7.128,35.53763914484171,5.136072695516108,-31.22238489725977,35.51804308244129,3.8108453504914763,-28.866597734178868,0.611878,0.645795789411521,0.695421918687511,0.10375252155043567
1.1658,35.868515,5.524495,-31.11552,33.477974,6.171166,-29.749645,1.22325,1.29105753009202,2.29743179492228,0.08773626545806268
7.131,35.53763914484171,5.136072695516108,-31.22238489725977,35.49843210107085,5.796845077769425,-31.29423979613155,0.47399,0.500264343910333,0.48787261775694,0.08773626545806268
1.1658,35.868515,5.524495,-31.11552,33.477974,6.171166,-29.749645,1.22325,1.29105753009202,2.29743179492228,0.06642657728370832
7.132,35.53763914484171,5.136072695516108,-31.22238489725977,35.49843210107085,5.971984723945472,-31.32466800680669,0.461063,0.486620770894597,0.611194652474096,0.06642657728370832
1.1658,35.868515,5.524495,-31.11552,33.477974,6.171166,-29.749645,1.22325,1.29105753009202,2.29743179492228,0.19239584371908972
7.133,35.53763914484171,5.136072695516108,-31.22238489725977,35.4591652676214,6.2117080274718965,-31.317117608377075,0.676513,0.714013654490203,0.803213129942368,0.19239584371908972
1.1658,35.868515,5.524495,-31.11552,33.477974,6.171166,-29.749645,1.22325,1.29105753009202,2.29743179492228,0.06808100843629854
7.137,35.53763914484171,5.136072695516108,-31.22238489725977,35.51804308244129,4.295115566865126,-31.150499441435386,0.512771,0.541195062957542,0.632047916068657,0.06808100843629854
1.1658,35.868515,5.524495,-31.11552,33.477974,6.171166,-29.749645,1.22325,1.29105753009202,2.29743179492228,0.08278101890787394
7.138,35.53763914484171,5.136072695516108,-31.22238489725977,35.57678662601249,4.1946606852100725,-31.076481060771734,0.56017,0.591221497348576,0.681384939850361,0.08278101890787394
1.1658,35.868515,5.524495,-31.11552,33.477974,6.171166,-29.749645,1.22325,1.29105753009202,2.29743179492228,0.06712480761654246
7.141,35.53763914484171,5.136072695516108,-31.22238489725977,35.94575961594815,5.321208705917652,-31.672714250617005,0.452445,0.477525055550773,0.365415668199868,0.06712480761654246
1.1658,35.868515,5.524495,-31.11552,33.477974,6.171166,-29.749645,1.22325,1.29105753009202,2.29743179492228,0.3103468933128412
7.142,35.53763914484171,5.136072695516108,-31.22238489725977,36.385512767554296,5.25762129876009,-31.828850579771373,0.814401,0.859545099991391,0.745839574131634,0.3103468933128412
1.1658,35.868515,5.524495,-31.11552,33.477974,6.171166,-29.749645,1.22325,1.29105753009202,2.29743179492228,0.17173383302940778
7.143,35.53763914484171,5.136072695516108,-31.22238489725977,36.59324408308341,5.3495512269459695,-31.940680692660305,0.90489,0.955050111101545,0.914823636683412,0.17173383302940778
1.1658,35.868515,5.524495,-31.11552,33.477974,6.171166,-29.749645,1.22325,1.29105753009202,2.29743179492228,0.20520666888845426
7.145,35.53763914484171,5.136072695516108,-31.22238489725977,35.00322419703488,5.1527974061138515,-30.949554405810563,0.551552,0.582125782004751,0.467202865854137,0.20520666888845426
1.1658,35.868515,5.524495,-31.11552,33.477974,6.171166,-29.749645,1.22325,1.29105753009202,2.29743179492228,0.42424257795543513
7.146,35.53763914484171,5.136072695516108,-31.22238489725977,34.82257371938761,5.1345464949746065,-30.839932869635113,0.702367,0.741300800521676,0.622290049813181,0.42424257795543513
1.1658,35.868515,5.524495,-31.11552,33.477974,6.171166,-29.749645,1.22325,1.29105753009202,2.29743179492228,0.3598635400457391
7.147,35.53763914484171,5.136072695516108,-31.22238489725977,34.57969032915931,5.144741481081877,-30.717818733242165,0.870418,0.918667249726248,0.833595987199042,0.3598635400457391
1.1658,35.868515,5.524495,-31.11552,33.477974,6.171166,-29.749645,1.22325,1.29105753009202,2.29743179492228,0.12707334162455444
7.148,35.53763914484171,5.136072695516108,-31.22238489725977,34.31390693780456,5.050787907316195,-30.634241814515594,0.986761,1.04145940686788,1.03733865501403,0.12707334162455444
1.1658,35.868515,5.524495,-31.11552,33.477974,6.171166,-29.749645,1.22325,1.29105753009202,2.29743179492228,0.2456691759499368
7.191,35.57678662601249,5.757493504298966,-32.21535195242685,35.419838416026515,4.626176704201901,-30.080756741799732,0.629114,0.663987220099169,0.621114722425106,0.2456691759499368
1.1658,35.868515,5.524495,-31.11552,33.477974,6.171166,-29.749645,1.22325,1.29105753009202,2.29743179492228,0.19279525554574659
7.212,35.557220316613616,5.975243591066853,-32.493744251908616,35.57678662601249,4.464419822181265,-29.69214582396932,0.706676,0.745848658193588,0.79878127399432,0.19279525554574659
1.1658,35.868515,5.524495,-31.11552,33.477974,6.171166,-29.749645,1.22325,1.29105753009202,2.29743179492228,0.09824128211207732
7.213,35.557220316613616,5.975243591066853,-32.493744251908616,35.49843210107085,5.796544009220583,-31.294175994499152,0.598951,0.632152216395785,0.523332171399158,0.09824128211207732
1.1658,35.868515,5.524495,-31.11552,33.477974,6.171166,-29.749645,1.22325,1.29105753009202,2.29743179492228,0.05001641538791943
7.214,35.557220316613616,5.975243591066853,-32.493744251908616,35.49843210107085,4.607299452615926,-31.107952637216062,0.456754,0.482072913222685,0.598372332334283,0.05001641538791943
1.1658,35.868515,5.524495,-31.11552,33.477974,6.171166,-29.749645,1.22325,1.29105753009202,2.29743179492228,0.4144807310989318
7.216,35.557220316613616,5.975243591066853,-32.493744251908616,34.82257371938761,5.134249558292392,-30.839870083183918,0.844564,0.891380103694776,0.766336280906084,0.4144807310989318
1.1658,35.868515,5.524495,-31.11552,33.477974,6.171166,-29.749645,1.22325,1.29105753009202,2.29743179492228,0.05182138913328426
7.282,35.419838416026515,4.6260257716736755,-30.080792680643654,35.49843210107085,5.589064421667011,-31.36930697603495,0.422282,0.445690051847388,0.426455521057616,0.05182138913328426
1.1658,35.868515,5.524495,-31.11552,33.477974,6.171166,-29.749645,1.22325,1.29105753009202,2.29743179492228,0.26713401239915535
7.283,35.419838416026515,4.6260257716736755,-30.080792680643654,35.63539666124247,4.758901206278921,-31.129705495691727,0.616187,0.650343647083433,0.493555103974534,0.26713401239915535
1.1658,35.868515,5.524495,-31.11552,33.477974,6.171166,-29.749645,1.22325,1.29105753009202,2.29743179492228,0.12205276483480616
7.284,35.419838416026515,4.6260257716736755,-30.080792680643654,35.92647043496338,4.011619121577159,-30.74023124314893,0.676513,0.714013654490203,0.898298961204831,0.12205276483480616
1.1658,35.868515,5.524495,-31.11552,33.477974,6.171166,-29.749645,1.22325,1.29105753009202,2.29743179492228,0.09068654836371233
7.285,35.419838416026515,4.6260257716736755,-30.080792680643654,35.00322419703488,5.152568321789341,-30.94946618402491,0.469681,0.495716486238421,0.428279120915142,0.09068654836371233
1.1658,35.868515,5.524495,-31.11552,33.477974,6.171166,-29.749645,1.22325,1.29105753009202,2.29743179492228,0.08852680278553798
7.295,35.57678662601249,4.46427131826796,-29.692175766834307,35.49843210107085,5.79639340882801,-31.294205862691847,0.495535,0.523003632269894,0.591020962312357,0.08852680278553798
1.1658,35.868515,5.524495,-31.11552,33.477974,6.171166,-29.749645,1.22325,1.29105753009202,2.29743179492228,0.23058057265387327
7.296,35.57678662601249,4.46427131826796,-29.692175766834307,35.49843210107085,4.607148200237776,-31.107982419107906,0.64635,0.682178650786818,0.645211454721766,0.23058057265387327
1.1658,35.868515,5.524495,-31.11552,33.477974,6.171166,-29.749645,1.22325,1.29105753009202,2.29743179492228,0.058209722117549045
7.312,35.51804308244129,4.116853881699828,-29.376494012582434,35.49843210107085,5.972068638601752,-31.32458498622721,0.551552,0.582125782004751,0.846075023047172,0.058209722117549045
1.1658,35.868515,5.524495,-31.11552,33.477974,6.171166,-29.749645,1.22325,1.29105753009202,2.29743179492228,0.2026427942663487
7.313,35.51804308244129,4.116853881699828,-29.376494012582434,35.51804308244129,4.295201698439749,-31.150416923916435,0.767002,0.809518665600357,0.795391193371402,0.2026427942663487
1.1658,35.868515,5.524495,-31.11552,33.477974,6.171166,-29.749645,1.22325,1.29105753009202,2.29743179492228,0.08282789040406911
7.314,35.51804308244129,4.116853881699828,-29.376494012582434,36.385512767554296,5.257707786899352,-31.82876634996755,1.03416,1.09148584125891,1.02039953282201,0.08282789040406911
1.1658,35.868515,5.524495,-31.11552,33.477974,6.171166,-29.749645,1.22325,1.29105753009202,2.29743179492228,0.20188906583214206
7.315,35.51804308244129,4.116853881699828,-29.376494012582434,34.57969032915931,5.14482487300233,-30.717737400797475,0.844564,0.891380103694776,0.902057784744368,0.20188906583214206
1.1658,35.868515,5.524495,-31.11552,33.477974,6.171166,-29.749645,1.22325,1.29105753009202,2.29743179492228,0.11475008415035352
7.325,35.51804308244129,3.81060505665054,-28.866590016798245,35.57678662601249,4.194412814751885,-31.076471565410834,0.896272,0.945954395757721,0.89528349453254,0.11475008415035352
1.1658,35.868515,5.524495,-31.11552,33.477974,6.171166,-29.749645,1.22325,1.29105753009202,2.29743179492228,0.09351169320724267
7.338,35.49843210107085,5.588868561528237,-31.369364388376873,35.63539666124247,4.758704530723856,-31.129762886318936,0.51708,0.545742920629454,0.562739835800295,0.09351169320724267
1.1658,35.868515,5.524495,-31.11552,33.477974,6.171166,-29.749645,1.22325,1.29105753009202,2.29743179492228,0.15292465691112708
7.340,35.49843210107085,5.588868561528237,-31.369364388376873,35.00322419703488,5.152374133717968,-30.949522968196387,0.512771,0.541195062957542,0.454024676287232,0.15292465691112708
1.1658,35.868515,5.524495,-31.11552,33.477974,6.171166,-29.749645,1.22325,1.29105753009202,2.29743179492228,0.12036410966487562
7.347,35.49843210107085,5.796596009530031,-31.294118479417634,35.49843210107085,4.607352473103566,-31.10789541552652,0.676513,0.714013654490203,0.85443423017884,0.12036410966487562
1.1658,35.868515,5.524495,-31.11552,33.477974,6.171166,-29.749645,1.22325,1.29105753009202,2.29743179492228,0.06198536395980796
7.355,35.49843210107085,5.971809674855249,-31.32460701512607,36.385512767554296,5.257443594854417,-31.82878872383498,0.982452,1.03691154919596,1.08483684261829,0.06198536395980796
1.1658,35.868515,5.524495,-31.11552,33.477974,6.171166,-29.749645,1.22325,1.29105753009202,2.29743179492228,0.3153791073288582
7.356,35.49843210107085,5.971809674855249,-31.32460701512607,34.57969032915931,5.144569914743519,-30.71775901446768,0.874727,0.92321510739816,0.864359435507322,0.3153791073288582
1.1658,35.868515,5.524495,-31.11552,33.477974,6.171166,-29.749645,1.22325,1.29105753009202,2.29743179492228,0.4391723268763796
7.385,35.49843210107085,4.60785944060027,-31.107923242438318,34.82257371938761,5.134802057671695,-30.83984120186587,0.887654,0.936858680413897,0.774424434857478,0.4391723268763796
1.1658,35.868515,5.524495,-31.11552,33.477974,6.171166,-29.749645,1.22325,1.29105753009202,2.29743179492228,0.059818356737382984
7.393,35.57678662601249,4.1947708582631975,-31.076438213264744,36.59324408308341,5.3496629479471425,-31.940636821201885,1.038469,1.09603369893082,1.02940104228338,0.059818356737382984
1.1658,35.868515,5.524495,-31.11552,33.477974,6.171166,-29.749645,1.22325,1.29105753009202,2.29743179492228,0.17158784817946357
7.410,35.94575961594815,5.321258557000663,-31.672575251197166,34.82257371938761,5.134595315099633,-30.839797122276646,0.995379,1.0505551222117,0.982695388617982,0.17158784817946357
1.1659,35.868515,5.524495,-31.11552,33.092415,5.455307,-29.247524,1.37126,1.44727206107826,2.46434037549508,0.08828066354964913
1.1664,35.868515,5.524495,-31.11552,35.926468,6.436257,-31.063925,0.751075,0.792708795760361,0.739334556815735,0.08828066354964913
1.1659,35.868515,5.524495,-31.11552,33.092415,5.455307,-29.247524,1.37126,1.44727206107826,2.46434037549508,0.05074562037565607
1.1687,35.868515,5.524495,-31.11552,36.743298,4.650525,-30.870932,0.982122,1.0365632565453,0.93770915227895,0.05074562037565607
1.1659,35.868515,5.524495,-31.11552,33.092415,5.455307,-29.247524,1.37126,1.44727206107826,2.46434037549508,0.08656801729189556
1.1688,35.868515,5.524495,-31.11552,36.366547,3.917173,-30.172318,1.3325,1.40636350610882,0.999615170098096,0.08656801729189556
1.1659,35.868515,5.524495,-31.11552,33.092415,5.455307,-29.247524,1.37126,1.44727206107826,2.46434037549508,0.3569157298757715
1.1690,35.868515,5.524495,-31.11552,35.693874,4.004496,-29.981928,1.12595,1.18836396975852,0.801058004841936,0.3569157298757715
1.1659,35.868515,5.524495,-31.11552,33.092415,5.455307,-29.247524,1.37126,1.44727206107826,2.46434037549508,0.0682656546529149
1.2006,35.360737,5.327154,-31.007704,35.023216,5.395849,-30.815407,0.588445,0.621063844917226,0.316174743279402,0.0682656546529149
1.1659,35.868515,5.524495,-31.11552,33.092415,5.455307,-29.247524,1.37126,1.44727206107826,2.46434037549508,0.05295161736538929
1.2007,35.360737,5.327154,-31.007704,35.674397,5.292491,-31.342636,0.588445,0.621063844917226,0.327375700799314,0.05295161736538929
1.1659,35.868515,5.524495,-31.11552,33.092415,5.455307,-29.247524,1.37126,1.44727206107826,2.46434037549508,0.1039890934524611
1.2016,35.360737,5.327154,-31.007704,35.654903,5.079054,-31.241846,0.654537,0.690819474820224,0.39067207087253,0.1039890934524611
1.1659,35.868515,5.524495,-31.11552,33.092415,5.455307,-29.247524,1.37126,1.44727206107826,2.46434037549508,0.05744226514803985
7.128,35.53763914484171,5.136072695516108,-31.22238489725977,35.51804308244129,3.8108453504914763,-28.866597734178868,0.611878,0.645795789411521,0.695421918687511,0.05744226514803985
1.1659,35.868515,5.524495,-31.11552,33.092415,5.455307,-29.247524,1.37126,1.44727206107826,2.46434037549508,0.06679495326577858
7.133,35.53763914484171,5.136072695516108,-31.22238489725977,35.4591652676214,6.2117080274718965,-31.317117608377075,0.676513,0.714013654490203,0.803213129942368,0.06679495326577858
1.1659,35.868515,5.524495,-31.11552,33.092415,5.455307,-29.247524,1.37126,1.44727206107826,2.46434037549508,0.1889701707803598
7.142,35.53763914484171,5.136072695516108,-31.22238489725977,36.385512767554296,5.25762129876009,-31.828850579771373,0.814401,0.859545099991391,0.745839574131634,0.1889701707803598
1.1659,35.868515,5.524495,-31.11552,33.092415,5.455307,-29.247524,1.37126,1.44727206107826,2.46434037549508,0.18419154154150258
7.143,35.53763914484171,5.136072695516108,-31.22238489725977,36.59324408308341,5.3495512269459695,-31.940680692660305,0.90489,0.955050111101545,0.914823636683412,0.18419154154150258
1.1659,35.868515,5.524495,-31.11552,33.092415,5.455307,-29.247524,1.37126,1.44727206107826,2.46434037549508,0.19618145274963264
7.146,35.53763914484171,5.136072695516108,-31.22238489725977,34.82257371938761,5.1345464949746065,-30.839932869635113,0.702367,0.741300800521676,0.622290049813181,0.19618145274963264
1.1659,35.868515,5.524495,-31.11552,33.092415,5.455307,-29.247524,1.37126,1.44727206107826,2.46434037549508,0.4070898290303074
7.147,35.53763914484171,5.136072695516108,-31.22238489725977,34.57969032915931,5.144741481081877,-30.717818733242165,0.870418,0.918667249726248,0.833595987199042,0.4070898290303074
1.1659,35.868515,5.524495,-31.11552,33.092415,5.455307,-29.247524,1.37126,1.44727206107826,2.46434037549508,0.2849413504825937
7.148,35.53763914484171,5.136072695516108,-31.22238489725977,34.31390693780456,5.050787907316195,-30.634241814515594,0.986761,1.04145940686788,1.03733865501403,0.2849413504825937
1.1659,35.868515,5.524495,-31.11552,33.092415,5.455307,-29.247524,1.37126,1.44727206107826,2.46434037549508,0.09417268457111971
7.191,35.57678662601249,5.757493504298966,-32.21535195242685,35.419838416026515,4.626176704201901,-30.080756741799732,0.629114,0.663987220099169,0.621114722425106,0.09417268457111971
1.1659,35.868515,5.524495,-31.11552,33.092415,5.455307,-29.247524,1.37126,1.44727206107826,2.46434037549508,0.1330906291704293
7.212,35.557220316613616,5.975243591066853,-32.493744251908616,35.57678662601249,4.464419822181265,-29.69214582396932,0.706676,0.745848658193588,0.79878127399432,0.1330906291704293
1.1659,35.868515,5.524495,-31.11552,33.092415,5.455307,-29.247524,1.37126,1.44727206107826,2.46434037549508,0.3665325820179994
7.216,35.557220316613616,5.975243591066853,-32.493744251908616,34.82257371938761,5.134249558292392,-30.839870083183918,0.844564,0.891380103694776,0.766336280906084,0.3665325820179994
1.1659,35.868515,5.524495,-31.11552,33.092415,5.455307,-29.247524,1.37126,1.44727206107826,2.46434037549508,0.1053889368239022
7.234,35.4591652676214,6.196871898959788,-33.09177859791104,35.51804308244129,4.116484880099885,-29.37646627754359,0.840255,0.886832246022863,1.04744883647259,0.1053889368239022
1.1659,35.868515,5.524495,-31.11552,33.092415,5.455307,-29.247524,1.37126,1.44727206107826,2.46434037549508,0.05610656453390243
7.256,35.61587477028495,6.631882016022911,-33.79150751635236,35.4591652676214,6.211596145884957,-31.317070490940857,0.943671,0.995980830148754,1.05898014886563,0.05610656453390243
1.1659,35.868515,5.524495,-31.11552,33.092415,5.455307,-29.247524,1.37126,1.44727206107826,2.46434037549508,0.08709557392897543
7.283,35.419838416026515,4.6260257716736755,-30.080792680643654,35.63539666124247,4.758901206278921,-31.129705495691727,0.616187,0.650343647083433,0.493555103974534,0.08709557392897543
1.1659,35.868515,5.524495,-31.11552,33.092415,5.455307,-29.247524,1.37126,1.44727206107826,2.46434037549508,0.09015822692798744
7.284,35.419838416026515,4.6260257716736755,-30.080792680643654,35.92647043496338,4.011619121577159,-30.74023124314893,0.676513,0.714013654490203,0.898298961204831,0.09015822692798744
1.1659,35.868515,5.524495,-31.11552,33.092415,5.455307,-29.247524,1.37126,1.44727206107826,2.46434037549508,0.10215292628184137
7.296,35.57678662601249,4.46427131826796,-29.692175766834307,35.49843210107085,4.607148200237776,-31.107982419107906,0.64635,0.682178650786818,0.645211454721766,0.10215292628184137
1.1659,35.868515,5.524495,-31.11552,33.092415,5.455307,-29.247524,1.37126,1.44727206107826,2.46434037549508,0.19242817982774424
7.313,35.51804308244129,4.116853881699828,-29.376494012582434,35.51804308244129,4.295201698439749,-31.150416923916435,0.767002,0.809518665600357,0.795391193371402,0.19242817982774424
1.1659,35.868515,5.524495,-31.11552,33.092415,5.455307,-29.247524,1.37126,1.44727206107826,2.46434037549508,0.22106994305399794
7.314,35.51804308244129,4.116853881699828,-29.376494012582434,36.385512767554296,5.257707786899352,-31.82876634996755,1.03416,1.09148584125891,1.02039953282201,0.22106994305399794
1.1659,35.868515,5.524495,-31.11552,33.092415,5.455307,-29.247524,1.37126,1.44727206107826,2.46434037549508,0.22161420485563077
7.315,35.51804308244129,4.116853881699828,-29.376494012582434,34.57969032915931,5.14482487300233,-30.717737400797475,0.844564,0.891380103694776,0.902057784744368,0.22161420485563077
1.1659,35.868515,5.524495,-31.11552,33.092415,5.455307,-29.247524,1.37126,1.44727206107826,2.46434037549508,0.23120951236866805
7.325,35.51804308244129,3.81060505665054,-28.866590016798245,35.57678662601249,4.194412814751885,-31.076471565410834,0.896272,0.945954395757721,0.89528349453254,0.23120951236866805
1.1659,35.868515,5.524495,-31.11552,33.092415,5.455307,-29.247524,1.37126,1.44727206107826,2.46434037549508,0.06564704248874353
7.347,35.49843210107085,5.796596009530031,-31.294118479417634,35.49843210107085,4.607352473103566,-31.10789541552652,0.676513,0.714013654490203,0.85443423017884,0.06564704248874353
1.1659,35.868515,5.524495,-31.11552,33.092415,5.455307,-29.247524,1.37126,1.44727206107826,2.46434037549508,0.09827793422485151
7.355,35.49843210107085,5.971809674855249,-31.32460701512607,36.385512767554296,5.257443594854417,-31.82878872383498,0.982452,1.03691154919596,1.08483684261829,0.09827793422485151
1.1659,35.868515,5.524495,-31.11552,33.092415,5.455307,-29.247524,1.37126,1.44727206107826,2.46434037549508,0.38592768754962586
7.356,35.49843210107085,5.971809674855249,-31.32460701512607,34.57969032915931,5.144569914743519,-30.71775901446768,0.874727,0.92321510739816,0.864359435507322,0.38592768754962586
1.1659,35.868515,5.524495,-31.11552,33.092415,5.455307,-29.247524,1.37126,1.44727206107826,2.46434037549508,0.43144973201425135
7.385,35.49843210107085,4.60785944060027,-31.107923242438318,34.82257371938761,5.134802057671695,-30.83984120186587,0.887654,0.936858680413897,0.774424434857478,0.43144973201425135
1.1659,35.868515,5.524495,-31.11552,33.092415,5.455307,-29.247524,1.37126,1.44727206107826,2.46434037549508,0.1219006567127477
7.393,35.57678662601249,4.1947708582631975,-31.076438213264744,36.59324408308341,5.3496629479471425,-31.940636821201885,1.038469,1.09603369893082,1.02940104228338,0.1219006567127477
1.1659,35.868515,5.524495,-31.11552,33.092415,5.455307,-29.247524,1.37126,1.44727206107826,2.46434037549508,0.09771117673321254
7.405,35.92647043496338,4.011730999454372,-30.74019507294046,35.00322419703488,5.152678370363733,-30.94943045478723,0.848873,0.895927961366688,1.11778733689739,0.09771117673321254
1.1659,35.868515,5.524495,-31.11552,33.092415,5.455307,-29.247524,1.37126,1.44727206107826,2.46434037549508,0.31173385759414707
7.410,35.94575961594815,5.321258557000663,-31.672575251197166,34.82257371938761,5.134595315099633,-30.839797122276646,0.995379,1.0505551222117,0.982695388617982,0.31173385759414707
1.1660,35.868515,5.524495,-31.11552,33.157093,5.502381,-29.559862,1.47821,1.56015054286313,2.36437713019751,0.062284459553019485
1.1688,35.868515,5.524495,-31.11552,36.366547,3.917173,-30.172318,1.3325,1.40636350610882,0.999615170098096,0.062284459553019485
1.1660,35.868515,5.524495,-31.11552,33.157093,5.502381,-29.559862,1.47821,1.56015054286313,2.36437713019751,0.28746103148449254
1.1690,35.868515,5.524495,-31.11552,35.693874,4.004496,-29.981928,1.12595,1.18836396975852,0.801058004841936,0.28746103148449254
1.1660,35.868515,5.524495,-31.11552,33.157093,5.502381,-29.559862,1.47821,1.56015054286313,2.36437713019751,0.10644908588402614
7.142,35.53763914484171,5.136072695516108,-31.22238489725977,36.385512767554296,5.25762129876009,-31.828850579771373,0.814401,0.859545099991391,0.745839574131634,0.10644908588402614
1.1660,35.868515,5.524495,-31.11552,33.157093,5.502381,-29.559862,1.47821,1.56015054286313,2.36437713019751,0.10541638257329891
7.143,35.53763914484171,5.136072695516108,-31.22238489725977,36.59324408308341,5.3495512269459695,-31.940680692660305,0.90489,0.955050111101545,0.914823636683412,0.10541638257329891
1.1660,35.868515,5.524495,-31.11552,33.157093,5.502381,-29.559862,1.47821,1.56015054286313,2.36437713019751,0.07465118487176521
7.146,35.53763914484171,5.136072695516108,-31.22238489725977,34.82257371938761,5.1345464949746065,-30.839932869635113,0.702367,0.741300800521676,0.622290049813181,0.07465118487176521
1.1660,35.868515,5.524495,-31.11552,33.157093,5.502381,-29.559862,1.47821,1.56015054286313,2.36437713019751,0.20358907582383237
7.147,35.53763914484171,5.136072695516108,-31.22238489725977,34.57969032915931,5.144741481081877,-30.717818733242165,0.870418,0.918667249726248,0.833595987199042,0.20358907582383237
1.1660,35.868515,5.524495,-31.11552,33.157093,5.502381,-29.559862,1.47821,1.56015054286313,2.36437713019751,0.13849161220654926
7.148,35.53763914484171,5.136072695516108,-31.22238489725977,34.31390693780456,5.050787907316195,-30.634241814515594,0.986761,1.04145940686788,1.03733865501403,0.13849161220654926
1.1660,35.868515,5.524495,-31.11552,33.157093,5.502381,-29.559862,1.47821,1.56015054286313,2.36437713019751,0.18917084558966413
7.216,35.557220316613616,5.975243591066853,-32.493744251908616,34.82257371938761,5.134249558292392,-30.839870083183918,0.844564,0.891380103694776,0.766336280906084,0.18917084558966413
1.1660,35.868515,5.524495,-31.11552,33.157093,5.502381,-29.559862,1.47821,1.56015054286313,2.36437713019751,0.07497952626131779
7.313,35.51804308244129,4.116853881699828,-29.376494012582434,35.51804308244129,4.295201698439749,-31.150416923916435,0.767002,0.809518665600357,0.795391193371402,0.07497952626131779
1.1660,35.868515,5.524495,-31.11552,33.157093,5.502381,-29.559862,1.47821,1.56015054286313,2.36437713019751,0.1136192163522463
7.314,35.51804308244129,4.116853881699828,-29.376494012582434,36.385512767554296,5.257707786899352,-31.82876634996755,1.03416,1.09148584125891,1.02039953282201,0.1136192163522463
1.1660,35.868515,5.524495,-31.11552,33.157093,5.502381,-29.559862,1.47821,1.56015054286313,2.36437713019751,0.10620016586230242
7.315,35.51804308244129,4.116853881699828,-29.376494012582434,34.57969032915931,5.14482487300233,-30.717737400797475,0.844564,0.891380103694776,0.902057784744368,0.10620016586230242
1.1660,35.868515,5.524495,-31.11552,33.157093,5.502381,-29.559862,1.47821,1.56015054286313,2.36437713019751,0.10206850120040377
7.325,35.51804308244129,3.81060505665054,-28.866590016798245,35.57678662601249,4.194412814751885,-31.076471565410834,0.896272,0.945954395757721,0.89528349453254,0.10206850120040377
1.1660,35.868515,5.524495,-31.11552,33.157093,5.502381,-29.559862,1.47821,1.56015054286313,2.36437713019751,0.05423322259636142
7.355,35.49843210107085,5.971809674855249,-31.32460701512607,36.385512767554296,5.257443594854417,-31.82878872383498,0.982452,1.03691154919596,1.08483684261829,0.05423322259636142
1.1660,35.868515,5.524495,-31.11552,33.157093,5.502381,-29.559862,1.47821,1.56015054286313,2.36437713019751,0.18654113744287248
7.356,35.49843210107085,5.971809674855249,-31.32460701512607,34.57969032915931,5.144569914743519,-30.71775901446768,0.874727,0.92321510739816,0.864359435507322,0.18654113744287248
1.1660,35.868515,5.524495,-31.11552,33.157093,5.502381,-29.559862,1.47821,1.56015054286313,2.36437713019751,0.2471552296315411
7.385,35.49843210107085,4.60785944060027,-31.107923242438318,34.82257371938761,5.134802057671695,-30.83984120186587,0.887654,0.936858680413897,0.774424434857478,0.2471552296315411
1.1660,35.868515,5.524495,-31.11552,33.157093,5.502381,-29.559862,1.47821,1.56015054286313,2.36437713019751,0.07570738340904128
7.393,35.57678662601249,4.1947708582631975,-31.076438213264744,36.59324408308341,5.3496629479471425,-31.940636821201885,1.038469,1.09603369893082,1.02940104228338,0.07570738340904128
1.1660,35.868515,5.524495,-31.11552,33.157093,5.502381,-29.559862,1.47821,1.56015054286313,2.36437713019751,0.17137394248070884
7.410,35.94575961594815,5.321258557000663,-31.672575251197166,34.82257371938761,5.134595315099633,-30.839797122276646,0.995379,1.0505551222117,0.982695388617982,0.17137394248070884
1.1661,35.868515,5.524495,-31.11552,37.860371,5.95906,-32.505554,1.27578,1.34649938748481,1.74607787386738,0.057337136409324085
1.2007,35.360737,5.327154,-31.007704,35.674397,5.292491,-31.342636,0.588445,0.621063844917226,0.327375700799314,0.057337136409324085
1.1661,35.868515,5.524495,-31.11552,37.860371,5.95906,-32.505554,1.27578,1.34649938748481,1.74607787386738,0.06018529184877394
1.2016,35.360737,5.327154,-31.007704,35.654903,5.079054,-31.241846,0.654537,0.690819474820224,0.39067207087253,0.06018529184877394
1.1665,35.868515,5.524495,-31.11552,34.313908,5.863198,-30.047523,0.726221,0.766477082003642,1.51612441497148,0.15849752620104296
1.1978,35.360737,5.327154,-31.007704,35.43951,5.469648,-30.831221,0.331038,0.349388189369795,0.207737920448515,0.15849752620104296
1.1665,35.868515,5.524495,-31.11552,34.313908,5.863198,-30.047523,0.726221,0.766477082003642,1.51612441497148,0.16720122288793857
1.1979,35.360737,5.327154,-31.007704,35.459167,5.163983,-31.102339,0.30686,0.323869947830808,0.190544544836334,0.16720122288793857
1.1665,35.868515,5.524495,-31.11552,34.313908,5.863198,-30.047523,0.726221,0.766477082003642,1.51612441497148,0.05494794072753968
1.1980,35.360737,5.327154,-31.007704,35.576786,5.660934,-31.041805,0.215195,0.227123748365544,0.305385348072917,0.05494794072753968
1.1665,35.868515,5.524495,-31.11552,34.313908,5.863198,-30.047523,0.726221,0.766477082003642,1.51612441497148,0.1293854042063097
1.1981,35.360737,5.327154,-31.007704,35.380451,5.123019,-31.159771,0.316185,0.333711853792883,0.232251124730299,0.1293854042063097
1.1665,35.868515,5.524495,-31.11552,34.313908,5.863198,-30.047523,0.726221,0.766477082003642,1.51612441497148,0.10315782761437538
1.1982,35.360737,5.327154,-31.007704,35.321259,4.900648,-30.548117,0.160385,0.169275505386314,0.192453911052353,0.10315782761437538
1.1665,35.868515,5.524495,-31.11552,34.313908,5.863198,-30.047523,0.726221,0.766477082003642,1.51612441497148,0.17377917491222336
1.1983,35.360737,5.327154,-31.007704,35.576786,5.455075,-31.182528,0.316185,0.333711853792883,0.187135887467269,0.17377917491222336
1.1665,35.868515,5.524495,-31.11552,34.313908,5.863198,-30.047523,0.726221,0.766477082003642,1.51612441497148,0.16415650227565884
1.1984,35.360737,5.327154,-31.007704,35.341003,5.327625,-31.126375,0.124424,0.131321105353909,0.0642707509801374,0.16415650227565884
1.1665,35.868515,5.524495,-31.11552,34.313908,5.863198,-30.047523,0.726221,0.766477082003642,1.51612441497148,0.16906694958660456
1.1985,35.360737,5.327154,-31.007704,35.518044,5.275861,-31.215029,0.325958,0.344026593414048,0.194455528247158,0.16906694958660456
1.1665,35.868515,5.524495,-31.11552,34.313908,5.863198,-30.047523,0.726221,0.766477082003642,1.51612441497148,0.15051949580732782
1.1986,35.360737,5.327154,-31.007704,35.635399,5.461259,-31.217964,0.481288,0.507966888651483,0.235559732487109,0.15051949580732782
1.1665,35.868515,5.524495,-31.11552,34.313908,5.863198,-30.047523,0.726221,0.766477082003642,1.51612441497148,0.1178721786196752
1.1987,35.360737,5.327154,-31.007704,35.182606,5.375607,-30.788649,0.211427,0.223146879554273,0.209542236437767,0.1178721786196752
1.1665,35.868515,5.524495,-31.11552,34.313908,5.863198,-30.047523,0.726221,0.766477082003642,1.51612441497148,0.07542777999977744
1.1988,35.360737,5.327154,-31.007704,35.321259,5.779816,-31.219252,0.218958,0.231095340015441,0.27032072323619,0.07542777999977744
1.1665,35.868515,5.524495,-31.11552,34.313908,5.863198,-30.047523,0.726221,0.766477082003642,1.51612441497148,0.124028757051981
1.1989,35.360737,5.327154,-31.007704,35.400154,5.433665,-30.945103,0.119477,0.126099881890704,0.117659601129532,0.124028757051981
1.1665,35.868515,5.524495,-31.11552,34.313908,5.863198,-30.047523,0.726221,0.766477082003642,1.51612441497148,0.19351208209639423
1.1990,35.360737,5.327154,-31.007704,35.400154,5.372988,-31.384466,0.325958,0.344026593414048,0.171985535398173,0.19351208209639423
1.1665,35.868515,5.524495,-31.11552,34.313908,5.863198,-30.047523,0.726221,0.766477082003642,1.51612441497148,0.08064785677811864
1.1991,35.360737,5.327154,-31.007704,35.55722,5.032694,-31.058905,0.378547,0.399530721311051,0.302335519401266,0.08064785677811864
1.1665,35.868515,5.524495,-31.11552,34.313908,5.863198,-30.047523,0.726221,0.766477082003642,1.51612441497148,0.17570690704993602
1.1992,35.360737,5.327154,-31.007704,35.380451,5.393758,-30.777336,0.264753,0.27942886103777,0.169085389280903,0.17570690704993602
1.1665,35.868515,5.524495,-31.11552,34.313908,5.863198,-30.047523,0.726221,0.766477082003642,1.51612441497148,0.0891862233267989
1.1993,35.360737,5.327154,-31.007704,35.122952,5.127508,-30.736898,0.156167,0.164823692051404,0.214625683610459,0.0891862233267989
1.1665,35.868515,5.524495,-31.11552,34.313908,5.863198,-30.047523,0.726221,0.766477082003642,1.51612441497148,0.11580801234818754
1.1994,35.360737,5.327154,-31.007704,35.380451,5.158826,-31.218128,0.268722,0.283617871736266,0.233474976549117,0.11580801234818754
1.1665,35.868515,5.524495,-31.11552,34.313908,5.863198,-30.047523,0.726221,0.766477082003642,1.51612441497148,0.09714312016305414
1.1995,35.360737,5.327154,-31.007704,35.301498,5.63535,-31.071861,0.184614,0.194847573971312,0.220184046088442,0.09714312016305414
1.1665,35.868515,5.524495,-31.11552,34.313908,5.863198,-30.047523,0.726221,0.766477082003642,1.51612441497148,0.07210789834532545
1.1996,35.360737,5.327154,-31.007704,35.06316,4.983022,-30.664169,0.253049,0.267076081694057,0.290973031966557,0.07210789834532545
1.1665,35.868515,5.524495,-31.11552,34.313908,5.863198,-30.047523,0.726221,0.766477082003642,1.51612441497148,0.14551739218369023
1.1997,35.360737,5.327154,-31.007704,35.59634,5.567183,-31.436037,0.385724,0.407105558746955,0.230156999053893,0.14551739218369023
1.1665,35.868515,5.524495,-31.11552,34.313908,5.863198,-30.047523,0.726221,0.766477082003642,1.51612441497148,0.14383074584584496
1.1998,35.360737,5.327154,-31.007704,35.142853,5.302665,-30.778742,0.276786,0.292128877599877,0.208372798508014,0.14383074584584496
1.1665,35.868515,5.524495,-31.11552,34.313908,5.863198,-30.047523,0.726221,0.766477082003642,1.51612441497148,0.130819818094998
1.1999,35.360737,5.327154,-31.007704,35.498432,5.204914,-31.249998,0.371724,0.392329506900409,0.242686304202208,0.130819818094998
1.1665,35.868515,5.524495,-31.11552,34.313908,5.863198,-30.047523,0.726221,0.766477082003642,1.51612441497148,0.07187062992225314
1.2000,35.360737,5.327154,-31.007704,35.321259,4.834963,-30.821753,0.385724,0.407105558746955,0.313389038128588,0.07187062992225314
1.1665,35.868515,5.524495,-31.11552,34.313908,5.863198,-30.047523,0.726221,0.766477082003642,1.51612441497148,0.13173680019369882
1.2001,35.360737,5.327154,-31.007704,35.341003,5.008696,-30.733496,0.164544,0.173665048217013,0.153713695142309,0.13173680019369882
1.1665,35.868515,5.524495,-31.11552,34.313908,5.863198,-30.047523,0.726221,0.766477082003642,1.51612441497148,0.12988376639767166
1.2002,35.360737,5.327154,-31.007704,35.142853,5.095078,-30.755865,0.237785,0.250965963452222,0.206935063191979,0.12988376639767166
1.1665,35.868515,5.524495,-31.11552,34.313908,5.863198,-30.047523,0.726221,0.766477082003642,1.51612441497148,0.13084226305192356
1.2004,35.360737,5.327154,-31.007704,35.122952,5.093623,-30.776312,0.28089,0.296460371655464,0.223005595700211,0.13084226305192356
1.1665,35.868515,5.524495,-31.11552,34.313908,5.863198,-30.047523,0.726221,0.766477082003642,1.51612441497148,0.10455794445539643
1.2005,35.360737,5.327154,-31.007704,35.419838,5.613729,-31.150581,0.143094,0.151026025923554,0.173985168198072,0.10455794445539643
1.1665,35.868515,5.524495,-31.11552,34.313908,5.863198,-30.047523,0.726221,0.766477082003642,1.51612441497148,0.0797494035570051
1.2006,35.360737,5.327154,-31.007704,35.023216,5.395849,-30.815407,0.588445,0.621063844917226,0.316174743279402,0.0797494035570051
1.1665,35.868515,5.524495,-31.11552,34.313908,5.863198,-30.047523,0.726221,0.766477082003642,1.51612441497148,0.06885983577447558
1.2007,35.360737,5.327154,-31.007704,35.674397,5.292491,-31.342636,0.588445,0.621063844917226,0.327375700799314,0.06885983577447558
1.1665,35.868515,5.524495,-31.11552,34.313908,5.863198,-30.047523,0.726221,0.766477082003642,1.51612441497148,0.09286440253622884
1.2008,35.360737,5.327154,-31.007704,35.103035,5.334186,-30.812668,0.200054,0.211143448293504,0.238349463788901,0.09286440253622884
1.1665,35.868515,5.524495,-31.11552,34.313908,5.863198,-30.047523,0.726221,0.766477082003642,1.51612441497148,0.1331108436847091
1.2009,35.360737,5.327154,-31.007704,35.103035,5.371856,-30.968113,0.276786,0.292128877599877,0.21935740085213,0.1331108436847091
1.1665,35.868515,5.524495,-31.11552,34.313908,5.863198,-30.047523,0.726221,0.766477082003642,1.51612441497148,0.19155308440382154
1.2010,35.360737,5.327154,-31.007704,35.242119,5.381862,-30.824453,0.293552,0.309824255118391,0.166841241500813,0.19155308440382154
1.1665,35.868515,5.524495,-31.11552,34.313908,5.863198,-30.047523,0.726221,0.766477082003642,1.51612441497148,0.12843621604940927
1.2011,35.360737,5.327154,-31.007704,35.202457,5.063473,-30.604147,0.184614,0.194847573971312,0.177847992363845,0.12843621604940927
1.1665,35.868515,5.524495,-31.11552,34.313908,5.863198,-30.047523,0.726221,0.766477082003642,1.51612441497148,0.07460826508823176
1.2012,35.360737,5.327154,-31.007704,35.615875,5.037456,-31.028793,0.465797,0.491617187283279,0.317911947989872,0.07460826508823176
1.1665,35.868515,5.524495,-31.11552,34.313908,5.863198,-30.047523,0.726221,0.766477082003642,1.51612441497148,0.13594988813971504
1.2013,35.360737,5.327154,-31.007704,35.242119,5.630384,-31.101173,0.297907,0.314420662674942,0.221578124061398,0.13594988813971504
1.1665,35.868515,5.524495,-31.11552,34.313908,5.863198,-30.047523,0.726221,0.766477082003642,1.51612441497148,0.1424308741019585
1.2015,35.360737,5.327154,-31.007704,35.53764,5.307101,-30.925335,0.176713,0.186508603568486,0.149698490412162,0.1424308741019585
1.1665,35.868515,5.524495,-31.11552,34.313908,5.863198,-30.047523,0.726221,0.766477082003642,1.51612441497148,0.052426652712617455
1.2017,35.360737,5.327154,-31.007704,35.400154,5.857067,-31.220377,0.28089,0.296460371655464,0.328701096924942,0.052426652712617455
1.1665,35.868515,5.524495,-31.11552,34.313908,5.863198,-30.047523,0.726221,0.766477082003642,1.51612441497148,0.09904477976765581
1.2018,35.360737,5.327154,-31.007704,35.162735,5.135318,-30.988205,0.184614,0.194847573971312,0.216951625083602,0.09904477976765581
1.1665,35.868515,5.524495,-31.11552,34.313908,5.863198,-30.047523,0.726221,0.766477082003642,1.51612441497148,0.1526427939598636
1.2019,35.360737,5.327154,-31.007704,35.281719,5.208384,-30.591005,0.207649,0.219159456420255,0.164286745201952,0.1526427939598636
1.1665,35.868515,5.524495,-31.11552,34.313908,5.863198,-30.047523,0.726221,0.766477082003642,1.51612441497148,0.16096388251634852
1.2020,35.360737,5.327154,-31.007704,35.182606,5.205809,-30.953705,0.226477,0.239031135289311,0.164375906535473,0.16096388251634852
1.1665,35.868515,5.524495,-31.11552,34.313908,5.863198,-30.047523,0.726221,0.766477082003642,1.51612441497148,0.0862442985430367
1.2021,35.360737,5.327154,-31.007704,35.043198,5.468761,-30.910889,0.452233,0.477301303908525,0.305324299817112,0.0862442985430367
1.1665,35.868515,5.524495,-31.11552,34.313908,5.863198,-30.047523,0.726221,0.766477082003642,1.51612441497148,0.10727496067838009
1.2022,35.360737,5.327154,-31.007704,35.261925,5.04142,-31.069313,0.365214,0.385458642791764,0.265619133784504,0.10727496067838009
1.1665,35.868515,5.524495,-31.11552,34.313908,5.863198,-30.047523,0.726221,0.766477082003642,1.51612441497148,0.10679117081062195
1.2023,35.360737,5.327154,-31.007704,35.518044,5.269886,-30.887978,0.109168,0.115219430570272,0.134848839161313,0.10679117081062195
1.1665,35.868515,5.524495,-31.11552,34.313908,5.863198,-30.047523,0.726221,0.766477082003642,1.51612441497148,0.16770583462403463
1.2024,35.360737,5.327154,-31.007704,35.55722,5.382886,-31.152035,0.253049,0.267076081694057,0.16895020587026,0.16770583462403463
1.1665,35.868515,5.524495,-31.11552,34.313908,5.863198,-30.047523,0.726221,0.766477082003642,1.51612441497148,0.1399782695423752
1.2025,35.360737,5.327154,-31.007704,35.341003,5.678205,-31.252357,0.218958,0.231095340015441,0.181946853513322,0.1399782695423752
1.1665,35.868515,5.524495,-31.11552,34.313908,5.863198,-30.047523,0.726221,0.766477082003642,1.51612441497148,0.21215557576529886
1.2026,35.360737,5.327154,-31.007704,35.261925,5.315021,-30.850403,0.222717,0.235062709936238,0.110977796853077,0.21215557576529886
1.1665,35.868515,5.524495,-31.11552,34.313908,5.863198,-30.047523,0.726221,0.766477082003642,1.51612441497148,0.10524537292193743
1.2027,35.360737,5.327154,-31.007704,35.321259,5.790828,-31.645956,0.176713,0.186508603568486,0.201142493339995,0.10524537292193743
1.1665,35.868515,5.524495,-31.11552,34.313908,5.863198,-30.047523,0.726221,0.766477082003642,1.51612441497148,0.13108466069754424
1.2028,35.360737,5.327154,-31.007704,35.341003,4.902972,-30.592291,0.222717,0.235062709936238,0.195000029081179,0.13108466069754424
1.1665,35.868515,5.524495,-31.11552,34.313908,5.863198,-30.047523,0.726221,0.766477082003642,1.51612441497148,0.1995176315558682
7.119,35.53763914484171,5.136072695516108,-31.22238489725977,35.53763914484171,5.389201374050023,-31.666006519754795,0.249922,0.263775744970903,0.12432421690719,0.1995176315558682
1.1665,35.868515,5.524495,-31.11552,34.313908,5.863198,-30.047523,0.726221,0.766477082003642,1.51612441497148,0.08505681853338411
7.120,35.53763914484171,5.136072695516108,-31.22238489725977,35.57678662601249,5.757573776083436,-32.215479021282846,0.331793,0.350185040737233,0.281860416688556,0.08505681853338411
1.1665,35.868515,5.524495,-31.11552,34.313908,5.863198,-30.047523,0.726221,0.766477082003642,1.51612441497148,0.1484623386013935
7.124,35.53763914484171,5.136072695516108,-31.22238489725977,35.57678662601249,4.713825235012292,-30.61248442261443,0.271467,0.286515033330464,0.189278945125528,0.1484623386013935
1.1665,35.868515,5.524495,-31.11552,34.313908,5.863198,-30.047523,0.726221,0.766477082003642,1.51612441497148,0.1314931748275617
7.129,35.53763914484171,5.136072695516108,-31.22238489725977,35.47880617230244,5.44876270984973,-31.418462301950346,0.206832,0.218297168251782,0.175190100891137,0.1314931748275617
1.1665,35.868515,5.524495,-31.11552,34.313908,5.863198,-30.047523,0.726221,0.766477082003642,1.51612441497148,0.07043326384877606
7.130,35.53763914484171,5.136072695516108,-31.22238489725977,35.49843210107085,5.589296339391009,-31.369396357973066,0.293012,0.309254321690024,0.295320252165377,0.07043326384877606
1.1665,35.868515,5.524495,-31.11552,34.313908,5.863198,-30.047523,0.726221,0.766477082003642,1.51612441497148,0.23197542785270422
7.134,35.53763914484171,5.136072695516108,-31.22238489725977,35.49843210107085,5.028283215559898,-31.252502818445983,0.271467,0.286515033330464,0.103484024444721,0.23197542785270422
1.1665,35.868515,5.524495,-31.11552,34.313908,5.863198,-30.047523,0.726221,0.766477082003642,1.51612441497148,0.08817109412273778
7.135,35.53763914484171,5.136072695516108,-31.22238489725977,35.63539666124247,4.759132209290417,-31.12979434713058,0.323175,0.341089325393409,0.270184826397265,0.08817109412273778
1.1665,35.868515,5.524495,-31.11552,34.313908,5.863198,-30.047523,0.726221,0.766477082003642,1.51612441497148,0.17260048305158368
7.139,35.53763914484171,5.136072695516108,-31.22238489725977,35.713337000914514,5.258877121441769,-31.34049062523,0.25854,0.272871460314727,0.155962280424723,0.17260048305158368
1.1665,35.868515,5.524495,-31.11552,34.313908,5.863198,-30.047523,0.726221,0.766477082003642,1.51612441497148,0.1553351516335811
7.144,35.53763914484171,5.136072695516108,-31.22238489725977,35.321257195674356,5.115576660461696,-31.15657846473724,0.25854,0.272871460314727,0.180396434089877,0.1553351516335811
1.1665,35.868515,5.524495,-31.11552,34.313908,5.863198,-30.047523,0.726221,0.766477082003642,1.51612441497148,0.06965254922421885
7.167,35.53763914484171,5.389317492980577,-31.665985979461265,35.57678662601249,4.7139401146440445,-30.612463808610592,0.34472,0.36382861375297,0.307763519221066,0.06965254922421885
1.1665,35.868515,5.524495,-31.11552,34.313908,5.863198,-30.047523,0.726221,0.766477082003642,1.51612441497148,0.16257819063707932
7.168,35.53763914484171,5.389317492980577,-31.665985979461265,35.47880617230244,5.44887830606891,-31.418441762159453,0.284394,0.3001586063462,0.177449618254526,0.16257819063707932
1.1665,35.868515,5.524495,-31.11552,34.313908,5.863198,-30.047523,0.726221,0.766477082003642,1.51612441497148,0.19263275456782653
7.169,35.53763914484171,5.389317492980577,-31.665985979461265,35.49843210107085,5.028398836409432,-31.25248227961981,0.314557,0.331993610049585,0.15708454948348,0.19263275456782653
1.1665,35.868515,5.524495,-31.11552,34.313908,5.863198,-30.047523,0.726221,0.766477082003642,1.51612441497148,0.1483992031963949
7.170,35.53763914484171,5.389317492980577,-31.665985979461265,35.713337000914514,5.258993019988195,-31.340469984457908,0.271467,0.286515033330464,0.176750887991696,0.1483992031963949
1.1665,35.868515,5.524495,-31.11552,34.313908,5.863198,-30.047523,0.726221,0.766477082003642,1.51612441497148,0.13255939472457062
7.171,35.53763914484171,5.389317492980577,-31.665985979461265,35.321257195674356,5.115691835014618,-31.156557991453926,0.331793,0.350185040737233,0.229231886755082,0.13255939472457062
1.1665,35.868515,5.524495,-31.11552,34.313908,5.863198,-30.047523,0.726221,0.766477082003642,1.51612441497148,0.05004008396586497
7.192,35.57678662601249,5.757493504298966,-32.21535195242685,35.49843210107085,5.589217336923802,-31.369270908336766,0.417973,0.441142194175476,0.346809445930211,0.05004008396586497
1.1665,35.868515,5.524495,-31.11552,34.313908,5.863198,-30.047523,0.726221,0.766477082003642,1.51612441497148,0.05181176758470469
7.268,35.57678662601249,4.71352314487572,-30.612431580610743,35.47880617230244,5.448457594152717,-31.41840814956961,0.318866,0.336541467721497,0.332486062854699,0.05181176758470469
1.1665,35.868515,5.524495,-31.11552,34.313908,5.863198,-30.047523,0.726221,0.766477082003642,1.51612441497148,0.14004235114583222
7.269,35.57678662601249,4.71352314487572,-30.612431580610743,35.49843210107085,5.0279786838318685,-31.25244897966226,0.262849,0.277419317986639,0.195221050531716,0.14004235114583222
1.1665,35.868515,5.524495,-31.11552,34.313908,5.863198,-30.047523,0.726221,0.766477082003642,1.51612441497148,0.10118538993083237
7.330,35.47880617230244,5.448350517287453,-31.41834329612375,35.49843210107085,5.027872086482393,-31.252384370027286,0.340411,0.359280756081058,0.261624069264184,0.10118538993083237
1.1665,35.868515,5.524495,-31.11552,34.313908,5.863198,-30.047523,0.726221,0.766477082003642,1.51612441497148,0.11309873152019134
7.369,35.49843210107085,5.028233867454629,-31.252408518626783,35.713337000914514,5.258827348215339,-31.340395928068087,0.275776,0.291062891002376,0.229495887437343,0.11309873152019134
1.1665,35.868515,5.524495,-31.11552,34.313908,5.863198,-30.047523,0.726221,0.766477082003642,1.51612441497148,0.17208719723143856
7.370,35.49843210107085,5.028233867454629,-31.252408518626783,35.321257195674356,5.1155273497111855,-31.156484446515474,0.318866,0.336541467721497,0.185539781918373,0.17208719723143856
1.1665,35.868515,5.524495,-31.11552,34.313908,5.863198,-30.047523,0.726221,0.766477082003642,1.51612441497148,0.06063858797018524
7.400,35.713337000914514,5.258436145159973,-31.340476977190768,35.321257195674356,5.115138573765221,-31.156564847798997,0.396428,0.418402905815915,0.330347959850505,0.06063858797018524
1.1666,35.868515,5.524495,-31.11552,34.169621,5.444482,-30.075739,0.911914,0.962463467399413,1.4861091214318,0.07043783620323739
1.1978,35.360737,5.327154,-31.007704,35.43951,5.469648,-30.831221,0.331038,0.349388189369795,0.207737920448515,0.07043783620323739
1.1666,35.868515,5.524495,-31.11552,34.169621,5.444482,-30.075739,0.911914,0.962463467399413,1.4861091214318,0.0689322428400149
1.1979,35.360737,5.327154,-31.007704,35.459167,5.163983,-31.102339,0.30686,0.323869947830808,0.190544544836334,0.0689322428400149
1.1666,35.868515,5.524495,-31.11552,34.169621,5.444482,-30.075739,0.911914,0.962463467399413,1.4861091214318,0.05365826414559073
1.1981,35.360737,5.327154,-31.007704,35.380451,5.123019,-31.159771,0.316185,0.333711853792883,0.232251124730299,0.05365826414559073
1.1666,35.868515,5.524495,-31.11552,34.169621,5.444482,-30.075739,0.911914,0.962463467399413,1.4861091214318,0.07442511945420809
1.1983,35.360737,5.327154,-31.007704,35.576786,5.455075,-31.182528,0.316185,0.333711853792883,0.187135887467269,0.07442511945420809
1.1666,35.868515,5.524495,-31.11552,34.169621,5.444482,-30.075739,0.911914,0.962463467399413,1.4861091214318,0.07481578404526691
1.1985,35.360737,5.327154,-31.007704,35.518044,5.275861,-31.215029,0.325958,0.344026593414048,0.194455528247158,0.07481578404526691
1.1666,35.868515,5.524495,-31.11552,34.169621,5.444482,-30.075739,0.911914,0.962463467399413,1.4861091214318,0.09679361870699445
1.1986,35.360737,5.327154,-31.007704,35.635399,5.461259,-31.217964,0.481288,0.507966888651483,0.235559732487109,0.09679361870699445
1.1666,35.868515,5.524495,-31.11552,34.169621,5.444482,-30.075739,0.911914,0.962463467399413,1.4861091214318,0.08678799640752208
1.1990,35.360737,5.327154,-31.007704,35.400154,5.372988,-31.384466,0.325958,0.344026593414048,0.171985535398173,0.08678799640752208
1.1666,35.868515,5.524495,-31.11552,34.169621,5.444482,-30.075739,0.911914,0.962463467399413,1.4861091214318,0.06184416985982081
1.1992,35.360737,5.327154,-31.007704,35.380451,5.393758,-30.777336,0.264753,0.27942886103777,0.169085389280903,0.06184416985982081
1.1666,35.868515,5.524495,-31.11552,34.169621,5.444482,-30.075739,0.911914,0.962463467399413,1.4861091214318,0.07666892956007691
1.1997,35.360737,5.327154,-31.007704,35.59634,5.567183,-31.436037,0.385724,0.407105558746955,0.230156999053893,0.07666892956007691
1.1666,35.868515,5.524495,-31.11552,34.169621,5.444482,-30.075739,0.911914,0.962463467399413,1.4861091214318,0.052109390887275404
1.1998,35.360737,5.327154,-31.007704,35.142853,5.302665,-30.778742,0.276786,0.292128877599877,0.208372798508014,0.052109390887275404
1.1666,35.868515,5.524495,-31.11552,34.169621,5.444482,-30.075739,0.911914,0.962463467399413,1.4861091214318,0.06550907261623855
1.1999,35.360737,5.327154,-31.007704,35.498432,5.204914,-31.249998,0.371724,0.392329506900409,0.242686304202208,0.06550907261623855
1.1666,35.868515,5.524495,-31.11552,34.169621,5.444482,-30.075739,0.911914,0.962463467399413,1.4861091214318,0.054031463683622494
1.2006,35.360737,5.327154,-31.007704,35.023216,5.395849,-30.815407,0.588445,0.621063844917226,0.316174743279402,0.054031463683622494
1.1666,35.868515,5.524495,-31.11552,34.169621,5.444482,-30.075739,0.911914,0.962463467399413,1.4861091214318,0.07594883240216509
1.2010,35.360737,5.327154,-31.007704,35.242119,5.381862,-30.824453,0.293552,0.309824255118391,0.166841241500813,0.07594883240216509
1.1666,35.868515,5.524495,-31.11552,34.169621,5.444482,-30.075739,0.911914,0.962463467399413,1.4861091214318,0.052514487147684495
1.2013,35.360737,5.327154,-31.007704,35.242119,5.630384,-31.101173,0.297907,0.314420662674942,0.221578124061398,0.052514487147684495
1.1666,35.868515,5.524495,-31.11552,34.169621,5.444482,-30.075739,0.911914,0.962463467399413,1.4861091214318,0.0521427731350015
1.2022,35.360737,5.327154,-31.007704,35.261925,5.04142,-31.069313,0.365214,0.385458642791764,0.265619133784504,0.0521427731350015
1.1666,35.868515,5.524495,-31.11552,34.169621,5.444482,-30.075739,0.911914,0.962463467399413,1.4861091214318,0.05638653256514619
1.2024,35.360737,5.327154,-31.007704,35.55722,5.382886,-31.152035,0.253049,0.267076081694057,0.16895020587026,0.05638653256514619
1.1666,35.868515,5.524495,-31.11552,34.169621,5.444482,-30.075739,0.911914,0.962463467399413,1.4861091214318,0.06438315422265639
1.2026,35.360737,5.327154,-31.007704,35.261925,5.315021,-30.850403,0.222717,0.235062709936238,0.110977796853077,0.06438315422265639
1.1666,35.868515,5.524495,-31.11552,34.169621,5.444482,-30.075739,0.911914,0.962463467399413,1.4861091214318,0.06815713423686864
7.119,35.53763914484171,5.136072695516108,-31.22238489725977,35.53763914484171,5.389201374050023,-31.666006519754795,0.249922,0.263775744970903,0.12432421690719,0.06815713423686864
1.1666,35.868515,5.524495,-31.11552,34.169621,5.444482,-30.075739,0.911914,0.962463467399413,1.4861091214318,0.054543131368595246
7.124,35.53763914484171,5.136072695516108,-31.22238489725977,35.57678662601249,4.713825235012292,-30.61248442261443,0.271467,0.286515033330464,0.189278945125528,0.054543131368595246
1.1666,35.868515,5.524495,-31.11552,34.169621,5.444482,-30.075739,0.911914,0.962463467399413,1.4861091214318,0.08794757661888157
7.134,35.53763914484171,5.136072695516108,-31.22238489725977,35.49843210107085,5.028283215559898,-31.252502818445983,0.271467,0.286515033330464,0.103484024444721,0.08794757661888157
1.1666,35.868515,5.524495,-31.11552,34.169621,5.444482,-30.075739,0.911914,0.962463467399413,1.4861091214318,0.060236102662991196
7.139,35.53763914484171,5.136072695516108,-31.22238489725977,35.713337000914514,5.258877121441769,-31.34049062523,0.25854,0.272871460314727,0.155962280424723,0.060236102662991196
1.1666,35.868515,5.524495,-31.11552,34.169621,5.444482,-30.075739,0.911914,0.962463467399413,1.4861091214318,0.05363638905317316
7.144,35.53763914484171,5.136072695516108,-31.22238489725977,35.321257195674356,5.115576660461696,-31.15657846473724,0.25854,0.272871460314727,0.180396434089877,0.05363638905317316
1.1666,35.868515,5.524495,-31.11552,34.169621,5.444482,-30.075739,0.911914,0.962463467399413,1.4861091214318,0.061399671077503847
7.168,35.53763914484171,5.389317492980577,-31.665985979461265,35.47880617230244,5.44887830606891,-31.418441762159453,0.284394,0.3001586063462,0.177449618254526,0.061399671077503847
1.1666,35.868515,5.524495,-31.11552,34.169621,5.444482,-30.075739,0.911914,0.962463467399413,1.4861091214318,0.08456857228746706
7.169,35.53763914484171,5.389317492980577,-31.665985979461265,35.49843210107085,5.028398836409432,-31.25248227961981,0.314557,0.331993610049585,0.15708454948348,0.08456857228746706
1.1666,35.868515,5.524495,-31.11552,34.169621,5.444482,-30.075739,0.911914,0.962463467399413,1.4861091214318,0.05333745970345342
7.170,35.53763914484171,5.389317492980577,-31.665985979461265,35.713337000914514,5.258993019988195,-31.340469984457908,0.271467,0.286515033330464,0.176750887991696,0.05333745970345342
1.1666,35.868515,5.524495,-31.11552,34.169621,5.444482,-30.075739,0.911914,0.962463467399413,1.4861091214318,0.05908273372004971
7.171,35.53763914484171,5.389317492980577,-31.665985979461265,35.321257195674356,5.115691835014618,-31.156557991453926,0.331793,0.350185040737233,0.229231886755082,0.05908273372004971
1.1666,35.868515,5.524495,-31.11552,34.169621,5.444482,-30.075739,0.911914,0.962463467399413,1.4861091214318,0.07529813222020579
7.370,35.49843210107085,5.028233867454629,-31.252408518626783,35.321257195674356,5.1155273497111855,-31.156484446515474,0.318866,0.336541467721497,0.185539781918373,0.07529813222020579
1.1667,35.868515,5.524495,-31.11552,34.066051,5.060163,-29.898836,0.96142,1.01471369759335,1.53442231543998,0.06979611893372624
1.1978,35.360737,5.327154,-31.007704,35.43951,5.469648,-30.831221,0.331038,0.349388189369795,0.207737920448515,0.06979611893372624
1.1667,35.868515,5.524495,-31.11552,34.066051,5.060163,-29.898836,0.96142,1.01471369759335,1.53442231543998,0.06599234131035629
1.1979,35.360737,5.327154,-31.007704,35.459167,5.163983,-31.102339,0.30686,0.323869947830808,0.190544544836334,0.06599234131035629
1.1667,35.868515,5.524495,-31.11552,34.066051,5.060163,-29.898836,0.96142,1.01471369759335,1.53442231543998,0.05425149708245189
1.1981,35.360737,5.327154,-31.007704,35.380451,5.123019,-31.159771,0.316185,0.333711853792883,0.232251124730299,0.05425149708245189
1.1667,35.868515,5.524495,-31.11552,34.066051,5.060163,-29.898836,0.96142,1.01471369759335,1.53442231543998,0.07166073164531497
1.1983,35.360737,5.327154,-31.007704,35.576786,5.455075,-31.182528,0.316185,0.333711853792883,0.187135887467269,0.07166073164531497
1.1667,35.868515,5.524495,-31.11552,34.066051,5.060163,-29.898836,0.96142,1.01471369759335,1.53442231543998,0.07318460404561665
1.1985,35.360737,5.327154,-31.007704,35.518044,5.275861,-31.215029,0.325958,0.344026593414048,0.194455528247158,0.07318460404561665
1.1667,35.868515,5.524495,-31.11552,34.066051,5.060163,-29.898836,0.96142,1.01471369759335,1.53442231543998,0.1178150810340642
1.1986,35.360737,5.327154,-31.007704,35.635399,5.461259,-31.217964,0.481288,0.507966888651483,0.235559732487109,0.1178150810340642
1.1667,35.868515,5.524495,-31.11552,34.066051,5.060163,-29.898836,0.96142,1.01471369759335,1.53442231543998,0.08317853600019208
1.1990,35.360737,5.327154,-31.007704,35.400154,5.372988,-31.384466,0.325958,0.344026593414048,0.171985535398173,0.08317853600019208
1.1667,35.868515,5.524495,-31.11552,34.066051,5.060163,-29.898836,0.96142,1.01471369759335,1.53442231543998,0.05568488272515237
1.1992,35.360737,5.327154,-31.007704,35.380451,5.393758,-30.777336,0.264753,0.27942886103777,0.169085389280903,0.05568488272515237
1.1667,35.868515,5.524495,-31.11552,34.066051,5.060163,-29.898836,0.96142,1.01471369759335,1.53442231543998,0.08322889907533533
1.1997,35.360737,5.327154,-31.007704,35.59634,5.567183,-31.436037,0.385724,0.407105558746955,0.230156999053893,0.08322889907533533
1.1667,35.868515,5.524495,-31.11552,34.066051,5.060163,-29.898836,0.96142,1.01471369759335,1.53442231543998,0.050051023654451535
1.1998,35.360737,5.327154,-31.007704,35.142853,5.302665,-30.778742,0.276786,0.292128877599877,0.208372798508014,0.050051023654451535
1.1667,35.868515,5.524495,-31.11552,34.066051,5.060163,-29.898836,0.96142,1.01471369759335,1.53442231543998,0.07086139334083714
1.1999,35.360737,5.327154,-31.007704,35.498432,5.204914,-31.249998,0.371724,0.392329506900409,0.242686304202208,0.07086139334083714
1.1667,35.868515,5.524495,-31.11552,34.066051,5.060163,-29.898836,0.96142,1.01471369759335,1.53442231543998,0.08268351150947613
1.2006,35.360737,5.327154,-31.007704,35.023216,5.395849,-30.815407,0.588445,0.621063844917226,0.316174743279402,0.08268351150947613
1.1667,35.868515,5.524495,-31.11552,34.066051,5.060163,-29.898836,0.96142,1.01471369759335,1.53442231543998,0.07071044679542068
1.2007,35.360737,5.327154,-31.007704,35.674397,5.292491,-31.342636,0.588445,0.621063844917226,0.327375700799314,0.07071044679542068
1.1667,35.868515,5.524495,-31.11552,34.066051,5.060163,-29.898836,0.96142,1.01471369759335,1.53442231543998,0.07095513984433499
1.2010,35.360737,5.327154,-31.007704,35.242119,5.381862,-30.824453,0.293552,0.309824255118391,0.166841241500813,0.07095513984433499
1.1667,35.868515,5.524495,-31.11552,34.066051,5.060163,-29.898836,0.96142,1.01471369759335,1.53442231543998,0.059013698566769406
1.2012,35.360737,5.327154,-31.007704,35.615875,5.037456,-31.028793,0.465797,0.491617187283279,0.317911947989872,0.059013698566769406
1.1667,35.868515,5.524495,-31.11552,34.066051,5.060163,-29.898836,0.96142,1.01471369759335,1.53442231543998,0.050810200863398505
1.2013,35.360737,5.327154,-31.007704,35.242119,5.630384,-31.101173,0.297907,0.314420662674942,0.221578124061398,0.050810200863398505
1.1667,35.868515,5.524495,-31.11552,34.066051,5.060163,-29.898836,0.96142,1.01471369759335,1.53442231543998,0.0657984996472165
1.2021,35.360737,5.327154,-31.007704,35.043198,5.468761,-30.910889,0.452233,0.477301303908525,0.305324299817112,0.0657984996472165
1.1667,35.868515,5.524495,-31.11552,34.066051,5.060163,-29.898836,0.96142,1.01471369759335,1.53442231543998,0.058553355273457265
1.2022,35.360737,5.327154,-31.007704,35.261925,5.04142,-31.069313,0.365214,0.385458642791764,0.265619133784504,0.058553355273457265
1.1667,35.868515,5.524495,-31.11552,34.066051,5.060163,-29.898836,0.96142,1.01471369759335,1.53442231543998,0.05235932734170231
1.2026,35.360737,5.327154,-31.007704,35.261925,5.315021,-30.850403,0.222717,0.235062709936238,0.110977796853077,0.05235932734170231
1.1667,35.868515,5.524495,-31.11552,34.066051,5.060163,-29.898836,0.96142,1.01471369759335,1.53442231543998,0.05736482692356041
7.119,35.53763914484171,5.136072695516108,-31.22238489725977,35.53763914484171,5.389201374050023,-31.666006519754795,0.249922,0.263775744970903,0.12432421690719,0.05736482692356041
1.1667,35.868515,5.524495,-31.11552,34.066051,5.060163,-29.898836,0.96142,1.01471369759335,1.53442231543998,0.051572361129583966
7.124,35.53763914484171,5.136072695516108,-31.22238489725977,35.57678662601249,4.713825235012292,-30.61248442261443,0.271467,0.286515033330464,0.189278945125528,0.051572361129583966
1.1667,35.868515,5.524495,-31.11552,34.066051,5.060163,-29.898836,0.96142,1.01471369759335,1.53442231543998,0.07563869639534854
7.134,35.53763914484171,5.136072695516108,-31.22238489725977,35.49843210107085,5.028283215559898,-31.252502818445983,0.271467,0.286515033330464,0.103484024444721,0.07563869639534854
1.1667,35.868515,5.524495,-31.11552,34.066051,5.060163,-29.898836,0.96142,1.01471369759335,1.53442231543998,0.0524886613036768
7.139,35.53763914484171,5.136072695516108,-31.22238489725977,35.713337000914514,5.258877121441769,-31.34049062523,0.25854,0.272871460314727,0.155962280424723,0.0524886613036768
1.1667,35.868515,5.524495,-31.11552,34.066051,5.060163,-29.898836,0.96142,1.01471369759335,1.53442231543998,0.05488085124295426
7.168,35.53763914484171,5.389317492980577,-31.665985979461265,35.47880617230244,5.44887830606891,-31.418441762159453,0.284394,0.3001586063462,0.177449618254526,0.05488085124295426
1.1667,35.868515,5.524495,-31.11552,34.066051,5.060163,-29.898836,0.96142,1.01471369759335,1.53442231543998,0.07902387151267845
7.169,35.53763914484171,5.389317492980577,-31.665985979461265,35.49843210107085,5.028398836409432,-31.25248227961981,0.314557,0.331993610049585,0.15708454948348,0.07902387151267845
1.1667,35.868515,5.524495,-31.11552,34.066051,5.060163,-29.898836,0.96142,1.01471369759335,1.53442231543998,0.06055982184843497
7.171,35.53763914484171,5.389317492980577,-31.665985979461265,35.321257195674356,5.115691835014618,-31.156557991453926,0.331793,0.350185040737233,0.229231886755082,0.06055982184843497
1.1667,35.868515,5.524495,-31.11552,34.066051,5.060163,-29.898836,0.96142,1.01471369759335,1.53442231543998,0.07283541920384907
7.370,35.49843210107085,5.028233867454629,-31.252408518626783,35.321257195674356,5.1155273497111855,-31.156484446515474,0.318866,0.336541467721497,0.185539781918373,0.07283541920384907
1.1674,35.868515,5.524495,-31.11552,37.860371,5.514007,-32.047844,1.23507,1.3035327395796,1.75048578546924,0.052795521111267146
1.1986,35.360737,5.327154,-31.007704,35.635399,5.461259,-31.217964,0.481288,0.507966888651483,0.235559732487109,0.052795521111267146
1.1674,35.868515,5.524495,-31.11552,37.860371,5.514007,-32.047844,1.23507,1.3035327395796,1.75048578546924,0.07522261446851031
1.2006,35.360737,5.327154,-31.007704,35.023216,5.395849,-30.815407,0.588445,0.621063844917226,0.316174743279402,0.07522261446851031
1.1674,35.868515,5.524495,-31.11552,37.860371,5.514007,-32.047844,1.23507,1.3035327395796,1.75048578546924,0.0887030071749204
1.2007,35.360737,5.327154,-31.007704,35.674397,5.292491,-31.342636,0.588445,0.621063844917226,0.327375700799314,0.0887030071749204
1.1674,35.868515,5.524495,-31.11552,37.860371,5.514007,-32.047844,1.23507,1.3035327395796,1.75048578546924,0.09213646481977489
1.2016,35.360737,5.327154,-31.007704,35.654903,5.079054,-31.241846,0.654537,0.690819474820224,0.39067207087253,0.09213646481977489
1.1676,35.868515,5.524495,-31.11552,37.408195,3.923681,-30.886854,1.31565,1.38857947227923,1.74250089960921,0.05940096893885629
1.2016,35.360737,5.327154,-31.007704,35.654903,5.079054,-31.241846,0.654537,0.690819474820224,0.39067207087253,0.05940096893885629
1.1691,44.720165,37.766644,23.12565,43.730396,35.689289,21.568848,1.35877,1.43408971196659,1.28922916156338,0.47871391600274815
1.1705,44.720165,37.766644,23.12565,41.036758,36.816265,22.133057,1.68676,1.78026094376294,3.41544089851318,0.47871391600274815
1.1691,44.720165,37.766644,23.12565,43.730396,35.689289,21.568848,1.35877,1.43408971196659,1.28922916156338,0.07292403927975354
1.1719,44.720165,37.766644,23.12565,41.696815,38.757702,22.729319,1.82541,1.92659662865749,2.84900831347832,0.07292403927975354
1.1691,44.720165,37.766644,23.12565,43.730396,35.689289,21.568848,1.35877,1.43408971196659,1.28922916156338,0.1118786300997634
1.1726,44.720165,37.766644,23.12565,41.614643,38.204678,23.429976,1.68676,1.78026094376294,2.86581021342006,0.1118786300997634
1.1691,44.720165,37.766644,23.12565,43.730396,35.689289,21.568848,1.35877,1.43408971196659,1.28922916156338,0.05513945662815653
1.1734,44.720165,37.766644,23.12565,42.057941,36.92165,25.099762,1.68676,1.78026094376294,2.83060569225389,0.05513945662815653
1.1691,44.720165,37.766644,23.12565,43.730396,35.689289,21.568848,1.35877,1.43408971196659,1.28922916156338,0.18166713088678133
7.361,44.60351738852064,38.78155571208269,21.746543197241397,44.489974232848624,35.28218457991533,24.28917730304483,1.620184,1.70999448463896,2.70544683885885,0.18166713088678133
1.1691,44.720165,37.766644,23.12565,43.730396,35.689289,21.568848,1.35877,1.43408971196659,1.28922916156338,0.08172708075799345
7.417,45.90691825034913,37.77115311636092,23.52933956192629,43.10777397801501,35.99489637404085,22.457982490321005,2.055393,2.16932810950208,2.72332209281723,0.08172708075799345
1.1692,44.720165,37.766644,23.12565,48.579742,36.674446,22.534721,1.82541,1.92659662865749,3.770297917356,0.1325641794696338
1.1709,44.720165,37.766644,23.12565,46.36845,38.327873,22.667063,1.1276,1.19010543301186,1.63802743731882,0.1325641794696338
1.1692,44.720165,37.766644,23.12565,48.579742,36.674446,22.534721,1.82541,1.92659662865749,3.770297917356,0.24498529393039906
1.1718,44.720165,37.766644,23.12565,46.41523,38.82346,21.206083,1.68676,1.78026094376294,2.1574729351249,0.24498529393039906
1.1692,44.720165,37.766644,23.12565,48.579742,36.674446,22.534721,1.82541,1.92659662865749,3.770297917356,0.06675923263574714
1.1737,44.720165,37.766644,23.12565,46.421906,38.469749,25.540062,1.39874,1.47627533998848,2.05058606675771,0.06675923263574714
1.1692,44.720165,37.766644,23.12565,48.579742,36.674446,22.534721,1.82541,1.92659662865749,3.770297917356,0.18414589693096894
4.76,45.099937,36.750183,22.469835,46.181698,36.91983,22.239534,1.145622,1.20912643346747,1.05157489929332,0.18414589693096894
1.1692,44.720165,37.766644,23.12565,48.579742,36.674446,22.534721,1.82541,1.92659662865749,3.770297917356,0.1667679060287885
4.77,43.600025,37.299789,22.570135,44.974243,37.176563,22.39678,1.359844,1.43522324622967,1.29024390106441,0.1667679060287885
1.1692,44.720165,37.766644,23.12565,48.579742,36.674446,22.534721,1.82541,1.92659662865749,3.770297917356,0.07225292956495458
4.106,43.86005,36.959896,22.410271,44.775291,36.950111,22.187439,1.229448,1.29759909933094,0.867505507831591,0.07225292956495458
1.1692,44.720165,37.766644,23.12565,48.579742,36.674446,22.534721,1.82541,1.92659662865749,3.770297917356,0.35857301760314614
4.107,43.990017,37.080006,23.210077,45.608574,36.694283,22.471897,1.341216,1.41556265381557,1.57250682058097,0.35857301760314614
1.1692,44.720165,37.766644,23.12565,48.579742,36.674446,22.534721,1.82541,1.92659662865749,3.770297917356,0.8063498251719267
4.108,44.859974,36.539989,21.909847,46.673664,36.923515,22.141479,1.555438,1.64165946657778,1.74457849624982,0.8063498251719267
1.1692,44.720165,37.766644,23.12565,48.579742,36.674446,22.534721,1.82541,1.92659662865749,3.770297917356,0.09756082430248447
5.3,44.880054,37.119598,22.940094,46.212364,37.041267,22.777866,1.070955,1.13032047180846,1.2749658582207,0.09756082430248447
1.1692,44.720165,37.766644,23.12565,48.579742,36.674446,22.534721,1.82541,1.92659662865749,3.770297917356,0.35375166498782357
5.4,44.759933,37.080364,22.879847,46.325886,37.092598,22.812387,1.237548,1.30614810075644,1.49599526230479,0.35375166498782357
1.1692,44.720165,37.766644,23.12565,48.579742,36.674446,22.534721,1.82541,1.92659662865749,3.770297917356,0.7958207551763575
5.5,44.699978,37.049923,22.97002,46.376072,37.150539,22.73093,1.594533,1.68292159135926,1.6093969416557,0.7958207551763575
1.1692,44.720165,37.766644,23.12565,48.579742,36.674446,22.534721,1.82541,1.92659662865749,3.770297917356,0.055470775496885755
5.10,44.489975,35.940083,22.349972,44.418793,38.393051,22.841824,1.308945,1.381502798877,0.978364339257622,0.055470775496885755
1.1692,44.720165,37.766644,23.12565,48.579742,36.674446,22.534721,1.82541,1.92659662865749,3.770297917356,0.29133120959918735
5.30,45.350056,36.019573,23.100149,44.32386,37.201443,23.160089,1.42794,1.50709396241128,1.10060055129705,0.29133120959918735
1.1692,44.720165,37.766644,23.12565,48.579742,36.674446,22.534721,1.82541,1.92659662865749,3.770297917356,0.32269479178642535
5.31,45.229973,36.590229,23.069777,43.780373,37.969959,23.060562,1.800791,1.90061294148533,1.49856678092753,0.32269479178642535
1.1692,44.720165,37.766644,23.12565,48.579742,36.674446,22.534721,1.82541,1.92659662865749,3.770297917356,0.06886960590769776
5.34,43.759983,37.000278,22.37995,44.56496,37.031937,23.284607,1.340677,1.41499377581948,0.91776648364448,0.06886960590769776
1.1692,44.720165,37.766644,23.12565,48.579742,36.674446,22.534721,1.82541,1.92659662865749,3.770297917356,0.1861103840886766
5.35,43.370056,37.029957,22.269957,44.965286,36.990047,23.413904,1.800791,1.90061294148533,1.64083021643964,0.1861103840886766
1.1692,44.720165,37.766644,23.12565,48.579742,36.674446,22.534721,1.82541,1.92659662865749,3.770297917356,0.20720854882612558
5.38,45.259933,37.10017,22.099951,44.173214,37.137138,23.219437,1.308945,1.381502798877,1.21400281575858,0.20720854882612558
1.1692,44.720165,37.766644,23.12565,48.579742,36.674446,22.534721,1.82541,1.92659662865749,3.770297917356,0.08937670013614726
5.42,43.86005,36.959896,22.410271,44.775291,36.950111,22.187439,1.26928,1.33963907769891,0.867505507831591,0.08937670013614726
1.1692,44.720165,37.766644,23.12565,48.579742,36.674446,22.534721,1.82541,1.92659662865749,3.770297917356,0.19185126785286843
7.113,44.57517149224873,36.95897623838063,23.023442749720434,45.90691825034913,37.77152031503201,23.52961375158339,1.219447,1.28704372115113,1.30608321910391,0.19185126785286843
1.1692,44.720165,37.766644,23.12565,48.579742,36.674446,22.534721,1.82541,1.92659662865749,3.770297917356,0.11864323990887606
7.253,44.57517149224873,39.72815094261306,25.632041471795464,45.90691825034913,37.77118266900642,23.52934789961808,1.301318,1.37345301691746,1.62738437233363,0.11864323990887606
1.1692,44.720165,37.766644,23.12565,48.579742,36.674446,22.534721,1.82541,1.92659662865749,3.770297917356,0.1343122643132586
7.352,44.518399976803536,38.519666028744126,21.880905505662586,45.67525911468617,37.772687778959316,23.457194431691097,1.197902,1.26430443279157,1.57811105565571,0.1343122643132586
1.1692,44.720165,37.766644,23.12565,48.579742,36.674446,22.534721,1.82541,1.92659662865749,3.770297917356,0.09183918112881499
7.382,44.34744313390436,36.02371776774294,23.780033708416347,45.455625795399975,37.53417018065136,23.294493932593664,1.167739,1.23246942908818,1.36831160428229,0.09183918112881499
1.1692,44.720165,37.766644,23.12565,48.579742,36.674446,22.534721,1.82541,1.92659662865749,3.770297917356,0.2668835463739503
7.391,44.489974232848624,35.2820224543286,24.289254737085773,45.90691825034913,37.77121063361816,23.529440807682743,1.628802,1.71909019998278,1.97374457695559,0.2668835463739503
1.1692,44.720165,37.766644,23.12565,48.579742,36.674446,22.534721,1.82541,1.92659662865749,3.770297917356,0.26074828012885176
7.409,45.455625795399975,37.53390571428322,23.29452102077022,43.69756372940281,36.53766737160819,22.597154837595767,1.391807,1.46895802802761,1.70500293459707,0.26074828012885176
1.1692,44.720165,37.766644,23.12565,48.579742,36.674446,22.534721,1.82541,1.92659662865749,3.770297917356,0.20688032457746305
7.413,45.67525911468617,37.772741228500664,23.45706086477872,43.43360642568766,36.17325707994268,22.566664899868705,1.732218,1.82823878410867,2.19823030545429,0.20688032457746305
1.1693,44.720165,37.766644,23.12565,45.151043,35.480148,23.348991,1.0134,1.06957506723503,1.19385939335222,0.1970509399768335
7.361,44.60351738852064,38.78155571208269,21.746543197241397,44.489974232848624,35.28218457991533,24.28917730304483,1.620184,1.70999448463896,2.70544683885885,0.1970509399768335
1.1695,44.720165,37.766644,23.12565,46.401871,37.355133,23.587177,0.983115,1.03761130079412,1.65587995724515,0.0565162195864248
1.1713,44.720165,37.766644,23.12565,47.835133,38.069309,22.399614,1.68676,1.78026094376294,3.05054135781852,0.0565162195864248
1.1695,44.720165,37.766644,23.12565,46.401871,37.355133,23.587177,0.983115,1.03761130079412,1.65587995724515,0.055711542317229724
1.1782,44.730747,37.294174,23.309671,44.376003,37.268784,22.72851,0.61297,0.646948321455552,0.472998084050771,0.055711542317229724
1.1695,44.720165,37.766644,23.12565,46.401871,37.355133,23.587177,0.983115,1.03761130079412,1.65587995724515,0.11534603489362083
1.1783,44.730747,37.294174,23.309671,44.603519,37.491535,22.87644,0.450867,0.475859583421212,0.333623050542238,0.11534603489362083
1.1695,44.720165,37.766644,23.12565,46.401871,37.355133,23.587177,0.983115,1.03761130079412,1.65587995724515,0.09954734142178623
1.1784,44.730747,37.294174,23.309671,45.011585,36.774563,22.939335,0.427907,0.451626858392875,0.342573225872204,0.09954734142178623
1.1695,44.720165,37.766644,23.12565,46.401871,37.355133,23.587177,0.983115,1.03761130079412,1.65587995724515,0.15907277269407985
1.1787,44.730747,37.294174,23.309671,44.489975,36.890717,23.295794,0.486312,0.513269380399844,0.288467514487488,0.15907277269407985
1.1695,44.720165,37.766644,23.12565,46.401871,37.355133,23.587177,0.983115,1.03761130079412,1.65587995724515,0.09786582351083885
1.1789,44.730747,37.294174,23.309671,44.94162,37.722893,23.342882,0.352883,0.372444107411781,0.270334870358845,0.09786582351083885
1.1695,44.720165,37.766644,23.12565,46.401871,37.355133,23.587177,0.983115,1.03761130079412,1.65587995724515,0.0840534749473672
1.1791,44.730747,37.294174,23.309671,44.546799,36.978462,23.403906,0.32077,0.338551010772627,0.249309631330254,0.0840534749473672
1.1695,44.720165,37.766644,23.12565,46.401871,37.355133,23.587177,0.983115,1.03761130079412,1.65587995724515,0.06429674980040027
1.1792,44.730747,37.294174,23.309671,45.151043,37.712601,23.178165,0.61297,0.646948321455552,0.463842846469114,0.06429674980040027
1.1695,44.720165,37.766644,23.12565,46.401871,37.355133,23.587177,0.983115,1.03761130079412,1.65587995724515,0.05656316018453154
1.1794,44.730747,37.294174,23.309671,44.787125,37.338734,23.064131,0.224939,0.23740788045074,0.164670824887586,0.05656316018453154
1.1695,44.720165,37.766644,23.12565,46.401871,37.355133,23.587177,0.983115,1.03761130079412,1.65587995724515,0.08917329397119886
1.1795,44.730747,37.294174,23.309671,45.081394,37.36092,23.239214,0.394149,0.415997575661752,0.337533464344028,0.08917329397119886
1.1695,44.720165,37.766644,23.12565,46.401871,37.355133,23.587177,0.983115,1.03761130079412,1.65587995724515,0.0892072827977217
1.1797,44.730747,37.294174,23.309671,44.603519,37.597664,23.048445,0.347371,0.366626564713341,0.281276520035603,0.0892072827977217
1.1695,44.720165,37.766644,23.12565,46.401871,37.355133,23.587177,0.983115,1.03761130079412,1.65587995724515,0.0814388851407716
1.1800,44.730747,37.294174,23.309671,44.773037,37.928432,22.963015,0.592439,0.625279241422591,0.431282795267478,0.0814388851407716
1.1695,44.720165,37.766644,23.12565,46.401871,37.355133,23.587177,0.983115,1.03761130079412,1.65587995724515,0.11495242868887376
1.1801,44.730747,37.294174,23.309671,45.025562,37.69384,23.636393,0.435288,0.45941700401283,0.329915060109301,0.11495242868887376
1.1695,44.720165,37.766644,23.12565,46.401871,37.355133,23.587177,0.983115,1.03761130079412,1.65587995724515,0.1263562343194802
1.1802,44.730747,37.294174,23.309671,45.05349,37.500896,23.39403,0.435288,0.45941700401283,0.314957097905854,0.1263562343194802
1.1695,44.720165,37.766644,23.12565,46.401871,37.355133,23.587177,0.983115,1.03761130079412,1.65587995724515,0.06184419367337118
1.1804,44.730747,37.294174,23.309671,44.560989,37.502556,23.346313,0.240234,0.253550717093093,0.180648487798529,0.06184419367337118
1.1695,44.720165,37.766644,23.12565,46.401871,37.355133,23.587177,0.983115,1.03761130079412,1.65587995724515,0.1185692095069727
1.1805,44.730747,37.294174,23.309671,44.913589,36.640297,23.255075,0.450867,0.475859583421212,0.329480305845096,0.1185692095069727
1.1695,44.720165,37.766644,23.12565,46.401871,37.355133,23.587177,0.983115,1.03761130079412,1.65587995724515,0.05434045264467286
1.1806,44.730747,37.294174,23.309671,44.575172,37.251137,22.78834,0.315602,0.333096536776702,0.330333113857178,0.05434045264467286
1.1695,44.720165,37.766644,23.12565,46.401871,37.355133,23.587177,0.983115,1.03761130079412,1.65587995724515,0.10042822897315593
1.1807,44.730747,37.294174,23.309671,45.164955,37.560791,23.476326,0.666092,0.703014994754998,0.424197352508652,0.10042822897315593
1.1695,44.720165,37.766644,23.12565,46.401871,37.355133,23.587177,0.983115,1.03761130079412,1.65587995724515,0.0912262543828619
1.1808,44.730747,37.294174,23.309671,44.730747,36.646122,23.091211,0.331243,0.349604552986119,0.248330452818635,0.0912262543828619
1.1695,44.720165,37.766644,23.12565,46.401871,37.355133,23.587177,0.983115,1.03761130079412,1.65587995724515,0.05732860419347771
1.1809,44.730747,37.294174,23.309671,44.815273,37.23576,23.075098,0.21977,0.23195235102254,0.148456919454512,0.05732860419347771
1.1695,44.720165,37.766644,23.12565,46.401871,37.355133,23.587177,0.983115,1.03761130079412,1.65587995724515,0.06465092821104973
1.1810,44.730747,37.294174,23.309671,44.899563,37.791309,23.44515,0.280239,0.2957732852446,0.249452780506147,0.06465092821104973
1.1695,44.720165,37.766644,23.12565,46.401871,37.355133,23.587177,0.983115,1.03761130079412,1.65587995724515,0.06364140536650088
1.1812,44.730747,37.294174,23.309671,44.716637,36.836079,23.054127,0.245277,0.258873262054674,0.178150767381663,0.06364140536650088
1.1695,44.720165,37.766644,23.12565,46.401871,37.355133,23.587177,0.983115,1.03761130079412,1.65587995724515,0.10918943796355006
1.1814,44.730747,37.294174,23.309671,45.081394,37.738724,23.388609,0.507032,0.535137937132733,0.376720984237306,0.10918943796355006
1.1695,44.720165,37.766644,23.12565,46.401871,37.355133,23.587177,0.983115,1.03761130079412,1.65587995724515,0.06960004163881117
1.1817,44.730747,37.294174,23.309671,44.857445,37.013508,22.903728,0.280239,0.2957732852446,0.233065392110359,0.06960004163881117
1.1695,44.720165,37.766644,23.12565,46.401871,37.355133,23.587177,0.983115,1.03761130079412,1.65587995724515,0.10135438422605586
1.1818,44.730747,37.294174,23.309671,44.955627,37.489159,23.577671,0.336557,0.355213120094158,0.249691368446677,0.10135438422605586
1.1695,44.720165,37.766644,23.12565,46.401871,37.355133,23.587177,0.983115,1.03761130079412,1.65587995724515,0.0681152723536569
1.1819,44.730747,37.294174,23.309671,44.969627,37.100601,23.417488,0.290241,0.306329718856683,0.26203710539273,0.0681152723536569
1.1695,44.720165,37.766644,23.12565,46.401871,37.355133,23.587177,0.983115,1.03761130079412,1.65587995724515,0.11490364517227207
1.1822,44.730747,37.294174,23.309671,45.05349,37.210979,23.173771,0.413835,0.436774815422546,0.312429740788317,0.11490364517227207
1.1695,44.720165,37.766644,23.12565,46.401871,37.355133,23.587177,0.983115,1.03761130079412,1.65587995724515,0.07092276474140707
1.1824,44.730747,37.294174,23.309671,44.899563,37.646828,23.888857,0.347371,0.366626564713341,0.325575482725103,0.07092276474140707
1.1695,44.720165,37.766644,23.12565,46.401871,37.355133,23.587177,0.983115,1.03761130079412,1.65587995724515,0.07650103149980982
5.28,45.700008,35.510201,22.999979,45.356415,36.039078,23.095837,0.507712,0.535855631079565,0.394683504411937,0.07650103149980982
1.1695,44.720165,37.766644,23.12565,46.401871,37.355133,23.587177,0.983115,1.03761130079412,1.65587995724515,0.06482353130344509
5.32,43.95993,37.0205,22.63007,44.376717,37.008488,23.037443,0.936094,0.987983819802948,0.459220089571616,0.06482353130344509
1.1695,44.720165,37.766644,23.12565,46.401871,37.355133,23.587177,0.983115,1.03761130079412,1.65587995724515,0.0818575744394791
7.94,44.57517149224873,36.95897623838063,23.023442749720434,44.475751336901624,36.45871619301294,22.474479602908517,0.379192,0.400211475128267,0.292792033719823,0.0818575744394791
1.1695,44.720165,37.766644,23.12565,46.401871,37.355133,23.587177,0.983115,1.03761130079412,1.65587995724515,0.11234185213384747
7.109,44.57517149224873,36.95897623838063,23.023442749720434,44.82933602774889,37.201465820408956,23.049247291811515,0.366265,0.38656790211253,0.26045502093204,0.11234185213384747
1.1695,44.720165,37.766644,23.12565,46.401871,37.355133,23.587177,0.983115,1.03761130079412,1.65587995724515,0.0542575472612964
7.110,44.57517149224873,36.95897623838063,23.023442749720434,45.06744545788468,37.23859941259777,23.19484369018282,0.60326,0.636700074067697,0.477933852059694,0.0542575472612964
1.1695,44.720165,37.766644,23.12565,46.401871,37.355133,23.587177,0.983115,1.03761130079412,1.65587995724515,0.05504478199771049
7.114,44.57517149224873,36.95897623838063,23.023442749720434,44.29024173172684,36.64180871495354,22.806750108029327,0.318866,0.336541467721497,0.297709503441902,0.05504478199771049
1.1695,44.720165,37.766644,23.12565,46.401871,37.355133,23.587177,0.983115,1.03761130079412,1.65587995724515,0.08156270376632506
7.164,44.56098859042097,37.53320552085226,23.417183948554566,44.475751336901624,36.687403116426154,23.18895704965158,0.405046,0.427498621159739,0.339004365236093,0.08156270376632506
1.1695,44.720165,37.766644,23.12565,46.401871,37.355133,23.587177,0.983115,1.03761130079412,1.65587995724515,0.06600106958129913
7.165,44.56098859042097,37.53320552085226,23.417183948554566,44.82933602774889,37.20129739375177,23.049264915723487,0.327484,0.345637183065321,0.31251708202167,0.06600106958129913
1.1695,44.720165,37.766644,23.12565,46.401871,37.355133,23.587177,0.983115,1.03761130079412,1.65587995724515,0.055715333058672885
7.166,44.56098859042097,37.53320552085226,23.417183948554566,44.29024173172684,36.641641881767995,22.806767579449794,0.564479,0.595769355020488,0.445237031348623,0.055715333058672885
1.1695,44.720165,37.766644,23.12565,46.401871,37.355133,23.587177,0.983115,1.03761130079412,1.65587995724515,0.07019989720864206
7.266,44.475751336901624,36.458564998938456,22.47446457088208,44.361726552930975,37.41547487911956,22.66042129014627,0.499844,0.527551489941806,0.398192121789233,0.07019989720864206
1.1695,44.720165,37.766644,23.12565,46.401871,37.355133,23.587177,0.983115,1.03761130079412,1.65587995724515,0.05020970476439613
7.367,44.475751336901624,36.68736990050031,23.188884310341372,44.82933602774889,37.201264034612215,23.04919192521333,0.465372,0.491168628566509,0.439116000170454,0.05020970476439613
1.1695,44.720165,37.766644,23.12565,46.401871,37.355133,23.587177,0.983115,1.03761130079412,1.65587995724515,0.05267348584056721
7.368,44.475751336901624,36.68736990050031,23.188884310341372,44.29024173172684,36.641608725730414,22.80669535558487,0.284394,0.3001586063462,0.276285580573627,0.05267348584056721
1.1697,44.720165,37.766644,23.12565,43.624477,37.621201,22.009541,1.45565,1.53633999074469,1.19965295589464,0.6294574422243819
1.1705,44.720165,37.766644,23.12565,41.036758,36.816265,22.133057,1.68676,1.78026094376294,3.41544089851318,0.6294574422243819
1.1697,44.720165,37.766644,23.12565,43.624477,37.621201,22.009541,1.45565,1.53633999074469,1.19965295589464,0.06636084228156884
1.1713,44.720165,37.766644,23.12565,47.835133,38.069309,22.399614,1.68676,1.78026094376294,3.05054135781852,0.06636084228156884
1.1697,44.720165,37.766644,23.12565,43.624477,37.621201,22.009541,1.45565,1.53633999074469,1.19965295589464,0.5162865821489696
1.1719,44.720165,37.766644,23.12565,41.696815,38.757702,22.729319,1.82541,1.92659662865749,2.84900831347832,0.5162865821489696
1.1697,44.720165,37.766644,23.12565,43.624477,37.621201,22.009541,1.45565,1.53633999074469,1.19965295589464,0.5465933461854318
1.1726,44.720165,37.766644,23.12565,41.614643,38.204678,23.429976,1.68676,1.78026094376294,2.86581021342006,0.5465933461854318
1.1697,44.720165,37.766644,23.12565,43.624477,37.621201,22.009541,1.45565,1.53633999074469,1.19965295589464,0.19415027650589778
1.1734,44.720165,37.766644,23.12565,42.057941,36.92165,25.099762,1.68676,1.78026094376294,2.83060569225389,0.19415027650589778
1.1697,44.720165,37.766644,23.12565,43.624477,37.621201,22.009541,1.45565,1.53633999074469,1.19965295589464,0.3035022935400059
7.361,44.60351738852064,38.78155571208269,21.746543197241397,44.489974232848624,35.28218457991533,24.28917730304483,1.620184,1.70999448463896,2.70544683885885,0.3035022935400059
1.1697,44.720165,37.766644,23.12565,43.624477,37.621201,22.009541,1.45565,1.53633999074469,1.19965295589464,0.21141609007198295
7.417,45.90691825034913,37.77115311636092,23.52933956192629,43.10777397801501,35.99489637404085,22.457982490321005,2.055393,2.16932810950208,2.72332209281723,0.21141609007198295
1.1699,44.720165,37.766644,23.12565,45.043018000000004,39.622589,22.522366,1.17392,1.23899305597844,1.08585340272686,0.25768817667775673
1.1713,44.720165,37.766644,23.12565,47.835133,38.069309,22.399614,1.68676,1.78026094376294,3.05054135781852,0.25768817667775673
1.1699,44.720165,37.766644,23.12565,45.043018000000004,39.622589,22.522366,1.17392,1.23899305597844,1.08585340272686,0.0800204882459768
1.1719,44.720165,37.766644,23.12565,41.696815,38.757702,22.729319,1.82541,1.92659662865749,2.84900831347832,0.0800204882459768
1.1699,44.720165,37.766644,23.12565,45.043018000000004,39.622589,22.522366,1.17392,1.23899305597844,1.08585340272686,0.10008222475360726
1.1726,44.720165,37.766644,23.12565,41.614643,38.204678,23.429976,1.68676,1.78026094376294,2.86581021342006,0.10008222475360726
1.1699,44.720165,37.766644,23.12565,45.043018000000004,39.622589,22.522366,1.17392,1.23899305597844,1.08585340272686,0.07740838332951229
7.351,44.518399976803536,38.519666028744126,21.880905505662586,44.518399976803536,35.472383338272905,24.026531908961612,1.409043,1.48714945871526,2.31925786195933,0.07740838332951229
1.1699,44.720165,37.766644,23.12565,45.043018000000004,39.622589,22.522366,1.17392,1.23899305597844,1.08585340272686,0.33502939224254247
7.361,44.60351738852064,38.78155571208269,21.746543197241397,44.489974232848624,35.28218457991533,24.28917730304483,1.620184,1.70999448463896,2.70544683885885,0.33502939224254247
1.1700,44.720165,37.766644,23.12565,43.367249,38.831387,21.785275,1.35877,1.43408971196659,1.67902841734789,0.36242714411450705
1.1705,44.720165,37.766644,23.12565,41.036758,36.816265,22.133057,1.68676,1.78026094376294,3.41544089851318,0.36242714411450705
1.1700,44.720165,37.766644,23.12565,43.367249,38.831387,21.785275,1.35877,1.43408971196659,1.67902841734789,0.06682837098015076
5.32,43.95993,37.0205,22.63007,44.376717,37.008488,23.037443,0.936094,0.987983819802948,0.459220089571616,0.06682837098015076
1.1701,44.720165,37.766644,23.12565,44.62122,36.728287,19.940037,1.39874,1.47627533998848,1.69930536667417,0.06434983956752685
1.1705,44.720165,37.766644,23.12565,41.036758,36.816265,22.133057,1.68676,1.78026094376294,3.41544089851318,0.06434983956752685
1.1701,44.720165,37.766644,23.12565,44.62122,36.728287,19.940037,1.39874,1.47627533998848,1.69930536667417,0.051332349644676235
5.32,43.95993,37.0205,22.63007,44.376717,37.008488,23.037443,0.936094,0.987983819802948,0.459220089571616,0.051332349644676235
1.1702,44.720165,37.766644,23.12565,45.137123,38.363461,22.080996,0.719572,0.759459512808807,0.878910890697577,0.06549185085904478
7.351,44.518399976803536,38.519666028744126,21.880905505662586,44.518399976803536,35.472383338272905,24.026531908961612,1.409043,1.48714945871526,2.31925786195933,0.06549185085904478
1.1703,44.720165,37.766644,23.12565,43.092876,38.027527,22.565903,1.00598,1.06174375975636,1.5681054444156,0.17611545644976973
1.1705,44.720165,37.766644,23.12565,41.036758,36.816265,22.133057,1.68676,1.78026094376294,3.41544089851318,0.17611545644976973
1.1703,44.720165,37.766644,23.12565,43.092876,38.027527,22.565903,1.00598,1.06174375975636,1.5681054444156,0.055851970749647525
1.1783,44.730747,37.294174,23.309671,44.603519,37.491535,22.87644,0.450867,0.475859583421212,0.333623050542238,0.055851970749647525
1.1703,44.720165,37.766644,23.12565,43.092876,38.027527,22.565903,1.00598,1.06174375975636,1.5681054444156,0.08624836218221263
1.1787,44.730747,37.294174,23.309671,44.489975,36.890717,23.295794,0.486312,0.513269380399844,0.288467514487488,0.08624836218221263
1.1703,44.720165,37.766644,23.12565,43.092876,38.027527,22.565903,1.00598,1.06174375975636,1.5681054444156,0.056306268656981476
1.1802,44.730747,37.294174,23.309671,45.05349,37.500896,23.39403,0.435288,0.45941700401283,0.314957097905854,0.056306268656981476
1.1703,44.720165,37.766644,23.12565,43.092876,38.027527,22.565903,1.00598,1.06174375975636,1.5681054444156,0.05108191826288698
1.1822,44.730747,37.294174,23.309671,45.05349,37.210979,23.173771,0.413835,0.436774815422546,0.312429740788317,0.05108191826288698
1.1703,44.720165,37.766644,23.12565,43.092876,38.027527,22.565903,1.00598,1.06174375975636,1.5681054444156,0.0563225982870215
7.109,44.57517149224873,36.95897623838063,23.023442749720434,44.82933602774889,37.201465820408956,23.049247291811515,0.366265,0.38656790211253,0.26045502093204,0.0563225982870215
1.1704,44.720165,37.766644,23.12565,43.315536,39.345013,24.183273,1.35877,1.43408971196659,1.45309294742713,0.12250748870254256
1.1705,44.720165,37.766644,23.12565,41.036758,36.816265,22.133057,1.68676,1.78026094376294,3.41544089851318,0.12250748870254256
1.1704,44.720165,37.766644,23.12565,43.315536,39.345013,24.183273,1.35877,1.43408971196659,1.45309294742713,0.18455140297533223
1.1719,44.720165,37.766644,23.12565,41.696815,38.757702,22.729319,1.82541,1.92659662865749,2.84900831347832,0.18455140297533223
1.1704,44.720165,37.766644,23.12565,43.315536,39.345013,24.183273,1.35877,1.43408971196659,1.45309294742713,0.26240805355969804
1.1726,44.720165,37.766644,23.12565,41.614643,38.204678,23.429976,1.68676,1.78026094376294,2.86581021342006,0.26240805355969804
1.1704,44.720165,37.766644,23.12565,43.315536,39.345013,24.183273,1.35877,1.43408971196659,1.45309294742713,0.14848613803288113
1.1734,44.720165,37.766644,23.12565,42.057941,36.92165,25.099762,1.68676,1.78026094376294,2.83060569225389,0.14848613803288113
1.1705,44.720165,37.766644,23.12565,41.036758,36.816265,22.133057,1.68676,1.78026094376294,3.41544089851318,0.27164374764478183
1.1711,44.720165,37.766644,23.12565,43.959206,34.881966,22.462944,1.45007,1.53045067865157,1.35756516042183,0.27164374764478183
1.1705,44.720165,37.766644,23.12565,41.036758,36.816265,22.133057,1.68676,1.78026094376294,3.41544089851318,0.6383779721845624
1.1720,44.720165,37.766644,23.12565,43.00708,36.30534,23.155594,1.55978,1.64624215351476,1.72999649127773,0.6383779721845624
1.1705,44.720165,37.766644,23.12565,41.036758,36.816265,22.133057,1.68676,1.78026094376294,3.41544089851318,0.5769335246382967
1.1728,44.720165,37.766644,23.12565,42.755711,37.479897,22.81263,1.47957,1.56158593075679,1.83169844018474,0.5769335246382967
1.1705,44.720165,37.766644,23.12565,41.036758,36.816265,22.133057,1.68676,1.78026094376294,3.41544089851318,0.17286921156232138
1.1730,44.720165,37.766644,23.12565,43.055603,38.136776,23.582598,1.03659,1.09405054168656,1.56604958375303,0.17286921156232138
1.1705,44.720165,37.766644,23.12565,41.036758,36.816265,22.133057,1.68676,1.78026094376294,3.41544089851318,0.1359728043409003
1.1733,44.720165,37.766644,23.12565,43.525524,36.431755,23.569441,1.00598,1.06174375975636,1.36094568419417,0.1359728043409003
1.1705,44.720165,37.766644,23.12565,41.036758,36.816265,22.133057,1.68676,1.78026094376294,3.41544089851318,0.21518309551197676
4.12,43.870068,35.629742,21.290045,44.072601,37.127289,22.695574,1.126994,1.18946584105336,0.769554419490261,0.21518309551197676
1.1705,44.720165,37.766644,23.12565,41.036758,36.816265,22.133057,1.68676,1.78026094376294,3.41544089851318,0.11078297714425317
4.13,43.449951,38.100449,20.989811,43.626087,37.972427,23.039627,0.987284,1.04201139794757,1.24802879487183,0.11078297714425317
1.1705,44.720165,37.766644,23.12565,41.036758,36.816265,22.133057,1.68676,1.78026094376294,3.41544089851318,0.054333508689814555
4.76,45.099937,36.750183,22.469835,46.181698,36.91983,22.239534,1.145622,1.20912643346747,1.05157489929332,0.054333508689814555
1.1705,44.720165,37.766644,23.12565,41.036758,36.816265,22.133057,1.68676,1.78026094376294,3.41544089851318,0.618307499437723
4.77,43.600025,37.299789,22.570135,44.974243,37.176563,22.39678,1.359844,1.43522324622967,1.29024390106441,0.618307499437723
1.1705,44.720165,37.766644,23.12565,41.036758,36.816265,22.133057,1.68676,1.78026094376294,3.41544089851318,0.4293651388801107
4.106,43.86005,36.959896,22.410271,44.775291,36.950111,22.187439,1.229448,1.29759909933094,0.867505507831591,0.4293651388801107
1.1705,44.720165,37.766644,23.12565,41.036758,36.816265,22.133057,1.68676,1.78026094376294,3.41544089851318,0.3569750107453513
4.107,43.990017,37.080006,23.210077,45.608574,36.694283,22.471897,1.341216,1.41556265381557,1.57250682058097,0.3569750107453513
1.1705,44.720165,37.766644,23.12565,41.036758,36.816265,22.133057,1.68676,1.78026094376294,3.41544089851318,0.10205195455405575
4.108,44.859974,36.539989,21.909847,46.673664,36.923515,22.141479,1.555438,1.64165946657778,1.74457849624982,0.10205195455405575
1.1705,44.720165,37.766644,23.12565,41.036758,36.816265,22.133057,1.68676,1.78026094376294,3.41544089851318,0.050648111654102206
5.3,44.880054,37.119598,22.940094,46.212364,37.041267,22.777866,1.070955,1.13032047180846,1.2749658582207,0.050648111654102206
1.1705,44.720165,37.766644,23.12565,41.036758,36.816265,22.133057,1.68676,1.78026094376294,3.41544089851318,0.124526460832692
5.4,44.759933,37.080364,22.879847,46.325886,37.092598,22.812387,1.237548,1.30614810075644,1.49599526230479,0.124526460832692
1.1705,44.720165,37.766644,23.12565,41.036758,36.816265,22.133057,1.68676,1.78026094376294,3.41544089851318,0.16186902584173604
5.5,44.699978,37.049923,22.97002,46.376072,37.150539,22.73093,1.594533,1.68292159135926,1.6093969416557,0.16186902584173604
1.1705,44.720165,37.766644,23.12565,41.036758,36.816265,22.133057,1.68676,1.78026094376294,3.41544089851318,0.09788223179107962
5.9,44.510017,36.00988,22.309853,44.396122,38.320248,22.87945,1.070955,1.13032047180846,0.908276829574393,0.09788223179107962
1.1705,44.720165,37.766644,23.12565,41.036758,36.816265,22.133057,1.68676,1.78026094376294,3.41544089851318,0.2242955760506028
5.10,44.489975,35.940083,22.349972,44.418793,38.393051,22.841824,1.308945,1.381502798877,0.978364339257622,0.2242955760506028
1.1705,44.720165,37.766644,23.12565,41.036758,36.816265,22.133057,1.68676,1.78026094376294,3.41544089851318,0.0918771631567741
5.13,44.440022,37.059891,21.320107,44.468494,37.088528,22.914507,1.047156,1.1052022391016,0.93706972375273,0.0918771631567741
1.1705,44.720165,37.766644,23.12565,41.036758,36.816265,22.133057,1.68676,1.78026094376294,3.41544089851318,0.2104224190544519
5.14,44.470062,37.049984,21.120243,44.441589,37.090839,23.134239,1.285146,1.35638456617015,1.18231127804555,0.2104224190544519
1.1705,44.720165,37.766644,23.12565,41.036758,36.816265,22.133057,1.68676,1.78026094376294,3.41544089851318,0.12976219515106704
5.22,44.449993,37.710121,21.169832,44.435749,36.423412,22.37541,1.158218,1.22242065840026,1.12715683194151,0.12976219515106704
1.1705,44.720165,37.766644,23.12565,41.036758,36.816265,22.133057,1.68676,1.78026094376294,3.41544089851318,0.1821499392184248
5.23,44.480019,37.719929,20.979906,44.394554,36.395611,22.567541,1.380342,1.45685749699757,1.35091214089471,0.1821499392184248
1.1705,44.720165,37.766644,23.12565,41.036758,36.816265,22.133057,1.68676,1.78026094376294,3.41544089851318,0.17711842394871546
5.26,43.449951,35.7103,22.719934,44.406105,36.882622,22.633024,1.023357,1.08008400639475,1.0550257041602,0.17711842394871546
1.1705,44.720165,37.766644,23.12565,41.036758,36.816265,22.133057,1.68676,1.78026094376294,3.41544089851318,0.4664318834793177
5.27,43.449951,35.560188,22.639994,44.391842,37.037529,22.73987,1.237548,1.30614810075644,1.08913506367349,0.4664318834793177
1.1705,44.720165,37.766644,23.12565,41.036758,36.816265,22.133057,1.68676,1.78026094376294,3.41544089851318,0.16876937818203783
5.29,44.330009,37.199749,23.160069,43.78183,37.969376,23.073114,1.070955,1.13032047180846,0.634188057383681,0.16876937818203783
1.1705,44.720165,37.766644,23.12565,41.036758,36.816265,22.133057,1.68676,1.78026094376294,3.41544089851318,0.432477748316157
5.31,45.229973,36.590229,23.069777,43.780373,37.969959,23.060562,1.800791,1.90061294148533,1.49856678092753,0.432477748316157
1.1705,44.720165,37.766644,23.12565,41.036758,36.816265,22.133057,1.68676,1.78026094376294,3.41544089851318,0.06928464380062312
5.32,43.95993,37.0205,22.63007,44.376717,37.008488,23.037443,0.936094,0.987983819802948,0.459220089571616,0.06928464380062312
1.1705,44.720165,37.766644,23.12565,41.036758,36.816265,22.133057,1.68676,1.78026094376294,3.41544089851318,0.2537352109907014
5.33,43.899956,37.030128,22.490103,44.417511,36.98003,23.17672,1.102687,1.16381144875093,0.638802995769043,0.2537352109907014
1.1705,44.720165,37.766644,23.12565,41.036758,36.816265,22.133057,1.68676,1.78026094376294,3.41544089851318,0.5682680387310161
5.34,43.759983,37.000278,22.37995,44.56496,37.031937,23.284607,1.340677,1.41499377581948,0.91776648364448,0.5682680387310161
1.1705,44.720165,37.766644,23.12565,41.036758,36.816265,22.133057,1.68676,1.78026094376294,3.41544089851318,0.6946235193314405
5.35,43.370056,37.029957,22.269957,44.965286,36.990047,23.413904,1.800791,1.90061294148533,1.64083021643964,0.6946235193314405
1.1705,44.720165,37.766644,23.12565,41.036758,36.816265,22.133057,1.68676,1.78026094376294,3.41544089851318,0.08905152087148915
5.37,45.219978,37.020203,22.339933,44.218014,37.151577,23.296185,1.023357,1.08008400639475,1.0849785346728,0.08905152087148915
1.1705,44.720165,37.766644,23.12565,41.036758,36.816265,22.133057,1.68676,1.78026094376294,3.41544089851318,0.29952708228233094
5.38,45.259933,37.10017,22.099951,44.173214,37.137138,23.219437,1.308945,1.381502798877,1.21400281575858,0.29952708228233094
1.1705,44.720165,37.766644,23.12565,41.036758,36.816265,22.133057,1.68676,1.78026094376294,3.41544089851318,0.468704761774855
5.42,43.86005,36.959896,22.410271,44.775291,36.950111,22.187439,1.26928,1.33963907769891,0.867505507831591,0.468704761774855
1.1705,44.720165,37.766644,23.12565,41.036758,36.816265,22.133057,1.68676,1.78026094376294,3.41544089851318,0.05060770245333364
6.60,42.33,35.94,20.39,43.268664572484965,35.91087227052348,20.376845541526734,1.02,1.0765409202484,0.859851337170867,0.05060770245333364
1.1705,44.720165,37.766644,23.12565,41.036758,36.816265,22.133057,1.68676,1.78026094376294,3.41544089851318,0.05441903403407008
6.62,41.56,35.85,21.71,41.51846671572515,35.863844428091625,23.440553511452332,1.02,1.0765409202484,1.02440749647799,0.05441903403407008
1.1705,44.720165,37.766644,23.12565,41.036758,36.816265,22.133057,1.68676,1.78026094376294,3.41544089851318,0.08984413183229757
6.63,41.86,35.78,20.33,41.87608329606219,37.16517387335597,21.787548705635807,1.02,1.0765409202484,0.765463335607253,0.08984413183229757
1.1705,44.720165,37.766644,23.12565,41.036758,36.816265,22.133057,1.68676,1.78026094376294,3.41544089851318,0.19342057197746304
6.65,43.11,35.49,22.27,43.99727809141985,36.41270480287401,23.247455175121324,1.02,1.0765409202484,0.961519585938287,0.19342057197746304
1.1705,44.720165,37.766644,23.12565,41.036758,36.816265,22.133057,1.68676,1.78026094376294,3.41544089851318,0.12128089656242681
6.67,43.35,35.28,22.09,42.534454807058474,36.21159743287278,23.08677745803963,1.02,1.0765409202484,0.905754223976326,0.12128089656242681
1.1705,44.720165,37.766644,23.12565,41.036758,36.816265,22.133057,1.68676,1.78026094376294,3.41544089851318,0.09613348750899693
6.221,43.11,35.49,22.27,42.222721908580155,34.567295197126036,21.29254482487868,1.02,1.0765409202484,0.958211704449146,0.09613348750899693
1.1705,44.720165,37.766644,23.12565,41.036758,36.816265,22.133057,1.68676,1.78026094376294,3.41544089851318,0.1042125759172971
6.224,42.93,35.16,23.56,43.50021798331866,35.57265775108587,22.525854666218127,1.02,1.0765409202484,0.90483557540355,0.1042125759172971
1.1705,44.720165,37.766644,23.12565,41.036758,36.816265,22.133057,1.68676,1.78026094376294,3.41544089851318,0.0668054058320466
7.112,44.57517149224873,36.95897623838063,23.023442749720434,45.67525911468617,37.772985385557675,23.457170351200073,1.029851,1.086937983587,1.08944222284532,0.0668054058320466
1.1705,44.720165,37.766644,23.12565,41.036758,36.816265,22.133057,1.68676,1.78026094376294,3.41544089851318,0.16489560714297397
7.113,44.57517149224873,36.95897623838063,23.023442749720434,45.90691825034913,37.77152031503201,23.52961375158339,1.219447,1.28704372115113,1.30608321910391,0.16489560714297397
1.1705,44.720165,37.766644,23.12565,41.036758,36.816265,22.133057,1.68676,1.78026094376294,3.41544089851318,0.21537050320586262
7.117,44.57517149224873,36.95897623838063,23.023442749720434,43.43360642568766,36.173492413329456,22.566770196731134,1.03416,1.09148584125891,1.10901620179134,0.21537050320586262
1.1705,44.720165,37.766644,23.12565,41.036758,36.816265,22.133057,1.68676,1.78026094376294,3.41544089851318,0.553341231577823
7.118,44.57517149224873,36.95897623838063,23.023442749720434,43.10777397801501,35.995247030617236,22.45824415660518,1.197902,1.26430443279157,1.41769205273371,0.553341231577823
1.1705,44.720165,37.766644,23.12565,41.036758,36.816265,22.133057,1.68676,1.78026094376294,3.41544089851318,0.13150041770805077
7.207,44.56098859042097,38.573724315756394,24.555576237150024,44.57517149224873,35.39963351280417,21.68765529136163,1.279773,1.3507137285579,1.5059249263214,0.13150041770805077
1.1705,44.720165,37.766644,23.12565,41.036758,36.816265,22.133057,1.68676,1.78026094376294,3.41544089851318,0.4011465830970948
7.211,44.56098859042097,38.573724315756394,24.555576237150024,43.69756372940281,36.53801632030218,22.59692718339512,1.189284,1.25520871744775,1.28355966155084,0.4011465830970948
1.1705,44.720165,37.766644,23.12565,41.036758,36.816265,22.133057,1.68676,1.78026094376294,3.41544089851318,0.09141599618857424
7.308,44.4615217478265,34.783956280290965,21.295021322673925,44.518399976803536,38.51956503140119,21.880641516943243,1.318554,1.39164444760511,1.52184417869081,0.09141599618857424
1.1705,44.720165,37.766644,23.12565,41.036758,36.816265,22.133057,1.68676,1.78026094376294,3.41544089851318,0.08848490459348045
7.310,44.4615217478265,34.783956280290965,21.295021322673925,45.67525911468617,37.77258352645946,23.456923205439672,1.546931,1.63268090421645,1.71731099977619,0.08848490459348045
1.1705,44.720165,37.766644,23.12565,41.036758,36.816265,22.133057,1.68676,1.78026094376294,3.41544089851318,0.06268589877644967
7.346,44.518399976803536,38.07475025490275,22.14004500426815,44.34744313390436,36.02372896502304,23.779882287815145,1.072941,1.13241656030612,1.66838563315293,0.06268589877644967
1.1705,44.720165,37.766644,23.12565,41.036758,36.816265,22.133057,1.68676,1.78026094376294,3.41544089851318,0.10140859810045473
7.352,44.518399976803536,38.519666028744126,21.880905505662586,45.67525911468617,37.772687778959316,23.457194431691097,1.197902,1.26430443279157,1.57811105565571,0.10140859810045473
1.1705,44.720165,37.766644,23.12565,41.036758,36.816265,22.133057,1.68676,1.78026094376294,3.41544089851318,0.5802227935408938
7.353,44.518399976803536,38.519666028744126,21.880905505662586,43.43360642568766,36.17320578683514,22.566793419178723,1.370262,1.44621873966805,1.65164770528742,0.5802227935408938
1.1705,44.720165,37.766644,23.12565,41.036758,36.816265,22.133057,1.68676,1.78026094376294,3.41544089851318,0.11540031750790755
7.382,44.34744313390436,36.02371776774294,23.780033708416347,45.455625795399975,37.53417018065136,23.294493932593664,1.167739,1.23246942908818,1.36831160428229,0.11540031750790755
1.1705,44.720165,37.766644,23.12565,41.036758,36.816265,22.133057,1.68676,1.78026094376294,3.41544089851318,0.05712785515555916
7.383,44.34744313390436,36.02371776774294,23.780033708416347,43.69756372940281,36.53792439851406,22.597128484669902,0.909199,0.959597968773457,1.04414862934801,0.05712785515555916
1.1705,44.720165,37.766644,23.12565,41.036758,36.816265,22.133057,1.68676,1.78026094376294,3.41544089851318,0.313675993809797
7.392,44.489974232848624,35.2820224543286,24.289254737085773,43.10777397801501,35.99495132522856,22.458079114540197,1.37888,1.45531445501188,1.8241554310481,0.313675993809797
1.1705,44.720165,37.766644,23.12565,41.036758,36.816265,22.133057,1.68676,1.78026094376294,3.41544089851318,0.05017722970283328
7.404,45.06744545788468,37.23821468296523,23.194550007141924,44.11798295939927,36.44217685030859,22.849908142926267,0.926435,0.977789399461106,0.943647459411894,0.05017722970283328
1.1705,44.720165,37.766644,23.12565,41.036758,36.816265,22.133057,1.68676,1.78026094376294,3.41544089851318,0.5058266965181942
7.409,45.455625795399975,37.53390571428322,23.29452102077022,43.69756372940281,36.53766737160819,22.597154837595767,1.391807,1.46895802802761,1.70500293459707,0.5058266965181942
1.1705,44.720165,37.766644,23.12565,41.036758,36.816265,22.133057,1.68676,1.78026094376294,3.41544089851318,0.06713720735815434
7.413,45.67525911468617,37.772741228500664,23.45706086477872,43.43360642568766,36.17325707994268,22.566664899868705,1.732218,1.82823878410867,2.19823030545429,0.06713720735815434
1.1706,44.720165,37.766644,23.12565,45.265617,38.938438,23.197872,0.764178,0.806538124856454,0.71564173967275,0.050333248959875246
1.1737,44.720165,37.766644,23.12565,46.421906,38.469749,25.540062,1.39874,1.47627533998848,2.05058606675771,0.050333248959875246
1.1706,44.720165,37.766644,23.12565,45.265617,38.938438,23.197872,0.764178,0.806538124856454,0.71564173967275,0.0964492071631368
7.251,44.57517149224873,39.72815094261306,25.632041471795464,44.60351738852064,38.781360410799046,21.746531549356305,1.24961,1.31887872485451,2.05091307129697,0.0964492071631368
1.1706,44.720165,37.766644,23.12565,45.265617,38.938438,23.197872,0.764178,0.806538124856454,0.71564173967275,0.15281958109594612
7.351,44.518399976803536,38.519666028744126,21.880905505662586,44.518399976803536,35.472383338272905,24.026531908961612,1.409043,1.48714945871526,2.31925786195933,0.15281958109594612
1.1708,44.720165,37.766644,23.12565,45.314095,36.766254,24.487175,1.05255,1.11089524079162,1.24651039557043,0.08600263441595851
1.1713,44.720165,37.766644,23.12565,47.835133,38.069309,22.399614,1.68676,1.78026094376294,3.05054135781852,0.08600263441595851
1.1708,44.720165,37.766644,23.12565,45.314095,36.766254,24.487175,1.05255,1.11089524079162,1.24651039557043,0.0791178893585279
1.1734,44.720165,37.766644,23.12565,42.057941,36.92165,25.099762,1.68676,1.78026094376294,2.83060569225389,0.0791178893585279
1.1708,44.720165,37.766644,23.12565,45.314095,36.766254,24.487175,1.05255,1.11089524079162,1.24651039557043,0.18555894387138988
7.361,44.60351738852064,38.78155571208269,21.746543197241397,44.489974232848624,35.28218457991533,24.28917730304483,1.620184,1.70999448463896,2.70544683885885,0.18555894387138988
1.1709,44.720165,37.766644,23.12565,46.36845,38.327873,22.667063,1.1276,1.19010543301186,1.63802743731882,0.17256789416720997
1.1713,44.720165,37.766644,23.12565,47.835133,38.069309,22.399614,1.68676,1.78026094376294,3.05054135781852,0.17256789416720997
1.1709,44.720165,37.766644,23.12565,46.36845,38.327873,22.667063,1.1276,1.19010543301186,1.63802743731882,0.058873236758138096
1.1787,44.730747,37.294174,23.309671,44.489975,36.890717,23.295794,0.486312,0.513269380399844,0.288467514487488,0.058873236758138096
1.1709,44.720165,37.766644,23.12565,46.36845,38.327873,22.667063,1.1276,1.19010543301186,1.63802743731882,0.06440997302830727
1.1807,44.730747,37.294174,23.309671,45.164955,37.560791,23.476326,0.666092,0.703014994754998,0.424197352508652,0.06440997302830727
1.1711,44.720165,37.766644,23.12565,43.959206,34.881966,22.462944,1.45007,1.53045067865157,1.35756516042183,0.07498839944266265
1.1734,44.720165,37.766644,23.12565,42.057941,36.92165,25.099762,1.68676,1.78026094376294,2.83060569225389,0.07498839944266265
1.1711,44.720165,37.766644,23.12565,43.959206,34.881966,22.462944,1.45007,1.53045067865157,1.35756516042183,0.20131743556774653
7.361,44.60351738852064,38.78155571208269,21.746543197241397,44.489974232848624,35.28218457991533,24.28917730304483,1.620184,1.70999448463896,2.70544683885885,0.20131743556774653
1.1711,44.720165,37.766644,23.12565,43.959206,34.881966,22.462944,1.45007,1.53045067865157,1.35756516042183,0.105983919612839
7.417,45.90691825034913,37.77115311636092,23.52933956192629,43.10777397801501,35.99489637404085,22.457982490321005,2.055393,2.16932810950208,2.72332209281723,0.105983919612839
1.1713,44.720165,37.766644,23.12565,47.835133,38.069309,22.399614,1.68676,1.78026094376294,3.05054135781852,0.09633269340120496
1.1727,44.720165,37.766644,23.12565,45.32793,37.76984,25.223213,1.17392,1.23899305597844,1.34655882795068,0.09633269340120496
1.1713,44.720165,37.766644,23.12565,47.835133,38.069309,22.399614,1.68676,1.78026094376294,3.05054135781852,0.09844358987992617
1.1731,44.720165,37.766644,23.12565,44.945122,38.720181,20.759838,1.51391,1.59782947507182,1.66175862702989,0.09844358987992617
1.1713,44.720165,37.766644,23.12565,47.835133,38.069309,22.399614,1.68676,1.78026094376294,3.05054135781852,0.4910298221230491
4.76,45.099937,36.750183,22.469835,46.181698,36.91983,22.239534,1.145622,1.20912643346747,1.05157489929332,0.4910298221230491
1.1713,44.720165,37.766644,23.12565,47.835133,38.069309,22.399614,1.68676,1.78026094376294,3.05054135781852,0.4089070387707902
4.77,43.600025,37.299789,22.570135,44.974243,37.176563,22.39678,1.359844,1.43522324622967,1.29024390106441,0.4089070387707902
1.1713,44.720165,37.766644,23.12565,47.835133,38.069309,22.399614,1.68676,1.78026094376294,3.05054135781852,0.27725068868095126
4.106,43.86005,36.959896,22.410271,44.775291,36.950111,22.187439,1.229448,1.29759909933094,0.867505507831591,0.27725068868095126
1.1713,44.720165,37.766644,23.12565,47.835133,38.069309,22.399614,1.68676,1.78026094376294,3.05054135781852,0.28142320296058854
4.107,43.990017,37.080006,23.210077,45.608574,36.694283,22.471897,1.341216,1.41556265381557,1.57250682058097,0.28142320296058854
1.1713,44.720165,37.766644,23.12565,47.835133,38.069309,22.399614,1.68676,1.78026094376294,3.05054135781852,0.16538511596990338
4.108,44.859974,36.539989,21.909847,46.673664,36.923515,22.141479,1.555438,1.64165946657778,1.74457849624982,0.16538511596990338
1.1713,44.720165,37.766644,23.12565,47.835133,38.069309,22.399614,1.68676,1.78026094376294,3.05054135781852,0.30487107809301145
5.3,44.880054,37.119598,22.940094,46.212364,37.041267,22.777866,1.070955,1.13032047180846,1.2749658582207,0.30487107809301145
1.1713,44.720165,37.766644,23.12565,47.835133,38.069309,22.399614,1.68676,1.78026094376294,3.05054135781852,0.4203772869903177
5.4,44.759933,37.080364,22.879847,46.325886,37.092598,22.812387,1.237548,1.30614810075644,1.49599526230479,0.4203772869903177
1.1713,44.720165,37.766644,23.12565,47.835133,38.069309,22.399614,1.68676,1.78026094376294,3.05054135781852,0.36142645914334137
5.5,44.699978,37.049923,22.97002,46.376072,37.150539,22.73093,1.594533,1.68292159135926,1.6093969416557,0.36142645914334137
1.1713,44.720165,37.766644,23.12565,47.835133,38.069309,22.399614,1.68676,1.78026094376294,3.05054135781852,0.05663721666997136
5.9,44.510017,36.00988,22.309853,44.396122,38.320248,22.87945,1.070955,1.13032047180846,0.908276829574393,0.05663721666997136
1.1713,44.720165,37.766644,23.12565,47.835133,38.069309,22.399614,1.68676,1.78026094376294,3.05054135781852,0.1172316499519524
5.10,44.489975,35.940083,22.349972,44.418793,38.393051,22.841824,1.308945,1.381502798877,0.978364339257622,0.1172316499519524
1.1713,44.720165,37.766644,23.12565,47.835133,38.069309,22.399614,1.68676,1.78026094376294,3.05054135781852,0.06939938415295221
5.13,44.440022,37.059891,21.320107,44.468494,37.088528,22.914507,1.047156,1.1052022391016,0.93706972375273,0.06939938415295221
1.1713,44.720165,37.766644,23.12565,47.835133,38.069309,22.399614,1.68676,1.78026094376294,3.05054135781852,0.16114708606409836
5.14,44.470062,37.049984,21.120243,44.441589,37.090839,23.134239,1.285146,1.35638456617015,1.18231127804555,0.16114708606409836
1.1713,44.720165,37.766644,23.12565,47.835133,38.069309,22.399614,1.68676,1.78026094376294,3.05054135781852,0.1355977039784722
5.22,44.449993,37.710121,21.169832,44.435749,36.423412,22.37541,1.158218,1.22242065840026,1.12715683194151,0.1355977039784722
1.1713,44.720165,37.766644,23.12565,47.835133,38.069309,22.399614,1.68676,1.78026094376294,3.05054135781852,0.16941239534424646
5.23,44.480019,37.719929,20.979906,44.394554,36.395611,22.567541,1.380342,1.45685749699757,1.35091214089471,0.16941239534424646
1.1713,44.720165,37.766644,23.12565,47.835133,38.069309,22.399614,1.68676,1.78026094376294,3.05054135781852,0.08207429859804052
5.29,44.330009,37.199749,23.160069,43.78183,37.969376,23.073114,1.070955,1.13032047180846,0.634188057383681,0.08207429859804052
1.1713,44.720165,37.766644,23.12565,47.835133,38.069309,22.399614,1.68676,1.78026094376294,3.05054135781852,0.35482855047930467
5.30,45.350056,36.019573,23.100149,44.32386,37.201443,23.160089,1.42794,1.50709396241128,1.10060055129705,0.35482855047930467
1.1713,44.720165,37.766644,23.12565,47.835133,38.069309,22.399614,1.68676,1.78026094376294,3.05054135781852,0.27874928211226835
5.31,45.229973,36.590229,23.069777,43.780373,37.969959,23.060562,1.800791,1.90061294148533,1.49856678092753,0.27874928211226835
1.1713,44.720165,37.766644,23.12565,47.835133,38.069309,22.399614,1.68676,1.78026094376294,3.05054135781852,0.23688530523430174
5.34,43.759983,37.000278,22.37995,44.56496,37.031937,23.284607,1.340677,1.41499377581948,0.91776648364448,0.23688530523430174
1.1713,44.720165,37.766644,23.12565,47.835133,38.069309,22.399614,1.68676,1.78026094376294,3.05054135781852,0.1220515591083051
5.35,43.370056,37.029957,22.269957,44.965286,36.990047,23.413904,1.800791,1.90061294148533,1.64083021643964,0.1220515591083051
1.1713,44.720165,37.766644,23.12565,47.835133,38.069309,22.399614,1.68676,1.78026094376294,3.05054135781852,0.16442118450172163
5.37,45.219978,37.020203,22.339933,44.218014,37.151577,23.296185,1.023357,1.08008400639475,1.0849785346728,0.16442118450172163
1.1713,44.720165,37.766644,23.12565,47.835133,38.069309,22.399614,1.68676,1.78026094376294,3.05054135781852,0.5055918392466277
5.38,45.259933,37.10017,22.099951,44.173214,37.137138,23.219437,1.308945,1.381502798877,1.21400281575858,0.5055918392466277
1.1713,44.720165,37.766644,23.12565,47.835133,38.069309,22.399614,1.68676,1.78026094376294,3.05054135781852,0.30265316445824597
5.42,43.86005,36.959896,22.410271,44.775291,36.950111,22.187439,1.26928,1.33963907769891,0.867505507831591,0.30265316445824597
1.1713,44.720165,37.766644,23.12565,47.835133,38.069309,22.399614,1.68676,1.78026094376294,3.05054135781852,0.07842483600510589
7.103,44.57517149224873,36.95897623838063,23.023442749720434,44.60351738852064,38.781692490523824,21.74678819275404,1.029851,1.086937983587,1.36167413851559,0.07842483600510589
1.1713,44.720165,37.766644,23.12565,47.835133,38.069309,22.399614,1.68676,1.78026094376294,3.05054135781852,0.0719398087871666
7.111,44.57517149224873,36.95897623838063,23.023442749720434,45.455625795399975,37.534170935574984,23.294607914993804,0.913508,0.964145826445369,0.8621086350459,0.0719398087871666
1.1713,44.720165,37.766644,23.12565,47.835133,38.069309,22.399614,1.68676,1.78026094376294,3.05054135781852,0.21884361616327877
7.112,44.57517149224873,36.95897623838063,23.023442749720434,45.67525911468617,37.772985385557675,23.457170351200073,1.029851,1.086937983587,1.08944222284532,0.21884361616327877
1.1713,44.720165,37.766644,23.12565,47.835133,38.069309,22.399614,1.68676,1.78026094376294,3.05054135781852,0.5106969089016054
7.113,44.57517149224873,36.95897623838063,23.023442749720434,45.90691825034913,37.77152031503201,23.52961375158339,1.219447,1.28704372115113,1.30608321910391,0.5106969089016054
1.1713,44.720165,37.766644,23.12565,47.835133,38.069309,22.399614,1.68676,1.78026094376294,3.05054135781852,0.10230881019108563
7.118,44.57517149224873,36.95897623838063,23.023442749720434,43.10777397801501,35.995247030617236,22.45824415660518,1.197902,1.26430443279157,1.41769205273371,0.10230881019108563
1.1713,44.720165,37.766644,23.12565,47.835133,38.069309,22.399614,1.68676,1.78026094376294,3.05054135781852,0.07156221013520936
7.210,44.56098859042097,38.573724315756394,24.555576237150024,45.455625795399975,37.53426466326909,23.294286720622015,0.917817,0.968693684117282,1.04627280180266,0.07156221013520936
1.1713,44.720165,37.766644,23.12565,47.835133,38.069309,22.399614,1.68676,1.78026094376294,3.05054135781852,0.07710152731855742
7.211,44.56098859042097,38.573724315756394,24.555576237150024,43.69756372940281,36.53801632030218,22.59692718339512,1.189284,1.25520871744775,1.28355966155084,0.07710152731855742
1.1713,44.720165,37.766644,23.12565,47.835133,38.069309,22.399614,1.68676,1.78026094376294,3.05054135781852,0.10250946674405395
7.253,44.57517149224873,39.72815094261306,25.632041471795464,45.90691825034913,37.77118266900642,23.52934789961808,1.301318,1.37345301691746,1.62738437233363,0.10250946674405395
1.1713,44.720165,37.766644,23.12565,47.835133,38.069309,22.399614,1.68676,1.78026094376294,3.05054135781852,0.22307506440063252
7.352,44.518399976803536,38.519666028744126,21.880905505662586,45.67525911468617,37.772687778959316,23.457194431691097,1.197902,1.26430443279157,1.57811105565571,0.22307506440063252
1.1713,44.720165,37.766644,23.12565,47.835133,38.069309,22.399614,1.68676,1.78026094376294,3.05054135781852,0.08227659165507258
7.353,44.518399976803536,38.519666028744126,21.880905505662586,43.43360642568766,36.17320578683514,22.566793419178723,1.370262,1.44621873966805,1.65164770528742,0.08227659165507258
1.1713,44.720165,37.766644,23.12565,47.835133,38.069309,22.399614,1.68676,1.78026094376294,3.05054135781852,0.3038369777858861
7.382,44.34744313390436,36.02371776774294,23.780033708416347,45.455625795399975,37.53417018065136,23.294493932593664,1.167739,1.23246942908818,1.36831160428229,0.3038369777858861
1.1713,44.720165,37.766644,23.12565,47.835133,38.069309,22.399614,1.68676,1.78026094376294,3.05054135781852,0.059373246070485795
7.404,45.06744545788468,37.23821468296523,23.194550007141924,44.11798295939927,36.44217685030859,22.849908142926267,0.926435,0.977789399461106,0.943647459411894,0.059373246070485795
1.1713,44.720165,37.766644,23.12565,47.835133,38.069309,22.399614,1.68676,1.78026094376294,3.05054135781852,0.14714165052632036
7.409,45.455625795399975,37.53390571428322,23.29452102077022,43.69756372940281,36.53766737160819,22.597154837595767,1.391807,1.46895802802761,1.70500293459707,0.14714165052632036
1.1714,44.720165,37.766644,23.12565,46.207523,33.580544,20.557871,1.51391,1.59782947507182,2.2192766593761,0.14260651243160283
4.12,43.870068,35.629742,21.290045,44.072601,37.127289,22.695574,1.126994,1.18946584105336,0.769554419490261,0.14260651243160283
1.1714,44.720165,37.766644,23.12565,46.207523,33.580544,20.557871,1.51391,1.59782947507182,2.2192766593761,0.05176396218708097
5.17,44.389988,35.119984,20.709894,44.389988,36.770107,22.39739,0.864697,0.912629121682385,0.885971199709651,0.05176396218708097
1.1716,44.720165,37.766644,23.12565,43.897636,39.065884,25.772057,1.47957,1.56158593075679,1.50903135916196,0.08320132207399408
1.1726,44.720165,37.766644,23.12565,41.614643,38.204678,23.429976,1.68676,1.78026094376294,2.86581021342006,0.08320132207399408
1.1716,44.720165,37.766644,23.12565,43.897636,39.065884,25.772057,1.47957,1.56158593075679,1.50903135916196,0.11295927515656791
1.1734,44.720165,37.766644,23.12565,42.057941,36.92165,25.099762,1.68676,1.78026094376294,2.83060569225389,0.11295927515656791
1.1718,44.720165,37.766644,23.12565,46.41523,38.82346,21.206083,1.68676,1.78026094376294,2.1574729351249,0.0803913392071985
4.106,43.86005,36.959896,22.410271,44.775291,36.950111,22.187439,1.229448,1.29759909933094,0.867505507831591,0.0803913392071985
1.1718,44.720165,37.766644,23.12565,46.41523,38.82346,21.206083,1.68676,1.78026094376294,2.1574729351249,0.07202396843519067
5.29,44.330009,37.199749,23.160069,43.78183,37.969376,23.073114,1.070955,1.13032047180846,0.634188057383681,0.07202396843519067
1.1718,44.720165,37.766644,23.12565,46.41523,38.82346,21.206083,1.68676,1.78026094376294,2.1574729351249,0.08443139827944196
5.33,43.899956,37.030128,22.490103,44.417511,36.98003,23.17672,1.102687,1.16381144875093,0.638802995769043,0.08443139827944196
1.1718,44.720165,37.766644,23.12565,46.41523,38.82346,21.206083,1.68676,1.78026094376294,2.1574729351249,0.08775701630120619
5.42,43.86005,36.959896,22.410271,44.775291,36.950111,22.187439,1.26928,1.33963907769891,0.867505507831591,0.08775701630120619
1.1719,44.720165,37.766644,23.12565,41.696815,38.757702,22.729319,1.82541,1.92659662865749,2.84900831347832,0.3382804246521253
4.77,43.600025,37.299789,22.570135,44.974243,37.176563,22.39678,1.359844,1.43522324622967,1.29024390106441,0.3382804246521253
1.1719,44.720165,37.766644,23.12565,41.696815,38.757702,22.729319,1.82541,1.92659662865749,2.84900831347832,0.24787031545535865
4.106,43.86005,36.959896,22.410271,44.775291,36.950111,22.187439,1.229448,1.29759909933094,0.867505507831591,0.24787031545535865
1.1719,44.720165,37.766644,23.12565,41.696815,38.757702,22.729319,1.82541,1.92659662865749,2.84900831347832,0.05730572495342405
4.107,43.990017,37.080006,23.210077,45.608574,36.694283,22.471897,1.341216,1.41556265381557,1.57250682058097,0.05730572495342405
1.1719,44.720165,37.766644,23.12565,41.696815,38.757702,22.729319,1.82541,1.92659662865749,2.84900831347832,0.07806187249464434
5.10,44.489975,35.940083,22.349972,44.418793,38.393051,22.841824,1.308945,1.381502798877,0.978364339257622,0.07806187249464434
1.1719,44.720165,37.766644,23.12565,41.696815,38.757702,22.729319,1.82541,1.92659662865749,2.84900831347832,0.10391966936304368
5.14,44.470062,37.049984,21.120243,44.441589,37.090839,23.134239,1.285146,1.35638456617015,1.18231127804555,0.10391966936304368
1.1719,44.720165,37.766644,23.12565,41.696815,38.757702,22.729319,1.82541,1.92659662865749,2.84900831347832,0.07708864293304615
5.22,44.449993,37.710121,21.169832,44.435749,36.423412,22.37541,1.158218,1.22242065840026,1.12715683194151,0.07708864293304615
1.1719,44.720165,37.766644,23.12565,41.696815,38.757702,22.729319,1.82541,1.92659662865749,2.84900831347832,0.11169916096234064
5.23,44.480019,37.719929,20.979906,44.394554,36.395611,22.567541,1.380342,1.45685749699757,1.35091214089471,0.11169916096234064
1.1719,44.720165,37.766644,23.12565,41.696815,38.757702,22.729319,1.82541,1.92659662865749,2.84900831347832,0.09104298358928828
5.27,43.449951,35.560188,22.639994,44.391842,37.037529,22.73987,1.237548,1.30614810075644,1.08913506367349,0.09104298358928828
1.1719,44.720165,37.766644,23.12565,41.696815,38.757702,22.729319,1.82541,1.92659662865749,2.84900831347832,0.10414612818266794
5.29,44.330009,37.199749,23.160069,43.78183,37.969376,23.073114,1.070955,1.13032047180846,0.634188057383681,0.10414612818266794
1.1719,44.720165,37.766644,23.12565,41.696815,38.757702,22.729319,1.82541,1.92659662865749,2.84900831347832,0.30927885407161276
5.30,45.350056,36.019573,23.100149,44.32386,37.201443,23.160089,1.42794,1.50709396241128,1.10060055129705,0.30927885407161276
1.1719,44.720165,37.766644,23.12565,41.696815,38.757702,22.729319,1.82541,1.92659662865749,2.84900831347832,0.19551105572350316
5.31,45.229973,36.590229,23.069777,43.780373,37.969959,23.060562,1.800791,1.90061294148533,1.49856678092753,0.19551105572350316
1.1719,44.720165,37.766644,23.12565,41.696815,38.757702,22.729319,1.82541,1.92659662865749,2.84900831347832,0.10384269698937254
5.33,43.899956,37.030128,22.490103,44.417511,36.98003,23.17672,1.102687,1.16381144875093,0.638802995769043,0.10384269698937254
1.1719,44.720165,37.766644,23.12565,41.696815,38.757702,22.729319,1.82541,1.92659662865749,2.84900831347832,0.4310695270199709
5.34,43.759983,37.000278,22.37995,44.56496,37.031937,23.284607,1.340677,1.41499377581948,0.91776648364448,0.4310695270199709
1.1719,44.720165,37.766644,23.12565,41.696815,38.757702,22.729319,1.82541,1.92659662865749,2.84900831347832,0.0639392635239213
5.35,43.370056,37.029957,22.269957,44.965286,36.990047,23.413904,1.800791,1.90061294148533,1.64083021643964,0.0639392635239213
1.1719,44.720165,37.766644,23.12565,41.696815,38.757702,22.729319,1.82541,1.92659662865749,2.84900831347832,0.22704892819108383
5.38,45.259933,37.10017,22.099951,44.173214,37.137138,23.219437,1.308945,1.381502798877,1.21400281575858,0.22704892819108383
1.1719,44.720165,37.766644,23.12565,41.696815,38.757702,22.729319,1.82541,1.92659662865749,2.84900831347832,0.3066149842019869
5.42,43.86005,36.959896,22.410271,44.775291,36.950111,22.187439,1.26928,1.33963907769891,0.867505507831591,0.3066149842019869
1.1719,44.720165,37.766644,23.12565,41.696815,38.757702,22.729319,1.82541,1.92659662865749,2.84900831347832,0.07438367352965253
7.113,44.57517149224873,36.95897623838063,23.023442749720434,45.90691825034913,37.77152031503201,23.52961375158339,1.219447,1.28704372115113,1.30608321910391,0.07438367352965253
1.1719,44.720165,37.766644,23.12565,41.696815,38.757702,22.729319,1.82541,1.92659662865749,2.84900831347832,0.05897419316294114
7.118,44.57517149224873,36.95897623838063,23.023442749720434,43.10777397801501,35.995247030617236,22.45824415660518,1.197902,1.26430443279157,1.41769205273371,0.05897419316294114
1.1719,44.720165,37.766644,23.12565,41.696815,38.757702,22.729319,1.82541,1.92659662865749,2.84900831347832,0.1003338570362122
7.211,44.56098859042097,38.573724315756394,24.555576237150024,43.69756372940281,36.53801632030218,22.59692718339512,1.189284,1.25520871744775,1.28355966155084,0.1003338570362122
1.1720,44.720165,37.766644,23.12565,43.00708,36.30534,23.155594,1.55978,1.64624215351476,1.72999649127773,0.052907038928082434
5.32,43.95993,37.0205,22.63007,44.376717,37.008488,23.037443,0.936094,0.987983819802948,0.459220089571616,0.052907038928082434
1.1724,44.720165,37.766644,23.12565,45.248283,39.168568,24.355015,0.874304,0.92276865954594,0.81134984148713,0.06406755476174464
1.1737,44.720165,37.766644,23.12565,46.421906,38.469749,25.540062,1.39874,1.47627533998848,2.05058606675771,0.06406755476174464
1.1724,44.720165,37.766644,23.12565,45.248283,39.168568,24.355015,0.874304,0.92276865954594,0.81134984148713,0.09096101899694005
7.251,44.57517149224873,39.72815094261306,25.632041471795464,44.60351738852064,38.781360410799046,21.746531549356305,1.24961,1.31887872485451,2.05091307129697,0.09096101899694005
1.1724,44.720165,37.766644,23.12565,45.248283,39.168568,24.355015,0.874304,0.92276865954594,0.81134984148713,0.14415602361711885
7.351,44.518399976803536,38.519666028744126,21.880905505662586,44.518399976803536,35.472383338272905,24.026531908961612,1.409043,1.48714945871526,2.31925786195933,0.14415602361711885
1.1724,44.720165,37.766644,23.12565,45.248283,39.168568,24.355015,0.874304,0.92276865954594,0.81134984148713,0.053870571493917566
7.361,44.60351738852064,38.78155571208269,21.746543197241397,44.489974232848624,35.28218457991533,24.28917730304483,1.620184,1.70999448463896,2.70544683885885,0.053870571493917566
1.1725,44.720165,37.766644,23.12565,42.823452,40.376244,23.223099,1.68676,1.78026094376294,2.08103884669268,0.10429719152188076
5.29,44.330009,37.199749,23.160069,43.78183,37.969376,23.073114,1.070955,1.13032047180846,0.634188057383681,0.10429719152188076
1.1726,44.720165,37.766644,23.12565,41.614643,38.204678,23.429976,1.68676,1.78026094376294,2.86581021342006,0.05389408163489404
1.1730,44.720165,37.766644,23.12565,43.055603,38.136776,23.582598,1.03659,1.09405054168656,1.56604958375303,0.05389408163489404
1.1726,44.720165,37.766644,23.12565,41.614643,38.204678,23.429976,1.68676,1.78026094376294,2.86581021342006,0.08528817786122134
1.1733,44.720165,37.766644,23.12565,43.525524,36.431755,23.569441,1.00598,1.06174375975636,1.36094568419417,0.08528817786122134
1.1726,44.720165,37.766644,23.12565,41.614643,38.204678,23.429976,1.68676,1.78026094376294,2.86581021342006,0.0606100431205832
4.12,43.870068,35.629742,21.290045,44.072601,37.127289,22.695574,1.126994,1.18946584105336,0.769554419490261,0.0606100431205832
1.1726,44.720165,37.766644,23.12565,41.614643,38.204678,23.429976,1.68676,1.78026094376294,2.86581021342006,0.07153415107546682
4.13,43.449951,38.100449,20.989811,43.626087,37.972427,23.039627,0.987284,1.04201139794757,1.24802879487183,0.07153415107546682
1.1726,44.720165,37.766644,23.12565,41.614643,38.204678,23.429976,1.68676,1.78026094376294,2.86581021342006,0.07237015852793183
4.76,45.099937,36.750183,22.469835,46.181698,36.91983,22.239534,1.145622,1.20912643346747,1.05157489929332,0.07237015852793183
1.1726,44.720165,37.766644,23.12565,41.614643,38.204678,23.429976,1.68676,1.78026094376294,2.86581021342006,0.4624744402941021
4.77,43.600025,37.299789,22.570135,44.974243,37.176563,22.39678,1.359844,1.43522324622967,1.29024390106441,0.4624744402941021
1.1726,44.720165,37.766644,23.12565,41.614643,38.204678,23.429976,1.68676,1.78026094376294,2.86581021342006,0.45554005305507345
4.106,43.86005,36.959896,22.410271,44.775291,36.950111,22.187439,1.229448,1.29759909933094,0.867505507831591,0.45554005305507345
1.1726,44.720165,37.766644,23.12565,41.614643,38.204678,23.429976,1.68676,1.78026094376294,2.86581021342006,0.10090522800018753
4.107,43.990017,37.080006,23.210077,45.608574,36.694283,22.471897,1.341216,1.41556265381557,1.57250682058097,0.10090522800018753
1.1726,44.720165,37.766644,23.12565,41.614643,38.204678,23.429976,1.68676,1.78026094376294,2.86581021342006,0.06951483754312518
5.3,44.880054,37.119598,22.940094,46.212364,37.041267,22.777866,1.070955,1.13032047180846,1.2749658582207,0.06951483754312518
1.1726,44.720165,37.766644,23.12565,41.614643,38.204678,23.429976,1.68676,1.78026094376294,2.86581021342006,0.06317278836405275
5.4,44.759933,37.080364,22.879847,46.325886,37.092598,22.812387,1.237548,1.30614810075644,1.49599526230479,0.06317278836405275
1.1726,44.720165,37.766644,23.12565,41.614643,38.204678,23.429976,1.68676,1.78026094376294,2.86581021342006,0.06845532738021592
5.9,44.510017,36.00988,22.309853,44.396122,38.320248,22.87945,1.070955,1.13032047180846,0.908276829574393,0.06845532738021592
1.1726,44.720165,37.766644,23.12565,41.614643,38.204678,23.429976,1.68676,1.78026094376294,2.86581021342006,0.14969163687654316
5.10,44.489975,35.940083,22.349972,44.418793,38.393051,22.841824,1.308945,1.381502798877,0.978364339257622,0.14969163687654316
1.1726,44.720165,37.766644,23.12565,41.614643,38.204678,23.429976,1.68676,1.78026094376294,2.86581021342006,0.06821214373063479
5.13,44.440022,37.059891,21.320107,44.468494,37.088528,22.914507,1.047156,1.1052022391016,0.93706972375273,0.06821214373063479
1.1726,44.720165,37.766644,23.12565,41.614643,38.204678,23.429976,1.68676,1.78026094376294,2.86581021342006,0.11151046721450453
5.14,44.470062,37.049984,21.120243,44.441589,37.090839,23.134239,1.285146,1.35638456617015,1.18231127804555,0.11151046721450453
1.1726,44.720165,37.766644,23.12565,41.614643,38.204678,23.429976,1.68676,1.78026094376294,2.86581021342006,0.1116921367819726
5.22,44.449993,37.710121,21.169832,44.435749,36.423412,22.37541,1.158218,1.22242065840026,1.12715683194151,0.1116921367819726
1.1726,44.720165,37.766644,23.12565,41.614643,38.204678,23.429976,1.68676,1.78026094376294,2.86581021342006,0.08757484503847304
5.23,44.480019,37.719929,20.979906,44.394554,36.395611,22.567541,1.380342,1.45685749699757,1.35091214089471,0.08757484503847304
1.1726,44.720165,37.766644,23.12565,41.614643,38.204678,23.429976,1.68676,1.78026094376294,2.86581021342006,0.10827298731596363
5.26,43.449951,35.7103,22.719934,44.406105,36.882622,22.633024,1.023357,1.08008400639475,1.0550257041602,0.10827298731596363
1.1726,44.720165,37.766644,23.12565,41.614643,38.204678,23.429976,1.68676,1.78026094376294,2.86581021342006,0.24463321833960086
5.27,43.449951,35.560188,22.639994,44.391842,37.037529,22.73987,1.237548,1.30614810075644,1.08913506367349,0.24463321833960086
1.1726,44.720165,37.766644,23.12565,41.614643,38.204678,23.429976,1.68676,1.78026094376294,2.86581021342006,0.31298213085044724
5.29,44.330009,37.199749,23.160069,43.78183,37.969376,23.073114,1.070955,1.13032047180846,0.634188057383681,0.31298213085044724
1.1726,44.720165,37.766644,23.12565,41.614643,38.204678,23.429976,1.68676,1.78026094376294,2.86581021342006,0.4353752622997839
5.30,45.350056,36.019573,23.100149,44.32386,37.201443,23.160089,1.42794,1.50709396241128,1.10060055129705,0.4353752622997839
1.1726,44.720165,37.766644,23.12565,41.614643,38.204678,23.429976,1.68676,1.78026094376294,2.86581021342006,0.21819830933706866
5.31,45.229973,36.590229,23.069777,43.780373,37.969959,23.060562,1.800791,1.90061294148533,1.49856678092753,0.21819830933706866
1.1726,44.720165,37.766644,23.12565,41.614643,38.204678,23.429976,1.68676,1.78026094376294,2.86581021342006,0.08343600512055883
5.32,43.95993,37.0205,22.63007,44.376717,37.008488,23.037443,0.936094,0.987983819802948,0.459220089571616,0.08343600512055883
1.1726,44.720165,37.766644,23.12565,41.614643,38.204678,23.429976,1.68676,1.78026094376294,2.86581021342006,0.28654317501297955
5.33,43.899956,37.030128,22.490103,44.417511,36.98003,23.17672,1.102687,1.16381144875093,0.638802995769043,0.28654317501297955
1.1726,44.720165,37.766644,23.12565,41.614643,38.204678,23.429976,1.68676,1.78026094376294,2.86581021342006,0.5906711120211814
5.34,43.759983,37.000278,22.37995,44.56496,37.031937,23.284607,1.340677,1.41499377581948,0.91776648364448,0.5906711120211814
1.1726,44.720165,37.766644,23.12565,41.614643,38.204678,23.429976,1.68676,1.78026094376294,2.86581021342006,0.07608207085980719
5.35,43.370056,37.029957,22.269957,44.965286,36.990047,23.413904,1.800791,1.90061294148533,1.64083021643964,0.07608207085980719
1.1726,44.720165,37.766644,23.12565,41.614643,38.204678,23.429976,1.68676,1.78026094376294,2.86581021342006,0.14907122123416308
5.37,45.219978,37.020203,22.339933,44.218014,37.151577,23.296185,1.023357,1.08008400639475,1.0849785346728,0.14907122123416308
1.1726,44.720165,37.766644,23.12565,41.614643,38.204678,23.429976,1.68676,1.78026094376294,2.86581021342006,0.39523570902407884
5.38,45.259933,37.10017,22.099951,44.173214,37.137138,23.219437,1.308945,1.381502798877,1.21400281575858,0.39523570902407884
1.1726,44.720165,37.766644,23.12565,41.614643,38.204678,23.429976,1.68676,1.78026094376294,2.86581021342006,0.497277894062334
5.42,43.86005,36.959896,22.410271,44.775291,36.950111,22.187439,1.26928,1.33963907769891,0.867505507831591,0.497277894062334
1.1726,44.720165,37.766644,23.12565,41.614643,38.204678,23.429976,1.68676,1.78026094376294,2.86581021342006,0.09272348822047462
6.65,43.11,35.49,22.27,43.99727809141985,36.41270480287401,23.247455175121324,1.02,1.0765409202484,0.961519585938287,0.09272348822047462
1.1726,44.720165,37.766644,23.12565,41.614643,38.204678,23.429976,1.68676,1.78026094376294,2.86581021342006,0.10876260809298344
6.67,43.35,35.28,22.09,42.534454807058474,36.21159743287278,23.08677745803963,1.02,1.0765409202484,0.905754223976326,0.10876260809298344
1.1726,44.720165,37.766644,23.12565,41.614643,38.204678,23.429976,1.68676,1.78026094376294,2.86581021342006,0.0664008642841004
6.224,42.93,35.16,23.56,43.50021798331866,35.57265775108587,22.525854666218127,1.02,1.0765409202484,0.90483557540355,0.0664008642841004
1.1726,44.720165,37.766644,23.12565,41.614643,38.204678,23.429976,1.68676,1.78026094376294,2.86581021342006,0.0548831015218468
7.92,44.57517149224873,36.95897623838063,23.023442749720434,44.58934775569448,39.080708778986896,25.054252197224102,0.982452,1.03691154919596,1.02575885376779,0.0548831015218468
1.1726,44.720165,37.766644,23.12565,41.614643,38.204678,23.429976,1.68676,1.78026094376294,2.86581021342006,0.10270180624691473
7.112,44.57517149224873,36.95897623838063,23.023442749720434,45.67525911468617,37.772985385557675,23.457170351200073,1.029851,1.086937983587,1.08944222284532,0.10270180624691473
1.1726,44.720165,37.766644,23.12565,41.614643,38.204678,23.429976,1.68676,1.78026094376294,2.86581021342006,0.17247332091300346
7.113,44.57517149224873,36.95897623838063,23.023442749720434,45.90691825034913,37.77152031503201,23.52961375158339,1.219447,1.28704372115113,1.30608321910391,0.17247332091300346
1.1726,44.720165,37.766644,23.12565,41.614643,38.204678,23.429976,1.68676,1.78026094376294,2.86581021342006,0.15147213890267747
7.117,44.57517149224873,36.95897623838063,23.023442749720434,43.43360642568766,36.173492413329456,22.566770196731134,1.03416,1.09148584125891,1.10901620179134,0.15147213890267747
1.1726,44.720165,37.766644,23.12565,41.614643,38.204678,23.429976,1.68676,1.78026094376294,2.86581021342006,0.15961718778042544
7.118,44.57517149224873,36.95897623838063,23.023442749720434,43.10777397801501,35.995247030617236,22.45824415660518,1.197902,1.26430443279157,1.41769205273371,0.15961718778042544
1.1726,44.720165,37.766644,23.12565,41.614643,38.204678,23.429976,1.68676,1.78026094376294,2.86581021342006,0.05463950099333872
7.207,44.56098859042097,38.573724315756394,24.555576237150024,44.57517149224873,35.39963351280417,21.68765529136163,1.279773,1.3507137285579,1.5059249263214,0.05463950099333872
1.1726,44.720165,37.766644,23.12565,41.614643,38.204678,23.429976,1.68676,1.78026094376294,2.86581021342006,0.06639693249527549
7.209,44.56098859042097,38.573724315756394,24.555576237150024,44.34744313390436,36.02380869130917,23.779829262379405,0.969525,1.02326797618023,1.00400707881983,0.06639693249527549
1.1726,44.720165,37.766644,23.12565,41.614643,38.204678,23.429976,1.68676,1.78026094376294,2.86581021342006,0.24673610200523716
7.211,44.56098859042097,38.573724315756394,24.555576237150024,43.69756372940281,36.53801632030218,22.59692718339512,1.189284,1.25520871744775,1.28355966155084,0.24673610200523716
1.1726,44.720165,37.766644,23.12565,41.614643,38.204678,23.429976,1.68676,1.78026094376294,2.86581021342006,0.0666798292263418
7.233,44.58934775569448,39.08073030870446,25.054230400583457,44.518399976803536,35.47269278352355,24.026488381628653,1.240992,1.30978300951069,1.40644163864245,0.0666798292263418
1.1726,44.720165,37.766644,23.12565,41.614643,38.204678,23.429976,1.68676,1.78026094376294,2.86581021342006,0.08500149261012065
7.382,44.34744313390436,36.02371776774294,23.780033708416347,45.455625795399975,37.53417018065136,23.294493932593664,1.167739,1.23246942908818,1.36831160428229,0.08500149261012065
1.1726,44.720165,37.766644,23.12565,41.614643,38.204678,23.429976,1.68676,1.78026094376294,2.86581021342006,0.050546112214647124
7.383,44.34744313390436,36.02371776774294,23.780033708416347,43.69756372940281,36.53792439851406,22.597128484669902,0.909199,0.959597968773457,1.04414862934801,0.050546112214647124
1.1726,44.720165,37.766644,23.12565,41.614643,38.204678,23.429976,1.68676,1.78026094376294,2.86581021342006,0.05344116400414329
7.404,45.06744545788468,37.23821468296523,23.194550007141924,44.11798295939927,36.44217685030859,22.849908142926267,0.926435,0.977789399461106,0.943647459411894,0.05344116400414329
1.1727,44.720165,37.766644,23.12565,45.32793,37.76984,25.223213,1.17392,1.23899305597844,1.34655882795068,0.09772173056597497
1.1734,44.720165,37.766644,23.12565,42.057941,36.92165,25.099762,1.68676,1.78026094376294,2.83060569225389,0.09772173056597497
1.1727,44.720165,37.766644,23.12565,45.32793,37.76984,25.223213,1.17392,1.23899305597844,1.34655882795068,0.11166965978159878
7.361,44.60351738852064,38.78155571208269,21.746543197241397,44.489974232848624,35.28218457991533,24.28917730304483,1.620184,1.70999448463896,2.70544683885885,0.11166965978159878
1.1728,44.720165,37.766644,23.12565,42.755711,37.479897,22.81263,1.47957,1.56158593075679,1.83169844018474,0.06475582924798237
5.29,44.330009,37.199749,23.160069,43.78183,37.969376,23.073114,1.070955,1.13032047180846,0.634188057383681,0.06475582924798237
1.1728,44.720165,37.766644,23.12565,42.755711,37.479897,22.81263,1.47957,1.56158593075679,1.83169844018474,0.15466762599644063
5.32,43.95993,37.0205,22.63007,44.376717,37.008488,23.037443,0.936094,0.987983819802948,0.459220089571616,0.15466762599644063
1.1728,44.720165,37.766644,23.12565,42.755711,37.479897,22.81263,1.47957,1.56158593075679,1.83169844018474,0.06472105777802059
5.33,43.899956,37.030128,22.490103,44.417511,36.98003,23.17672,1.102687,1.16381144875093,0.638802995769043,0.06472105777802059
1.1730,44.720165,37.766644,23.12565,43.055603,38.136776,23.582598,1.03659,1.09405054168656,1.56604958375303,0.07533152014461865
1.1787,44.730747,37.294174,23.309671,44.489975,36.890717,23.295794,0.486312,0.513269380399844,0.288467514487488,0.07533152014461865
1.1732,44.720165,37.766644,23.12565,44.720165,37.533592,19.276834,1.47957,1.56158593075679,2.23166992904526,0.212979790821483
4.12,43.870068,35.629742,21.290045,44.072601,37.127289,22.695574,1.126994,1.18946584105336,0.769554419490261,0.212979790821483
1.1732,44.720165,37.766644,23.12565,44.720165,37.533592,19.276834,1.47957,1.56158593075679,2.23166992904526,0.1306260919143569
4.105,43.81995,37.200417,21.679749,44.566662,37.167774,21.584,0.83826,0.884726658634731,0.700351892324673,0.1306260919143569
1.1732,44.720165,37.766644,23.12565,44.720165,37.533592,19.276834,1.47957,1.56158593075679,2.23166992904526,0.1325162666145508
4.106,43.86005,36.959896,22.410271,44.775291,36.950111,22.187439,1.229448,1.29759909933094,0.867505507831591,0.1325162666145508
1.1732,44.720165,37.766644,23.12565,44.720165,37.533592,19.276834,1.47957,1.56158593075679,2.23166992904526,0.05569431486562786
5.9,44.510017,36.00988,22.309853,44.396122,38.320248,22.87945,1.070955,1.13032047180846,0.908276829574393,0.05569431486562786
1.1732,44.720165,37.766644,23.12565,44.720165,37.533592,19.276834,1.47957,1.56158593075679,2.23166992904526,0.06092600079524991
5.12,44.449993,37.159794,21.469868,44.449993,36.990246,22.78462,0.785367,0.828901679326202,0.820644311790879,0.06092600079524991
1.1732,44.720165,37.766644,23.12565,44.720165,37.533592,19.276834,1.47957,1.56158593075679,2.23166992904526,0.11644743110432658
5.13,44.440022,37.059891,21.320107,44.468494,37.088528,22.914507,1.047156,1.1052022391016,0.93706972375273,0.11644743110432658
1.1732,44.720165,37.766644,23.12565,44.720165,37.533592,19.276834,1.47957,1.56158593075679,2.23166992904526,0.053150210444369454
5.17,44.389988,35.119984,20.709894,44.389988,36.770107,22.39739,0.864697,0.912629121682385,0.885971199709651,0.053150210444369454
1.1732,44.720165,37.766644,23.12565,44.720165,37.533592,19.276834,1.47957,1.56158593075679,2.23166992904526,0.05243239323041042
5.21,44.500069,37.659645,21.260138,44.386135,36.4664,22.274618,0.936094,0.987983819802948,0.995990787347523,0.05243239323041042
1.1732,44.720165,37.766644,23.12565,44.720165,37.533592,19.276834,1.47957,1.56158593075679,2.23166992904526,0.07985844029298649
5.29,44.330009,37.199749,23.160069,43.78183,37.969376,23.073114,1.070955,1.13032047180846,0.634188057383681,0.07985844029298649
1.1732,44.720165,37.766644,23.12565,44.720165,37.533592,19.276834,1.47957,1.56158593075679,2.23166992904526,0.14665867089628407
5.32,43.95993,37.0205,22.63007,44.376717,37.008488,23.037443,0.936094,0.987983819802948,0.459220089571616,0.14665867089628407
1.1732,44.720165,37.766644,23.12565,44.720165,37.533592,19.276834,1.47957,1.56158593075679,2.23166992904526,0.1986475172495295
5.33,43.899956,37.030128,22.490103,44.417511,36.98003,23.17672,1.102687,1.16381144875093,0.638802995769043,0.1986475172495295
1.1732,44.720165,37.766644,23.12565,44.720165,37.533592,19.276834,1.47957,1.56158593075679,2.23166992904526,0.07188338731269113
5.34,43.759983,37.000278,22.37995,44.56496,37.031937,23.284607,1.340677,1.41499377581948,0.91776648364448,0.07188338731269113
1.1732,44.720165,37.766644,23.12565,44.720165,37.533592,19.276834,1.47957,1.56158593075679,2.23166992904526,0.16159993895188257
5.41,43.81995,37.200417,21.679749,44.566662,37.167774,21.584,0.87263,0.921001865918003,0.700351892324673,0.16159993895188257
1.1732,44.720165,37.766644,23.12565,44.720165,37.533592,19.276834,1.47957,1.56158593075679,2.23166992904526,0.13403170284783467
5.42,43.86005,36.959896,22.410271,44.775291,36.950111,22.187439,1.26928,1.33963907769891,0.867505507831591,0.13403170284783467
1.1733,44.720165,37.766644,23.12565,43.525524,36.431755,23.569441,1.00598,1.06174375975636,1.36094568419417,0.09034387776456368
1.1734,44.720165,37.766644,23.12565,42.057941,36.92165,25.099762,1.68676,1.78026094376294,2.83060569225389,0.09034387776456368
1.1733,44.720165,37.766644,23.12565,43.525524,36.431755,23.569441,1.00598,1.06174375975636,1.36094568419417,0.08115308172244055
7.361,44.60351738852064,38.78155571208269,21.746543197241397,44.489974232848624,35.28218457991533,24.28917730304483,1.620184,1.70999448463896,2.70544683885885,0.08115308172244055
1.1734,44.720165,37.766644,23.12565,42.057941,36.92165,25.099762,1.68676,1.78026094376294,2.83060569225389,0.05968790262620273
4.13,43.449951,38.100449,20.989811,43.626087,37.972427,23.039627,0.987284,1.04201139794757,1.24802879487183,0.05968790262620273
1.1734,44.720165,37.766644,23.12565,42.057941,36.92165,25.099762,1.68676,1.78026094376294,2.83060569225389,0.05479779566966794
4.76,45.099937,36.750183,22.469835,46.181698,36.91983,22.239534,1.145622,1.20912643346747,1.05157489929332,0.05479779566966794
1.1734,44.720165,37.766644,23.12565,42.057941,36.92165,25.099762,1.68676,1.78026094376294,2.83060569225389,0.27334377366373414
4.77,43.600025,37.299789,22.570135,44.974243,37.176563,22.39678,1.359844,1.43522324622967,1.29024390106441,0.27334377366373414
1.1734,44.720165,37.766644,23.12565,42.057941,36.92165,25.099762,1.68676,1.78026094376294,2.83060569225389,0.28832505806616004
4.106,43.86005,36.959896,22.410271,44.775291,36.950111,22.187439,1.229448,1.29759909933094,0.867505507831591,0.28832505806616004
1.1734,44.720165,37.766644,23.12565,42.057941,36.92165,25.099762,1.68676,1.78026094376294,2.83060569225389,0.07470483625068478
4.107,43.990017,37.080006,23.210077,45.608574,36.694283,22.471897,1.341216,1.41556265381557,1.57250682058097,0.07470483625068478
1.1734,44.720165,37.766644,23.12565,42.057941,36.92165,25.099762,1.68676,1.78026094376294,2.83060569225389,0.056496920300706625
5.3,44.880054,37.119598,22.940094,46.212364,37.041267,22.777866,1.070955,1.13032047180846,1.2749658582207,0.056496920300706625
1.1734,44.720165,37.766644,23.12565,42.057941,36.92165,25.099762,1.68676,1.78026094376294,2.83060569225389,0.06533420053841826
5.9,44.510017,36.00988,22.309853,44.396122,38.320248,22.87945,1.070955,1.13032047180846,0.908276829574393,0.06533420053841826
1.1734,44.720165,37.766644,23.12565,42.057941,36.92165,25.099762,1.68676,1.78026094376294,2.83060569225389,0.15090207739310982
5.10,44.489975,35.940083,22.349972,44.418793,38.393051,22.841824,1.308945,1.381502798877,0.978364339257622,0.15090207739310982
1.1734,44.720165,37.766644,23.12565,42.057941,36.92165,25.099762,1.68676,1.78026094376294,2.83060569225389,0.10827015596606529
5.13,44.440022,37.059891,21.320107,44.468494,37.088528,22.914507,1.047156,1.1052022391016,0.93706972375273,0.10827015596606529
1.1734,44.720165,37.766644,23.12565,42.057941,36.92165,25.099762,1.68676,1.78026094376294,2.83060569225389,0.24102492726787303
5.14,44.470062,37.049984,21.120243,44.441589,37.090839,23.134239,1.285146,1.35638456617015,1.18231127804555,0.24102492726787303
1.1734,44.720165,37.766644,23.12565,42.057941,36.92165,25.099762,1.68676,1.78026094376294,2.83060569225389,0.09919315389419228
5.22,44.449993,37.710121,21.169832,44.435749,36.423412,22.37541,1.158218,1.22242065840026,1.12715683194151,0.09919315389419228
1.1734,44.720165,37.766644,23.12565,42.057941,36.92165,25.099762,1.68676,1.78026094376294,2.83060569225389,0.10454680174705609
5.23,44.480019,37.719929,20.979906,44.394554,36.395611,22.567541,1.380342,1.45685749699757,1.35091214089471,0.10454680174705609
1.1734,44.720165,37.766644,23.12565,42.057941,36.92165,25.099762,1.68676,1.78026094376294,2.83060569225389,0.12481723080242967
5.26,43.449951,35.7103,22.719934,44.406105,36.882622,22.633024,1.023357,1.08008400639475,1.0550257041602,0.12481723080242967
1.1734,44.720165,37.766644,23.12565,42.057941,36.92165,25.099762,1.68676,1.78026094376294,2.83060569225389,0.28755237282862994
5.27,43.449951,35.560188,22.639994,44.391842,37.037529,22.73987,1.237548,1.30614810075644,1.08913506367349,0.28755237282862994
1.1734,44.720165,37.766644,23.12565,42.057941,36.92165,25.099762,1.68676,1.78026094376294,2.83060569225389,0.2174255244499179
5.29,44.330009,37.199749,23.160069,43.78183,37.969376,23.073114,1.070955,1.13032047180846,0.634188057383681,0.2174255244499179
1.1734,44.720165,37.766644,23.12565,42.057941,36.92165,25.099762,1.68676,1.78026094376294,2.83060569225389,0.11442396341524133
5.30,45.350056,36.019573,23.100149,44.32386,37.201443,23.160089,1.42794,1.50709396241128,1.10060055129705,0.11442396341524133
1.1734,44.720165,37.766644,23.12565,42.057941,36.92165,25.099762,1.68676,1.78026094376294,2.83060569225389,0.12309914404045634
5.31,45.229973,36.590229,23.069777,43.780373,37.969959,23.060562,1.800791,1.90061294148533,1.49856678092753,0.12309914404045634
1.1734,44.720165,37.766644,23.12565,42.057941,36.92165,25.099762,1.68676,1.78026094376294,2.83060569225389,0.0596504241190721
5.32,43.95993,37.0205,22.63007,44.376717,37.008488,23.037443,0.936094,0.987983819802948,0.459220089571616,0.0596504241190721
1.1734,44.720165,37.766644,23.12565,42.057941,36.92165,25.099762,1.68676,1.78026094376294,2.83060569225389,0.1869933581221332
5.33,43.899956,37.030128,22.490103,44.417511,36.98003,23.17672,1.102687,1.16381144875093,0.638802995769043,0.1869933581221332
1.1734,44.720165,37.766644,23.12565,42.057941,36.92165,25.099762,1.68676,1.78026094376294,2.83060569225389,0.36098689856188804
5.34,43.759983,37.000278,22.37995,44.56496,37.031937,23.284607,1.340677,1.41499377581948,0.91776648364448,0.36098689856188804
1.1734,44.720165,37.766644,23.12565,42.057941,36.92165,25.099762,1.68676,1.78026094376294,2.83060569225389,0.14225353348396208
5.37,45.219978,37.020203,22.339933,44.218014,37.151577,23.296185,1.023357,1.08008400639475,1.0849785346728,0.14225353348396208
1.1734,44.720165,37.766644,23.12565,42.057941,36.92165,25.099762,1.68676,1.78026094376294,2.83060569225389,0.35234006006481894
5.38,45.259933,37.10017,22.099951,44.173214,37.137138,23.219437,1.308945,1.381502798877,1.21400281575858,0.35234006006481894
1.1734,44.720165,37.766644,23.12565,42.057941,36.92165,25.099762,1.68676,1.78026094376294,2.83060569225389,0.31474219823038546
5.42,43.86005,36.959896,22.410271,44.775291,36.950111,22.187439,1.26928,1.33963907769891,0.867505507831591,0.31474219823038546
1.1734,44.720165,37.766644,23.12565,42.057941,36.92165,25.099762,1.68676,1.78026094376294,2.83060569225389,0.08779505235647095
6.65,43.11,35.49,22.27,43.99727809141985,36.41270480287401,23.247455175121324,1.02,1.0765409202484,0.961519585938287,0.08779505235647095
1.1734,44.720165,37.766644,23.12565,42.057941,36.92165,25.099762,1.68676,1.78026094376294,2.83060569225389,0.10926300172440698
6.67,43.35,35.28,22.09,42.534454807058474,36.21159743287278,23.08677745803963,1.02,1.0765409202484,0.905754223976326,0.10926300172440698
1.1734,44.720165,37.766644,23.12565,42.057941,36.92165,25.099762,1.68676,1.78026094376294,2.83060569225389,0.0891813617133363
6.68,42.93,35.16,23.56,42.35978201668134,34.74734224891412,24.59414533378187,1.02,1.0765409202484,0.902702970996723,0.0891813617133363
1.1734,44.720165,37.766644,23.12565,42.057941,36.92165,25.099762,1.68676,1.78026094376294,2.83060569225389,0.1342811238094025
6.224,42.93,35.16,23.56,43.50021798331866,35.57265775108587,22.525854666218127,1.02,1.0765409202484,0.90483557540355,0.1342811238094025
1.1734,44.720165,37.766644,23.12565,42.057941,36.92165,25.099762,1.68676,1.78026094376294,2.83060569225389,0.06649949342193065
7.92,44.57517149224873,36.95897623838063,23.023442749720434,44.58934775569448,39.080708778986896,25.054252197224102,0.982452,1.03691154919596,1.02575885376779,0.06649949342193065
1.1734,44.720165,37.766644,23.12565,42.057941,36.92165,25.099762,1.68676,1.78026094376294,2.83060569225389,0.053915442634774345
7.93,44.57517149224873,36.95897623838063,23.023442749720434,44.57517149224873,39.728474247960776,25.63231821607862,1.146194,1.20973014072862,1.31466287228764,0.053915442634774345
1.1734,44.720165,37.766644,23.12565,42.057941,36.92165,25.099762,1.68676,1.78026094376294,2.83060569225389,0.09596240704750157
7.112,44.57517149224873,36.95897623838063,23.023442749720434,45.67525911468617,37.772985385557675,23.457170351200073,1.029851,1.086937983587,1.08944222284532,0.09596240704750157
1.1734,44.720165,37.766644,23.12565,42.057941,36.92165,25.099762,1.68676,1.78026094376294,2.83060569225389,0.1498416600436748
7.113,44.57517149224873,36.95897623838063,23.023442749720434,45.90691825034913,37.77152031503201,23.52961375158339,1.219447,1.28704372115113,1.30608321910391,0.1498416600436748
1.1734,44.720165,37.766644,23.12565,42.057941,36.92165,25.099762,1.68676,1.78026094376294,2.83060569225389,0.13068602559355624
7.117,44.57517149224873,36.95897623838063,23.023442749720434,43.43360642568766,36.173492413329456,22.566770196731134,1.03416,1.09148584125891,1.10901620179134,0.13068602559355624
1.1734,44.720165,37.766644,23.12565,42.057941,36.92165,25.099762,1.68676,1.78026094376294,2.83060569225389,0.11851988750899427
7.118,44.57517149224873,36.95897623838063,23.023442749720434,43.10777397801501,35.995247030617236,22.45824415660518,1.197902,1.26430443279157,1.41769205273371,0.11851988750899427
1.1734,44.720165,37.766644,23.12565,42.057941,36.92165,25.099762,1.68676,1.78026094376294,2.83060569225389,0.05090451734446877
7.207,44.56098859042097,38.573724315756394,24.555576237150024,44.57517149224873,35.39963351280417,21.68765529136163,1.279773,1.3507137285579,1.5059249263214,0.05090451734446877
1.1734,44.720165,37.766644,23.12565,42.057941,36.92165,25.099762,1.68676,1.78026094376294,2.83060569225389,0.09841043548735941
7.209,44.56098859042097,38.573724315756394,24.555576237150024,44.34744313390436,36.02380869130917,23.779829262379405,0.969525,1.02326797618023,1.00400707881983,0.09841043548735941
1.1734,44.720165,37.766644,23.12565,42.057941,36.92165,25.099762,1.68676,1.78026094376294,2.83060569225389,0.18397705171854334
7.211,44.56098859042097,38.573724315756394,24.555576237150024,43.69756372940281,36.53801632030218,22.59692718339512,1.189284,1.25520871744775,1.28355966155084,0.18397705171854334
1.1734,44.720165,37.766644,23.12565,42.057941,36.92165,25.099762,1.68676,1.78026094376294,2.83060569225389,0.10238693938832463
7.233,44.58934775569448,39.08073030870446,25.054230400583457,44.518399976803536,35.47269278352355,24.026488381628653,1.240992,1.30978300951069,1.40644163864245,0.10238693938832463
1.1734,44.720165,37.766644,23.12565,42.057941,36.92165,25.099762,1.68676,1.78026094376294,2.83060569225389,0.1592608601037587
7.382,44.34744313390436,36.02371776774294,23.780033708416347,45.455625795399975,37.53417018065136,23.294493932593664,1.167739,1.23246942908818,1.36831160428229,0.1592608601037587
1.1734,44.720165,37.766644,23.12565,42.057941,36.92165,25.099762,1.68676,1.78026094376294,2.83060569225389,0.051518205967278366
7.383,44.34744313390436,36.02371776774294,23.780033708416347,43.69756372940281,36.53792439851406,22.597128484669902,0.909199,0.959597968773457,1.04414862934801,0.051518205967278366
1.1734,44.720165,37.766644,23.12565,42.057941,36.92165,25.099762,1.68676,1.78026094376294,2.83060569225389,0.05429612926771998
7.404,45.06744545788468,37.23821468296523,23.194550007141924,44.11798295939927,36.44217685030859,22.849908142926267,0.926435,0.977789399461106,0.943647459411894,0.05429612926771998
1.1736,44.720165,37.766644,23.12565,44.107182,36.209934,25.132729,1.42413,1.50307276544447,1.77182485915439,0.10770704640293886
5.32,43.95993,37.0205,22.63007,44.376717,37.008488,23.037443,0.936094,0.987983819802948,0.459220089571616,0.10770704640293886
1.1737,44.720165,37.766644,23.12565,46.421906,38.469749,25.540062,1.39874,1.47627533998848,2.05058606675771,0.07959242550022536
1.1807,44.730747,37.294174,23.309671,45.164955,37.560791,23.476326,0.666092,0.703014994754998,0.424197352508652,0.07959242550022536
1.1737,44.720165,37.766644,23.12565,46.421906,38.469749,25.540062,1.39874,1.47627533998848,2.05058606675771,0.1191213942527251
1.1813,44.730747,37.294174,23.309671,45.414268,37.658691,23.715281,0.842586,0.889292458655313,0.678541454913634,0.1191213942527251
1.1737,44.720165,37.766644,23.12565,46.421906,38.469749,25.540062,1.39874,1.47627533998848,2.05058606675771,0.07398458692390983
5.29,44.330009,37.199749,23.160069,43.78183,37.969376,23.073114,1.070955,1.13032047180846,0.634188057383681,0.07398458692390983
1.1737,44.720165,37.766644,23.12565,46.421906,38.469749,25.540062,1.39874,1.47627533998848,2.05058606675771,0.12961984165177473
5.32,43.95993,37.0205,22.63007,44.376717,37.008488,23.037443,0.936094,0.987983819802948,0.459220089571616,0.12961984165177473
1.1737,44.720165,37.766644,23.12565,46.421906,38.469749,25.540062,1.39874,1.47627533998848,2.05058606675771,0.0983744242662394
5.33,43.899956,37.030128,22.490103,44.417511,36.98003,23.17672,1.102687,1.16381144875093,0.638802995769043,0.0983744242662394
1.1737,44.720165,37.766644,23.12565,46.421906,38.469749,25.540062,1.39874,1.47627533998848,2.05058606675771,0.05815927875853203
7.91,44.57517149224873,36.95897623838063,23.023442749720434,44.56098859042097,38.573629232545095,24.55590075641114,0.81871,0.864092957663303,0.780254950052494,0.05815927875853203
1.1754,62.634056,0.170875,0.072071,62.952515,0.442805,-0.218326,0.883185,0.932141953578024,0.560632048027587,0.09017319746651367
7.178,62.625639713294134,-0.23944473055187432,1.0386475053027588,62.768458263626584,0.772576138392489,0.014121422550505969,1.370262,1.44621873966805,1.81597356395443,0.09017319746651367
1.1767,62.634056,0.170875,0.072071,62.134426,0.053322,-0.160622,0.80097,0.845369589109179,0.515047067945033,0.08895539715807305
7.178,62.625639713294134,-0.23944473055187432,1.0386475053027588,62.768458263626584,0.772576138392489,0.014121422550505969,1.370262,1.44621873966805,1.81597356395443,0.08895539715807305
1.1782,44.730747,37.294174,23.309671,44.376003,37.268784,22.72851,0.61297,0.646948321455552,0.472998084050771,0.0628450809188489
7.232,44.58934775569448,39.08073030870446,25.054230400583457,44.518399976803536,38.51998356159486,21.88085916778334,1.081559,1.14151227564994,1.72219332581613,0.0628450809188489
1.1782,44.730747,37.294174,23.309671,44.376003,37.268784,22.72851,0.61297,0.646948321455552,0.472998084050771,0.0660738943629001
7.251,44.57517149224873,39.72815094261306,25.632041471795464,44.60351738852064,38.781360410799046,21.746531549356305,1.24961,1.31887872485451,2.05091307129697,0.0660738943629001
1.1782,44.730747,37.294174,23.309671,44.376003,37.268784,22.72851,0.61297,0.646948321455552,0.472998084050771,0.05572467010762653
7.346,44.518399976803536,38.07475025490275,22.14004500426815,44.34744313390436,36.02372896502304,23.779882287815145,1.072941,1.13241656030612,1.66838563315293,0.05572467010762653
1.1782,44.730747,37.294174,23.309671,44.376003,37.268784,22.72851,0.61297,0.646948321455552,0.472998084050771,0.06485111721118228
7.351,44.518399976803536,38.519666028744126,21.880905505662586,44.518399976803536,35.472383338272905,24.026531908961612,1.409043,1.48714945871526,2.31925786195933,0.06485111721118228
1.1783,44.730747,37.294174,23.309671,44.603519,37.491535,22.87644,0.450867,0.475859583421212,0.333623050542238,0.07399633557271193
7.232,44.58934775569448,39.08073030870446,25.054230400583457,44.518399976803536,38.51998356159486,21.88085916778334,1.081559,1.14151227564994,1.72219332581613,0.07399633557271193
1.1783,44.730747,37.294174,23.309671,44.603519,37.491535,22.87644,0.450867,0.475859583421212,0.333623050542238,0.08089798835776599
7.346,44.518399976803536,38.07475025490275,22.14004500426815,44.34744313390436,36.02372896502304,23.779882287815145,1.072941,1.13241656030612,1.66838563315293,0.08089798835776599
1.1784,44.730747,37.294174,23.309671,45.011585,36.774563,22.939335,0.427907,0.451626858392875,0.342573225872204,0.0528127225475761
7.232,44.58934775569448,39.08073030870446,25.054230400583457,44.518399976803536,38.51998356159486,21.88085916778334,1.081559,1.14151227564994,1.72219332581613,0.0528127225475761
1.1784,44.730747,37.294174,23.309671,45.011585,36.774563,22.939335,0.427907,0.451626858392875,0.342573225872204,0.06531301521138107
7.346,44.518399976803536,38.07475025490275,22.14004500426815,44.34744313390436,36.02372896502304,23.779882287815145,1.072941,1.13241656030612,1.66838563315293,0.06531301521138107
1.1787,44.730747,37.294174,23.309671,44.489975,36.890717,23.295794,0.486312,0.513269380399844,0.288467514487488,0.09715739598581523
7.232,44.58934775569448,39.08073030870446,25.054230400583457,44.518399976803536,38.51998356159486,21.88085916778334,1.081559,1.14151227564994,1.72219332581613,0.09715739598581523
1.1787,44.730747,37.294174,23.309671,44.489975,36.890717,23.295794,0.486312,0.513269380399844,0.288467514487488,0.12793563740769162
7.346,44.518399976803536,38.07475025490275,22.14004500426815,44.34744313390436,36.02372896502304,23.779882287815145,1.072941,1.13241656030612,1.66838563315293,0.12793563740769162
1.1789,44.730747,37.294174,23.309671,44.94162,37.722893,23.342882,0.352883,0.372444107411781,0.270334870358845,0.055139220884561344
7.346,44.518399976803536,38.07475025490275,22.14004500426815,44.34744313390436,36.02372896502304,23.779882287815145,1.072941,1.13241656030612,1.66838563315293,0.055139220884561344
1.1792,44.730747,37.294174,23.309671,45.151043,37.712601,23.178165,0.61297,0.646948321455552,0.463842846469114,0.0661571441176326
7.232,44.58934775569448,39.08073030870446,25.054230400583457,44.518399976803536,38.51998356159486,21.88085916778334,1.081559,1.14151227564994,1.72219332581613,0.0661571441176326
1.1792,44.730747,37.294174,23.309671,45.151043,37.712601,23.178165,0.61297,0.646948321455552,0.463842846469114,0.06685124926233532
7.251,44.57517149224873,39.72815094261306,25.632041471795464,44.60351738852064,38.781360410799046,21.746531549356305,1.24961,1.31887872485451,2.05091307129697,0.06685124926233532
1.1792,44.730747,37.294174,23.309671,45.151043,37.712601,23.178165,0.61297,0.646948321455552,0.463842846469114,0.0605193561601994
7.346,44.518399976803536,38.07475025490275,22.14004500426815,44.34744313390436,36.02372896502304,23.779882287815145,1.072941,1.13241656030612,1.66838563315293,0.0605193561601994
1.1792,44.730747,37.294174,23.309671,45.151043,37.712601,23.178165,0.61297,0.646948321455552,0.463842846469114,0.06387992646194561
7.351,44.518399976803536,38.519666028744126,21.880905505662586,44.518399976803536,35.472383338272905,24.026531908961612,1.409043,1.48714945871526,2.31925786195933,0.06387992646194561
1.1795,44.730747,37.294174,23.309671,45.081394,37.36092,23.239214,0.394149,0.415997575661752,0.337533464344028,0.05264915986282885
7.346,44.518399976803536,38.07475025490275,22.14004500426815,44.34744313390436,36.02372896502304,23.779882287815145,1.072941,1.13241656030612,1.66838563315293,0.05264915986282885
1.1797,44.730747,37.294174,23.309671,44.603519,37.597664,23.048445,0.347371,0.366626564713341,0.281276520035603,0.05030193138785617
7.346,44.518399976803536,38.07475025490275,22.14004500426815,44.34744313390436,36.02372896502304,23.779882287815145,1.072941,1.13241656030612,1.66838563315293,0.05030193138785617
1.1800,44.730747,37.294174,23.309671,44.773037,37.928432,22.963015,0.592439,0.625279241422591,0.431282795267478,0.08288743933890998
7.232,44.58934775569448,39.08073030870446,25.054230400583457,44.518399976803536,38.51998356159486,21.88085916778334,1.081559,1.14151227564994,1.72219332581613,0.08288743933890998
1.1800,44.730747,37.294174,23.309671,44.773037,37.928432,22.963015,0.592439,0.625279241422591,0.431282795267478,0.0673012441421177
7.251,44.57517149224873,39.72815094261306,25.632041471795464,44.60351738852064,38.781360410799046,21.746531549356305,1.24961,1.31887872485451,2.05091307129697,0.0673012441421177
1.1800,44.730747,37.294174,23.309671,44.773037,37.928432,22.963015,0.592439,0.625279241422591,0.431282795267478,0.07764176971962994
7.346,44.518399976803536,38.07475025490275,22.14004500426815,44.34744313390436,36.02372896502304,23.779882287815145,1.072941,1.13241656030612,1.66838563315293,0.07764176971962994
1.1800,44.730747,37.294174,23.309671,44.773037,37.928432,22.963015,0.592439,0.625279241422591,0.431282795267478,0.050871572271799705
7.351,44.518399976803536,38.519666028744126,21.880905505662586,44.518399976803536,35.472383338272905,24.026531908961612,1.409043,1.48714945871526,2.31925786195933,0.050871572271799705
1.1801,44.730747,37.294174,23.309671,45.025562,37.69384,23.636393,0.435288,0.45941700401283,0.329915060109301,0.07585940000346053
7.232,44.58934775569448,39.08073030870446,25.054230400583457,44.518399976803536,38.51998356159486,21.88085916778334,1.081559,1.14151227564994,1.72219332581613,0.07585940000346053
1.1801,44.730747,37.294174,23.309671,45.025562,37.69384,23.636393,0.435288,0.45941700401283,0.329915060109301,0.07130759938590363
7.346,44.518399976803536,38.07475025490275,22.14004500426815,44.34744313390436,36.02372896502304,23.779882287815145,1.072941,1.13241656030612,1.66838563315293,0.07130759938590363
1.1802,44.730747,37.294174,23.309671,45.05349,37.500896,23.39403,0.435288,0.45941700401283,0.314957097905854,0.07316962785789356
7.232,44.58934775569448,39.08073030870446,25.054230400583457,44.518399976803536,38.51998356159486,21.88085916778334,1.081559,1.14151227564994,1.72219332581613,0.07316962785789356
1.1802,44.730747,37.294174,23.309671,45.05349,37.500896,23.39403,0.435288,0.45941700401283,0.314957097905854,0.07939709351270509
7.346,44.518399976803536,38.07475025490275,22.14004500426815,44.34744313390436,36.02372896502304,23.779882287815145,1.072941,1.13241656030612,1.66838563315293,0.07939709351270509
1.1805,44.730747,37.294174,23.309671,44.913589,36.640297,23.255075,0.450867,0.475859583421212,0.329480305845096,0.05946237946653672
7.232,44.58934775569448,39.08073030870446,25.054230400583457,44.518399976803536,38.51998356159486,21.88085916778334,1.081559,1.14151227564994,1.72219332581613,0.05946237946653672
1.1805,44.730747,37.294174,23.309671,44.913589,36.640297,23.255075,0.450867,0.475859583421212,0.329480305845096,0.08278733508332971
7.346,44.518399976803536,38.07475025490275,22.14004500426815,44.34744313390436,36.02372896502304,23.779882287815145,1.072941,1.13241656030612,1.66838563315293,0.08278733508332971
1.1807,44.730747,37.294174,23.309671,45.164955,37.560791,23.476326,0.666092,0.703014994754998,0.424197352508652,0.10512810050662626
7.232,44.58934775569448,39.08073030870446,25.054230400583457,44.518399976803536,38.51998356159486,21.88085916778334,1.081559,1.14151227564994,1.72219332581613,0.10512810050662626
1.1807,44.730747,37.294174,23.309671,45.164955,37.560791,23.476326,0.666092,0.703014994754998,0.424197352508652,0.12305484891628607
7.251,44.57517149224873,39.72815094261306,25.632041471795464,44.60351738852064,38.781360410799046,21.746531549356305,1.24961,1.31887872485451,2.05091307129697,0.12305484891628607
1.1807,44.730747,37.294174,23.309671,45.164955,37.560791,23.476326,0.666092,0.703014994754998,0.424197352508652,0.09359627129182148
7.346,44.518399976803536,38.07475025490275,22.14004500426815,44.34744313390436,36.02372896502304,23.779882287815145,1.072941,1.13241656030612,1.66838563315293,0.09359627129182148
1.1807,44.730747,37.294174,23.309671,45.164955,37.560791,23.476326,0.666092,0.703014994754998,0.424197352508652,0.11089072992698522
7.351,44.518399976803536,38.519666028744126,21.880905505662586,44.518399976803536,35.472383338272905,24.026531908961612,1.409043,1.48714945871526,2.31925786195933,0.11089072992698522
1.1808,44.730747,37.294174,23.309671,44.730747,36.646122,23.091211,0.331243,0.349604552986119,0.248330452818635,0.05086054821392179
7.346,44.518399976803536,38.07475025490275,22.14004500426815,44.34744313390436,36.02372896502304,23.779882287815145,1.072941,1.13241656030612,1.66838563315293,0.05086054821392179
1.1813,44.730747,37.294174,23.309671,45.414268,37.658691,23.715281,0.842586,0.889292458655313,0.678541454913634,0.10171423790021888
7.251,44.57517149224873,39.72815094261306,25.632041471795464,44.60351738852064,38.781360410799046,21.746531549356305,1.24961,1.31887872485451,2.05091307129697,0.10171423790021888
1.1813,44.730747,37.294174,23.309671,45.414268,37.658691,23.715281,0.842586,0.889292458655313,0.678541454913634,0.26974694133925997
7.351,44.518399976803536,38.519666028744126,21.880905505662586,44.518399976803536,35.472383338272905,24.026531908961612,1.409043,1.48714945871526,2.31925786195933,0.26974694133925997
1.1813,44.730747,37.294174,23.309671,45.414268,37.658691,23.715281,0.842586,0.889292458655313,0.678541454913634,0.06081762103292419
7.361,44.60351738852064,38.78155571208269,21.746543197241397,44.489974232848624,35.28218457991533,24.28917730304483,1.620184,1.70999448463896,2.70544683885885,0.06081762103292419
1.1814,44.730747,37.294174,23.309671,45.081394,37.738724,23.388609,0.507032,0.535137937132733,0.376720984237306,0.085454491041774
7.232,44.58934775569448,39.08073030870446,25.054230400583457,44.518399976803536,38.51998356159486,21.88085916778334,1.081559,1.14151227564994,1.72219332581613,0.085454491041774
1.1814,44.730747,37.294174,23.309671,45.081394,37.738724,23.388609,0.507032,0.535137937132733,0.376720984237306,0.08265285254970187
7.346,44.518399976803536,38.07475025490275,22.14004500426815,44.34744313390436,36.02372896502304,23.779882287815145,1.072941,1.13241656030612,1.66838563315293,0.08265285254970187
1.1818,44.730747,37.294174,23.309671,44.955627,37.489159,23.577671,0.336557,0.355213120094158,0.249691368446677,0.05075646585602003
7.346,44.518399976803536,38.07475025490275,22.14004500426815,44.34744313390436,36.02372896502304,23.779882287815145,1.072941,1.13241656030612,1.66838563315293,0.05075646585602003
1.1822,44.730747,37.294174,23.309671,45.05349,37.210979,23.173771,0.413835,0.436774815422546,0.312429740788317,0.05882635089276972
7.232,44.58934775569448,39.08073030870446,25.054230400583457,44.518399976803536,38.51998356159486,21.88085916778334,1.081559,1.14151227564994,1.72219332581613,0.05882635089276972
1.1822,44.730747,37.294174,23.309671,45.05349,37.210979,23.173771,0.413835,0.436774815422546,0.312429740788317,0.07001775219583964
7.346,44.518399976803536,38.07475025490275,22.14004500426815,44.34744313390436,36.02372896502304,23.779882287815145,1.072941,1.13241656030612,1.66838563315293,0.07001775219583964
1.1874,56.386917,-31.219675,0.611009,56.525665,-31.50209,0.932555,0.225748,0.238261725161016,0.276005595501426,0.06148053132621824
7.204,56.2775260131273,-33.137940113306726,0.6287774271269919,56.1777914776996,-29.437833451278873,0.1758934926628708,0.853182,0.9004758190386,1.59307803468244,0.06148053132621824
1.1876,56.386917,-31.219675,0.611009,56.673737,-30.639708,0.609074,0.346816,0.366040799800853,0.362715768530112,0.06065164408195067
7.204,56.2775260131273,-33.137940113306726,0.6287774271269919,56.1777914776996,-29.437833451278873,0.1758934926628708,0.853182,0.9004758190386,1.59307803468244,0.06065164408195067
1.1877,56.386917,-31.219675,0.611009,56.426613,-30.76679,0.421238,0.166806,0.176052436022505,0.232636623956694,0.0541550745586976
7.204,56.2775260131273,-33.137940113306726,0.6287774271269919,56.1777914776996,-29.437833451278873,0.1758934926628708,0.853182,0.9004758190386,1.59307803468244,0.0541550745586976
1.1878,56.386917,-31.219675,0.611009,56.486076,-31.394852,0.425617,0.19642,0.20730800740705,0.172726248819575,0.08770079556121503
7.204,56.2775260131273,-33.137940113306726,0.6287774271269919,56.1777914776996,-29.437833451278873,0.1758934926628708,0.853182,0.9004758190386,1.59307803468244,0.08770079556121503
1.1879,56.386917,-31.219675,0.611009,56.584969,-30.727087,0.244746,0.449269,0.474173002646156,0.370734350620781,0.07307365277295974
7.204,56.2775260131273,-33.137940113306726,0.6287774271269919,56.1777914776996,-29.437833451278873,0.1758934926628708,0.853182,0.9004758190386,1.59307803468244,0.07307365277295974
1.1879,56.386917,-31.219675,0.611009,56.584969,-30.727087,0.244746,0.449269,0.474173002646156,0.370734350620781,0.08194370523305601
7.227,56.13782038190075,-33.58755338003938,0.6850252091039621,56.13782038190075,-28.591036933536095,0.059207860898990994,1.193593,1.25975657511966,2.15918551635632,0.08194370523305601
1.1879,56.386917,-31.219675,0.611009,56.584969,-30.727087,0.244746,0.449269,0.474173002646156,0.370734350620781,0.07586489565751238
7.320,56.05774503329822,-28.008030943054983,-0.19911967925163587,56.13782038190075,-30.92275469440725,1.719590069012411,1.090177,1.15060799099377,1.81385065801615,0.07586489565751238
1.1881,56.386917,-31.219675,0.611009,56.416695,-31.286669,0.743485,0.156717,0.165404179802518,0.097002861590419,0.08920464716366412
7.204,56.2775260131273,-33.137940113306726,0.6287774271269919,56.1777914776996,-29.437833451278873,0.1758934926628708,0.853182,0.9004758190386,1.59307803468244,0.08920464716366412
1.1883,56.386917,-31.219675,0.611009,56.267563,-30.85981,0.728853,0.240572,0.253907453201959,0.206261963415823,0.10077342972512661
7.204,56.2775260131273,-33.137940113306726,0.6287774271269919,56.1777914776996,-29.437833451278873,0.1758934926628708,0.853182,0.9004758190386,1.59307803468244,0.10077342972512661
1.1884,56.386917,-31.219675,0.611009,56.60471,-31.344814,0.811379,0.191528,0.202144832718957,0.247591690562436,0.056467864405388334
7.204,56.2775260131273,-33.137940113306726,0.6287774271269919,56.1777914776996,-29.437833451278873,0.1758934926628708,0.853182,0.9004758190386,1.59307803468244,0.056467864405388334
1.1885,56.386917,-31.219675,0.611009,56.386917,-31.279131,0.918914,0.19642,0.20730800740705,0.208083693737968,0.07164505875233572
7.204,56.2775260131273,-33.137940113306726,0.6287774271269919,56.1777914776996,-29.437833451278873,0.1758934926628708,0.853182,0.9004758190386,1.59307803468244,0.07164505875233572
1.1886,56.386917,-31.219675,0.611009,56.187775,-31.868713,0.515423,0.417813,0.440973325011515,0.336841915282028,0.0934941541384109
7.204,56.2775260131273,-33.137940113306726,0.6287774271269919,56.1777914776996,-29.437833451278873,0.1758934926628708,0.853182,0.9004758190386,1.59307803468244,0.0934941541384109
1.1886,56.386917,-31.219675,0.611009,56.187775,-31.868713,0.515423,0.417813,0.440973325011515,0.336841915282028,0.05744244052752615
7.227,56.13782038190075,-33.58755338003938,0.6850252091039621,56.13782038190075,-28.591036933536095,0.059207860898990994,1.193593,1.25975657511966,2.15918551635632,0.05744244052752615
1.1888,56.386917,-31.219675,0.611009,56.067764,-31.284098,0.69704,0.260759,0.275213464532405,0.303366190804952,0.06077303513224478
7.204,56.2775260131273,-33.137940113306726,0.6287774271269919,56.1777914776996,-29.437833451278873,0.1758934926628708,0.853182,0.9004758190386,1.59307803468244,0.06077303513224478
1.1889,56.386917,-31.219675,0.611009,56.495979,-31.878544,0.494822,0.360601,0.380589933708327,0.306327799314777,0.1008190282409885
7.204,56.2775260131273,-33.137940113306726,0.6287774271269919,56.1777914776996,-29.437833451278873,0.1758934926628708,0.853182,0.9004758190386,1.59307803468244,0.1008190282409885
1.1891,56.386917,-31.219675,0.611009,56.267563,-31.612736,0.864716,0.260759,0.275213464532405,0.259770181811639,0.08550321315900657
7.204,56.2775260131273,-33.137940113306726,0.6287774271269919,56.1777914776996,-29.437833451278873,0.1758934926628708,0.853182,0.9004758190386,1.59307803468244,0.08550321315900657
1.1892,56.386917,-31.219675,0.611009,56.117817,-31.475496,0.97182,0.353604,0.373205074081878,0.362879883064392,0.060211827605895
7.204,56.2775260131273,-33.137940113306726,0.6287774271269919,56.1777914776996,-29.437833451278873,0.1758934926628708,0.853182,0.9004758190386,1.59307803468244,0.060211827605895
1.1894,56.386917,-31.219675,0.611009,56.416695,-31.440687,0.876172,0.230668,0.243454451952802,0.201210432054238,0.0961207043236757
7.204,56.2775260131273,-33.137940113306726,0.6287774271269919,56.1777914776996,-29.437833451278873,0.1758934926628708,0.853182,0.9004758190386,1.59307803468244,0.0961207043236757
1.1895,56.386917,-31.219675,0.611009,56.247635,-31.368643,0.490532,0.156717,0.165404179802518,0.165683688246191,0.06748285653413576
7.204,56.2775260131273,-33.137940113306726,0.6287774271269919,56.1777914776996,-29.437833451278873,0.1758934926628708,0.853182,0.9004758190386,1.59307803468244,0.06748285653413576
1.1897,56.386917,-31.219675,0.611009,55.977489,-30.755247,0.190009,0.474254,0.500542978030868,0.513412989612851,0.08550770396048114
7.227,56.13782038190075,-33.58755338003938,0.6850252091039621,56.13782038190075,-28.591036933536095,0.059207860898990994,1.193593,1.25975657511966,2.15918551635632,0.08550770396048114
1.1898,56.386917,-31.219675,0.611009,56.426613,-31.25984,0.54552,0.119785,0.126424955031328,0.0601516777414276,0.07385143858494844
7.204,56.2775260131273,-33.137940113306726,0.6287774271269919,56.1777914776996,-29.437833451278873,0.1758934926628708,0.853182,0.9004758190386,1.59307803468244,0.07385143858494844
1.1900,56.386917,-31.219675,0.611009,56.32729,-31.045248,0.653533,0.135989,0.143527179611431,0.0972070869911125,0.07640999825768514
7.204,56.2775260131273,-33.137940113306726,0.6287774271269919,56.1777914776996,-29.437833451278873,0.1758934926628708,0.853182,0.9004758190386,1.59307803468244,0.07640999825768514
1.1903,56.386917,-31.219675,0.611009,56.426613,-31.717216,0.295726,0.34022,0.35907916851658,0.302686630553686,0.094971895854778
7.204,56.2775260131273,-33.137940113306726,0.6287774271269919,56.1777914776996,-29.437833451278873,0.1758934926628708,0.853182,0.9004758190386,1.59307803468244,0.094971895854778
1.1906,56.386917,-31.219675,0.611009,56.207741,-31.02541,0.466202,0.146459,0.154577555528099,0.209128818797886,0.05066842979924314
7.204,56.2775260131273,-33.137940113306726,0.6287774271269919,56.1777914776996,-29.437833451278873,0.1758934926628708,0.853182,0.9004758190386,1.59307803468244,0.05066842979924314
1.1907,56.386917,-31.219675,0.611009,56.486076,-31.263065,0.226513,0.333797,0.352300127015839,0.275948293864864,0.1015536974008349
7.204,56.2775260131273,-33.137940113306726,0.6287774271269919,56.1777914776996,-29.437833451278873,0.1758934926628708,0.853182,0.9004758190386,1.59307803468244,0.1015536974008349
1.1908,56.386917,-31.219675,0.611009,56.505878,-31.583757,0.580958,0.166806,0.176052436022505,0.190433625090447,0.06720283761737168
7.204,56.2775260131273,-33.137940113306726,0.6287774271269919,56.1777914776996,-29.437833451278873,0.1758934926628708,0.853182,0.9004758190386,1.59307803468244,0.06720283761737168
1.1909,56.386917,-31.219675,0.611009,56.476173,-31.143604,0.556029,0.114223,0.12055464071915,0.0959586546530683,0.06187630279130063
7.204,56.2775260131273,-33.137940113306726,0.6287774271269919,56.1777914776996,-29.437833451278873,0.1758934926628708,0.853182,0.9004758190386,1.59307803468244,0.06187630279130063
1.1911,56.386917,-31.219675,0.611009,56.575089,-31.151606,0.655765,0.161781,0.170748888841869,0.179260550107838,0.06395953644804168
7.204,56.2775260131273,-33.137940113306726,0.6287774271269919,56.1777914776996,-29.437833451278873,0.1758934926628708,0.853182,0.9004758190386,1.59307803468244,0.06395953644804168
1.1912,56.386917,-31.219675,0.611009,56.247635,-31.935303,1.150611,0.488457,0.51553328262919,0.481630224402146,0.09689243891587442
7.227,56.13782038190075,-33.58755338003938,0.6850252091039621,56.13782038190075,-28.591036933536095,0.059207860898990994,1.193593,1.25975657511966,2.15918551635632,0.09689243891587442
1.1913,56.386917,-31.219675,0.611009,56.505878,-31.322512,0.656361,0.108568,0.11458617120542,0.122131933567443,0.0528792053866966
7.204,56.2775260131273,-33.137940113306726,0.6287774271269919,56.1777914776996,-29.437833451278873,0.1758934926628708,0.853182,0.9004758190386,1.59307803468244,0.0528792053866966
1.1914,56.386917,-31.219675,0.611009,56.067764,-31.506691,0.632799,0.346816,0.366040799800853,0.320668582944882,0.08333477278560425
7.204,56.2775260131273,-33.137940113306726,0.6287774271269919,56.1777914776996,-29.437833451278873,0.1758934926628708,0.853182,0.9004758190386,1.59307803468244,0.08333477278560425
1.1916,56.386917,-31.219675,0.611009,56.317341,-30.755398,0.706651,0.186623,0.196967937411292,0.219009514031238,0.06715112954560296
7.204,56.2775260131273,-33.137940113306726,0.6287774271269919,56.1777914776996,-29.437833451278873,0.1758934926628708,0.853182,0.9004758190386,1.59307803468244,0.06715112954560296
1.1917,56.386917,-31.219675,0.611009,56.60471,-31.457825,0.39331,0.260759,0.275213464532405,0.269725550828173,0.07802332444811817
7.204,56.2775260131273,-33.137940113306726,0.6287774271269919,56.1777914776996,-29.437833451278873,0.1758934926628708,0.853182,0.9004758190386,1.59307803468244,0.07802332444811817
1.1918,56.386917,-31.219675,0.611009,56.565208,-31.513021,0.283428,0.333797,0.352300127015839,0.303454806588945,0.089303767065974
7.204,56.2775260131273,-33.137940113306726,0.6287774271269919,56.1777914776996,-29.437833451278873,0.1758934926628708,0.853182,0.9004758190386,1.59307803468244,0.089303767065974
1.1919,56.386917,-31.219675,0.611009,56.575089,-31.346245,0.866184,0.250591,0.264481829162713,0.249517742764034,0.08130511488931025
7.204,56.2775260131273,-33.137940113306726,0.6287774271269919,56.1777914776996,-29.437833451278873,0.1758934926628708,0.853182,0.9004758190386,1.59307803468244,0.08130511488931025
1.1920,56.386917,-31.219675,0.611009,56.287483,-31.501989,0.16237,0.438109,0.462394378459909,0.339177765096983,0.09066289292315968
7.204,56.2775260131273,-33.137940113306726,0.6287774271269919,56.1777914776996,-29.437833451278873,0.1758934926628708,0.853182,0.9004758190386,1.59307803468244,0.09066289292315968
1.1920,56.386917,-31.219675,0.611009,56.287483,-31.501989,0.16237,0.438109,0.462394378459909,0.339177765096983,0.06397308633248043
7.227,56.13782038190075,-33.58755338003938,0.6850252091039621,56.13782038190075,-28.591036933536095,0.059207860898990994,1.193593,1.25975657511966,2.15918551635632,0.06397308633248043
1.1921,56.386917,-31.219675,0.611009,55.359585,-31.410614,0.768447,0.758947,0.801017158627219,0.969036519349506,0.10048405344276075
7.247,56.15781146519707,-34.1114668264737,0.8295323992704606,56.05774503329822,-28.00815605770879,-0.19917430804949898,1.2927,1.36435730157364,2.68084625062854,0.10048405344276075
1.1922,56.386917,-31.219675,0.611009,56.267563,-31.059544,0.730026,0.185962,0.19627029667768,0.15348452485518,0.08840188557007804
7.204,56.2775260131273,-33.137940113306726,0.6287774271269919,56.1777914776996,-29.437833451278873,0.1758934926628708,0.853182,0.9004758190386,1.59307803468244,0.08840188557007804
1.1923,56.386917,-31.219675,0.611009,56.791763,-33.062336,0.844688,0.758947,0.801017158627219,0.862542151329954,0.08904859428678616
7.227,56.13782038190075,-33.58755338003938,0.6850252091039621,56.13782038190075,-28.591036933536095,0.059207860898990994,1.193593,1.25975657511966,2.15918551635632,0.08904859428678616
1.1923,56.386917,-31.219675,0.611009,56.791763,-33.062336,0.844688,0.758947,0.801017158627219,0.862542151329954,0.19040268829935741
7.247,56.15781146519707,-34.1114668264737,0.8295323992704606,56.05774503329822,-28.00815605770879,-0.19917430804949898,1.2927,1.36435730157364,2.68084625062854,0.19040268829935741
1.1925,56.386917,-31.219675,0.611009,57.636223,-31.501989,0.183464,0.97032,1.02410704483866,1.18952764277476,0.07383912727660433
7.247,56.15781146519707,-34.1114668264737,0.8295323992704606,56.05774503329822,-28.00815605770879,-0.19917430804949898,1.2927,1.36435730157364,2.68084625062854,0.07383912727660433
1.1926,56.386917,-31.219675,0.611009,56.535553,-30.959852,0.67639,0.172466,0.182026182697609,0.182437585156923,0.07083370421754366
7.204,56.2775260131273,-33.137940113306726,0.6287774271269919,56.1777914776996,-29.437833451278873,0.1758934926628708,0.853182,0.9004758190386,1.59307803468244,0.07083370421754366
1.1928,56.386917,-31.219675,0.611009,56.486076,-30.200165,0.980285,0.758947,0.801017158627219,0.516959814456411,0.40386692867116364
7.227,56.13782038190075,-33.58755338003938,0.6850252091039621,56.13782038190075,-28.591036933536095,0.059207860898990994,1.193593,1.25975657511966,2.15918551635632,0.40386692867116364
1.1928,56.386917,-31.219675,0.611009,56.486076,-30.200165,0.980285,0.758947,0.801017158627219,0.516959814456411,0.22675778793271226
7.247,56.15781146519707,-34.1114668264737,0.8295323992704606,56.05774503329822,-28.00815605770879,-0.19917430804949898,1.2927,1.36435730157364,2.68084625062854,0.22675778793271226
1.1928,56.386917,-31.219675,0.611009,56.486076,-30.200165,0.980285,0.758947,0.801017158627219,0.516959814456411,0.11580180486644458
7.320,56.05774503329822,-28.008030943054983,-0.19911967925163587,56.13782038190075,-30.92275469440725,1.719590069012411,1.090177,1.15060799099377,1.81385065801615,0.11580180486644458
1.1929,56.386917,-31.219675,0.611009,57.279461,-31.580816,1.074296,0.97032,1.02410704483866,0.890642786415393,0.07124454385517479
7.227,56.13782038190075,-33.58755338003938,0.6850252091039621,56.13782038190075,-28.591036933536095,0.059207860898990994,1.193593,1.25975657511966,2.15918551635632,0.07124454385517479
1.1929,56.386917,-31.219675,0.611009,57.279461,-31.580816,1.074296,0.97032,1.02410704483866,0.890642786415393,0.18068988422987647
7.247,56.15781146519707,-34.1114668264737,0.8295323992704606,56.05774503329822,-28.00815605770879,-0.19917430804949898,1.2927,1.36435730157364,2.68084625062854,0.18068988422987647
1.1930,56.386917,-31.219675,0.611009,56.396843,-32.136333,1.055058,0.491683,0.518938107147544,0.479915932330919,0.10307689640950254
7.227,56.13782038190075,-33.58755338003938,0.6850252091039621,56.13782038190075,-28.591036933536095,0.059207860898990994,1.193593,1.25975657511966,2.15918551635632,0.10307689640950254
1.1931,56.386917,-31.219675,0.611009,56.919193,-30.280632,0.086012,0.670737,0.707917477671228,0.725519150583384,0.15926437122513573
7.227,56.13782038190075,-33.58755338003938,0.6850252091039621,56.13782038190075,-28.591036933536095,0.059207860898990994,1.193593,1.25975657511966,2.15918551635632,0.15926437122513573
1.1931,56.386917,-31.219675,0.611009,56.919193,-30.280632,0.086012,0.670737,0.707917477671228,0.725519150583384,0.14766887463658995
7.247,56.15781146519707,-34.1114668264737,0.8295323992704606,56.05774503329822,-28.00815605770879,-0.19917430804949898,1.2927,1.36435730157364,2.68084625062854,0.14766887463658995
1.1932,56.386917,-31.219675,0.611009,55.380013,-30.539932,0.644375,0.670737,0.707917477671228,0.984928197724201,0.10078225333979744
7.247,56.15781146519707,-34.1114668264737,0.8295323992704606,56.05774503329822,-28.00815605770879,-0.19917430804949898,1.2927,1.36435730157364,2.68084625062854,0.10078225333979744
1.1933,56.386917,-31.219675,0.611009,56.663887,-31.699776,0.92405,0.364287,0.384480257073068,0.385634948222254,0.052101945291303936
7.204,56.2775260131273,-33.137940113306726,0.6287774271269919,56.1777914776996,-29.437833451278873,0.1758934926628708,0.853182,0.9004758190386,1.59307803468244,0.052101945291303936
1.1934,56.386917,-31.219675,0.611009,57.182442,-31.40649,0.87232,0.758947,0.801017158627219,0.757680248769642,0.1216921564590814
7.227,56.13782038190075,-33.58755338003938,0.6850252091039621,56.13782038190075,-28.591036933536095,0.059207860898990994,1.193593,1.25975657511966,2.15918551635632,0.1216921564590814
1.1934,56.386917,-31.219675,0.611009,57.182442,-31.40649,0.87232,0.758947,0.801017158627219,0.757680248769642,0.11194567855779317
7.247,56.15781146519707,-34.1114668264737,0.8295323992704606,56.05774503329822,-28.00815605770879,-0.19917430804949898,1.2927,1.36435730157364,2.68084625062854,0.11194567855779317
1.1935,56.386917,-31.219675,0.611009,57.026669,-31.299232,0.404399,0.521416,0.550319274972785,0.607600870933239,0.07362910140568509
7.227,56.13782038190075,-33.58755338003938,0.6850252091039621,56.13782038190075,-28.591036933536095,0.059207860898990994,1.193593,1.25975657511966,2.15918551635632,0.07362910140568509
1.1936,56.386917,-31.219675,0.611009,56.899616,-31.196211,1.222464,0.7241,0.76423851014889,0.627395534308955,0.18109555995788348
7.227,56.13782038190075,-33.58755338003938,0.6850252091039621,56.13782038190075,-28.591036933536095,0.059207860898990994,1.193593,1.25975657511966,2.15918551635632,0.18109555995788348
1.1936,56.386917,-31.219675,0.611009,56.899616,-31.196211,1.222464,0.7241,0.76423851014889,0.627395534308955,0.08434603899811038
7.247,56.15781146519707,-34.1114668264737,0.8295323992704606,56.05774503329822,-28.00815605770879,-0.19917430804949898,1.2927,1.36435730157364,2.68084625062854,0.08434603899811038
1.1937,56.386917,-31.219675,0.611009,56.752464,-31.371271,0.823862,0.47369,0.499947714227907,0.372083305680279,0.07090635403227782
7.204,56.2775260131273,-33.137940113306726,0.6287774271269919,56.1777914776996,-29.437833451278873,0.1758934926628708,0.853182,0.9004758190386,1.59307803468244,0.07090635403227782
1.1937,56.386917,-31.219675,0.611009,56.752464,-31.371271,0.823862,0.47369,0.499947714227907,0.372083305680279,0.08259610894060568
7.227,56.13782038190075,-33.58755338003938,0.6850252091039621,56.13782038190075,-28.591036933536095,0.059207860898990994,1.193593,1.25975657511966,2.15918551635632,0.08259610894060568
1.1937,56.386917,-31.219675,0.611009,56.752464,-31.371271,0.823862,0.47369,0.499947714227907,0.372083305680279,0.051782505672776674
7.320,56.05774503329822,-28.008030943054983,-0.19911967925163587,56.13782038190075,-30.92275469440725,1.719590069012411,1.090177,1.15060799099377,1.81385065801615,0.051782505672776674
1.1938,56.386917,-31.219675,0.611009,56.177792,-31.891094,0.066793,0.803404,0.847938511265928,0.503835962847121,0.38536632487862876
7.227,56.13782038190075,-33.58755338003938,0.6850252091039621,56.13782038190075,-28.591036933536095,0.059207860898990994,1.193593,1.25975657511966,2.15918551635632,0.38536632487862876
1.1938,56.386917,-31.219675,0.611009,56.177792,-31.891094,0.066793,0.803404,0.847938511265928,0.503835962847121,0.18548900640167992
7.247,56.15781146519707,-34.1114668264737,0.8295323992704606,56.05774503329822,-28.00815605770879,-0.19917430804949898,1.2927,1.36435730157364,2.68084625062854,0.18548900640167992
1.1940,56.386917,-31.219675,0.611009,56.167801,-31.323668,0.993477,0.411285,0.434083463121925,0.330058363667589,0.08910660108797704
7.204,56.2775260131273,-33.137940113306726,0.6287774271269919,56.1777914776996,-29.437833451278873,0.1758934926628708,0.853182,0.9004758190386,1.59307803468244,0.08910660108797704
1.1941,56.386917,-31.219675,0.611009,56.65403,-31.816826,-0.177701,0.97032,1.02410704483866,0.639131269131954,0.2975614126185812
7.227,56.13782038190075,-33.58755338003938,0.6850252091039621,56.13782038190075,-28.591036933536095,0.059207860898990994,1.193593,1.25975657511966,2.15918551635632,0.2975614126185812
1.1941,56.386917,-31.219675,0.611009,56.65403,-31.816826,-0.177701,0.97032,1.02410704483866,0.639131269131954,0.22876152599856706
7.247,56.15781146519707,-34.1114668264737,0.8295323992704606,56.05774503329822,-28.00815605770879,-0.19917430804949898,1.2927,1.36435730157364,2.68084625062854,0.22876152599856706
1.1942,56.386917,-31.219675,0.611009,55.987534,-30.51511,1.380653,0.803404,0.847938511265928,0.71238359137985,0.20275272371962472
7.227,56.13782038190075,-33.58755338003938,0.6850252091039621,56.13782038190075,-28.591036933536095,0.059207860898990994,1.193593,1.25975657511966,2.15918551635632,0.20275272371962472
1.1942,56.386917,-31.219675,0.611009,55.987534,-30.51511,1.380653,0.803404,0.847938511265928,0.71238359137985,0.19332334534279833
7.247,56.15781146519707,-34.1114668264737,0.8295323992704606,56.05774503329822,-28.00815605770879,-0.19917430804949898,1.2927,1.36435730157364,2.68084625062854,0.19332334534279833
1.1943,56.386917,-31.219675,0.611009,56.137821,-31.797688,0.558479,0.448772,0.473648452805604,0.338080456956447,0.09785623041789199
7.204,56.2775260131273,-33.137940113306726,0.6287774271269919,56.1777914776996,-29.437833451278873,0.1758934926628708,0.853182,0.9004758190386,1.59307803468244,0.09785623041789199
1.1943,56.386917,-31.219675,0.611009,56.137821,-31.797688,0.558479,0.448772,0.473648452805604,0.338080456956447,0.07886723644649651
7.227,56.13782038190075,-33.58755338003938,0.6850252091039621,56.13782038190075,-28.591036933536095,0.059207860898990994,1.193593,1.25975657511966,2.15918551635632,0.07886723644649651
1.1943,56.386917,-31.219675,0.611009,56.137821,-31.797688,0.558479,0.448772,0.473648452805604,0.338080456956447,0.05022855410533981
7.320,56.05774503329822,-28.008030943054983,-0.19911967925163587,56.13782038190075,-30.92275469440725,1.719590069012411,1.090177,1.15060799099377,1.81385065801615,0.05022855410533981
1.1945,56.386917,-31.219675,0.611009,56.277523,-31.18399,0.577248,0.211878,0.223622879510187,0.105065712779662,0.12797394032206358
7.204,56.2775260131273,-33.137940113306726,0.6287774271269919,56.1777914776996,-29.437833451278873,0.1758934926628708,0.853182,0.9004758190386,1.59307803468244,0.12797394032206358
1.1946,56.386917,-31.219675,0.611009,56.227692,-30.874334,0.926064,0.29684,0.31329451643778,0.300092405886818,0.07763231399711013
7.204,56.2775260131273,-33.137940113306726,0.6287774271269919,56.1777914776996,-29.437833451278873,0.1758934926628708,0.853182,0.9004758190386,1.59307803468244,0.07763231399711013
1.1947,56.386917,-31.219675,0.611009,56.742634,-31.321384,0.569516,0.448772,0.473648452805604,0.332993916008437,0.09345807805779587
7.204,56.2775260131273,-33.137940113306726,0.6287774271269919,56.1777914776996,-29.437833451278873,0.1758934926628708,0.853182,0.9004758190386,1.59307803468244,0.09345807805779587
1.1947,56.386917,-31.219675,0.611009,56.742634,-31.321384,0.569516,0.448772,0.473648452805604,0.332993916008437,0.06641660196598548
7.227,56.13782038190075,-33.58755338003938,0.6850252091039621,56.13782038190075,-28.591036933536095,0.059207860898990994,1.193593,1.25975657511966,2.15918551635632,0.06641660196598548
1.1948,56.386917,-31.219675,0.611009,55.977489,-32.265121,0.636874,0.758947,0.801017158627219,0.58019340836477,0.3220815125066815
7.227,56.13782038190075,-33.58755338003938,0.6850252091039621,56.13782038190075,-28.591036933536095,0.059207860898990994,1.193593,1.25975657511966,2.15918551635632,0.3220815125066815
1.1948,56.386917,-31.219675,0.611009,55.977489,-32.265121,0.636874,0.758947,0.801017158627219,0.58019340836477,0.18597762917666635
7.247,56.15781146519707,-34.1114668264737,0.8295323992704606,56.05774503329822,-28.00815605770879,-0.19917430804949898,1.2927,1.36435730157364,2.68084625062854,0.18597762917666635
1.1950,56.386917,-31.219675,0.611009,56.307392,-31.273954,0.64382,0.158515,0.167301847032525,0.0802463500644964,0.09648479017648004
7.204,56.2775260131273,-33.137940113306726,0.6287774271269919,56.1777914776996,-29.437833451278873,0.1758934926628708,0.853182,0.9004758190386,1.59307803468244,0.09648479017648004
1.1951,56.386917,-31.219675,0.611009,56.811398,-31.301725,1.00078,0.582096,0.614362905404817,0.472640337260045,0.15225185615170955
7.227,56.13782038190075,-33.58755338003938,0.6850252091039621,56.13782038190075,-28.591036933536095,0.059207860898990994,1.193593,1.25975657511966,2.15918551635632,0.15225185615170955
1.1951,56.386917,-31.219675,0.611009,56.811398,-31.301725,1.00078,0.582096,0.614362905404817,0.472640337260045,0.05256432134890499
7.320,56.05774503329822,-28.008030943054983,-0.19911967925163587,56.13782038190075,-30.92275469440725,1.719590069012411,1.090177,1.15060799099377,1.81385065801615,0.05256432134890499
1.1952,56.386917,-31.219675,0.611009,56.36705,-30.850124,0.30058,0.199078,0.210113346393344,0.260790556341665,0.057771477277128364
7.204,56.2775260131273,-33.137940113306726,0.6287774271269919,56.1777914776996,-29.437833451278873,0.1758934926628708,0.853182,0.9004758190386,1.59307803468244,0.057771477277128364
1.1953,56.386917,-31.219675,0.611009,56.357113,-31.063831,0.445012,0.112964,0.119225851485236,0.131972225238474,0.05376454665067109
7.204,56.2775260131273,-33.137940113306726,0.6287774271269919,56.1777914776996,-29.437833451278873,0.1758934926628708,0.853182,0.9004758190386,1.59307803468244,0.05376454665067109
1.1954,56.386917,-31.219675,0.611009,56.207741,-30.828327,0.5527,0.165553,0.174729979382239,0.238117245700165,0.05165735962436166
7.204,56.2775260131273,-33.137940113306726,0.6287774271269919,56.1777914776996,-29.437833451278873,0.1758934926628708,0.853182,0.9004758190386,1.59307803468244,0.05165735962436166
1.1955,56.386917,-31.219675,0.611009,56.406769,-31.673468,0.394286,0.185962,0.19627029667768,0.243096617899926,0.059166173697052765
7.204,56.2775260131273,-33.137940113306726,0.6287774271269919,56.1777914776996,-29.437833451278873,0.1758934926628708,0.853182,0.9004758190386,1.59307803468244,0.059166173697052765
1.1956,56.386917,-31.219675,0.611009,55.99757,-30.441288,0.932251,0.568452,0.599962587448083,0.540762240163951,0.16822171337624522
7.227,56.13782038190075,-33.58755338003938,0.6850252091039621,56.13782038190075,-28.591036933536095,0.059207860898990994,1.193593,1.25975657511966,2.15918551635632,0.16822171337624522
1.1956,56.386917,-31.219675,0.611009,55.99757,-30.441288,0.932251,0.568452,0.599962587448083,0.540762240163951,0.06096348036013645
7.247,56.15781146519707,-34.1114668264737,0.8295323992704606,56.05774503329822,-28.00815605770879,-0.19917430804949898,1.2927,1.36435730157364,2.68084625062854,0.06096348036013645
1.1956,56.386917,-31.219675,0.611009,55.99757,-30.441288,0.932251,0.568452,0.599962587448083,0.540762240163951,0.05905899216621028
7.320,56.05774503329822,-28.008030943054983,-0.19911967925163587,56.13782038190075,-30.92275469440725,1.719590069012411,1.090177,1.15060799099377,1.81385065801615,0.05905899216621028
1.1957,56.386917,-31.219675,0.611009,56.495979,-30.829233,1.005699,0.433261,0.457277642791905,0.332962251005115,0.09337790081063414
7.204,56.2775260131273,-33.137940113306726,0.6287774271269919,56.1777914776996,-29.437833451278873,0.1758934926628708,0.853182,0.9004758190386,1.59307803468244,0.09337790081063414
1.1957,56.386917,-31.219675,0.611009,56.495979,-30.829233,1.005699,0.433261,0.457277642791905,0.332962251005115,0.06408445301383567
7.227,56.13782038190075,-33.58755338003938,0.6850252091039621,56.13782038190075,-28.591036933536095,0.059207860898990994,1.193593,1.25975657511966,2.15918551635632,0.06408445301383567
1.1958,56.386917,-31.219675,0.611009,57.211575,-31.759851,0.863446,0.803404,0.847938511265928,0.810006397108033,0.11283960145589196
7.227,56.13782038190075,-33.58755338003938,0.6850252091039621,56.13782038190075,-28.591036933536095,0.059207860898990994,1.193593,1.25975657511966,2.15918551635632,0.11283960145589196
1.1958,56.386917,-31.219675,0.611009,57.211575,-31.759851,0.863446,0.803404,0.847938511265928,0.810006397108033,0.15984961979463227
7.247,56.15781146519707,-34.1114668264737,0.8295323992704606,56.05774503329822,-28.00815605770879,-0.19917430804949898,1.2927,1.36435730157364,2.68084625062854,0.15984961979463227
1.1960,56.386917,-31.219675,0.611009,56.703278,-30.134964,0.550736,0.59676,0.6298397642818,0.550432341692863,0.211571768892348
7.227,56.13782038190075,-33.58755338003938,0.6850252091039621,56.13782038190075,-28.591036933536095,0.059207860898990994,1.193593,1.25975657511966,2.15918551635632,0.211571768892348
1.1960,56.386917,-31.219675,0.611009,56.703278,-30.134964,0.550736,0.59676,0.6298397642818,0.550432341692863,0.09276788471710401
7.247,56.15781146519707,-34.1114668264737,0.8295323992704606,56.05774503329822,-28.00815605770879,-0.19917430804949898,1.2927,1.36435730157364,2.68084625062854,0.09276788471710401
1.1960,56.386917,-31.219675,0.611009,56.703278,-30.134964,0.550736,0.59676,0.6298397642818,0.550432341692863,0.07256194153573393
7.320,56.05774503329822,-28.008030943054983,-0.19911967925163587,56.13782038190075,-30.92275469440725,1.719590069012411,1.090177,1.15060799099377,1.81385065801615,0.07256194153573393
1.1961,56.386917,-31.219675,0.611009,56.416695,-31.710546,1.62314,0.97032,1.02410704483866,0.702500274426447,0.2243813126540831
7.227,56.13782038190075,-33.58755338003938,0.6850252091039621,56.13782038190075,-28.591036933536095,0.059207860898990994,1.193593,1.25975657511966,2.15918551635632,0.2243813126540831
1.1961,56.386917,-31.219675,0.611009,56.416695,-31.710546,1.62314,0.97032,1.02410704483866,0.702500274426447,0.2301604944341409
7.247,56.15781146519707,-34.1114668264737,0.8295323992704606,56.05774503329822,-28.00815605770879,-0.19917430804949898,1.2927,1.36435730157364,2.68084625062854,0.2301604944341409
1.1962,56.386917,-31.219675,0.611009,56.791763,-31.577734,0.858496,0.44092,0.46536119858424,0.435157143743284,0.06040189711353296
7.227,56.13782038190075,-33.58755338003938,0.6850252091039621,56.13782038190075,-28.591036933536095,0.059207860898990994,1.193593,1.25975657511966,2.15918551635632,0.06040189711353296
1.1963,56.386917,-31.219675,0.611009,56.257603,-31.038031,0.9711,0.314833,0.332284909357417,0.283029180992849,0.09134902693108557
7.204,56.2775260131273,-33.137940113306726,0.6287774271269919,56.1777914776996,-29.437833451278873,0.1758934926628708,0.853182,0.9004758190386,1.59307803468244,0.09134902693108557
1.1964,56.386917,-31.219675,0.611009,56.277523,-31.209679,0.599352,0.22442,0.236860111100143,0.101902716062007,0.13955041149077285
7.204,56.2775260131273,-33.137940113306726,0.6287774271269919,56.1777914776996,-29.437833451278873,0.1758934926628708,0.853182,0.9004758190386,1.59307803468244,0.13955041149077285
1.1965,56.386917,-31.219675,0.611009,56.087795,-31.66363,1.059796,0.521416,0.550319274972785,0.447317226050287,0.12453735583266803
7.227,56.13782038190075,-33.58755338003938,0.6850252091039621,56.13782038190075,-28.591036933536095,0.059207860898990994,1.193593,1.25975657511966,2.15918551635632,0.12453735583266803
1.1966,56.386917,-31.219675,0.611009,56.476173,-31.318544,0.53513,0.151343,0.159732286757994,0.106218702595996,0.08280764802152377
7.204,56.2775260131273,-33.137940113306726,0.6287774271269919,56.1777914776996,-29.437833451278873,0.1758934926628708,0.853182,0.9004758190386,1.59307803468244,0.08280764802152377
1.1967,56.386917,-31.219675,0.611009,56.167801,-32.431656,0.966444,0.612644,0.646604250533982,0.590426320350565,0.187082315939957
7.227,56.13782038190075,-33.58755338003938,0.6850252091039621,56.13782038190075,-28.591036933536095,0.059207860898990994,1.193593,1.25975657511966,2.15918551635632,0.187082315939957
1.1967,56.386917,-31.219675,0.611009,56.167801,-32.431656,0.966444,0.612644,0.646604250533982,0.590426320350565,0.08184129952624039
7.247,56.15781146519707,-34.1114668264737,0.8295323992704606,56.05774503329822,-28.00815605770879,-0.19917430804949898,1.2927,1.36435730157364,2.68084625062854,0.08184129952624039
1.1969,56.386917,-31.219675,0.611009,56.047722,-29.973879,0.513552,0.433261,0.457277642791905,0.62368549276955,0.0513745771825512
7.227,56.13782038190075,-33.58755338003938,0.6850252091039621,56.13782038190075,-28.591036933536095,0.059207860898990994,1.193593,1.25975657511966,2.15918551635632,0.0513745771825512
1.1971,56.386917,-31.219675,0.611009,56.565208,-29.822603,1.012362,0.670737,0.707917477671228,0.686515605938273,0.19870200447001338
7.227,56.13782038190075,-33.58755338003938,0.6850252091039621,56.13782038190075,-28.591036933536095,0.059207860898990994,1.193593,1.25975657511966,2.15918551635632,0.19870200447001338
1.1971,56.386917,-31.219675,0.611009,56.565208,-29.822603,1.012362,0.670737,0.707917477671228,0.686515605938273,0.16220921902788088
7.247,56.15781146519707,-34.1114668264737,0.8295323992704606,56.05774503329822,-28.00815605770879,-0.19917430804949898,1.2927,1.36435730157364,2.68084625062854,0.16220921902788088
1.1972,56.386917,-31.219675,0.611009,56.850632,-31.00506,0.645579,0.433261,0.457277642791905,0.438770221510083,0.05372820216135242
7.227,56.13782038190075,-33.58755338003938,0.6850252091039621,56.13782038190075,-28.591036933536095,0.059207860898990994,1.193593,1.25975657511966,2.15918551635632,0.05372820216135242
1.1973,56.386917,-31.219675,0.611009,55.876923,-30.117073,0.272964,0.482529,0.509276680104452,0.705895554394593,0.058453238688528454
7.227,56.13782038190075,-33.58755338003938,0.6850252091039621,56.13782038190075,-28.591036933536095,0.059207860898990994,1.193593,1.25975657511966,2.15918551635632,0.058453238688528454
1.1974,56.386917,-31.219675,0.611009,56.15781,-31.015419,0.433073,0.205514,0.216906108513657,0.258573162837739,0.059788149831803444
7.204,56.2775260131273,-33.137940113306726,0.6287774271269919,56.1777914776996,-29.437833451278873,0.1758934926628708,0.853182,0.9004758190386,1.59307803468244,0.059788149831803444
1.1975,56.386917,-31.219675,0.611009,57.201866,-30.50242,0.778383,0.865414,0.913385866623383,0.819875468958497,0.12884960471036108
7.227,56.13782038190075,-33.58755338003938,0.6850252091039621,56.13782038190075,-28.591036933536095,0.059207860898990994,1.193593,1.25975657511966,2.15918551635632,0.12884960471036108
1.1975,56.386917,-31.219675,0.611009,57.201866,-30.50242,0.778383,0.865414,0.913385866623383,0.819875468958497,0.22805596876949238
7.247,56.15781146519707,-34.1114668264737,0.8295323992704606,56.05774503329822,-28.00815605770879,-0.19917430804949898,1.2927,1.36435730157364,2.68084625062854,0.22805596876949238
1.1976,56.386917,-31.219675,0.611009,55.866848,-30.819221,0.921957,0.521416,0.550319274972785,0.555997793409702,0.10365346986171634
7.227,56.13782038190075,-33.58755338003938,0.6850252091039621,56.13782038190075,-28.591036933536095,0.059207860898990994,1.193593,1.25975657511966,2.15918551635632,0.10365346986171634
1.1977,56.386917,-31.219675,0.611009,56.257603,-30.304417,-0.298011,0.758947,0.801017158627219,0.738311852389561,0.1980926357687801
7.227,56.13782038190075,-33.58755338003938,0.6850252091039621,56.13782038190075,-28.591036933536095,0.059207860898990994,1.193593,1.25975657511966,2.15918551635632,0.1980926357687801
1.1977,56.386917,-31.219675,0.611009,56.257603,-30.304417,-0.298011,0.758947,0.801017158627219,0.738311852389561,0.24986530232414972
7.247,56.15781146519707,-34.1114668264737,0.8295323992704606,56.05774503329822,-28.00815605770879,-0.19917430804949898,1.2927,1.36435730157364,2.68084625062854,0.24986530232414972
1.1986,35.360737,5.327154,-31.007704,35.635399,5.461259,-31.217964,0.481288,0.507966888651483,0.235559732487109,0.07175837757021897
7.362,35.4591652676214,6.211242425495811,-31.317006403513446,35.57678662601249,4.1941963884584155,-31.076371070012986,1.016924,1.07329441057126,1.48402850403722,0.07175837757021897
2.48,34.190285,51.808216,43.582775,33.647419,51.867054,44.060642,0.428235,0.451973040178994,0.487533364961207,0.08892473779810514
2.51,34.190285,51.808216,43.582775,33.129089,51.806633,47.339005,0.955294,1.00824811947821,1.94447169404927,0.08892473779810514
2.50,34.190285,51.808216,43.582775,33.65797,51.611317,44.422073,0.512941,0.54137448644425,0.628181677864903,0.08001923077245586
2.51,34.190285,51.808216,43.582775,33.129089,51.806633,47.339005,0.955294,1.00824811947821,1.94447169404927,0.08001923077245586
2.51,34.190285,51.808216,43.582775,33.129089,51.806633,47.339005,0.955294,1.00824811947821,1.94447169404927,0.06692777491960655
2.52,34.190285,51.808216,43.582775,34.359085,52.552361,45.329834,0.409412,0.432106638471312,0.657722297902362,0.06692777491960655
3.2,44.556732,-31.310787,-32.778877,49.093384,-32.89156,-37.24086,3.3096,3.49305865652364,4.7046156508872,0.2870470684710143
3.11,44.556732,-31.310787,-32.778877,46.983669,-33.135971,-37.338257,2.68277,2.83148204374,2.85778498682944,0.2870470684710143
3.2,44.556732,-31.310787,-32.778877,49.093384,-32.89156,-37.24086,3.3096,3.49305865652364,4.7046156508872,0.2844522862342746
3.14,44.556732,-31.310787,-32.778877,50.701244,-31.401667,-35.834354,3.45645,3.64804888607116,6.16255455098425,0.2844522862342746
3.2,44.556732,-31.310787,-32.778877,49.093384,-32.89156,-37.24086,3.3096,3.49305865652364,4.7046156508872,0.05208809708022833
3.18,44.556732,-31.310787,-32.778877,45.902847,-30.979948,-38.617847,2.69676,2.8462475412638,2.65243386321627,0.05208809708022833
3.2,44.556732,-31.310787,-32.778877,49.093384,-32.89156,-37.24086,3.3096,3.49305865652364,4.7046156508872,0.08094126631919066
3.19,44.556732,-31.310787,-32.778877,46.860142,-29.783543,-36.577312,2.7616,2.91468176995881,2.87595424015834,0.08094126631919066
3.2,44.556732,-31.310787,-32.778877,49.093384,-32.89156,-37.24086,3.3096,3.49305865652364,4.7046156508872,0.22197116962908103
3.29,44.556732,-31.310787,-32.778877,47.821083,-32.323616,-35.424484,2.90655,3.06766667818431,3.29653691478076,0.22197116962908103
3.5,44.556732,-31.310787,-32.778877,39.185234,-28.413691,-35.944355,2.92117,3.0830970980412,5.27779748257294,0.08091261740941573
3.20,44.556732,-31.310787,-32.778877,42.054081,-29.020147,-38.65707,2.51558,2.65502432172399,3.62081496641725,0.08091261740941573
3.6,44.556732,-31.310787,-32.778877,43.741329,-30.462017,-37.943958,1.81564,1.91628505533315,2.3066712979698,0.46687151615182126
3.15,44.556732,-31.310787,-32.778877,41.379356,-28.858633,-38.752048,2.02924,2.14172538922046,4.08980453109801,0.46687151615182126
3.9,44.556732,-31.310787,-32.778877,44.083412,-28.151974,-37.515575,2.03242,2.14508166385417,2.70575361848449,0.1393272009030261
3.15,44.556732,-31.310787,-32.778877,41.379356,-28.858633,-38.752048,2.02924,2.14172538922046,4.08980453109801,0.1393272009030261
3.13,44.556732,-31.310787,-32.778877,46.817978,-31.787159,-33.695721,1.25493,1.3244936245562,2.19217398731256,0.6359410718860232
3.26,44.556732,-31.310787,-32.778877,45.029755,-31.304766,-33.686054,1.15639,1.22049132820201,0.579839051658129,0.6359410718860232
3.14,44.556732,-31.310787,-32.778877,50.701244,-31.401667,-35.834354,3.45645,3.64804888607116,6.16255455098425,0.25992308634680533
3.29,44.556732,-31.310787,-32.778877,47.821083,-32.323616,-35.424484,2.90655,3.06766667818431,3.29653691478076,0.25992308634680533
3.15,44.556732,-31.310787,-32.778877,41.379356,-28.858633,-38.752048,2.02924,2.14172538922046,4.08980453109801,0.06995597882208254
3.25,44.556732,-31.310787,-32.778877,45.005997,-28.818363,-38.094528,2.18881,2.31014071730285,2.68723415700759,0.06995597882208254
3.15,44.556732,-31.310787,-32.778877,41.379356,-28.858633,-38.752048,2.02924,2.14172538922046,4.08980453109801,0.11993350779364877
3.30,44.556732,-31.310787,-32.778877,39.575417,-27.711655,-38.417461,2.60585,2.75029819316598,5.47809112471121,0.11993350779364877
3.20,44.556732,-31.310787,-32.778877,42.054081,-29.020147,-38.65707,2.51558,2.65502432172399,3.62081496641725,0.08409835095945115
3.22,44.556732,-31.310787,-32.778877,38.70961,-27.202429,-37.027069,2.86459,3.02338073993566,5.98581812183761,0.08409835095945115
3.20,44.556732,-31.310787,-32.778877,42.054081,-29.020147,-38.65707,2.51558,2.65502432172399,3.62081496641725,0.5650990575333535
3.30,44.556732,-31.310787,-32.778877,39.575417,-27.711655,-38.417461,2.60585,2.75029819316598,5.47809112471121,0.5650990575333535
3.38,37.94096,-26.413963,22.532221,38.1334,-30.464113,24.727617,1.94086,2.04844628477776,1.78944632849347,0.09695276118159696
3.55,37.94096,-26.413963,22.532221,40.680279,-33.177597,25.982601,2.43451,2.56946042720974,3.73668819731319,0.09695276118159696
3.43,37.94096,-26.413963,22.532221,36.326672,-30.45022,22.463766,2.26735,2.39303436816197,2.33697243302081,0.09773201981669001
3.59,37.94096,-26.413963,22.532221,34.931118,-31.725746,20.514952,2.94917,3.11264920173429,3.90638903685809,0.09773201981669001
3.51,37.94096,-26.413963,22.532221,35.114986,-23.439978,19.086397,2.35533,2.48589129969477,3.02806664305277,0.10211007600178679
3.57,37.94096,-26.413963,22.532221,32.553276,-24.59882,18.567949,3.06843,3.23852005482138,4.85499841613919,0.10211007600178679
3.72,29.663366,-17.780882,-15.592666,28.063391,-14.35998,-21.45389,5.43672,5.73808975679695,4.55009135426034,0.08966756871033872
3.74,29.663366,-17.780882,-15.592666,30.911507,-15.672613,-19.258196,4.99544,5.2723486025938,2.95600872058156,0.08966756871033872
3.72,29.663366,-17.780882,-15.592666,28.063391,-14.35998,-21.45389,5.43672,5.73808975679695,4.55009135426034,0.087192644977758
3.87,29.663366,-17.780882,-15.592666,30.064074,-16.640171,-20.914446,5.3569,5.65384515262614,3.24233205018026,0.087192644977758
3.72,29.663366,-17.780882,-15.592666,28.063391,-14.35998,-21.45389,5.43672,5.73808975679695,4.55009135426034,0.057396945595122005
3.88,29.663366,-17.780882,-15.592666,30.707293,-17.498272,-20.17761,5.25656,5.54794307817739,2.7368069656014,0.057396945595122005
3.73,29.663366,-17.780882,-15.592666,27.750319,-13.489217,-20.290024,5.37058,5.66828346614477,4.59210477187375,0.08445572324957988
3.74,29.663366,-17.780882,-15.592666,30.911507,-15.672613,-19.258196,4.99544,5.2723486025938,2.95600872058156,0.08445572324957988
3.85,29.663366,-17.780882,-15.592666,28.653053,-15.846234,-22.425413,5.76739,6.08708954708964,4.28880003211419,0.1130250868883505
3.88,29.663366,-17.780882,-15.592666,30.707293,-17.498272,-20.17761,5.25656,5.54794307817739,2.7368069656014,0.1130250868883505
3.126,47.858109,-38.116409,-21.61812,46.644775,-36.511414,-27.130316,5.24854,5.53947851133387,3.23449837086912,0.10548738065025674
3.127,47.858109,-38.116409,-21.61812,45.170517,-34.077999,-29.504404,5.81564,6.13801415434649,5.35240116453429,0.10548738065025674
3.127,47.858109,-38.116409,-21.61812,45.170517,-34.077999,-29.504404,5.81564,6.13801415434649,5.35240116453429,0.0520448182360241
3.128,47.858109,-38.116409,-21.61812,43.244469,-31.786913,-31.679604,6.49708,6.8572279236544,7.61795414504871,0.0520448182360241
3.127,47.858109,-38.116409,-21.61812,45.170517,-34.077999,-29.504404,5.81564,6.13801415434649,5.35240116453429,0.36585100607381194
3.129,47.858109,-38.116409,-21.61812,43.1866,-33.936687,-30.632812,5.94749,6.27717289977271,6.83267691188316,0.36585100607381194
3.132,47.858109,-38.116409,-21.61812,52.597481,-33.751492,-27.481869,6.4049,6.75993817656763,6.16260572172613,0.423457593493325
3.133,47.858109,-38.116409,-21.61812,49.960976,-34.471241,-27.454325,5.91715,6.2451510845567,4.25701199241142,0.423457593493325
3.148,29.404896,8.760221,-38.928978,26.882402,13.318522,-43.484776,2.56587,2.70810201082134,2.53018197110874,0.13199772156752676
3.150,29.404896,8.760221,-38.928978,28.556295,11.605214,-42.510571,2.11069,2.22769034799912,1.17294961305908,0.13199772156752676
3.148,29.404896,8.760221,-38.928978,26.882402,13.318522,-43.484776,2.56587,2.70810201082134,2.53018197110874,0.05509897703580881
3.153,29.404896,8.760221,-38.928978,29.495569,10.766896,-42.541412,1.9487,2.05672087381182,0.869397152284897,0.05509897703580881
3.148,29.404896,8.760221,-38.928978,26.882402,13.318522,-43.484776,2.56587,2.70810201082134,2.53018197110874,0.06998517829289436
3.159,29.404896,8.760221,-38.928978,28.239552,10.573407,-41.638794,2.11663,2.23395961571115,1.10552318534723,0.06998517829289436
3.148,29.404896,8.760221,-38.928978,26.882402,13.318522,-43.484776,2.56587,2.70810201082134,2.53018197110874,0.050402594847294785
3.160,29.404896,8.760221,-38.928978,28.258154,11.50812,-41.789227,2.4406,2.57588800976299,1.32145623837868,0.050402594847294785
3.150,29.404896,8.760221,-38.928978,28.556295,11.605214,-42.510571,2.11069,2.22769034799912,1.17294961305908,0.06956221760984949
3.172,29.404896,8.760221,-38.928978,27.695889,14.502809,-42.821709,2.82883,2.98563848179048,2.84897200527777,0.06956221760984949
3.152,29.404896,8.760221,-38.928978,28.819439,8.535285,-38.790409,2.0567,2.17070755948518,0.460910527343002,0.07176067485405725
3.177,29.404896,8.760221,-38.928978,28.247526,8.651392,-41.9328,1.71706,1.81224054168796,1.77030462779733,0.07176067485405725
3.155,29.404896,8.760221,-38.928978,27.449245,7.645107,-38.960178,1.473,1.55465174071166,1.69886358678036,0.36841200696007875
3.173,29.404896,8.760221,-38.928978,29.329056,8.896725,-39.394382,1.88769,1.99232895072912,0.164077007070288,0.36841200696007875
3.158,29.404896,8.760221,-38.928978,28.356216,12.657312,-43.856812,2.30076,2.42829636046148,1.55676977087141,0.08363550921601155
3.172,29.404896,8.760221,-38.928978,27.695889,14.502809,-42.821709,2.82883,2.98563848179048,2.84897200527777,0.08363550921601155
3.160,29.404896,8.760221,-38.928978,28.258154,11.50812,-41.789227,2.4406,2.57588800976299,1.32145623837868,0.1896780202569347
3.172,29.404896,8.760221,-38.928978,27.695889,14.502809,-42.821709,2.82883,2.98563848179048,2.84897200527777,0.1896780202569347
3.162,29.404896,8.760221,-38.928978,29.475451,12.966719,-45.160393,2.36069,2.49154841668745,1.5077227725757,0.06024554789563081
3.172,29.404896,8.760221,-38.928978,27.695889,14.502809,-42.821709,2.82883,2.98563848179048,2.84897200527777,0.06024554789563081
3.166,29.404896,8.760221,-38.928978,31.052937,9.63992,-42.513908,2.38553,2.51776535439232,1.78023746515983,0.10897071794716776
3.173,29.404896,8.760221,-38.928978,29.329056,8.896725,-39.394382,1.88769,1.99232895072912,0.164077007070288,0.10897071794716776
3.167,29.404896,8.760221,-38.928978,31.0952,9.396107,-40.53981,2.02538,2.13765142063991,1.38797251017405,0.08329355393561542
3.173,29.404896,8.760221,-38.928978,29.329056,8.896725,-39.394382,1.88769,1.99232895072912,0.164077007070288,0.08329355393561542
3.169,29.404896,8.760221,-38.928978,27.858782,9.717718,-38.808945,2.19222,2.31373974135976,1.39464560574422,0.09365656603887351
3.173,29.404896,8.760221,-38.928978,29.329056,8.896725,-39.394382,1.88769,1.99232895072912,0.164077007070288,0.09365656603887351
3.173,29.404896,8.760221,-38.928978,29.329056,8.896725,-39.394382,1.88769,1.99232895072912,0.164077007070288,0.41968746645179883
3.177,29.404896,8.760221,-38.928978,28.247526,8.651392,-41.9328,1.71706,1.81224054168796,1.77030462779733,0.41968746645179883
3.211,31.967999,8.018895,30.25559,30.037085,6.90895,29.704403,2.50604,2.64495549782285,1.73466765938698,0.13500059211807083
3.219,31.967999,8.018895,30.25559,29.432638,5.08382,28.986504,2.90083,3.06162960557272,3.03767606441202,0.13500059211807083
3.212,31.967999,8.018895,30.25559,30.39275,15.84525,27.081135,4.43865,4.68469446633389,6.94994660490742,0.624137280555542
3.213,31.967999,8.018895,30.25559,30.669104,14.281133,28.919001,4.35474,4.59613314415934,5.23446359004943,0.624137280555542
3.212,31.967999,8.018895,30.25559,30.39275,15.84525,27.081135,4.43865,4.68469446633389,6.94994660490742,0.10085453964215776
3.216,31.967999,8.018895,30.25559,30.496466,14.111893,27.062773,4.06675,4.29217920335312,5.70259718792603,0.10085453964215776
3.263,39.193775,-23.298607,-22.621935,37.62981,-21.147163,-25.369637,4.97342,5.24910798390373,2.40942403708668,0.45607051640538127
3.266,39.193775,-23.298607,-22.621935,36.2677,-20.231119,-27.463577,5.27464,5.56702529370493,4.04037757885001,0.45607051640538127
3.269,42.509014,-36.088692,28.069487,42.212658,-37.362057,27.33584,1.12792,1.19044317133978,0.765595484865183,0.07310459088056795
3.277,42.509014,-36.088692,28.069487,40.039833,-36.936199,29.815702,1.76138,1.85901730010503,2.32225669765506,0.07310459088056795
3.271,42.509014,-36.088692,28.069487,40.486897,-36.406399,20.288202,3.71771,3.92379112217322,4.15933737557191,0.4395057989764052
3.272,42.509014,-36.088692,28.069487,38.131622,-37.655788,18.659786,3.84563,4.05880201875967,6.13891353470769,0.4395057989764052
3.297,51.274021,4.979618,-43.476879,49.487617,6.808735,-43.856709,1.62047,1.71029633826954,2.12507175830057,0.2777046603229266
3.298,51.274021,4.979618,-43.476879,47.614758,4.835011,-43.035583,2.01144,2.12293869472985,3.6568927355303,0.2777046603229266
3.297,51.274021,4.979618,-43.476879,49.487617,6.808735,-43.856709,1.62047,1.71029633826954,2.12507175830057,0.10256783335385308
3.302,51.274021,4.979618,-43.476879,51.36816,5.686188,-44.800594,0.87349,0.921909537674291,0.259123863335108,0.10256783335385308
3.297,51.274021,4.979618,-43.476879,49.487617,6.808735,-43.856709,1.62047,1.71029633826954,2.12507175830057,0.575705274256412
3.311,51.274021,4.979618,-43.476879,47.599327,6.004631,-43.850941,1.75715,1.85455282158282,3.71777005692401,0.575705274256412
3.298,51.274021,4.979618,-43.476879,47.614758,4.835011,-43.035583,2.01144,2.12293869472985,3.6568927355303,0.0987273671660278
3.300,51.274021,4.979618,-43.476879,49.837574,6.735552,-45.821995,1.61856,1.70828046262476,1.54096197080297,0.0987273671660278
3.298,51.274021,4.979618,-43.476879,47.614758,4.835011,-43.035583,2.01144,2.12293869472985,3.6568927355303,0.27090785672958834
3.306,51.274021,4.979618,-43.476879,50.26215,3.585742,-44.933136,2.10553,2.22224431746139,1.81704204602289,0.27090785672958834
3.300,51.274021,4.979618,-43.476879,49.837574,6.735552,-45.821995,1.61856,1.70828046262476,1.54096197080297,0.06643294901370138
3.301,51.274021,4.979618,-43.476879,48.141376,5.678396,-42.099323,1.67133,1.76397562376349,3.30167180457504,0.06643294901370138
3.300,51.274021,4.979618,-43.476879,49.837574,6.735552,-45.821995,1.61856,1.70828046262476,1.54096197080297,0.25859491695418424
3.304,51.274021,4.979618,-43.476879,48.669441,7.044069,-43.54488,1.7794,1.87803618969608,2.97421402640258,0.25859491695418424
3.300,51.274021,4.979618,-43.476879,49.837574,6.735552,-45.821995,1.61856,1.70828046262476,1.54096197080297,0.4652865508593407
3.311,51.274021,4.979618,-43.476879,47.599327,6.004631,-43.850941,1.75715,1.85455282158282,3.71777005692401,0.4652865508593407
3.306,51.274021,4.979618,-43.476879,50.26215,3.585742,-44.933136,2.10553,2.22224431746139,1.81704204602289,0.172770698684686
3.311,51.274021,4.979618,-43.476879,47.599327,6.004631,-43.850941,1.75715,1.85455282158282,3.71777005692401,0.172770698684686
3.314,51.274021,4.979618,-43.476879,50.763168,-2.78625,-41.302952,3.17737,3.353498846833,4.77143467647703,0.32046553658110233
3.323,51.274021,4.979618,-43.476879,50.183846,-4.953394,-40.920509,3.32613,3.51050495202531,6.21992662682829,0.32046553658110233
3.314,51.274021,4.979618,-43.476879,50.763168,-2.78625,-41.302952,3.17737,3.353498846833,4.77143467647703,0.09051166251465645
3.324,51.274021,4.979618,-43.476879,48.67815,-5.826309,-39.628811,3.60648,3.80639539025241,6.91287900069542,0.09051166251465645
3.316,51.274021,4.979618,-43.476879,49.539745,-2.925848,-41.633514,3.11697,3.2897507374379,5.22637419779108,0.12951585937622
3.324,51.274021,4.979618,-43.476879,48.67815,-5.826309,-39.628811,3.60648,3.80639539025241,6.91287900069542,0.12951585937622
3.317,51.274021,4.979618,-43.476879,52.280899,-4.435671,-39.094254,3.30006,3.48298983262249,5.41265806823354,0.0722674465062956
3.324,51.274021,4.979618,-43.476879,48.67815,-5.826309,-39.628811,3.60648,3.80639539025241,6.91287900069542,0.0722674465062956
3.318,51.274021,4.979618,-43.476879,49.449986,12.857674,-46.942852,2.72219,2.87308718401078,4.57371407048634,0.20191590363465117
3.319,51.274021,4.979618,-43.476879,47.217575,14.091667,-48.160061,3.24857,3.42864562479544,6.11135660820402,0.20191590363465117
3.332,39.389496,53.20533,48.202713,39.625908,52.377514,45.809921,0.980769,1.03513525667755,0.909153812295197,0.0760903928592411
3.338,39.389496,53.20533,48.202713,38.480938,51.390205,42.520279,1.27511,1.34579224786073,2.31693024124754,0.0760903928592411
3.340,39.389496,53.20533,48.202713,39.993404,56.393772,44.101151,2.38782,2.52018229430151,2.99151337661156,0.10410946510549476
3.347,39.389496,53.20533,48.202713,41.624832,57.30653,42.911888,2.80769,2.96332664350219,4.27136689372997,0.10410946510549476
3.342,39.389496,53.20533,48.202713,41.271694,55.456726,44.373333,2.03045,2.14300246227291,2.99912367191676,0.10677453711600718
3.345,39.389496,53.20533,48.202713,39.506264,54.590816,45.595554,1.48611,1.56848845783368,1.65088321648722,0.10677453711600718
3.349,45.507931,64.962479,46.997776,43.715076,64.365334,52.617779,1.97329,2.08267395344801,3.11752185583851,0.1069936312095826
3.358,45.507931,64.962479,46.997776,44.670025,65.577446,51.020626,1.48026,1.56231417902637,1.80641655168473,0.1069936312095826
3.358,45.507931,64.962479,46.997776,44.670025,65.577446,51.020626,1.48026,1.56231417902637,1.80641655168473,0.191419963772333
3.373,45.507931,64.962479,46.997776,43.476292,66.184494,54.00663,1.86063,1.9637689533743,3.3523941759858,0.191419963772333
3.399,52.495605,42.108311,56.62326,51.027096,40.209427,53.043381,3.10411,3.27617787838457,1.79449658255,0.055744569119315246
3.401,52.495605,42.108311,56.62326,50.950573,43.568226,50.865322,2.65176,2.7987530888999,3.34272548794741,0.055744569119315246
3.407,61.055126,-45.734715,42.335033,57.96484,-41.877796,40.662785,1.528,1.6127005158231,3.00679651380053,0.5690880629638859
3.410,61.055126,-45.734715,42.335033,60.127399,-43.665443,41.178658,1.48838,1.57088428909737,1.04653925516803,0.5690880629638859
3.407,61.055126,-45.734715,42.335033,57.96484,-41.877796,40.662785,1.528,1.6127005158231,3.00679651380053,0.20807453043156007
3.411,61.055126,-45.734715,42.335033,61.223007,-43.474201,40.692692,1.15657,1.22068130601146,0.770344602552466,0.20807453043156007
3.407,61.055126,-45.734715,42.335033,57.96484,-41.877796,40.662785,1.528,1.6127005158231,3.00679651380053,0.15843244293815079
3.422,61.055126,-45.734715,42.335033,59.942005,-41.429283,40.714573,1.62095,1.71080294576142,1.7046792276241,0.15843244293815079
3.407,61.055126,-45.734715,42.335033,57.96484,-41.877796,40.662785,1.528,1.6127005158231,3.00679651380053,0.08091343981713502
3.423,61.055126,-45.734715,42.335033,60.233189,-41.547916,42.529816,1.57181,1.65893900378004,1.72829153164241,0.08091343981713502
3.407,61.055126,-45.734715,42.335033,57.96484,-41.877796,40.662785,1.528,1.6127005158231,3.00679651380053,0.11641248974665293
3.424,61.055126,-45.734715,42.335033,60.709194,-42.264088,43.153709,1.42286,1.50173236645553,1.46827872055631,0.11641248974665293
3.407,61.055126,-45.734715,42.335033,57.96484,-41.877796,40.662785,1.528,1.6127005158231,3.00679651380053,0.4152876773469548
3.434,61.055126,-45.734715,42.335033,60.569229,-41.537636,40.97982,1.48533,1.56766522065937,1.43819729227129,0.4152876773469548
3.412,61.055126,-45.734715,42.335033,61.502934,-37.958839,42.500706,2.10286,2.2194263132878,2.98692042234191,0.0505110736267841
3.425,61.055126,-45.734715,42.335033,61.773972,-41.394691,41.527081,1.60648,1.69553084074574,1.60043861546499,0.0505110736267841
3.441,40.730438,-44.325455,36.707211,42.003094,-46.029144,35.932163,2.02734,2.13972006789843,1.39066196133724,0.10452586628328518
3.451,40.730438,-44.325455,36.707211,43.34362,-47.628445,36.651356,1.93134,2.03839856952211,2.64345757043222,0.10452586628328518
3.442,40.730438,-44.325455,36.707211,42.806908,-42.821793,36.116009,1.78703,1.88608913795245,1.93656804240079,0.11450948784301873
3.454,40.730438,-44.325455,36.707211,40.102718,-43.61573,36.740635,2.0,2.11086454950667,0.61508236938751,0.11450948784301873
3.442,40.730438,-44.325455,36.707211,42.806908,-42.821793,36.116009,1.78703,1.88608913795245,1.93656804240079,0.5329548244211502
3.455,40.730438,-44.325455,36.707211,40.8466,-44.562592,36.565002,1.43039,1.50967977148442,0.159634742155801,0.5329548244211502
3.442,40.730438,-44.325455,36.707211,42.806908,-42.821793,36.116009,1.78703,1.88608913795245,1.93656804240079,0.08378338080860759
3.457,40.730438,-44.325455,36.707211,40.082874,-43.851112,36.143818,2.25683,2.38193122063157,0.610682611943427,0.08378338080860759
3.446,40.730438,-44.325455,36.707211,42.736111,-43.461781,38.655361,1.88938,1.99411263127346,2.04125120006139,0.13753995982801645
3.454,40.730438,-44.325455,36.707211,40.102718,-43.61573,36.740635,2.0,2.11086454950667,0.61508236938751,0.13753995982801645
3.446,40.730438,-44.325455,36.707211,42.736111,-43.461781,38.655361,1.88938,1.99411263127346,2.04125120006139,0.3540378123242968
3.455,40.730438,-44.325455,36.707211,40.8466,-44.562592,36.565002,1.43039,1.50967977148442,0.159634742155801,0.3540378123242968
3.446,40.730438,-44.325455,36.707211,42.736111,-43.461781,38.655361,1.88938,1.99411263127346,2.04125120006139,0.09636454996840246
3.456,40.730438,-44.325455,36.707211,40.473846,-42.773716,37.404255,1.80737,1.90755663042093,0.768826791994311,0.09636454996840246
3.446,40.730438,-44.325455,36.707211,42.736111,-43.461781,38.655361,1.88938,1.99411263127346,2.04125120006139,0.07249586521670975
3.457,40.730438,-44.325455,36.707211,40.082874,-43.851112,36.143818,2.25683,2.38193122063157,0.610682611943427,0.07249586521670975
3.447,40.730438,-44.325455,36.707211,38.915691,-41.45977,35.932613,2.64971,2.79658945273666,1.85923275229174,0.06892145265588122
3.457,40.730438,-44.325455,36.707211,40.082874,-43.851112,36.143818,2.25683,2.38193122063157,0.610682611943427,0.06892145265588122
3.451,40.730438,-44.325455,36.707211,43.34362,-47.628445,36.651356,1.93134,2.03839856952211,2.64345757043222,0.09040950990238063
3.455,40.730438,-44.325455,36.707211,40.8466,-44.562592,36.565002,1.43039,1.50967977148442,0.159634742155801,0.09040950990238063
3.468,66.627518,-1.538718,3.45059,67.116165,-0.845155,2.434649,1.88997,1.99473533631556,1.32596845681528,0.052812201123431525
3.478,66.627518,-1.538718,3.45059,66.708221,-1.530576,3.61918,1.71328,1.80825100768939,0.161575414091489,0.052812201123431525
3.468,66.627518,-1.538718,3.45059,67.116165,-0.845155,2.434649,1.88997,1.99473533631556,1.32596845681528,0.5642562098282968
3.486,66.627518,-1.538718,3.45059,65.99086,0.428235,0.125481,1.71328,1.80825100768939,4.17660785982174,0.5642562098282968
3.469,66.627518,-1.538718,3.45059,66.421242,-2.200861,4.794585,1.87425,1.97814394095644,1.37496373546852,0.08939763487877539
3.478,66.627518,-1.538718,3.45059,66.708221,-1.530576,3.61918,1.71328,1.80825100768939,0.161575414091489,0.08939763487877539
3.470,66.627518,-1.538718,3.45059,66.167717,-3.153082,3.696544,2.57453,2.7172420543207,2.11373025036933,0.43380742061740046
3.475,66.627518,-1.538718,3.45059,67.064919,-1.275448,3.165702,2.16585,2.28590799227451,0.547559195488068,0.43380742061740046
3.471,66.627518,-1.538718,3.45059,66.235474,-1.748199,3.392227,1.33767,1.41182009096929,0.430756289747068,0.125156199792431
3.486,66.627518,-1.538718,3.45059,65.99086,0.428235,0.125481,1.71328,1.80825100768939,4.17660785982174,0.125156199792431
3.473,66.627518,-1.538718,3.45059,66.094437,-1.084501,1.788674,2.49919,2.63772578674079,1.63187336349487,0.07310535673190663
3.486,66.627518,-1.538718,3.45059,65.99086,0.428235,0.125481,1.71328,1.80825100768939,4.17660785982174,0.07310535673190663
3.473,66.627518,-1.538718,3.45059,66.094437,-1.084501,1.788674,2.49919,2.63772578674079,1.63187336349487,0.08970648417448325
3.487,66.627518,-1.538718,3.45059,66.166168,0.258545,0.387836,3.27642,3.45803941364732,3.77819138400037,0.08970648417448325
3.475,66.627518,-1.538718,3.45059,67.064919,-1.275448,3.165702,2.16585,2.28590799227451,0.547559195488068,0.17375179963013682
3.486,66.627518,-1.538718,3.45059,65.99086,0.428235,0.125481,1.71328,1.80825100768939,4.17660785982174,0.17375179963013682
3.478,66.627518,-1.538718,3.45059,66.708221,-1.530576,3.61918,1.71328,1.80825100768939,0.161575414091489,0.10832456135396862
3.486,66.627518,-1.538718,3.45059,65.99086,0.428235,0.125481,1.71328,1.80825100768939,4.17660785982174,0.10832456135396862
3.479,66.627518,-1.538718,3.45059,65.598129,-0.861753,2.458165,2.56423,2.70637110189074,1.49142758121525,0.14403335701198167
3.487,66.627518,-1.538718,3.45059,66.166168,0.258545,0.387836,3.27642,3.45803941364732,3.77819138400037,0.14403335701198167
3.480,66.627518,-1.538718,3.45059,66.765228,-0.889762,2.203487,2.64444,2.79102732464871,1.37950885757285,0.2809469608672912
3.487,66.627518,-1.538718,3.45059,66.166168,0.258545,0.387836,3.27642,3.45803941364732,3.77819138400037,0.2809469608672912
3.481,66.627518,-1.538718,3.45059,67.027954,-1.380901,3.205375,1.71165,1.80653065308155,0.433299955779215,0.20497708013350635
3.486,66.627518,-1.538718,3.45059,65.99086,0.428235,0.125481,1.71328,1.80825100768939,4.17660785982174,0.20497708013350635
3.486,66.627518,-1.538718,3.45059,65.99086,0.428235,0.125481,1.71328,1.80825100768939,4.17660785982174,0.16768839567333393
4.89,65.320007,-0.190133,0.050017,66.62851,-0.195206,0.009758,1.276018,1.3467505803662,1.0639641146358,0.16768839567333393
3.486,66.627518,-1.538718,3.45059,65.99086,0.428235,0.125481,1.71328,1.80825100768939,4.17660785982174,0.11470056366502689
4.137,65.48999,-0.209888,-0.030039,67.537895,-0.21926,-0.113833,1.266704,1.33692028415915,1.65489605257842,0.11470056366502689
3.486,66.627518,-1.538718,3.45059,65.99086,0.428235,0.125481,1.71328,1.80825100768939,4.17660785982174,0.13012793440094284
4.138,65.549965,-0.20967,-0.010013,67.980354,-0.256486,-0.065613,1.53681,1.62199887416367,1.95728979314304,0.13012793440094284
3.486,66.627518,-1.538718,3.45059,65.99086,0.428235,0.125481,1.71328,1.80825100768939,4.17660785982174,0.05083370570652294
5.58,65.48999,-0.209888,-0.030039,67.537895,-0.21926,-0.113833,1.078888,1.13869321604408,1.65489605257842,0.05083370570652294
3.486,66.627518,-1.538718,3.45059,65.99086,0.428235,0.125481,1.71328,1.80825100768939,4.17660785982174,0.12447509256516273
5.59,65.549965,-0.20967,-0.010013,67.980354,-0.256486,-0.065613,1.412074,1.49034847394004,1.95728979314304,0.12447509256516273
3.520,38.298019,0.294544,0.205786,33.524685,-0.301369,-1.043497,5.14409,5.42923861023588,4.25149903891515,0.14416912179173916
3.529,38.298019,0.294544,0.205786,36.288639,0.316602,-2.196318,4.94946,5.22381982660064,2.86047912695238,0.14416912179173916
3.520,38.298019,0.294544,0.205786,33.524685,-0.301369,-1.043497,5.14409,5.42923861023588,4.25149903891515,0.09394792680361003
3.532,38.298019,0.294544,0.205786,31.416723,0.689391,-4.383622,5.52473,5.83097835129799,7.05351569624777,0.09394792680361003
3.521,38.298019,0.294544,0.205786,35.063156,0.147781,-0.635292,4.20323,4.43622460021146,2.85201355410673,0.3585844271292021
3.525,38.298019,0.294544,0.205786,34.632511,-1.360838,-1.782767,4.5914,4.84591174630246,4.33563532684716,0.3585844271292021
3.523,38.298019,0.294544,0.205786,34.354977,-0.450014,-2.028741,5.5172,5.8230309462691,4.0872869254685,0.14202116903089146
3.532,38.298019,0.294544,0.205786,31.416723,0.689391,-4.383622,5.52473,5.83097835129799,7.05351569624777,0.14202116903089146
3.525,38.298019,0.294544,0.205786,34.632511,-1.360838,-1.782767,4.5914,4.84591174630246,4.33563532684716,0.4126482607539982
3.528,38.298019,0.294544,0.205786,36.009312,-0.178491,-1.611046,4.07527,4.30117148633402,2.71169717750239,0.4126482607539982
3.525,38.298019,0.294544,0.205786,34.632511,-1.360838,-1.782767,4.5914,4.84591174630246,4.33563532684716,0.3081581913302881
3.529,38.298019,0.294544,0.205786,36.288639,0.316602,-2.196318,4.94946,5.22381982660064,2.86047912695238,0.3081581913302881
3.525,38.298019,0.294544,0.205786,34.632511,-1.360838,-1.782767,4.5914,4.84591174630246,4.33563532684716,0.06437301394935317
3.535,38.298019,0.294544,0.205786,36.548061,0.86257,-2.409523,5.14301,5.42809874337915,2.99133135905787,0.06437301394935317
3.529,38.298019,0.294544,0.205786,36.288639,0.316602,-2.196318,4.94946,5.22381982660064,2.86047912695238,0.05861790779926858
3.541,38.298019,0.294544,0.205786,33.064331,0.923234,-0.913352,5.62366,5.93539226623934,4.56607354025943,0.05861790779926858
3.530,38.298019,0.294544,0.205786,35.208408,-0.800012,-3.895722,6.70968,7.08161282526696,4.85517199135719,0.26628012829460307
3.540,38.298019,0.294544,0.205786,32.400509,-0.896283,-3.752385,6.52366,6.88528131351734,6.3305982043416,0.26628012829460307
3.531,38.298019,0.294544,0.205786,36.892502,0.545046,-2.616418,5.26882,5.56088267786587,2.9461040992955,0.05058858244866839
3.541,38.298019,0.294544,0.205786,33.064331,0.923234,-0.913352,5.62366,5.93539226623934,4.56607354025943,0.05058858244866839
3.531,38.298019,0.294544,0.205786,36.892502,0.545046,-2.616418,5.26882,5.56088267786587,2.9461040992955,0.06851989511079332
3.542,38.298019,0.294544,0.205786,33.838768,0.043181,-2.257201,5.90215,6.2293196004354,4.4200684917688,0.06851989511079332
3.532,38.298019,0.294544,0.205786,31.416723,0.689391,-4.383622,5.52473,5.83097835129799,7.05351569624777,0.1657022842553677
3.541,38.298019,0.294544,0.205786,33.064331,0.923234,-0.913352,5.62366,5.93539226623934,4.56607354025943,0.1657022842553677
3.532,38.298019,0.294544,0.205786,31.416723,0.689391,-4.383622,5.52473,5.83097835129799,7.05351569624777,0.3216361934000095
3.542,38.298019,0.294544,0.205786,33.838768,0.043181,-2.257201,5.90215,6.2293196004354,4.4200684917688,0.3216361934000095
3.535,38.298019,0.294544,0.205786,36.548061,0.86257,-2.409523,5.14301,5.42809874337915,2.99133135905787,0.08208690925800301
3.541,38.298019,0.294544,0.205786,33.064331,0.923234,-0.913352,5.62366,5.93539226623934,4.56607354025943,0.08208690925800301
3.540,38.298019,0.294544,0.205786,32.400509,-0.896283,-3.752385,6.52366,6.88528131351734,6.3305982043416,0.2897186847913033
3.542,38.298019,0.294544,0.205786,33.838768,0.043181,-2.257201,5.90215,6.2293196004354,4.4200684917688,0.2897186847913033
4.1,49.140011,-0.809856,0.430055,49.311226,-0.438431,1.422339,1.201506,1.26810821070978,1.11676425044051,0.07391835416154997
4.143,47.429981,-0.299898,0.120069,49.905563,-0.318253,-0.006174,1.81623,1.91690776037525,2.46487616611888,0.07391835416154997
4.2,49.699966,0.130085,0.779994,49.784233,0.090873,1.827392,1.25739,1.3270899879521,0.995735932622898,0.12304551714183448
4.143,47.429981,-0.299898,0.120069,49.905563,-0.318253,-0.006174,1.81623,1.91690776037525,2.46487616611888,0.12304551714183448
4.3,49.660042,-0.250223,0.360053,49.38129,-0.464036,1.301046,1.154936,1.21895672967452,0.993201546570376,0.10060292278062463
4.143,47.429981,-0.299898,0.120069,49.905563,-0.318253,-0.006174,1.81623,1.91690776037525,2.46487616611888,0.10060292278062463
4.4,49.330006,0.039961,0.489911,49.354378,-0.50242,1.315409,1.21082,1.27793850691683,1.11754381912407,0.07832505523554377
4.143,47.429981,-0.299898,0.120069,49.905563,-0.318253,-0.006174,1.81623,1.91690776037525,2.46487616611888,0.07832505523554377
4.12,43.870068,35.629742,21.290045,44.072601,37.127289,22.695574,1.126994,1.18946584105336,0.769554419490261,0.3196013107901589
7.351,44.518399976803536,38.519666028744126,21.880905505662586,44.518399976803536,35.472383338272905,24.026531908961612,1.409043,1.48714945871526,2.31925786195933,0.3196013107901589
4.12,43.870068,35.629742,21.290045,44.072601,37.127289,22.695574,1.126994,1.18946584105336,0.769554419490261,0.2724379304539467
7.361,44.60351738852064,38.78155571208269,21.746543197241397,44.489974232848624,35.28218457991533,24.28917730304483,1.620184,1.70999448463896,2.70544683885885,0.2724379304539467
4.12,43.870068,35.629742,21.290045,44.072601,37.127289,22.695574,1.126994,1.18946584105336,0.769554419490261,0.13160008146651342
7.413,45.67525911468617,37.772741228500664,23.45706086477872,43.43360642568766,36.17325707994268,22.566664899868705,1.732218,1.82823878410867,2.19823030545429,0.13160008146651342
4.13,43.449951,38.100449,20.989811,43.626087,37.972427,23.039627,0.987284,1.04201139794757,1.24802879487183,0.06338488235997519
7.361,44.60351738852064,38.78155571208269,21.746543197241397,44.489974232848624,35.28218457991533,24.28917730304483,1.620184,1.70999448463896,2.70544683885885,0.06338488235997519
4.41,55.469971,-32.089752,-0.060098,55.612289,-29.953671,0.424135,0.83826,0.884726658634731,0.977009900456795,0.05344181038545863
7.227,56.13782038190075,-33.58755338003938,0.6850252091039621,56.13782038190075,-28.591036933536095,0.059207860898990994,1.193593,1.25975657511966,2.15918551635632,0.05344181038545863
4.41,55.469971,-32.089752,-0.060098,55.612289,-29.953671,0.424135,0.83826,0.884726658634731,0.977009900456795,0.4160225163508978
7.247,56.15781146519707,-34.1114668264737,0.8295323992704606,56.05774503329822,-28.00815605770879,-0.19917430804949898,1.2927,1.36435730157364,2.68084625062854,0.4160225163508978
4.42,55.309998,-32.089779,-0.100068,55.320225,-30.297216,1.435476,1.266704,1.33692028415915,1.29661938408026,0.12254241810782843
7.247,56.15781146519707,-34.1114668264737,0.8295323992704606,56.05774503329822,-28.00815605770879,-0.19917430804949898,1.2927,1.36435730157364,2.68084625062854,0.12254241810782843
4.43,55.330044,-32.0,-0.079938,55.207119,-32.267277,1.386697,0.847574,0.894556954841783,0.991564387010141,0.0575768029567574
7.247,56.15781146519707,-34.1114668264737,0.8295323992704606,56.05774503329822,-28.00815605770879,-0.19917430804949898,1.2927,1.36435730157364,2.68084625062854,0.0575768029567574
4.44,55.370003,-31.989914,-0.070078,55.318897,-32.9314,1.616213,0.959342,1.01252050932641,1.18102910116745,0.05031707659641232
7.247,56.15781146519707,-34.1114668264737,0.8295323992704606,56.05774503329822,-28.00815605770879,-0.19917430804949898,1.2927,1.36435730157364,2.68084625062854,0.05031707659641232
4.45,55.469971,-30.449732,0.209887,55.531033,-32.926296,0.238492,0.875516,0.924047843462941,1.03963541053434,0.4155452429385408
7.247,56.15781146519707,-34.1114668264737,0.8295323992704606,56.05774503329822,-28.00815605770879,-0.19917430804949898,1.2927,1.36435730157364,2.68084625062854,0.4155452429385408
4.76,45.099937,36.750183,22.469835,46.181698,36.91983,22.239534,1.145622,1.20912643346747,1.05157489929332,0.09282915803744593
7.351,44.518399976803536,38.519666028744126,21.880905505662586,44.518399976803536,35.472383338272905,24.026531908961612,1.409043,1.48714945871526,2.31925786195933,0.09282915803744593
4.76,45.099937,36.750183,22.469835,46.181698,36.91983,22.239534,1.145622,1.20912643346747,1.05157489929332,0.2952367151005733
7.361,44.60351738852064,38.78155571208269,21.746543197241397,44.489974232848624,35.28218457991533,24.28917730304483,1.620184,1.70999448463896,2.70544683885885,0.2952367151005733
4.77,43.600025,37.299789,22.570135,44.974243,37.176563,22.39678,1.359844,1.43522324622967,1.29024390106441,0.18714707867730546
7.361,44.60351738852064,38.78155571208269,21.746543197241397,44.489974232848624,35.28218457991533,24.28917730304483,1.620184,1.70999448463896,2.70544683885885,0.18714707867730546
4.77,43.600025,37.299789,22.570135,44.974243,37.176563,22.39678,1.359844,1.43522324622967,1.29024390106441,0.07777452246827093
7.417,45.90691825034913,37.77115311636092,23.52933956192629,43.10777397801501,35.99489637404085,22.457982490321005,2.055393,2.16932810950208,2.72332209281723,0.07777452246827093
4.103,60.460007,-0.239831,0.050053,63.133312,-0.252147,-0.026832,1.76966,1.86775627933999,2.29512472278671,0.05603182650279846
7.33,62.650880690858955,0.13654519266420584,0.058882039320318214,62.64246883189739,0.1533582167819736,1.1799848157068915,1.456442,1.5371758931063,1.09279885748129,0.05603182650279846
4.103,60.460007,-0.239831,0.050053,63.133312,-0.252147,-0.026832,1.76966,1.86775627933999,2.29512472278671,0.15519108033391688
7.38,62.650880690858955,0.13654519266420584,0.058882039320318214,62.776843239021375,0.16514541870898958,-0.8563746576976339,1.297009,1.36890515924555,0.906032234049291,0.15519108033391688
4.103,60.460007,-0.239831,0.050053,63.133312,-0.252147,-0.026832,1.76966,1.86775627933999,2.29512472278671,0.08369282624913647
7.42,62.650880690858955,0.13654519266420584,0.058882039320318214,62.768458263626584,0.7727134271581781,0.014210382325319237,1.180666,1.24611300210392,0.932361102138941,0.08369282624913647
4.103,60.460007,-0.239831,0.050053,63.133312,-0.252147,-0.026832,1.76966,1.86775627933999,2.29512472278671,0.085017889400587
7.47,62.650880690858955,0.13654519266420584,0.058882039320318214,62.67610547792866,-0.39219220680142275,0.10254731048000565,1.064323,1.12332084496229,0.788922299896085,0.085017889400587
4.103,60.460007,-0.239831,0.050053,63.133312,-0.252147,-0.026832,1.76966,1.86775627933999,2.29512472278671,0.08142801073977932
7.52,62.650880690858955,0.13654519266420584,0.058882039320318214,63.16063819673245,0.1411038549282151,0.13800704133009045,0.995379,1.0505551222117,0.438120425945003,0.08142801073977932
4.103,60.460007,-0.239831,0.050053,63.133312,-0.252147,-0.026832,1.76966,1.86775627933999,2.29512472278671,0.31370744812654056
7.53,62.650880690858955,0.13654519266420584,0.058882039320318214,63.26843012799614,0.12840079281817296,-0.13780099423930103,1.180666,1.24611300210392,0.557323554866912,0.31370744812654056
4.103,60.460007,-0.239831,0.050053,63.133312,-0.252147,-0.026832,1.76966,1.86775627933999,2.29512472278671,0.5028026605254475
7.54,62.650880690858955,0.13654519266420584,0.058882039320318214,63.5160681944692,0.10352450549339087,0.08620181826528572,1.572785,1.65996805024792,0.731850287746402,0.5028026605254475
4.103,60.460007,-0.239831,0.050053,63.133312,-0.252147,-0.026832,1.76966,1.86775627933999,2.29512472278671,0.17231811988079193
7.55,62.650880690858955,0.13654519266420584,0.058882039320318214,63.78670046345174,0.03275433208632661,0.10033283052226505,1.917505,2.02379666400089,0.969591759766644,0.17231811988079193
4.103,60.460007,-0.239831,0.050053,63.133312,-0.252147,-0.026832,1.76966,1.86775627933999,2.29512472278671,0.08991784683103214
7.58,62.650880690858955,0.13654519266420584,0.058882039320318214,62.19404048836513,0.13938089430126643,0.13632189460910382,0.99107,1.04600726453979,0.396285269126743,0.08991784683103214
4.103,60.460007,-0.239831,0.050053,63.133312,-0.252147,-0.026832,1.76966,1.86775627933999,2.29512472278671,0.5275141996430832
7.59,62.650880690858955,0.13654519266420584,0.058882039320318214,62.02347818323405,0.10704106282710679,0.2009869779234119,1.258228,1.32797444019834,0.554627507332884,0.5275141996430832
4.103,60.460007,-0.239831,0.050053,63.133312,-0.252147,-0.026832,1.76966,1.86775627933999,2.29512472278671,0.4367884791773376
7.60,62.650880690858955,0.13654519266420584,0.058882039320318214,61.68871986942695,0.1668234227281129,-0.006548671054829036,1.615875,1.70544662696705,0.825226605499617,0.4367884791773376
4.103,60.460007,-0.239831,0.050053,63.133312,-0.252147,-0.026832,1.76966,1.86775627933999,2.29512472278671,0.16846715338730597
7.179,62.625639713294134,-0.23944473055187432,1.0386475053027588,62.67610547792866,-0.3923301037287996,0.10245871566407772,1.404734,1.48260160104335,0.943203581642223,0.16846715338730597
4.103,60.460007,-0.239831,0.050053,63.133312,-0.252147,-0.026832,1.76966,1.86775627933999,2.29512472278671,0.07743036724608048
7.203,62.64246883189739,0.15331603614493483,1.1799271839062042,62.19404048836513,0.13933860462395087,0.1362646673024548,1.473678,1.55536732379395,1.08457075131742,0.07743036724608048
4.103,60.460007,-0.239831,0.050053,63.133312,-0.252147,-0.026832,1.76966,1.86775627933999,2.29512472278671,0.166757794570812
7.262,62.49919105553391,0.22395683649600873,-0.3327535686703076,62.516074417933325,0.5580522525558962,0.01602137243352786,1.090177,1.15060799099377,0.599172468823163,0.166757794570812
4.103,60.460007,-0.239831,0.050053,63.133312,-0.252147,-0.026832,1.76966,1.86775627933999,2.29512472278671,0.13439661648487292
7.272,62.659290750877176,0.18280401052056527,-0.46365008627240467,62.768458263626584,0.7723688852379063,0.014129034614196456,1.516768,1.60084590051307,0.985494186790541,0.13439661648487292
4.103,60.460007,-0.239831,0.050053,63.133312,-0.252147,-0.026832,1.76966,1.86775627933999,2.29512472278671,0.056666076648961214
7.273,62.659290750877176,0.18280401052056527,-0.46365008627240467,62.67610547792866,-0.39253698233226997,0.10246624288974271,1.189284,1.25520871744775,1.01854094477878,0.056666076648961214
4.103,60.460007,-0.239831,0.050053,63.133312,-0.252147,-0.026832,1.76966,1.86775627933999,2.29512472278671,0.08891055833051209
7.327,62.516074417933325,0.5582046943676255,0.01604474330929584,62.67610547792866,-0.0360665637400559,0.15170944875286807,1.137576,1.2006344253848,0.899024941192269,0.08891055833051209
4.103,60.460007,-0.239831,0.050053,63.133312,-0.252147,-0.026832,1.76966,1.86775627933999,2.29512472278671,0.20713932655627168
7.373,62.67610547792866,-0.39222554081780325,0.1025082818313372,63.16063819673245,0.1410704951634867,0.1379677122782974,1.33579,1.40983587829276,0.894182272125511,0.20713932655627168
4.103,60.460007,-0.239831,0.050053,63.133312,-0.252147,-0.026832,1.76966,1.86775627933999,2.29512472278671,0.12775583707650967
7.374,62.67610547792866,-0.39222554081780325,0.1025082818313372,62.262057519931304,0.1680215593836687,-0.006635877646821164,1.193593,1.25975657511966,0.912791769789313,0.12775583707650967
4.103,60.460007,-0.239831,0.050053,63.133312,-0.252147,-0.026832,1.76966,1.86775627933999,2.29512472278671,0.47897869478863947
7.402,63.16063819673245,0.14105062760799703,0.13801795485133272,62.262057519931304,0.16800188416005168,-0.006586186807155947,1.503841,1.58720232749733,0.776144543590609,0.47897869478863947
4.103,60.460007,-0.239831,0.050053,63.133312,-0.252147,-0.026832,1.76966,1.86775627933999,2.29512472278671,0.21960821822137264
7.407,63.26843012799614,0.12805498690454664,-0.13779436981593562,62.19404048836513,0.13904050928265077,0.13632816855941865,1.917505,2.02379666400089,0.950497521513414,0.21960821822137264
4.105,43.81995,37.200417,21.679749,44.566662,37.167774,21.584,0.83826,0.884726658634731,0.700351892324673,0.17253051621032953
7.351,44.518399976803536,38.519666028744126,21.880905505662586,44.518399976803536,35.472383338272905,24.026531908961612,1.409043,1.48714945871526,2.31925786195933,0.17253051621032953
4.106,43.86005,36.959896,22.410271,44.775291,36.950111,22.187439,1.229448,1.29759909933094,0.867505507831591,0.3073479706135999
7.351,44.518399976803536,38.519666028744126,21.880905505662586,44.518399976803536,35.472383338272905,24.026531908961612,1.409043,1.48714945871526,2.31925786195933,0.3073479706135999
4.106,43.86005,36.959896,22.410271,44.775291,36.950111,22.187439,1.229448,1.29759909933094,0.867505507831591,0.49948627647164834
7.361,44.60351738852064,38.78155571208269,21.746543197241397,44.489974232848624,35.28218457991533,24.28917730304483,1.620184,1.70999448463896,2.70544683885885,0.49948627647164834
4.106,43.86005,36.959896,22.410271,44.775291,36.950111,22.187439,1.229448,1.29759909933094,0.867505507831591,0.13361662937486954
7.413,45.67525911468617,37.772741228500664,23.45706086477872,43.43360642568766,36.17325707994268,22.566664899868705,1.732218,1.82823878410867,2.19823030545429,0.13361662937486954
4.114,54.70998,-32.010151,-0.019989,55.164921,-31.733152,0.03008,0.819632,0.865066066220625,0.44777025960406,0.06869457764302193
4.116,53.739994,-31.780239,-0.039934,55.63501,-31.979239,-0.144019,1.49024,1.57284739312841,1.80653789299714,0.06869457764302193
4.114,54.70998,-32.010151,-0.019989,55.164921,-31.733152,0.03008,0.819632,0.865066066220625,0.44777025960406,0.21696223217162405
7.227,56.13782038190075,-33.58755338003938,0.6850252091039621,56.13782038190075,-28.591036933536095,0.059207860898990994,1.193593,1.25975657511966,2.15918551635632,0.21696223217162405
4.114,54.70998,-32.010151,-0.019989,55.164921,-31.733152,0.03008,0.819632,0.865066066220625,0.44777025960406,0.07825788886787517
7.247,56.15781146519707,-34.1114668264737,0.8295323992704606,56.05774503329822,-28.00815605770879,-0.19917430804949898,1.2927,1.36435730157364,2.68084625062854,0.07825788886787517
4.114,54.70998,-32.010151,-0.019989,55.164921,-31.733152,0.03008,0.819632,0.865066066220625,0.44777025960406,0.05487217993791898
7.359,56.13782038190075,-30.922922629246063,1.71950704624797,56.15781146519707,-31.480516488774203,-0.7965094466838574,1.374571,1.45076659733997,1.71649588917119,0.05487217993791898
4.115,55.469971,-31.809582,0.229923,56.632538,-31.986355,0.242249,1.266704,1.33692028415915,1.08601080111556,0.08602221894302009
7.247,56.15781146519707,-34.1114668264737,0.8295323992704606,56.05774503329822,-28.00815605770879,-0.19917430804949898,1.2927,1.36435730157364,2.68084625062854,0.08602221894302009
4.116,53.739994,-31.780239,-0.039934,55.63501,-31.979239,-0.144019,1.49024,1.57284739312841,1.80653789299714,0.12237036706601055
5.45,54.70998,-32.010151,-0.019989,55.164921,-31.733152,0.03008,0.912295,0.962865587096094,0.44777025960406,0.12237036706601055
4.124,90.010017,-0.500077,-0.269921,90.360725,-0.490996,-0.05947,0.409816,0.432533033110313,0.30243483182932,0.09946005086785911
5.53,87.069992,-0.469996,-0.50004,89.979553,-0.521263,-0.320616,0.991625,1.04659302945228,1.8584630176848,0.09946005086785911
4.143,47.429981,-0.299898,0.120069,49.905563,-0.318253,-0.006174,1.81623,1.91690776037525,2.46487616611888,0.07279481687464455
4.180,49.860012,-0.500102,1.290051,50.063301,-0.313307,0.363834,1.11768,1.17963554484631,0.949695799079488,0.07279481687464455
4.143,47.429981,-0.299898,0.120069,49.905563,-0.318253,-0.006174,1.81623,1.91690776037525,2.46487616611888,0.3323643455923356
4.181,49.679951,-0.899978,0.50999,50.158894,-0.464924,1.024953,1.378472,1.45488383864378,0.938682575018774,0.3323643455923356
4.143,47.429981,-0.299898,0.120069,49.905563,-0.318253,-0.006174,1.81623,1.91690776037525,2.46487616611888,0.1096723130680642
4.182,50.069977,0.050231,1.79004,50.165195,0.087986,0.707375,1.322588,1.39590206140146,1.03161447191349,0.1096723130680642
4.143,47.429981,-0.299898,0.120069,49.905563,-0.318253,-0.006174,1.81623,1.91690776037525,2.46487616611888,0.052605263655422875
4.183,49.629978,-0.269678,0.589871,50.085823,0.089456,0.722925,1.015226,1.07150228656873,0.714629319945261,0.052605263655422875
4.143,47.429981,-0.299898,0.120069,49.905563,-0.318253,-0.006174,1.81623,1.91690776037525,2.46487616611888,0.13935222326397106
4.184,49.709969,-0.909688,0.500009,49.758137,-0.542145,1.335017,1.220134,1.28776880312389,0.971112627869323,0.13935222326397106
4.143,47.429981,-0.299898,0.120069,49.905563,-0.318253,-0.006174,1.81623,1.91690776037525,2.46487616611888,0.16144285840785855
4.186,49.34,-0.150016,0.389927,49.787842,-0.543494,1.342018,1.639264,1.73013213244125,1.16120755089776,0.16144285840785855
4.143,47.429981,-0.299898,0.120069,49.905563,-0.318253,-0.006174,1.81623,1.91690776037525,2.46487616611888,0.09097473196338526
4.187,49.780025,-0.549916,1.290112,50.115002,0.035575,1.928979,1.508868,1.59250798554252,1.10820527233205,0.09097473196338526
4.143,47.429981,-0.299898,0.120069,49.905563,-0.318253,-0.006174,1.81623,1.91690776037525,2.46487616611888,0.13920302114125363
4.188,49.209953,-0.060044,0.419992,49.51442,-0.845938,0.557678,1.72309,1.81860479830472,1.18918766588179,0.13920302114125363
4.143,47.429981,-0.299898,0.120069,49.905563,-0.318253,-0.006174,1.81623,1.91690776037525,2.46487616611888,0.1568678467011758
4.189,49.709969,-0.06971,0.489855,49.734062,-0.556573,1.308726,1.322588,1.39590206140146,1.05176567823389,0.1568678467011758
4.143,47.429981,-0.299898,0.120069,49.905563,-0.318253,-0.006174,1.81623,1.91690776037525,2.46487616611888,0.140013982212728
4.195,49.580051,-0.260413,0.530073,50.274353,-0.425916,0.8329,1.11768,1.17963554484631,0.790090560620792,0.140013982212728
4.143,47.429981,-0.299898,0.120069,49.905563,-0.318253,-0.006174,1.81623,1.91690776037525,2.46487616611888,0.2800082251348742
4.199,49.709969,-0.040116,0.359962,50.330692,-0.45928,0.893318,1.434356,1.51386561588609,1.01281069672646,0.2800082251348742
4.143,47.429981,-0.299898,0.120069,49.905563,-0.318253,-0.006174,1.81623,1.91690776037525,2.46487616611888,0.12403161880139521
4.200,49.34,-0.140032,0.370021,50.205933,-0.313389,0.507765,1.126994,1.18946584105336,0.91237150170343,0.12403161880139521
4.143,47.429981,-0.299898,0.120069,49.905563,-0.318253,-0.006174,1.81623,1.91690776037525,2.46487616611888,0.06504485599245628
5.89,49.679951,-0.899978,0.50999,50.158894,-0.464924,1.024953,1.078888,1.13869321604408,0.938682575018774,0.06504485599245628
4.143,47.429981,-0.299898,0.120069,49.905563,-0.318253,-0.006174,1.81623,1.91690776037525,2.46487616611888,0.05307723780218086
5.94,49.780025,-0.549916,1.290112,50.115002,0.035575,1.928979,1.26928,1.33963907769891,1.10820527233205,0.05307723780218086
4.143,47.429981,-0.299898,0.120069,49.905563,-0.318253,-0.006174,1.81623,1.91690776037525,2.46487616611888,0.11543247888773506
5.103,49.709969,-0.040116,0.359962,50.330692,-0.45928,0.893318,1.18995,1.25591163534273,1.01281069672646,0.11543247888773506
5.2,45.140049,36.999737,22.880068,45.936909,37.190865,22.82316,0.785367,0.828901679326202,0.768520324510237,0.15802746363589198
7.351,44.518399976803536,38.519666028744126,21.880905505662586,44.518399976803536,35.472383338272905,24.026531908961612,1.409043,1.48714945871526,2.31925786195933,0.15802746363589198
5.3,44.880054,37.119598,22.940094,46.212364,37.041267,22.777866,1.070955,1.13032047180846,1.2749658582207,0.10964032786429882
7.361,44.60351738852064,38.78155571208269,21.746543197241397,44.489974232848624,35.28218457991533,24.28917730304483,1.620184,1.70999448463896,2.70544683885885,0.10964032786429882
5.6,44.360012,36.669922,22.630003,44.545097,37.677273,22.555637,0.626707,0.661446794613838,0.507579179938685,0.08023879126199843
7.351,44.518399976803536,38.519666028744126,21.880905505662586,44.518399976803536,35.472383338272905,24.026531908961612,1.409043,1.48714945871526,2.31925786195933,0.08023879126199843
5.7,44.330009,36.469742,22.610123,44.572052,37.892254,22.571035,0.753635,0.79541070238373,0.689281056719032,0.20077547118036526
7.351,44.518399976803536,38.519666028744126,21.880905505662586,44.518399976803536,35.472383338272905,24.026531908961612,1.409043,1.48714945871526,2.31925786195933,0.20077547118036526
5.8,44.419933,36.18005,22.549789,44.476891,38.165051,22.633118,0.936094,0.987983819802948,0.866811219141489,0.2797842058912808
7.351,44.518399976803536,38.519666028744126,21.880905505662586,44.518399976803536,35.472383338272905,24.026531908961612,1.409043,1.48714945871526,2.31925786195933,0.2797842058912808
5.8,44.419933,36.18005,22.549789,44.476891,38.165051,22.633118,0.936094,0.987983819802948,0.866811219141489,0.20242444923557337
7.361,44.60351738852064,38.78155571208269,21.746543197241397,44.489974232848624,35.28218457991533,24.28917730304483,1.620184,1.70999448463896,2.70544683885885,0.20242444923557337
5.9,44.510017,36.00988,22.309853,44.396122,38.320248,22.87945,1.070955,1.13032047180846,0.908276829574393,0.2869453235760075
7.351,44.518399976803536,38.519666028744126,21.880905505662586,44.518399976803536,35.472383338272905,24.026531908961612,1.409043,1.48714945871526,2.31925786195933,0.2869453235760075
5.9,44.510017,36.00988,22.309853,44.396122,38.320248,22.87945,1.070955,1.13032047180846,0.908276829574393,0.4236957462350943
7.361,44.60351738852064,38.78155571208269,21.746543197241397,44.489974232848624,35.28218457991533,24.28917730304483,1.620184,1.70999448463896,2.70544683885885,0.4236957462350943
5.10,44.489975,35.940083,22.349972,44.418793,38.393051,22.841824,1.308945,1.381502798877,0.978364339257622,0.09585550200037318
7.250,44.57517149224873,39.72815094261306,25.632041471795464,44.660129768369416,34.01773548704767,20.74021538051737,1.917505,2.02379666400089,2.61919854738246,0.09585550200037318
5.10,44.489975,35.940083,22.349972,44.418793,38.393051,22.841824,1.308945,1.381502798877,0.978364339257622,0.21647320189255378
7.351,44.518399976803536,38.519666028744126,21.880905505662586,44.518399976803536,35.472383338272905,24.026531908961612,1.409043,1.48714945871526,2.31925786195933,0.21647320189255378
5.10,44.489975,35.940083,22.349972,44.418793,38.393051,22.841824,1.308945,1.381502798877,0.978364339257622,0.6936459872405112
7.361,44.60351738852064,38.78155571208269,21.746543197241397,44.489974232848624,35.28218457991533,24.28917730304483,1.620184,1.70999448463896,2.70544683885885,0.6936459872405112
5.10,44.489975,35.940083,22.349972,44.418793,38.393051,22.841824,1.308945,1.381502798877,0.978364339257622,0.0754353315727553
7.413,45.67525911468617,37.772741228500664,23.45706086477872,43.43360642568766,36.17325707994268,22.566664899868705,1.732218,1.82823878410867,2.19823030545429,0.0754353315727553
5.10,44.489975,35.940083,22.349972,44.418793,38.393051,22.841824,1.308945,1.381502798877,0.978364339257622,0.11156578618691164
7.417,45.90691825034913,37.77115311636092,23.52933956192629,43.10777397801501,35.99489637404085,22.457982490321005,2.055393,2.16932810950208,2.72332209281723,0.11156578618691164
5.12,44.449993,37.159794,21.469868,44.449993,36.990246,22.78462,0.785367,0.828901679326202,0.820644311790879,0.15689361224793755
7.351,44.518399976803536,38.519666028744126,21.880905505662586,44.518399976803536,35.472383338272905,24.026531908961612,1.409043,1.48714945871526,2.31925786195933,0.15689361224793755
5.13,44.440022,37.059891,21.320107,44.468494,37.088528,22.914507,1.047156,1.1052022391016,0.93706972375273,0.22232413283294555
7.351,44.518399976803536,38.519666028744126,21.880905505662586,44.518399976803536,35.472383338272905,24.026531908961612,1.409043,1.48714945871526,2.31925786195933,0.22232413283294555
5.13,44.440022,37.059891,21.320107,44.468494,37.088528,22.914507,1.047156,1.1052022391016,0.93706972375273,0.3213309507555948
7.361,44.60351738852064,38.78155571208269,21.746543197241397,44.489974232848624,35.28218457991533,24.28917730304483,1.620184,1.70999448463896,2.70544683885885,0.3213309507555948
5.14,44.470062,37.049984,21.120243,44.441589,37.090839,23.134239,1.285146,1.35638456617015,1.18231127804555,0.38425112757808494
7.361,44.60351738852064,38.78155571208269,21.746543197241397,44.489974232848624,35.28218457991533,24.28917730304483,1.620184,1.70999448463896,2.70544683885885,0.38425112757808494
5.17,44.389988,35.119984,20.709894,44.389988,36.770107,22.39739,0.864697,0.912629121682385,0.885971199709651,0.0665839315837628
7.351,44.518399976803536,38.519666028744126,21.880905505662586,44.518399976803536,35.472383338272905,24.026531908961612,1.409043,1.48714945871526,2.31925786195933,0.0665839315837628
5.19,44.440022,37.499954,21.389961,44.440022,36.635834,22.143272,0.71397,0.753546981205639,0.726910655299136,0.12046774293698043
7.351,44.518399976803536,38.519666028744126,21.880905505662586,44.518399976803536,35.472383338272905,24.026531908961612,1.409043,1.48714945871526,2.31925786195933,0.12046774293698043
5.20,44.459957,37.570316,21.250092,44.417225,36.541306,22.289186,0.848831,0.895883633211148,0.942605924980504,0.1275757441243871
7.351,44.518399976803536,38.519666028744126,21.880905505662586,44.518399976803536,35.472383338272905,24.026531908961612,1.409043,1.48714945871526,2.31925786195933,0.1275757441243871
5.20,44.459957,37.570316,21.250092,44.417225,36.541306,22.289186,0.848831,0.895883633211148,0.942605924980504,0.07261091041046897
7.361,44.60351738852064,38.78155571208269,21.746543197241397,44.489974232848624,35.28218457991533,24.28917730304483,1.620184,1.70999448463896,2.70544683885885,0.07261091041046897
5.21,44.500069,37.659645,21.260138,44.386135,36.4664,22.274618,0.936094,0.987983819802948,0.995990787347523,0.13096181073738078
7.351,44.518399976803536,38.519666028744126,21.880905505662586,44.518399976803536,35.472383338272905,24.026531908961612,1.409043,1.48714945871526,2.31925786195933,0.13096181073738078
5.21,44.500069,37.659645,21.260138,44.386135,36.4664,22.274618,0.936094,0.987983819802948,0.995990787347523,0.15472289929834707
7.361,44.60351738852064,38.78155571208269,21.746543197241397,44.489974232848624,35.28218457991533,24.28917730304483,1.620184,1.70999448463896,2.70544683885885,0.15472289929834707
5.22,44.449993,37.710121,21.169832,44.435749,36.423412,22.37541,1.158218,1.22242065840026,1.12715683194151,0.06529364040874565
7.351,44.518399976803536,38.519666028744126,21.880905505662586,44.518399976803536,35.472383338272905,24.026531908961612,1.409043,1.48714945871526,2.31925786195933,0.06529364040874565
5.22,44.449993,37.710121,21.169832,44.435749,36.423412,22.37541,1.158218,1.22242065840026,1.12715683194151,0.38513011376306544
7.361,44.60351738852064,38.78155571208269,21.746543197241397,44.489974232848624,35.28218457991533,24.28917730304483,1.620184,1.70999448463896,2.70544683885885,0.38513011376306544
5.23,44.480019,37.719929,20.979906,44.394554,36.395611,22.567541,1.380342,1.45685749699757,1.35091214089471,0.2119995485179727
7.361,44.60351738852064,38.78155571208269,21.746543197241397,44.489974232848624,35.28218457991533,24.28917730304483,1.620184,1.70999448463896,2.70544683885885,0.2119995485179727
5.25,43.569984,35.820053,22.639833,44.26561,36.776638,22.724449,0.769501,0.812156190854966,0.768030335655262,0.16357373195788394
7.351,44.518399976803536,38.519666028744126,21.880905505662586,44.518399976803536,35.472383338272905,24.026531908961612,1.409043,1.48714945871526,2.31925786195933,0.16357373195788394
5.26,43.449951,35.7103,22.719934,44.406105,36.882622,22.633024,1.023357,1.08008400639475,1.0550257041602,0.10423590873688328
7.351,44.518399976803536,38.519666028744126,21.880905505662586,44.518399976803536,35.472383338272905,24.026531908961612,1.409043,1.48714945871526,2.31925786195933,0.10423590873688328
5.26,43.449951,35.7103,22.719934,44.406105,36.882622,22.633024,1.023357,1.08008400639475,1.0550257041602,0.24438081637642808
7.361,44.60351738852064,38.78155571208269,21.746543197241397,44.489974232848624,35.28218457991533,24.28917730304483,1.620184,1.70999448463896,2.70544683885885,0.24438081637642808
5.27,43.449951,35.560188,22.639994,44.391842,37.037529,22.73987,1.237548,1.30614810075644,1.08913506367349,0.09207640563939633
7.351,44.518399976803536,38.519666028744126,21.880905505662586,44.518399976803536,35.472383338272905,24.026531908961612,1.409043,1.48714945871526,2.31925786195933,0.09207640563939633
5.27,43.449951,35.560188,22.639994,44.391842,37.037529,22.73987,1.237548,1.30614810075644,1.08913506367349,0.4716045161241182
7.361,44.60351738852064,38.78155571208269,21.746543197241397,44.489974232848624,35.28218457991533,24.28917730304483,1.620184,1.70999448463896,2.70544683885885,0.4716045161241182
5.28,45.700008,35.510201,22.999979,45.356415,36.039078,23.095837,0.507712,0.535855631079565,0.394683504411937,0.09453666189197618
7.323,44.660129768369416,34.018013602702624,20.740465674601637,44.489974232848624,35.2822641908741,24.289429682725782,1.116031,1.17789513702524,1.87168511460224,0.09453666189197618
5.28,45.700008,35.510201,22.999979,45.356415,36.039078,23.095837,0.507712,0.535855631079565,0.394683504411937,0.05455023797604332
7.346,44.518399976803536,38.07475025490275,22.14004500426815,44.34744313390436,36.02372896502304,23.779882287815145,1.072941,1.13241656030612,1.66838563315293,0.05455023797604332
5.29,44.330009,37.199749,23.160069,43.78183,37.969376,23.073114,1.070955,1.13032047180846,0.634188057383681,0.0674874950389736
7.231,44.58934775569448,39.08073030870446,25.054230400583457,44.4615217478265,34.78437668109713,21.29523246956968,1.546931,1.63268090421645,1.99873382850983,0.0674874950389736
5.29,44.330009,37.199749,23.160069,43.78183,37.969376,23.073114,1.070955,1.13032047180846,0.634188057383681,0.08534804221272917
7.251,44.57517149224873,39.72815094261306,25.632041471795464,44.60351738852064,38.781360410799046,21.746531549356305,1.24961,1.31887872485451,2.05091307129697,0.08534804221272917
5.29,44.330009,37.199749,23.160069,43.78183,37.969376,23.073114,1.070955,1.13032047180846,0.634188057383681,0.6369768106169643
7.351,44.518399976803536,38.519666028744126,21.880905505662586,44.518399976803536,35.472383338272905,24.026531908961612,1.409043,1.48714945871526,2.31925786195933,0.6369768106169643
5.29,44.330009,37.199749,23.160069,43.78183,37.969376,23.073114,1.070955,1.13032047180846,0.634188057383681,0.4133390760511135
7.361,44.60351738852064,38.78155571208269,21.746543197241397,44.489974232848624,35.28218457991533,24.28917730304483,1.620184,1.70999448463896,2.70544683885885,0.4133390760511135
5.29,44.330009,37.199749,23.160069,43.78183,37.969376,23.073114,1.070955,1.13032047180846,0.634188057383681,0.08138504699622226
7.391,44.489974232848624,35.2820224543286,24.289254737085773,45.90691825034913,37.77121063361816,23.529440807682743,1.628802,1.71909019998278,1.97374457695559,0.08138504699622226
5.29,44.330009,37.199749,23.160069,43.78183,37.969376,23.073114,1.070955,1.13032047180846,0.634188057383681,0.15412648201109336
7.413,45.67525911468617,37.772741228500664,23.45706086477872,43.43360642568766,36.17325707994268,22.566664899868705,1.732218,1.82823878410867,2.19823030545429,0.15412648201109336
5.30,45.350056,36.019573,23.100149,44.32386,37.201443,23.160089,1.42794,1.50709396241128,1.10060055129705,0.08563538477908127
7.351,44.518399976803536,38.519666028744126,21.880905505662586,44.518399976803536,35.472383338272905,24.026531908961612,1.409043,1.48714945871526,2.31925786195933,0.08563538477908127
5.30,45.350056,36.019573,23.100149,44.32386,37.201443,23.160089,1.42794,1.50709396241128,1.10060055129705,0.5465515518661479
7.361,44.60351738852064,38.78155571208269,21.746543197241397,44.489974232848624,35.28218457991533,24.28917730304483,1.620184,1.70999448463896,2.70544683885885,0.5465515518661479
5.30,45.350056,36.019573,23.100149,44.32386,37.201443,23.160089,1.42794,1.50709396241128,1.10060055129705,0.2090892286885849
7.417,45.90691825034913,37.77115311636092,23.52933956192629,43.10777397801501,35.99489637404085,22.457982490321005,2.055393,2.16932810950208,2.72332209281723,0.2090892286885849
5.31,45.229973,36.590229,23.069777,43.780373,37.969959,23.060562,1.800791,1.90061294148533,1.49856678092753,0.07087585492778216
7.361,44.60351738852064,38.78155571208269,21.746543197241397,44.489974232848624,35.28218457991533,24.28917730304483,1.620184,1.70999448463896,2.70544683885885,0.07087585492778216
5.31,45.229973,36.590229,23.069777,43.780373,37.969959,23.060562,1.800791,1.90061294148533,1.49856678092753,0.0804912629030232
7.417,45.90691825034913,37.77115311636092,23.52933956192629,43.10777397801501,35.99489637404085,22.457982490321005,2.055393,2.16932810950208,2.72332209281723,0.0804912629030232
5.32,43.95993,37.0205,22.63007,44.376717,37.008488,23.037443,0.936094,0.987983819802948,0.459220089571616,0.08217607974879701
7.231,44.58934775569448,39.08073030870446,25.054230400583457,44.4615217478265,34.78437668109713,21.29523246956968,1.546931,1.63268090421645,1.99873382850983,0.08217607974879701
5.32,43.95993,37.0205,22.63007,44.376717,37.008488,23.037443,0.936094,0.987983819802948,0.459220089571616,0.07035217312240581
7.232,44.58934775569448,39.08073030870446,25.054230400583457,44.518399976803536,38.51998356159486,21.88085916778334,1.081559,1.14151227564994,1.72219332581613,0.07035217312240581
5.32,43.95993,37.0205,22.63007,44.376717,37.008488,23.037443,0.936094,0.987983819802948,0.459220089571616,0.10314623938593048
7.251,44.57517149224873,39.72815094261306,25.632041471795464,44.60351738852064,38.781360410799046,21.746531549356305,1.24961,1.31887872485451,2.05091307129697,0.10314623938593048
5.32,43.95993,37.0205,22.63007,44.376717,37.008488,23.037443,0.936094,0.987983819802948,0.459220089571616,0.06833404418732919
7.323,44.660129768369416,34.018013602702624,20.740465674601637,44.489974232848624,35.2822641908741,24.289429682725782,1.116031,1.17789513702524,1.87168511460224,0.06833404418732919
5.32,43.95993,37.0205,22.63007,44.376717,37.008488,23.037443,0.936094,0.987983819802948,0.459220089571616,0.08599148268241016
7.346,44.518399976803536,38.07475025490275,22.14004500426815,44.34744313390436,36.02372896502304,23.779882287815145,1.072941,1.13241656030612,1.66838563315293,0.08599148268241016
5.32,43.95993,37.0205,22.63007,44.376717,37.008488,23.037443,0.936094,0.987983819802948,0.459220089571616,0.5857084829990266
7.351,44.518399976803536,38.519666028744126,21.880905505662586,44.518399976803536,35.472383338272905,24.026531908961612,1.409043,1.48714945871526,2.31925786195933,0.5857084829990266
5.32,43.95993,37.0205,22.63007,44.376717,37.008488,23.037443,0.936094,0.987983819802948,0.459220089571616,0.05257934647875107
7.353,44.518399976803536,38.519666028744126,21.880905505662586,43.43360642568766,36.17320578683514,22.566793419178723,1.370262,1.44621873966805,1.65164770528742,0.05257934647875107
5.32,43.95993,37.0205,22.63007,44.376717,37.008488,23.037443,0.936094,0.987983819802948,0.459220089571616,0.17344235361312368
7.361,44.60351738852064,38.78155571208269,21.746543197241397,44.489974232848624,35.28218457991533,24.28917730304483,1.620184,1.70999448463896,2.70544683885885,0.17344235361312368
5.32,43.95993,37.0205,22.63007,44.376717,37.008488,23.037443,0.936094,0.987983819802948,0.459220089571616,0.08093158958310998
7.391,44.489974232848624,35.2820224543286,24.289254737085773,45.90691825034913,37.77121063361816,23.529440807682743,1.628802,1.71909019998278,1.97374457695559,0.08093158958310998
5.32,43.95993,37.0205,22.63007,44.376717,37.008488,23.037443,0.936094,0.987983819802948,0.459220089571616,0.17095326229530192
7.392,44.489974232848624,35.2820224543286,24.289254737085773,43.10777397801501,35.99495132522856,22.458079114540197,1.37888,1.45531445501188,1.8241554310481,0.17095326229530192
5.32,43.95993,37.0205,22.63007,44.376717,37.008488,23.037443,0.936094,0.987983819802948,0.459220089571616,0.09042394144968029
7.409,45.455625795399975,37.53390571428322,23.29452102077022,43.69756372940281,36.53766737160819,22.597154837595767,1.391807,1.46895802802761,1.70500293459707,0.09042394144968029
5.32,43.95993,37.0205,22.63007,44.376717,37.008488,23.037443,0.936094,0.987983819802948,0.459220089571616,0.06614171223359873
7.413,45.67525911468617,37.772741228500664,23.45706086477872,43.43360642568766,36.17325707994268,22.566664899868705,1.732218,1.82823878410867,2.19823030545429,0.06614171223359873
5.33,43.899956,37.030128,22.490103,44.417511,36.98003,23.17672,1.102687,1.16381144875093,0.638802995769043,0.07950997008193778
7.231,44.58934775569448,39.08073030870446,25.054230400583457,44.4615217478265,34.78437668109713,21.29523246956968,1.546931,1.63268090421645,1.99873382850983,0.07950997008193778
5.33,43.899956,37.030128,22.490103,44.417511,36.98003,23.17672,1.102687,1.16381144875093,0.638802995769043,0.06336639878273953
7.251,44.57517149224873,39.72815094261306,25.632041471795464,44.60351738852064,38.781360410799046,21.746531549356305,1.24961,1.31887872485451,2.05091307129697,0.06336639878273953
5.33,43.899956,37.030128,22.490103,44.417511,36.98003,23.17672,1.102687,1.16381144875093,0.638802995769043,0.6606369262244297
7.351,44.518399976803536,38.519666028744126,21.880905505662586,44.518399976803536,35.472383338272905,24.026531908961612,1.409043,1.48714945871526,2.31925786195933,0.6606369262244297
5.33,43.899956,37.030128,22.490103,44.417511,36.98003,23.17672,1.102687,1.16381144875093,0.638802995769043,0.47062734811105145
7.361,44.60351738852064,38.78155571208269,21.746543197241397,44.489974232848624,35.28218457991533,24.28917730304483,1.620184,1.70999448463896,2.70544683885885,0.47062734811105145
5.33,43.899956,37.030128,22.490103,44.417511,36.98003,23.17672,1.102687,1.16381144875093,0.638802995769043,0.08751387721950812
7.391,44.489974232848624,35.2820224543286,24.289254737085773,45.90691825034913,37.77121063361816,23.529440807682743,1.628802,1.71909019998278,1.97374457695559,0.08751387721950812
5.33,43.899956,37.030128,22.490103,44.417511,36.98003,23.17672,1.102687,1.16381144875093,0.638802995769043,0.05734734050055692
7.392,44.489974232848624,35.2820224543286,24.289254737085773,43.10777397801501,35.99495132522856,22.458079114540197,1.37888,1.45531445501188,1.8241554310481,0.05734734050055692
5.33,43.899956,37.030128,22.490103,44.417511,36.98003,23.17672,1.102687,1.16381144875093,0.638802995769043,0.20821142455393307
7.413,45.67525911468617,37.772741228500664,23.45706086477872,43.43360642568766,36.17325707994268,22.566664899868705,1.732218,1.82823878410867,2.19823030545429,0.20821142455393307
5.34,43.759983,37.000278,22.37995,44.56496,37.031937,23.284607,1.340677,1.41499377581948,0.91776648364448,0.2787427210598397
7.351,44.518399976803536,38.519666028744126,21.880905505662586,44.518399976803536,35.472383338272905,24.026531908961612,1.409043,1.48714945871526,2.31925786195933,0.2787427210598397
5.34,43.759983,37.000278,22.37995,44.56496,37.031937,23.284607,1.340677,1.41499377581948,0.91776648364448,0.6592617227261882
7.361,44.60351738852064,38.78155571208269,21.746543197241397,44.489974232848624,35.28218457991533,24.28917730304483,1.620184,1.70999448463896,2.70544683885885,0.6592617227261882
5.34,43.759983,37.000278,22.37995,44.56496,37.031937,23.284607,1.340677,1.41499377581948,0.91776648364448,0.13294620099328672
7.413,45.67525911468617,37.772741228500664,23.45706086477872,43.43360642568766,36.17325707994268,22.566664899868705,1.732218,1.82823878410867,2.19823030545429,0.13294620099328672
5.34,43.759983,37.000278,22.37995,44.56496,37.031937,23.284607,1.340677,1.41499377581948,0.91776648364448,0.16686263218174638
7.417,45.90691825034913,37.77115311636092,23.52933956192629,43.10777397801501,35.99489637404085,22.457982490321005,2.055393,2.16932810950208,2.72332209281723,0.16686263218174638
5.36,45.929989,37.099899,21.389887,45.257992,37.104332,22.082264,0.71397,0.753546981205639,0.761744964319896,0.07676549072401283
7.351,44.518399976803536,38.519666028744126,21.880905505662586,44.518399976803536,35.472383338272905,24.026531908961612,1.409043,1.48714945871526,2.31925786195933,0.07676549072401283
5.37,45.219978,37.020203,22.339933,44.218014,37.151577,23.296185,1.023357,1.08008400639475,1.0849785346728,0.08080129202385201
7.351,44.518399976803536,38.519666028744126,21.880905505662586,44.518399976803536,35.472383338272905,24.026531908961612,1.409043,1.48714945871526,2.31925786195933,0.08080129202385201
5.37,45.219978,37.020203,22.339933,44.218014,37.151577,23.296185,1.023357,1.08008400639475,1.0849785346728,0.22637013799228967
7.361,44.60351738852064,38.78155571208269,21.746543197241397,44.489974232848624,35.28218457991533,24.28917730304483,1.620184,1.70999448463896,2.70544683885885,0.22637013799228967
5.38,45.259933,37.10017,22.099951,44.173214,37.137138,23.219437,1.308945,1.381502798877,1.21400281575858,0.34694935682548317
7.361,44.60351738852064,38.78155571208269,21.746543197241397,44.489974232848624,35.28218457991533,24.28917730304483,1.620184,1.70999448463896,2.70544683885885,0.34694935682548317
5.38,45.259933,37.10017,22.099951,44.173214,37.137138,23.219437,1.308945,1.381502798877,1.21400281575858,0.06373584803689841
7.417,45.90691825034913,37.77115311636092,23.52933956192629,43.10777397801501,35.99489637404085,22.457982490321005,2.055393,2.16932810950208,2.72332209281723,0.06373584803689841
5.41,43.81995,37.200417,21.679749,44.566662,37.167774,21.584,0.87263,0.921001865918003,0.700351892324673,0.20294872379133574
7.351,44.518399976803536,38.519666028744126,21.880905505662586,44.518399976803536,35.472383338272905,24.026531908961612,1.409043,1.48714945871526,2.31925786195933,0.20294872379133574
5.42,43.86005,36.959896,22.410271,44.775291,36.950111,22.187439,1.26928,1.33963907769891,0.867505507831591,0.3073479706135999
7.351,44.518399976803536,38.519666028744126,21.880905505662586,44.518399976803536,35.472383338272905,24.026531908961612,1.409043,1.48714945871526,2.31925786195933,0.3073479706135999
5.42,43.86005,36.959896,22.410271,44.775291,36.950111,22.187439,1.26928,1.33963907769891,0.867505507831591,0.528724167599405
7.361,44.60351738852064,38.78155571208269,21.746543197241397,44.489974232848624,35.28218457991533,24.28917730304483,1.620184,1.70999448463896,2.70544683885885,0.528724167599405
5.42,43.86005,36.959896,22.410271,44.775291,36.950111,22.187439,1.26928,1.33963907769891,0.867505507831591,0.15012725854469985
7.413,45.67525911468617,37.772741228500664,23.45706086477872,43.43360642568766,36.17325707994268,22.566664899868705,1.732218,1.82823878410867,2.19823030545429,0.15012725854469985
5.42,43.86005,36.959896,22.410271,44.775291,36.950111,22.187439,1.26928,1.33963907769891,0.867505507831591,0.07683520217517545
7.417,45.90691825034913,37.77115311636092,23.52933956192629,43.10777397801501,35.99489637404085,22.457982490321005,2.055393,2.16932810950208,2.72332209281723,0.07683520217517545
5.45,54.70998,-32.010151,-0.019989,55.164921,-31.733152,0.03008,0.912295,0.962865587096094,0.44777025960406,0.23889454883102698
7.227,56.13782038190075,-33.58755338003938,0.6850252091039621,56.13782038190075,-28.591036933536095,0.059207860898990994,1.193593,1.25975657511966,2.15918551635632,0.23889454883102698
5.45,54.70998,-32.010151,-0.019989,55.164921,-31.733152,0.03008,0.912295,0.962865587096094,0.44777025960406,0.07739027598383455
7.230,56.13782038190075,-33.58755338003938,0.6850252091039621,54.793133278090764,-30.621029260777256,0.335856545648916,1.503841,1.58720232749733,1.77836243911673,0.07739027598383455
5.45,54.70998,-32.010151,-0.019989,55.164921,-31.733152,0.03008,0.912295,0.962865587096094,0.44777025960406,0.0948914505108479
7.247,56.15781146519707,-34.1114668264737,0.8295323992704606,56.05774503329822,-28.00815605770879,-0.19917430804949898,1.2927,1.36435730157364,2.68084625062854,0.0948914505108479
5.45,54.70998,-32.010151,-0.019989,55.164921,-31.733152,0.03008,0.912295,0.962865587096094,0.44777025960406,0.07598271402727044
7.359,56.13782038190075,-30.922922629246063,1.71950704624797,56.15781146519707,-31.480516488774203,-0.7965094466838574,1.374571,1.45076659733997,1.71649588917119,0.07598271402727044
5.46,55.469971,-31.809582,0.229923,56.632538,-31.986355,0.242249,1.126486,1.18892968145779,1.08601080111556,0.08602221894302009
7.247,56.15781146519707,-34.1114668264737,0.8295323992704606,56.05774503329822,-28.00815605770879,-0.19917430804949898,1.2927,1.36435730157364,2.68084625062854,0.08602221894302009
6.65,43.11,35.49,22.27,43.99727809141985,36.41270480287401,23.247455175121324,1.02,1.0765409202484,0.961519585938287,0.07280739680415546
7.351,44.518399976803536,38.519666028744126,21.880905505662586,44.518399976803536,35.472383338272905,24.026531908961612,1.409043,1.48714945871526,2.31925786195933,0.07280739680415546
6.65,43.11,35.49,22.27,43.99727809141985,36.41270480287401,23.247455175121324,1.02,1.0765409202484,0.961519585938287,0.07892172046294438
7.361,44.60351738852064,38.78155571208269,21.746543197241397,44.489974232848624,35.28218457991533,24.28917730304483,1.620184,1.70999448463896,2.70544683885885,0.07892172046294438
6.66,43.99,34.57,23.34,44.42298786978212,34.053295140842096,23.93682111780778,1.02,1.0765409202484,0.669858329034805,0.050115213719792266
7.323,44.660129768369416,34.018013602702624,20.740465674601637,44.489974232848624,35.2822641908741,24.289429682725782,1.116031,1.17789513702524,1.87168511460224,0.050115213719792266
6.67,43.35,35.28,22.09,42.534454807058474,36.21159743287278,23.08677745803963,1.02,1.0765409202484,0.905754223976326,0.08760873379305922
7.351,44.518399976803536,38.519666028744126,21.880905505662586,44.518399976803536,35.472383338272905,24.026531908961612,1.409043,1.48714945871526,2.31925786195933,0.08760873379305922
6.67,43.35,35.28,22.09,42.534454807058474,36.21159743287278,23.08677745803963,1.02,1.0765409202484,0.905754223976326,0.07267912437136717
7.361,44.60351738852064,38.78155571208269,21.746543197241397,44.489974232848624,35.28218457991533,24.28917730304483,1.620184,1.70999448463896,2.70544683885885,0.07267912437136717
6.222,43.99,34.57,23.34,43.55701213021789,35.08670485915788,22.74317888219222,1.02,1.0765409202484,0.665218210571036,0.05988296299442811
7.323,44.660129768369416,34.018013602702624,20.740465674601637,44.489974232848624,35.2822641908741,24.289429682725782,1.116031,1.17789513702524,1.87168511460224,0.05988296299442811
6.222,43.99,34.57,23.34,43.55701213021789,35.08670485915788,22.74317888219222,1.02,1.0765409202484,0.665218210571036,0.14419928996027445
7.351,44.518399976803536,38.519666028744126,21.880905505662586,44.518399976803536,35.472383338272905,24.026531908961612,1.409043,1.48714945871526,2.31925786195933,0.14419928996027445
6.222,43.99,34.57,23.34,43.55701213021789,35.08670485915788,22.74317888219222,1.02,1.0765409202484,0.665218210571036,0.055380111790655134
7.361,44.60351738852064,38.78155571208269,21.746543197241397,44.489974232848624,35.28218457991533,24.28917730304483,1.620184,1.70999448463896,2.70544683885885,0.055380111790655134
6.224,42.93,35.16,23.56,43.50021798331866,35.57265775108587,22.525854666218127,1.02,1.0765409202484,0.90483557540355,0.11482988588423314
7.351,44.518399976803536,38.519666028744126,21.880905505662586,44.518399976803536,35.472383338272905,24.026531908961612,1.409043,1.48714945871526,2.31925786195933,0.11482988588423314
6.224,42.93,35.16,23.56,43.50021798331866,35.57265775108587,22.525854666218127,1.02,1.0765409202484,0.90483557540355,0.10403421283426251
7.361,44.60351738852064,38.78155571208269,21.746543197241397,44.489974232848624,35.28218457991533,24.28917730304483,1.620184,1.70999448463896,2.70544683885885,0.10403421283426251
7.31,62.650880690858955,0.13654519266420584,0.058882039320318214,62.625639713294134,0.12066569742585909,0.4762072127398431,0.779929,0.823162238616094,0.414427960021443,0.14318656933457136
7.178,62.625639713294134,-0.23944473055187432,1.0386475053027588,62.768458263626584,0.772576138392489,0.014121422550505969,1.370262,1.44621873966805,1.81597356395443,0.14318656933457136
7.33,62.650880690858955,0.13654519266420584,0.058882039320318214,62.64246883189739,0.1533582167819736,1.1799848157068915,1.456442,1.5371758931063,1.09279885748129,0.10021879474328614
7.349,62.7516829552152,1.1254295846548357,-0.015150175225198126,62.60038251922951,-0.7739016305569613,0.2356570313907902,2.219135,2.34214670103474,2.82294776955766,0.10021879474328614
7.34,62.650880690858955,0.13654519266420584,0.058882039320318214,62.692913020733926,0.01805623158557257,1.285774338419876,1.495223,1.57810661215351,1.20777138570803,0.06240224517221799
7.319,62.667699012913516,0.41939590876782784,-1.538020821793018,62.57510908259357,-1.0868373718551094,0.31602629685616446,2.275152,2.4012688507696,2.81435611036367,0.06240224517221799
7.34,62.650880690858955,0.13654519266420584,0.058882039320318214,62.692913020733926,0.01805623158557257,1.285774338419876,1.495223,1.57810661215351,1.20777138570803,0.12090548734664579
7.349,62.7516829552152,1.1254295846548357,-0.015150175225198126,62.60038251922951,-0.7739016305569613,0.2356570313907902,2.219135,2.34214670103474,2.82294776955766,0.12090548734664579
7.35,62.650880690858955,0.13654519266420584,0.058882039320318214,62.692913020733926,-0.02540492486702295,1.846323252520654,1.960595,2.06927524072002,1.73571318545503,0.06171089886074792
7.243,62.692913020733926,-0.025525748824417605,1.8463105034097316,62.701314100441266,1.437843959815388,-0.17508085917068428,2.313933,2.44219956981681,2.9214174492907,0.06171089886074792
7.35,62.650880690858955,0.13654519266420584,0.058882039320318214,62.692913020733926,-0.02540492486702295,1.846323252520654,1.960595,2.06927524072002,1.73571318545503,0.19369733774869866
7.358,62.701314100441266,1.4379908404002495,-0.1751158566154487,62.57510908259357,-1.0865975402239436,0.3160591521840894,2.658653,2.80602818356978,3.75318573006797,0.19369733774869866
7.36,62.650880690858955,0.13654519266420584,0.058882039320318214,62.49919105553391,0.2242348024581453,-0.3327536373626927,0.685131,0.723109369834027,0.428616123608861,0.07187635290105675
7.178,62.625639713294134,-0.23944473055187432,1.0386475053027588,62.768458263626584,0.772576138392489,0.014121422550505969,1.370262,1.44621873966805,1.81597356395443,0.07187635290105675
7.37,62.650880690858955,0.13654519266420584,0.058882039320318214,62.659290750877176,0.18314981345957104,-0.4635694024363257,0.814401,0.859545099991391,0.521247588339168,0.09252623272814109
7.178,62.625639713294134,-0.23944473055187432,1.0386475053027588,62.768458263626584,0.772576138392489,0.014121422550505969,1.370262,1.44621873966805,1.81597356395443,0.09252623272814109
7.38,62.650880690858955,0.13654519266420584,0.058882039320318214,62.776843239021375,0.16514541870898958,-0.8563746576976339,1.297009,1.36890515924555,0.906032234049291,0.123584175553823
7.302,62.692913020733926,0.3938135420241684,-1.3157928490763915,62.60038251922951,-0.7737059741246832,0.23562677328083925,1.878724,1.98286594495368,2.27029099052526,0.123584175553823
7.38,62.650880690858955,0.13654519266420584,0.058882039320318214,62.776843239021375,0.16514541870898958,-0.8563746576976339,1.297009,1.36890515924555,0.906032234049291,0.05089429121814033
7.342,62.549819377247616,0.9091953593812763,-0.05231501738753863,62.793607836939486,-0.6013004075661188,0.18273305728853106,2.003685,2.11475381743914,2.26140602605497,0.05089429121814033
7.39,62.650880690858955,0.13654519266420584,0.058882039320318214,62.692913020733926,0.39394336279507947,-1.3157001232171117,1.572785,1.65996805024792,1.38413185488479,0.07512850537197117
7.243,62.692913020733926,-0.025525748824417605,1.8463105034097316,62.701314100441266,1.437843959815388,-0.17508085917068428,2.313933,2.44219956981681,2.9214174492907,0.07512850537197117
7.39,62.650880690858955,0.13654519266420584,0.058882039320318214,62.692913020733926,0.39394336279507947,-1.3157001232171117,1.572785,1.65996805024792,1.38413185488479,0.07680464456075803
7.319,62.667699012913516,0.41939590876782784,-1.538020821793018,62.57510908259357,-1.0868373718551094,0.31602629685616446,2.275152,2.4012688507696,2.81435611036367,0.07680464456075803
7.39,62.650880690858955,0.13654519266420584,0.058882039320318214,62.692913020733926,0.39394336279507947,-1.3157001232171117,1.572785,1.65996805024792,1.38413185488479,0.11786779987652946
7.349,62.7516829552152,1.1254295846548357,-0.015150175225198126,62.60038251922951,-0.7739016305569613,0.2356570313907902,2.219135,2.34214670103474,2.82294776955766,0.11786779987652946
7.40,62.650880690858955,0.13654519266420584,0.058882039320318214,62.667699012913516,0.41961483618679907,-1.5379418235496267,1.76669,1.86462164548397,1.59392405569462,0.10279736686097077
7.243,62.692913020733926,-0.025525748824417605,1.8463105034097316,62.701314100441266,1.437843959815388,-0.17508085917068428,2.313933,2.44219956981681,2.9214174492907,0.10279736686097077
7.40,62.650880690858955,0.13654519266420584,0.058882039320318214,62.667699012913516,0.41961483618679907,-1.5379418235496267,1.76669,1.86462164548397,1.59392405569462,0.06226323048504349
7.319,62.667699012913516,0.41939590876782784,-1.538020821793018,62.57510908259357,-1.0868373718551094,0.31602629685616446,2.275152,2.4012688507696,2.81435611036367,0.06226323048504349
7.40,62.650880690858955,0.13654519266420584,0.058882039320318214,62.667699012913516,0.41961483618679907,-1.5379418235496267,1.76669,1.86462164548397,1.59392405569462,0.07504367559137005
7.349,62.7516829552152,1.1254295846548357,-0.015150175225198126,62.60038251922951,-0.7739016305569613,0.2356570313907902,2.219135,2.34214670103474,2.82294776955766,0.07504367559137005
7.41,62.650880690858955,0.13654519266420584,0.058882039320318214,62.516074417933325,0.5583294841873809,0.016021573156987934,0.94798,1.00052868782067,0.630227972466697,0.05596909884113639
7.178,62.625639713294134,-0.23944473055187432,1.0386475053027588,62.768458263626584,0.772576138392489,0.014121422550505969,1.370262,1.44621873966805,1.81597356395443,0.05596909884113639
7.44,62.650880690858955,0.13654519266420584,0.058882039320318214,62.7516829552152,1.1257543621893684,-0.015087479607633902,1.654656,1.74637734601425,1.42774732141551,0.12979055622008068
7.243,62.692913020733926,-0.025525748824417605,1.8463105034097316,62.701314100441266,1.437843959815388,-0.17508085917068428,2.313933,2.44219956981681,2.9214174492907,0.12979055622008068
7.44,62.650880690858955,0.13654519266420584,0.058882039320318214,62.7516829552152,1.1257543621893684,-0.015087479607633902,1.654656,1.74637734601425,1.42774732141551,0.10397698291057687
7.319,62.667699012913516,0.41939590876782784,-1.538020821793018,62.57510908259357,-1.0868373718551094,0.31602629685616446,2.275152,2.4012688507696,2.81435611036367,0.10397698291057687
7.44,62.650880690858955,0.13654519266420584,0.058882039320318214,62.7516829552152,1.1257543621893684,-0.015087479607633902,1.654656,1.74637734601425,1.42774732141551,0.15946970526141677
7.349,62.7516829552152,1.1254295846548357,-0.015150175225198126,62.60038251922951,-0.7739016305569613,0.2356570313907902,2.219135,2.34214670103474,2.82294776955766,0.15946970526141677
7.45,62.650880690858955,0.13654519266420584,0.058882039320318214,62.701314100441266,1.4379665212792547,-0.1750687274854279,1.986449,2.09656238675149,1.86767086707263,0.2548249894755733
7.358,62.701314100441266,1.4379908404002495,-0.1751158566154487,62.57510908259357,-1.0865975402239436,0.3160591521840894,2.658653,2.80602818356978,3.75318573006797,0.2548249894755733
7.49,62.650880690858955,0.13654519266420584,0.058882039320318214,62.60038251922951,-0.7735769781561097,0.23571948819842703,1.534004,1.61903733120071,1.35192288813507,0.056102540412062654
7.243,62.692913020733926,-0.025525748824417605,1.8463105034097316,62.701314100441266,1.437843959815388,-0.17508085917068428,2.313933,2.44219956981681,2.9214174492907,0.056102540412062654
7.49,62.650880690858955,0.13654519266420584,0.058882039320318214,62.60038251922951,-0.7735769781561097,0.23571948819842703,1.534004,1.61903733120071,1.35192288813507,0.06031862923840858
7.319,62.667699012913516,0.41939590876782784,-1.538020821793018,62.57510908259357,-1.0868373718551094,0.31602629685616446,2.275152,2.4012688507696,2.81435611036367,0.06031862923840858
7.49,62.650880690858955,0.13654519266420584,0.058882039320318214,62.60038251922951,-0.7735769781561097,0.23571948819842703,1.534004,1.61903733120071,1.35192288813507,0.10631247640210305
7.349,62.7516829552152,1.1254295846548357,-0.015150175225198126,62.60038251922951,-0.7739016305569613,0.2356570313907902,2.219135,2.34214670103474,2.82294776955766,0.10631247640210305
7.50,62.650880690858955,0.13654519266420584,0.058882039320318214,62.57510908259357,-1.086620819925832,0.31610582258034814,1.904578,2.01015309098516,1.80193443891395,0.12789754309237025
7.358,62.701314100441266,1.4379908404002495,-0.1751158566154487,62.57510908259357,-1.0865975402239436,0.3160591521840894,2.658653,2.80602818356978,3.75318573006797,0.12789754309237025
7.51,62.650880690858955,0.13654519266420584,0.058882039320318214,62.89404594163646,0.23980821689933984,-0.02036029978871312,0.749766,0.791327234912709,0.268404799399221,0.05363824222560234
7.177,62.625639713294134,-0.23944473055187432,1.0386475053027588,62.659290750877176,0.18301176067281322,-0.4636579538232155,1.439206,1.51898446241865,1.60861596279644,0.05363824222560234
7.51,62.650880690858955,0.13654519266420584,0.058882039320318214,62.89404594163646,0.23980821689933984,-0.02036029978871312,0.749766,0.791327234912709,0.268404799399221,0.21975018329422366
7.178,62.625639713294134,-0.23944473055187432,1.0386475053027588,62.768458263626584,0.772576138392489,0.014121422550505969,1.370262,1.44621873966805,1.81597356395443,0.21975018329422366
7.52,62.650880690858955,0.13654519266420584,0.058882039320318214,63.16063819673245,0.1411038549282151,0.13800704133009045,0.995379,1.0505551222117,0.438120425945003,0.2509715226355669
7.178,62.625639713294134,-0.23944473055187432,1.0386475053027588,62.768458263626584,0.772576138392489,0.014121422550505969,1.370262,1.44621873966805,1.81597356395443,0.2509715226355669
7.52,62.650880690858955,0.13654519266420584,0.058882039320318214,63.16063819673245,0.1411038549282151,0.13800704133009045,0.995379,1.0505551222117,0.438120425945003,0.051926302061110374
7.200,62.64246883189739,0.15331603614493483,1.1799271839062042,62.549819377247616,0.9092104548252267,-0.05238589926344073,1.538313,1.62358518887263,1.65281691263875,0.051926302061110374
7.53,62.650880690858955,0.13654519266420584,0.058882039320318214,63.26843012799614,0.12840079281817296,-0.13780099423930103,1.180666,1.24611300210392,0.557323554866912,0.13375827752915406
7.178,62.625639713294134,-0.23944473055187432,1.0386475053027588,62.768458263626584,0.772576138392489,0.014121422550505969,1.370262,1.44621873966805,1.81597356395443,0.13375827752915406
7.53,62.650880690858955,0.13654519266420584,0.058882039320318214,63.26843012799614,0.12840079281817296,-0.13780099423930103,1.180666,1.24611300210392,0.557323554866912,0.0722584198121906
7.223,62.692913020733926,0.018020805553853325,1.2857434604606643,62.7516829552152,1.1257188279558128,-0.015118379532408355,1.930432,2.03744023701663,2.07554707630676,0.0722584198121906
7.53,62.650880690858955,0.13654519266420584,0.058882039320318214,63.26843012799614,0.12840079281817296,-0.13780099423930103,1.180666,1.24611300210392,0.557323554866912,0.1782979842617833
7.302,62.692913020733926,0.3938135420241684,-1.3157928490763915,62.60038251922951,-0.7737059741246832,0.23562677328083925,1.878724,1.98286594495368,2.27029099052526,0.1782979842617833
7.54,62.650880690858955,0.13654519266420584,0.058882039320318214,63.5160681944692,0.10352450549339087,0.08620181826528572,1.572785,1.65996805024792,0.731850287746402,0.08703428395830065
7.199,62.64246883189739,0.15331603614493483,1.1799271839062042,62.776843239021375,0.1651024912898147,-0.856432257385209,2.094174,2.21025882854929,1.99843040513978,0.08703428395830065
7.54,62.650880690858955,0.13654519266420584,0.058882039320318214,63.5160681944692,0.10352450549339087,0.08620181826528572,1.572785,1.65996805024792,0.731850287746402,0.20743274714916585
7.223,62.692913020733926,0.018020805553853325,1.2857434604606643,62.7516829552152,1.1257188279558128,-0.015118379532408355,1.930432,2.03744023701663,2.07554707630676,0.20743274714916585
7.54,62.650880690858955,0.13654519266420584,0.058882039320318214,63.5160681944692,0.10352450549339087,0.08620181826528572,1.572785,1.65996805024792,0.731850287746402,0.12985425197758457
7.243,62.692913020733926,-0.025525748824417605,1.8463105034097316,62.701314100441266,1.437843959815388,-0.17508085917068428,2.313933,2.44219956981681,2.9214174492907,0.12985425197758457
7.54,62.650880690858955,0.13654519266420584,0.058882039320318214,63.5160681944692,0.10352450549339087,0.08620181826528572,1.572785,1.65996805024792,0.731850287746402,0.5178239422307598
7.302,62.692913020733926,0.3938135420241684,-1.3157928490763915,62.60038251922951,-0.7737059741246832,0.23562677328083925,1.878724,1.98286594495368,2.27029099052526,0.5178239422307598
7.54,62.650880690858955,0.13654519266420584,0.058882039320318214,63.5160681944692,0.10352450549339087,0.08620181826528572,1.572785,1.65996805024792,0.731850287746402,0.1883187017102046
7.319,62.667699012913516,0.41939590876782784,-1.538020821793018,62.57510908259357,-1.0868373718551094,0.31602629685616446,2.275152,2.4012688507696,2.81435611036367,0.1883187017102046
7.54,62.650880690858955,0.13654519266420584,0.058882039320318214,63.5160681944692,0.10352450549339087,0.08620181826528572,1.572785,1.65996805024792,0.731850287746402,0.44428565967036326
7.342,62.549819377247616,0.9091953593812763,-0.05231501738753863,62.793607836939486,-0.6013004075661188,0.18273305728853106,2.003685,2.11475381743914,2.26140602605497,0.44428565967036326
7.54,62.650880690858955,0.13654519266420584,0.058882039320318214,63.5160681944692,0.10352450549339087,0.08620181826528572,1.572785,1.65996805024792,0.731850287746402,0.31256022828072794
7.349,62.7516829552152,1.1254295846548357,-0.015150175225198126,62.60038251922951,-0.7739016305569613,0.2356570313907902,2.219135,2.34214670103474,2.82294776955766,0.31256022828072794
7.55,62.650880690858955,0.13654519266420584,0.058882039320318214,63.78670046345174,0.03275433208632661,0.10033283052226505,1.917505,2.02379666400089,0.969591759766644,0.47808823530995315
7.222,62.692913020733926,0.018020805553853325,1.2857434604606643,62.692913020733926,0.393907302230434,-1.3157308521847488,2.400113,2.53315672325505,2.60233151905256,0.47808823530995315
7.55,62.650880690858955,0.13654519266420584,0.058882039320318214,63.78670046345174,0.03275433208632661,0.10033283052226505,1.917505,2.02379666400089,0.969591759766644,0.7182794835541174
7.243,62.692913020733926,-0.025525748824417605,1.8463105034097316,62.701314100441266,1.437843959815388,-0.17508085917068428,2.313933,2.44219956981681,2.9214174492907,0.7182794835541174
7.55,62.650880690858955,0.13654519266420584,0.058882039320318214,63.78670046345174,0.03275433208632661,0.10033283052226505,1.917505,2.02379666400089,0.969591759766644,0.16543897039784602
7.302,62.692913020733926,0.3938135420241684,-1.3157928490763915,62.60038251922951,-0.7737059741246832,0.23562677328083925,1.878724,1.98286594495368,2.27029099052526,0.16543897039784602
7.55,62.650880690858955,0.13654519266420584,0.058882039320318214,63.78670046345174,0.03275433208632661,0.10033283052226505,1.917505,2.02379666400089,0.969591759766644,0.7402841214648112
7.319,62.667699012913516,0.41939590876782784,-1.538020821793018,62.57510908259357,-1.0868373718551094,0.31602629685616446,2.275152,2.4012688507696,2.81435611036367,0.7402841214648112
7.55,62.650880690858955,0.13654519266420584,0.058882039320318214,63.78670046345174,0.03275433208632661,0.10033283052226505,1.917505,2.02379666400089,0.969591759766644,0.16961274940182364
7.342,62.549819377247616,0.9091953593812763,-0.05231501738753863,62.793607836939486,-0.6013004075661188,0.18273305728853106,2.003685,2.11475381743914,2.26140602605497,0.16961274940182364
7.55,62.650880690858955,0.13654519266420584,0.058882039320318214,63.78670046345174,0.03275433208632661,0.10033283052226505,1.917505,2.02379666400089,0.969591759766644,0.8928606812545722
7.349,62.7516829552152,1.1254295846548357,-0.015150175225198126,62.60038251922951,-0.7739016305569613,0.2356570313907902,2.219135,2.34214670103474,2.82294776955766,0.8928606812545722
7.55,62.650880690858955,0.13654519266420584,0.058882039320318214,63.78670046345174,0.03275433208632661,0.10033283052226505,1.917505,2.02379666400089,0.969591759766644,0.13821112816161676
7.358,62.701314100441266,1.4379908404002495,-0.1751158566154487,62.57510908259357,-1.0865975402239436,0.3160591521840894,2.658653,2.80602818356978,3.75318573006797,0.13821112816161676
7.57,62.650880690858955,0.13654519266420584,0.058882039320318214,62.262057519931304,0.1680545686318924,-0.006596999817132243,0.840255,0.886832246022863,0.340283320119344,0.06087360350984576
7.177,62.625639713294134,-0.23944473055187432,1.0386475053027588,62.659290750877176,0.18301176067281322,-0.4636579538232155,1.439206,1.51898446241865,1.60861596279644,0.06087360350984576
7.57,62.650880690858955,0.13654519266420584,0.058882039320318214,62.262057519931304,0.1680545686318924,-0.006596999817132243,0.840255,0.886832246022863,0.340283320119344,0.2688140317392968
7.178,62.625639713294134,-0.23944473055187432,1.0386475053027588,62.768458263626584,0.772576138392489,0.014121422550505969,1.370262,1.44621873966805,1.81597356395443,0.2688140317392968
7.58,62.650880690858955,0.13654519266420584,0.058882039320318214,62.19404048836513,0.13938089430126643,0.13632189460910382,0.99107,1.04600726453979,0.396285269126743,0.06912974755241234
7.177,62.625639713294134,-0.23944473055187432,1.0386475053027588,62.659290750877176,0.18301176067281322,-0.4636579538232155,1.439206,1.51898446241865,1.60861596279644,0.06912974755241234
7.58,62.650880690858955,0.13654519266420584,0.058882039320318214,62.19404048836513,0.13938089430126643,0.13632189460910382,0.99107,1.04600726453979,0.396285269126743,0.307962366941286
7.178,62.625639713294134,-0.23944473055187432,1.0386475053027588,62.768458263626584,0.772576138392489,0.014121422550505969,1.370262,1.44621873966805,1.81597356395443,0.307962366941286
7.58,62.650880690858955,0.13654519266420584,0.058882039320318214,62.19404048836513,0.13938089430126643,0.13632189460910382,0.99107,1.04600726453979,0.396285269126743,0.07281089835169427
7.200,62.64246883189739,0.15331603614493483,1.1799271839062042,62.549819377247616,0.9092104548252267,-0.05238589926344073,1.538313,1.62358518887263,1.65281691263875,0.07281089835169427
7.59,62.650880690858955,0.13654519266420584,0.058882039320318214,62.02347818323405,0.10704106282710679,0.2009869779234119,1.258228,1.32797444019834,0.554627507332884,0.13647048538937093
7.178,62.625639713294134,-0.23944473055187432,1.0386475053027588,62.768458263626584,0.772576138392489,0.014121422550505969,1.370262,1.44621873966805,1.81597356395443,0.13647048538937093
7.59,62.650880690858955,0.13654519266420584,0.058882039320318214,62.02347818323405,0.10704106282710679,0.2009869779234119,1.258228,1.32797444019834,0.554627507332884,0.14131983526693553
7.223,62.692913020733926,0.018020805553853325,1.2857434604606643,62.7516829552152,1.1257188279558128,-0.015118379532408355,1.930432,2.03744023701663,2.07554707630676,0.14131983526693553
7.59,62.650880690858955,0.13654519266420584,0.058882039320318214,62.02347818323405,0.10704106282710679,0.2009869779234119,1.258228,1.32797444019834,0.554627507332884,0.30568298556683987
7.302,62.692913020733926,0.3938135420241684,-1.3157928490763915,62.60038251922951,-0.7737059741246832,0.23562677328083925,1.878724,1.98286594495368,2.27029099052526,0.30568298556683987
7.59,62.650880690858955,0.13654519266420584,0.058882039320318214,62.02347818323405,0.10704106282710679,0.2009869779234119,1.258228,1.32797444019834,0.554627507332884,0.11764161371205552
7.342,62.549819377247616,0.9091953593812763,-0.05231501738753863,62.793607836939486,-0.6013004075661188,0.18273305728853106,2.003685,2.11475381743914,2.26140602605497,0.11764161371205552
7.60,62.650880690858955,0.13654519266420584,0.058882039320318214,61.68871986942695,0.1668234227281129,-0.006548671054829036,1.615875,1.70544662696705,0.825226605499617,0.0783824826287481
7.222,62.692913020733926,0.018020805553853325,1.2857434604606643,62.692913020733926,0.393907302230434,-1.3157308521847488,2.400113,2.53315672325505,2.60233151905256,0.0783824826287481
7.60,62.650880690858955,0.13654519266420584,0.058882039320318214,61.68871986942695,0.1668234227281129,-0.006548671054829036,1.615875,1.70544662696705,0.825226605499617,0.11236706473484122
7.223,62.692913020733926,0.018020805553853325,1.2857434604606643,62.7516829552152,1.1257188279558128,-0.015118379532408355,1.930432,2.03744023701663,2.07554707630676,0.11236706473484122
7.60,62.650880690858955,0.13654519266420584,0.058882039320318214,61.68871986942695,0.1668234227281129,-0.006548671054829036,1.615875,1.70544662696705,0.825226605499617,0.1894257907668512
7.243,62.692913020733926,-0.025525748824417605,1.8463105034097316,62.701314100441266,1.437843959815388,-0.17508085917068428,2.313933,2.44219956981681,2.9214174492907,0.1894257907668512
7.60,62.650880690858955,0.13654519266420584,0.058882039320318214,61.68871986942695,0.1668234227281129,-0.006548671054829036,1.615875,1.70544662696705,0.825226605499617,0.36721980622683426
7.302,62.692913020733926,0.3938135420241684,-1.3157928490763915,62.60038251922951,-0.7737059741246832,0.23562677328083925,1.878724,1.98286594495368,2.27029099052526,0.36721980622683426
7.60,62.650880690858955,0.13654519266420584,0.058882039320318214,61.68871986942695,0.1668234227281129,-0.006548671054829036,1.615875,1.70544662696705,0.825226605499617,0.261768648145002
7.319,62.667699012913516,0.41939590876782784,-1.538020821793018,62.57510908259357,-1.0868373718551094,0.31602629685616446,2.275152,2.4012688507696,2.81435611036367,0.261768648145002
7.60,62.650880690858955,0.13654519266420584,0.058882039320318214,61.68871986942695,0.1668234227281129,-0.006548671054829036,1.615875,1.70544662696705,0.825226605499617,0.32763197107584124
7.342,62.549819377247616,0.9091953593812763,-0.05231501738753863,62.793607836939486,-0.6013004075661188,0.18273305728853106,2.003685,2.11475381743914,2.26140602605497,0.32763197107584124
7.60,62.650880690858955,0.13654519266420584,0.058882039320318214,61.68871986942695,0.1668234227281129,-0.006548671054829036,1.615875,1.70544662696705,0.825226605499617,0.40676494179856953
7.349,62.7516829552152,1.1254295846548357,-0.015150175225198126,62.60038251922951,-0.7739016305569613,0.2356570313907902,2.219135,2.34214670103474,2.82294776955766,0.40676494179856953
7.61,56.14781730835661,-31.032727213909705,0.3631351818572437,56.2775260131273,-31.64365032262184,0.49914644497890404,0.297321,0.313802179361936,0.298123626333969,0.08567861437406155
7.204,56.2775260131273,-33.137940113306726,0.6287774271269919,56.1777914776996,-29.437833451278873,0.1758934926628708,0.853182,0.9004758190386,1.59307803468244,0.08567861437406155
7.64,56.14781730835661,-31.032727213909705,0.3631351818572437,56.13782038190075,-33.58777659649975,0.6851536752002563,0.590333,0.62305650105196,1.07486749213952,0.0666064267912064
7.247,56.15781146519707,-34.1114668264737,0.8295323992704606,56.05774503329822,-28.00815605770879,-0.19917430804949898,1.2927,1.36435730157364,2.68084625062854,0.0666064267912064
7.65,56.14781730835661,-31.032727213909705,0.3631351818572437,56.15781146519707,-34.1114613019734,0.8296250445898545,0.745457,0.786779377240797,1.29815948355518,0.07501551664118593
7.247,56.15781146519707,-34.1114668264737,0.8295323992704606,56.05774503329822,-28.00815605770879,-0.19917430804949898,1.2927,1.36435730157364,2.68084625062854,0.07501551664118593
7.66,56.14781730835661,-31.032727213909705,0.3631351818572437,56.09780494149918,-30.645353511109086,0.26167792982436655,0.323175,0.341089325393409,0.184494554920034,0.16661758397637058
7.204,56.2775260131273,-33.137940113306726,0.6287774271269919,56.1777914776996,-29.437833451278873,0.1758934926628708,0.853182,0.9004758190386,1.59307803468244,0.16661758397637058
7.66,56.14781730835661,-31.032727213909705,0.3631351818572437,56.09780494149918,-30.645353511109086,0.26167792982436655,0.323175,0.341089325393409,0.184494554920034,0.058926410969187826
7.305,56.13782038190075,-28.591132233851567,0.059237764222475064,56.1278206839099,-30.926917620446524,1.5991077828637845,0.887654,0.936858680413897,1.44473909563376,0.058926410969187826
7.66,56.14781730835661,-31.032727213909705,0.3631351818572437,56.09780494149918,-30.645353511109086,0.26167792982436655,0.323175,0.341089325393409,0.184494554920034,0.05243611519216136
7.320,56.05774503329822,-28.008030943054983,-0.19911967925163587,56.13782038190075,-30.92275469440725,1.719590069012411,1.090177,1.15060799099377,1.81385065801615,0.05243611519216136
7.69,56.14781730835661,-31.032727213909705,0.3631351818572437,56.13782038190075,-28.591265525705232,0.059338656355967245,0.616187,0.650343647083433,1.08709909982432,0.07613937462617684
7.247,56.15781146519707,-34.1114668264737,0.8295323992704606,56.05774503329822,-28.00815605770879,-0.19917430804949898,1.2927,1.36435730157364,2.68084625062854,0.07613937462617684
7.70,56.14781730835661,-31.032727213909705,0.3631351818572437,56.05774503329822,-28.008155835378577,-0.1990800303106166,0.792856,0.83680581163183,1.38917987452388,0.0502907636054228
7.247,56.15781146519707,-34.1114668264737,0.8295323992704606,56.05774503329822,-28.00815605770879,-0.19917430804949898,1.2927,1.36435730157364,2.68084625062854,0.0502907636054228
7.71,56.14781730835661,-31.032727213909705,0.3631351818572437,56.30739276281291,-31.149644295010827,0.7046599046323765,0.374883,0.395663617456355,0.277781858764294,0.11812519350632059
7.204,56.2775260131273,-33.137940113306726,0.6287774271269919,56.1777914776996,-29.437833451278873,0.1758934926628708,0.853182,0.9004758190386,1.59307803468244,0.11812519350632059
7.72,56.14781730835661,-31.032727213909705,0.3631351818572437,56.287484338689126,-30.986912187250915,0.9559475494941516,0.435209,0.459333624863124,0.421285275139336,0.05294128359596881
7.227,56.13782038190075,-33.58755338003938,0.6850252091039621,56.13782038190075,-28.591036933536095,0.059207860898990994,1.193593,1.25975657511966,2.15918551635632,0.05294128359596881
7.73,56.14781730835661,-31.032727213909705,0.3631351818572437,56.14781730835661,-30.958289056418785,1.151289588583504,0.555861,0.586673639676664,0.533088214710166,0.11491041002390535
7.227,56.13782038190075,-33.58755338003938,0.6850252091039621,56.13782038190075,-28.591036933536095,0.059207860898990994,1.193593,1.25975657511966,2.15918551635632,0.11491041002390535
7.74,56.14781730835661,-31.032727213909705,0.3631351818572437,56.1278206839099,-30.92704735803403,1.599207109196299,0.745457,0.786779377240797,0.83499312816582,0.06965621075658955
7.227,56.13782038190075,-33.58755338003938,0.6850252091039621,56.13782038190075,-28.591036933536095,0.059207860898990994,1.193593,1.25975657511966,2.15918551635632,0.06965621075658955
7.74,56.14781730835661,-31.032727213909705,0.3631351818572437,56.1278206839099,-30.92704735803403,1.599207109196299,0.745457,0.786779377240797,0.83499312816582,0.0906038373876127
7.247,56.15781146519707,-34.1114668264737,0.8295323992704606,56.05774503329822,-28.00815605770879,-0.19917430804949898,1.2927,1.36435730157364,2.68084625062854,0.0906038373876127
7.75,56.14781730835661,-31.032727213909705,0.3631351818572437,56.13782038190075,-30.92287707246588,1.719628631874759,0.827328,0.873188673007127,0.915646003239675,0.10777826197518012
7.247,56.15781146519707,-34.1114668264737,0.8295323992704606,56.05774503329822,-28.00815605770879,-0.19917430804949898,1.2927,1.36435730157364,2.68084625062854,0.10777826197518012
7.76,56.14781730835661,-31.032727213909705,0.3631351818572437,56.077780553594806,-31.211487653784953,0.2437909000341687,0.327484,0.345637183065321,0.128957454457784,0.21969837350509278
7.204,56.2775260131273,-33.137940113306726,0.6287774271269919,56.1777914776996,-29.437833451278873,0.1758934926628708,0.853182,0.9004758190386,1.59307803468244,0.21969837350509278
7.76,56.14781730835661,-31.032727213909705,0.3631351818572437,56.077780553594806,-31.211487653784953,0.2437909000341687,0.327484,0.345637183065321,0.128957454457784,0.07488681047599553
7.305,56.13782038190075,-28.591132233851567,0.059237764222475064,56.1278206839099,-30.926917620446524,1.5991077828637845,0.887654,0.936858680413897,1.44473909563376,0.07488681047599553
7.77,56.14781730835661,-31.032727213909705,0.3631351818572437,56.31734286514889,-31.24136676924305,-0.1186853211438077,0.448136,0.47297719787886,0.372842980918659,0.06711515710208496
7.204,56.2775260131273,-33.137940113306726,0.6287774271269919,56.1777914776996,-29.437833451278873,0.1758934926628708,0.853182,0.9004758190386,1.59307803468244,0.06711515710208496
7.77,56.14781730835661,-31.032727213909705,0.3631351818572437,56.31734286514889,-31.24136676924305,-0.1186853211438077,0.448136,0.47297719787886,0.372842980918659,0.06852483043015764
7.227,56.13782038190075,-33.58755338003938,0.6850252091039621,56.13782038190075,-28.591036933536095,0.059207860898990994,1.193593,1.25975657511966,2.15918551635632,0.06852483043015764
7.78,56.14781730835661,-31.032727213909705,0.3631351818572437,56.1777914776996,-31.28807111633852,-0.32614783671853775,0.51708,0.545742920629454,0.479490038901838,0.10638557200683747
7.227,56.13782038190075,-33.58755338003938,0.6850252091039621,56.13782038190075,-28.591036933536095,0.059207860898990994,1.193593,1.25975657511966,2.15918551635632,0.10638557200683747
7.79,56.14781730835661,-31.032727213909705,0.3631351818572437,56.2974399212883,-31.35543496743748,-0.6566337296213032,0.685131,0.723109369834027,0.716536824488689,0.12552515266738323
7.227,56.13782038190075,-33.58755338003938,0.6850252091039621,56.13782038190075,-28.591036933536095,0.059207860898990994,1.193593,1.25975657511966,2.15918551635632,0.12552515266738323
7.79,56.14781730835661,-31.032727213909705,0.3631351818572437,56.2974399212883,-31.35543496743748,-0.6566337296213032,0.685131,0.723109369834027,0.716536824488689,0.08062416770186845
7.247,56.15781146519707,-34.1114668264737,0.8295323992704606,56.05774503329822,-28.00815605770879,-0.19917430804949898,1.2927,1.36435730157364,2.68084625062854,0.08062416770186845
7.80,56.14781730835661,-31.032727213909705,0.3631351818572437,56.15781146519707,-31.480469159219147,-0.7963875450994751,0.810092,0.854997242319479,0.805905259205209,0.10969533290957698
7.227,56.13782038190075,-33.58755338003938,0.6850252091039621,56.13782038190075,-28.591036933536095,0.059207860898990994,1.193593,1.25975657511966,2.15918551635632,0.10969533290957698
7.80,56.14781730835661,-31.032727213909705,0.3631351818572437,56.15781146519707,-31.480469159219147,-0.7963875450994751,0.810092,0.854997242319479,0.805905259205209,0.14259108592255657
7.247,56.15781146519707,-34.1114668264737,0.8295323992704606,56.05774503329822,-28.00815605770879,-0.19917430804949898,1.2927,1.36435730157364,2.68084625062854,0.14259108592255657
7.81,56.14781730835661,-31.032727213909705,0.3631351818572437,56.59484121226073,-31.44851096701928,0.6864708410485143,0.551552,0.582125782004751,0.499051159358967,0.15086793300245105
7.227,56.13782038190075,-33.58755338003938,0.6850252091039621,56.13782038190075,-28.591036933536095,0.059207860898990994,1.193593,1.25975657511966,2.15918551635632,0.15086793300245105
7.81,56.14781730835661,-31.032727213909705,0.3631351818572437,56.59484121226073,-31.44851096701928,0.6864708410485143,0.551552,0.582125782004751,0.499051159358967,0.05229764111259158
7.320,56.05774503329822,-28.008030943054983,-0.19911967925163587,56.13782038190075,-30.92275469440725,1.719590069012411,1.090177,1.15060799099377,1.81385065801615,0.05229764111259158
7.82,56.14781730835661,-31.032727213909705,0.3631351818572437,56.6047126892946,-31.228931551090746,0.7513542478102098,0.530007,0.559386493645191,0.504206356941667,0.11806370471553501
7.227,56.13782038190075,-33.58755338003938,0.6850252091039621,56.13782038190075,-28.591036933536095,0.059207860898990994,1.193593,1.25975657511966,2.15918551635632,0.11806370471553501
7.83,56.14781730835661,-31.032727213909705,0.3631351818572437,57.45345407206452,-31.626112340253865,0.5707483352316522,1.159121,1.22337371374436,1.23644477775958,0.10733990897573938
7.247,56.15781146519707,-34.1114668264737,0.8295323992704606,56.05774503329822,-28.00815605770879,-0.19917430804949898,1.2927,1.36435730157364,2.68084625062854,0.10733990897573938
7.84,56.14781730835661,-31.032727213909705,0.3631351818572437,55.836615118549915,-30.87025056789289,0.6341729220770587,0.426591,0.4502379095193,0.350715954664555,0.07659670988548567
7.204,56.2775260131273,-33.137940113306726,0.6287774271269919,56.1777914776996,-29.437833451278873,0.1758934926628708,0.853182,0.9004758190386,1.59307803468244,0.07659670988548567
7.84,56.14781730835661,-31.032727213909705,0.3631351818572437,55.836615118549915,-30.87025056789289,0.6341729220770587,0.426591,0.4502379095193,0.350715954664555,0.055483584839068935
7.227,56.13782038190075,-33.58755338003938,0.6850252091039621,56.13782038190075,-28.591036933536095,0.059207860898990994,1.193593,1.25975657511966,2.15918551635632,0.055483584839068935
7.84,56.14781730835661,-31.032727213909705,0.3631351818572437,55.836615118549915,-30.87025056789289,0.6341729220770587,0.426591,0.4502379095193,0.350715954664555,0.055471959636829035
7.320,56.05774503329822,-28.008030943054983,-0.19911967925163587,56.13782038190075,-30.92275469440725,1.719590069012411,1.090177,1.15060799099377,1.81385065801615,0.055471959636829035
7.85,56.14781730835661,-31.032727213909705,0.3631351818572437,55.76596934302245,-30.75758499154313,0.39317526153956894,0.452445,0.477525055550773,0.375847850785036,0.06574844099017663
7.204,56.2775260131273,-33.137940113306726,0.6287774271269919,56.1777914776996,-29.437833451278873,0.1758934926628708,0.853182,0.9004758190386,1.59307803468244,0.06574844099017663
7.85,56.14781730835661,-31.032727213909705,0.3631351818572437,55.76596934302245,-30.75758499154313,0.39317526153956894,0.452445,0.477525055550773,0.375847850785036,0.0753090628856729
7.227,56.13782038190075,-33.58755338003938,0.6850252091039621,56.13782038190075,-28.591036933536095,0.059207860898990994,1.193593,1.25975657511966,2.15918551635632,0.0753090628856729
7.85,56.14781730835661,-31.032727213909705,0.3631351818572437,55.76596934302245,-30.75758499154313,0.39317526153956894,0.452445,0.477525055550773,0.375847850785036,0.07342135841497748
7.320,56.05774503329822,-28.008030943054983,-0.19911967925163587,56.13782038190075,-30.92275469440725,1.719590069012411,1.090177,1.15060799099377,1.81385065801615,0.07342135841497748
7.86,56.14781730835661,-31.032727213909705,0.3631351818572437,55.05173118091976,-30.46836909938583,0.5297183732212662,0.999688,1.05510297988361,1.0629433932313,0.1862559567846862
7.247,56.15781146519707,-34.1114668264737,0.8295323992704606,56.05774503329822,-28.00815605770879,-0.19917430804949898,1.2927,1.36435730157364,2.68084625062854,0.1862559567846862
7.87,56.14781730835661,-31.032727213909705,0.3631351818572437,54.793133278090764,-30.62125089280493,0.3359837400230159,1.16343,1.22792157141627,1.28594422450559,0.07264008645371707
7.247,56.15781146519707,-34.1114668264737,0.8295323992704606,56.05774503329822,-28.00815605770879,-0.19917430804949898,1.2927,1.36435730157364,2.68084625062854,0.07264008645371707
7.91,44.57517149224873,36.95897623838063,23.023442749720434,44.56098859042097,38.573629232545095,24.55590075641114,0.81871,0.864092957663303,0.780254950052494,0.09090197029321928
7.251,44.57517149224873,39.72815094261306,25.632041471795464,44.60351738852064,38.781360410799046,21.746531549356305,1.24961,1.31887872485451,2.05091307129697,0.09090197029321928
7.91,44.57517149224873,36.95897623838063,23.023442749720434,44.56098859042097,38.573629232545095,24.55590075641114,0.81871,0.864092957663303,0.780254950052494,0.15260449073851534
7.351,44.518399976803536,38.519666028744126,21.880905505662586,44.518399976803536,35.472383338272905,24.026531908961612,1.409043,1.48714945871526,2.31925786195933,0.15260449073851534
7.92,44.57517149224873,36.95897623838063,23.023442749720434,44.58934775569448,39.080708778986896,25.054252197224102,0.982452,1.03691154919596,1.02575885376779,0.050363400600413194
7.351,44.518399976803536,38.519666028744126,21.880905505662586,44.518399976803536,35.472383338272905,24.026531908961612,1.409043,1.48714945871526,2.31925786195933,0.050363400600413194
7.92,44.57517149224873,36.95897623838063,23.023442749720434,44.58934775569448,39.080708778986896,25.054252197224102,0.982452,1.03691154919596,1.02575885376779,0.07930171194095337
7.361,44.60351738852064,38.78155571208269,21.746543197241397,44.489974232848624,35.28218457991533,24.28917730304483,1.620184,1.70999448463896,2.70544683885885,0.07930171194095337
7.94,44.57517149224873,36.95897623838063,23.023442749720434,44.475751336901624,36.45871619301294,22.474479602908517,0.379192,0.400211475128267,0.292792033719823,0.060679905458786196
7.346,44.518399976803536,38.07475025490275,22.14004500426815,44.34744313390436,36.02372896502304,23.779882287815145,1.072941,1.13241656030612,1.66838563315293,0.060679905458786196
7.95,44.57517149224873,36.95897623838063,23.023442749720434,44.44728545774344,35.97514867395096,22.07342668603668,0.530007,0.559386493645191,0.509793530207883,0.07705924334127684
7.323,44.660129768369416,34.018013602702624,20.740465674601637,44.489974232848624,35.2822641908741,24.289429682725782,1.116031,1.17789513702524,1.87168511460224,0.07705924334127684
7.96,44.57517149224873,36.95897623838063,23.023442749720434,44.57517149224873,35.39954406472911,21.687965513027297,0.672204,0.709465796818291,0.727760885766177,0.07107307235577195
7.351,44.518399976803536,38.519666028744126,21.880905505662586,44.518399976803536,35.472383338272905,24.026531908961612,1.409043,1.48714945871526,2.31925786195933,0.07107307235577195
7.97,44.57517149224873,36.95897623838063,23.023442749720434,44.4615217478265,34.784355536444046,21.295253235925372,0.956598,1.00962440316449,0.983420283320989,0.08958942054293505
7.351,44.518399976803536,38.519666028744126,21.880905505662586,44.518399976803536,35.472383338272905,24.026531908961612,1.409043,1.48714945871526,2.31925786195933,0.08958942054293505
7.97,44.57517149224873,36.95897623838063,23.023442749720434,44.4615217478265,34.784355536444046,21.295253235925372,0.956598,1.00962440316449,0.983420283320989,0.09297541435834784
7.361,44.60351738852064,38.78155571208269,21.746543197241397,44.489974232848624,35.28218457991533,24.28917730304483,1.620184,1.70999448463896,2.70544683885885,0.09297541435834784
7.102,44.57517149224873,36.95897623838063,23.023442749720434,44.518399976803536,38.5199617316504,21.88088040056766,0.870418,0.918667249726248,1.19499950376923,0.060084331811597
7.361,44.60351738852064,38.78155571208269,21.746543197241397,44.489974232848624,35.28218457991533,24.28917730304483,1.620184,1.70999448463896,2.70544683885885,0.060084331811597
7.103,44.57517149224873,36.95897623838063,23.023442749720434,44.60351738852064,38.781692490523824,21.74678819275404,1.029851,1.086937983587,1.36167413851559,0.08899940477127094
7.361,44.60351738852064,38.78155571208269,21.746543197241397,44.489974232848624,35.28218457991533,24.28917730304483,1.620184,1.70999448463896,2.70544683885885,0.08899940477127094
7.106,44.57517149224873,36.95897623838063,23.023442749720434,44.34744313390436,36.023719100414354,23.780146398492864,0.667895,0.704917939146379,0.798638557944307,0.07133192341149752
7.351,44.518399976803536,38.519666028744126,21.880905505662586,44.518399976803536,35.472383338272905,24.026531908961612,1.409043,1.48714945871526,2.31925786195933,0.07133192341149752
7.108,44.57517149224873,36.95897623838063,23.023442749720434,44.489974232848624,35.282322835386736,24.28942694840972,0.952289,1.00507654549258,1.34347720076863,0.057916391004716496
7.361,44.60351738852064,38.78155571208269,21.746543197241397,44.489974232848624,35.28218457991533,24.28917730304483,1.620184,1.70999448463896,2.70544683885885,0.057916391004716496
7.109,44.57517149224873,36.95897623838063,23.023442749720434,44.82933602774889,37.201465820408956,23.049247291811515,0.366265,0.38656790211253,0.26045502093204,0.06601412332759432
7.346,44.518399976803536,38.07475025490275,22.14004500426815,44.34744313390436,36.02372896502304,23.779882287815145,1.072941,1.13241656030612,1.66838563315293,0.06601412332759432
7.110,44.57517149224873,36.95897623838063,23.023442749720434,45.06744545788468,37.23859941259777,23.19484369018282,0.60326,0.636700074067697,0.477933852059694,0.0510400886315909
7.346,44.518399976803536,38.07475025490275,22.14004500426815,44.34744313390436,36.02372896502304,23.779882287815145,1.072941,1.13241656030612,1.66838563315293,0.0510400886315909
7.110,44.57517149224873,36.95897623838063,23.023442749720434,45.06744545788468,37.23859941259777,23.19484369018282,0.60326,0.636700074067697,0.477933852059694,0.054733608124212574
7.351,44.518399976803536,38.519666028744126,21.880905505662586,44.518399976803536,35.472383338272905,24.026531908961612,1.409043,1.48714945871526,2.31925786195933,0.054733608124212574
7.111,44.57517149224873,36.95897623838063,23.023442749720434,45.455625795399975,37.534170935574984,23.294607914993804,0.913508,0.964145826445369,0.8621086350459,0.22948732940093997
7.351,44.518399976803536,38.519666028744126,21.880905505662586,44.518399976803536,35.472383338272905,24.026531908961612,1.409043,1.48714945871526,2.31925786195933,0.22948732940093997
7.111,44.57517149224873,36.95897623838063,23.023442749720434,45.455625795399975,37.534170935574984,23.294607914993804,0.913508,0.964145826445369,0.8621086350459,0.1352546020590367
7.361,44.60351738852064,38.78155571208269,21.746543197241397,44.489974232848624,35.28218457991533,24.28917730304483,1.620184,1.70999448463896,2.70544683885885,0.1352546020590367
7.112,44.57517149224873,36.95897623838063,23.023442749720434,45.67525911468617,37.772985385557675,23.457170351200073,1.029851,1.086937983587,1.08944222284532,0.07240357678365794
7.351,44.518399976803536,38.519666028744126,21.880905505662586,44.518399976803536,35.472383338272905,24.026531908961612,1.409043,1.48714945871526,2.31925786195933,0.07240357678365794
7.112,44.57517149224873,36.95897623838063,23.023442749720434,45.67525911468617,37.772985385557675,23.457170351200073,1.029851,1.086937983587,1.08944222284532,0.21309710895517173
7.361,44.60351738852064,38.78155571208269,21.746543197241397,44.489974232848624,35.28218457991533,24.28917730304483,1.620184,1.70999448463896,2.70544683885885,0.21309710895517173
7.113,44.57517149224873,36.95897623838063,23.023442749720434,45.90691825034913,37.77152031503201,23.52961375158339,1.219447,1.28704372115113,1.30608321910391,0.1701934700696737
7.361,44.60351738852064,38.78155571208269,21.746543197241397,44.489974232848624,35.28218457991533,24.28917730304483,1.620184,1.70999448463896,2.70544683885885,0.1701934700696737
7.116,44.57517149224873,36.95897623838063,23.023442749720434,43.69756372940281,36.53792507620707,22.597239207905815,0.827328,0.873188673007127,0.848819357595633,0.1623371420659086
7.351,44.518399976803536,38.519666028744126,21.880905505662586,44.518399976803536,35.472383338272905,24.026531908961612,1.409043,1.48714945871526,2.31925786195933,0.1623371420659086
7.116,44.57517149224873,36.95897623838063,23.023442749720434,43.69756372940281,36.53792507620707,22.597239207905815,0.827328,0.873188673007127,0.848819357595633,0.05213875815873745
7.361,44.60351738852064,38.78155571208269,21.746543197241397,44.489974232848624,35.28218457991533,24.28917730304483,1.620184,1.70999448463896,2.70544683885885,0.05213875815873745
7.117,44.57517149224873,36.95897623838063,23.023442749720434,43.43360642568766,36.173492413329456,22.566770196731134,1.03416,1.09148584125891,1.10901620179134,0.06151476085030159
7.351,44.518399976803536,38.519666028744126,21.880905505662586,44.518399976803536,35.472383338272905,24.026531908961612,1.409043,1.48714945871526,2.31925786195933,0.06151476085030159
7.117,44.57517149224873,36.95897623838063,23.023442749720434,43.43360642568766,36.173492413329456,22.566770196731134,1.03416,1.09148584125891,1.10901620179134,0.20361660255237501
7.361,44.60351738852064,38.78155571208269,21.746543197241397,44.489974232848624,35.28218457991533,24.28917730304483,1.620184,1.70999448463896,2.70544683885885,0.20361660255237501
7.118,44.57517149224873,36.95897623838063,23.023442749720434,43.10777397801501,35.995247030617236,22.45824415660518,1.197902,1.26430443279157,1.41769205273371,0.08231080853805148
7.361,44.60351738852064,38.78155571208269,21.746543197241397,44.489974232848624,35.28218457991533,24.28917730304483,1.620184,1.70999448463896,2.70544683885885,0.08231080853805148
7.156,62.625639713294134,0.12035648948244271,0.4761696236759594,62.67610547792866,-0.036251993354052825,0.15164899210986515,0.771311,0.81406652327227,0.398137442923225,0.14764823739357855
7.178,62.625639713294134,-0.23944473055187432,1.0386475053027588,62.768458263626584,0.772576138392489,0.014121422550505969,1.370262,1.44621873966805,1.81597356395443,0.14764823739357855
7.157,62.625639713294134,0.12035648948244271,0.4761696236759594,62.89404594163646,0.2394967895999467,-0.020397616806855368,0.844564,0.891380103694776,0.571654842070686,0.07240951674468268
7.178,62.625639713294134,-0.23944473055187432,1.0386475053027588,62.768458263626584,0.772576138392489,0.014121422550505969,1.370262,1.44621873966805,1.81597356395443,0.07240951674468268
7.160,56.2775260131273,-31.643415768277173,0.49913346781380596,56.30739276281291,-31.149410240297826,0.7046470403817118,0.310248,0.327445752377673,0.253888053528939,0.11599595694636744
7.204,56.2775260131273,-33.137940113306726,0.6287774271269919,56.1777914776996,-29.437833451278873,0.1758934926628708,0.853182,0.9004758190386,1.59307803468244,0.11599595694636744
7.161,56.2775260131273,-31.643415768277173,0.49913346781380596,56.077780553594806,-31.21125329326163,0.24377777830413283,0.349029,0.368376471424882,0.310720001273478,0.09357882720269721
7.204,56.2775260131273,-33.137940113306726,0.6287774271269919,56.1777914776996,-29.437833451278873,0.1758934926628708,0.853182,0.9004758190386,1.59307803468244,0.09357882720269721
7.162,44.56098859042097,37.53320552085226,23.417183948554566,44.475751336901624,36.45854859204412,22.47449734817445,0.611878,0.645795789411521,0.507704961658442,0.0638849104116369
7.251,44.57517149224873,39.72815094261306,25.632041471795464,44.60351738852064,38.781360410799046,21.746531549356305,1.24961,1.31887872485451,2.05091307129697,0.0638849104116369
7.162,44.56098859042097,37.53320552085226,23.417183948554566,44.475751336901624,36.45854859204412,22.47449734817445,0.611878,0.645795789411521,0.507704961658442,0.06512099993926984
7.323,44.660129768369416,34.018013602702624,20.740465674601637,44.489974232848624,35.2822641908741,24.289429682725782,1.116031,1.17789513702524,1.87168511460224,0.06512099993926984
7.162,44.56098859042097,37.53320552085226,23.417183948554566,44.475751336901624,36.45854859204412,22.47449734817445,0.611878,0.645795789411521,0.507704961658442,0.06094598849838564
7.351,44.518399976803536,38.519666028744126,21.880905505662586,44.518399976803536,35.472383338272905,24.026531908961612,1.409043,1.48714945871526,2.31925786195933,0.06094598849838564
7.164,44.56098859042097,37.53320552085226,23.417183948554566,44.475751336901624,36.687403116426154,23.18895704965158,0.405046,0.427498621159739,0.339004365236093,0.05793203819303423
7.346,44.518399976803536,38.07475025490275,22.14004500426815,44.34744313390436,36.02372896502304,23.779882287815145,1.072941,1.13241656030612,1.66838563315293,0.05793203819303423
7.166,44.56098859042097,37.53320552085226,23.417183948554566,44.29024173172684,36.641641881767995,22.806767579449794,0.564479,0.595769355020488,0.445237031348623,0.06542242720700453
7.232,44.58934775569448,39.08073030870446,25.054230400583457,44.518399976803536,38.51998356159486,21.88085916778334,1.081559,1.14151227564994,1.72219332581613,0.06542242720700453
7.166,44.56098859042097,37.53320552085226,23.417183948554566,44.29024173172684,36.641641881767995,22.806767579449794,0.564479,0.595769355020488,0.445237031348623,0.054949058397737095
7.251,44.57517149224873,39.72815094261306,25.632041471795464,44.60351738852064,38.781360410799046,21.746531549356305,1.24961,1.31887872485451,2.05091307129697,0.054949058397737095
7.166,44.56098859042097,37.53320552085226,23.417183948554566,44.29024173172684,36.641641881767995,22.806767579449794,0.564479,0.595769355020488,0.445237031348623,0.06292259465139184
7.346,44.518399976803536,38.07475025490275,22.14004500426815,44.34744313390436,36.02372896502304,23.779882287815145,1.072941,1.13241656030612,1.66838563315293,0.06292259465139184
7.178,62.625639713294134,-0.23944473055187432,1.0386475053027588,62.768458263626584,0.772576138392489,0.014121422550505969,1.370262,1.44621873966805,1.81597356395443,0.08897659041185715
7.262,62.49919105553391,0.22395683649600873,-0.3327535686703076,62.516074417933325,0.5580522525558962,0.01602137243352786,1.090177,1.15060799099377,0.599172468823163,0.08897659041185715
7.178,62.625639713294134,-0.23944473055187432,1.0386475053027588,62.768458263626584,0.772576138392489,0.014121422550505969,1.370262,1.44621873966805,1.81597356395443,0.12552584417258197
7.365,62.67610547792866,-0.03600160665973018,0.15161472608848925,62.89404594163646,0.23974826008255068,-0.020432129761971396,0.827328,0.873188673007127,0.482724431174689,0.12552584417258197
7.178,62.625639713294134,-0.23944473055187432,1.0386475053027588,62.768458263626584,0.772576138392489,0.014121422550505969,1.370262,1.44621873966805,1.81597356395443,0.2225242116452098
7.396,62.89404594163646,0.23953370011092767,-0.020383513320454405,63.28498750291695,0.10664799712151174,0.16478574827494263,0.90489,0.955050111101545,0.426384300014667,0.2225242116452098
7.179,62.625639713294134,-0.23944473055187432,1.0386475053027588,62.67610547792866,-0.3923301037287996,0.10245871566407772,1.404734,1.48260160104335,0.943203581642223,0.1462625784864702
7.302,62.692913020733926,0.3938135420241684,-1.3157928490763915,62.60038251922951,-0.7737059741246832,0.23562677328083925,1.878724,1.98286594495368,2.27029099052526,0.1462625784864702
7.179,62.625639713294134,-0.23944473055187432,1.0386475053027588,62.67610547792866,-0.3923301037287996,0.10245871566407772,1.404734,1.48260160104335,0.943203581642223,0.08195417398026862
7.342,62.549819377247616,0.9091953593812763,-0.05231501738753863,62.793607836939486,-0.6013004075661188,0.18273305728853106,2.003685,2.11475381743914,2.26140602605497,0.08195417398026862
7.179,62.625639713294134,-0.23944473055187432,1.0386475053027588,62.67610547792866,-0.3923301037287996,0.10245871566407772,1.404734,1.48260160104335,0.943203581642223,0.0558893195635636
7.349,62.7516829552152,1.1254295846548357,-0.015150175225198126,62.60038251922951,-0.7739016305569613,0.2356570313907902,2.219135,2.34214670103474,2.82294776955766,0.0558893195635636
7.182,56.30739276281291,-32.338751143652644,0.7444675550189128,56.247634559754175,-29.803681247709545,0.1675618671290291,0.573097,0.604865070364312,1.14151638579163,0.08758185980667861
7.247,56.15781146519707,-34.1114668264737,0.8295323992704606,56.05774503329822,-28.00815605770879,-0.19917430804949898,1.2927,1.36435730157364,2.68084625062854,0.08758185980667861
7.183,56.30739276281291,-32.338751143652644,0.7444675550189128,56.287484338689126,-30.98690064618692,0.9559009308409694,0.461063,0.486620770894597,0.588606993228462,0.06993215383255776
7.227,56.13782038190075,-33.58755338003938,0.6850252091039621,56.13782038190075,-28.591036933536095,0.059207860898990994,1.193593,1.25975657511966,2.15918551635632,0.06993215383255776
7.184,56.30739276281291,-32.338751143652644,0.7444675550189128,56.31734286514889,-31.241355207934475,-0.1187320892791277,0.499844,0.527551489941806,0.736086780008997,0.05207095592006417
7.227,56.13782038190075,-33.58755338003938,0.6850252091039621,56.13782038190075,-28.591036933536095,0.059207860898990994,1.193593,1.25975657511966,2.15918551635632,0.05207095592006417
7.185,56.30739276281291,-32.338751143652644,0.7444675550189128,57.45345407206452,-31.626100627718202,0.5707009240334182,1.12034,1.18244299469715,1.10125387835512,0.08175451572322887
7.247,56.15781146519707,-34.1114668264737,0.8295323992704606,56.05774503329822,-28.00815605770879,-0.19917430804949898,1.2927,1.36435730157364,2.68084625062854,0.08175451572322887
7.186,56.30739276281291,-32.338751143652644,0.7444675550189128,55.76596934302245,-30.757573471538848,0.39312889730163114,0.706676,0.745848658193588,0.864152761195807,0.09710112386564738
7.227,56.13782038190075,-33.58755338003938,0.6850252091039621,56.13782038190075,-28.591036933536095,0.059207860898990994,1.193593,1.25975657511966,2.15918551635632,0.09710112386564738
7.186,56.30739276281291,-32.338751143652644,0.7444675550189128,55.76596934302245,-30.757573471538848,0.39312889730163114,0.706676,0.745848658193588,0.864152761195807,0.22826950340634478
7.247,56.15781146519707,-34.1114668264737,0.8295323992704606,56.05774503329822,-28.00815605770879,-0.19917430804949898,1.2927,1.36435730157364,2.68084625062854,0.22826950340634478
7.188,44.56098859042097,37.901998034951035,24.026156614974514,44.44728545774344,35.9748809105665,22.07321940794642,0.90489,0.955050111101545,1.00102302341556,0.09358789563875626
7.351,44.518399976803536,38.519666028744126,21.880905505662586,44.518399976803536,35.472383338272905,24.026531908961612,1.409043,1.48714945871526,2.31925786195933,0.09358789563875626
7.188,44.56098859042097,37.901998034951035,24.026156614974514,44.44728545774344,35.9748809105665,22.07321940794642,0.90489,0.955050111101545,1.00102302341556,0.08949730307944795
7.361,44.60351738852064,38.78155571208269,21.746543197241397,44.489974232848624,35.28218457991533,24.28917730304483,1.620184,1.70999448463896,2.70544683885885,0.08949730307944795
7.190,44.56098859042097,37.901998034951035,24.026156614974514,44.489974232848624,36.19445755701717,23.538381886476913,0.685131,0.723109369834027,0.667718774554268,0.10671017450831284
7.351,44.518399976803536,38.519666028744126,21.880905505662586,44.518399976803536,35.472383338272905,24.026531908961612,1.409043,1.48714945871526,2.31925786195933,0.10671017450831284
7.199,62.64246883189739,0.15331603614493483,1.1799271839062042,62.776843239021375,0.1651024912898147,-0.856432257385209,2.094174,2.21025882854929,1.99843040513978,0.42356777761055614
7.358,62.701314100441266,1.4379908404002495,-0.1751158566154487,62.57510908259357,-1.0865975402239436,0.3160591521840894,2.658653,2.80602818356978,3.75318573006797,0.42356777761055614
7.201,62.64246883189739,0.15331603614493483,1.1799271839062042,62.793607836939486,-0.6012861263096081,0.18266227867760332,1.844252,1.94648308357839,1.48523760259898,0.23677636776380212
7.243,62.692913020733926,-0.025525748824417605,1.8463105034097316,62.701314100441266,1.437843959815388,-0.17508085917068428,2.313933,2.44219956981681,2.9214174492907,0.23677636776380212
7.201,62.64246883189739,0.15331603614493483,1.1799271839062042,62.793607836939486,-0.6012861263096081,0.18266227867760332,1.844252,1.94648308357839,1.48523760259898,0.10800574018878939
7.319,62.667699012913516,0.41939590876782784,-1.538020821793018,62.57510908259357,-1.0868373718551094,0.31602629685616446,2.275152,2.4012688507696,2.81435611036367,0.10800574018878939
7.201,62.64246883189739,0.15331603614493483,1.1799271839062042,62.793607836939486,-0.6012861263096081,0.18266227867760332,1.844252,1.94648308357839,1.48523760259898,0.19336832828367498
7.349,62.7516829552152,1.1254295846548357,-0.015150175225198126,62.60038251922951,-0.7739016305569613,0.2356570313907902,2.219135,2.34214670103474,2.82294776955766,0.19336832828367498
7.201,62.64246883189739,0.15331603614493483,1.1799271839062042,62.793607836939486,-0.6012861263096081,0.18266227867760332,1.844252,1.94648308357839,1.48523760259898,0.05584069412140069
7.358,62.701314100441266,1.4379908404002495,-0.1751158566154487,62.57510908259357,-1.0865975402239436,0.3160591521840894,2.658653,2.80602818356978,3.75318573006797,0.05584069412140069
7.202,62.64246883189739,0.15331603614493483,1.1799271839062042,63.26843012799614,0.12835782372727644,-0.13785898843652333,1.7236,1.81914306876485,1.39434212062045,0.23979682832781157
7.243,62.692913020733926,-0.025525748824417605,1.8463105034097316,62.701314100441266,1.437843959815388,-0.17508085917068428,2.313933,2.44219956981681,2.9214174492907,0.23979682832781157
7.202,62.64246883189739,0.15331603614493483,1.1799271839062042,63.26843012799614,0.12835782372727644,-0.13785898843652333,1.7236,1.81914306876485,1.39434212062045,0.1784739402534795
7.319,62.667699012913516,0.41939590876782784,-1.538020821793018,62.57510908259357,-1.0868373718551094,0.31602629685616446,2.275152,2.4012688507696,2.81435611036367,0.1784739402534795
7.202,62.64246883189739,0.15331603614493483,1.1799271839062042,63.26843012799614,0.12835782372727644,-0.13785898843652333,1.7236,1.81914306876485,1.39434212062045,0.2438538841944262
7.349,62.7516829552152,1.1254295846548357,-0.015150175225198126,62.60038251922951,-0.7739016305569613,0.2356570313907902,2.219135,2.34214670103474,2.82294776955766,0.2438538841944262
7.203,62.64246883189739,0.15331603614493483,1.1799271839062042,62.19404048836513,0.13933860462395087,0.1362646673024548,1.473678,1.55536732379395,1.08457075131742,0.054860529608927
7.302,62.692913020733926,0.3938135420241684,-1.3157928490763915,62.60038251922951,-0.7737059741246832,0.23562677328083925,1.878724,1.98286594495368,2.27029099052526,0.054860529608927
7.203,62.64246883189739,0.15331603614493483,1.1799271839062042,62.19404048836513,0.13933860462395087,0.1362646673024548,1.473678,1.55536732379395,1.08457075131742,0.05683412126071634
7.319,62.667699012913516,0.41939590876782784,-1.538020821793018,62.57510908259357,-1.0868373718551094,0.31602629685616446,2.275152,2.4012688507696,2.81435611036367,0.05683412126071634
7.203,62.64246883189739,0.15331603614493483,1.1799271839062042,62.19404048836513,0.13933860462395087,0.1362646673024548,1.473678,1.55536732379395,1.08457075131742,0.12070460037249861
7.349,62.7516829552152,1.1254295846548357,-0.015150175225198126,62.60038251922951,-0.7739016305569613,0.2356570313907902,2.219135,2.34214670103474,2.82294776955766,0.12070460037249861
7.204,56.2775260131273,-33.137940113306726,0.6287774271269919,56.1777914776996,-29.437833451278873,0.1758934926628708,0.853182,0.9004758190386,1.59307803468244,0.10996490794777607
7.265,56.09780494149918,-30.645109504672806,0.261565512347528,56.077780553594806,-31.21124403044473,0.24367867057608628,0.288703,0.304706464018112,0.242483274455523,0.10996490794777607
7.204,56.2775260131273,-33.137940113306726,0.6287774271269919,56.1777914776996,-29.437833451278873,0.1758934926628708,0.853182,0.9004758190386,1.59307803468244,0.05678843688858351
7.328,56.30739276281291,-31.149743239207883,0.7045193228325752,56.077780553594806,-31.211586946489234,0.24365078479127167,0.400737,0.422950763487827,0.378367211834403,0.05678843688858351
7.205,56.2775260131273,-33.137940113306726,0.6287774271269919,56.14781730835661,-30.95841423106027,1.1512153285489157,0.702367,0.741300800521676,0.988259731920381,0.13850082542290362
7.247,56.15781146519707,-34.1114668264737,0.8295323992704606,56.05774503329822,-28.00815605770879,-0.19917430804949898,1.2927,1.36435730157364,2.68084625062854,0.13850082542290362
7.206,56.2775260131273,-33.137940113306726,0.6287774271269919,56.1777914776996,-31.288198374382127,-0.32622184136863464,0.594642,0.627604358723873,1.00066960550991,0.06335324419084867
7.247,56.15781146519707,-34.1114668264737,0.8295323992704606,56.05774503329822,-28.00815605770879,-0.19917430804949898,1.2927,1.36435730157364,2.68084625062854,0.06335324419084867
7.209,44.56098859042097,38.573724315756394,24.555576237150024,44.34744313390436,36.02380869130917,23.779829262379405,0.969525,1.02326797618023,1.00400707881983,0.1009383586526984
7.351,44.518399976803536,38.519666028744126,21.880905505662586,44.518399976803536,35.472383338272905,24.026531908961612,1.409043,1.48714945871526,2.31925786195933,0.1009383586526984
7.209,44.56098859042097,38.573724315756394,24.555576237150024,44.34744313390436,36.02380869130917,23.779829262379405,0.969525,1.02326797618023,1.00400707881983,0.14800710901333364
7.361,44.60351738852064,38.78155571208269,21.746543197241397,44.489974232848624,35.28218457991533,24.28917730304483,1.620184,1.70999448463896,2.70544683885885,0.14800710901333364
7.210,44.56098859042097,38.573724315756394,24.555576237150024,45.455625795399975,37.53426466326909,23.294286720622015,0.917817,0.968693684117282,1.04627280180266,0.05034203538428169
7.351,44.518399976803536,38.519666028744126,21.880905505662586,44.518399976803536,35.472383338272905,24.026531908961612,1.409043,1.48714945871526,2.31925786195933,0.05034203538428169
7.210,44.56098859042097,38.573724315756394,24.555576237150024,45.455625795399975,37.53426466326909,23.294286720622015,0.917817,0.968693684117282,1.04627280180266,0.06241149522038053
7.361,44.60351738852064,38.78155571208269,21.746543197241397,44.489974232848624,35.28218457991533,24.28917730304483,1.620184,1.70999448463896,2.70544683885885,0.06241149522038053
7.211,44.56098859042097,38.573724315756394,24.555576237150024,43.69756372940281,36.53801632030218,22.59692718339512,1.189284,1.25520871744775,1.28355966155084,0.13403218418194005
7.361,44.60351738852064,38.78155571208269,21.746543197241397,44.489974232848624,35.28218457991533,24.28917730304483,1.620184,1.70999448463896,2.70544683885885,0.13403218418194005
7.222,62.692913020733926,0.018020805553853325,1.2857434604606643,62.692913020733926,0.393907302230434,-1.3157308521847488,2.400113,2.53315672325505,2.60233151905256,0.06952202732893653
7.226,62.692913020733926,0.018020805553853325,1.2857434604606643,62.02347818323405,0.10700566224686181,0.20095643499979943,1.710673,1.80549949574911,1.20327736956508,0.06952202732893653
7.222,62.692913020733926,0.018020805553853325,1.2857434604606643,62.692913020733926,0.393907302230434,-1.3157308521847488,2.400113,2.53315672325505,2.60233151905256,0.06889775350512192
7.288,62.776843239021375,0.16499491098698194,-0.856471086060373,62.549819377247616,0.9091041149971724,-0.05242490137724598,1.878724,1.98286594495368,1.36018005319696,0.06889775350512192
7.222,62.692913020733926,0.018020805553853325,1.2857434604606643,62.692913020733926,0.393907302230434,-1.3157308521847488,2.400113,2.53315672325505,2.60233151905256,0.5190414205078948
7.407,63.26843012799614,0.12805498690454664,-0.13779436981593562,62.19404048836513,0.13904050928265077,0.13632816855941865,1.917505,2.02379666400089,0.950497521513414,0.5190414205078948
7.222,62.692913020733926,0.018020805553853325,1.2857434604606643,62.692913020733926,0.393907302230434,-1.3157308521847488,2.400113,2.53315672325505,2.60233151905256,0.20812420311310678
7.412,63.5160681944692,0.10321987948291866,0.08609954516600737,62.02347818323405,0.10674243497249547,0.20088653655014888,2.344096,2.47403457352019,1.2692217359549,0.20812420311310678
7.223,62.692913020733926,0.018020805553853325,1.2857434604606643,62.7516829552152,1.1257188279558128,-0.015118379532408355,1.930432,2.03744023701663,2.07554707630676,0.1288358803629172
7.358,62.701314100441266,1.4379908404002495,-0.1751158566154487,62.57510908259357,-1.0865975402239436,0.3160591521840894,2.658653,2.80602818356978,3.75318573006797,0.1288358803629172
7.223,62.692913020733926,0.018020805553853325,1.2857434604606643,62.7516829552152,1.1257188279558128,-0.015118379532408355,1.930432,2.03744023701663,2.07554707630676,0.1430122870462679
7.402,63.16063819673245,0.14105062760799703,0.13801795485133272,62.262057519931304,0.16800188416005168,-0.006586186807155947,1.503841,1.58720232749733,0.776144543590609,0.1430122870462679
7.224,62.692913020733926,0.018020805553853325,1.2857434604606643,62.60038251922951,-0.7736128550041577,0.23568879240907226,2.064011,2.17842382484591,1.5510466537249,0.11428172662149466
7.242,62.692913020733926,-0.025525748824417605,1.8463105034097316,62.667699012913516,0.4194908636205863,-1.5379534700818098,2.805159,2.96065534441479,3.35141565262993,0.11428172662149466
7.224,62.692913020733926,0.018020805553853325,1.2857434604606643,62.60038251922951,-0.7736128550041577,0.23568879240907226,2.064011,2.17842382484591,1.5510466537249,0.21782827115405898
7.243,62.692913020733926,-0.025525748824417605,1.8463105034097316,62.701314100441266,1.437843959815388,-0.17508085917068428,2.313933,2.44219956981681,2.9214174492907,0.21782827115405898
7.224,62.692913020733926,0.018020805553853325,1.2857434604606643,62.60038251922951,-0.7736128550041577,0.23568879240907226,2.064011,2.17842382484591,1.5510466537249,0.07906752074228009
7.319,62.667699012913516,0.41939590876782784,-1.538020821793018,62.57510908259357,-1.0868373718551094,0.31602629685616446,2.275152,2.4012688507696,2.81435611036367,0.07906752074228009
7.224,62.692913020733926,0.018020805553853325,1.2857434604606643,62.60038251922951,-0.7736128550041577,0.23568879240907226,2.064011,2.17842382484591,1.5510466537249,0.13855847418152228
7.349,62.7516829552152,1.1254295846548357,-0.015150175225198126,62.60038251922951,-0.7739016305569613,0.2356570313907902,2.219135,2.34214670103474,2.82294776955766,0.13855847418152228
7.224,62.692913020733926,0.018020805553853325,1.2857434604606643,62.60038251922951,-0.7736128550041577,0.23568879240907226,2.064011,2.17842382484591,1.5510466537249,0.3750851583615445
7.358,62.701314100441266,1.4379908404002495,-0.1751158566154487,62.57510908259357,-1.0865975402239436,0.3160591521840894,2.658653,2.80602818356978,3.75318573006797,0.3750851583615445
7.225,62.692913020733926,0.018020805553853325,1.2857434604606643,63.5160681944692,0.1034883930461361,0.08617069990211057,1.814089,1.914648079875,1.36270424474039,0.3884646532906529
7.243,62.692913020733926,-0.025525748824417605,1.8463105034097316,62.701314100441266,1.437843959815388,-0.17508085917068428,2.313933,2.44219956981681,2.9214174492907,0.3884646532906529
7.225,62.692913020733926,0.018020805553853325,1.2857434604606643,63.5160681944692,0.1034883930461361,0.08617069990211057,1.814089,1.914648079875,1.36270424474039,0.26748770760958845
7.319,62.667699012913516,0.41939590876782784,-1.538020821793018,62.57510908259357,-1.0868373718551094,0.31602629685616446,2.275152,2.4012688507696,2.81435611036367,0.26748770760958845
7.225,62.692913020733926,0.018020805553853325,1.2857434604606643,63.5160681944692,0.1034883930461361,0.08617069990211057,1.814089,1.914648079875,1.36270424474039,0.3471853139828096
7.349,62.7516829552152,1.1254295846548357,-0.015150175225198126,62.60038251922951,-0.7739016305569613,0.2356570313907902,2.219135,2.34214670103474,2.82294776955766,0.3471853139828096
7.226,62.692913020733926,0.018020805553853325,1.2857434604606643,62.02347818323405,0.10700566224686181,0.20095643499979943,1.710673,1.80549949574911,1.20327736956508,0.33427188495109356
7.243,62.692913020733926,-0.025525748824417605,1.8463105034097316,62.701314100441266,1.437843959815388,-0.17508085917068428,2.313933,2.44219956981681,2.9214174492907,0.33427188495109356
7.226,62.692913020733926,0.018020805553853325,1.2857434604606643,62.02347818323405,0.10700566224686181,0.20095643499979943,1.710673,1.80549949574911,1.20327736956508,0.3125027400362808
7.319,62.667699012913516,0.41939590876782784,-1.538020821793018,62.57510908259357,-1.0868373718551094,0.31602629685616446,2.275152,2.4012688507696,2.81435611036367,0.3125027400362808
7.226,62.692913020733926,0.018020805553853325,1.2857434604606643,62.02347818323405,0.10700566224686181,0.20095643499979943,1.710673,1.80549949574911,1.20327736956508,0.4490330690623893
7.349,62.7516829552152,1.1254295846548357,-0.015150175225198126,62.60038251922951,-0.7739016305569613,0.2356570313907902,2.219135,2.34214670103474,2.82294776955766,0.4490330690623893
7.227,56.13782038190075,-33.58755338003938,0.6850252091039621,56.13782038190075,-28.591036933536095,0.059207860898990994,1.193593,1.25975657511966,2.15918551635632,0.052441142517814024
7.274,56.247634559754175,-29.803452341445215,0.16759977532643244,56.287484338689126,-30.98667241717623,0.955939152380636,0.495535,0.523003632269894,0.733481446770748,0.052441142517814024
7.227,56.13782038190075,-33.58755338003938,0.6850252091039621,56.13782038190075,-28.591036933536095,0.059207860898990994,1.193593,1.25975657511966,2.15918551635632,0.09759540858214265
7.275,56.247634559754175,-29.803452341445215,0.16759977532643244,56.31734286514889,-31.241124403181107,-0.11869443578023109,0.521389,0.550290778301367,0.65192357594173,0.09759540858214265
7.227,56.13782038190075,-33.58755338003938,0.6850252091039621,56.13782038190075,-28.591036933536095,0.059207860898990994,1.193593,1.25975657511966,2.15918551635632,0.12931012262250421
7.276,56.247634559754175,-29.803452341445215,0.16759977532643244,55.76596934302245,-30.757345710704488,0.39316655316705695,0.590333,0.62305650105196,0.628145276876227,0.12931012262250421
7.227,56.13782038190075,-33.58755338003938,0.6850252091039621,56.13782038190075,-28.591036933536095,0.059207860898990994,1.193593,1.25975657511966,2.15918551635632,0.06023712740412155
7.291,56.1777914776996,-29.43758171665617,0.17591898491415847,56.1777914776996,-31.287944195538596,-0.32619678248659856,0.624805,0.659439362427257,0.868510337250559,0.06023712740412155
7.227,56.13782038190075,-33.58755338003938,0.6850252091039621,56.13782038190075,-28.591036933536095,0.059207860898990994,1.193593,1.25975657511966,2.15918551635632,0.1058714550029285
7.333,56.287484338689126,-30.98688213957862,0.9558971109014491,56.31734286514889,-31.241336508141814,-0.11873597248945877,0.659277,0.695822223802554,0.735391353729576,0.1058714550029285
7.227,56.13782038190075,-33.58755338003938,0.6850252091039621,56.13782038190075,-28.591036933536095,0.059207860898990994,1.193593,1.25975657511966,2.15918551635632,0.14163186927151902
7.345,56.14781730835661,-30.958166168093715,1.1512897614142759,55.76596934302245,-30.757461898110517,0.39317518304251564,0.616187,0.650343647083433,0.627599070843235,0.14163186927151902
7.227,56.13782038190075,-33.58755338003938,0.6850252091039621,56.13782038190075,-28.591036933536095,0.059207860898990994,1.193593,1.25975657511966,2.15918551635632,0.2107906359596998
7.375,56.31734286514889,-31.241227695646856,-0.11869534897781531,55.76596934302245,-30.75744767733629,0.3931655066422346,0.710985,0.7503965158655,0.653581871836495,0.2107906359596998
7.227,56.13782038190075,-33.58755338003938,0.6850252091039621,56.13782038190075,-28.591036933536095,0.059207860898990994,1.193593,1.25975657511966,2.15918551635632,0.14641477634159286
7.397,56.59484121226073,-31.448628443218997,0.6863265237375904,55.836615118549915,-30.870366480935218,0.6340300135999399,0.702367,0.741300800521676,0.74692033821472,0.14641477634159286
7.228,56.13782038190075,-33.58755338003938,0.6850252091039621,56.1278206839099,-30.926823953815685,1.5990785747068914,0.943671,0.995980830148754,1.27847582296959,0.09105831489232846
7.247,56.15781146519707,-34.1114668264737,0.8295323992704606,56.05774503329822,-28.00815605770879,-0.19917430804949898,1.2927,1.36435730157364,2.68084625062854,0.09105831489232846
7.229,56.13782038190075,-33.58755338003938,0.6850252091039621,56.2974399212883,-31.3552065664916,-0.6567645550033196,0.758384,0.800422950256533,1.29424678992036,0.057000111246988165
7.247,56.15781146519707,-34.1114668264737,0.8295323992704606,56.05774503329822,-28.00815605770879,-0.19917430804949898,1.2927,1.36435730157364,2.68084625062854,0.057000111246988165
7.233,44.58934775569448,39.08073030870446,25.054230400583457,44.518399976803536,35.47269278352355,24.026488381628653,1.240992,1.30978300951069,1.40644163864245,0.05510131165129255
7.361,44.60351738852064,38.78155571208269,21.746543197241397,44.489974232848624,35.28218457991533,24.28917730304483,1.620184,1.70999448463896,2.70544683885885,0.05510131165129255
7.242,62.692913020733926,-0.025525748824417605,1.8463105034097316,62.667699012913516,0.4194908636205863,-1.5379534700818098,2.805159,2.96065534441479,3.35141565262993,0.06591885212628536
7.244,62.692913020733926,-0.025525748824417605,1.8463105034097316,62.57510908259357,-1.0867430578487824,0.31609363421860603,2.503529,2.64230530738094,2.1382138103764,0.06591885212628536
7.242,62.692913020733926,-0.025525748824417605,1.8463105034097316,62.667699012913516,0.4194908636205863,-1.5379534700818098,2.805159,2.96065534441479,3.35141565262993,0.3181780689335857
7.245,62.692913020733926,-0.025525748824417605,1.8463105034097316,63.78670046345174,0.03263015525073465,0.1003204882227271,2.490602,2.62866173436521,1.91155600918827,0.3181780689335857
7.242,62.692913020733926,-0.025525748824417605,1.8463105034097316,62.667699012913516,0.4194908636205863,-1.5379534700818098,2.805159,2.96065534441479,3.35141565262993,0.10657256247193982
7.246,62.692913020733926,-0.025525748824417605,1.8463105034097316,61.68871986942695,0.16670242935062918,-0.00656065911108783,2.227753,2.35124241637857,2.00149536177778,0.10657256247193982
7.242,62.692913020733926,-0.025525748824417605,1.8463105034097316,62.667699012913516,0.4194908636205863,-1.5379534700818098,2.805159,2.96065534441479,3.35141565262993,0.20592573668180708
7.301,62.692913020733926,0.3938135420241684,-1.3157928490763915,62.7516829552152,1.1256263336569816,-0.015180796630831495,2.1545,2.27392883595606,1.6549692195214,0.20592573668180708
7.242,62.692913020733926,-0.025525748824417605,1.8463105034097316,62.667699012913516,0.4194908636205863,-1.5379534700818098,2.805159,2.96065534441479,3.35141565262993,0.1295728557345188
7.318,62.667699012913516,0.41939590876782784,-1.538020821793018,62.701314100441266,1.4377505524442724,-0.17514868249939308,2.296697,2.42400813912916,1.97826614737287,0.1295728557345188
7.242,62.692913020733926,-0.025525748824417605,1.8463105034097316,62.667699012913516,0.4194908636205863,-1.5379534700818098,2.805159,2.96065534441479,3.35141565262993,0.2711305896888062
7.389,62.57510908259357,-1.0867619654819083,0.31610849917835804,63.78670046345174,0.0326107976550416,0.10033564418876484,2.503529,2.64230530738094,1.92728294378988,0.2711305896888062
7.242,62.692913020733926,-0.025525748824417605,1.8463105034097316,62.667699012913516,0.4194908636205863,-1.5379534700818098,2.805159,2.96065534441479,3.35141565262993,0.09627853994760491
7.390,62.57510908259357,-1.0867619654819083,0.31610849917835804,61.68871986942695,0.16668355016141723,-0.006545889045983522,2.232062,2.35579027405048,2.00606973128767,0.09627853994760491
7.242,62.692913020733926,-0.025525748824417605,1.8463105034097316,62.667699012913516,0.4194908636205863,-1.5379534700818098,2.805159,2.96065534441479,3.35141565262993,0.6231792253366032
7.412,63.5160681944692,0.10321987948291866,0.08609954516600737,62.02347818323405,0.10674243497249547,0.20088653655014888,2.344096,2.47403457352019,1.2692217359549,0.6231792253366032
7.242,62.692913020733926,-0.025525748824417605,1.8463105034097316,62.667699012913516,0.4194908636205863,-1.5379534700818098,2.805159,2.96065534441479,3.35141565262993,0.47989623982932533
7.416,63.78670046345174,0.03242080829907179,0.10035764877245335,61.68871986942695,0.16649838872390132,-0.006524398489138328,2.999064,3.16530893965084,1.7919385620168,0.47989623982932533
7.243,62.692913020733926,-0.025525748824417605,1.8463105034097316,62.701314100441266,1.437843959815388,-0.17508085917068428,2.313933,2.44219956981681,2.9214174492907,0.06102726381754886
7.272,62.659290750877176,0.18280401052056527,-0.46365008627240467,62.768458263626584,0.7723688852379063,0.014129034614196456,1.516768,1.60084590051307,0.985494186790541,0.06102726381754886
7.243,62.692913020733926,-0.025525748824417605,1.8463105034097316,62.701314100441266,1.437843959815388,-0.17508085917068428,2.313933,2.44219956981681,2.9214174492907,0.3080237077327867
7.288,62.776843239021375,0.16499491098698194,-0.856471086060373,62.549819377247616,0.9091041149971724,-0.05242490137724598,1.878724,1.98286594495368,1.36018005319696,0.3080237077327867
7.243,62.692913020733926,-0.025525748824417605,1.8463105034097316,62.701314100441266,1.437843959815388,-0.17508085917068428,2.313933,2.44219956981681,2.9214174492907,0.058160067184883035
7.301,62.692913020733926,0.3938135420241684,-1.3157928490763915,62.7516829552152,1.1256263336569816,-0.015180796630831495,2.1545,2.27392883595606,1.6549692195214,0.058160067184883035
7.243,62.692913020733926,-0.025525748824417605,1.8463105034097316,62.701314100441266,1.437843959815388,-0.17508085917068428,2.313933,2.44219956981681,2.9214174492907,0.17599564071657312
7.303,62.692913020733926,0.3938135420241684,-1.3157928490763915,63.5160681944692,0.10339453922475483,0.08610783573297365,1.956286,2.0647273830481,1.58347930297319,0.17599564071657312
7.243,62.692913020733926,-0.025525748824417605,1.8463105034097316,62.701314100441266,1.437843959815388,-0.17508085917068428,2.313933,2.44219956981681,2.9214174492907,0.11466961770294867
7.304,62.692913020733926,0.3938135420241684,-1.3157928490763915,62.02347818323405,0.10691365775700179,0.2008947266239014,1.874415,1.97831808728177,1.63434583618122,0.11466961770294867
7.243,62.692913020733926,-0.025525748824417605,1.8463105034097316,62.701314100441266,1.437843959815388,-0.17508085917068428,2.313933,2.44219956981681,2.9214174492907,0.06286544270825742
7.380,62.793607836939486,-0.6013498919536509,0.18269033927200695,62.19404048836513,0.1392751557910965,0.13629258088392326,1.521077,1.60539375818498,1.20966055214836,0.06286544270825742
7.243,62.692913020733926,-0.025525748824417605,1.8463105034097316,62.701314100441266,1.437843959815388,-0.17508085917068428,2.313933,2.44219956981681,2.9214174492907,0.05976953530377851
7.402,63.16063819673245,0.14105062760799703,0.13801795485133272,62.262057519931304,0.16800188416005168,-0.006586186807155947,1.503841,1.58720232749733,0.776144543590609,0.05976953530377851
7.243,62.692913020733926,-0.025525748824417605,1.8463105034097316,62.701314100441266,1.437843959815388,-0.17508085917068428,2.313933,2.44219956981681,2.9214174492907,0.7654992216919502
7.407,63.26843012799614,0.12805498690454664,-0.13779436981593562,62.19404048836513,0.13904050928265077,0.13632816855941865,1.917505,2.02379666400089,0.950497521513414,0.7654992216919502
7.243,62.692913020733926,-0.025525748824417605,1.8463105034097316,62.701314100441266,1.437843959815388,-0.17508085917068428,2.313933,2.44219956981681,2.9214174492907,0.6702324887931035
7.412,63.5160681944692,0.10321987948291866,0.08609954516600737,62.02347818323405,0.10674243497249547,0.20088653655014888,2.344096,2.47403457352019,1.2692217359549,0.6702324887931035
7.244,62.692913020733926,-0.025525748824417605,1.8463105034097316,62.57510908259357,-1.0867430578487824,0.31609363421860603,2.503529,2.64230530738094,2.1382138103764,0.5067994751254018
7.358,62.701314100441266,1.4379908404002495,-0.1751158566154487,62.57510908259357,-1.0865975402239436,0.3160591521840894,2.658653,2.80602818356978,3.75318573006797,0.5067994751254018
7.245,62.692913020733926,-0.025525748824417605,1.8463105034097316,63.78670046345174,0.03263015525073465,0.1003204882227271,2.490602,2.62866173436521,1.91155600918827,0.7924862079688696
7.358,62.701314100441266,1.4379908404002495,-0.1751158566154487,62.57510908259357,-1.0865975402239436,0.3160591521840894,2.658653,2.80602818356978,3.75318573006797,0.7924862079688696
7.246,62.692913020733926,-0.025525748824417605,1.8463105034097316,61.68871986942695,0.16670242935062918,-0.00656065911108783,2.227753,2.35124241637857,2.00149536177778,0.6015266867876736
7.358,62.701314100441266,1.4379908404002495,-0.1751158566154487,62.57510908259357,-1.0865975402239436,0.3160591521840894,2.658653,2.80602818356978,3.75318573006797,0.6015266867876736
7.247,56.15781146519707,-34.1114668264737,0.8295323992704606,56.05774503329822,-28.00815605770879,-0.19917430804949898,1.2927,1.36435730157364,2.68084625062854,0.06061036552246072
7.276,56.247634559754175,-29.803452341445215,0.16759977532643244,55.76596934302245,-30.757345710704488,0.39316655316705695,0.590333,0.62305650105196,0.628145276876227,0.06061036552246072
7.247,56.15781146519707,-34.1114668264737,0.8295323992704606,56.05774503329822,-28.00815605770879,-0.19917430804949898,1.2927,1.36435730157364,2.68084625062854,0.103581996455681
7.290,56.1777914776996,-29.43758171665617,0.17591898491415847,56.14781730835661,-30.9581638536654,1.151241305229167,0.633423,0.668535077771082,0.924608824440535,0.103581996455681
7.247,56.15781146519707,-34.1114668264737,0.8295323992704606,56.05774503329822,-28.00815605770879,-0.19917430804949898,1.2927,1.36435730157364,2.68084625062854,0.11660798091417719
7.291,56.1777914776996,-29.43758171665617,0.17591898491415847,56.1777914776996,-31.287944195538596,-0.32619678248659856,0.624805,0.659439362427257,0.868510337250559,0.11660798091417719
7.247,56.15781146519707,-34.1114668264737,0.8295323992704606,56.05774503329822,-28.00815605770879,-0.19917430804949898,1.2927,1.36435730157364,2.68084625062854,0.11390302672010107
7.306,56.13782038190075,-28.591132233851567,0.059237764222475064,56.2974399212883,-31.355302411140094,-0.6567345617917164,0.956598,1.00962440316449,1.30467713928353,0.11390302672010107
7.247,56.15781146519707,-34.1114668264737,0.8295323992704606,56.05774503329822,-28.00815605770879,-0.19917430804949898,1.2927,1.36435730157364,2.68084625062854,0.06703335586124508
7.333,56.287484338689126,-30.98688213957862,0.9558971109014491,56.31734286514889,-31.241336508141814,-0.11873597248945877,0.659277,0.695822223802554,0.735391353729576,0.06703335586124508
7.247,56.15781146519707,-34.1114668264737,0.8295323992704606,56.05774503329822,-28.00815605770879,-0.19917430804949898,1.2927,1.36435730157364,2.68084625062854,0.11916120841981141
7.343,56.14781730835661,-30.958166168093715,1.1512897614142759,56.1777914776996,-31.287946399756738,-0.3261481561175783,0.883345,0.932310822741985,1.00927614471344,0.11916120841981141
7.247,56.15781146519707,-34.1114668264737,0.8295323992704606,56.05774503329822,-28.00815605770879,-0.19917430804949898,1.2927,1.36435730157364,2.68084625062854,0.0662287985409972
7.344,56.14781730835661,-30.958166168093715,1.1512897614142759,57.45345407206452,-31.62598651517101,0.5707483109934852,1.301318,1.37345301691746,1.29833415319887,0.0662287985409972
7.247,56.15781146519707,-34.1114668264737,0.8295323992704606,56.05774503329822,-28.00815605770879,-0.19917430804949898,1.2927,1.36435730157364,2.68084625062854,0.06234799674934749
7.345,56.14781730835661,-30.958166168093715,1.1512897614142759,55.76596934302245,-30.757461898110517,0.39317518304251564,0.616187,0.650343647083433,0.627599070843235,0.06234799674934749
7.247,56.15781146519707,-34.1114668264737,0.8295323992704606,56.05774503329822,-28.00815605770879,-0.19917430804949898,1.2927,1.36435730157364,2.68084625062854,0.13200653554030178
7.375,56.31734286514889,-31.241227695646856,-0.11869534897781531,55.76596934302245,-30.75744767733629,0.3931655066422346,0.710985,0.7503965158655,0.653581871836495,0.13200653554030178
7.247,56.15781146519707,-34.1114668264737,0.8295323992704606,56.05774503329822,-28.00815605770879,-0.19917430804949898,1.2927,1.36435730157364,2.68084625062854,0.05353557560352373
7.381,56.1777914776996,-31.288153832134235,-0.32627355414320824,57.45345407206452,-31.626195539374567,0.5706204218828947,1.232374,1.30068729416687,1.32914690237086,0.05353557560352373
7.247,56.15781146519707,-34.1114668264737,0.8295323992704606,56.05774503329822,-28.00815605770879,-0.19917430804949898,1.2927,1.36435730157364,2.68084625062854,0.14186951003449663
7.397,56.59484121226073,-31.448628443218997,0.6863265237375904,55.836615118549915,-30.870366480935218,0.6340300135999399,0.702367,0.741300800521676,0.74692033821472,0.14186951003449663
7.262,62.49919105553391,0.22395683649600873,-0.3327535686703076,62.516074417933325,0.5580522525558962,0.01602137243352786,1.090177,1.15060799099377,0.599172468823163,0.06783619597762497
7.302,62.692913020733926,0.3938135420241684,-1.3157928490763915,62.60038251922951,-0.7737059741246832,0.23562677328083925,1.878724,1.98286594495368,2.27029099052526,0.06783619597762497
7.266,44.475751336901624,36.458564998938456,22.47446457088208,44.361726552930975,37.41547487911956,22.66042129014627,0.499844,0.527551489941806,0.398192121789233,0.055206782531103636
7.323,44.660129768369416,34.018013602702624,20.740465674601637,44.489974232848624,35.2822641908741,24.289429682725782,1.116031,1.17789513702524,1.87168511460224,0.055206782531103636
7.266,44.475751336901624,36.458564998938456,22.47446457088208,44.361726552930975,37.41547487911956,22.66042129014627,0.499844,0.527551489941806,0.398192121789233,0.06994067645622354
7.346,44.518399976803536,38.07475025490275,22.14004500426815,44.34744313390436,36.02372896502304,23.779882287815145,1.072941,1.13241656030612,1.66838563315293,0.06994067645622354
7.272,62.659290750877176,0.18280401052056527,-0.46365008627240467,62.768458263626584,0.7723688852379063,0.014129034614196456,1.516768,1.60084590051307,0.985494186790541,0.13949889618632416
7.302,62.692913020733926,0.3938135420241684,-1.3157928490763915,62.60038251922951,-0.7737059741246832,0.23562677328083925,1.878724,1.98286594495368,2.27029099052526,0.13949889618632416
7.272,62.659290750877176,0.18280401052056527,-0.46365008627240467,62.768458263626584,0.7723688852379063,0.014129034614196456,1.516768,1.60084590051307,0.985494186790541,0.1053558760170052
7.319,62.667699012913516,0.41939590876782784,-1.538020821793018,62.57510908259357,-1.0868373718551094,0.31602629685616446,2.275152,2.4012688507696,2.81435611036367,0.1053558760170052
7.272,62.659290750877176,0.18280401052056527,-0.46365008627240467,62.768458263626584,0.7723688852379063,0.014129034614196456,1.516768,1.60084590051307,0.985494186790541,0.10536237731425954
7.342,62.549819377247616,0.9091953593812763,-0.05231501738753863,62.793607836939486,-0.6013004075661188,0.18273305728853106,2.003685,2.11475381743914,2.26140602605497,0.10536237731425954
7.272,62.659290750877176,0.18280401052056527,-0.46365008627240467,62.768458263626584,0.7723688852379063,0.014129034614196456,1.516768,1.60084590051307,0.985494186790541,0.1972286238702355
7.349,62.7516829552152,1.1254295846548357,-0.015150175225198126,62.60038251922951,-0.7739016305569613,0.2356570313907902,2.219135,2.34214670103474,2.82294776955766,0.1972286238702355
7.278,44.44728545774344,35.97521859456376,22.0733607846343,44.404536302425136,37.80422077821671,22.449236322113798,0.754075,0.795875092584621,0.729324654113503,0.17206607757698683
7.351,44.518399976803536,38.519666028744126,21.880905505662586,44.518399976803536,35.472383338272905,24.026531908961612,1.409043,1.48714945871526,2.31925786195933,0.17206607757698683
7.280,44.44728545774344,35.97521859456376,22.0733607846343,45.06744545788468,37.23867021462868,23.19477644893174,0.870418,0.918667249726248,0.837074101389706,0.20860661226109387
7.351,44.518399976803536,38.519666028744126,21.880905505662586,44.518399976803536,35.472383338272905,24.026531908961612,1.409043,1.48714945871526,2.31925786195933,0.20860661226109387
7.280,44.44728545774344,35.97521859456376,22.0733607846343,45.06744545788468,37.23867021462868,23.19477644893174,0.870418,0.918667249726248,0.837074101389706,0.08520366475656978
7.361,44.60351738852064,38.78155571208269,21.746543197241397,44.489974232848624,35.28218457991533,24.28917730304483,1.620184,1.70999448463896,2.70544683885885,0.08520366475656978
7.288,62.776843239021375,0.16499491098698194,-0.856471086060373,62.549819377247616,0.9091041149971724,-0.05242490137724598,1.878724,1.98286594495368,1.36018005319696,0.3045176566208338
7.319,62.667699012913516,0.41939590876782784,-1.538020821793018,62.57510908259357,-1.0868373718551094,0.31602629685616446,2.275152,2.4012688507696,2.81435611036367,0.3045176566208338
7.288,62.776843239021375,0.16499491098698194,-0.856471086060373,62.549819377247616,0.9091041149971724,-0.05242490137724598,1.878724,1.98286594495368,1.36018005319696,0.3843241145581927
7.349,62.7516829552152,1.1254295846548357,-0.015150175225198126,62.60038251922951,-0.7739016305569613,0.2356570313907902,2.219135,2.34214670103474,2.82294776955766,0.3843241145581927
7.288,62.776843239021375,0.16499491098698194,-0.856471086060373,62.549819377247616,0.9091041149971724,-0.05242490137724598,1.878724,1.98286594495368,1.36018005319696,0.09127018412121259
7.358,62.701314100441266,1.4379908404002495,-0.1751158566154487,62.57510908259357,-1.0865975402239436,0.3160591521840894,2.658653,2.80602818356978,3.75318573006797,0.09127018412121259
7.293,44.57517149224873,35.399492389150744,21.68787369451971,44.518399976803536,38.07468663998459,22.14021362742622,0.969525,1.02326797618023,1.084991068374,0.06658816911807769
7.351,44.518399976803536,38.519666028744126,21.880905505662586,44.518399976803536,35.472383338272905,24.026531908961612,1.409043,1.48714945871526,2.31925786195933,0.06658816911807769
7.293,44.57517149224873,35.399492389150744,21.68787369451971,44.518399976803536,38.07468663998459,22.14021362742622,0.969525,1.02326797618023,1.084991068374,0.14799660491397298
7.361,44.60351738852064,38.78155571208269,21.746543197241397,44.489974232848624,35.28218457991533,24.28917730304483,1.620184,1.70999448463896,2.70544683885885,0.14799660491397298
7.301,62.692913020733926,0.3938135420241684,-1.3157928490763915,62.7516829552152,1.1256263336569816,-0.015180796630831495,2.1545,2.27392883595606,1.6549692195214,0.05014740035901967
7.349,62.7516829552152,1.1254295846548357,-0.015150175225198126,62.60038251922951,-0.7739016305569613,0.2356570313907902,2.219135,2.34214670103474,2.82294776955766,0.05014740035901967
7.301,62.692913020733926,0.3938135420241684,-1.3157928490763915,62.7516829552152,1.1256263336569816,-0.015180796630831495,2.1545,2.27392883595606,1.6549692195214,0.5361098052619364
7.358,62.701314100441266,1.4379908404002495,-0.1751158566154487,62.57510908259357,-1.0865975402239436,0.3160591521840894,2.658653,2.80602818356978,3.75318573006797,0.5361098052619364
7.302,62.692913020733926,0.3938135420241684,-1.3157928490763915,62.60038251922951,-0.7737059741246832,0.23562677328083925,1.878724,1.98286594495368,2.27029099052526,0.1538899458445848
7.373,62.67610547792866,-0.39222554081780325,0.1025082818313372,63.16063819673245,0.1410704951634867,0.1379677122782974,1.33579,1.40983587829276,0.894182272125511,0.1538899458445848
7.302,62.692913020733926,0.3938135420241684,-1.3157928490763915,62.60038251922951,-0.7737059741246832,0.23562677328083925,1.878724,1.98286594495368,2.27029099052526,0.06003748920145441
7.374,62.67610547792866,-0.39222554081780325,0.1025082818313372,62.262057519931304,0.1680215593836687,-0.006635877646821164,1.193593,1.25975657511966,0.912791769789313,0.06003748920145441
7.302,62.692913020733926,0.3938135420241684,-1.3157928490763915,62.60038251922951,-0.7737059741246832,0.23562677328083925,1.878724,1.98286594495368,2.27029099052526,0.4211657859025278
7.402,63.16063819673245,0.14105062760799703,0.13801795485133272,62.262057519931304,0.16800188416005168,-0.006586186807155947,1.503841,1.58720232749733,0.776144543590609,0.4211657859025278
7.302,62.692913020733926,0.3938135420241684,-1.3157928490763915,62.60038251922951,-0.7737059741246832,0.23562677328083925,1.878724,1.98286594495368,2.27029099052526,0.20161906671801894
7.407,63.26843012799614,0.12805498690454664,-0.13779436981593562,62.19404048836513,0.13904050928265077,0.13632816855941865,1.917505,2.02379666400089,0.950497521513414,0.20161906671801894
7.303,62.692913020733926,0.3938135420241684,-1.3157928490763915,63.5160681944692,0.10339453922475483,0.08610783573297365,1.956286,2.0647273830481,1.58347930297319,0.09681077608659892
7.319,62.667699012913516,0.41939590876782784,-1.538020821793018,62.57510908259357,-1.0868373718551094,0.31602629685616446,2.275152,2.4012688507696,2.81435611036367,0.09681077608659892
7.303,62.692913020733926,0.3938135420241684,-1.3157928490763915,63.5160681944692,0.10339453922475483,0.08610783573297365,1.956286,2.0647273830481,1.58347930297319,0.10807085950946038
7.349,62.7516829552152,1.1254295846548357,-0.015150175225198126,62.60038251922951,-0.7739016305569613,0.2356570313907902,2.219135,2.34214670103474,2.82294776955766,0.10807085950946038
7.303,62.692913020733926,0.3938135420241684,-1.3157928490763915,63.5160681944692,0.10339453922475483,0.08610783573297365,1.956286,2.0647273830481,1.58347930297319,0.19414790099994964
7.358,62.701314100441266,1.4379908404002495,-0.1751158566154487,62.57510908259357,-1.0865975402239436,0.3160591521840894,2.658653,2.80602818356978,3.75318573006797,0.19414790099994964
7.304,62.692913020733926,0.3938135420241684,-1.3157928490763915,62.02347818323405,0.10691365775700179,0.2008947266239014,1.874415,1.97831808728177,1.63434583618122,0.054039572074533825
7.319,62.667699012913516,0.41939590876782784,-1.538020821793018,62.57510908259357,-1.0868373718551094,0.31602629685616446,2.275152,2.4012688507696,2.81435611036367,0.054039572074533825
7.304,62.692913020733926,0.3938135420241684,-1.3157928490763915,62.02347818323405,0.10691365775700179,0.2008947266239014,1.874415,1.97831808728177,1.63434583618122,0.06316815398534574
7.349,62.7516829552152,1.1254295846548357,-0.015150175225198126,62.60038251922951,-0.7739016305569613,0.2356570313907902,2.219135,2.34214670103474,2.82294776955766,0.06316815398534574
7.304,62.692913020733926,0.3938135420241684,-1.3157928490763915,62.02347818323405,0.10691365775700179,0.2008947266239014,1.874415,1.97831808728177,1.63434583618122,0.08815740111625843
7.358,62.701314100441266,1.4379908404002495,-0.1751158566154487,62.57510908259357,-1.0865975402239436,0.3160591521840894,2.658653,2.80602818356978,3.75318573006797,0.08815740111625843
7.311,44.4615217478265,34.783956280290965,21.295021322673925,43.43360642568766,36.173104981618906,22.56653248119508,1.003997,1.05965083755552,1.17772948206565,0.052361472091317175
7.361,44.60351738852064,38.78155571208269,21.746543197241397,44.489974232848624,35.28218457991533,24.28917730304483,1.620184,1.70999448463896,2.70544683885885,0.052361472091317175
7.318,62.667699012913516,0.41939590876782784,-1.538020821793018,62.701314100441266,1.4377505524442724,-0.17514868249939308,2.296697,2.42400813912916,1.97826614737287,0.6109392709859707
7.358,62.701314100441266,1.4379908404002495,-0.1751158566154487,62.57510908259357,-1.0865975402239436,0.3160591521840894,2.658653,2.80602818356978,3.75318573006797,0.6109392709859707
7.319,62.667699012913516,0.41939590876782784,-1.538020821793018,62.57510908259357,-1.0868373718551094,0.31602629685616446,2.275152,2.4012688507696,2.81435611036367,0.08301053682069702
7.380,62.793607836939486,-0.6013498919536509,0.18269033927200695,62.19404048836513,0.1392751557910965,0.13629258088392326,1.521077,1.60539375818498,1.20966055214836,0.08301053682069702
7.319,62.667699012913516,0.41939590876782784,-1.538020821793018,62.57510908259357,-1.0868373718551094,0.31602629685616446,2.275152,2.4012688507696,2.81435611036367,0.10132439113366037
7.402,63.16063819673245,0.14105062760799703,0.13801795485133272,62.262057519931304,0.16800188416005168,-0.006586186807155947,1.503841,1.58720232749733,0.776144543590609,0.10132439113366037
7.319,62.667699012913516,0.41939590876782784,-1.538020821793018,62.57510908259357,-1.0868373718551094,0.31602629685616446,2.275152,2.4012688507696,2.81435611036367,0.826013679842473
7.407,63.26843012799614,0.12805498690454664,-0.13779436981593562,62.19404048836513,0.13904050928265077,0.13632816855941865,1.917505,2.02379666400089,0.950497521513414,0.826013679842473
7.319,62.667699012913516,0.41939590876782784,-1.538020821793018,62.57510908259357,-1.0868373718551094,0.31602629685616446,2.275152,2.4012688507696,2.81435611036367,0.5252660818748828
7.412,63.5160681944692,0.10321987948291866,0.08609954516600737,62.02347818323405,0.10674243497249547,0.20088653655014888,2.344096,2.47403457352019,1.2692217359549,0.5252660818748828
7.335,44.404536302425136,37.80375851325402,22.44909429574582,44.489974232848624,36.19433333381444,23.538383061525536,0.870418,0.918667249726248,1.20554952451562,0.06731923688637646
7.361,44.60351738852064,38.78155571208269,21.746543197241397,44.489974232848624,35.28218457991533,24.28917730304483,1.620184,1.70999448463896,2.70544683885885,0.06731923688637646
7.336,44.404536302425136,37.80375851325402,22.44909429574582,45.06744545788468,37.23820482928553,23.194631593829317,0.801474,0.845901526975654,0.875139834534694,0.13771231437302855
7.351,44.518399976803536,38.519666028744126,21.880905505662586,44.518399976803536,35.472383338272905,24.026531908961612,1.409043,1.48714945871526,2.31925786195933,0.13771231437302855
7.337,44.404536302425136,37.80375851325402,22.44909429574582,44.11798295939927,36.44216726997457,22.84998839013924,0.741148,0.782231519568885,0.811020453959378,0.13466312309394424
7.351,44.518399976803536,38.519666028744126,21.880905505662586,44.518399976803536,35.472383338272905,24.026531908961612,1.409043,1.48714945871526,2.31925786195933,0.13466312309394424
7.342,62.549819377247616,0.9091953593812763,-0.05231501738753863,62.793607836939486,-0.6013004075661188,0.18273305728853106,2.003685,2.11475381743914,2.26140602605497,0.14406769301084968
7.358,62.701314100441266,1.4379908404002495,-0.1751158566154487,62.57510908259357,-1.0865975402239436,0.3160591521840894,2.658653,2.80602818356978,3.75318573006797,0.14406769301084968
7.342,62.549819377247616,0.9091953593812763,-0.05231501738753863,62.793607836939486,-0.6013004075661188,0.18273305728853106,2.003685,2.11475381743914,2.26140602605497,0.07338835698789524
7.373,62.67610547792866,-0.39222554081780325,0.1025082818313372,63.16063819673245,0.1410704951634867,0.1379677122782974,1.33579,1.40983587829276,0.894182272125511,0.07338835698789524
7.342,62.549819377247616,0.9091953593812763,-0.05231501738753863,62.793607836939486,-0.6013004075661188,0.18273305728853106,2.003685,2.11475381743914,2.26140602605497,0.3130542542407232
7.402,63.16063819673245,0.14105062760799703,0.13801795485133272,62.262057519931304,0.16800188416005168,-0.006586186807155947,1.503841,1.58720232749733,0.776144543590609,0.3130542542407232
7.342,62.549819377247616,0.9091953593812763,-0.05231501738753863,62.793607836939486,-0.6013004075661188,0.18273305728853106,2.003685,2.11475381743914,2.26140602605497,0.19332819639253357
7.407,63.26843012799614,0.12805498690454664,-0.13779436981593562,62.19404048836513,0.13904050928265077,0.13632816855941865,1.917505,2.02379666400089,0.950497521513414,0.19332819639253357
7.349,62.7516829552152,1.1254295846548357,-0.015150175225198126,62.60038251922951,-0.7739016305569613,0.2356570313907902,2.219135,2.34214670103474,2.82294776955766,0.07868339618883885
7.379,62.793607836939486,-0.6013498919536509,0.18269033927200695,63.26843012799614,0.12829336715097783,-0.13783063587435862,1.447824,1.52808017776247,1.19047406123351,0.07868339618883885
7.349,62.7516829552152,1.1254295846548357,-0.015150175225198126,62.60038251922951,-0.7739016305569613,0.2356570313907902,2.219135,2.34214670103474,2.82294776955766,0.15140001699834052
7.380,62.793607836939486,-0.6013498919536509,0.18269033927200695,62.19404048836513,0.1392751557910965,0.13629258088392326,1.521077,1.60539375818498,1.20966055214836,0.15140001699834052
7.349,62.7516829552152,1.1254295846548357,-0.015150175225198126,62.60038251922951,-0.7739016305569613,0.2356570313907902,2.219135,2.34214670103474,2.82294776955766,0.1875038955260545
7.402,63.16063819673245,0.14105062760799703,0.13801795485133272,62.262057519931304,0.16800188416005168,-0.006586186807155947,1.503841,1.58720232749733,0.776144543590609,0.1875038955260545
7.349,62.7516829552152,1.1254295846548357,-0.015150175225198126,62.60038251922951,-0.7739016305569613,0.2356570313907902,2.219135,2.34214670103474,2.82294776955766,0.923159942166284
7.407,63.26843012799614,0.12805498690454664,-0.13779436981593562,62.19404048836513,0.13904050928265077,0.13632816855941865,1.917505,2.02379666400089,0.950497521513414,0.923159942166284
7.349,62.7516829552152,1.1254295846548357,-0.015150175225198126,62.60038251922951,-0.7739016305569613,0.2356570313907902,2.219135,2.34214670103474,2.82294776955766,0.5955533528475897
7.412,63.5160681944692,0.10321987948291866,0.08609954516600737,62.02347818323405,0.10674243497249547,0.20088653655014888,2.344096,2.47403457352019,1.2692217359549,0.5955533528475897
7.351,44.518399976803536,38.519666028744126,21.880905505662586,44.518399976803536,35.472383338272905,24.026531908961612,1.409043,1.48714945871526,2.31925786195933,0.08060562298328465
7.383,44.34744313390436,36.02371776774294,23.780033708416347,43.69756372940281,36.53792439851406,22.597128484669902,0.909199,0.959597968773457,1.04414862934801,0.08060562298328465
7.351,44.518399976803536,38.519666028744126,21.880905505662586,44.518399976803536,35.472383338272905,24.026531908961612,1.409043,1.48714945871526,2.31925786195933,0.07945933220336174
7.399,44.82933602774889,37.201488443910634,23.04919968725948,44.29024173172684,36.64183105787067,22.80670299528209,0.633423,0.668535077771082,0.549987795925747,0.07945933220336174
7.351,44.518399976803536,38.519666028744126,21.880905505662586,44.518399976803536,35.472383338272905,24.026531908961612,1.409043,1.48714945871526,2.31925786195933,0.16970099848429007
7.404,45.06744545788468,37.23821468296523,23.194550007141924,44.11798295939927,36.44217685030859,22.849908142926267,0.926435,0.977789399461106,0.943647459411894,0.16970099848429007
7.358,62.701314100441266,1.4379908404002495,-0.1751158566154487,62.57510908259357,-1.0865975402239436,0.3160591521840894,2.658653,2.80602818356978,3.75318573006797,0.8648017802132515
7.389,62.57510908259357,-1.0867619654819083,0.31610849917835804,63.78670046345174,0.0326107976550416,0.10033564418876484,2.503529,2.64230530738094,1.92728294378988,0.8648017802132515
7.358,62.701314100441266,1.4379908404002495,-0.1751158566154487,62.57510908259357,-1.0865975402239436,0.3160591521840894,2.658653,2.80602818356978,3.75318573006797,0.6661984641484223
7.390,62.57510908259357,-1.0867619654819083,0.31610849917835804,61.68871986942695,0.16668355016141723,-0.006545889045983522,2.232062,2.35579027405048,2.00606973128767,0.6661984641484223
7.358,62.701314100441266,1.4379908404002495,-0.1751158566154487,62.57510908259357,-1.0865975402239436,0.3160591521840894,2.658653,2.80602818356978,3.75318573006797,0.14321885241304713
7.407,63.26843012799614,0.12805498690454664,-0.13779436981593562,62.19404048836513,0.13904050928265077,0.13632816855941865,1.917505,2.02379666400089,0.950497521513414,0.14321885241304713
7.358,62.701314100441266,1.4379908404002495,-0.1751158566154487,62.57510908259357,-1.0865975402239436,0.3160591521840894,2.658653,2.80602818356978,3.75318573006797,0.8934798710707756
7.412,63.5160681944692,0.10321987948291866,0.08609954516600737,62.02347818323405,0.10674243497249547,0.20088653655014888,2.344096,2.47403457352019,1.2692217359549,0.8934798710707756
7.358,62.701314100441266,1.4379908404002495,-0.1751158566154487,62.57510908259357,-1.0865975402239436,0.3160591521840894,2.658653,2.80602818356978,3.75318573006797,0.8238567124112751
7.416,63.78670046345174,0.03242080829907179,0.10035764877245335,61.68871986942695,0.16649838872390132,-0.006524398489138328,2.999064,3.16530893965084,1.7919385620168,0.8238567124112751
7.361,44.60351738852064,38.78155571208269,21.746543197241397,44.489974232848624,35.28218457991533,24.28917730304483,1.620184,1.70999448463896,2.70544683885885,0.1434283438333151
7.382,44.34744313390436,36.02371776774294,23.780033708416347,45.455625795399975,37.53417018065136,23.294493932593664,1.167739,1.23246942908818,1.36831160428229,0.1434283438333151
7.361,44.60351738852064,38.78155571208269,21.746543197241397,44.489974232848624,35.28218457991533,24.28917730304483,1.620184,1.70999448463896,2.70544683885885,0.10410580956755093
7.383,44.34744313390436,36.02371776774294,23.780033708416347,43.69756372940281,36.53792439851406,22.597128484669902,0.909199,0.959597968773457,1.04414862934801,0.10410580956755093
7.361,44.60351738852064,38.78155571208269,21.746543197241397,44.489974232848624,35.28218457991533,24.28917730304483,1.620184,1.70999448463896,2.70544683885885,0.1487167916406977
7.404,45.06744545788468,37.23821468296523,23.194550007141924,44.11798295939927,36.44217685030859,22.849908142926267,0.926435,0.977789399461106,0.943647459411894,0.1487167916406977
