Pair,L1,a1,b1,L2,a2,b2,DV,DV normF3,DECIEDE2000,GradoDE
1.445,34.782253,27.245667,-21.393272,35.003223,27.807022,-19.951809,1.42062,1.37154792854508,0.981716430404511,0.1588700705230565
1.893,35.713337,25.674494,-18.087009,35.713337,28.417604,-22.801613,1.84,1.77644140482532,2.42564380691821,0.1588700705230565
1.506,45.151043,-2.811008,-2.501926,45.33139,-3.092339,-3.071134,0.684433,0.660790826102615,0.60802394550191,0.3455970165206546
1.515,45.151043,-2.811008,-2.501926,42.89854,-3.337323,-2.757914,1.21445,1.17249960004898,2.20695562272957,0.3455970165206546
1.506,45.151043,-2.811008,-2.501926,45.33139,-3.092339,-3.071134,0.684433,0.660790826102615,0.60802394550191,0.3474200930941914
1.516,45.151043,-2.811008,-2.501926,42.642456,-2.615103,-3.107763,1.26202,1.21842640310742,2.4149467348562,0.3474200930941914
1.506,45.151043,-2.811008,-2.501926,45.33139,-3.092339,-3.071134,0.684433,0.660790826102615,0.60802394550191,0.28950524761824625
1.517,45.151043,-2.811008,-2.501926,42.793365,-2.900251,-1.820894,1.24857,1.20544100262106,2.28828077157615,0.28950524761824625
1.506,45.151043,-2.811008,-2.501926,45.33139,-3.092339,-3.071134,0.684433,0.660790826102615,0.60802394550191,0.15237476826875393
1.521,45.151043,-2.811008,-2.501926,46.803467,-3.812742,-2.843082,1.31258,1.26723992344871,2.01584819844143,0.15237476826875393
1.507,45.151043,-2.811008,-2.501926,45.178856,-3.125749,-2.870928,0.623786,0.602238738125201,0.487101933161916,0.38118112193393733
1.515,45.151043,-2.811008,-2.501926,42.89854,-3.337323,-2.757914,1.21445,1.17249960004898,2.20695562272957,0.38118112193393733
1.507,45.151043,-2.811008,-2.501926,45.178856,-3.125749,-2.870928,0.623786,0.602238738125201,0.487101933161916,0.31012243576330245
1.516,45.151043,-2.811008,-2.501926,42.642456,-2.615103,-3.107763,1.26202,1.21842640310742,2.4149467348562,0.31012243576330245
1.507,45.151043,-2.811008,-2.501926,45.178856,-3.125749,-2.870928,0.623786,0.602238738125201,0.487101933161916,0.3051931777132346
1.517,45.151043,-2.811008,-2.501926,42.793365,-2.900251,-1.820894,1.24857,1.20544100262106,2.28828077157615,0.3051931777132346
1.507,45.151043,-2.811008,-2.501926,45.178856,-3.125749,-2.870928,0.623786,0.602238738125201,0.487101933161916,0.18070643966649952
1.521,45.151043,-2.811008,-2.501926,46.803467,-3.812742,-2.843082,1.31258,1.26723992344871,2.01584819844143,0.18070643966649952
1.508,45.151043,-2.811008,-2.501926,45.386665,-3.26021,-2.6558,0.537111,0.518557727927791,0.608217568028734,0.18317963092917106
1.515,45.151043,-2.811008,-2.501926,42.89854,-3.337323,-2.757914,1.21445,1.17249960004898,2.20695562272957,0.18317963092917106
1.508,45.151043,-2.811008,-2.501926,45.386665,-3.26021,-2.6558,0.537111,0.518557727927791,0.608217568028734,0.1505900169655546
1.517,45.151043,-2.811008,-2.501926,42.793365,-2.900251,-1.820894,1.24857,1.20544100262106,2.28828077157615,0.1505900169655546
1.509,45.151043,-2.811008,-2.501926,45.164951,-3.313056,-2.403256,0.654296,0.631694839897603,0.643457685489093,0.31174243321748557
1.515,45.151043,-2.811008,-2.501926,42.89854,-3.337323,-2.757914,1.21445,1.17249960004898,2.20695562272957,0.31174243321748557
1.509,45.151043,-2.811008,-2.501926,45.164951,-3.313056,-2.403256,0.654296,0.631694839897603,0.643457685489093,0.3025601867259097
1.516,45.151043,-2.811008,-2.501926,42.642456,-2.615103,-3.107763,1.26202,1.21842640310742,2.4149467348562,0.3025601867259097
1.509,45.151043,-2.811008,-2.501926,45.164951,-3.313056,-2.403256,0.654296,0.631694839897603,0.643457685489093,0.30647407486584965
1.517,45.151043,-2.811008,-2.501926,42.793365,-2.900251,-1.820894,1.24857,1.20544100262106,2.28828077157615,0.30647407486584965
1.512,45.151043,-2.811008,-2.501926,45.317554,-3.378679,-2.751668,0.669988,0.646844795617451,0.7376305988799849,0.22036307877016367
1.515,45.151043,-2.811008,-2.501926,42.89854,-3.337323,-2.757914,1.21445,1.17249960004898,2.20695562272957,0.22036307877016367
1.512,45.151043,-2.811008,-2.501926,45.317554,-3.378679,-2.751668,0.669988,0.646844795617451,0.7376305988799849,0.2668850015204692
1.516,45.151043,-2.811008,-2.501926,42.642456,-2.615103,-3.107763,1.26202,1.21842640310742,2.4149467348562,0.2668850015204692
1.512,45.151043,-2.811008,-2.501926,45.317554,-3.378679,-2.751668,0.669988,0.646844795617451,0.7376305988799849,0.22279988107562065
1.517,45.151043,-2.811008,-2.501926,42.793365,-2.900251,-1.820894,1.24857,1.20544100262106,2.28828077157615,0.22279988107562065
1.514,45.151043,-2.811008,-2.501926,45.081394,-2.931315,-1.923165,0.577086,0.557151882904906,0.561391111965746,0.26473509064471434
1.515,45.151043,-2.811008,-2.501926,42.89854,-3.337323,-2.757914,1.21445,1.17249960004898,2.20695562272957,0.26473509064471434
1.514,45.151043,-2.811008,-2.501926,45.081394,-2.931315,-1.923165,0.577086,0.557151882904906,0.561391111965746,0.21481767578219563
1.516,45.151043,-2.811008,-2.501926,42.642456,-2.615103,-3.107763,1.26202,1.21842640310742,2.4149467348562,0.21481767578219563
1.514,45.151043,-2.811008,-2.501926,45.081394,-2.931315,-1.923165,0.577086,0.557151882904906,0.561391111965746,0.2604268002837413
1.517,45.151043,-2.811008,-2.501926,42.793365,-2.900251,-1.820894,1.24857,1.20544100262106,2.28828077157615,0.2604268002837413
1.515,45.151043,-2.811008,-2.501926,42.89854,-3.337323,-2.757914,1.21445,1.17249960004898,2.20695562272957,0.2245390748216697
1.518,45.151043,-2.811008,-2.501926,45.178856,-3.391616,-2.987074,0.792902,0.765513012374353,0.802192716868562,0.2245390748216697
1.515,45.151043,-2.811008,-2.501926,42.89854,-3.337323,-2.757914,1.21445,1.17249960004898,2.20695562272957,0.1970145926037634
1.519,45.151043,-2.811008,-2.501926,44.94162,-2.64182,-3.352035,0.760274,0.734012072071831,0.821963047131162,0.1970145926037634
1.516,45.151043,-2.811008,-2.501926,42.642456,-2.615103,-3.107763,1.26202,1.21842640310742,2.4149467348562,0.3682807732516916
1.518,45.151043,-2.811008,-2.501926,45.178856,-3.391616,-2.987074,0.792902,0.765513012374353,0.802192716868562,0.3682807732516916
1.516,45.151043,-2.811008,-2.501926,42.642456,-2.615103,-3.107763,1.26202,1.21842640310742,2.4149467348562,0.39209403173010793
1.519,45.151043,-2.811008,-2.501926,44.94162,-2.64182,-3.352035,0.760274,0.734012072071831,0.821963047131162,0.39209403173010793
1.517,45.151043,-2.811008,-2.501926,42.793365,-2.900251,-1.820894,1.24857,1.20544100262106,2.28828077157615,0.24748890874897264
1.518,45.151043,-2.811008,-2.501926,45.178856,-3.391616,-2.987074,0.792902,0.765513012374353,0.802192716868562,0.24748890874897264
1.517,45.151043,-2.811008,-2.501926,42.793365,-2.900251,-1.820894,1.24857,1.20544100262106,2.28828077157615,0.22075187910473745
1.519,45.151043,-2.811008,-2.501926,44.94162,-2.64182,-3.352035,0.760274,0.734012072071831,0.821963047131162,0.22075187910473745
1.571,51.473465,51.352066,36.877335,55.54303,54.492077,39.5331,2.64,2.54880723301025,4.08089358684242,0.16889675461377135
3.514,55.034206,51.75491,36.871132,57.032524,55.218678,37.564484,2.70135,2.60803803745918,2.19252176817759,0.16889675461377135
1.720,65.826447,-1.697951,5.454526,67.051346,-1.637203,3.425771,2.08,2.0081511532808,1.96688276018876,0.2921074751607062
3.475,66.627518,-1.538718,3.45059,67.064919,-1.275448,3.165702,2.16585,2.0910356612179,0.547559195488068,0.2921074751607062
1.720,65.826447,-1.697951,5.454526,67.051346,-1.637203,3.425771,2.08,2.0081511532808,1.96688276018876,0.739286606434977
3.478,66.627518,-1.538718,3.45059,66.708221,-1.530576,3.61918,1.71328,1.65409865764083,0.161575414091489,0.739286606434977
1.720,65.826447,-1.697951,5.454526,67.051346,-1.637203,3.425771,2.08,2.0081511532808,1.96688276018876,0.4337234892442192
3.481,66.627518,-1.538718,3.45059,67.027954,-1.380901,3.205375,1.71165,1.65252496226591,0.433299955779215,0.4337234892442192
1.721,67.051346,-1.637362,3.425857,67.186905,-2.95006,3.583408,2.3,2.22055175603165,1.70106426957094,0.32273151397463523
3.478,66.627518,-1.538718,3.45059,66.708221,-1.530576,3.61918,1.71328,1.65409865764083,0.161575414091489,0.32273151397463523
1.726,65.826447,-1.626604,5.562673,67.051346,-1.637382,3.514867,2.45,2.36537034881633,1.98281007618809,0.29838154329996985
3.475,66.627518,-1.538718,3.45059,67.064919,-1.275448,3.165702,2.16585,2.0910356612179,0.547559195488068,0.29838154329996985
1.726,65.826447,-1.626604,5.562673,67.051346,-1.637382,3.514867,2.45,2.36537034881633,1.98281007618809,0.20450133499446557
3.478,66.627518,-1.538718,3.45059,66.708221,-1.530576,3.61918,1.71328,1.65409865764083,0.161575414091489,0.20450133499446557
1.730,67.426811,-2.186042,3.996931,66.76371,-3.188196,3.504646,1.87,1.80540512338226,1.48477178597193,0.19762835544897167
3.478,66.627518,-1.538718,3.45059,66.708221,-1.530576,3.61918,1.71328,1.65409865764083,0.161575414091489,0.19762835544897167
1.752,60.024014,-45.631672,44.886452,60.657871,-42.997601,41.651669,1.21,1.1682033151297,1.24503242685083,0.24252168093684068
3.407,61.055126,-45.734715,42.335033,57.96484,-41.877796,40.662785,1.528,1.4752187318332,3.00679651380053,0.24252168093684068
1.860,23.538761,-4.417905,-20.235949,23.966774,-6.903216,-22.121408,3.26,3.14739074985356,2.37574316092186,0.35420041297259147
1.862,23.605213,-7.957049,-20.846567,23.704475,-3.552516,-22.393524,3.1,2.99291758421658,3.86763546633068,0.35420041297259147
1.913,52.608536,-1.90264,0.457344,53.373711,0.931705,-0.332856,3.63,3.50460994538909,4.21600645347342,0.24521716191517687
1.1181,52.707874,-0.509537,0.432108,53.004173,-0.130079,-1.892733,2.90909,2.8086021338931,2.33975653782243,0.24521716191517687
1.913,52.608536,-1.90264,0.457344,53.373711,0.931705,-0.332856,3.63,3.50460994538909,4.21600645347342,0.470939197919972
1.1355,52.960438,-0.215942,0.16867,53.276279,-1.970127,-0.912755,3.18519,3.07516489034542,2.66802809863955,0.470939197919972
1.913,52.608536,-1.90264,0.457344,53.373711,0.931705,-0.332856,3.63,3.50460994538909,4.21600645347342,0.35874649739592507
1.1357,52.960438,-0.215942,0.16867,52.674797,1.47451,-0.956135,3.0963,2.98934539226122,2.68511661884008,0.35874649739592507
1.913,52.608536,-1.90264,0.457344,53.373711,0.931705,-0.332856,3.63,3.50460994538909,4.21600645347342,0.15364511472412684
1.1362,52.960438,-0.215942,0.16867,53.080578,1.462485,1.143956,2.88148,2.78194585824787,2.5907448600467,0.15364511472412684
1.1143,47.235798,-4.873497,-25.659845,48.032433,-6.229394,-26.16704,0.899281,0.868217392919958,1.38607974860663,0.163132993489641
1.1292,46.974487,-5.338224,-24.143667,50.132732,-5.439182,-23.602091,1.47228,1.42142345190012,3.14602643706531,0.163132993489641
1.1143,47.235798,-4.873497,-25.659845,48.032433,-6.229394,-26.16704,0.899281,0.868217392919958,1.38607974860663,0.17053025002986827
1.1302,46.974487,-5.338224,-24.143667,50.08511,-5.116676,-23.47584,1.35755,1.31065653756555,3.11065299128791,0.17053025002986827
1.1144,47.235798,-4.873497,-25.659845,47.89254,-6.464955,-23.92292,1.11511,1.07659107333411,1.51485419205257,0.47008409461982564
1.1292,46.974487,-5.338224,-24.143667,50.132732,-5.439182,-23.602091,1.47228,1.42142345190012,3.14602643706531,0.47008409461982564
1.1144,47.235798,-4.873497,-25.659845,47.89254,-6.464955,-23.92292,1.11511,1.07659107333411,1.51485419205257,0.4319145158033023
1.1302,46.974487,-5.338224,-24.143667,50.08511,-5.116676,-23.47584,1.35755,1.31065653756555,3.11065299128791,0.4319145158033023
1.1145,47.235798,-4.873497,-25.659845,47.365646,-4.688555,-24.64673,0.707434,0.682997309120216,0.493464434274071,0.5553522260826741
1.1293,46.974487,-5.338224,-24.143667,49.0811,-5.199367,-24.532782,0.917782,0.886079318154019,2.08974074194146,0.5553522260826741
1.1145,47.235798,-4.873497,-25.659845,47.365646,-4.688555,-24.64673,0.707434,0.682997309120216,0.493464434274071,0.16533719393795315
1.1295,46.974487,-5.338224,-24.143667,48.685612,-6.246889,-24.185173,1.08031,1.04299315980807,1.84544984348759,0.16533719393795315
1.1145,47.235798,-4.873497,-25.659845,47.365646,-4.688555,-24.64673,0.707434,0.682997309120216,0.493464434274071,0.18813816987805457
1.1299,46.974487,-5.338224,-24.143667,48.760132,-5.697698,-25.600773,1.28107,1.23681836439107,1.90049494425897,0.18813816987805457
1.1145,47.235798,-4.873497,-25.659845,47.365646,-4.688555,-24.64673,0.707434,0.682997309120216,0.493464434274071,0.16105301484341014
1.1300,46.974487,-5.338224,-24.143667,48.698044,-4.678724,-26.183531,1.33843,1.29219699427193,1.91268583183267,0.16105301484341014
1.1145,47.235798,-4.873497,-25.659845,47.365646,-4.688555,-24.64673,0.707434,0.682997309120216,0.493464434274071,0.5931056541452543
1.1304,46.974487,-5.338224,-24.143667,49.093384,-5.260174,-24.724117,0.8413,0.81223921406497,2.10770063923317,0.5931056541452543
1.1145,47.235798,-4.873497,-25.659845,47.365646,-4.688555,-24.64673,0.707434,0.682997309120216,0.493464434274071,0.18879715239108927
1.1306,46.974487,-5.338224,-24.143667,48.809723,-5.845305,-23.965975,0.965583,0.932229141845354,1.85802803627099,0.18879715239108927
1.1145,47.235798,-4.873497,-25.659845,47.365646,-4.688555,-24.64673,0.707434,0.682997309120216,0.493464434274071,0.38582824481409983
1.1307,46.974487,-5.338224,-24.143667,48.871597,-5.8938,-24.960522,0.975143,0.941458913492164,1.96909291881226,0.38582824481409983
1.1146,47.235798,-4.873497,-25.659845,47.546543,-5.248015,-24.230824,1.05516,1.01871190908451,0.671858411262849,0.21410817659666292
1.1292,46.974487,-5.338224,-24.143667,50.132732,-5.439182,-23.602091,1.47228,1.42142345190012,3.14602643706531,0.21410817659666292
1.1146,47.235798,-4.873497,-25.659845,47.546543,-5.248015,-24.230824,1.05516,1.01871190908451,0.671858411262849,0.2877731503493373
1.1293,46.974487,-5.338224,-24.143667,49.0811,-5.199367,-24.532782,0.917782,0.886079318154019,2.08974074194146,0.2877731503493373
1.1146,47.235798,-4.873497,-25.659845,47.546543,-5.248015,-24.230824,1.05516,1.01871190908451,0.671858411262849,0.32607179929517155
1.1301,46.974487,-5.338224,-24.143667,49.423252,-6.380499,-24.647871,1.64436,1.5875593415427,2.58646672801835,0.32607179929517155
1.1146,47.235798,-4.873497,-25.659845,47.546543,-5.248015,-24.230824,1.05516,1.01871190908451,0.671858411262849,0.23911524739094364
1.1302,46.974487,-5.338224,-24.143667,50.08511,-5.116676,-23.47584,1.35755,1.31065653756555,3.11065299128791,0.23911524739094364
1.1146,47.235798,-4.873497,-25.659845,47.546543,-5.248015,-24.230824,1.05516,1.01871190908451,0.671858411262849,0.3207718538953478
1.1304,46.974487,-5.338224,-24.143667,49.093384,-5.260174,-24.724117,0.8413,0.81223921406497,2.10770063923317,0.3207718538953478
1.1146,47.235798,-4.873497,-25.659845,47.546543,-5.248015,-24.230824,1.05516,1.01871190908451,0.671858411262849,0.15230711448738374
1.1307,46.974487,-5.338224,-24.143667,48.871597,-5.8938,-24.960522,0.975143,0.941458913492164,1.96909291881226,0.15230711448738374
1.1146,47.235798,-4.873497,-25.659845,47.546543,-5.248015,-24.230824,1.05516,1.01871190908451,0.671858411262849,0.4089115304952171
1.1316,46.974487,-5.338224,-24.143667,49.689598,-6.203372,-24.980022,1.56788,1.51372116836822,2.81664153973454,0.4089115304952171
1.1146,47.235798,-4.873497,-25.659845,47.546543,-5.248015,-24.230824,1.05516,1.01871190908451,0.671858411262849,0.379461956435444
1.1317,46.974487,-5.338224,-24.143667,49.520355,-6.036674,-24.016258,1.52008,1.46757231013417,2.58561947830162,0.379461956435444
1.1147,47.235798,-4.873497,-25.659845,47.196739,-6.188429,-27.027718,1.31894,1.27338023178278,1.28499049786038,0.20953898706756494
1.1316,46.974487,-5.338224,-24.143667,49.689598,-6.203372,-24.980022,1.56788,1.51372116836822,2.81664153973454,0.20953898706756494
1.1150,47.235798,-4.873497,-25.659845,47.026924,-6.090162,-26.323709,1.1271,1.08816690618403,1.0831148305613,0.1844973547958617
1.1301,46.974487,-5.338224,-24.143667,49.423252,-6.380499,-24.647871,1.64436,1.5875593415427,2.58646672801835,0.1844973547958617
1.1150,47.235798,-4.873497,-25.659845,47.026924,-6.090162,-26.323709,1.1271,1.08816690618403,1.0831148305613,0.34942466497119296
1.1316,46.974487,-5.338224,-24.143667,49.689598,-6.203372,-24.980022,1.56788,1.51372116836822,2.81664153973454,0.34942466497119296
1.1151,47.235798,-4.873497,-25.659845,47.066196,-4.81769,-23.221413,1.7506,1.69012952352566,1.04325595340886,0.24190930742922137
1.1292,46.974487,-5.338224,-24.143667,50.132732,-5.439182,-23.602091,1.47228,1.42142345190012,3.14602643706531,0.24190930742922137
1.1151,47.235798,-4.873497,-25.659845,47.066196,-4.81769,-23.221413,1.7506,1.69012952352566,1.04325595340886,0.29509964104623065
1.1296,46.974487,-5.338224,-24.143667,49.374592,-6.211933,-26.086388,2.31358,2.23366266596509,2.63817711417305,0.29509964104623065
1.1151,47.235798,-4.873497,-25.659845,47.066196,-4.81769,-23.221413,1.7506,1.69012952352566,1.04325595340886,0.3352432206550494
1.1301,46.974487,-5.338224,-24.143667,49.423252,-6.380499,-24.647871,1.64436,1.5875593415427,2.58646672801835,0.3352432206550494
1.1151,47.235798,-4.873497,-25.659845,47.066196,-4.81769,-23.221413,1.7506,1.69012952352566,1.04325595340886,0.4101420667672462
1.1302,46.974487,-5.338224,-24.143667,50.08511,-5.116676,-23.47584,1.35755,1.31065653756555,3.11065299128791,0.4101420667672462
1.1151,47.235798,-4.873497,-25.659845,47.066196,-4.81769,-23.221413,1.7506,1.69012952352566,1.04325595340886,0.4382138635236391
1.1309,46.974487,-5.338224,-24.143667,50.08511,-4.324798,-22.836958,1.88337,1.8183132872858,3.28370784395415,0.4382138635236391
1.1151,47.235798,-4.873497,-25.659845,47.066196,-4.81769,-23.221413,1.7506,1.69012952352566,1.04325595340886,0.5037308501851843
1.1316,46.974487,-5.338224,-24.143667,49.689598,-6.203372,-24.980022,1.56788,1.51372116836822,2.81664153973454,0.5037308501851843
1.1151,47.235798,-4.873497,-25.659845,47.066196,-4.81769,-23.221413,1.7506,1.69012952352566,1.04325595340886,0.27699004690602447
1.1317,46.974487,-5.338224,-24.143667,49.520355,-6.036674,-24.016258,1.52008,1.46757231013417,2.58561947830162,0.27699004690602447
1.1154,47.235798,-4.873497,-25.659845,47.610901,-6.321294,-24.666119,1.19904,1.15762190328356,1.2191542186712,0.5219407794589227
1.1292,46.974487,-5.338224,-24.143667,50.132732,-5.439182,-23.602091,1.47228,1.42142345190012,3.14602643706531,0.5219407794589227
1.1154,47.235798,-4.873497,-25.659845,47.610901,-6.321294,-24.666119,1.19904,1.15762190328356,1.2191542186712,0.19710213809730598
1.1301,46.974487,-5.338224,-24.143667,49.423252,-6.380499,-24.647871,1.64436,1.5875593415427,2.58646672801835,0.19710213809730598
1.1154,47.235798,-4.873497,-25.659845,47.610901,-6.321294,-24.666119,1.19904,1.15762190328356,1.2191542186712,0.46653654398985783
1.1302,46.974487,-5.338224,-24.143667,50.08511,-5.116676,-23.47584,1.35755,1.31065653756555,3.11065299128791,0.46653654398985783
1.1154,47.235798,-4.873497,-25.659845,47.610901,-6.321294,-24.666119,1.19904,1.15762190328356,1.2191542186712,0.5046982820689719
1.1316,46.974487,-5.338224,-24.143667,49.689598,-6.203372,-24.980022,1.56788,1.51372116836822,2.81664153973454,0.5046982820689719
1.1154,47.235798,-4.873497,-25.659845,47.610901,-6.321294,-24.666119,1.19904,1.15762190328356,1.2191542186712,0.21339689967784384
1.1317,46.974487,-5.338224,-24.143667,49.520355,-6.036674,-24.016258,1.52008,1.46757231013417,2.58561947830162,0.21339689967784384
1.1155,47.235798,-4.873497,-25.659845,48.573505,-5.818207,-23.30015,1.64269,1.58594702787636,1.74655261864593,0.2892115588432966
1.1292,46.974487,-5.338224,-24.143667,50.132732,-5.439182,-23.602091,1.47228,1.42142345190012,3.14602643706531,0.2892115588432966
1.1155,47.235798,-4.873497,-25.659845,48.573505,-5.818207,-23.30015,1.64269,1.58594702787636,1.74655261864593,0.23426040215025945
1.1302,46.974487,-5.338224,-24.143667,50.08511,-5.116676,-23.47584,1.35755,1.31065653756555,3.11065299128791,0.23426040215025945
1.1155,47.235798,-4.873497,-25.659845,48.573505,-5.818207,-23.30015,1.64269,1.58594702787636,1.74655261864593,0.44967322721037256
1.1309,46.974487,-5.338224,-24.143667,50.08511,-4.324798,-22.836958,1.88337,1.8183132872858,3.28370784395415,0.44967322721037256
1.1156,47.235798,-4.873497,-25.659845,47.867039,-6.135065,-23.704105,1.13909,1.09974273903396,1.34797170427156,0.6388655580843473
1.1292,46.974487,-5.338224,-24.143667,50.132732,-5.439182,-23.602091,1.47228,1.42142345190012,3.14602643706531,0.6388655580843473
1.1156,47.235798,-4.873497,-25.659845,47.867039,-6.135065,-23.704105,1.13909,1.09974273903396,1.34797170427156,0.6233612479792481
1.1302,46.974487,-5.338224,-24.143667,50.08511,-5.116676,-23.47584,1.35755,1.31065653756555,3.11065299128791,0.6233612479792481
1.1156,47.235798,-4.873497,-25.659845,47.867039,-6.135065,-23.704105,1.13909,1.09974273903396,1.34797170427156,0.2916465225980687
1.1316,46.974487,-5.338224,-24.143667,49.689598,-6.203372,-24.980022,1.56788,1.51372116836822,2.81664153973454,0.2916465225980687
1.1177,52.707874,-0.509537,0.432108,52.839878,-1.470072,0.394608,1.83636,1.77292714030708,1.3587269789998,0.2171173637304188
1.1185,52.707874,-0.509537,0.432108,53.524734,0.935619,-1.505489,2.27273,2.1942237358634,2.90789854994547,0.2171173637304188
1.1177,52.707874,-0.509537,0.432108,52.839878,-1.470072,0.394608,1.83636,1.77292714030708,1.3587269789998,0.24532520404573105
1.1188,52.707874,-0.509537,0.432108,53.254585,1.798958,-0.066632,2.36364,2.28199345766377,3.43171717958978,0.24532520404573105
1.1184,52.707874,-0.509537,0.432108,53.058765,0.362148,-0.099415,1.63636,1.57983568326085,1.4421048566776,0.19290964656267137
1.1185,52.707874,-0.509537,0.432108,53.524734,0.935619,-1.505489,2.27273,2.1942237358634,2.90789854994547,0.19290964656267137
1.1184,52.707874,-0.509537,0.432108,53.058765,0.362148,-0.099415,1.63636,1.57983568326085,1.4421048566776,0.2701288657264336
1.1188,52.707874,-0.509537,0.432108,53.254585,1.798958,-0.066632,2.36364,2.28199345766377,3.43171717958978,0.2701288657264336
1.1185,52.707874,-0.509537,0.432108,53.524734,0.935619,-1.505489,2.27273,2.1942237358634,2.90789854994547,0.31430511083022655
1.1189,52.707874,-0.509537,0.432108,52.663757,0.20281,1.189207,1.81818,1.75537512686158,1.28815221164309,0.31430511083022655
1.1185,52.707874,-0.509537,0.432108,53.524734,0.935619,-1.505489,2.27273,2.1942237358634,2.90789854994547,0.3462257872397592
1.1364,52.960438,-0.215942,0.16867,53.036942,-1.095443,0.529626,1.6963,1.63770519293761,1.308723125216,0.3462257872397592
1.1185,52.707874,-0.509537,0.432108,53.524734,0.935619,-1.505489,2.27273,2.1942237358634,2.90789854994547,0.25999948228531466
1.1365,52.960438,-0.215942,0.16867,52.773941,0.644513,0.035434,1.60741,1.55188569485341,1.29648741172479,0.25999948228531466
1.1185,52.707874,-0.509537,0.432108,53.524734,0.935619,-1.505489,2.27273,2.1942237358634,2.90789854994547,0.18941693174982474
1.1370,52.960438,-0.215942,0.16867,52.817913,0.595608,1.064185,1.81481,1.75212153581035,1.48371041889495,0.18941693174982474
1.1186,52.707874,-0.509537,0.432108,53.395325,1.482182,-1.209027,3.0,2.89637185569346,3.37954096211825,0.18423788715608935
1.1348,52.960438,-0.215942,0.16867,52.531075,1.135774,0.042401,2.51111,2.4243694435168,2.0264014197007,0.18423788715608935
1.1188,52.707874,-0.509537,0.432108,53.254585,1.798958,-0.066632,2.36364,2.28199345766377,3.43171717958978,0.5630010667516813
1.1189,52.707874,-0.509537,0.432108,52.663757,0.20281,1.189207,1.81818,1.75537512686158,1.28815221164309,0.5630010667516813
1.1188,52.707874,-0.509537,0.432108,53.254585,1.798958,-0.066632,2.36364,2.28199345766377,3.43171717958978,0.32856173042892467
1.1348,52.960438,-0.215942,0.16867,52.531075,1.135774,0.042401,2.51111,2.4243694435168,2.0264014197007,0.32856173042892467
1.1188,52.707874,-0.509537,0.432108,53.254585,1.798958,-0.066632,2.36364,2.28199345766377,3.43171717958978,0.19977785733280426
1.1352,52.960438,-0.215942,0.16867,52.241821,-1.112231,-1.044169,1.91852,1.85224911086167,1.87136830732781,0.19977785733280426
1.1188,52.707874,-0.509537,0.432108,53.254585,1.798958,-0.066632,2.36364,2.28199345766377,3.43171717958978,0.3142357635543637
1.1356,52.960438,-0.215942,0.16867,53.373714,-1.304437,-0.279672,1.7037,1.64484957684832,1.66284305147775,0.3142357635543637
1.1188,52.707874,-0.509537,0.432108,53.254585,1.798958,-0.066632,2.36364,2.28199345766377,3.43171717958978,0.3409365463289088
1.1364,52.960438,-0.215942,0.16867,53.036942,-1.095443,0.529626,1.6963,1.63770519293761,1.308723125216,0.3409365463289088
1.1188,52.707874,-0.509537,0.432108,53.254585,1.798958,-0.066632,2.36364,2.28199345766377,3.43171717958978,0.22578536220839415
1.1365,52.960438,-0.215942,0.16867,52.773941,0.644513,0.035434,1.60741,1.55188569485341,1.29648741172479,0.22578536220839415
1.1188,52.707874,-0.509537,0.432108,53.254585,1.798958,-0.066632,2.36364,2.28199345766377,3.43171717958978,0.2178837864558975
1.1367,52.960438,-0.215942,0.16867,52.542156,-0.29973,2.141883,2.04444,1.97381949221798,1.92327857570408,0.2178837864558975
1.1188,52.707874,-0.509537,0.432108,53.254585,1.798958,-0.066632,2.36364,2.28199345766377,3.43171717958978,0.6152484691981723
1.1370,52.960438,-0.215942,0.16867,52.817913,0.595608,1.064185,1.81481,1.75212153581035,1.48371041889495,0.6152484691981723
1.1207,70.203941,-2.140631,43.501633,71.500641,-3.582546,43.627548,1.56584,1.51175163550635,1.41778502241884,0.17462939257913673
1.1215,70.203941,-2.140631,43.501633,74.221741,-2.38332,41.431679,1.74377,1.68353545026753,3.11967307565276,0.17462939257913673
1.1207,70.203941,-2.140631,43.501633,71.500641,-3.582546,43.627548,1.56584,1.51175163550635,1.41778502241884,0.4533864604914301
1.1218,70.203941,-2.140631,43.501633,74.508461,-3.492687,43.69825,1.9395,1.87250440470582,3.37514116603254,0.4533864604914301
1.1207,70.203941,-2.140631,43.501633,71.500641,-3.582546,43.627548,1.56584,1.51175163550635,1.41778502241884,0.4484217823412565
1.1223,70.203941,-2.140631,43.501633,74.27285,-3.521164,42.806984,1.98399,1.91545759932576,3.23377991522167,0.4484217823412565
1.1209,70.203941,-2.140631,43.501633,71.47345,-3.746199,45.188206,1.97509,1.9068650294872,1.54725230723906,0.3046250847136183
1.1218,70.203941,-2.140631,43.501633,74.508461,-3.492687,43.69825,1.9395,1.87250440470582,3.37514116603254,0.3046250847136183
1.1209,70.203941,-2.140631,43.501633,71.47345,-3.746199,45.188206,1.97509,1.9068650294872,1.54725230723906,0.1744524104005345
1.1223,70.203941,-2.140631,43.501633,74.27285,-3.521164,42.806984,1.98399,1.91545759932576,3.23377991522167,0.1744524104005345
1.1212,70.203941,-2.140631,43.501633,75.220566,-2.796027,41.841209,1.77936,1.71789607504891,3.83775874450928,0.21504293882938474
1.1219,70.203941,-2.140631,43.501633,71.886292,-1.73426,42.661289,1.36121,1.3141901112295,1.34393478484299,0.21504293882938474
1.1214,70.203941,-2.140631,43.501633,71.104706,-3.401385,44.383648,1.61032,1.55469517555343,1.13962440751578,0.27872345378183844
1.1218,70.203941,-2.140631,43.501633,74.508461,-3.492687,43.69825,1.9395,1.87250440470582,3.37514116603254,0.27872345378183844
1.1214,70.203941,-2.140631,43.501633,71.104706,-3.401385,44.383648,1.61032,1.55469517555343,1.13962440751578,0.24465785105535565
1.1223,70.203941,-2.140631,43.501633,74.27285,-3.521164,42.806984,1.98399,1.91545759932576,3.23377991522167,0.24465785105535565
1.1215,70.203941,-2.140631,43.501633,74.221741,-2.38332,41.431679,1.74377,1.68353545026753,3.11967307565276,0.5167163759667787
1.1219,70.203941,-2.140631,43.501633,71.886292,-1.73426,42.661289,1.36121,1.3141901112295,1.34393478484299,0.5167163759667787
1.1218,70.203941,-2.140631,43.501633,74.508461,-3.492687,43.69825,1.9395,1.87250440470582,3.37514116603254,0.21046716277684502
1.1219,70.203941,-2.140631,43.501633,71.886292,-1.73426,42.661289,1.36121,1.3141901112295,1.34393478484299,0.21046716277684502
1.1219,70.203941,-2.140631,43.501633,71.886292,-1.73426,42.661289,1.36121,1.3141901112295,1.34393478484299,0.24602431081222298
1.1223,70.203941,-2.140631,43.501633,74.27285,-3.521164,42.806984,1.98399,1.91545759932576,3.23377991522167,0.24602431081222298
1.1292,46.974487,-5.338224,-24.143667,50.132732,-5.439182,-23.602091,1.47228,1.42142345190012,3.14602643706531,0.1510642165935749
1.1295,46.974487,-5.338224,-24.143667,48.685612,-6.246889,-24.185173,1.08031,1.04299315980807,1.84544984348759,0.1510642165935749
1.1292,46.974487,-5.338224,-24.143667,50.132732,-5.439182,-23.602091,1.47228,1.42142345190012,3.14602643706531,0.5522717480739577
1.1303,46.974487,-5.338224,-24.143667,47.981628,-6.69933,-23.871952,1.31931,1.27373745097831,1.48407683518554,0.5522717480739577
1.1292,46.974487,-5.338224,-24.143667,50.132732,-5.439182,-23.602091,1.47228,1.42142345190012,3.14602643706531,0.3015739524525162
1.1305,46.974487,-5.338224,-24.143667,48.272621,-4.212461,-25.531704,1.20459,1.1629801912166,1.6044636995745,0.3015739524525162
1.1302,46.974487,-5.338224,-24.143667,50.08511,-5.116676,-23.47584,1.35755,1.31065653756555,3.11065299128791,0.4721191808209757
1.1303,46.974487,-5.338224,-24.143667,47.981628,-6.69933,-23.871952,1.31931,1.27373745097831,1.48407683518554,0.4721191808209757
1.1302,46.974487,-5.338224,-24.143667,50.08511,-5.116676,-23.47584,1.35755,1.31065653756555,3.11065299128791,0.2845073267209774
1.1305,46.974487,-5.338224,-24.143667,48.272621,-4.212461,-25.531704,1.20459,1.1629801912166,1.6044636995745,0.2845073267209774
1.1303,46.974487,-5.338224,-24.143667,47.981628,-6.69933,-23.871952,1.31931,1.27373745097831,1.48407683518554,0.2000182464002815
1.1309,46.974487,-5.338224,-24.143667,50.08511,-4.324798,-22.836958,1.88337,1.8183132872858,3.28370784395415,0.2000182464002815
1.1303,46.974487,-5.338224,-24.143667,47.981628,-6.69933,-23.871952,1.31931,1.27373745097831,1.48407683518554,0.18707852059548702
1.1316,46.974487,-5.338224,-24.143667,49.689598,-6.203372,-24.980022,1.56788,1.51372116836822,2.81664153973454,0.18707852059548702
1.1374,61.316254,0.500816,0.336991,61.385818,-0.211296,2.085141,2.07626,2.00454034303404,1.98378396668712,0.3859191105192932
7.358,62.701314100441266,1.4379908404002495,-0.1751158566154487,62.57510908259357,-1.0865975402239436,0.3160591521840894,2.658653,2.56681590775166,3.75318573006797,0.3859191105192932
1.1375,61.316254,0.500816,0.336991,61.324955,-0.026105,2.377341,2.03748,1.96709990951277,2.09873917507178,0.23616821472239163
7.358,62.701314100441266,1.4379908404002495,-0.1751158566154487,62.57510908259357,-1.0865975402239436,0.3160591521840894,2.658653,2.56681590775166,3.75318573006797,0.23616821472239163
1.1378,61.316254,0.500816,0.336991,61.159264,0.971863,1.755302,1.77933,1.71786711133035,1.49925991708431,0.17741261829954452
1.1414,61.316254,0.500816,0.336991,57.837181,0.718357,0.516146,1.97175,1.90364040215453,3.09892687715575,0.17741261829954452
1.1378,61.316254,0.500816,0.336991,61.159264,0.971863,1.755302,1.77933,1.71786711133035,1.49925991708431,0.2082207344239069
7.243,62.692913020733926,-0.025525748824417605,1.8463105034097316,62.701314100441266,1.437843959815388,-0.17508085917068428,2.313933,2.23400347238678,2.9214174492907,0.2082207344239069
1.1379,61.316254,0.500816,0.336991,61.351051,1.271677,1.449992,1.8217,1.75877353650559,1.49999313546416,0.22612633028628004
7.243,62.692913020733926,-0.025525748824417605,1.8463105034097316,62.701314100441266,1.437843959815388,-0.17508085917068428,2.313933,2.23400347238678,2.9214174492907,0.22612633028628004
1.1380,61.316254,0.500816,0.336991,61.202938,1.2229,1.126646,1.75789,1.69716770713499,1.26109914983269,0.24828631852366392
1.1411,61.316254,0.500816,0.336991,58.574184,1.398493,0.652862,2.20215,2.12608176067179,2.73954819113453,0.24828631852366392
1.1380,61.316254,0.500816,0.336991,61.202938,1.2229,1.126646,1.75789,1.69716770713499,1.26109914983269,0.28166451893155975
1.1414,61.316254,0.500816,0.336991,57.837181,0.718357,0.516146,1.97175,1.90364040215453,3.09892687715575,0.28166451893155975
1.1380,61.316254,0.500816,0.336991,61.202938,1.2229,1.126646,1.75789,1.69716770713499,1.26109914983269,0.24247720044194523
1.1437,61.316254,0.500816,0.336991,58.27359,-0.17394,0.562631,2.09546,2.02307712291047,2.87459847943079,0.24247720044194523
1.1380,61.316254,0.500816,0.336991,61.202938,1.2229,1.126646,1.75789,1.69716770713499,1.26109914983269,0.23231640003025153
1.1440,61.316254,0.500816,0.336991,58.065514,0.380088,0.323598,2.07626,2.00454034303404,2.87712140683387,0.23231640003025153
1.1380,61.316254,0.500816,0.336991,61.202938,1.2229,1.126646,1.75789,1.69716770713499,1.26109914983269,0.22997208928805724
1.1441,61.316254,0.500816,0.336991,57.779877,0.569369,0.137098,1.93161,1.86488694672535,3.13821560631952,0.22997208928805724
1.1380,61.316254,0.500816,0.336991,61.202938,1.2229,1.126646,1.75789,1.69716770713499,1.26109914983269,0.3952686969598323
7.243,62.692913020733926,-0.025525748824417605,1.8463105034097316,62.701314100441266,1.437843959815388,-0.17508085917068428,2.313933,2.23400347238678,2.9214174492907,0.3952686969598323
1.1380,61.316254,0.500816,0.336991,61.202938,1.2229,1.126646,1.75789,1.69716770713499,1.26109914983269,0.20097153254506506
7.319,62.667699012913516,0.41939590876782784,-1.538020821793018,62.57510908259357,-1.0868373718551094,0.31602629685616446,2.275152,2.19656207340823,2.81435611036367,0.20097153254506506
1.1380,61.316254,0.500816,0.336991,61.202938,1.2229,1.126646,1.75789,1.69716770713499,1.26109914983269,0.4096906865587941
7.349,62.7516829552152,1.1254295846548357,-0.015150175225198126,62.60038251922951,-0.7739016305569613,0.2356570313907902,2.219135,2.14248005266144,2.82294776955766,0.4096906865587941
1.1381,61.316254,0.500816,0.336991,61.12429,1.496262,1.11112,1.86341,1.79904275987259,1.5736123682623,0.16928229668793116
1.1414,61.316254,0.500816,0.336991,57.837181,0.718357,0.516146,1.97175,1.90364040215453,3.09892687715575,0.16928229668793116
1.1381,61.316254,0.500816,0.336991,61.12429,1.496262,1.11112,1.86341,1.79904275987259,1.5736123682623,0.15111840099420257
1.1441,61.316254,0.500816,0.336991,57.779877,0.569369,0.137098,1.93161,1.86488694672535,3.13821560631952,0.15111840099420257
1.1382,61.316254,0.500816,0.336991,61.133038,1.558066,0.90555,1.77933,1.71786711133035,1.5754302761531,0.16962010737182573
1.1414,61.316254,0.500816,0.336991,57.837181,0.718357,0.516146,1.97175,1.90364040215453,3.09892687715575,0.16962010737182573
1.1382,61.316254,0.500816,0.336991,61.133038,1.558066,0.90555,1.77933,1.71786711133035,1.5754302761531,0.15583102390559977
1.1441,61.316254,0.500816,0.336991,57.779877,0.569369,0.137098,1.93161,1.86488694672535,3.13821560631952,0.15583102390559977
1.1384,61.316254,0.500816,0.336991,61.342354,2.210809,0.646026,2.49783,2.41154817076893,2.36369977061412,0.244151734475356
7.358,62.701314100441266,1.4379908404002495,-0.1751158566154487,62.57510908259357,-1.0865975402239436,0.3160591521840894,2.658653,2.56681590775166,3.75318573006797,0.244151734475356
1.1385,61.316254,0.500816,0.336991,61.437916,1.748428,0.211585,2.07626,2.00454034303404,1.74967606152704,0.5040622757774305
7.358,62.701314100441266,1.4379908404002495,-0.1751158566154487,62.57510908259357,-1.0865975402239436,0.3160591521840894,2.658653,2.56681590775166,3.75318573006797,0.5040622757774305
1.1386,61.316254,0.500816,0.336991,61.229115,1.357063,0.07284,1.64045,1.58378440355745,1.24148275495099,0.19847236901884235
1.1411,61.316254,0.500816,0.336991,58.574184,1.398493,0.652862,2.20215,2.12608176067179,2.73954819113453,0.19847236901884235
1.1386,61.316254,0.500816,0.336991,61.229115,1.357063,0.07284,1.64045,1.58378440355745,1.24148275495099,0.2646599589852423
1.1414,61.316254,0.500816,0.336991,57.837181,0.718357,0.516146,1.97175,1.90364040215453,3.09892687715575,0.2646599589852423
1.1386,61.316254,0.500816,0.336991,61.229115,1.357063,0.07284,1.64045,1.58378440355745,1.24148275495099,0.20065397895375006
1.1437,61.316254,0.500816,0.336991,58.27359,-0.17394,0.562631,2.09546,2.02307712291047,2.87459847943079,0.20065397895375006
1.1386,61.316254,0.500816,0.336991,61.229115,1.357063,0.07284,1.64045,1.58378440355745,1.24148275495099,0.21953148310559512
1.1440,61.316254,0.500816,0.336991,58.065514,0.380088,0.323598,2.07626,2.00454034303404,2.87712140683387,0.21953148310559512
1.1386,61.316254,0.500816,0.336991,61.229115,1.357063,0.07284,1.64045,1.58378440355745,1.24148275495099,0.25588995624170163
1.1441,61.316254,0.500816,0.336991,57.779877,0.569369,0.137098,1.93161,1.86488694672535,3.13821560631952,0.25588995624170163
1.1386,61.316254,0.500816,0.336991,61.229115,1.357063,0.07284,1.64045,1.58378440355745,1.24148275495099,0.24933477958127986
7.243,62.692913020733926,-0.025525748824417605,1.8463105034097316,62.701314100441266,1.437843959815388,-0.17508085917068428,2.313933,2.23400347238678,2.9214174492907,0.24933477958127986
1.1386,61.316254,0.500816,0.336991,61.229115,1.357063,0.07284,1.64045,1.58378440355745,1.24148275495099,0.19915490166134642
7.319,62.667699012913516,0.41939590876782784,-1.538020821793018,62.57510908259357,-1.0868373718551094,0.31602629685616446,2.275152,2.19656207340823,2.81435611036367,0.19915490166134642
1.1386,61.316254,0.500816,0.336991,61.229115,1.357063,0.07284,1.64045,1.58378440355745,1.24148275495099,0.34329939854415326
7.349,62.7516829552152,1.1254295846548357,-0.015150175225198126,62.60038251922951,-0.7739016305569613,0.2356570313907902,2.219135,2.14248005266144,2.82294776955766,0.34329939854415326
1.1387,61.316254,0.500816,0.336991,61.071774,1.68807,-0.302554,2.07626,2.00454034303404,1.78481197926086,0.4839159868929003
7.358,62.701314100441266,1.4379908404002495,-0.1751158566154487,62.57510908259357,-1.0865975402239436,0.3160591521840894,2.658653,2.56681590775166,3.75318573006797,0.4839159868929003
1.1389,61.316254,0.500816,0.336991,61.281422,1.498244,-0.867983,2.05693,1.98587805371052,1.81419968890698,0.4511789277114059
7.358,62.701314100441266,1.4379908404002495,-0.1751158566154487,62.57510908259357,-1.0865975402239436,0.3160591521840894,2.658653,2.56681590775166,3.75318573006797,0.4511789277114059
1.1390,61.316254,0.500816,0.336991,61.515923,1.155699,-0.76349,1.99162,1.92282403841207,1.42274510564013,0.39824890753166425
7.243,62.692913020733926,-0.025525748824417605,1.8463105034097316,62.701314100441266,1.437843959815388,-0.17508085917068428,2.313933,2.23400347238678,2.9214174492907,0.39824890753166425
1.1390,61.316254,0.500816,0.336991,61.515923,1.155699,-0.76349,1.99162,1.92282403841207,1.42274510564013,0.2511345366331984
7.319,62.667699012913516,0.41939590876782784,-1.538020821793018,62.57510908259357,-1.0868373718551094,0.31602629685616446,2.275152,2.19656207340823,2.81435611036367,0.2511345366331984
1.1390,61.316254,0.500816,0.336991,61.515923,1.155699,-0.76349,1.99162,1.92282403841207,1.42274510564013,0.28628789826389633
7.349,62.7516829552152,1.1254295846548357,-0.015150175225198126,62.60038251922951,-0.7739016305569613,0.2356570313907902,2.219135,2.14248005266144,2.82294776955766,0.28628789826389633
1.1390,61.316254,0.500816,0.336991,61.515923,1.155699,-0.76349,1.99162,1.92282403841207,1.42274510564013,0.3385806837057055
7.358,62.701314100441266,1.4379908404002495,-0.1751158566154487,62.57510908259357,-1.0865975402239436,0.3160591521840894,2.658653,2.56681590775166,3.75318573006797,0.3385806837057055
1.1391,61.316254,0.500816,0.336991,61.246559,1.160342,-1.442734,2.01137,1.94189181979539,1.93918097514689,0.31531785157352954
7.358,62.701314100441266,1.4379908404002495,-0.1751158566154487,62.57510908259357,-1.0865975402239436,0.3160591521840894,2.658653,2.56681590775166,3.75318573006797,0.31531785157352954
1.1392,61.316254,0.500816,0.336991,61.272709,0.829348,-0.950363,1.67774,1.61978630572372,1.33465200700105,0.17331827736135014
1.1414,61.316254,0.500816,0.336991,57.837181,0.718357,0.516146,1.97175,1.90364040215453,3.09892687715575,0.17331827736135014
1.1392,61.316254,0.500816,0.336991,61.272709,0.829348,-0.950363,1.67774,1.61978630572372,1.33465200700105,0.20353583427376043
1.1441,61.316254,0.500816,0.336991,57.779877,0.569369,0.137098,1.93161,1.86488694672535,3.13821560631952,0.20353583427376043
1.1392,61.316254,0.500816,0.336991,61.272709,0.829348,-0.950363,1.67774,1.61978630572372,1.33465200700105,0.24159412342855613
7.243,62.692913020733926,-0.025525748824417605,1.8463105034097316,62.701314100441266,1.437843959815388,-0.17508085917068428,2.313933,2.23400347238678,2.9214174492907,0.24159412342855613
1.1392,61.316254,0.500816,0.336991,61.272709,0.829348,-0.950363,1.67774,1.61978630572372,1.33465200700105,0.21337496602618
7.319,62.667699012913516,0.41939590876782784,-1.538020821793018,62.57510908259357,-1.0868373718551094,0.31602629685616446,2.275152,2.19656207340823,2.81435611036367,0.21337496602618
1.1392,61.316254,0.500816,0.336991,61.272709,0.829348,-0.950363,1.67774,1.61978630572372,1.33465200700105,0.2730165379313313
7.349,62.7516829552152,1.1254295846548357,-0.015150175225198126,62.60038251922951,-0.7739016305569613,0.2356570313907902,2.219135,2.14248005266144,2.82294776955766,0.2730165379313313
1.1393,61.316254,0.500816,0.336991,61.316254,0.657785,-1.694917,2.03748,1.96709990951277,1.96723573352519,0.3239576024266116
7.358,62.701314100441266,1.4379908404002495,-0.1751158566154487,62.57510908259357,-1.0865975402239436,0.3160591521840894,2.658653,2.56681590775166,3.75318573006797,0.3239576024266116
1.1396,61.316254,0.500816,0.336991,63.998638,0.519966,0.388502,1.64045,1.58378440355745,2.27582540874478,0.18476014610275637
1.1754,62.634056,0.170875,0.072071,62.952515,0.442805,-0.218326,0.883185,0.852677392456877,0.560632048027587,0.18476014610275637
1.1396,61.316254,0.500816,0.336991,63.998638,0.519966,0.388502,1.64045,1.58378440355745,2.27582540874478,0.23397346481536985
7.38,62.650880690858955,0.13654519266420584,0.058882039320318214,62.776843239021375,0.16514541870898958,-0.8563746576976339,1.297009,1.25220678806037,0.906032234049291,0.23397346481536985
1.1396,61.316254,0.500816,0.336991,63.998638,0.519966,0.388502,1.64045,1.58378440355745,2.27582540874478,0.24900585759877172
7.41,62.650880690858955,0.13654519266420584,0.058882039320318214,62.516074417933325,0.5583294841873809,0.016021573156987934,0.94798,0.91523419725343,0.630227972466697,0.24900585759877172
1.1396,61.316254,0.500816,0.336991,63.998638,0.519966,0.388502,1.64045,1.58378440355745,2.27582540874478,0.18575155769041746
7.42,62.650880690858955,0.13654519266420584,0.058882039320318214,62.768458263626584,0.7727134271581781,0.014210382325319237,1.180666,1.13988259112473,0.932361102138941,0.18575155769041746
1.1396,61.316254,0.500816,0.336991,63.998638,0.519966,0.388502,1.64045,1.58378440355745,2.27582540874478,0.26610220099665743
7.47,62.650880690858955,0.13654519266420584,0.058882039320318214,62.67610547792866,-0.39219220680142275,0.10254731048000565,1.064323,1.02755839418908,0.788922299896085,0.26610220099665743
1.1396,61.316254,0.500816,0.336991,63.998638,0.519966,0.388502,1.64045,1.58378440355745,2.27582540874478,0.4123280938850308
7.52,62.650880690858955,0.13654519266420584,0.058882039320318214,63.16063819673245,0.1411038549282151,0.13800704133009045,0.995379,0.960995907116101,0.438120425945003,0.4123280938850308
1.1396,61.316254,0.500816,0.336991,63.998638,0.519966,0.388502,1.64045,1.58378440355745,2.27582540874478,0.6706050750536491
7.53,62.650880690858955,0.13654519266420584,0.058882039320318214,63.26843012799614,0.12840079281817296,-0.13780099423930103,1.180666,1.13988259112473,0.557323554866912,0.6706050750536491
1.1396,61.316254,0.500816,0.336991,63.998638,0.519966,0.388502,1.64045,1.58378440355745,2.27582540874478,0.5717422995156894
7.54,62.650880690858955,0.13654519266420584,0.058882039320318214,63.5160681944692,0.10352450549339087,0.08620181826528572,1.572785,1.51845673635228,0.731850287746402,0.5717422995156894
1.1396,61.316254,0.500816,0.336991,63.998638,0.519966,0.388502,1.64045,1.58378440355745,2.27582540874478,0.180982521471878
7.55,62.650880690858955,0.13654519266420584,0.058882039320318214,63.78670046345174,0.03275433208632661,0.10033283052226505,1.917505,1.85126917171716,0.969591759766644,0.180982521471878
1.1396,61.316254,0.500816,0.336991,63.998638,0.519966,0.388502,1.64045,1.58378440355745,2.27582540874478,0.1563773495135181
7.57,62.650880690858955,0.13654519266420584,0.058882039320318214,62.262057519931304,0.1680545686318924,-0.006596999817132243,0.840255,0.811230311201904,0.340283320119344,0.1563773495135181
1.1396,61.316254,0.500816,0.336991,63.998638,0.519966,0.388502,1.64045,1.58378440355745,2.27582540874478,0.41208151900555473
7.58,62.650880690858955,0.13654519266420584,0.058882039320318214,62.19404048836513,0.13938089430126643,0.13632189460910382,0.99107,0.95683575167404,0.396285269126743,0.41208151900555473
1.1396,61.316254,0.500816,0.336991,63.998638,0.519966,0.388502,1.64045,1.58378440355745,2.27582540874478,0.7505745409923639
7.59,62.650880690858955,0.13654519266420584,0.058882039320318214,62.02347818323405,0.10704106282710679,0.2009869779234119,1.258228,1.21476538908182,0.554627507332884,0.7505745409923639
1.1396,61.316254,0.500816,0.336991,63.998638,0.519966,0.388502,1.64045,1.58378440355745,2.27582540874478,0.3962745528554583
7.60,62.650880690858955,0.13654519266420584,0.058882039320318214,61.68871986942695,0.1668234227281129,-0.006548671054829036,1.615875,1.56005829077289,0.825226605499617,0.3962745528554583
1.1396,61.316254,0.500816,0.336991,63.998638,0.519966,0.388502,1.64045,1.58378440355745,2.27582540874478,0.189545156818778
7.154,62.625639713294134,0.12035648948244271,0.4761696236759594,62.49919105553391,0.2239241642348344,-0.3327905081242033,1.012615,0.977636528884345,0.824141300397129,0.189545156818778
1.1396,61.316254,0.500816,0.336991,63.998638,0.519966,0.388502,1.64045,1.58378440355745,2.27582540874478,0.1556633590412711
7.155,62.625639713294134,0.12035648948244271,0.4761696236759594,62.516074417933325,0.5580197636810835,0.015984371805322084,0.952289,0.919394352695491,0.798215940290401,0.1556633590412711
1.1396,61.316254,0.500816,0.336991,63.998638,0.519966,0.388502,1.64045,1.58378440355745,2.27582540874478,0.19831826317414153
7.179,62.625639713294134,-0.23944473055187432,1.0386475053027588,62.67610547792866,-0.3923301037287996,0.10245871566407772,1.404734,1.3562106741119,0.943203581642223,0.19831826317414153
1.1396,61.316254,0.500816,0.336991,63.998638,0.519966,0.388502,1.64045,1.58378440355745,2.27582540874478,0.4920867393700841
7.262,62.49919105553391,0.22395683649600873,-0.3327535686703076,62.516074417933325,0.5580522525558962,0.01602137243352786,1.090177,1.05251932684144,0.599172468823163,0.4920867393700841
1.1396,61.316254,0.500816,0.336991,63.998638,0.519966,0.388502,1.64045,1.58378440355745,2.27582540874478,0.15916866994722903
7.272,62.659290750877176,0.18280401052056527,-0.46365008627240467,62.768458263626584,0.7723688852379063,0.014129034614196456,1.516768,1.46437471560549,0.985494186790541,0.15916866994722903
1.1396,61.316254,0.500816,0.336991,63.998638,0.519966,0.388502,1.64045,1.58378440355745,2.27582540874478,0.20464587479760735
7.327,62.516074417933325,0.5582046943676255,0.01604474330929584,62.67610547792866,-0.0360665637400559,0.15170944875286807,1.137576,1.09828103670412,0.899024941192269,0.20464587479760735
1.1396,61.316254,0.500816,0.336991,63.998638,0.519966,0.388502,1.64045,1.58378440355745,2.27582540874478,0.26856685959379006
7.373,62.67610547792866,-0.39222554081780325,0.1025082818313372,63.16063819673245,0.1410704951634867,0.1379677122782974,1.33579,1.28964818703892,0.894182272125511,0.26856685959379006
1.1396,61.316254,0.500816,0.336991,63.998638,0.519966,0.388502,1.64045,1.58378440355745,2.27582540874478,0.20842583930688113
7.374,62.67610547792866,-0.39222554081780325,0.1025082818313372,62.262057519931304,0.1680215593836687,-0.006635877646821164,1.193593,1.15236305745091,0.912791769789313,0.20842583930688113
1.1396,61.316254,0.500816,0.336991,63.998638,0.519966,0.388502,1.64045,1.58378440355745,2.27582540874478,0.23785376494414845
7.396,62.89404594163646,0.23953370011092767,-0.020383513320454405,63.28498750291695,0.10664799712151174,0.16478574827494263,0.90489,0.873632642832819,0.426384300014667,0.23785376494414845
1.1396,61.316254,0.500816,0.336991,63.998638,0.519966,0.388502,1.64045,1.58378440355745,2.27582540874478,0.4991380866290973
7.402,63.16063819673245,0.14105062760799703,0.13801795485133272,62.262057519931304,0.16800188416005168,-0.006586186807155947,1.503841,1.4518942492793,0.776144543590609,0.4991380866290973
1.1396,61.316254,0.500816,0.336991,63.998638,0.519966,0.388502,1.64045,1.58378440355745,2.27582540874478,0.20866391939471823
7.407,63.26843012799614,0.12805498690454664,-0.13779436981593562,62.19404048836513,0.13904050928265077,0.13632816855941865,1.917505,1.85126917171716,0.950497521513414,0.20866391939471823
1.1397,61.316254,0.500816,0.336991,64.763649,0.456606,0.486569,2.17113,2.09613327568392,2.91364689701816,0.4331961478220931
1.1404,61.316254,0.500816,0.336991,62.117382,1.150388,0.686063,1.72176,1.66228573541959,1.19439328440111,0.4331961478220931
1.1397,61.316254,0.500816,0.336991,64.763649,0.456606,0.486569,2.17113,2.09613327568392,2.91364689701816,0.18070430865147982
1.1422,61.316254,0.500816,0.336991,63.069199,0.162267,0.452274,1.75789,1.69716770713499,1.58159947737762,0.18070430865147982
1.1397,61.316254,0.500816,0.336991,64.763649,0.456606,0.486569,2.17113,2.09613327568392,2.91364689701816,0.2211813278900641
7.33,62.650880690858955,0.13654519266420584,0.058882039320318214,62.64246883189739,0.1533582167819736,1.1799848157068915,1.456442,1.40613253941663,1.09279885748129,0.2211813278900641
1.1397,61.316254,0.500816,0.336991,64.763649,0.456606,0.486569,2.17113,2.09613327568392,2.91364689701816,0.2445303911671829
7.34,62.650880690858955,0.13654519266420584,0.058882039320318214,62.692913020733926,0.01805623158557257,1.285774338419876,1.495223,1.44357393839518,1.20777138570803,0.2445303911671829
1.1397,61.316254,0.500816,0.336991,64.763649,0.456606,0.486569,2.17113,2.09613327568392,2.91364689701816,0.1871474133241606
7.39,62.650880690858955,0.13654519266420584,0.058882039320318214,62.692913020733926,0.39394336279507947,-1.3157001232171117,1.572785,1.51845673635228,1.38413185488479,0.1871474133241606
1.1397,61.316254,0.500816,0.336991,64.763649,0.456606,0.486569,2.17113,2.09613327568392,2.91364689701816,0.2754858983150832
7.44,62.650880690858955,0.13654519266420584,0.058882039320318214,62.7516829552152,1.1257543621893684,-0.015087479607633902,1.654656,1.59749968975144,1.42774732141551,0.2754858983150832
1.1397,61.316254,0.500816,0.336991,64.763649,0.456606,0.486569,2.17113,2.09613327568392,2.91364689701816,0.2004458134588995
7.49,62.650880690858955,0.13654519266420584,0.058882039320318214,62.60038251922951,-0.7735769781561097,0.23571948819842703,1.534004,1.48101533737373,1.35192288813507,0.2004458134588995
1.1397,61.316254,0.500816,0.336991,64.763649,0.456606,0.486569,2.17113,2.09613327568392,2.91364689701816,0.5338985496841909
7.54,62.650880690858955,0.13654519266420584,0.058882039320318214,63.5160681944692,0.10352450549339087,0.08620181826528572,1.572785,1.51845673635228,0.731850287746402,0.5338985496841909
1.1397,61.316254,0.500816,0.336991,64.763649,0.456606,0.486569,2.17113,2.09613327568392,2.91364689701816,0.9644951634048728
7.55,62.650880690858955,0.13654519266420584,0.058882039320318214,63.78670046345174,0.03275433208632661,0.10033283052226505,1.917505,1.85126917171716,0.969591759766644,0.9644951634048728
1.1397,61.316254,0.500816,0.336991,64.763649,0.456606,0.486569,2.17113,2.09613327568392,2.91364689701816,0.5345672459795437
7.60,62.650880690858955,0.13654519266420584,0.058882039320318214,61.68871986942695,0.1668234227281129,-0.006548671054829036,1.615875,1.56005829077289,0.825226605499617,0.5345672459795437
1.1397,61.316254,0.500816,0.336991,64.763649,0.456606,0.486569,2.17113,2.09613327568392,2.91364689701816,0.15827488968933665
7.179,62.625639713294134,-0.23944473055187432,1.0386475053027588,62.67610547792866,-0.3923301037287996,0.10245871566407772,1.404734,1.3562106741119,0.943203581642223,0.15827488968933665
1.1397,61.316254,0.500816,0.336991,64.763649,0.456606,0.486569,2.17113,2.09613327568392,2.91364689701816,0.26920386508469313
7.201,62.64246883189739,0.15331603614493483,1.1799271839062042,62.793607836939486,-0.6012861263096081,0.18266227867760332,1.844252,1.78054652920213,1.48523760259898,0.26920386508469313
1.1397,61.316254,0.500816,0.336991,64.763649,0.456606,0.486569,2.17113,2.09613327568392,2.91364689701816,0.40381807981912743
7.202,62.64246883189739,0.15331603614493483,1.1799271839062042,63.26843012799614,0.12835782372727644,-0.13785898843652333,1.7236,1.66406217682442,1.39434212062045,0.40381807981912743
1.1397,61.316254,0.500816,0.336991,64.763649,0.456606,0.486569,2.17113,2.09613327568392,2.91364689701816,0.2524102129746095
7.203,62.64246883189739,0.15331603614493483,1.1799271839062042,62.19404048836513,0.13933860462395087,0.1362646673024548,1.473678,1.42277316118488,1.08457075131742,0.2524102129746095
1.1397,61.316254,0.500816,0.336991,64.763649,0.456606,0.486569,2.17113,2.09613327568392,2.91364689701816,0.19320994479751857
7.224,62.692913020733926,0.018020805553853325,1.2857434604606643,62.60038251922951,-0.7736128550041577,0.23568879240907226,2.064011,1.99271445674724,1.5510466537249,0.19320994479751857
1.1397,61.316254,0.500816,0.336991,64.763649,0.456606,0.486569,2.17113,2.09613327568392,2.91364689701816,0.5111771931877237
7.225,62.692913020733926,0.018020805553853325,1.2857434604606643,63.5160681944692,0.1034883930461361,0.08617069990211057,1.814089,1.7514254411077,1.36270424474039,0.5111771931877237
1.1397,61.316254,0.500816,0.336991,64.763649,0.456606,0.486569,2.17113,2.09613327568392,2.91364689701816,0.5418649489629012
7.226,62.692913020733926,0.018020805553853325,1.2857434604606643,62.02347818323405,0.10700566224686181,0.20095643499979943,1.710673,1.65158171049823,1.20327736956508,0.5418649489629012
1.1397,61.316254,0.500816,0.336991,64.763649,0.456606,0.486569,2.17113,2.09613327568392,2.91364689701816,0.34294046076318035
7.272,62.659290750877176,0.18280401052056527,-0.46365008627240467,62.768458263626584,0.7723688852379063,0.014129034614196456,1.516768,1.46437471560549,0.985494186790541,0.34294046076318035
1.1397,61.316254,0.500816,0.336991,64.763649,0.456606,0.486569,2.17113,2.09613327568392,2.91364689701816,0.43402653036011735
7.288,62.776843239021375,0.16499491098698194,-0.856471086060373,62.549819377247616,0.9091041149971724,-0.05242490137724598,1.878724,1.81382777273862,1.36018005319696,0.43402653036011735
1.1397,61.316254,0.500816,0.336991,64.763649,0.456606,0.486569,2.17113,2.09613327568392,2.91364689701816,0.17882158331983425
7.303,62.692913020733926,0.3938135420241684,-1.3157928490763915,63.5160681944692,0.10339453922475483,0.08610783573297365,1.956286,1.88871057069571,1.58347930297319,0.17882158331983425
1.1397,61.316254,0.500816,0.336991,64.763649,0.456606,0.486569,2.17113,2.09613327568392,2.91364689701816,0.20739897613564826
7.379,62.793607836939486,-0.6013498919536509,0.18269033927200695,63.26843012799614,0.12829336715097783,-0.13783063587435862,1.447824,1.39781222853251,1.19047406123351,0.20739897613564826
1.1397,61.316254,0.500816,0.336991,64.763649,0.456606,0.486569,2.17113,2.09613327568392,2.91364689701816,0.28687312145660687
7.380,62.793607836939486,-0.6013498919536509,0.18269033927200695,62.19404048836513,0.1392751557910965,0.13629258088392326,1.521077,1.46853487104755,1.20966055214836,0.28687312145660687
1.1397,61.316254,0.500816,0.336991,64.763649,0.456606,0.486569,2.17113,2.09613327568392,2.91364689701816,0.37312164463743314
7.402,63.16063819673245,0.14105062760799703,0.13801795485133272,62.262057519931304,0.16800188416005168,-0.006586186807155947,1.503841,1.4518942492793,0.776144543590609,0.37312164463743314
1.1397,61.316254,0.500816,0.336991,64.763649,0.456606,0.486569,2.17113,2.09613327568392,2.91364689701816,0.9381379853334247
7.407,63.26843012799614,0.12805498690454664,-0.13779436981593562,62.19404048836513,0.13904050928265077,0.13632816855941865,1.917505,1.85126917171716,0.950497521513414,0.9381379853334247
1.1397,61.316254,0.500816,0.336991,64.763649,0.456606,0.486569,2.17113,2.09613327568392,2.91364689701816,0.7352238515381848
7.412,63.5160681944692,0.10321987948291866,0.08609954516600737,62.02347818323405,0.10674243497249547,0.20088653655014888,2.344096,2.26312456048121,1.2692217359549,0.7352238515381848
1.1398,61.316254,0.500816,0.336991,64.290253,0.565361,0.562838,2.22064,2.14393306587571,2.52883147342615,0.3936870586303881
7.54,62.650880690858955,0.13654519266420584,0.058882039320318214,63.5160681944692,0.10352450549339087,0.08620181826528572,1.572785,1.51845673635228,0.731850287746402,0.3936870586303881
1.1398,61.316254,0.500816,0.336991,64.290253,0.565361,0.562838,2.22064,2.14393306587571,2.52883147342615,0.5824812366466859
7.55,62.650880690858955,0.13654519266420584,0.058882039320318214,63.78670046345174,0.03275433208632661,0.10033283052226505,1.917505,1.85126917171716,0.969591759766644,0.5824812366466859
1.1398,61.316254,0.500816,0.336991,64.290253,0.565361,0.562838,2.22064,2.14393306587571,2.52883147342615,0.4119329129033832
7.60,62.650880690858955,0.13654519266420584,0.058882039320318214,61.68871986942695,0.1668234227281129,-0.006548671054829036,1.615875,1.56005829077289,0.825226605499617,0.4119329129033832
1.1398,61.316254,0.500816,0.336991,64.290253,0.565361,0.562838,2.22064,2.14393306587571,2.52883147342615,0.16986171077554665
7.272,62.659290750877176,0.18280401052056527,-0.46365008627240467,62.768458263626584,0.7723688852379063,0.014129034614196456,1.516768,1.46437471560549,0.985494186790541,0.16986171077554665
1.1398,61.316254,0.500816,0.336991,64.290253,0.565361,0.562838,2.22064,2.14393306587571,2.52883147342615,0.2574689950715231
7.402,63.16063819673245,0.14105062760799703,0.13801795485133272,62.262057519931304,0.16800188416005168,-0.006586186807155947,1.503841,1.4518942492793,0.776144543590609,0.2574689950715231
1.1398,61.316254,0.500816,0.336991,64.290253,0.565361,0.562838,2.22064,2.14393306587571,2.52883147342615,0.6193821889799671
7.407,63.26843012799614,0.12805498690454664,-0.13779436981593562,62.19404048836513,0.13904050928265077,0.13632816855941865,1.917505,1.85126917171716,0.950497521513414,0.6193821889799671
1.1399,61.316254,0.500816,0.336991,63.900963,0.881475,0.478138,2.01137,1.94189181979539,2.26414638458708,0.46471911178756625
7.54,62.650880690858955,0.13654519266420584,0.058882039320318214,63.5160681944692,0.10352450549339087,0.08620181826528572,1.572785,1.51845673635228,0.731850287746402,0.46471911178756625
1.1399,61.316254,0.500816,0.336991,63.900963,0.881475,0.478138,2.01137,1.94189181979539,2.26414638458708,0.1698586736647516
7.55,62.650880690858955,0.13654519266420584,0.058882039320318214,63.78670046345174,0.03275433208632661,0.10033283052226505,1.917505,1.85126917171716,0.969591759766644,0.1698586736647516
1.1399,61.316254,0.500816,0.336991,63.900963,0.881475,0.478138,2.01137,1.94189181979539,2.26414638458708,0.18702197157052391
7.59,62.650880690858955,0.13654519266420584,0.058882039320318214,62.02347818323405,0.10704106282710679,0.2009869779234119,1.258228,1.21476538908182,0.554627507332884,0.18702197157052391
1.1399,61.316254,0.500816,0.336991,63.900963,0.881475,0.478138,2.01137,1.94189181979539,2.26414638458708,0.33406325085864064
7.60,62.650880690858955,0.13654519266420584,0.058882039320318214,61.68871986942695,0.1668234227281129,-0.006548671054829036,1.615875,1.56005829077289,0.825226605499617,0.33406325085864064
1.1399,61.316254,0.500816,0.336991,63.900963,0.881475,0.478138,2.01137,1.94189181979539,2.26414638458708,0.1774589641205489
7.358,62.701314100441266,1.4379908404002495,-0.1751158566154487,62.57510908259357,-1.0865975402239436,0.3160591521840894,2.658653,2.56681590775166,3.75318573006797,0.1774589641205489
1.1399,61.316254,0.500816,0.336991,63.900963,0.881475,0.478138,2.01137,1.94189181979539,2.26414638458708,0.3505142387108273
7.402,63.16063819673245,0.14105062760799703,0.13801795485133272,62.262057519931304,0.16800188416005168,-0.006586186807155947,1.503841,1.4518942492793,0.776144543590609,0.3505142387108273
1.1399,61.316254,0.500816,0.336991,63.900963,0.881475,0.478138,2.01137,1.94189181979539,2.26414638458708,0.19611647581605818
7.407,63.26843012799614,0.12805498690454664,-0.13779436981593562,62.19404048836513,0.13904050928265077,0.13632816855941865,1.917505,1.85126917171716,0.950497521513414,0.19611647581605818
1.1400,61.316254,0.500816,0.336991,63.019234,1.03901,0.222043,2.20215,2.12608176067179,1.6489122951536,0.34029103380286035
7.242,62.692913020733926,-0.025525748824417605,1.8463105034097316,62.667699012913516,0.4194908636205863,-1.5379534700818098,2.805159,2.70826119278174,3.35141565262993,0.34029103380286035
1.1400,61.316254,0.500816,0.336991,63.019234,1.03901,0.222043,2.20215,2.12608176067179,1.6489122951536,0.7111242677847649
7.358,62.701314100441266,1.4379908404002495,-0.1751158566154487,62.57510908259357,-1.0865975402239436,0.3160591521840894,2.658653,2.56681590775166,3.75318573006797,0.7111242677847649
1.1401,61.316254,0.500816,0.336991,63.786701,1.099438,0.59516,1.99162,1.92282403841207,2.27670296229831,0.49706511702303724
7.54,62.650880690858955,0.13654519266420584,0.058882039320318214,63.5160681944692,0.10352450549339087,0.08620181826528572,1.572785,1.51845673635228,0.731850287746402,0.49706511702303724
1.1401,61.316254,0.500816,0.336991,63.786701,1.099438,0.59516,1.99162,1.92282403841207,2.27670296229831,0.18393526947787545
7.55,62.650880690858955,0.13654519266420584,0.058882039320318214,63.78670046345174,0.03275433208632661,0.10033283052226505,1.917505,1.85126917171716,0.969591759766644,0.18393526947787545
1.1401,61.316254,0.500816,0.336991,63.786701,1.099438,0.59516,1.99162,1.92282403841207,2.27670296229831,0.2156402899431612
7.59,62.650880690858955,0.13654519266420584,0.058882039320318214,62.02347818323405,0.10704106282710679,0.2009869779234119,1.258228,1.21476538908182,0.554627507332884,0.2156402899431612
1.1401,61.316254,0.500816,0.336991,63.786701,1.099438,0.59516,1.99162,1.92282403841207,2.27670296229831,0.3580435450872332
7.60,62.650880690858955,0.13654519266420584,0.058882039320318214,61.68871986942695,0.1668234227281129,-0.006548671054829036,1.615875,1.56005829077289,0.825226605499617,0.3580435450872332
1.1401,61.316254,0.500816,0.336991,63.786701,1.099438,0.59516,1.99162,1.92282403841207,2.27670296229831,0.15345389203902587
7.358,62.701314100441266,1.4379908404002495,-0.1751158566154487,62.57510908259357,-1.0865975402239436,0.3160591521840894,2.658653,2.56681590775166,3.75318573006797,0.15345389203902587
1.1401,61.316254,0.500816,0.336991,63.786701,1.099438,0.59516,1.99162,1.92282403841207,2.27670296229831,0.3833832829645252
7.402,63.16063819673245,0.14105062760799703,0.13801795485133272,62.262057519931304,0.16800188416005168,-0.006586186807155947,1.503841,1.4518942492793,0.776144543590609,0.3833832829645252
1.1401,61.316254,0.500816,0.336991,63.786701,1.099438,0.59516,1.99162,1.92282403841207,2.27670296229831,0.21005052208774233
7.407,63.26843012799614,0.12805498690454664,-0.13779436981593562,62.19404048836513,0.13904050928265077,0.13632816855941865,1.917505,1.85126917171716,0.950497521513414,0.21005052208774233
1.1402,61.316254,0.500816,0.336991,63.351151,1.514147,0.43042,2.58759,2.49820761669128,2.2442837601638,0.449519534964707
7.358,62.701314100441266,1.4379908404002495,-0.1751158566154487,62.57510908259357,-1.0865975402239436,0.3160591521840894,2.658653,2.56681590775166,3.75318573006797,0.449519534964707
1.1403,61.316254,0.500816,0.336991,63.010902,1.584933,0.612094,2.03748,1.96709990951277,2.11132824327192,0.21539990064568193
7.54,62.650880690858955,0.13654519266420584,0.058882039320318214,63.5160681944692,0.10352450549339087,0.08620181826528572,1.572785,1.51845673635228,0.731850287746402,0.21539990064568193
1.1403,61.316254,0.500816,0.336991,63.010902,1.584933,0.612094,2.03748,1.96709990951277,2.11132824327192,0.32326927562950825
7.358,62.701314100441266,1.4379908404002495,-0.1751158566154487,62.57510908259357,-1.0865975402239436,0.3160591521840894,2.658653,2.56681590775166,3.75318573006797,0.32326927562950825
1.1404,61.316254,0.500816,0.336991,62.117382,1.150388,0.686063,1.72176,1.66228573541959,1.19439328440111,0.19903189707960442
1.1421,61.316254,0.500816,0.336991,64.314461,0.45935,0.603762,1.99162,1.92282403841207,2.55199216473992,0.19903189707960442
1.1404,61.316254,0.500816,0.336991,62.117382,1.150388,0.686063,1.72176,1.66228573541959,1.19439328440111,0.4087918809973216
7.243,62.692913020733926,-0.025525748824417605,1.8463105034097316,62.701314100441266,1.437843959815388,-0.17508085917068428,2.313933,2.23400347238678,2.9214174492907,0.4087918809973216
1.1404,61.316254,0.500816,0.336991,62.117382,1.150388,0.686063,1.72176,1.66228573541959,1.19439328440111,0.30272813347766636
7.319,62.667699012913516,0.41939590876782784,-1.538020821793018,62.57510908259357,-1.0868373718551094,0.31602629685616446,2.275152,2.19656207340823,2.81435611036367,0.30272813347766636
1.1404,61.316254,0.500816,0.336991,62.117382,1.150388,0.686063,1.72176,1.66228573541959,1.19439328440111,0.5013568139656496
7.349,62.7516829552152,1.1254295846548357,-0.015150175225198126,62.60038251922951,-0.7739016305569613,0.2356570313907902,2.219135,2.14248005266144,2.82294776955766,0.5013568139656496
1.1405,61.316254,0.500816,0.336991,61.671474,1.627157,0.588297,2.09546,2.02307712291047,1.62001657003198,0.16302381084163242
7.242,62.692913020733926,-0.025525748824417605,1.8463105034097316,62.667699012913516,0.4194908636205863,-1.5379534700818098,2.805159,2.70826119278174,3.35141565262993,0.16302381084163242
1.1405,61.316254,0.500816,0.336991,61.671474,1.627157,0.588297,2.09546,2.02307712291047,1.62001657003198,0.1519867689570058
7.243,62.692913020733926,-0.025525748824417605,1.8463105034097316,62.701314100441266,1.437843959815388,-0.17508085917068428,2.313933,2.23400347238678,2.9214174492907,0.1519867689570058
1.1405,61.316254,0.500816,0.336991,61.671474,1.627157,0.588297,2.09546,2.02307712291047,1.62001657003198,0.5417568867729513
7.358,62.701314100441266,1.4379908404002495,-0.1751158566154487,62.57510908259357,-1.0865975402239436,0.3160591521840894,2.658653,2.56681590775166,3.75318573006797,0.5417568867729513
1.1407,61.316254,0.500816,0.336991,61.246559,1.448591,0.676258,1.55636,1.50259910044236,1.36845568693097,0.21272792452312936
1.1414,61.316254,0.500816,0.336991,57.837181,0.718357,0.516146,1.97175,1.90364040215453,3.09892687715575,0.21272792452312936
1.1407,61.316254,0.500816,0.336991,61.246559,1.448591,0.676258,1.55636,1.50259910044236,1.36845568693097,0.19618879787448346
1.1441,61.316254,0.500816,0.336991,57.779877,0.569369,0.137098,1.93161,1.86488694672535,3.13821560631952,0.19618879787448346
1.1409,61.316254,0.500816,0.336991,60.05101,1.42888,0.741699,1.67774,1.61978630572372,1.74743149056085,0.18775171037612337
1.1414,61.316254,0.500816,0.336991,57.837181,0.718357,0.516146,1.97175,1.90364040215453,3.09892687715575,0.18775171037612337
1.1409,61.316254,0.500816,0.336991,60.05101,1.42888,0.741699,1.67774,1.61978630572372,1.74743149056085,0.3369076161361573
1.1416,61.316254,0.500816,0.336991,57.016914,0.73156,0.231314,2.15239,2.07804060615868,3.84244917204097,0.3369076161361573
1.1409,61.316254,0.500816,0.336991,60.05101,1.42888,0.741699,1.67774,1.61978630572372,1.74743149056085,0.4101535658035158
1.1418,61.316254,0.500816,0.336991,57.124107,0.403779,0.222178,2.01137,1.94189181979539,3.73254869365627,0.4101535658035158
1.1409,61.316254,0.500816,0.336991,60.05101,1.42888,0.741699,1.67774,1.61978630572372,1.74743149056085,0.2178473118625065
1.1441,61.316254,0.500816,0.336991,57.779877,0.569369,0.137098,1.93161,1.86488694672535,3.13821560631952,0.2178473118625065
1.1410,61.316254,0.500816,0.336991,59.870667,1.414608,0.437045,1.75789,1.69716770713499,1.80415679839736,0.47473145744056366
1.1416,61.316254,0.500816,0.336991,57.016914,0.73156,0.231314,2.15239,2.07804060615868,3.84244917204097,0.47473145744056366
1.1410,61.316254,0.500816,0.336991,59.870667,1.414608,0.437045,1.75789,1.69716770713499,1.80415679839736,0.5234431732398575
1.1418,61.316254,0.500816,0.336991,57.124107,0.403779,0.222178,2.01137,1.94189181979539,3.73254869365627,0.5234431732398575
1.1410,61.316254,0.500816,0.336991,59.870667,1.414608,0.437045,1.75789,1.69716770713499,1.80415679839736,0.1778348159768992
1.1441,61.316254,0.500816,0.336991,57.779877,0.569369,0.137098,1.93161,1.86488694672535,3.13821560631952,0.1778348159768992
1.1411,61.316254,0.500816,0.336991,58.574184,1.398493,0.652862,2.20215,2.12608176067179,2.73954819113453,0.17640205890663285
7.60,62.650880690858955,0.13654519266420584,0.058882039320318214,61.68871986942695,0.1668234227281129,-0.006548671054829036,1.615875,1.56005829077289,0.825226605499617,0.17640205890663285
1.1412,61.316254,0.500816,0.336991,59.296902,0.966163,0.462086,1.64045,1.58378440355745,1.89274987960548,0.571562247086672
1.1416,61.316254,0.500816,0.336991,57.016914,0.73156,0.231314,2.15239,2.07804060615868,3.84244917204097,0.571562247086672
1.1412,61.316254,0.500816,0.336991,59.296902,0.966163,0.462086,1.64045,1.58378440355745,1.89274987960548,0.7017809087655844
1.1418,61.316254,0.500816,0.336991,57.124107,0.403779,0.222178,2.01137,1.94189181979539,3.73254869365627,0.7017809087655844
1.1414,61.316254,0.500816,0.336991,57.837181,0.718357,0.516146,1.97175,1.90364040215453,3.09892687715575,0.4797308066913809
1.1417,61.316254,0.500816,0.336991,59.562099,0.4567,0.35468,1.52502,1.47234166912322,1.53489449957057,0.4797308066913809
1.1414,61.316254,0.500816,0.336991,57.837181,0.718357,0.516146,1.97175,1.90364040215453,3.09892687715575,0.22117806352726543
1.1431,61.316254,0.500816,0.336991,61.185474,-0.335592,0.943573,1.69985,1.64113256630018,1.38530721288809,0.22117806352726543
1.1414,61.316254,0.500816,0.336991,57.837181,0.718357,0.516146,1.97175,1.90364040215453,3.09892687715575,0.19584868858039614
1.1433,61.316254,0.500816,0.336991,60.569229,0.068494,0.74324,1.27438,1.23035945515288,0.998546565810332,0.19584868858039614
1.1414,61.316254,0.500816,0.336991,57.837181,0.718357,0.516146,1.97175,1.90364040215453,3.09892687715575,0.2638998961530585
1.1434,61.316254,0.500816,0.336991,59.816395,-0.090207,0.97558,1.75789,1.69716770713499,1.69871811023023,0.2638998961530585
1.1414,61.316254,0.500816,0.336991,57.837181,0.718357,0.516146,1.97175,1.90364040215453,3.09892687715575,0.17822777206743953
4.92,60.050018,-0.280042,2.2e-05,61.791084,-0.290317,-0.077282,1.294646,1.24992541249537,1.51390497518088,0.17822777206743953
1.1414,61.316254,0.500816,0.336991,57.837181,0.718357,0.516146,1.97175,1.90364040215453,3.09892687715575,0.2372997666295773
4.102,60.36002,-0.310067,-0.0499,62.078907,-0.283174,-0.077197,1.378472,1.33085583488716,1.48727789711999,0.2372997666295773
1.1414,61.316254,0.500816,0.336991,57.837181,0.718357,0.516146,1.97175,1.90364040215453,3.09892687715575,0.2676252927418282
5.40,60.36002,-0.310067,-0.0499,62.078907,-0.283174,-0.077197,1.412074,1.3632971305855,1.48727789711999,0.2676252927418282
1.1415,61.316254,0.500816,0.336991,58.583538,0.781252,0.248396,1.93161,1.86488694672535,2.44068554601601,0.30966417581935857
1.1416,61.316254,0.500816,0.336991,57.016914,0.73156,0.231314,2.15239,2.07804060615868,3.84244917204097,0.30966417581935857
1.1415,61.316254,0.500816,0.336991,58.583538,0.781252,0.248396,1.93161,1.86488694672535,2.44068554601601,0.16487928426837772
1.1418,61.316254,0.500816,0.336991,57.124107,0.403779,0.222178,2.01137,1.94189181979539,3.73254869365627,0.16487928426837772
1.1415,61.316254,0.500816,0.336991,58.583538,0.781252,0.248396,1.93161,1.86488694672535,2.44068554601601,0.2769574035322626
7.60,62.650880690858955,0.13654519266420584,0.058882039320318214,61.68871986942695,0.1668234227281129,-0.006548671054829036,1.615875,1.56005829077289,0.825226605499617,0.2769574035322626
1.1416,61.316254,0.500816,0.336991,57.016914,0.73156,0.231314,2.15239,2.07804060615868,3.84244917204097,0.33749703031148076
1.1417,61.316254,0.500816,0.336991,59.562099,0.4567,0.35468,1.52502,1.47234166912322,1.53489449957057,0.33749703031148076
1.1416,61.316254,0.500816,0.336991,57.016914,0.73156,0.231314,2.15239,2.07804060615868,3.84244917204097,0.44394341944607657
1.1434,61.316254,0.500816,0.336991,59.816395,-0.090207,0.97558,1.75789,1.69716770713499,1.69871811023023,0.44394341944607657
1.1416,61.316254,0.500816,0.336991,57.016914,0.73156,0.231314,2.15239,2.07804060615868,3.84244917204097,0.46663439432783954
1.1435,61.316254,0.500816,0.336991,59.002087,-0.089244,0.965108,2.09546,2.02307712291047,2.29825586211546,0.46663439432783954
1.1416,61.316254,0.500816,0.336991,57.016914,0.73156,0.231314,2.15239,2.07804060615868,3.84244917204097,0.6634064287998918
1.1436,61.316254,0.500816,0.336991,58.955811,0.133519,0.714696,2.01137,1.94189181979539,2.17555942389796,0.6634064287998918
1.1416,61.316254,0.500816,0.336991,57.016914,0.73156,0.231314,2.15239,2.07804060615868,3.84244917204097,0.2535249847416802
1.1438,61.316254,0.500816,0.336991,58.648956,-0.011775,0.477719,2.07626,2.00454034303404,2.47083987175675,0.2535249847416802
1.1416,61.316254,0.500816,0.336991,57.016914,0.73156,0.231314,2.15239,2.07804060615868,3.84244917204097,0.45936476113496194
1.1439,61.316254,0.500816,0.336991,59.186619,0.456052,0.390336,1.55636,1.50259910044236,1.8684682169114,0.45936476113496194
1.1417,61.316254,0.500816,0.336991,59.562099,0.4567,0.35468,1.52502,1.47234166912322,1.53489449957057,0.5719959281392889
1.1418,61.316254,0.500816,0.336991,57.124107,0.403779,0.222178,2.01137,1.94189181979539,3.73254869365627,0.5719959281392889
1.1417,61.316254,0.500816,0.336991,59.562099,0.4567,0.35468,1.52502,1.47234166912322,1.53489449957057,0.5575480646693262
1.1441,61.316254,0.500816,0.336991,57.779877,0.569369,0.137098,1.93161,1.86488694672535,3.13821560631952,0.5575480646693262
1.1418,61.316254,0.500816,0.336991,57.124107,0.403779,0.222178,2.01137,1.94189181979539,3.73254869365627,0.18593472007819425
1.1432,61.316254,0.500816,0.336991,60.551476,-0.667394,1.077107,2.07626,2.00454034303404,1.9890569545523,0.18593472007819425
1.1418,61.316254,0.500816,0.336991,57.124107,0.403779,0.222178,2.01137,1.94189181979539,3.73254869365627,0.5736410626427507
1.1434,61.316254,0.500816,0.336991,59.816395,-0.090207,0.97558,1.75789,1.69716770713499,1.69871811023023,0.5736410626427507
1.1418,61.316254,0.500816,0.336991,57.124107,0.403779,0.222178,2.01137,1.94189181979539,3.73254869365627,0.32233374348356
1.1435,61.316254,0.500816,0.336991,59.002087,-0.089244,0.965108,2.09546,2.02307712291047,2.29825586211546,0.32233374348356
1.1418,61.316254,0.500816,0.336991,57.124107,0.403779,0.222178,2.01137,1.94189181979539,3.73254869365627,0.5437799188736793
1.1436,61.316254,0.500816,0.336991,58.955811,0.133519,0.714696,2.01137,1.94189181979539,2.17555942389796,0.5437799188736793
1.1418,61.316254,0.500816,0.336991,57.124107,0.403779,0.222178,2.01137,1.94189181979539,3.73254869365627,0.6775570295986413
1.1439,61.316254,0.500816,0.336991,59.186619,0.456052,0.390336,1.55636,1.50259910044236,1.8684682169114,0.6775570295986413
1.1418,61.316254,0.500816,0.336991,57.124107,0.403779,0.222178,2.01137,1.94189181979539,3.73254869365627,0.16523977179277438
4.102,60.36002,-0.310067,-0.0499,62.078907,-0.283174,-0.077197,1.378472,1.33085583488716,1.48727789711999,0.16523977179277438
1.1418,61.316254,0.500816,0.336991,57.124107,0.403779,0.222178,2.01137,1.94189181979539,3.73254869365627,0.19295181324526933
5.40,60.36002,-0.310067,-0.0499,62.078907,-0.283174,-0.077197,1.412074,1.3632971305855,1.48727789711999,0.19295181324526933
1.1420,61.316254,0.500816,0.336991,64.112297,0.484171,0.376044,1.89089,1.82557352607074,2.3701537350482,0.2167589822731665
7.38,62.650880690858955,0.13654519266420584,0.058882039320318214,62.776843239021375,0.16514541870898958,-0.8563746576976339,1.297009,1.25220678806037,0.906032234049291,0.2167589822731665
1.1420,61.316254,0.500816,0.336991,64.112297,0.484171,0.376044,1.89089,1.82557352607074,2.3701537350482,0.28093517693054243
7.53,62.650880690858955,0.13654519266420584,0.058882039320318214,63.26843012799614,0.12840079281817296,-0.13780099423930103,1.180666,1.13988259112473,0.557323554866912,0.28093517693054243
1.1420,61.316254,0.500816,0.336991,64.112297,0.484171,0.376044,1.89089,1.82557352607074,2.3701537350482,0.6968363725928733
7.54,62.650880690858955,0.13654519266420584,0.058882039320318214,63.5160681944692,0.10352450549339087,0.08620181826528572,1.572785,1.51845673635228,0.731850287746402,0.6968363725928733
1.1420,61.316254,0.500816,0.336991,64.112297,0.484171,0.376044,1.89089,1.82557352607074,2.3701537350482,0.3141199188708001
7.55,62.650880690858955,0.13654519266420584,0.058882039320318214,63.78670046345174,0.03275433208632661,0.10033283052226505,1.917505,1.85126917171716,0.969591759766644,0.3141199188708001
1.1420,61.316254,0.500816,0.336991,64.112297,0.484171,0.376044,1.89089,1.82557352607074,2.3701537350482,0.42532735640635455
7.59,62.650880690858955,0.13654519266420584,0.058882039320318214,62.02347818323405,0.10704106282710679,0.2009869779234119,1.258228,1.21476538908182,0.554627507332884,0.42532735640635455
1.1420,61.316254,0.500816,0.336991,64.112297,0.484171,0.376044,1.89089,1.82557352607074,2.3701537350482,0.5572574511014751
7.60,62.650880690858955,0.13654519266420584,0.058882039320318214,61.68871986942695,0.1668234227281129,-0.006548671054829036,1.615875,1.56005829077289,0.825226605499617,0.5572574511014751
1.1420,61.316254,0.500816,0.336991,64.112297,0.484171,0.376044,1.89089,1.82557352607074,2.3701537350482,0.2500273478395963
7.179,62.625639713294134,-0.23944473055187432,1.0386475053027588,62.67610547792866,-0.3923301037287996,0.10245871566407772,1.404734,1.3562106741119,0.943203581642223,0.2500273478395963
1.1420,61.316254,0.500816,0.336991,64.112297,0.484171,0.376044,1.89089,1.82557352607074,2.3701537350482,0.2540761487621281
7.272,62.659290750877176,0.18280401052056527,-0.46365008627240467,62.768458263626584,0.7723688852379063,0.014129034614196456,1.516768,1.46437471560549,0.985494186790541,0.2540761487621281
1.1420,61.316254,0.500816,0.336991,64.112297,0.484171,0.376044,1.89089,1.82557352607074,2.3701537350482,0.27807104553835676
7.373,62.67610547792866,-0.39222554081780325,0.1025082818313372,63.16063819673245,0.1410704951634867,0.1379677122782974,1.33579,1.28964818703892,0.894182272125511,0.27807104553835676
1.1420,61.316254,0.500816,0.336991,64.112297,0.484171,0.376044,1.89089,1.82557352607074,2.3701537350482,0.6067646580145691
7.402,63.16063819673245,0.14105062760799703,0.13801795485133272,62.262057519931304,0.16800188416005168,-0.006586186807155947,1.503841,1.4518942492793,0.776144543590609,0.6067646580145691
1.1420,61.316254,0.500816,0.336991,64.112297,0.484171,0.376044,1.89089,1.82557352607074,2.3701537350482,0.3521116395573741
7.407,63.26843012799614,0.12805498690454664,-0.13779436981593562,62.19404048836513,0.13904050928265077,0.13632816855941865,1.917505,1.85126917171716,0.950497521513414,0.3521116395573741
1.1421,61.316254,0.500816,0.336991,64.314461,0.45935,0.603762,1.99162,1.92282403841207,2.55199216473992,0.2610472859718722
7.33,62.650880690858955,0.13654519266420584,0.058882039320318214,62.64246883189739,0.1533582167819736,1.1799848157068915,1.456442,1.40613253941663,1.09279885748129,0.2610472859718722
1.1421,61.316254,0.500816,0.336991,64.314461,0.45935,0.603762,1.99162,1.92282403841207,2.55199216473992,0.16092268234797516
7.34,62.650880690858955,0.13654519266420584,0.058882039320318214,62.692913020733926,0.01805623158557257,1.285774338419876,1.495223,1.44357393839518,1.20777138570803,0.16092268234797516
1.1421,61.316254,0.500816,0.336991,64.314461,0.45935,0.603762,1.99162,1.92282403841207,2.55199216473992,0.20822814115543886
7.38,62.650880690858955,0.13654519266420584,0.058882039320318214,62.776843239021375,0.16514541870898958,-0.8563746576976339,1.297009,1.25220678806037,0.906032234049291,0.20822814115543886
1.1421,61.316254,0.500816,0.336991,64.314461,0.45935,0.603762,1.99162,1.92282403841207,2.55199216473992,0.17007825979338798
7.43,62.650880690858955,0.13654519266420584,0.058882039320318214,62.549819377247616,0.9092526415327984,-0.05232830036527858,1.37888,1.33124974145953,1.12824011902413,0.17007825979338798
1.1421,61.316254,0.500816,0.336991,64.314461,0.45935,0.603762,1.99162,1.92282403841207,2.55199216473992,0.7960211027617301
7.54,62.650880690858955,0.13654519266420584,0.058882039320318214,63.5160681944692,0.10352450549339087,0.08620181826528572,1.572785,1.51845673635228,0.731850287746402,0.7960211027617301
1.1421,61.316254,0.500816,0.336991,64.314461,0.45935,0.603762,1.99162,1.92282403841207,2.55199216473992,0.637462353928582
7.55,62.650880690858955,0.13654519266420584,0.058882039320318214,63.78670046345174,0.03275433208632661,0.10033283052226505,1.917505,1.85126917171716,0.969591759766644,0.637462353928582
1.1421,61.316254,0.500816,0.336991,64.314461,0.45935,0.603762,1.99162,1.92282403841207,2.55199216473992,0.24608130661070907
7.59,62.650880690858955,0.13654519266420584,0.058882039320318214,62.02347818323405,0.10704106282710679,0.2009869779234119,1.258228,1.21476538908182,0.554627507332884,0.24608130661070907
1.1421,61.316254,0.500816,0.336991,64.314461,0.45935,0.603762,1.99162,1.92282403841207,2.55199216473992,0.7209108791592193
7.60,62.650880690858955,0.13654519266420584,0.058882039320318214,61.68871986942695,0.1668234227281129,-0.006548671054829036,1.615875,1.56005829077289,0.825226605499617,0.7209108791592193
1.1421,61.316254,0.500816,0.336991,64.314461,0.45935,0.603762,1.99162,1.92282403841207,2.55199216473992,0.3447753445861723
7.179,62.625639713294134,-0.23944473055187432,1.0386475053027588,62.67610547792866,-0.3923301037287996,0.10245871566407772,1.404734,1.3562106741119,0.943203581642223,0.3447753445861723
1.1421,61.316254,0.500816,0.336991,64.314461,0.45935,0.603762,1.99162,1.92282403841207,2.55199216473992,0.2892328401250966
7.203,62.64246883189739,0.15331603614493483,1.1799271839062042,62.19404048836513,0.13933860462395087,0.1362646673024548,1.473678,1.42277316118488,1.08457075131742,0.2892328401250966
1.1421,61.316254,0.500816,0.336991,64.314461,0.45935,0.603762,1.99162,1.92282403841207,2.55199216473992,0.21954039211331272
7.226,62.692913020733926,0.018020805553853325,1.2857434604606643,62.02347818323405,0.10700566224686181,0.20095643499979943,1.710673,1.65158171049823,1.20327736956508,0.21954039211331272
1.1421,61.316254,0.500816,0.336991,64.314461,0.45935,0.603762,1.99162,1.92282403841207,2.55199216473992,0.44436973264423885
7.272,62.659290750877176,0.18280401052056527,-0.46365008627240467,62.768458263626584,0.7723688852379063,0.014129034614196456,1.516768,1.46437471560549,0.985494186790541,0.44436973264423885
1.1421,61.316254,0.500816,0.336991,64.314461,0.45935,0.603762,1.99162,1.92282403841207,2.55199216473992,0.30225949406483704
7.373,62.67610547792866,-0.39222554081780325,0.1025082818313372,63.16063819673245,0.1410704951634867,0.1379677122782974,1.33579,1.28964818703892,0.894182272125511,0.30225949406483704
1.1421,61.316254,0.500816,0.336991,64.314461,0.45935,0.603762,1.99162,1.92282403841207,2.55199216473992,0.1572103238063973
7.379,62.793607836939486,-0.6013498919536509,0.18269033927200695,63.26843012799614,0.12829336715097783,-0.13783063587435862,1.447824,1.39781222853251,1.19047406123351,0.1572103238063973
1.1421,61.316254,0.500816,0.336991,64.314461,0.45935,0.603762,1.99162,1.92282403841207,2.55199216473992,0.1680245326995874
7.380,62.793607836939486,-0.6013498919536509,0.18269033927200695,62.19404048836513,0.1392751557910965,0.13629258088392326,1.521077,1.46853487104755,1.20966055214836,0.1680245326995874
1.1421,61.316254,0.500816,0.336991,64.314461,0.45935,0.603762,1.99162,1.92282403841207,2.55199216473992,0.6858645578529656
7.402,63.16063819673245,0.14105062760799703,0.13801795485133272,62.262057519931304,0.16800188416005168,-0.006586186807155947,1.503841,1.4518942492793,0.776144543590609,0.6858645578529656
1.1421,61.316254,0.500816,0.336991,64.314461,0.45935,0.603762,1.99162,1.92282403841207,2.55199216473992,0.6734145789571712
7.407,63.26843012799614,0.12805498690454664,-0.13779436981593562,62.19404048836513,0.13904050928265077,0.13632816855941865,1.917505,1.85126917171716,0.950497521513414,0.6734145789571712
1.1421,61.316254,0.500816,0.336991,64.314461,0.45935,0.603762,1.99162,1.92282403841207,2.55199216473992,0.15007634628905522
7.412,63.5160681944692,0.10321987948291866,0.08609954516600737,62.02347818323405,0.10674243497249547,0.20088653655014888,2.344096,2.26312456048121,1.2692217359549,0.15007634628905522
1.1423,61.316254,0.500816,0.336991,63.565411,0.217747,0.863668,1.84263,1.77898055748548,2.02717999057014,0.1758684528143531
7.53,62.650880690858955,0.13654519266420584,0.058882039320318214,63.26843012799614,0.12840079281817296,-0.13780099423930103,1.180666,1.13988259112473,0.557323554866912,0.1758684528143531
1.1423,61.316254,0.500816,0.336991,63.565411,0.217747,0.863668,1.84263,1.77898055748548,2.02717999057014,0.16879909900881213
7.54,62.650880690858955,0.13654519266420584,0.058882039320318214,63.5160681944692,0.10352450549339087,0.08620181826528572,1.572785,1.51845673635228,0.731850287746402,0.16879909900881213
1.1423,61.316254,0.500816,0.336991,63.565411,0.217747,0.863668,1.84263,1.77898055748548,2.02717999057014,0.2598783019334849
7.59,62.650880690858955,0.13654519266420584,0.058882039320318214,62.02347818323405,0.10704106282710679,0.2009869779234119,1.258228,1.21476538908182,0.554627507332884,0.2598783019334849
1.1424,61.316254,0.500816,0.336991,63.532524,-0.170763,0.918495,1.8217,1.75877353650559,2.21046109026444,0.3366844608435965
7.53,62.650880690858955,0.13654519266420584,0.058882039320318214,63.26843012799614,0.12840079281817296,-0.13780099423930103,1.180666,1.13988259112473,0.557323554866912,0.3366844608435965
1.1424,61.316254,0.500816,0.336991,63.532524,-0.170763,0.918495,1.8217,1.75877353650559,2.21046109026444,0.4461792851802121
7.54,62.650880690858955,0.13654519266420584,0.058882039320318214,63.5160681944692,0.10352450549339087,0.08620181826528572,1.572785,1.51845673635228,0.731850287746402,0.4461792851802121
1.1424,61.316254,0.500816,0.336991,63.532524,-0.170763,0.918495,1.8217,1.75877353650559,2.21046109026444,0.4765379607024282
7.59,62.650880690858955,0.13654519266420584,0.058882039320318214,62.02347818323405,0.10704106282710679,0.2009869779234119,1.258228,1.21476538908182,0.554627507332884,0.4765379607024282
1.1424,61.316254,0.500816,0.336991,63.532524,-0.170763,0.918495,1.8217,1.75877353650559,2.21046109026444,0.2941241094884595
7.60,62.650880690858955,0.13654519266420584,0.058882039320318214,61.68871986942695,0.1668234227281129,-0.006548671054829036,1.615875,1.56005829077289,0.825226605499617,0.2941241094884595
1.1424,61.316254,0.500816,0.336991,63.532524,-0.170763,0.918495,1.8217,1.75877353650559,2.21046109026444,0.1762851022639535
7.262,62.49919105553391,0.22395683649600873,-0.3327535686703076,62.516074417933325,0.5580522525558962,0.01602137243352786,1.090177,1.05251932684144,0.599172468823163,0.1762851022639535
1.1424,61.316254,0.500816,0.336991,63.532524,-0.170763,0.918495,1.8217,1.75877353650559,2.21046109026444,0.3636313691918612
7.402,63.16063819673245,0.14105062760799703,0.13801795485133272,62.262057519931304,0.16800188416005168,-0.006586186807155947,1.503841,1.4518942492793,0.776144543590609,0.3636313691918612
1.1426,61.316254,0.500816,0.336991,63.540749,-0.267612,1.116719,2.03748,1.96709990951277,2.33989668509036,0.5464743845945901
7.54,62.650880690858955,0.13654519266420584,0.058882039320318214,63.5160681944692,0.10352450549339087,0.08620181826528572,1.572785,1.51845673635228,0.731850287746402,0.5464743845945901
1.1426,61.316254,0.500816,0.336991,63.540749,-0.267612,1.116719,2.03748,1.96709990951277,2.33989668509036,0.268197282968386
7.55,62.650880690858955,0.13654519266420584,0.058882039320318214,63.78670046345174,0.03275433208632661,0.10033283052226505,1.917505,1.85126917171716,0.969591759766644,0.268197282968386
1.1426,61.316254,0.500816,0.336991,63.540749,-0.267612,1.116719,2.03748,1.96709990951277,2.33989668509036,0.1697901036672088
7.59,62.650880690858955,0.13654519266420584,0.058882039320318214,62.02347818323405,0.10704106282710679,0.2009869779234119,1.258228,1.21476538908182,0.554627507332884,0.1697901036672088
1.1426,61.316254,0.500816,0.336991,63.540749,-0.267612,1.116719,2.03748,1.96709990951277,2.33989668509036,0.4469625873490975
7.60,62.650880690858955,0.13654519266420584,0.058882039320318214,61.68871986942695,0.1668234227281129,-0.006548671054829036,1.615875,1.56005829077289,0.825226605499617,0.4469625873490975
1.1426,61.316254,0.500816,0.336991,63.540749,-0.267612,1.116719,2.03748,1.96709990951277,2.33989668509036,0.16078800246979635
7.272,62.659290750877176,0.18280401052056527,-0.46365008627240467,62.768458263626584,0.7723688852379063,0.014129034614196456,1.516768,1.46437471560549,0.985494186790541,0.16078800246979635
1.1426,61.316254,0.500816,0.336991,63.540749,-0.267612,1.116719,2.03748,1.96709990951277,2.33989668509036,0.15412345248104858
7.358,62.701314100441266,1.4379908404002495,-0.1751158566154487,62.57510908259357,-1.0865975402239436,0.3160591521840894,2.658653,2.56681590775166,3.75318573006797,0.15412345248104858
1.1426,61.316254,0.500816,0.336991,63.540749,-0.267612,1.116719,2.03748,1.96709990951277,2.33989668509036,0.4260225466638527
7.402,63.16063819673245,0.14105062760799703,0.13801795485133272,62.262057519931304,0.16800188416005168,-0.006586186807155947,1.503841,1.4518942492793,0.776144543590609,0.4260225466638527
1.1426,61.316254,0.500816,0.336991,63.540749,-0.267612,1.116719,2.03748,1.96709990951277,2.33989668509036,0.29879521257653796
7.407,63.26843012799614,0.12805498690454664,-0.13779436981593562,62.19404048836513,0.13904050928265077,0.13632816855941865,1.917505,1.85126917171716,0.950497521513414,0.29879521257653796
1.1429,61.316254,0.500816,0.336991,62.159988,-0.67117,1.293516,1.99162,1.92282403841207,2.09571349756744,0.19864248084658134
7.54,62.650880690858955,0.13654519266420584,0.058882039320318214,63.5160681944692,0.10352450549339087,0.08620181826528572,1.572785,1.51845673635228,0.731850287746402,0.19864248084658134
1.1429,61.316254,0.500816,0.336991,62.159988,-0.67117,1.293516,1.99162,1.92282403841207,2.09571349756744,0.2811806550783347
7.358,62.701314100441266,1.4379908404002495,-0.1751158566154487,62.57510908259357,-1.0865975402239436,0.3160591521840894,2.658653,2.56681590775166,3.75318573006797,0.2811806550783347
1.1430,61.316254,0.500816,0.336991,61.541893,-0.503716,1.077227,2.01137,1.94189181979539,1.6694946209745,0.4002346429192159
7.358,62.701314100441266,1.4379908404002495,-0.1751158566154487,62.57510908259357,-1.0865975402239436,0.3160591521840894,2.658653,2.56681590775166,3.75318573006797,0.4002346429192159
1.1431,61.316254,0.500816,0.336991,61.185474,-0.335592,0.943573,1.69985,1.64113256630018,1.38530721288809,0.22708688153230933
1.1437,61.316254,0.500816,0.336991,58.27359,-0.17394,0.562631,2.09546,2.02307712291047,2.87459847943079,0.22708688153230933
1.1431,61.316254,0.500816,0.336991,61.185474,-0.335592,0.943573,1.69985,1.64113256630018,1.38530721288809,0.16771075479827913
1.1440,61.316254,0.500816,0.336991,58.065514,0.380088,0.323598,2.07626,2.00454034303404,2.87712140683387,0.16771075479827913
1.1431,61.316254,0.500816,0.336991,61.185474,-0.335592,0.943573,1.69985,1.64113256630018,1.38530721288809,0.21016063162838283
1.1441,61.316254,0.500816,0.336991,57.779877,0.569369,0.137098,1.93161,1.86488694672535,3.13821560631952,0.21016063162838283
1.1431,61.316254,0.500816,0.336991,61.185474,-0.335592,0.943573,1.69985,1.64113256630018,1.38530721288809,0.2531171040258021
7.243,62.692913020733926,-0.025525748824417605,1.8463105034097316,62.701314100441266,1.437843959815388,-0.17508085917068428,2.313933,2.23400347238678,2.9214174492907,0.2531171040258021
1.1431,61.316254,0.500816,0.336991,61.185474,-0.335592,0.943573,1.69985,1.64113256630018,1.38530721288809,0.16412238776329013
7.319,62.667699012913516,0.41939590876782784,-1.538020821793018,62.57510908259357,-1.0868373718551094,0.31602629685616446,2.275152,2.19656207340823,2.81435611036367,0.16412238776329013
1.1431,61.316254,0.500816,0.336991,61.185474,-0.335592,0.943573,1.69985,1.64113256630018,1.38530721288809,0.24834213247426817
7.349,62.7516829552152,1.1254295846548357,-0.015150175225198126,62.60038251922951,-0.7739016305569613,0.2356570313907902,2.219135,2.14248005266144,2.82294776955766,0.24834213247426817
1.1432,61.316254,0.500816,0.336991,60.551476,-0.667394,1.077107,2.07626,2.00454034303404,1.9890569545523,0.3993918516745253
7.358,62.701314100441266,1.4379908404002495,-0.1751158566154487,62.57510908259357,-1.0865975402239436,0.3160591521840894,2.658653,2.56681590775166,3.75318573006797,0.3993918516745253
1.1433,61.316254,0.500816,0.336991,60.569229,0.068494,0.74324,1.27438,1.23035945515288,0.998546565810332,0.22943581753949288
1.1441,61.316254,0.500816,0.336991,57.779877,0.569369,0.137098,1.93161,1.86488694672535,3.13821560631952,0.22943581753949288
1.1434,61.316254,0.500816,0.336991,59.816395,-0.090207,0.97558,1.75789,1.69716770713499,1.69871811023023,0.3048296766957768
1.1441,61.316254,0.500816,0.336991,57.779877,0.569369,0.137098,1.93161,1.86488694672535,3.13821560631952,0.3048296766957768
1.1435,61.316254,0.500816,0.336991,59.002087,-0.089244,0.965108,2.09546,2.02307712291047,2.29825586211546,0.19352916367510273
7.60,62.650880690858955,0.13654519266420584,0.058882039320318214,61.68871986942695,0.1668234227281129,-0.006548671054829036,1.615875,1.56005829077289,0.825226605499617,0.19352916367510273
1.1437,61.316254,0.500816,0.336991,58.27359,-0.17394,0.562631,2.09546,2.02307712291047,2.87459847943079,0.2218853188711015
7.60,62.650880690858955,0.13654519266420584,0.058882039320318214,61.68871986942695,0.1668234227281129,-0.006548671054829036,1.615875,1.56005829077289,0.825226605499617,0.2218853188711015
1.1438,61.316254,0.500816,0.336991,58.648956,-0.011775,0.477719,2.07626,2.00454034303404,2.47083987175675,0.2737402430702586
7.60,62.650880690858955,0.13654519266420584,0.058882039320318214,61.68871986942695,0.1668234227281129,-0.006548671054829036,1.615875,1.56005829077289,0.825226605499617,0.2737402430702586
1.1440,61.316254,0.500816,0.336991,58.065514,0.380088,0.323598,2.07626,2.00454034303404,2.87712140683387,0.1828372637590762
7.60,62.650880690858955,0.13654519266420584,0.058882039320318214,61.68871986942695,0.1668234227281129,-0.006548671054829036,1.615875,1.56005829077289,0.825226605499617,0.1828372637590762
1.1441,61.316254,0.500816,0.336991,57.779877,0.569369,0.137098,1.93161,1.86488694672535,3.13821560631952,0.24778612198679553
4.92,60.050018,-0.280042,2.2e-05,61.791084,-0.290317,-0.077282,1.294646,1.24992541249537,1.51390497518088,0.24778612198679553
1.1441,61.316254,0.500816,0.336991,57.779877,0.569369,0.137098,1.93161,1.86488694672535,3.13821560631952,0.3067153511730626
4.102,60.36002,-0.310067,-0.0499,62.078907,-0.283174,-0.077197,1.378472,1.33085583488716,1.48727789711999,0.3067153511730626
1.1441,61.316254,0.500816,0.336991,57.779877,0.569369,0.137098,1.93161,1.86488694672535,3.13821560631952,0.33706025735351475
5.40,60.36002,-0.310067,-0.0499,62.078907,-0.283174,-0.077197,1.412074,1.3632971305855,1.48727789711999,0.33706025735351475
1.1442,44.801201,38.272358,23.265364,44.87149,39.711948,25.338432,1.241,1.19813249097186,0.997016427228134,0.18121200216719302
1.1466,44.801201,38.272358,23.265364,47.222782,39.640423,23.880789,1.241,1.19813249097186,2.38256210370847,0.18121200216719302
1.1442,44.801201,38.272358,23.265364,44.87149,39.711948,25.338432,1.241,1.19813249097186,0.997016427228134,0.3937820707215179
1.1468,44.801201,38.272358,23.265364,47.623756,40.049061,24.345411,1.70624,1.6473018383528,2.80611584335974,0.3937820707215179
1.1442,44.801201,38.272358,23.265364,44.87149,39.711948,25.338432,1.241,1.19813249097186,0.997016427228134,0.2690212113204501
1.1485,44.801201,38.272358,23.265364,47.700783,40.00211,24.350201,1.83677,1.77332297779403,2.87702318050197,0.2690212113204501
1.1442,44.801201,38.272358,23.265364,44.87149,39.711948,25.338432,1.241,1.19813249097186,0.997016427228134,0.40597233032163255
1.1486,44.801201,38.272358,23.265364,47.417435,40.011112,24.19216,1.46743,1.41674098406675,2.60157435399653,0.40597233032163255
1.1445,44.801201,38.272358,23.265364,44.885529,40.063187,24.996094,1.11241,1.07398433866399,0.868274853733369,0.3540442073600775
1.1466,44.801201,38.272358,23.265364,47.222782,39.640423,23.880789,1.241,1.19813249097186,2.38256210370847,0.3540442073600775
1.1445,44.801201,38.272358,23.265364,44.885529,40.063187,24.996094,1.11241,1.07398433866399,0.868274853733369,0.3295986006840668
1.1468,44.801201,38.272358,23.265364,47.623756,40.049061,24.345411,1.70624,1.6473018383528,2.80611584335974,0.3295986006840668
1.1445,44.801201,38.272358,23.265364,44.885529,40.063187,24.996094,1.11241,1.07398433866399,0.868274853733369,0.1564833175756728
1.1485,44.801201,38.272358,23.265364,47.700783,40.00211,24.350201,1.83677,1.77332297779403,2.87702318050197,0.1564833175756728
1.1445,44.801201,38.272358,23.265364,44.885529,40.063187,24.996094,1.11241,1.07398433866399,0.868274853733369,0.527486446262295
1.1486,44.801201,38.272358,23.265364,47.417435,40.011112,24.19216,1.46743,1.41674098406675,2.60157435399653,0.527486446262295
1.1448,44.801201,38.272358,23.265364,44.885529,40.848297,24.618021,1.14763,1.10798774424983,0.953733008582793,0.22983532942949003
1.1466,44.801201,38.272358,23.265364,47.222782,39.640423,23.880789,1.241,1.19813249097186,2.38256210370847,0.22983532942949003
1.1448,44.801201,38.272358,23.265364,44.885529,40.848297,24.618021,1.14763,1.10798774424983,0.953733008582793,0.34595074548364957
1.1468,44.801201,38.272358,23.265364,47.623756,40.049061,24.345411,1.70624,1.6473018383528,2.80611584335974,0.34595074548364957
1.1448,44.801201,38.272358,23.265364,44.885529,40.848297,24.618021,1.14763,1.10798774424983,0.953733008582793,0.1811682207320173
1.1485,44.801201,38.272358,23.265364,47.700783,40.00211,24.350201,1.83677,1.77332297779403,2.87702318050197,0.1811682207320173
1.1448,44.801201,38.272358,23.265364,44.885529,40.848297,24.618021,1.14763,1.10798774424983,0.953733008582793,0.46240849376041865
1.1486,44.801201,38.272358,23.265364,47.417435,40.011112,24.19216,1.46743,1.41674098406675,2.60157435399653,0.46240849376041865
1.1450,44.801201,38.272358,23.265364,44.87149,40.606792,23.947336,1.38446,1.33663699311112,0.866821356042548,0.3729603703014096
1.1466,44.801201,38.272358,23.265364,47.222782,39.640423,23.880789,1.241,1.19813249097186,2.38256210370847,0.3729603703014096
1.1450,44.801201,38.272358,23.265364,44.87149,40.606792,23.947336,1.38446,1.33663699311112,0.866821356042548,0.5522678504618761
1.1468,44.801201,38.272358,23.265364,47.623756,40.049061,24.345411,1.70624,1.6473018383528,2.80611584335974,0.5522678504618761
1.1450,44.801201,38.272358,23.265364,44.87149,40.606792,23.947336,1.38446,1.33663699311112,0.866821356042548,0.18171080713364954
1.1469,44.801201,38.272358,23.265364,47.5723,40.522778,24.764917,2.09263,2.02034487879327,2.81367540504821,0.18171080713364954
1.1450,44.801201,38.272358,23.265364,44.87149,40.606792,23.947336,1.38446,1.33663699311112,0.866821356042548,0.20858285595460632
1.1471,44.801201,38.272358,23.265364,47.170673,41.600967,25.563288,2.02174,1.95190361184323,2.62709170630499,0.20858285595460632
1.1450,44.801201,38.272358,23.265364,44.87149,40.606792,23.947336,1.38446,1.33663699311112,0.866821356042548,0.4443692154552913
1.1485,44.801201,38.272358,23.265364,47.700783,40.00211,24.350201,1.83677,1.77332297779403,2.87702318050197,0.4443692154552913
1.1450,44.801201,38.272358,23.265364,44.87149,40.606792,23.947336,1.38446,1.33663699311112,0.866821356042548,0.5752578947242659
1.1486,44.801201,38.272358,23.265364,47.417435,40.011112,24.19216,1.46743,1.41674098406675,2.60157435399653,0.5752578947242659
1.1450,44.801201,38.272358,23.265364,44.87149,40.606792,23.947336,1.38446,1.33663699311112,0.866821356042548,0.22108264505306557
7.361,44.60351738852064,38.78155571208269,21.746543197241397,44.489974232848624,35.28218457991533,24.28917730304483,1.620184,1.56421844621495,2.70544683885885,0.22108264505306557
1.1451,44.801201,38.272358,23.265364,44.730747,42.309013,24.073851,2.20169,2.12563765032058,1.52502449991793,0.15268040553236034
1.1488,44.801201,38.272358,23.265364,47.623756,41.088566,23.442972,2.27981,2.20105917344284,2.95982521147888,0.15268040553236034
1.1452,44.801201,38.272358,23.265364,44.716637,40.102772,23.429531,1.36126,1.31423838409376,0.75299755923343,0.49682377885679324
1.1466,44.801201,38.272358,23.265364,47.222782,39.640423,23.880789,1.241,1.19813249097186,2.38256210370847,0.49682377885679324
1.1452,44.801201,38.272358,23.265364,44.716637,40.102772,23.429531,1.36126,1.31423838409376,0.75299755923343,0.4497260406240269
1.1468,44.801201,38.272358,23.265364,47.623756,40.049061,24.345411,1.70624,1.6473018383528,2.80611584335974,0.4497260406240269
1.1452,44.801201,38.272358,23.265364,44.716637,40.102772,23.429531,1.36126,1.31423838409376,0.75299755923343,0.3474331270370357
1.1485,44.801201,38.272358,23.265364,47.700783,40.00211,24.350201,1.83677,1.77332297779403,2.87702318050197,0.3474331270370357
1.1452,44.801201,38.272358,23.265364,44.716637,40.102772,23.429531,1.36126,1.31423838409376,0.75299755923343,0.5643141674567816
1.1486,44.801201,38.272358,23.265364,47.417435,40.011112,24.19216,1.46743,1.41674098406675,2.60157435399653,0.5643141674567816
1.1452,44.801201,38.272358,23.265364,44.716637,40.102772,23.429531,1.36126,1.31423838409376,0.75299755923343,0.15507614222880456
1.1713,44.720165,37.766644,23.12565,47.835133,38.069309,22.399614,1.68676,1.6284947304365,3.05054135781852,0.15507614222880456
1.1452,44.801201,38.272358,23.265364,44.716637,40.102772,23.429531,1.36126,1.31423838409376,0.75299755923343,0.2652086478322649
1.1719,44.720165,37.766644,23.12565,41.696815,38.757702,22.729319,1.82541,1.7623553830338,2.84900831347832,0.2652086478322649
1.1452,44.801201,38.272358,23.265364,44.716637,40.102772,23.429531,1.36126,1.31423838409376,0.75299755923343,0.18441298751816673
1.1725,44.720165,37.766644,23.12565,42.823452,40.376244,23.223099,1.68676,1.6284947304365,2.08103884669268,0.18441298751816673
1.1452,44.801201,38.272358,23.265364,44.716637,40.102772,23.429531,1.36126,1.31423838409376,0.75299755923343,0.22286628320172314
1.1726,44.720165,37.766644,23.12565,41.614643,38.204678,23.429976,1.68676,1.6284947304365,2.86581021342006,0.22286628320172314
1.1452,44.801201,38.272358,23.265364,44.716637,40.102772,23.429531,1.36126,1.31423838409376,0.75299755923343,0.2745254816471881
7.351,44.518399976803536,38.519666028744126,21.880905505662586,44.518399976803536,35.472383338272905,24.026531908961612,1.409043,1.36037082955396,2.31925786195933,0.2745254816471881
1.1452,44.801201,38.272358,23.265364,44.716637,40.102772,23.429531,1.36126,1.31423838409376,0.75299755923343,0.34377015237741526
7.361,44.60351738852064,38.78155571208269,21.746543197241397,44.489974232848624,35.28218457991533,24.28917730304483,1.620184,1.56421844621495,2.70544683885885,0.34377015237741526
1.1452,44.801201,38.272358,23.265364,44.716637,40.102772,23.429531,1.36126,1.31423838409376,0.75299755923343,0.1766877548094036
7.413,45.67525911468617,37.772741228500664,23.45706086477872,43.43360642568766,36.17325707994268,22.566664899868705,1.732218,1.67238248770854,2.19823030545429,0.1766877548094036
1.1454,44.801201,38.272358,23.265364,44.773037,39.817226,22.966339,1.31404,1.26864949108515,0.779980321198224,0.45946386536238787
1.1466,44.801201,38.272358,23.265364,47.222782,39.640423,23.880789,1.241,1.19813249097186,2.38256210370847,0.45946386536238787
1.1454,44.801201,38.272358,23.265364,44.773037,39.817226,22.966339,1.31404,1.26864949108515,0.779980321198224,0.3747027860024452
1.1468,44.801201,38.272358,23.265364,47.623756,40.049061,24.345411,1.70624,1.6473018383528,2.80611584335974,0.3747027860024452
1.1454,44.801201,38.272358,23.265364,44.773037,39.817226,22.966339,1.31404,1.26864949108515,0.779980321198224,0.16917172957407958
1.1481,44.801201,38.272358,23.265364,42.015461,37.237225,22.889879,1.63154,1.57518217914604,2.60426496004869,0.16917172957407958
1.1454,44.801201,38.272358,23.265364,44.773037,39.817226,22.966339,1.31404,1.26864949108515,0.779980321198224,0.273756691449607
1.1485,44.801201,38.272358,23.265364,47.700783,40.00211,24.350201,1.83677,1.77332297779403,2.87702318050197,0.273756691449607
1.1454,44.801201,38.272358,23.265364,44.773037,39.817226,22.966339,1.31404,1.26864949108515,0.779980321198224,0.5043625924497724
1.1486,44.801201,38.272358,23.265364,47.417435,40.011112,24.19216,1.46743,1.41674098406675,2.60157435399653,0.5043625924497724
1.1454,44.801201,38.272358,23.265364,44.773037,39.817226,22.966339,1.31404,1.26864949108515,0.779980321198224,0.23483820913857067
1.1713,44.720165,37.766644,23.12565,47.835133,38.069309,22.399614,1.68676,1.6284947304365,3.05054135781852,0.23483820913857067
1.1454,44.801201,38.272358,23.265364,44.773037,39.817226,22.966339,1.31404,1.26864949108515,0.779980321198224,0.17786522957922657
1.1718,44.720165,37.766644,23.12565,46.41523,38.82346,21.206083,1.68676,1.6284947304365,2.1574729351249,0.17786522957922657
1.1454,44.801201,38.272358,23.265364,44.773037,39.817226,22.966339,1.31404,1.26864949108515,0.779980321198224,0.27573358998519054
1.1719,44.720165,37.766644,23.12565,41.696815,38.757702,22.729319,1.82541,1.7623553830338,2.84900831347832,0.27573358998519054
1.1454,44.801201,38.272358,23.265364,44.773037,39.817226,22.966339,1.31404,1.26864949108515,0.779980321198224,0.23309849861963758
1.1726,44.720165,37.766644,23.12565,41.614643,38.204678,23.429976,1.68676,1.6284947304365,2.86581021342006,0.23309849861963758
1.1454,44.801201,38.272358,23.265364,44.773037,39.817226,22.966339,1.31404,1.26864949108515,0.779980321198224,0.2919038052313064
7.351,44.518399976803536,38.519666028744126,21.880905505662586,44.518399976803536,35.472383338272905,24.026531908961612,1.409043,1.36037082955396,2.31925786195933,0.2919038052313064
1.1454,44.801201,38.272358,23.265364,44.773037,39.817226,22.966339,1.31404,1.26864949108515,0.779980321198224,0.381036544973366
7.361,44.60351738852064,38.78155571208269,21.746543197241397,44.489974232848624,35.28218457991533,24.28917730304483,1.620184,1.56421844621495,2.70544683885885,0.381036544973366
1.1454,44.801201,38.272358,23.265364,44.773037,39.817226,22.966339,1.31404,1.26864949108515,0.779980321198224,0.16402978794062792
7.413,45.67525911468617,37.772741228500664,23.45706086477872,43.43360642568766,36.17325707994268,22.566664899868705,1.732218,1.67238248770854,2.19823030545429,0.16402978794062792
1.1455,44.801201,38.272358,23.265364,44.758949,39.573017,22.409124,1.25748,1.21404322703247,0.933857956503683,0.22652998555559659
1.1466,44.801201,38.272358,23.265364,47.222782,39.640423,23.880789,1.241,1.19813249097186,2.38256210370847,0.22652998555559659
1.1455,44.801201,38.272358,23.265364,44.758949,39.573017,22.409124,1.25748,1.21404322703247,0.933857956503683,0.22870822816980393
1.1468,44.801201,38.272358,23.265364,47.623756,40.049061,24.345411,1.70624,1.6473018383528,2.80611584335974,0.22870822816980393
1.1455,44.801201,38.272358,23.265364,44.758949,39.573017,22.409124,1.25748,1.21404322703247,0.933857956503683,0.16749074871036743
1.1481,44.801201,38.272358,23.265364,42.015461,37.237225,22.889879,1.63154,1.57518217914604,2.60426496004869,0.16749074871036743
1.1455,44.801201,38.272358,23.265364,44.758949,39.573017,22.409124,1.25748,1.21404322703247,0.933857956503683,0.1556713219688784
1.1485,44.801201,38.272358,23.265364,47.700783,40.00211,24.350201,1.83677,1.77332297779403,2.87702318050197,0.1556713219688784
1.1455,44.801201,38.272358,23.265364,44.758949,39.573017,22.409124,1.25748,1.21404322703247,0.933857956503683,0.3048187876183128
1.1486,44.801201,38.272358,23.265364,47.417435,40.011112,24.19216,1.46743,1.41674098406675,2.60157435399653,0.3048187876183128
1.1455,44.801201,38.272358,23.265364,44.758949,39.573017,22.409124,1.25748,1.21404322703247,0.933857956503683,0.2658341436319881
1.1713,44.720165,37.766644,23.12565,47.835133,38.069309,22.399614,1.68676,1.6284947304365,3.05054135781852,0.2658341436319881
1.1455,44.801201,38.272358,23.265364,44.758949,39.573017,22.409124,1.25748,1.21404322703247,0.933857956503683,0.25199269799284174
1.1719,44.720165,37.766644,23.12565,41.696815,38.757702,22.729319,1.82541,1.7623553830338,2.84900831347832,0.25199269799284174
1.1455,44.801201,38.272358,23.265364,44.758949,39.573017,22.409124,1.25748,1.21404322703247,0.933857956503683,0.21446945412122087
1.1726,44.720165,37.766644,23.12565,41.614643,38.204678,23.429976,1.68676,1.6284947304365,2.86581021342006,0.21446945412122087
1.1455,44.801201,38.272358,23.265364,44.758949,39.573017,22.409124,1.25748,1.21404322703247,0.933857956503683,0.160015796019318
7.351,44.518399976803536,38.519666028744126,21.880905505662586,44.518399976803536,35.472383338272905,24.026531908961612,1.409043,1.36037082955396,2.31925786195933,0.160015796019318
1.1455,44.801201,38.272358,23.265364,44.758949,39.573017,22.409124,1.25748,1.21404322703247,0.933857956503683,0.34619108392120723
7.361,44.60351738852064,38.78155571208269,21.746543197241397,44.489974232848624,35.28218457991533,24.28917730304483,1.620184,1.56421844621495,2.70544683885885,0.34619108392120723
1.1457,44.801201,38.272358,23.265364,44.997604,39.507378,22.191137,1.25748,1.21404322703247,1.03616472941464,0.22586324500980204
1.1468,44.801201,38.272358,23.265364,47.623756,40.049061,24.345411,1.70624,1.6473018383528,2.80611584335974,0.22586324500980204
1.1457,44.801201,38.272358,23.265364,44.997604,39.507378,22.191137,1.25748,1.21404322703247,1.03616472941464,0.16041016194099256
1.1485,44.801201,38.272358,23.265364,47.700783,40.00211,24.350201,1.83677,1.77332297779403,2.87702318050197,0.16041016194099256
1.1457,44.801201,38.272358,23.265364,44.997604,39.507378,22.191137,1.25748,1.21404322703247,1.03616472941464,0.25759635209102205
1.1486,44.801201,38.272358,23.265364,47.417435,40.011112,24.19216,1.46743,1.41674098406675,2.60157435399653,0.25759635209102205
1.1457,44.801201,38.272358,23.265364,44.997604,39.507378,22.191137,1.25748,1.21404322703247,1.03616472941464,0.3514502555136357
1.1713,44.720165,37.766644,23.12565,47.835133,38.069309,22.399614,1.68676,1.6284947304365,3.05054135781852,0.3514502555136357
1.1457,44.801201,38.272358,23.265364,44.997604,39.507378,22.191137,1.25748,1.21404322703247,1.03616472941464,0.17849326051494838
1.1719,44.720165,37.766644,23.12565,41.696815,38.757702,22.729319,1.82541,1.7623553830338,2.84900831347832,0.17849326051494838
1.1457,44.801201,38.272358,23.265364,44.997604,39.507378,22.191137,1.25748,1.21404322703247,1.03616472941464,0.3020434190111393
7.361,44.60351738852064,38.78155571208269,21.746543197241397,44.489974232848624,35.28218457991533,24.28917730304483,1.620184,1.56421844621495,2.70544683885885,0.3020434190111393
1.1459,44.801201,38.272358,23.265364,44.74485,38.556396,21.513632,1.14763,1.10798774424983,1.09878715294892,0.15062542353887032
1.1483,44.801201,38.272358,23.265364,41.813801,36.422642,22.189848,1.61772,1.56183955946414,2.85032443663536,0.15062542353887032
1.1459,44.801201,38.272358,23.265364,44.74485,38.556396,21.513632,1.14763,1.10798774424983,1.09878715294892,0.25827910530765724
1.1713,44.720165,37.766644,23.12565,47.835133,38.069309,22.399614,1.68676,1.6284947304365,3.05054135781852,0.25827910530765724
1.1459,44.801201,38.272358,23.265364,44.74485,38.556396,21.513632,1.14763,1.10798774424983,1.09878715294892,0.228296220441258
7.361,44.60351738852064,38.78155571208269,21.746543197241397,44.489974232848624,35.28218457991533,24.28917730304483,1.620184,1.56421844621495,2.70544683885885,0.228296220441258
1.1461,44.801201,38.272358,23.265364,44.843391,37.431824,20.775724,1.25748,1.21404322703247,1.31160740556512,0.15206815418589065
1.1483,44.801201,38.272358,23.265364,41.813801,36.422642,22.189848,1.61772,1.56183955946414,2.85032443663536,0.15206815418589065
1.1461,44.801201,38.272358,23.265364,44.843391,37.431824,20.775724,1.25748,1.21404322703247,1.31160740556512,0.21832597808233475
1.1713,44.720165,37.766644,23.12565,47.835133,38.069309,22.399614,1.68676,1.6284947304365,3.05054135781852,0.21832597808233475
1.1464,44.801201,38.272358,23.265364,44.716637,36.187611,21.403639,0.933556,0.901308441371256,0.995018401527421,0.1696710599737198
1.1483,44.801201,38.272358,23.265364,41.813801,36.422642,22.189848,1.61772,1.56183955946414,2.85032443663536,0.1696710599737198
1.1466,44.801201,38.272358,23.265364,47.222782,39.640423,23.880789,1.241,1.19813249097186,2.38256210370847,0.17414777582107113
1.1702,44.720165,37.766644,23.12565,45.137123,38.363461,22.080996,0.719572,0.694716029648352,0.878910890697577,0.17414777582107113
1.1466,44.801201,38.272358,23.265364,47.222782,39.640423,23.880789,1.241,1.19813249097186,2.38256210370847,0.5050021420068667
1.1706,44.720165,37.766644,23.12565,45.265617,38.938438,23.197872,0.764178,0.737781217313373,0.71564173967275,0.5050021420068667
1.1466,44.801201,38.272358,23.265364,47.222782,39.640423,23.880789,1.241,1.19813249097186,2.38256210370847,0.2056148836861348
1.1710,44.720165,37.766644,23.12565,45.314095,38.045937,23.354559,0.534734,0.516262835960796,0.576038402439861,0.2056148836861348
1.1466,44.801201,38.272358,23.265364,47.222782,39.640423,23.880789,1.241,1.19813249097186,2.38256210370847,0.4992998701975189
1.1724,44.720165,37.766644,23.12565,45.248283,39.168568,24.355015,0.874304,0.844103166306739,0.81134984148713,0.4992998701975189
1.1466,44.801201,38.272358,23.265364,47.222782,39.640423,23.880789,1.241,1.19813249097186,2.38256210370847,0.2586232549031655
1.1792,44.730747,37.294174,23.309671,45.151043,37.712601,23.178165,0.61297,0.591796352128141,0.463842846469114,0.2586232549031655
1.1466,44.801201,38.272358,23.265364,47.222782,39.640423,23.880789,1.241,1.19813249097186,2.38256210370847,0.3158622401053689
1.1807,44.730747,37.294174,23.309671,45.164955,37.560791,23.476326,0.666092,0.64308337403419,0.424197352508652,0.3158622401053689
1.1466,44.801201,38.272358,23.265364,47.222782,39.640423,23.880789,1.241,1.19813249097186,2.38256210370847,0.4744444091072517
1.1813,44.730747,37.294174,23.309671,45.414268,37.658691,23.715281,0.842586,0.813480792133777,0.678541454913634,0.4744444091072517
1.1466,44.801201,38.272358,23.265364,47.222782,39.640423,23.880789,1.241,1.19813249097186,2.38256210370847,0.187453852899626
5.1,45.27005,37.069607,22.800039,45.805882,37.094406,22.913883,0.587042,0.566763975636667,0.515349354107962,0.187453852899626
1.1466,44.801201,38.272358,23.265364,47.222782,39.640423,23.880789,1.241,1.19813249097186,2.38256210370847,0.29361940428021244
5.2,45.140049,36.999737,22.880068,45.936909,37.190865,22.82316,0.785367,0.758238291730136,0.768520324510237,0.29361940428021244
1.1466,44.801201,38.272358,23.265364,47.222782,39.640423,23.880789,1.241,1.19813249097186,2.38256210370847,0.3066155273827542
7.91,44.57517149224873,36.95897623838063,23.023442749720434,44.56098859042097,38.573629232545095,24.55590075641114,0.81871,0.790429533991598,0.780254950052494,0.3066155273827542
1.1466,44.801201,38.272358,23.265364,47.222782,39.640423,23.880789,1.241,1.19813249097186,2.38256210370847,0.16126202814088908
7.110,44.57517149224873,36.95897623838063,23.023442749720434,45.06744545788468,37.23859941259777,23.19484369018282,0.60326,0.582421761888546,0.477933852059694,0.16126202814088908
1.1466,44.801201,38.272358,23.265364,47.222782,39.640423,23.880789,1.241,1.19813249097186,2.38256210370847,0.30038324470933786
7.111,44.57517149224873,36.95897623838063,23.023442749720434,45.455625795399975,37.534170935574984,23.294607914993804,0.913508,0.881952953716941,0.8621086350459,0.30038324470933786
1.1466,44.801201,38.272358,23.265364,47.222782,39.640423,23.880789,1.241,1.19813249097186,2.38256210370847,0.15677819962639358
7.336,44.404536302425136,37.80375851325402,22.44909429574582,45.06744545788468,37.23820482928553,23.194631593829317,0.801474,0.773788912223354,0.875139834534694,0.15677819962639358
1.1468,44.801201,38.272358,23.265364,47.623756,40.049061,24.345411,1.70624,1.6473018383528,2.80611584335974,0.38784320831265723
1.1472,44.801201,38.272358,23.265364,45.866165,40.348148,24.721346,1.28192,1.23763900308352,1.31059111630649,0.38784320831265723
1.1468,44.801201,38.272358,23.265364,47.623756,40.049061,24.345411,1.70624,1.6473018383528,2.80611584335974,0.484032895151669
1.1474,44.801201,38.272358,23.265364,45.400471,40.498734,24.994703,1.20761,1.16589587221799,1.09211093566474,0.484032895151669
1.1468,44.801201,38.272358,23.265364,47.623756,40.049061,24.345411,1.70624,1.6473018383528,2.80611584335974,0.36172023249645274
1.1484,44.801201,38.272358,23.265364,46.096401,38.530846,23.947065,1.241,1.19813249097186,1.28290756644005,0.36172023249645274
1.1468,44.801201,38.272358,23.265364,47.623756,40.049061,24.345411,1.70624,1.6473018383528,2.80611584335974,0.4250801252420268
1.1492,44.801201,38.272358,23.265364,45.524429,39.906815,22.660521,1.31404,1.26864949108515,1.16870249225533,0.4250801252420268
1.1468,44.801201,38.272358,23.265364,47.623756,40.049061,24.345411,1.70624,1.6473018383528,2.80611584335974,0.23947442305971126
1.1699,44.720165,37.766644,23.12565,45.043018000000004,39.622589,22.522366,1.17392,1.13336961627856,1.08585340272686,0.23947442305971126
1.1468,44.801201,38.272358,23.265364,47.623756,40.049061,24.345411,1.70624,1.6473018383528,2.80611584335974,0.1963582027335
7.113,44.57517149224873,36.95897623838063,23.023442749720434,45.90691825034913,37.77152031503201,23.52961375158339,1.219447,1.17732399010328,1.30608321910391,0.1963582027335
1.1472,44.801201,38.272358,23.265364,45.866165,40.348148,24.721346,1.28192,1.23763900308352,1.31059111630649,0.3630376215358289
1.1485,44.801201,38.272358,23.265364,47.700783,40.00211,24.350201,1.83677,1.77332297779403,2.87702318050197,0.3630376215358289
1.1472,44.801201,38.272358,23.265364,45.866165,40.348148,24.721346,1.28192,1.23763900308352,1.31059111630649,0.15974525892433253
1.1486,44.801201,38.272358,23.265364,47.417435,40.011112,24.19216,1.46743,1.41674098406675,2.60157435399653,0.15974525892433253
1.1474,44.801201,38.272358,23.265364,45.400471,40.498734,24.994703,1.20761,1.16589587221799,1.09211093566474,0.3237668557404487
1.1485,44.801201,38.272358,23.265364,47.700783,40.00211,24.350201,1.83677,1.77332297779403,2.87702318050197,0.3237668557404487
1.1474,44.801201,38.272358,23.265364,45.400471,40.498734,24.994703,1.20761,1.16589587221799,1.09211093566474,0.4180595758272018
1.1486,44.801201,38.272358,23.265364,47.417435,40.011112,24.19216,1.46743,1.41674098406675,2.60157435399653,0.4180595758272018
1.1478,44.801201,38.272358,23.265364,43.330318,39.156811,24.35841,1.19068,1.14955068037903,1.47232855877821,0.16109605567069402
1.1713,44.720165,37.766644,23.12565,47.835133,38.069309,22.399614,1.68676,1.6284947304365,3.05054135781852,0.16109605567069402
1.1478,44.801201,38.272358,23.265364,43.330318,39.156811,24.35841,1.19068,1.14955068037903,1.47232855877821,0.19420865838629428
1.1726,44.720165,37.766644,23.12565,41.614643,38.204678,23.429976,1.68676,1.6284947304365,2.86581021342006,0.19420865838629428
1.1480,44.801201,38.272358,23.265364,43.507164,38.228367,23.643114,1.3299,1.28396164362891,1.23168549913385,0.24035925632688748
1.1481,44.801201,38.272358,23.265364,42.015461,37.237225,22.889879,1.63154,1.57518217914604,2.60426496004869,0.24035925632688748
1.1480,44.801201,38.272358,23.265364,43.507164,38.228367,23.643114,1.3299,1.28396164362891,1.23168549913385,0.391412222123662
1.1483,44.801201,38.272358,23.265364,41.813801,36.422642,22.189848,1.61772,1.56183955946414,2.85032443663536,0.391412222123662
1.1480,44.801201,38.272358,23.265364,43.507164,38.228367,23.643114,1.3299,1.28396164362891,1.23168549913385,0.23507901386139812
1.1497,44.801201,38.272358,23.265364,41.969048,37.887436,21.214329,1.90597,1.84013262193202,2.84874093825247,0.23507901386139812
1.1480,44.801201,38.272358,23.265364,43.507164,38.228367,23.643114,1.3299,1.28396164362891,1.23168549913385,0.36962690621799094
1.1705,44.720165,37.766644,23.12565,41.036758,36.816265,22.133057,1.68676,1.6284947304365,3.41544089851318,0.36962690621799094
1.1480,44.801201,38.272358,23.265364,43.507164,38.228367,23.643114,1.3299,1.28396164362891,1.23168549913385,0.36170572161982695
1.1713,44.720165,37.766644,23.12565,47.835133,38.069309,22.399614,1.68676,1.6284947304365,3.05054135781852,0.36170572161982695
1.1480,44.801201,38.272358,23.265364,43.507164,38.228367,23.643114,1.3299,1.28396164362891,1.23168549913385,0.45541740216588744
1.1719,44.720165,37.766644,23.12565,41.696815,38.757702,22.729319,1.82541,1.7623553830338,2.84900831347832,0.45541740216588744
1.1480,44.801201,38.272358,23.265364,43.507164,38.228367,23.643114,1.3299,1.28396164362891,1.23168549913385,0.6144498578591846
1.1726,44.720165,37.766644,23.12565,41.614643,38.204678,23.429976,1.68676,1.6284947304365,2.86581021342006,0.6144498578591846
1.1480,44.801201,38.272358,23.265364,43.507164,38.228367,23.643114,1.3299,1.28396164362891,1.23168549913385,0.47078394268121443
1.1734,44.720165,37.766644,23.12565,42.057941,36.92165,25.099762,1.68676,1.6284947304365,2.83060569225389,0.47078394268121443
1.1480,44.801201,38.272358,23.265364,43.507164,38.228367,23.643114,1.3299,1.28396164362891,1.23168549913385,0.17501853854368424
7.361,44.60351738852064,38.78155571208269,21.746543197241397,44.489974232848624,35.28218457991533,24.28917730304483,1.620184,1.56421844621495,2.70544683885885,0.17501853854368424
1.1481,44.801201,38.272358,23.265364,42.015461,37.237225,22.889879,1.63154,1.57518217914604,2.60426496004869,0.24879076169619838
1.1494,44.801201,38.272358,23.265364,44.390274,39.248653,22.117399,1.43763,1.38797035696686,1.04082526099156,0.24879076169619838
1.1481,44.801201,38.272358,23.265364,42.015461,37.237225,22.889879,1.63154,1.57518217914604,2.60426496004869,0.2961677984959277
1.1697,44.720165,37.766644,23.12565,43.624477,37.621201,22.009541,1.45565,1.40536789724673,1.19965295589464,0.2961677984959277
1.1481,44.801201,38.272358,23.265364,42.015461,37.237225,22.889879,1.63154,1.57518217914604,2.60426496004869,0.25685636211265805
1.1699,44.720165,37.766644,23.12565,45.043018000000004,39.622589,22.522366,1.17392,1.13336961627856,1.08585340272686,0.25685636211265805
1.1481,44.801201,38.272358,23.265364,42.015461,37.237225,22.889879,1.63154,1.57518217914604,2.60426496004869,0.36470599911180573
4.12,43.870068,35.629742,21.290045,44.072601,37.127289,22.695574,1.126994,1.0880645677118,0.769554419490261,0.36470599911180573
1.1481,44.801201,38.272358,23.265364,42.015461,37.237225,22.889879,1.63154,1.57518217914604,2.60426496004869,0.1633593899052949
4.76,45.099937,36.750183,22.469835,46.181698,36.91983,22.239534,1.145622,1.10604910602109,1.05157489929332,0.1633593899052949
1.1481,44.801201,38.272358,23.265364,42.015461,37.237225,22.889879,1.63154,1.57518217914604,2.60426496004869,0.18165450283821374
4.77,43.600025,37.299789,22.570135,44.974243,37.176563,22.39678,1.359844,1.31287129657787,1.29024390106441,0.18165450283821374
1.1481,44.801201,38.272358,23.265364,42.015461,37.237225,22.889879,1.63154,1.57518217914604,2.60426496004869,0.6413217846596335
4.106,43.86005,36.959896,22.410271,44.775291,36.950111,22.187439,1.229448,1.18697952841287,0.867505507831591,0.6413217846596335
1.1481,44.801201,38.272358,23.265364,42.015461,37.237225,22.889879,1.63154,1.57518217914604,2.60426496004869,0.1920590666375292
5.8,44.419933,36.18005,22.549789,44.476891,38.165051,22.633118,0.936094,0.903758771961172,0.866811219141489,0.1920590666375292
1.1481,44.801201,38.272358,23.265364,42.015461,37.237225,22.889879,1.63154,1.57518217914604,2.60426496004869,0.29910518601871844
5.9,44.510017,36.00988,22.309853,44.396122,38.320248,22.87945,1.070955,1.03396130690473,0.908276829574393,0.29910518601871844
1.1481,44.801201,38.272358,23.265364,42.015461,37.237225,22.889879,1.63154,1.57518217914604,2.60426496004869,0.39745279509499126
5.10,44.489975,35.940083,22.349972,44.418793,38.393051,22.841824,1.308945,1.26373048621689,0.978364339257622,0.39745279509499126
1.1481,44.801201,38.272358,23.265364,42.015461,37.237225,22.889879,1.63154,1.57518217914604,2.60426496004869,0.24901651622528134
5.13,44.440022,37.059891,21.320107,44.468494,37.088528,22.914507,1.047156,1.01098438897351,0.93706972375273,0.24901651622528134
1.1481,44.801201,38.272358,23.265364,42.015461,37.237225,22.889879,1.63154,1.57518217914604,2.60426496004869,0.16150201088595126
5.14,44.470062,37.049984,21.120243,44.441589,37.090839,23.134239,1.285146,1.24075356828568,1.18231127804555,0.16150201088595126
1.1481,44.801201,38.272358,23.265364,42.015461,37.237225,22.889879,1.63154,1.57518217914604,2.60426496004869,0.20106057601129843
5.22,44.449993,37.710121,21.169832,44.435749,36.423412,22.37541,1.158218,1.11821000598586,1.12715683194151,0.20106057601129843
1.1481,44.801201,38.272358,23.265364,42.015461,37.237225,22.889879,1.63154,1.57518217914604,2.60426496004869,0.25650574753446037
5.26,43.449951,35.7103,22.719934,44.406105,36.882622,22.633024,1.023357,0.988007471042298,1.0550257041602,0.25650574753446037
1.1481,44.801201,38.272358,23.265364,42.015461,37.237225,22.889879,1.63154,1.57518217914604,2.60426496004869,0.37938202201864457
5.27,43.449951,35.560188,22.639994,44.391842,37.037529,22.73987,1.237548,1.19479973242324,1.08913506367349,0.37938202201864457
1.1481,44.801201,38.272358,23.265364,42.015461,37.237225,22.889879,1.63154,1.57518217914604,2.60426496004869,0.5654979996019
5.29,44.330009,37.199749,23.160069,43.78183,37.969376,23.073114,1.070955,1.03396130690473,0.634188057383681,0.5654979996019
1.1481,44.801201,38.272358,23.265364,42.015461,37.237225,22.889879,1.63154,1.57518217914604,2.60426496004869,0.3092072523255677
5.30,45.350056,36.019573,23.100149,44.32386,37.201443,23.160089,1.42794,1.37861507587297,1.10060055129705,0.3092072523255677
1.1481,44.801201,38.272358,23.265364,42.015461,37.237225,22.889879,1.63154,1.57518217914604,2.60426496004869,0.2927789595873702
5.32,43.95993,37.0205,22.63007,44.376717,37.008488,23.037443,0.936094,0.903758771961172,0.459220089571616,0.2927789595873702
1.1481,44.801201,38.272358,23.265364,42.015461,37.237225,22.889879,1.63154,1.57518217914604,2.60426496004869,0.6107662297833607
5.33,43.899956,37.030128,22.490103,44.417511,36.98003,23.17672,1.102687,1.06459719747969,0.638802995769043,0.6107662297833607
1.1481,44.801201,38.272358,23.265364,42.015461,37.237225,22.889879,1.63154,1.57518217914604,2.60426496004869,0.7125789538406601
5.34,43.759983,37.000278,22.37995,44.56496,37.031937,23.284607,1.340677,1.29436637679185,0.91776648364448,0.7125789538406601
1.1481,44.801201,38.272358,23.265364,42.015461,37.237225,22.889879,1.63154,1.57518217914604,2.60426496004869,0.21999711856008974
5.37,45.219978,37.020203,22.339933,44.218014,37.151577,23.296185,1.023357,0.988007471042298,1.0849785346728,0.21999711856008974
1.1481,44.801201,38.272358,23.265364,42.015461,37.237225,22.889879,1.63154,1.57518217914604,2.60426496004869,0.22594380972440584
5.38,45.259933,37.10017,22.099951,44.173214,37.137138,23.219437,1.308945,1.26373048621689,1.21400281575858,0.22594380972440584
1.1481,44.801201,38.272358,23.265364,42.015461,37.237225,22.889879,1.63154,1.57518217914604,2.60426496004869,0.15762044784519355
5.41,43.81995,37.200417,21.679749,44.566662,37.167774,21.584,0.87263,0.842486990811262,0.700351892324673,0.15762044784519355
1.1481,44.801201,38.272358,23.265364,42.015461,37.237225,22.889879,1.63154,1.57518217914604,2.60426496004869,0.6706097086708357
5.42,43.86005,36.959896,22.410271,44.775291,36.950111,22.187439,1.26928,1.2254356229982,0.867505507831591,0.6706097086708357
1.1481,44.801201,38.272358,23.265364,42.015461,37.237225,22.889879,1.63154,1.57518217914604,2.60426496004869,0.28240380692720135
6.65,43.11,35.49,22.27,43.99727809141985,36.41270480287401,23.247455175121324,1.02,0.984766430935777,0.961519585938287,0.28240380692720135
1.1481,44.801201,38.272358,23.265364,42.015461,37.237225,22.889879,1.63154,1.57518217914604,2.60426496004869,0.15050164998257315
6.224,42.93,35.16,23.56,43.50021798331866,35.57265775108587,22.525854666218127,1.02,0.984766430935777,0.90483557540355,0.15050164998257315
1.1481,44.801201,38.272358,23.265364,42.015461,37.237225,22.889879,1.63154,1.57518217914604,2.60426496004869,0.17041633931495673
7.92,44.57517149224873,36.95897623838063,23.023442749720434,44.58934775569448,39.080708778986896,25.054252197224102,0.982452,0.948515440789918,1.02575885376779,0.17041633931495673
1.1481,44.801201,38.272358,23.265364,42.015461,37.237225,22.889879,1.63154,1.57518217914604,2.60426496004869,0.1755926116223253
7.111,44.57517149224873,36.95897623838063,23.023442749720434,45.455625795399975,37.534170935574984,23.294607914993804,0.913508,0.881952953716941,0.8621086350459,0.1755926116223253
1.1481,44.801201,38.272358,23.265364,42.015461,37.237225,22.889879,1.63154,1.57518217914604,2.60426496004869,0.1991828888745393
7.112,44.57517149224873,36.95897623838063,23.023442749720434,45.67525911468617,37.772985385557675,23.457170351200073,1.029851,0.99427715065259,1.08944222284532,0.1991828888745393
1.1481,44.801201,38.272358,23.265364,42.015461,37.237225,22.889879,1.63154,1.57518217914604,2.60426496004869,0.24707481473807472
7.117,44.57517149224873,36.95897623838063,23.023442749720434,43.43360642568766,36.173492413329456,22.566770196731134,1.03416,0.99843730609465,1.10901620179134,0.24707481473807472
1.1481,44.801201,38.272358,23.265364,42.015461,37.237225,22.889879,1.63154,1.57518217914604,2.60426496004869,0.165272370700638
7.209,44.56098859042097,38.573724315756394,24.555576237150024,44.34744313390436,36.02380869130917,23.779829262379405,0.969525,0.936034974463735,1.00400707881983,0.165272370700638
1.1481,44.801201,38.272358,23.265364,42.015461,37.237225,22.889879,1.63154,1.57518217914604,2.60426496004869,0.15482087308687195
7.211,44.56098859042097,38.573724315756394,24.555576237150024,43.69756372940281,36.53801632030218,22.59692718339512,1.189284,1.14820290200885,1.28355966155084,0.15482087308687195
1.1481,44.801201,38.272358,23.265364,42.015461,37.237225,22.889879,1.63154,1.57518217914604,2.60426496004869,0.19727364058312316
7.404,45.06744545788468,37.23821468296523,23.194550007141924,44.11798295939927,36.44217685030859,22.849908142926267,0.926435,0.894433420043124,0.943647459411894,0.19727364058312316
1.1482,44.801201,38.272358,23.265364,43.330318,37.64455,22.841187,1.0489,1.01266814647896,1.39650850956276,0.21958771357091353
1.1483,44.801201,38.272358,23.265364,41.813801,36.422642,22.189848,1.61772,1.56183955946414,2.85032443663536,0.21958771357091353
1.1482,44.801201,38.272358,23.265364,43.330318,37.64455,22.841187,1.0489,1.01266814647896,1.39650850956276,0.3246172864682386
1.1705,44.720165,37.766644,23.12565,41.036758,36.816265,22.133057,1.68676,1.6284947304365,3.41544089851318,0.3246172864682386
1.1482,44.801201,38.272358,23.265364,43.330318,37.64455,22.841187,1.0489,1.01266814647896,1.39650850956276,0.18266300569223512
1.1726,44.720165,37.766644,23.12565,41.614643,38.204678,23.429976,1.68676,1.6284947304365,2.86581021342006,0.18266300569223512
1.1483,44.801201,38.272358,23.265364,41.813801,36.422642,22.189848,1.61772,1.56183955946414,2.85032443663536,0.16008158606096234
1.1494,44.801201,38.272358,23.265364,44.390274,39.248653,22.117399,1.43763,1.38797035696686,1.04082526099156,0.16008158606096234
1.1483,44.801201,38.272358,23.265364,41.813801,36.422642,22.189848,1.61772,1.56183955946414,2.85032443663536,0.2817018788658255
1.1496,44.801201,38.272358,23.265364,43.551208,38.391315,22.027452,1.69283,1.63435505615785,1.39099723183746,0.2817018788658255
1.1483,44.801201,38.272358,23.265364,41.813801,36.422642,22.189848,1.61772,1.56183955946414,2.85032443663536,0.5101414790021471
1.1691,44.720165,37.766644,23.12565,43.730396,35.689289,21.568848,1.35877,1.31183439545354,1.28922916156338,0.5101414790021471
1.1483,44.801201,38.272358,23.265364,41.813801,36.422642,22.189848,1.61772,1.56183955946414,2.85032443663536,0.6246133173069915
1.1697,44.720165,37.766644,23.12565,43.624477,37.621201,22.009541,1.45565,1.40536789724673,1.19965295589464,0.6246133173069915
1.1483,44.801201,38.272358,23.265364,41.813801,36.422642,22.189848,1.61772,1.56183955946414,2.85032443663536,0.247416935007134
1.1699,44.720165,37.766644,23.12565,45.043018000000004,39.622589,22.522366,1.17392,1.13336961627856,1.08585340272686,0.247416935007134
1.1483,44.801201,38.272358,23.265364,41.813801,36.422642,22.189848,1.61772,1.56183955946414,2.85032443663536,0.3192808350081787
1.1711,44.720165,37.766644,23.12565,43.959206,34.881966,22.462944,1.45007,1.39998064559514,1.35756516042183,0.3192808350081787
1.1483,44.801201,38.272358,23.265364,41.813801,36.422642,22.189848,1.61772,1.56183955946414,2.85032443663536,0.2056096580937459
1.1733,44.720165,37.766644,23.12565,43.525524,36.431755,23.569441,1.00598,0.971230719796837,1.36094568419417,0.2056096580937459
1.1483,44.801201,38.272358,23.265364,41.813801,36.422642,22.189848,1.61772,1.56183955946414,2.85032443663536,0.5671165614643341
4.12,43.870068,35.629742,21.290045,44.072601,37.127289,22.695574,1.126994,1.0880645677118,0.769554419490261,0.5671165614643341
1.1483,44.801201,38.272358,23.265364,41.813801,36.422642,22.189848,1.61772,1.56183955946414,2.85032443663536,0.2166534138383957
4.13,43.449951,38.100449,20.989811,43.626087,37.972427,23.039627,0.987284,0.953180530392155,1.24802879487183,0.2166534138383957
1.1483,44.801201,38.272358,23.265364,41.813801,36.422642,22.189848,1.61772,1.56183955946414,2.85032443663536,0.21387723016689664
4.76,45.099937,36.750183,22.469835,46.181698,36.91983,22.239534,1.145622,1.10604910602109,1.05157489929332,0.21387723016689664
1.1483,44.801201,38.272358,23.265364,41.813801,36.422642,22.189848,1.61772,1.56183955946414,2.85032443663536,0.517257999776988
4.77,43.600025,37.299789,22.570135,44.974243,37.176563,22.39678,1.359844,1.31287129657787,1.29024390106441,0.517257999776988
1.1483,44.801201,38.272358,23.265364,41.813801,36.422642,22.189848,1.61772,1.56183955946414,2.85032443663536,0.712995465363972
4.106,43.86005,36.959896,22.410271,44.775291,36.950111,22.187439,1.229448,1.18697952841287,0.867505507831591,0.712995465363972
1.1483,44.801201,38.272358,23.265364,41.813801,36.422642,22.189848,1.61772,1.56183955946414,2.85032443663536,0.24207637177308353
5.8,44.419933,36.18005,22.549789,44.476891,38.165051,22.633118,0.936094,0.903758771961172,0.866811219141489,0.24207637177308353
1.1483,44.801201,38.272358,23.265364,41.813801,36.422642,22.189848,1.61772,1.56183955946414,2.85032443663536,0.4127526085930579
5.9,44.510017,36.00988,22.309853,44.396122,38.320248,22.87945,1.070955,1.03396130690473,0.908276829574393,0.4127526085930579
1.1483,44.801201,38.272358,23.265364,41.813801,36.422642,22.189848,1.61772,1.56183955946414,2.85032443663536,0.5895694453391819
5.10,44.489975,35.940083,22.349972,44.418793,38.393051,22.841824,1.308945,1.26373048621689,0.978364339257622,0.5895694453391819
1.1483,44.801201,38.272358,23.265364,41.813801,36.422642,22.189848,1.61772,1.56183955946414,2.85032443663536,0.34646936444689097
5.13,44.440022,37.059891,21.320107,44.468494,37.088528,22.914507,1.047156,1.01098438897351,0.93706972375273,0.34646936444689097
1.1483,44.801201,38.272358,23.265364,41.813801,36.422642,22.189848,1.61772,1.56183955946414,2.85032443663536,0.3940824330060492
5.14,44.470062,37.049984,21.120243,44.441589,37.090839,23.134239,1.285146,1.24075356828568,1.18231127804555,0.3940824330060492
1.1483,44.801201,38.272358,23.265364,41.813801,36.422642,22.189848,1.61772,1.56183955946414,2.85032443663536,0.20373594005796308
5.21,44.500069,37.659645,21.260138,44.386135,36.4664,22.274618,0.936094,0.903758771961172,0.995990787347523,0.20373594005796308
1.1483,44.801201,38.272358,23.265364,41.813801,36.422642,22.189848,1.61772,1.56183955946414,2.85032443663536,0.3783470186440173
5.22,44.449993,37.710121,21.169832,44.435749,36.423412,22.37541,1.158218,1.11821000598586,1.12715683194151,0.3783470186440173
1.1483,44.801201,38.272358,23.265364,41.813801,36.422642,22.189848,1.61772,1.56183955946414,2.85032443663536,0.2572902046983458
5.23,44.480019,37.719929,20.979906,44.394554,36.395611,22.567541,1.380342,1.33266124001054,1.35091214089471,0.2572902046983458
1.1483,44.801201,38.272358,23.265364,41.813801,36.422642,22.189848,1.61772,1.56183955946414,2.85032443663536,0.44869707328641195
5.26,43.449951,35.7103,22.719934,44.406105,36.882622,22.633024,1.023357,0.988007471042298,1.0550257041602,0.44869707328641195
1.1483,44.801201,38.272358,23.265364,41.813801,36.422642,22.189848,1.61772,1.56183955946414,2.85032443663536,0.7114205808842419
5.27,43.449951,35.560188,22.639994,44.391842,37.037529,22.73987,1.237548,1.19479973242324,1.08913506367349,0.7114205808842419
1.1483,44.801201,38.272358,23.265364,41.813801,36.422642,22.189848,1.61772,1.56183955946414,2.85032443663536,0.43516976700068394
5.29,44.330009,37.199749,23.160069,43.78183,37.969376,23.073114,1.070955,1.03396130690473,0.634188057383681,0.43516976700068394
1.1483,44.801201,38.272358,23.265364,41.813801,36.422642,22.189848,1.61772,1.56183955946414,2.85032443663536,0.19157729576584673
5.30,45.350056,36.019573,23.100149,44.32386,37.201443,23.160089,1.42794,1.37861507587297,1.10060055129705,0.19157729576584673
1.1483,44.801201,38.272358,23.265364,41.813801,36.422642,22.189848,1.61772,1.56183955946414,2.85032443663536,0.1519164366818958
5.31,45.229973,36.590229,23.069777,43.780373,37.969959,23.060562,1.800791,1.7385867901287,1.49856678092753,0.1519164366818958
1.1483,44.801201,38.272358,23.265364,41.813801,36.422642,22.189848,1.61772,1.56183955946414,2.85032443663536,0.2870443579199203
5.32,43.95993,37.0205,22.63007,44.376717,37.008488,23.037443,0.936094,0.903758771961172,0.459220089571616,0.2870443579199203
1.1483,44.801201,38.272358,23.265364,41.813801,36.422642,22.189848,1.61772,1.56183955946414,2.85032443663536,0.5858503437581022
5.33,43.899956,37.030128,22.490103,44.417511,36.98003,23.17672,1.102687,1.06459719747969,0.638802995769043,0.5858503437581022
1.1483,44.801201,38.272358,23.265364,41.813801,36.422642,22.189848,1.61772,1.56183955946414,2.85032443663536,0.8377027953113836
5.34,43.759983,37.000278,22.37995,44.56496,37.031937,23.284607,1.340677,1.29436637679185,0.91776648364448,0.8377027953113836
1.1483,44.801201,38.272358,23.265364,41.813801,36.422642,22.189848,1.61772,1.56183955946414,2.85032443663536,0.29588675157624766
5.37,45.219978,37.020203,22.339933,44.218014,37.151577,23.296185,1.023357,0.988007471042298,1.0849785346728,0.29588675157624766
1.1483,44.801201,38.272358,23.265364,41.813801,36.422642,22.189848,1.61772,1.56183955946414,2.85032443663536,0.4344980551136227
5.38,45.259933,37.10017,22.099951,44.173214,37.137138,23.219437,1.308945,1.26373048621689,1.21400281575858,0.4344980551136227
1.1483,44.801201,38.272358,23.265364,41.813801,36.422642,22.189848,1.61772,1.56183955946414,2.85032443663536,0.17457834174562195
5.41,43.81995,37.200417,21.679749,44.566662,37.167774,21.584,0.87263,0.842486990811262,0.700351892324673,0.17457834174562195
1.1483,44.801201,38.272358,23.265364,41.813801,36.422642,22.189848,1.61772,1.56183955946414,2.85032443663536,0.742483531927856
5.42,43.86005,36.959896,22.410271,44.775291,36.950111,22.187439,1.26928,1.2254356229982,0.867505507831591,0.742483531927856
1.1483,44.801201,38.272358,23.265364,41.813801,36.422642,22.189848,1.61772,1.56183955946414,2.85032443663536,0.4495171208514495
6.65,43.11,35.49,22.27,43.99727809141985,36.41270480287401,23.247455175121324,1.02,0.984766430935777,0.961519585938287,0.4495171208514495
1.1483,44.801201,38.272358,23.265364,41.813801,36.422642,22.189848,1.61772,1.56183955946414,2.85032443663536,0.20935980190399603
6.224,42.93,35.16,23.56,43.50021798331866,35.57265775108587,22.525854666218127,1.02,0.984766430935777,0.90483557540355,0.20935980190399603
1.1483,44.801201,38.272358,23.265364,41.813801,36.422642,22.189848,1.61772,1.56183955946414,2.85032443663536,0.20578220170372877
7.92,44.57517149224873,36.95897623838063,23.023442749720434,44.58934775569448,39.080708778986896,25.054252197224102,0.982452,0.948515440789918,1.02575885376779,0.20578220170372877
1.1483,44.801201,38.272358,23.265364,41.813801,36.422642,22.189848,1.61772,1.56183955946414,2.85032443663536,0.15038259560080686
7.97,44.57517149224873,36.95897623838063,23.023442749720434,44.4615217478265,34.784355536444046,21.295253235925372,0.956598,0.923554508137552,0.983420283320989,0.15038259560080686
1.1483,44.801201,38.272358,23.265364,41.813801,36.422642,22.189848,1.61772,1.56183955946414,2.85032443663536,0.17047644180224705
7.111,44.57517149224873,36.95897623838063,23.023442749720434,45.455625795399975,37.534170935574984,23.294607914993804,0.913508,0.881952953716941,0.8621086350459,0.17047644180224705
1.1483,44.801201,38.272358,23.265364,41.813801,36.422642,22.189848,1.61772,1.56183955946414,2.85032443663536,0.27248073394529293
7.112,44.57517149224873,36.95897623838063,23.023442749720434,45.67525911468617,37.772985385557675,23.457170351200073,1.029851,0.99427715065259,1.08944222284532,0.27248073394529293
1.1483,44.801201,38.272358,23.265364,41.813801,36.422642,22.189848,1.61772,1.56183955946414,2.85032443663536,0.27612764410358004
7.113,44.57517149224873,36.95897623838063,23.023442749720434,45.90691825034913,37.77152031503201,23.52961375158339,1.219447,1.17732399010328,1.30608321910391,0.27612764410358004
1.1483,44.801201,38.272358,23.265364,41.813801,36.422642,22.189848,1.61772,1.56183955946414,2.85032443663536,0.1539455291823242
7.116,44.57517149224873,36.95897623838063,23.023442749720434,43.69756372940281,36.53792507620707,22.597239207905815,0.827328,0.79874984487572,0.848819357595633,0.1539455291823242
1.1483,44.801201,38.272358,23.265364,41.813801,36.422642,22.189848,1.61772,1.56183955946414,2.85032443663536,0.4716309983837459
7.117,44.57517149224873,36.95897623838063,23.023442749720434,43.43360642568766,36.173492413329456,22.566770196731134,1.03416,0.99843730609465,1.10901620179134,0.4716309983837459
1.1483,44.801201,38.272358,23.265364,41.813801,36.422642,22.189848,1.61772,1.56183955946414,2.85032443663536,0.31387466371223477
7.118,44.57517149224873,36.95897623838063,23.023442749720434,43.10777397801501,35.995247030617236,22.45824415660518,1.197902,1.15652321289297,1.41769205273371,0.31387466371223477
1.1483,44.801201,38.272358,23.265364,41.813801,36.422642,22.189848,1.61772,1.56183955946414,2.85032443663536,0.1884377102422743
7.188,44.56098859042097,37.901998034951035,24.026156614974514,44.44728545774344,35.9748809105665,22.07321940794642,0.90489,0.873632642832819,1.00102302341556,0.1884377102422743
1.1483,44.801201,38.272358,23.265364,41.813801,36.422642,22.189848,1.61772,1.56183955946414,2.85032443663536,0.20170493316002477
7.209,44.56098859042097,38.573724315756394,24.555576237150024,44.34744313390436,36.02380869130917,23.779829262379405,0.969525,0.936034974463735,1.00400707881983,0.20170493316002477
1.1483,44.801201,38.272358,23.265364,41.813801,36.422642,22.189848,1.61772,1.56183955946414,2.85032443663536,0.4703751687953353
7.211,44.56098859042097,38.573724315756394,24.555576237150024,43.69756372940281,36.53801632030218,22.59692718339512,1.189284,1.14820290200885,1.28355966155084,0.4703751687953353
1.1483,44.801201,38.272358,23.265364,41.813801,36.422642,22.189848,1.61772,1.56183955946414,2.85032443663536,0.1574211969826492
7.280,44.44728545774344,35.97521859456376,22.0733607846343,45.06744545788468,37.23867021462868,23.19477644893174,0.870418,0.840351399296331,0.837074101389706,0.1574211969826492
1.1483,44.801201,38.272358,23.265364,41.813801,36.422642,22.189848,1.61772,1.56183955946414,2.85032443663536,0.19638161243112234
7.293,44.57517149224873,35.399492389150744,21.68787369451971,44.518399976803536,38.07468663998459,22.14021362742622,0.969525,0.936034974463735,1.084991068374,0.19638161243112234
1.1483,44.801201,38.272358,23.265364,41.813801,36.422642,22.189848,1.61772,1.56183955946414,2.85032443663536,0.18902009835140446
7.382,44.34744313390436,36.02371776774294,23.780033708416347,45.455625795399975,37.53417018065136,23.294493932593664,1.167739,1.12740212479854,1.36831160428229,0.18902009835140446
1.1483,44.801201,38.272358,23.265364,41.813801,36.422642,22.189848,1.61772,1.56183955946414,2.85032443663536,0.19857980951931478
7.383,44.34744313390436,36.02371776774294,23.780033708416347,43.69756372940281,36.53792439851406,22.597128484669902,0.909199,0.87779279827488,1.04414862934801,0.19857980951931478
1.1483,44.801201,38.272358,23.265364,41.813801,36.422642,22.189848,1.61772,1.56183955946414,2.85032443663536,0.2566501787785688
7.404,45.06744545788468,37.23821468296523,23.194550007141924,44.11798295939927,36.44217685030859,22.849908142926267,0.926435,0.894433420043124,0.943647459411894,0.2566501787785688
1.1484,44.801201,38.272358,23.265364,46.096401,38.530846,23.947065,1.241,1.19813249097186,1.28290756644005,0.30638534623484437
1.1485,44.801201,38.272358,23.265364,47.700783,40.00211,24.350201,1.83677,1.77332297779403,2.87702318050197,0.30638534623484437
1.1484,44.801201,38.272358,23.265364,46.096401,38.530846,23.947065,1.241,1.19813249097186,1.28290756644005,0.17756337663015076
1.1486,44.801201,38.272358,23.265364,47.417435,40.011112,24.19216,1.46743,1.41674098406675,2.60157435399653,0.17756337663015076
1.1484,44.801201,38.272358,23.265364,46.096401,38.530846,23.947065,1.241,1.19813249097186,1.28290756644005,0.1856967907150572
1.1692,44.720165,37.766644,23.12565,48.579742,36.674446,22.534721,1.82541,1.7623553830338,3.770297917356,0.1856967907150572
1.1484,44.801201,38.272358,23.265364,46.096401,38.530846,23.947065,1.241,1.19813249097186,1.28290756644005,0.5687661519361584
1.1713,44.720165,37.766644,23.12565,47.835133,38.069309,22.399614,1.68676,1.6284947304365,3.05054135781852,0.5687661519361584
1.1484,44.801201,38.272358,23.265364,46.096401,38.530846,23.947065,1.241,1.19813249097186,1.28290756644005,0.20564856128084
1.1726,44.720165,37.766644,23.12565,41.614643,38.204678,23.429976,1.68676,1.6284947304365,2.86581021342006,0.20564856128084
1.1485,44.801201,38.272358,23.265364,47.700783,40.00211,24.350201,1.83677,1.77332297779403,2.87702318050197,0.3618122634608547
1.1492,44.801201,38.272358,23.265364,45.524429,39.906815,22.660521,1.31404,1.26864949108515,1.16870249225533,0.3618122634608547
1.1485,44.801201,38.272358,23.265364,47.700783,40.00211,24.350201,1.83677,1.77332297779403,2.87702318050197,0.16208006936234257
7.113,44.57517149224873,36.95897623838063,23.023442749720434,45.90691825034913,37.77152031503201,23.52961375158339,1.219447,1.17732399010328,1.30608321910391,0.16208006936234257
1.1486,44.801201,38.272358,23.265364,47.417435,40.011112,24.19216,1.46743,1.41674098406675,2.60157435399653,0.27798776004503917
1.1492,44.801201,38.272358,23.265364,45.524429,39.906815,22.660521,1.31404,1.26864949108515,1.16870249225533,0.27798776004503917
1.1486,44.801201,38.272358,23.265364,47.417435,40.011112,24.19216,1.46743,1.41674098406675,2.60157435399653,0.27790581281091753
1.1699,44.720165,37.766644,23.12565,45.043018000000004,39.622589,22.522366,1.17392,1.13336961627856,1.08585340272686,0.27790581281091753
1.1486,44.801201,38.272358,23.265364,47.417435,40.011112,24.19216,1.46743,1.41674098406675,2.60157435399653,0.21308687956450553
1.1706,44.720165,37.766644,23.12565,45.265617,38.938438,23.197872,0.764178,0.737781217313373,0.71564173967275,0.21308687956450553
1.1486,44.801201,38.272358,23.265364,47.417435,40.011112,24.19216,1.46743,1.41674098406675,2.60157435399653,0.24645814037778319
1.1722,44.720165,37.766644,23.12565,45.431507,39.545952,24.802692,0.866273,0.836349578849048,1.08366777119223,0.24645814037778319
1.1486,44.801201,38.272358,23.265364,47.417435,40.011112,24.19216,1.46743,1.41674098406675,2.60157435399653,0.40162832146470234
1.1724,44.720165,37.766644,23.12565,45.248283,39.168568,24.355015,0.874304,0.844103166306739,0.81134984148713,0.40162832146470234
1.1486,44.801201,38.272358,23.265364,47.417435,40.011112,24.19216,1.46743,1.41674098406675,2.60157435399653,0.21329411564785883
1.1813,44.730747,37.294174,23.309671,45.414268,37.658691,23.715281,0.842586,0.813480792133777,0.678541454913634,0.21329411564785883
1.1486,44.801201,38.272358,23.265364,47.417435,40.011112,24.19216,1.46743,1.41674098406675,2.60157435399653,0.15954378589819113
7.91,44.57517149224873,36.95897623838063,23.023442749720434,44.56098859042097,38.573629232545095,24.55590075641114,0.81871,0.790429533991598,0.780254950052494,0.15954378589819113
1.1486,44.801201,38.272358,23.265364,47.417435,40.011112,24.19216,1.46743,1.41674098406675,2.60157435399653,0.220514948393773
7.92,44.57517149224873,36.95897623838063,23.023442749720434,44.58934775569448,39.080708778986896,25.054252197224102,0.982452,0.948515440789918,1.02575885376779,0.220514948393773
1.1486,44.801201,38.272358,23.265364,47.417435,40.011112,24.19216,1.46743,1.41674098406675,2.60157435399653,0.20326836781707466
7.111,44.57517149224873,36.95897623838063,23.023442749720434,45.455625795399975,37.534170935574984,23.294607914993804,0.913508,0.881952953716941,0.8621086350459,0.20326836781707466
1.1486,44.801201,38.272358,23.265364,47.417435,40.011112,24.19216,1.46743,1.41674098406675,2.60157435399653,0.2329918755827879
7.112,44.57517149224873,36.95897623838063,23.023442749720434,45.67525911468617,37.772985385557675,23.457170351200073,1.029851,0.99427715065259,1.08944222284532,0.2329918755827879
1.1486,44.801201,38.272358,23.265364,47.417435,40.011112,24.19216,1.46743,1.41674098406675,2.60157435399653,0.15609270801975064
7.209,44.56098859042097,38.573724315756394,24.555576237150024,44.34744313390436,36.02380869130917,23.779829262379405,0.969525,0.936034974463735,1.00400707881983,0.15609270801975064
1.1486,44.801201,38.272358,23.265364,47.417435,40.011112,24.19216,1.46743,1.41674098406675,2.60157435399653,0.1579250313309594
7.210,44.56098859042097,38.573724315756394,24.555576237150024,45.455625795399975,37.53426466326909,23.294286720622015,0.917817,0.886113109159002,1.04627280180266,0.1579250313309594
1.1487,44.801201,38.272358,23.265364,46.458607,39.681278,23.704124,1.48951,1.43805828092466,1.66892818317973,0.15432045016186505
1.1692,44.720165,37.766644,23.12565,48.579742,36.674446,22.534721,1.82541,1.7623553830338,3.770297917356,0.15432045016186505
1.1487,44.801201,38.272358,23.265364,46.458607,39.681278,23.704124,1.48951,1.43805828092466,1.66892818317973,0.21054049048385684
1.1713,44.720165,37.766644,23.12565,47.835133,38.069309,22.399614,1.68676,1.6284947304365,3.05054135781852,0.21054049048385684
1.1489,44.801201,38.272358,23.265364,46.15033,39.788517,23.014376,1.19068,1.14955068037903,1.48893173807032,0.33760448166104234
1.1713,44.720165,37.766644,23.12565,47.835133,38.069309,22.399614,1.68676,1.6284947304365,3.05054135781852,0.33760448166104234
1.1492,44.801201,38.272358,23.265364,45.524429,39.906815,22.660521,1.31404,1.26864949108515,1.16870249225533,0.46329232331464965
1.1713,44.720165,37.766644,23.12565,47.835133,38.069309,22.399614,1.68676,1.6284947304365,3.05054135781852,0.46329232331464965
1.1492,44.801201,38.272358,23.265364,45.524429,39.906815,22.660521,1.31404,1.26864949108515,1.16870249225533,0.21579164055868216
7.361,44.60351738852064,38.78155571208269,21.746543197241397,44.489974232848624,35.28218457991533,24.28917730304483,1.620184,1.56421844621495,2.70544683885885,0.21579164055868216
1.1494,44.801201,38.272358,23.265364,44.390274,39.248653,22.117399,1.43763,1.38797035696686,1.04082526099156,0.3999078127339187
1.1497,44.801201,38.272358,23.265364,41.969048,37.887436,21.214329,1.90597,1.84013262193202,2.84874093825247,0.3999078127339187
1.1494,44.801201,38.272358,23.265364,44.390274,39.248653,22.117399,1.43763,1.38797035696686,1.04082526099156,0.22595181595685915
1.1713,44.720165,37.766644,23.12565,47.835133,38.069309,22.399614,1.68676,1.6284947304365,3.05054135781852,0.22595181595685915
1.1494,44.801201,38.272358,23.265364,44.390274,39.248653,22.117399,1.43763,1.38797035696686,1.04082526099156,0.4967968538536928
1.1719,44.720165,37.766644,23.12565,41.696815,38.757702,22.729319,1.82541,1.7623553830338,2.84900831347832,0.4967968538536928
1.1494,44.801201,38.272358,23.265364,44.390274,39.248653,22.117399,1.43763,1.38797035696686,1.04082526099156,0.360394178255677
1.1726,44.720165,37.766644,23.12565,41.614643,38.204678,23.429976,1.68676,1.6284947304365,2.86581021342006,0.360394178255677
1.1494,44.801201,38.272358,23.265364,44.390274,39.248653,22.117399,1.43763,1.38797035696686,1.04082526099156,0.32236210314667896
7.361,44.60351738852064,38.78155571208269,21.746543197241397,44.489974232848624,35.28218457991533,24.28917730304483,1.620184,1.56421844621495,2.70544683885885,0.32236210314667896
1.1496,44.801201,38.272358,23.265364,43.551208,38.391315,22.027452,1.69283,1.63435505615785,1.39099723183746,0.38127380323403864
1.1497,44.801201,38.272358,23.265364,41.969048,37.887436,21.214329,1.90597,1.84013262193202,2.84874093825247,0.38127380323403864
1.1496,44.801201,38.272358,23.265364,43.551208,38.391315,22.027452,1.69283,1.63435505615785,1.39099723183746,0.3482374200786413
1.1499,44.801201,38.272358,23.265364,41.673363,36.111137,22.008919,2.03366,1.96341186268319,3.00546643221302,0.3482374200786413
1.1496,44.801201,38.272358,23.265364,43.551208,38.391315,22.027452,1.69283,1.63435505615785,1.39099723183746,0.5154269010683217
1.1705,44.720165,37.766644,23.12565,41.036758,36.816265,22.133057,1.68676,1.6284947304365,3.41544089851318,0.5154269010683217
1.1496,44.801201,38.272358,23.265364,43.551208,38.391315,22.027452,1.69283,1.63435505615785,1.39099723183746,0.3653768245425765
1.1719,44.720165,37.766644,23.12565,41.696815,38.757702,22.729319,1.82541,1.7623553830338,2.84900831347832,0.3653768245425765
1.1496,44.801201,38.272358,23.265364,43.551208,38.391315,22.027452,1.69283,1.63435505615785,1.39099723183746,0.3406822069617863
1.1726,44.720165,37.766644,23.12565,41.614643,38.204678,23.429976,1.68676,1.6284947304365,2.86581021342006,0.3406822069617863
1.1497,44.801201,38.272358,23.265364,41.969048,37.887436,21.214329,1.90597,1.84013262193202,2.84874093825247,0.23427165055095
1.1691,44.720165,37.766644,23.12565,43.730396,35.689289,21.568848,1.35877,1.31183439545354,1.28922916156338,0.23427165055095
1.1497,44.801201,38.272358,23.265364,41.969048,37.887436,21.214329,1.90597,1.84013262193202,2.84874093825247,0.5667988733078659
1.1697,44.720165,37.766644,23.12565,43.624477,37.621201,22.009541,1.45565,1.40536789724673,1.19965295589464,0.5667988733078659
1.1497,44.801201,38.272358,23.265364,41.969048,37.887436,21.214329,1.90597,1.84013262193202,2.84874093825247,0.32581430497568026
4.77,43.600025,37.299789,22.570135,44.974243,37.176563,22.39678,1.359844,1.31287129657787,1.29024390106441,0.32581430497568026
1.1497,44.801201,38.272358,23.265364,41.969048,37.887436,21.214329,1.90597,1.84013262193202,2.84874093825247,0.2632157902646441
4.106,43.86005,36.959896,22.410271,44.775291,36.950111,22.187439,1.229448,1.18697952841287,0.867505507831591,0.2632157902646441
1.1497,44.801201,38.272358,23.265364,41.969048,37.887436,21.214329,1.90597,1.84013262193202,2.84874093825247,0.17625989000535625
5.10,44.489975,35.940083,22.349972,44.418793,38.393051,22.841824,1.308945,1.26373048621689,0.978364339257622,0.17625989000535625
1.1497,44.801201,38.272358,23.265364,41.969048,37.887436,21.214329,1.90597,1.84013262193202,2.84874093825247,0.2570763660951102
5.14,44.470062,37.049984,21.120243,44.441589,37.090839,23.134239,1.285146,1.24075356828568,1.18231127804555,0.2570763660951102
1.1497,44.801201,38.272358,23.265364,41.969048,37.887436,21.214329,1.90597,1.84013262193202,2.84874093825247,0.21373250047899
5.23,44.480019,37.719929,20.979906,44.394554,36.395611,22.567541,1.380342,1.33266124001054,1.35091214089471,0.21373250047899
1.1497,44.801201,38.272358,23.265364,41.969048,37.887436,21.214329,1.90597,1.84013262193202,2.84874093825247,0.15286996032987368
5.27,43.449951,35.560188,22.639994,44.391842,37.037529,22.73987,1.237548,1.19479973242324,1.08913506367349,0.15286996032987368
1.1497,44.801201,38.272358,23.265364,41.969048,37.887436,21.214329,1.90597,1.84013262193202,2.84874093825247,0.23408449806726558
5.30,45.350056,36.019573,23.100149,44.32386,37.201443,23.160089,1.42794,1.37861507587297,1.10060055129705,0.23408449806726558
1.1497,44.801201,38.272358,23.265364,41.969048,37.887436,21.214329,1.90597,1.84013262193202,2.84874093825247,0.15625337939407177
5.31,45.229973,36.590229,23.069777,43.780373,37.969959,23.060562,1.800791,1.7385867901287,1.49856678092753,0.15625337939407177
1.1497,44.801201,38.272358,23.265364,41.969048,37.887436,21.214329,1.90597,1.84013262193202,2.84874093825247,0.4823813194159811
5.34,43.759983,37.000278,22.37995,44.56496,37.031937,23.284607,1.340677,1.29436637679185,0.91776648364448,0.4823813194159811
1.1497,44.801201,38.272358,23.265364,41.969048,37.887436,21.214329,1.90597,1.84013262193202,2.84874093825247,0.1775547165794741
5.38,45.259933,37.10017,22.099951,44.173214,37.137138,23.219437,1.308945,1.26373048621689,1.21400281575858,0.1775547165794741
1.1497,44.801201,38.272358,23.265364,41.969048,37.887436,21.214329,1.90597,1.84013262193202,2.84874093825247,0.32481873565373376
5.42,43.86005,36.959896,22.410271,44.775291,36.950111,22.187439,1.26928,1.2254356229982,0.867505507831591,0.32481873565373376
1.1498,44.801201,38.272358,23.265364,43.077972,37.676849,22.305689,1.25748,1.21404322703247,1.67479553240149,0.602772201749983
1.1705,44.720165,37.766644,23.12565,41.036758,36.816265,22.133057,1.68676,1.6284947304365,3.41544089851318,0.602772201749983
1.1499,44.801201,38.272358,23.265364,41.673363,36.111137,22.008919,2.03366,1.96341186268319,3.00546643221302,0.26607460899146657
1.1691,44.720165,37.766644,23.12565,43.730396,35.689289,21.568848,1.35877,1.31183439545354,1.28922916156338,0.26607460899146657
1.1499,44.801201,38.272358,23.265364,41.673363,36.111137,22.008919,2.03366,1.96341186268319,3.00546643221302,0.4050598709335459
1.1697,44.720165,37.766644,23.12565,43.624477,37.621201,22.009541,1.45565,1.40536789724673,1.19965295589464,0.4050598709335459
1.1499,44.801201,38.272358,23.265364,41.673363,36.111137,22.008919,2.03366,1.96341186268319,3.00546643221302,0.29410244200481567
1.1711,44.720165,37.766644,23.12565,43.959206,34.881966,22.462944,1.45007,1.39998064559514,1.35756516042183,0.29410244200481567
1.1499,44.801201,38.272358,23.265364,41.673363,36.111137,22.008919,2.03366,1.96341186268319,3.00546643221302,0.24358348779014538
4.77,43.600025,37.299789,22.570135,44.974243,37.176563,22.39678,1.359844,1.31287129657787,1.29024390106441,0.24358348779014538
1.1499,44.801201,38.272358,23.265364,41.673363,36.111137,22.008919,2.03366,1.96341186268319,3.00546643221302,0.16226658639491603
5.10,44.489975,35.940083,22.349972,44.418793,38.393051,22.841824,1.308945,1.26373048621689,0.978364339257622,0.16226658639491603
1.1499,44.801201,38.272358,23.265364,41.673363,36.111137,22.008919,2.03366,1.96341186268319,3.00546643221302,0.2384546104013427
5.31,45.229973,36.590229,23.069777,43.780373,37.969959,23.060562,1.800791,1.7385867901287,1.49856678092753,0.2384546104013427
1.1499,44.801201,38.272358,23.265364,41.673363,36.111137,22.008919,2.03366,1.96341186268319,3.00546643221302,0.2678311980559011
5.34,43.759983,37.000278,22.37995,44.56496,37.031937,23.284607,1.340677,1.29436637679185,0.91776648364448,0.2678311980559011
1.1499,44.801201,38.272358,23.265364,41.673363,36.111137,22.008919,2.03366,1.96341186268319,3.00546643221302,0.2329756854771963
5.35,43.370056,37.029957,22.269957,44.965286,36.990047,23.413904,1.800791,1.7385867901287,1.64083021643964,0.2329756854771963
1.1499,44.801201,38.272358,23.265364,41.673363,36.111137,22.008919,2.03366,1.96341186268319,3.00546643221302,0.1533071963567674
5.42,43.86005,36.959896,22.410271,44.775291,36.950111,22.187439,1.26928,1.2254356229982,0.867505507831591,0.1533071963567674
1.1500,44.801201,38.272358,23.265364,43.167282,37.141159,22.786427,0.973011,0.939400558560051,1.58154131048347,0.22947959498468237
1.1705,44.720165,37.766644,23.12565,41.036758,36.816265,22.133057,1.68676,1.6284947304365,3.41544089851318,0.22947959498468237
1.1512,86.942886,-5.772712,47.495819,86.854431,-4.278666,47.00975,1.29673,1.25193742547779,0.995433063381012,0.16490145669043918
1.1540,86.942886,-5.772712,47.495819,83.620949,-4.067536,47.059071,1.25534,1.21197714844208,2.45708314780465,0.16490145669043918
1.1512,86.942886,-5.772712,47.495819,86.854431,-4.278666,47.00975,1.29673,1.25193742547779,0.995433063381012,0.16916931216057088
1.1542,86.942886,-5.772712,47.495819,83.431854,-4.192916,46.389454,1.21836,1.17627453803423,2.54007403204786,0.16916931216057088
1.1516,86.942886,-5.772712,47.495819,86.996864,-4.986082,46.125114,1.14205,1.10260049259824,0.630449046197159,0.22336426584756405
1.1540,86.942886,-5.772712,47.495819,83.620949,-4.067536,47.059071,1.25534,1.21197714844208,2.45708314780465,0.22336426584756405
1.1516,86.942886,-5.772712,47.495819,86.996864,-4.986082,46.125114,1.14205,1.10260049259824,0.630449046197159,0.2202130370994463
1.1542,86.942886,-5.772712,47.495819,83.431854,-4.192916,46.389454,1.21836,1.17627453803423,2.54007403204786,0.2202130370994463
1.1516,86.942886,-5.772712,47.495819,86.996864,-4.986082,46.125114,1.14205,1.10260049259824,0.630449046197159,0.25466351891436123
1.1559,86.942886,-5.772712,47.495819,83.730927,-4.788652,45.390114,1.14205,1.10260049259824,2.27792317402814,0.25466351891436123
1.1518,86.942886,-5.772712,47.495819,86.78553,-4.652411,44.627392,1.3171,1.27160379037795,1.11002258608894,0.1764522398636221
1.1561,86.942886,-5.772712,47.495819,83.247322,-4.40695,44.697357,1.0854,1.04790733738989,2.70392923945164,0.1764522398636221
1.1520,86.942886,-5.772712,47.495819,86.972336,-5.456726,44.823627,1.14205,1.10260049259824,0.870343809575845,0.15019334093055117
1.1561,86.942886,-5.772712,47.495819,83.247322,-4.40695,44.697357,1.0854,1.04790733738989,2.70392923945164,0.15019334093055117
1.1523,86.942886,-5.772712,47.495819,91.157318,-7.911195,48.407284,1.51965,1.46715716350152,2.99891320571362,0.2945661293744181
1.1548,86.942886,-5.772712,47.495819,87.930069,-6.99113,49.122559,1.20766,1.16594414508226,1.07243488306557,0.2945661293744181
1.1523,86.942886,-5.772712,47.495819,91.157318,-7.911195,48.407284,1.51965,1.46715716350152,2.99891320571362,0.3685004034321417
7.24,86.7658295591843,-6.886886761145572,46.098331195293184,88.5001508082956,-6.999465816761807,46.93454011216565,1.572785,1.51845673635228,1.14387831251439,0.3685004034321417
1.1523,86.942886,-5.772712,47.495819,91.157318,-7.911195,48.407284,1.51965,1.46715716350152,2.99891320571362,0.31166359884474276
7.25,86.7658295591843,-6.886886761145572,46.098331195293184,88.85627457640994,-7.076353457979634,46.836957225049545,1.960595,1.89287072613778,1.36025423097947,0.31166359884474276
1.1524,86.942886,-5.772712,47.495819,90.234093,-7.152112,48.311054,1.35722,1.31033793666143,2.27394355025084,0.15214266887480427
7.2,86.7658295591843,-6.886886761145572,46.098331195293184,86.81015065275807,-7.0156311121221115,48.143548294773986,0.866109,0.83619124385427,0.660241081727194,0.15214266887480427
1.1524,86.942886,-5.772712,47.495819,90.234093,-7.152112,48.311054,1.35722,1.31033793666143,2.27394355025084,0.22259187619585716
7.22,86.7658295591843,-6.886886761145572,46.098331195293184,87.6499326488179,-6.998575926054295,46.24046019428114,0.909199,0.87779279827488,0.574279422985379,0.22259187619585716
1.1524,86.942886,-5.772712,47.495819,90.234093,-7.152112,48.311054,1.35722,1.31033793666143,2.27394355025084,0.23392933292009532
7.23,86.7658295591843,-6.886886761145572,46.098331195293184,87.91079767346552,-6.9129162037571685,46.25462110904115,1.240992,1.19812476731358,0.737567000787505,0.23392933292009532
1.1525,86.942886,-5.772712,47.495819,90.852867,-7.076853,48.666359,1.35722,1.31033793666143,2.62276527551165,0.30975687771433175
1.1548,86.942886,-5.772712,47.495819,87.930069,-6.99113,49.122559,1.20766,1.16594414508226,1.07243488306557,0.30975687771433175
1.1525,86.942886,-5.772712,47.495819,90.852867,-7.076853,48.666359,1.35722,1.31033793666143,2.62276527551165,0.1592904105578821
7.23,86.7658295591843,-6.886886761145572,46.098331195293184,87.91079767346552,-6.9129162037571685,46.25462110904115,1.240992,1.19812476731358,0.737567000787505,0.1592904105578821
1.1525,86.942886,-5.772712,47.495819,90.852867,-7.076853,48.666359,1.35722,1.31033793666143,2.62276527551165,0.22718859857698115
7.24,86.7658295591843,-6.886886761145572,46.098331195293184,88.5001508082956,-6.999465816761807,46.93454011216565,1.572785,1.51845673635228,1.14387831251439,0.22718859857698115
1.1527,86.942886,-5.772712,47.495819,90.802719,-6.232387,48.947273,1.59664,1.54148771989147,2.49569781169451,0.16570911871419608
1.1548,86.942886,-5.772712,47.495819,87.930069,-6.99113,49.122559,1.20766,1.16594414508226,1.07243488306557,0.16570911871419608
1.1538,86.942886,-5.772712,47.495819,84.945381,-3.791821,47.958111,1.15869,1.11866570182449,1.88822319082626,0.1978990634827112
1.1541,86.942886,-5.772712,47.495819,82.217201,-3.9041,46.465809,1.43997,1.39022952701431,3.36320736569369,0.1978990634827112
1.1539,86.942886,-5.772712,47.495819,84.63295,-4.435321,47.322914,1.02671,0.991244649319678,1.75197462986477,0.41137648742198113
1.1541,86.942886,-5.772712,47.495819,82.217201,-3.9041,46.465809,1.43997,1.39022952701431,3.36320736569369,0.41137648742198113
1.1539,86.942886,-5.772712,47.495819,84.63295,-4.435321,47.322914,1.02671,0.991244649319678,1.75197462986477,0.1865927599210024
7.11,86.7658295591843,-6.886886761145572,46.098331195293184,86.67213705226933,-6.519359340795727,46.06245360662531,0.719603,0.694745958824194,0.250891896402348,0.1865927599210024
1.1539,86.942886,-5.772712,47.495819,84.63295,-4.435321,47.322914,1.02671,0.991244649319678,1.75197462986477,0.15034153055619712
7.26,86.7658295591843,-6.886886761145572,46.098331195293184,86.86918606662296,-6.8866346751793595,46.259366564223356,0.499844,0.482578031279081,0.0857532549074985,0.15034153055619712
1.1539,86.942886,-5.772712,47.495819,84.63295,-4.435321,47.322914,1.02671,0.991244649319678,1.75197462986477,0.15399339237862328
7.395,87.06548305268728,-6.971733673128422,46.35781520139523,86.86918606662296,-6.886832166792811,46.25930684158277,0.564479,0.544980362909997,0.139491073369588,0.15399339237862328
1.1540,86.942886,-5.772712,47.495819,83.620949,-4.067536,47.059071,1.25534,1.21197714844208,2.45708314780465,0.16421547630398312
4.78,85.979988,-6.429916,45.730019,87.029762,-6.35292,45.572887,0.819632,0.791319685608582,0.683268694651537,0.16421547630398312
1.1540,86.942886,-5.772712,47.495819,83.620949,-4.067536,47.059071,1.25534,1.21197714844208,2.45708314780465,0.16946249012101533
4.111,85.480003,-6.330004,45.91003,86.772034,-6.72852,46.01907,0.707864,0.683412455752866,0.880016846155468,0.16946249012101533
1.1540,86.942886,-5.772712,47.495819,83.620949,-4.067536,47.059071,1.25534,1.21197714844208,2.45708314780465,0.150794787321406
7.29,86.7658295591843,-6.886886761145572,46.098331195293184,85.59476319960956,-6.778327863274869,45.48308240631989,1.081559,1.04419901595732,0.787693520177652,0.150794787321406
1.1541,86.942886,-5.772712,47.495819,82.217201,-3.9041,46.465809,1.43997,1.39022952701431,3.36320736569369,0.2650208498878619
1.1555,86.942886,-5.772712,47.495819,84.220238,-6.195213,47.177876,1.62763,1.57140724116078,1.80854157162065,0.2650208498878619
1.1541,86.942886,-5.772712,47.495819,82.217201,-3.9041,46.465809,1.43997,1.39022952701431,3.36320736569369,0.21062599609677146
1.1556,86.942886,-5.772712,47.495819,84.730469,-5.735581,46.802689,0.814336,0.786206623825997,1.45993737007331,0.21062599609677146
1.1541,86.942886,-5.772712,47.495819,82.217201,-3.9041,46.465809,1.43997,1.39022952701431,3.36320736569369,0.2327582088447851
1.1557,86.942886,-5.772712,47.495819,84.02301,-5.473374,46.072578,1.26056,1.21701683547098,1.96832640882811,0.2327582088447851
1.1541,86.942886,-5.772712,47.495819,82.217201,-3.9041,46.465809,1.43997,1.39022952701431,3.36320736569369,0.25479739608460755
4.80,85.030022,-5.810035,45.76997,87.249275,-6.008614,45.565529,1.508868,1.45674760305216,1.45207014802838,0.25479739608460755
1.1542,86.942886,-5.772712,47.495819,83.431854,-4.192916,46.389454,1.21836,1.17627453803423,2.54007403204786,0.22314809560094803
4.78,85.979988,-6.429916,45.730019,87.029762,-6.35292,45.572887,0.819632,0.791319685608582,0.683268694651537,0.22314809560094803
1.1542,86.942886,-5.772712,47.495819,83.431854,-4.192916,46.389454,1.21836,1.17627453803423,2.54007403204786,0.15783752982043495
4.110,85.940002,-6.520092,45.909935,86.902222,-6.814412,46.087063,0.633352,0.611474302515722,0.653008822358796,0.15783752982043495
1.1542,86.942886,-5.772712,47.495819,83.431854,-4.192916,46.389454,1.21836,1.17627453803423,2.54007403204786,0.2610387724106842
4.111,85.480003,-6.330004,45.91003,86.772034,-6.72852,46.01907,0.707864,0.683412455752866,0.880016846155468,0.2610387724106842
1.1542,86.942886,-5.772712,47.495819,83.431854,-4.192916,46.389454,1.21836,1.17627453803423,2.54007403204786,0.16174153925242057
7.13,86.7658295591843,-6.886886761145572,46.098331195293184,86.81999459677196,-5.845843362696613,46.06011355057462,1.236683,1.19396461187152,0.697153498677902,0.16174153925242057
1.1542,86.942886,-5.772712,47.495819,83.431854,-4.192916,46.389454,1.21836,1.17627453803423,2.54007403204786,0.17424237006557508
7.28,86.7658295591843,-6.886886761145572,46.098331195293184,85.98644320658008,-6.827538965164692,45.86240487816289,0.831637,0.802910000317781,0.511863279618235,0.17424237006557508
1.1542,86.942886,-5.772712,47.495819,83.431854,-4.192916,46.389454,1.21836,1.17627453803423,2.54007403204786,0.23008247311147448
7.29,86.7658295591843,-6.886886761145572,46.098331195293184,85.59476319960956,-6.778327863274869,45.48308240631989,1.081559,1.04419901595732,0.787693520177652,0.23008247311147448
1.1542,86.942886,-5.772712,47.495819,83.431854,-4.192916,46.389454,1.21836,1.17627453803423,2.54007403204786,0.17054663606228793
7.30,86.7658295591843,-6.886886761145572,46.098331195293184,85.15429599479369,-6.764778352915723,45.601047951278815,1.447824,1.39781222853251,1.06307867142585,0.17054663606228793
1.1545,86.942886,-5.772712,47.495819,90.670273,-7.540106,51.110573,1.29673,1.25193742547779,2.76982829578079,0.25180621585197127
1.1548,86.942886,-5.772712,47.495819,87.930069,-6.99113,49.122559,1.20766,1.16594414508226,1.07243488306557,0.25180621585197127
1.1554,86.942886,-5.772712,47.495819,83.986595,-7.07474,47.7943,1.50579,1.45377592552822,2.11347106998291,0.207317006543027
7.12,86.7658295591843,-6.886886761145572,46.098331195293184,86.82491586201648,-6.180869257492006,45.907740261294535,1.016924,0.981796684326406,0.465222340880547,0.207317006543027
1.1554,86.942886,-5.772712,47.495819,83.986595,-7.07474,47.7943,1.50579,1.45377592552822,2.11347106998291,0.1985638833393312
7.17,86.7658295591843,-6.886886761145572,46.098331195293184,86.73133114843384,-7.716392250654735,46.05732678867667,1.245301,1.20228492275564,0.555198106908436,0.1985638833393312
1.1554,86.942886,-5.772712,47.495819,83.986595,-7.07474,47.7943,1.50579,1.45377592552822,2.11347106998291,0.18879745671744425
7.326,86.67213705226933,-6.519558598634678,46.06241949582053,86.68200747504233,-7.280263693587308,46.03108785269092,0.999688,0.965156062558162,0.510443530289591,0.18879745671744425
1.1556,86.942886,-5.772712,47.495819,84.730469,-5.735581,46.802689,0.814336,0.786206623825997,1.45993737007331,0.16514487310807482
1.1560,86.942886,-5.772712,47.495819,82.324951,-4.398858,44.314445,1.26056,1.21701683547098,3.30600150281327,0.16514487310807482
1.1556,86.942886,-5.772712,47.495819,84.730469,-5.735581,46.802689,0.814336,0.786206623825997,1.45993737007331,0.18916977431515006
7.26,86.7658295591843,-6.886886761145572,46.098331195293184,86.86918606662296,-6.8866346751793595,46.259366564223356,0.499844,0.482578031279081,0.0857532549074985,0.18916977431515006
1.1557,86.942886,-5.772712,47.495819,84.02301,-5.473374,46.072578,1.26056,1.21701683547098,1.96832640882811,0.2560943450973723
1.1562,86.942886,-5.772712,47.495819,82.049713,-3.953941,43.879051,1.29673,1.25193742547779,3.59739298790312,0.2560943450973723
1.1557,86.942886,-5.772712,47.495819,84.02301,-5.473374,46.072578,1.26056,1.21701683547098,1.96832640882811,0.29948294863983177
7.11,86.7658295591843,-6.886886761145572,46.098331195293184,86.67213705226933,-6.519359340795727,46.06245360662531,0.719603,0.694745958824194,0.250891896402348,0.29948294863983177
1.1557,86.942886,-5.772712,47.495819,84.02301,-5.473374,46.072578,1.26056,1.21701683547098,1.96832640882811,0.25597928899023814
7.12,86.7658295591843,-6.886886761145572,46.098331195293184,86.82491586201648,-6.180869257492006,45.907740261294535,1.016924,0.981796684326406,0.465222340880547,0.25597928899023814
1.1557,86.942886,-5.772712,47.495819,84.02301,-5.473374,46.072578,1.26056,1.21701683547098,1.96832640882811,0.15742017337413342
7.16,86.7658295591843,-6.886886761145572,46.098331195293184,86.68200747504233,-7.2800643872653055,46.03112187063765,0.650659,0.628183471751218,0.273539295395663,0.15742017337413342
1.1557,86.942886,-5.772712,47.495819,84.02301,-5.473374,46.072578,1.26056,1.21701683547098,1.96832640882811,0.17397702634277934
7.27,86.7658295591843,-6.886886761145572,46.098331195293184,86.310560127,-6.8599491075010395,45.83711809189859,0.586024,0.565781140120302,0.306933125460867,0.17397702634277934
1.1557,86.942886,-5.772712,47.495819,84.02301,-5.473374,46.072578,1.26056,1.21701683547098,1.96832640882811,0.24884650217301296
7.28,86.7658295591843,-6.886886761145572,46.098331195293184,85.98644320658008,-6.827538965164692,45.86240487816289,0.831637,0.802910000317781,0.511863279618235,0.24884650217301296
1.1557,86.942886,-5.772712,47.495819,84.02301,-5.473374,46.072578,1.26056,1.21701683547098,1.96832640882811,0.18500784632670916
7.150,86.75597523399955,-7.0805049942097575,47.01950767756114,86.67213705226933,-6.5194715769039675,46.06247477283212,0.676513,0.653144404403584,0.436177153789472,0.18500784632670916
1.1557,86.942886,-5.772712,47.495819,84.02301,-5.473374,46.072578,1.26056,1.21701683547098,1.96832640882811,0.16743108872019752
7.151,86.75597523399955,-7.0805049942097575,47.01950767756114,86.68200747504233,-7.280176520205628,46.031143001653476,0.710985,0.686425647940072,0.385588115662238,0.16743108872019752
1.1557,86.942886,-5.772712,47.495819,84.02301,-5.473374,46.072578,1.26056,1.21701683547098,1.96832640882811,0.16632907802013996
7.152,86.75597523399955,-7.0805049942097575,47.01950767756114,87.06548305268728,-6.971648341004888,46.35789624084199,0.719603,0.694745958824194,0.293208220537095,0.16632907802013996
1.1557,86.942886,-5.772712,47.495819,84.02301,-5.473374,46.072578,1.26056,1.21701683547098,1.96832640882811,0.188620730106216
7.153,86.75597523399955,-7.0805049942097575,47.01950767756114,86.86918606662296,-6.886747013593375,46.25938773417913,0.667895,0.644824093519462,0.265804970452384,0.188620730106216
1.1557,86.942886,-5.772712,47.495819,84.02301,-5.473374,46.072578,1.26056,1.21701683547098,1.96832640882811,0.15713554999976492
7.326,86.67213705226933,-6.519558598634678,46.06241949582053,86.68200747504233,-7.280263693587308,46.03108785269092,0.999688,0.965156062558162,0.510443530289591,0.15713554999976492
1.1557,86.942886,-5.772712,47.495819,84.02301,-5.473374,46.072578,1.26056,1.21701683547098,1.96832640882811,0.22023695504345703
7.363,86.68200747504233,-7.280085367129763,46.03106856196435,87.06548305268728,-6.97155677878386,46.357821416154096,0.814401,0.786269378549537,0.354826048707288,0.22023695504345703
1.1557,86.942886,-5.772712,47.495819,84.02301,-5.473374,46.072578,1.26056,1.21701683547098,1.96832640882811,0.25439719665916166
7.364,86.68200747504233,-7.280085367129763,46.03106856196435,86.86918606662296,-6.886655594286806,46.259313040461,0.857491,0.827870932970148,0.313768119000489,0.25439719665916166
1.1558,86.942886,-5.772712,47.495819,82.838913,-4.949241,45.06913,1.4256,1.37635590582553,2.84389222839826,0.33461024631744857
4.79,85.310013,-6.220155,45.670074,87.171516,-5.994797,45.503944,1.061796,1.0251186836293,1.2185176705218,0.33461024631744857
1.1558,86.942886,-5.772712,47.495819,82.838913,-4.949241,45.06913,1.4256,1.37635590582553,2.84389222839826,0.1991912943987894
4.80,85.030022,-5.810035,45.76997,87.249275,-6.008614,45.565529,1.508868,1.45674760305216,1.45207014802838,0.1991912943987894
1.1558,86.942886,-5.772712,47.495819,82.838913,-4.949241,45.06913,1.4256,1.37635590582553,2.84389222839826,0.16399914994912423
4.112,85.609985,-6.349862,45.950016,87.36837,-6.851581,46.277355,0.83826,0.809304223917867,1.18610243356276,0.16399914994912423
1.1558,86.942886,-5.772712,47.495819,82.838913,-4.949241,45.06913,1.4256,1.37635590582553,2.84389222839826,0.31599662291247194
4.113,85.349991,-6.309961,45.84,87.219841,-6.046001,45.76025,1.061796,1.0251186836293,1.226484587438,0.31599662291247194
1.1558,86.942886,-5.772712,47.495819,82.838913,-4.949241,45.06913,1.4256,1.37635590582553,2.84389222839826,0.18458698757075442
5.43,85.609985,-6.349862,45.950016,87.36837,-6.851581,46.277355,0.87263,0.842486990811262,1.18610243356276,0.18458698757075442
1.1558,86.942886,-5.772712,47.495819,82.838913,-4.949241,45.06913,1.4256,1.37635590582553,2.84389222839826,0.28932236767465086
5.44,85.349991,-6.309961,45.84,87.219841,-6.046001,45.76025,0.991625,0.957371580467343,1.226484587438,0.28932236767465086
1.1558,86.942886,-5.772712,47.495819,82.838913,-4.949241,45.06913,1.4256,1.37635590582553,2.84389222839826,0.3022416409218388
7.29,86.7658295591843,-6.886886761145572,46.098331195293184,85.59476319960956,-6.778327863274869,45.48308240631989,1.081559,1.04419901595732,0.787693520177652,0.3022416409218388
1.1558,86.942886,-5.772712,47.495819,82.838913,-4.949241,45.06913,1.4256,1.37635590582553,2.84389222839826,0.42030953920555425
7.30,86.7658295591843,-6.886886761145572,46.098331195293184,85.15429599479369,-6.764778352915723,45.601047951278815,1.447824,1.39781222853251,1.06307867142585,0.42030953920555425
1.1559,86.942886,-5.772712,47.495819,83.730927,-4.788652,45.390114,1.14205,1.10260049259824,2.27792317402814,0.15341844513099487
1.1562,86.942886,-5.772712,47.495819,82.049713,-3.953941,43.879051,1.29673,1.25193742547779,3.59739298790312,0.15341844513099487
1.1559,86.942886,-5.772712,47.495819,83.730927,-4.788652,45.390114,1.14205,1.10260049259824,2.27792317402814,0.20039348839301593
1.1857,86.765831,-6.928959,46.017548,86.716537,-6.298257,45.617359,0.604099,0.583231780550855,0.415782418743921,0.20039348839301593
1.1559,86.942886,-5.772712,47.495819,83.730927,-4.788652,45.390114,1.14205,1.10260049259824,2.27792317402814,0.3337610977680297
4.78,85.979988,-6.429916,45.730019,87.029762,-6.35292,45.572887,0.819632,0.791319685608582,0.683268694651537,0.3337610977680297
1.1559,86.942886,-5.772712,47.495819,83.730927,-4.788652,45.390114,1.14205,1.10260049259824,2.27792317402814,0.20020339240087223
4.109,86.06002,-6.510134,46.07003,86.660881,-6.757248,45.880108,0.502956,0.48558253435072,0.433655844322283,0.20020339240087223
1.1559,86.942886,-5.772712,47.495819,83.730927,-4.788652,45.390114,1.14205,1.10260049259824,2.27792317402814,0.27986174728941743
4.110,85.940002,-6.520092,45.909935,86.902222,-6.814412,46.087063,0.633352,0.611474302515722,0.653008822358796,0.27986174728941743
1.1559,86.942886,-5.772712,47.495819,83.730927,-4.788652,45.390114,1.14205,1.10260049259824,2.27792317402814,0.18922009114019608
4.111,85.480003,-6.330004,45.91003,86.772034,-6.72852,46.01907,0.707864,0.683412455752866,0.880016846155468,0.18922009114019608
1.1559,86.942886,-5.772712,47.495819,83.730927,-4.788652,45.390114,1.14205,1.10260049259824,2.27792317402814,0.23055732541783158
7.11,86.7658295591843,-6.886886761145572,46.098331195293184,86.67213705226933,-6.519359340795727,46.06245360662531,0.719603,0.694745958824194,0.250891896402348,0.23055732541783158
1.1559,86.942886,-5.772712,47.495819,83.730927,-4.788652,45.390114,1.14205,1.10260049259824,2.27792317402814,0.2631135918921446
7.12,86.7658295591843,-6.886886761145572,46.098331195293184,86.82491586201648,-6.180869257492006,45.907740261294535,1.016924,0.981796684326406,0.465222340880547,0.2631135918921446
1.1559,86.942886,-5.772712,47.495819,83.730927,-4.788652,45.390114,1.14205,1.10260049259824,2.27792317402814,0.20741852760230559
7.13,86.7658295591843,-6.886886761145572,46.098331195293184,86.81999459677196,-5.845843362696613,46.06011355057462,1.236683,1.19396461187152,0.697153498677902,0.20741852760230559
1.1559,86.942886,-5.772712,47.495819,83.730927,-4.788652,45.390114,1.14205,1.10260049259824,2.27792317402814,0.2047856999313897
7.27,86.7658295591843,-6.886886761145572,46.098331195293184,86.310560127,-6.8599491075010395,45.83711809189859,0.586024,0.565781140120302,0.306933125460867,0.2047856999313897
1.1559,86.942886,-5.772712,47.495819,83.730927,-4.788652,45.390114,1.14205,1.10260049259824,2.27792317402814,0.36729737148976654
7.28,86.7658295591843,-6.886886761145572,46.098331195293184,85.98644320658008,-6.827538965164692,45.86240487816289,0.831637,0.802910000317781,0.511863279618235,0.36729737148976654
1.1559,86.942886,-5.772712,47.495819,83.730927,-4.788652,45.390114,1.14205,1.10260049259824,2.27792317402814,0.277410115302471
7.29,86.7658295591843,-6.886886761145572,46.098331195293184,85.59476319960956,-6.778327863274869,45.48308240631989,1.081559,1.04419901595732,0.787693520177652,0.277410115302471
1.1559,86.942886,-5.772712,47.495819,83.730927,-4.788652,45.390114,1.14205,1.10260049259824,2.27792317402814,0.21695700488708394
7.150,86.75597523399955,-7.0805049942097575,47.01950767756114,86.67213705226933,-6.5194715769039675,46.06247477283212,0.676513,0.653144404403584,0.436177153789472,0.21695700488708394
1.1559,86.942886,-5.772712,47.495819,83.730927,-4.788652,45.390114,1.14205,1.10260049259824,2.27792317402814,0.17081622682459996
7.260,86.7658295591843,-6.879953493182267,45.0610094225081,86.67213705226933,-6.519473627479677,46.06236228685343,0.762693,0.736347513244805,0.460815734140851,0.17081622682459996
1.1559,86.942886,-5.772712,47.495819,83.730927,-4.788652,45.390114,1.14205,1.10260049259824,2.27792317402814,0.19705854743141277
7.372,86.73133114843384,-7.716599999716022,46.05736169788053,86.310560127,-6.860156280740104,45.83715294478239,1.189284,1.14820290200885,0.619818350309031,0.19705854743141277
1.1560,86.942886,-5.772712,47.495819,82.324951,-4.398858,44.314445,1.26056,1.21701683547098,3.30600150281327,0.16994366850301745
4.79,85.310013,-6.220155,45.670074,87.171516,-5.994797,45.503944,1.061796,1.0251186836293,1.2185176705218,0.16994366850301745
1.1560,86.942886,-5.772712,47.495819,82.324951,-4.398858,44.314445,1.26056,1.21701683547098,3.30600150281327,0.27570081950973424
4.80,85.030022,-5.810035,45.76997,87.249275,-6.008614,45.565529,1.508868,1.45674760305216,1.45207014802838,0.27570081950973424
1.1561,86.942886,-5.772712,47.495819,83.247322,-4.40695,44.697357,1.0854,1.04790733738989,2.70392923945164,0.225932000975564
4.78,85.979988,-6.429916,45.730019,87.029762,-6.35292,45.572887,0.819632,0.791319685608582,0.683268694651537,0.225932000975564
1.1561,86.942886,-5.772712,47.495819,83.247322,-4.40695,44.697357,1.0854,1.04790733738989,2.70392923945164,0.22250664408921011
4.79,85.310013,-6.220155,45.670074,87.171516,-5.994797,45.503944,1.061796,1.0251186836293,1.2185176705218,0.22250664408921011
1.1561,86.942886,-5.772712,47.495819,83.247322,-4.40695,44.697357,1.0854,1.04790733738989,2.70392923945164,0.17958376207802335
4.110,85.940002,-6.520092,45.909935,86.902222,-6.814412,46.087063,0.633352,0.611474302515722,0.653008822358796,0.17958376207802335
1.1561,86.942886,-5.772712,47.495819,83.247322,-4.40695,44.697357,1.0854,1.04790733738989,2.70392923945164,0.32702757664083504
4.111,85.480003,-6.330004,45.91003,86.772034,-6.72852,46.01907,0.707864,0.683412455752866,0.880016846155468,0.32702757664083504
1.1561,86.942886,-5.772712,47.495819,83.247322,-4.40695,44.697357,1.0854,1.04790733738989,2.70392923945164,0.18001777109698391
4.112,85.609985,-6.349862,45.950016,87.36837,-6.851581,46.277355,0.83826,0.809304223917867,1.18610243356276,0.18001777109698391
1.1561,86.942886,-5.772712,47.495819,83.247322,-4.40695,44.697357,1.0854,1.04790733738989,2.70392923945164,0.1987379209445441
4.113,85.349991,-6.309961,45.84,87.219841,-6.046001,45.76025,1.061796,1.0251186836293,1.226484587438,0.1987379209445441
1.1561,86.942886,-5.772712,47.495819,83.247322,-4.40695,44.697357,1.0854,1.04790733738989,2.70392923945164,0.18084340848386873
5.43,85.609985,-6.349862,45.950016,87.36837,-6.851581,46.277355,0.87263,0.842486990811262,1.18610243356276,0.18084340848386873
1.1561,86.942886,-5.772712,47.495819,83.247322,-4.40695,44.697357,1.0854,1.04790733738989,2.70392923945164,0.1987379209445441
5.44,85.349991,-6.309961,45.84,87.219841,-6.046001,45.76025,0.991625,0.957371580467343,1.226484587438,0.1987379209445441
1.1561,86.942886,-5.772712,47.495819,83.247322,-4.40695,44.697357,1.0854,1.04790733738989,2.70392923945164,0.15480529912181165
7.28,86.7658295591843,-6.886886761145572,46.098331195293184,85.98644320658008,-6.827538965164692,45.86240487816289,0.831637,0.802910000317781,0.511863279618235,0.15480529912181165
1.1561,86.942886,-5.772712,47.495819,83.247322,-4.40695,44.697357,1.0854,1.04790733738989,2.70392923945164,0.28043484556986453
7.29,86.7658295591843,-6.886886761145572,46.098331195293184,85.59476319960956,-6.778327863274869,45.48308240631989,1.081559,1.04419901595732,0.787693520177652,0.28043484556986453
1.1561,86.942886,-5.772712,47.495819,83.247322,-4.40695,44.697357,1.0854,1.04790733738989,2.70392923945164,0.26760181115267223
7.30,86.7658295591843,-6.886886761145572,46.098331195293184,85.15429599479369,-6.764778352915723,45.601047951278815,1.447824,1.39781222853251,1.06307867142585,0.26760181115267223
1.1565,56.257603,-31.848982,0.211115,56.486076,-34.71632,-0.041465,1.16451,1.12428466322453,1.19332277320633,0.20985147179281335
1.1609,56.257603,-31.848982,0.211115,58.714256,-35.151787,1.876305,1.75352,1.69294865879853,2.81238796729501,0.20985147179281335
1.1568,56.257603,-31.848982,0.211115,56.057743,-34.598171,0.686235,1.26062,1.2170747629081,1.16968990654695,0.29416354871387274
1.1609,56.257603,-31.848982,0.211115,58.714256,-35.151787,1.876305,1.75352,1.69294865879853,2.81238796729501,0.29416354871387274
1.1570,56.257603,-31.848982,0.211115,56.367054,-34.645134,1.645388,1.61088,1.55523583163316,1.46114024450506,0.26969476078760535
1.1607,56.257603,-31.848982,0.211115,59.78923,-34.581932,1.328877,2.01793,1.9482252195865,3.45707660589235,0.26969476078760535
1.1570,56.257603,-31.848982,0.211115,56.367054,-34.645134,1.645388,1.61088,1.55523583163316,1.46114024450506,0.1852259127334016
1.1609,56.257603,-31.848982,0.211115,58.714256,-35.151787,1.876305,1.75352,1.69294865879853,2.81238796729501,0.1852259127334016
1.1572,56.257603,-31.848982,0.211115,56.267567,-33.092522,1.670678,1.26062,1.2170747629081,1.08504493699924,0.2614555989377725
1.1609,56.257603,-31.848982,0.211115,58.714256,-35.151787,1.876305,1.75352,1.69294865879853,2.81238796729501,0.2614555989377725
1.1584,56.257603,-31.848982,0.211115,58.424191,-32.970333,0.139654,1.36577,1.31859259645015,2.03432353130447,0.22176286868123585
1.1938,56.386917,-31.219675,0.611009,56.177792,-31.891094,0.066793,0.803404,0.77565224478385,0.503835962847121,0.22176286868123585
1.1584,56.257603,-31.848982,0.211115,58.424191,-32.970333,0.139654,1.36577,1.31859259645015,2.03432353130447,0.23487082838834777
1.1941,56.386917,-31.219675,0.611009,56.65403,-31.816826,-0.177701,0.97032,0.936802513005494,0.639131269131954,0.23487082838834777
1.1584,56.257603,-31.848982,0.211115,58.424191,-32.970333,0.139654,1.36577,1.31859259645015,2.03432353130447,0.15047109397469438
1.1948,56.386917,-31.219675,0.611009,55.977489,-32.265121,0.636874,0.758947,0.732730910254329,0.58019340836477,0.15047109397469438
1.1585,56.257603,-31.848982,0.211115,60.212593,-33.146515,0.381463,2.22664,2.1497258095871,3.60914787116616,0.2713556247877127
4.117,55.290039,-31.810183,0.120075,57.291088,-32.197414,0.297608,1.685834,1.62760071699038,1.86886070441783,0.2713556247877127
1.1585,56.257603,-31.848982,0.211115,60.212593,-33.146515,0.381463,2.22664,2.1497258095871,3.60914787116616,0.29299277512329447
4.118,55.420021,-31.67034,0.230093,57.577835,-31.70676,0.230432,1.788288,1.72651567769145,1.99746638810913,0.29299277512329447
1.1586,56.257603,-31.848982,0.211115,58.555466,-32.233517,0.428454,1.28922,1.24468684126571,2.10931688347567,0.2430495181209808
1.1928,56.386917,-31.219675,0.611009,56.486076,-30.200165,0.980285,0.758947,0.732730910254329,0.516959814456411,0.2430495181209808
1.1586,56.257603,-31.848982,0.211115,58.555466,-32.233517,0.428454,1.28922,1.24468684126571,2.10931688347567,0.16262927486062115
1.1934,56.386917,-31.219675,0.611009,57.182442,-31.40649,0.87232,0.758947,0.732730910254329,0.757680248769642,0.16262927486062115
1.1586,56.257603,-31.848982,0.211115,58.555466,-32.233517,0.428454,1.28922,1.24468684126571,2.10931688347567,0.24636078392120067
1.1936,56.386917,-31.219675,0.611009,56.899616,-31.196211,1.222464,0.7241,0.699087620235879,0.627395534308955,0.24636078392120067
1.1586,56.257603,-31.848982,0.211115,58.555466,-32.233517,0.428454,1.28922,1.24468684126571,2.10931688347567,0.40221629466374165
1.1938,56.386917,-31.219675,0.611009,56.177792,-31.891094,0.066793,0.803404,0.77565224478385,0.503835962847121,0.40221629466374165
1.1586,56.257603,-31.848982,0.211115,58.555466,-32.233517,0.428454,1.28922,1.24468684126571,2.10931688347567,0.3686009583428705
1.1941,56.386917,-31.219675,0.611009,56.65403,-31.816826,-0.177701,0.97032,0.936802513005494,0.639131269131954,0.3686009583428705
1.1586,56.257603,-31.848982,0.211115,58.555466,-32.233517,0.428454,1.28922,1.24468684126571,2.10931688347567,0.29230076021316076
1.1948,56.386917,-31.219675,0.611009,55.977489,-32.265121,0.636874,0.758947,0.732730910254329,0.58019340836477,0.29230076021316076
1.1586,56.257603,-31.848982,0.211115,58.555466,-32.233517,0.428454,1.28922,1.24468684126571,2.10931688347567,0.1991296261938282
1.1951,56.386917,-31.219675,0.611009,56.811398,-31.301725,1.00078,0.582096,0.561988823903914,0.472640337260045,0.1991296261938282
1.1586,56.257603,-31.848982,0.211115,58.555466,-32.233517,0.428454,1.28922,1.24468684126571,2.10931688347567,0.22865159491056986
1.1961,56.386917,-31.219675,0.611009,56.416695,-31.710546,1.62314,0.97032,0.936802513005494,0.702500274426447,0.22865159491056986
1.1586,56.257603,-31.848982,0.211115,58.555466,-32.233517,0.428454,1.28922,1.24468684126571,2.10931688347567,0.15157844856466282
7.81,56.14781730835661,-31.032727213909705,0.3631351818572437,56.59484121226073,-31.44851096701928,0.6864708410485143,0.551552,0.532499896583814,0.499051159358967,0.15157844856466282
1.1586,56.257603,-31.848982,0.211115,58.555466,-32.233517,0.428454,1.28922,1.24468684126571,2.10931688347567,0.1770120704519346
7.375,56.31734286514889,-31.241227695646856,-0.11869534897781531,55.76596934302245,-30.75744767733629,0.3931655066422346,0.710985,0.686425647940072,0.653581871836495,0.1770120704519346
1.1588,56.257603,-31.848982,0.211115,58.207512,-31.107077,0.769964,1.28922,1.24468684126571,1.8519319486769,0.17134042777855227
1.1938,56.386917,-31.219675,0.611009,56.177792,-31.891094,0.066793,0.803404,0.77565224478385,0.503835962847121,0.17134042777855227
1.1594,56.257603,-31.848982,0.211115,56.167801,-29.397125,0.820818,1.01359,0.978577849737446,1.1404098768959,0.41071686967217713
7.247,56.15781146519707,-34.1114668264737,0.8295323992704606,56.05774503329822,-28.00815605770879,-0.19917430804949898,1.2927,1.24804663261831,2.68084625062854,0.41071686967217713
1.1596,56.257603,-31.848982,0.211115,55.664806,-29.462776,0.794798,1.32438,1.27863231941444,1.23442007464688,0.2831478883379479
7.247,56.15781146519707,-34.1114668264737,0.8295323992704606,56.05774503329822,-28.00815605770879,-0.19917430804949898,1.2927,1.24804663261831,2.68084625062854,0.2831478883379479
1.1597,56.257603,-31.848982,0.211115,54.490772,-28.099005,1.099506,1.8998,1.83417575048215,2.41855650642844,0.32490116280745424
1.1601,56.257603,-31.848982,0.211115,51.825905,-29.23259,0.471586,2.46476,2.37962049834634,4.40885244303038,0.32490116280745424
1.1597,56.257603,-31.848982,0.211115,54.490772,-28.099005,1.099506,1.8998,1.83417575048215,2.41855650642844,0.15082216975697063
1.1622,56.257603,-31.848982,0.211115,51.678555,-29.725574,0.227795,2.54226,2.45444343795175,4.49771119992423,0.15082216975697063
1.1598,56.257603,-31.848982,0.211115,54.793133,-29.13352,0.893109,1.26062,1.2170747629081,1.86924800020505,0.16218040661936364
1.1928,56.386917,-31.219675,0.611009,56.486076,-30.200165,0.980285,0.758947,0.732730910254329,0.516959814456411,0.16218040661936364
1.1598,56.257603,-31.848982,0.211115,54.793133,-29.13352,0.893109,1.26062,1.2170747629081,1.86924800020505,0.16386649385416352
5.45,54.70998,-32.010151,-0.019989,55.164921,-31.733152,0.03008,0.912295,0.880781854029956,0.44777025960406,0.16386649385416352
1.1599,56.257603,-31.848982,0.211115,52.916645,-27.732435,0.855503,2.46476,2.37962049834634,3.68909771682584,0.18607618073837448
7.403,56.6047126892946,-31.22902335191763,0.7513093373113344,54.385907130828855,-30.018998762146865,0.7161670710346124,1.848561,1.78470668464419,2.14922631113198,0.18607618073837448
1.1600,56.257603,-31.848982,0.211115,54.4174,-30.098858,0.648465,1.11833,1.07969984579256,1.91186854379154,0.1794028097748858
1.1879,56.386917,-31.219675,0.611009,56.584969,-30.727087,0.244746,0.449269,0.433750029078515,0.370734350620781,0.1794028097748858
1.1600,56.257603,-31.848982,0.211115,54.4174,-30.098858,0.648465,1.11833,1.07969984579256,1.91186854379154,0.16721578960098119
1.1886,56.386917,-31.219675,0.611009,56.187775,-31.868713,0.515423,0.417813,0.403380604714284,0.336841915282028,0.16721578960098119
1.1600,56.257603,-31.848982,0.211115,54.4174,-30.098858,0.648465,1.11833,1.07969984579256,1.91186854379154,0.18690209161350216
1.1920,56.386917,-31.219675,0.611009,56.287483,-31.501989,0.16237,0.438109,0.422975525775336,0.339177765096983,0.18690209161350216
1.1600,56.257603,-31.848982,0.211115,54.4174,-30.098858,0.648465,1.11833,1.07969984579256,1.91186854379154,0.24705525943066103
1.1928,56.386917,-31.219675,0.611009,56.486076,-30.200165,0.980285,0.758947,0.732730910254329,0.516959814456411,0.24705525943066103
1.1600,56.257603,-31.848982,0.211115,54.4174,-30.098858,0.648465,1.11833,1.07969984579256,1.91186854379154,0.2053699359592327
1.1937,56.386917,-31.219675,0.611009,56.752464,-31.371271,0.823862,0.47369,0.457327461441145,0.372083305680279,0.2053699359592327
1.1600,56.257603,-31.848982,0.211115,54.4174,-30.098858,0.648465,1.11833,1.07969984579256,1.91186854379154,0.2572199253999594
1.1938,56.386917,-31.219675,0.611009,56.177792,-31.891094,0.066793,0.803404,0.77565224478385,0.503835962847121,0.2572199253999594
1.1600,56.257603,-31.848982,0.211115,54.4174,-30.098858,0.648465,1.11833,1.07969984579256,1.91186854379154,0.17001183038921452
1.1940,56.386917,-31.219675,0.611009,56.167801,-31.323668,0.993477,0.411285,0.397078099556295,0.330058363667589,0.17001183038921452
1.1600,56.257603,-31.848982,0.211115,54.4174,-30.098858,0.648465,1.11833,1.07969984579256,1.91186854379154,0.198865460009954
1.1943,56.386917,-31.219675,0.611009,56.137821,-31.797688,0.558479,0.448772,0.433270196807756,0.338080456956447,0.198865460009954
1.1600,56.257603,-31.848982,0.211115,54.4174,-30.098858,0.648465,1.11833,1.07969984579256,1.91186854379154,0.20155787725757074
1.1947,56.386917,-31.219675,0.611009,56.742634,-31.321384,0.569516,0.448772,0.433270196807756,0.332993916008437,0.20155787725757074
1.1600,56.257603,-31.848982,0.211115,54.4174,-30.098858,0.648465,1.11833,1.07969984579256,1.91186854379154,0.16403505314711245
1.1948,56.386917,-31.219675,0.611009,55.977489,-32.265121,0.636874,0.758947,0.732730910254329,0.58019340836477,0.16403505314711245
1.1600,56.257603,-31.848982,0.211115,54.4174,-30.098858,0.648465,1.11833,1.07969984579256,1.91186854379154,0.2108676739016218
1.1951,56.386917,-31.219675,0.611009,56.811398,-31.301725,1.00078,0.582096,0.561988823903914,0.472640337260045,0.2108676739016218
1.1600,56.257603,-31.848982,0.211115,54.4174,-30.098858,0.648465,1.11833,1.07969984579256,1.91186854379154,0.17187857491728029
1.1956,56.386917,-31.219675,0.611009,55.99757,-30.441288,0.932251,0.568452,0.54881612470422,0.540762240163951,0.17187857491728029
1.1600,56.257603,-31.848982,0.211115,54.4174,-30.098858,0.648465,1.11833,1.07969984579256,1.91186854379154,0.18735031817201778
1.1957,56.386917,-31.219675,0.611009,56.495979,-30.829233,1.005699,0.433261,0.418294988856535,0.332962251005115,0.18735031817201778
1.1600,56.257603,-31.848982,0.211115,54.4174,-30.098858,0.648465,1.11833,1.07969984579256,1.91186854379154,0.18778253981646847
1.1965,56.386917,-31.219675,0.611009,56.087795,-31.66363,1.059796,0.521416,0.503404875836088,0.447317226050287,0.18778253981646847
1.1600,56.257603,-31.848982,0.211115,54.4174,-30.098858,0.648465,1.11833,1.07969984579256,1.91186854379154,0.3622146583046973
4.114,54.70998,-32.010151,-0.019989,55.164921,-31.733152,0.03008,0.819632,0.791319685608582,0.44777025960406,0.3622146583046973
1.1600,56.257603,-31.848982,0.211115,54.4174,-30.098858,0.648465,1.11833,1.07969984579256,1.91186854379154,0.37127736796963495
5.45,54.70998,-32.010151,-0.019989,55.164921,-31.733152,0.03008,0.912295,0.880781854029956,0.44777025960406,0.37127736796963495
1.1600,56.257603,-31.848982,0.211115,54.4174,-30.098858,0.648465,1.11833,1.07969984579256,1.91186854379154,0.16007487666220574
7.71,56.14781730835661,-31.032727213909705,0.3631351818572437,56.30739276281291,-31.149644295010827,0.7046599046323765,0.374883,0.361933523459311,0.277781858764294,0.16007487666220574
1.1600,56.257603,-31.848982,0.211115,54.4174,-30.098858,0.648465,1.11833,1.07969984579256,1.91186854379154,0.15890940349497934
7.73,56.14781730835661,-31.032727213909705,0.3631351818572437,56.14781730835661,-30.958289056418785,1.151289588583504,0.555861,0.536660052025875,0.533088214710166,0.15890940349497934
1.1600,56.257603,-31.848982,0.211115,54.4174,-30.098858,0.648465,1.11833,1.07969984579256,1.91186854379154,0.19659868063122996
7.77,56.14781730835661,-31.032727213909705,0.3631351818572437,56.31734286514889,-31.24136676924305,-0.1186853211438077,0.448136,0.432656165974349,0.372842980918659,0.19659868063122996
1.1600,56.257603,-31.848982,0.211115,54.4174,-30.098858,0.648465,1.11833,1.07969984579256,1.91186854379154,0.17982234771809838
7.78,56.14781730835661,-31.032727213909705,0.3631351818572437,56.1777914776996,-31.28807111633852,-0.32614783671853775,0.51708,0.499218653047325,0.479490038901838,0.17982234771809838
1.1600,56.257603,-31.848982,0.211115,54.4174,-30.098858,0.648465,1.11833,1.07969984579256,1.91186854379154,0.18657425702516858
7.81,56.14781730835661,-31.032727213909705,0.3631351818572437,56.59484121226073,-31.44851096701928,0.6864708410485143,0.551552,0.532499896583814,0.499051159358967,0.18657425702516858
1.1600,56.257603,-31.848982,0.211115,54.4174,-30.098858,0.648465,1.11833,1.07969984579256,1.91186854379154,0.16837273873452416
7.82,56.14781730835661,-31.032727213909705,0.3631351818572437,56.6047126892946,-31.228931551090746,0.7513542478102098,0.530007,0.511699119373508,0.504206356941667,0.16837273873452416
1.1600,56.257603,-31.848982,0.211115,54.4174,-30.098858,0.648465,1.11833,1.07969984579256,1.91186854379154,0.20194138748671878
7.84,56.14781730835661,-31.032727213909705,0.3631351818572437,55.836615118549915,-30.87025056789289,0.6341729220770587,0.426591,0.411855388764043,0.350715954664555,0.20194138748671878
1.1600,56.257603,-31.848982,0.211115,54.4174,-30.098858,0.648465,1.11833,1.07969984579256,1.91186854379154,0.2192040068384216
7.85,56.14781730835661,-31.032727213909705,0.3631351818572437,55.76596934302245,-30.75758499154313,0.39317526153956894,0.452445,0.43681632141641,0.375847850785036,0.2192040068384216
1.1601,56.257603,-31.848982,0.211115,51.825905,-29.23259,0.471586,2.46476,2.37962049834634,4.40885244303038,0.3297879501729449
7.403,56.6047126892946,-31.22902335191763,0.7513093373113344,54.385907130828855,-30.018998762146865,0.7161670710346124,1.848561,1.78470668464419,2.14922631113198,0.3297879501729449
1.1601,56.257603,-31.848982,0.211115,51.825905,-29.23259,0.471586,2.46476,2.37962049834634,4.40885244303038,0.18572401433393623
7.408,57.45345407206452,-31.626210056364624,0.5706014438792817,55.05173118091976,-30.468463453238392,0.529576234418605,1.900269,1.83462854994892,2.28521548065684,0.18572401433393623
1.1602,56.257603,-31.848982,0.211115,54.301788,-31.013969,0.312227,1.1569,1.11693753328392,1.87899093647592,0.17487177840123438
1.1928,56.386917,-31.219675,0.611009,56.486076,-30.200165,0.980285,0.758947,0.732730910254329,0.516959814456411,0.17487177840123438
1.1602,56.257603,-31.848982,0.211115,54.301788,-31.013969,0.312227,1.1569,1.11693753328392,1.87899093647592,0.1570260164189551
1.1937,56.386917,-31.219675,0.611009,56.752464,-31.371271,0.823862,0.47369,0.457327461441145,0.372083305680279,0.1570260164189551
1.1602,56.257603,-31.848982,0.211115,54.301788,-31.013969,0.312227,1.1569,1.11693753328392,1.87899093647592,0.2228025878193493
1.1938,56.386917,-31.219675,0.611009,56.177792,-31.891094,0.066793,0.803404,0.77565224478385,0.503835962847121,0.2228025878193493
1.1602,56.257603,-31.848982,0.211115,54.301788,-31.013969,0.312227,1.1569,1.11693753328392,1.87899093647592,0.15270860791954807
1.1943,56.386917,-31.219675,0.611009,56.137821,-31.797688,0.558479,0.448772,0.433270196807756,0.338080456956447,0.15270860791954807
1.1602,56.257603,-31.848982,0.211115,54.301788,-31.013969,0.312227,1.1569,1.11693753328392,1.87899093647592,0.15516075927270132
1.1947,56.386917,-31.219675,0.611009,56.742634,-31.321384,0.569516,0.448772,0.433270196807756,0.332993916008437,0.15516075927270132
1.1602,56.257603,-31.848982,0.211115,54.301788,-31.013969,0.312227,1.1569,1.11693753328392,1.87899093647592,0.16877425672737223
1.1951,56.386917,-31.219675,0.611009,56.811398,-31.301725,1.00078,0.582096,0.561988823903914,0.472640337260045,0.16877425672737223
1.1602,56.257603,-31.848982,0.211115,54.301788,-31.013969,0.312227,1.1569,1.11693753328392,1.87899093647592,0.1503279557412004
1.1965,56.386917,-31.219675,0.611009,56.087795,-31.66363,1.059796,0.521416,0.503404875836088,0.447317226050287,0.1503279557412004
1.1602,56.257603,-31.848982,0.211115,54.301788,-31.013969,0.312227,1.1569,1.11693753328392,1.87899093647592,0.3522848728972295
4.114,54.70998,-32.010151,-0.019989,55.164921,-31.733152,0.03008,0.819632,0.791319685608582,0.44777025960406,0.3522848728972295
1.1602,56.257603,-31.848982,0.211115,54.301788,-31.013969,0.312227,1.1569,1.11693753328392,1.87899093647592,0.36904405748267444
5.45,54.70998,-32.010151,-0.019989,55.164921,-31.733152,0.03008,0.912295,0.880781854029956,0.44777025960406,0.36904405748267444
1.1602,56.257603,-31.848982,0.211115,54.301788,-31.013969,0.312227,1.1569,1.11693753328392,1.87899093647592,0.1570505561790385
7.85,56.14781730835661,-31.032727213909705,0.3631351818572437,55.76596934302245,-30.75758499154313,0.39317526153956894,0.452445,0.43681632141641,0.375847850785036,0.1570505561790385
1.1603,56.257603,-31.848982,0.211115,51.53056,-30.014101,0.291228,2.65785,2.56604064555162,4.61952793122642,0.23669671982371532
1.1619,56.257603,-31.848982,0.211115,52.938549,-31.491577,1.198516,2.39499,2.31226054355576,3.23550111599541,0.23669671982371532
1.1604,56.257603,-31.848982,0.211115,58.442974,-32.636562,-0.066317,1.18715,1.14614261616216,2.03230581877004,0.16513586846420208
1.1928,56.386917,-31.219675,0.611009,56.486076,-30.200165,0.980285,0.758947,0.732730910254329,0.516959814456411,0.16513586846420208
1.1604,56.257603,-31.848982,0.211115,58.442974,-32.636562,-0.066317,1.18715,1.14614261616216,2.03230581877004,0.15360051589661275
1.1930,56.386917,-31.219675,0.611009,56.396843,-32.136333,1.055058,0.491683,0.47469893437431,0.479915932330919,0.15360051589661275
1.1604,56.257603,-31.848982,0.211115,58.442974,-32.636562,-0.066317,1.18715,1.14614261616216,2.03230581877004,0.19335524570422602
1.1936,56.386917,-31.219675,0.611009,56.899616,-31.196211,1.222464,0.7241,0.699087620235879,0.627395534308955,0.19335524570422602
1.1604,56.257603,-31.848982,0.211115,58.442974,-32.636562,-0.066317,1.18715,1.14614261616216,2.03230581877004,0.18421076046938864
1.1937,56.386917,-31.219675,0.611009,56.752464,-31.371271,0.823862,0.47369,0.457327461441145,0.372083305680279,0.18421076046938864
1.1604,56.257603,-31.848982,0.211115,58.442974,-32.636562,-0.066317,1.18715,1.14614261616216,2.03230581877004,0.3458866751831014
1.1938,56.386917,-31.219675,0.611009,56.177792,-31.891094,0.066793,0.803404,0.77565224478385,0.503835962847121,0.3458866751831014
1.1604,56.257603,-31.848982,0.211115,58.442974,-32.636562,-0.066317,1.18715,1.14614261616216,2.03230581877004,0.2726633379003033
1.1941,56.386917,-31.219675,0.611009,56.65403,-31.816826,-0.177701,0.97032,0.936802513005494,0.639131269131954,0.2726633379003033
1.1604,56.257603,-31.848982,0.211115,58.442974,-32.636562,-0.066317,1.18715,1.14614261616216,2.03230581877004,0.1703723402592085
1.1947,56.386917,-31.219675,0.611009,56.742634,-31.321384,0.569516,0.448772,0.433270196807756,0.332993916008437,0.1703723402592085
1.1604,56.257603,-31.848982,0.211115,58.442974,-32.636562,-0.066317,1.18715,1.14614261616216,2.03230581877004,0.24021119425352436
1.1948,56.386917,-31.219675,0.611009,55.977489,-32.265121,0.636874,0.758947,0.732730910254329,0.58019340836477,0.24021119425352436
1.1604,56.257603,-31.848982,0.211115,58.442974,-32.636562,-0.066317,1.18715,1.14614261616216,2.03230581877004,0.2533030522522727
1.1951,56.386917,-31.219675,0.611009,56.811398,-31.301725,1.00078,0.582096,0.561988823903914,0.472640337260045,0.2533030522522727
1.1604,56.257603,-31.848982,0.211115,58.442974,-32.636562,-0.066317,1.18715,1.14614261616216,2.03230581877004,0.160112826341619
1.1956,56.386917,-31.219675,0.611009,55.99757,-30.441288,0.932251,0.568452,0.54881612470422,0.540762240163951,0.160112826341619
1.1604,56.257603,-31.848982,0.211115,58.442974,-32.636562,-0.066317,1.18715,1.14614261616216,2.03230581877004,0.17912908124111668
1.1965,56.386917,-31.219675,0.611009,56.087795,-31.66363,1.059796,0.521416,0.503404875836088,0.447317226050287,0.17912908124111668
1.1604,56.257603,-31.848982,0.211115,58.442974,-32.636562,-0.066317,1.18715,1.14614261616216,2.03230581877004,0.169730309200497
1.1967,56.386917,-31.219675,0.611009,56.167801,-32.431656,0.966444,0.612644,0.591481613053155,0.590426320350565,0.169730309200497
1.1604,56.257603,-31.848982,0.211115,58.442974,-32.636562,-0.066317,1.18715,1.14614261616216,2.03230581877004,0.15431074300132575
7.78,56.14781730835661,-31.032727213909705,0.3631351818572437,56.1777914776996,-31.28807111633852,-0.32614783671853775,0.51708,0.499218653047325,0.479490038901838,0.15431074300132575
1.1604,56.257603,-31.848982,0.211115,58.442974,-32.636562,-0.066317,1.18715,1.14614261616216,2.03230581877004,0.205686428401777
7.81,56.14781730835661,-31.032727213909705,0.3631351818572437,56.59484121226073,-31.44851096701928,0.6864708410485143,0.551552,0.532499896583814,0.499051159358967,0.205686428401777
1.1604,56.257603,-31.848982,0.211115,58.442974,-32.636562,-0.066317,1.18715,1.14614261616216,2.03230581877004,0.17028076822489385
7.82,56.14781730835661,-31.032727213909705,0.3631351818572437,56.6047126892946,-31.228931551090746,0.7513542478102098,0.530007,0.511699119373508,0.504206356941667,0.17028076822489385
1.1604,56.257603,-31.848982,0.211115,58.442974,-32.636562,-0.066317,1.18715,1.14614261616216,2.03230581877004,0.15811488388996126
7.375,56.31734286514889,-31.241227695646856,-0.11869534897781531,55.76596934302245,-30.75744767733629,0.3931655066422346,0.710985,0.686425647940072,0.653581871836495,0.15811488388996126
1.1605,56.257603,-31.848982,0.211115,60.22155,-33.835266,0.247534,2.19196,2.11624375093528,3.66668129102329,0.22904024589561137
4.117,55.290039,-31.810183,0.120075,57.291088,-32.197414,0.297608,1.685834,1.62760071699038,1.86886070441783,0.22904024589561137
1.1605,56.257603,-31.848982,0.211115,60.22155,-33.835266,0.247534,2.19196,2.11624375093528,3.66668129102329,0.22348593473569262
4.118,55.420021,-31.67034,0.230093,57.577835,-31.70676,0.230432,1.788288,1.72651567769145,1.99746638810913,0.22348593473569262
1.1606,56.257603,-31.848982,0.211115,58.414795,-33.142605,0.513028,1.42634,1.3770703442166,2.05196126416142,0.15598431777145857
1.1607,56.257603,-31.848982,0.211115,59.78923,-34.581932,1.328877,2.01793,1.9482252195865,3.45707660589235,0.15598431777145857
1.1606,56.257603,-31.848982,0.211115,58.414795,-33.142605,0.513028,1.42634,1.3770703442166,2.05196126416142,0.1752432528083396
1.1938,56.386917,-31.219675,0.611009,56.177792,-31.891094,0.066793,0.803404,0.77565224478385,0.503835962847121,0.1752432528083396
1.1606,56.257603,-31.848982,0.211115,58.414795,-33.142605,0.513028,1.42634,1.3770703442166,2.05196126416142,0.21945842310002603
1.1941,56.386917,-31.219675,0.611009,56.65403,-31.816826,-0.177701,0.97032,0.936802513005494,0.639131269131954,0.21945842310002603
1.1607,56.257603,-31.848982,0.211115,59.78923,-34.581932,1.328877,2.01793,1.9482252195865,3.45707660589235,0.15362770292165528
4.117,55.290039,-31.810183,0.120075,57.291088,-32.197414,0.297608,1.685834,1.62760071699038,1.86886070441783,0.15362770292165528
1.1608,56.257603,-31.848982,0.211115,58.093956,-33.573685,1.007244,1.03838,1.00251153583833,1.89685823661916,0.16375897836667394
1.1886,56.386917,-31.219675,0.611009,56.187775,-31.868713,0.515423,0.417813,0.403380604714284,0.336841915282028,0.16375897836667394
1.1608,56.257603,-31.848982,0.211115,58.093956,-33.573685,1.007244,1.03838,1.00251153583833,1.89685823661916,0.1886122214258685
1.1889,56.386917,-31.219675,0.611009,56.495979,-31.878544,0.494822,0.360601,0.348144862511639,0.306327799314777,0.1886122214258685
1.1608,56.257603,-31.848982,0.211115,58.093956,-33.573685,1.007244,1.03838,1.00251153583833,1.89685823661916,0.16533527586041943
1.1912,56.386917,-31.219675,0.611009,56.247635,-31.935303,1.150611,0.488457,0.471584369172154,0.481630224402146,0.16533527586041943
1.1608,56.257603,-31.848982,0.211115,58.093956,-33.573685,1.007244,1.03838,1.00251153583833,1.89685823661916,0.17810185155360475
1.1920,56.386917,-31.219675,0.611009,56.287483,-31.501989,0.16237,0.438109,0.422975525775336,0.339177765096983,0.17810185155360475
1.1608,56.257603,-31.848982,0.211115,58.093956,-33.573685,1.007244,1.03838,1.00251153583833,1.89685823661916,0.18764268054868669
1.1930,56.386917,-31.219675,0.611009,56.396843,-32.136333,1.055058,0.491683,0.47469893437431,0.479915932330919,0.18764268054868669
1.1608,56.257603,-31.848982,0.211115,58.093956,-33.573685,1.007244,1.03838,1.00251153583833,1.89685823661916,0.15306303359842288
1.1933,56.386917,-31.219675,0.611009,56.663887,-31.699776,0.92405,0.364287,0.351703538065002,0.385634948222254,0.15306303359842288
1.1608,56.257603,-31.848982,0.211115,58.093956,-33.573685,1.007244,1.03838,1.00251153583833,1.89685823661916,0.23603718063227266
1.1937,56.386917,-31.219675,0.611009,56.752464,-31.371271,0.823862,0.47369,0.457327461441145,0.372083305680279,0.23603718063227266
1.1608,56.257603,-31.848982,0.211115,58.093956,-33.573685,1.007244,1.03838,1.00251153583833,1.89685823661916,0.1640208653879853
1.1938,56.386917,-31.219675,0.611009,56.177792,-31.891094,0.066793,0.803404,0.77565224478385,0.503835962847121,0.1640208653879853
1.1608,56.257603,-31.848982,0.211115,58.093956,-33.573685,1.007244,1.03838,1.00251153583833,1.89685823661916,0.15768962755992635
1.1940,56.386917,-31.219675,0.611009,56.167801,-31.323668,0.993477,0.411285,0.397078099556295,0.330058363667589,0.15768962755992635
1.1608,56.257603,-31.848982,0.211115,58.093956,-33.573685,1.007244,1.03838,1.00251153583833,1.89685823661916,0.18649663242793507
1.1943,56.386917,-31.219675,0.611009,56.137821,-31.797688,0.558479,0.448772,0.433270196807756,0.338080456956447,0.18649663242793507
1.1608,56.257603,-31.848982,0.211115,58.093956,-33.573685,1.007244,1.03838,1.00251153583833,1.89685823661916,0.2326970423979869
1.1947,56.386917,-31.219675,0.611009,56.742634,-31.321384,0.569516,0.448772,0.433270196807756,0.332993916008437,0.2326970423979869
1.1608,56.257603,-31.848982,0.211115,58.093956,-33.573685,1.007244,1.03838,1.00251153583833,1.89685823661916,0.19943761196739632
1.1951,56.386917,-31.219675,0.611009,56.811398,-31.301725,1.00078,0.582096,0.561988823903914,0.472640337260045,0.19943761196739632
1.1608,56.257603,-31.848982,0.211115,58.093956,-33.573685,1.007244,1.03838,1.00251153583833,1.89685823661916,0.1800599792181448
1.1962,56.386917,-31.219675,0.611009,56.791763,-31.577734,0.858496,0.44092,0.425689426204121,0.435157143743284,0.1800599792181448
1.1608,56.257603,-31.848982,0.211115,58.093956,-33.573685,1.007244,1.03838,1.00251153583833,1.89685823661916,0.17708160051683125
1.1965,56.386917,-31.219675,0.611009,56.087795,-31.66363,1.059796,0.521416,0.503404875836088,0.447317226050287,0.17708160051683125
1.1608,56.257603,-31.848982,0.211115,58.093956,-33.573685,1.007244,1.03838,1.00251153583833,1.89685823661916,0.16417744944346485
7.81,56.14781730835661,-31.032727213909705,0.3631351818572437,56.59484121226073,-31.44851096701928,0.6864708410485143,0.551552,0.532499896583814,0.499051159358967,0.16417744944346485
1.1609,56.257603,-31.848982,0.211115,58.714256,-35.151787,1.876305,1.75352,1.69294865879853,2.81238796729501,0.4324419502963834
1.1612,56.257603,-31.848982,0.211115,56.781944,-33.363216,1.496262,1.32438,1.27863231941444,1.15123330821237,0.4324419502963834
1.1609,56.257603,-31.848982,0.211115,58.714256,-35.151787,1.876305,1.75352,1.69294865879853,2.81238796729501,0.32678474002921737
1.1614,56.257603,-31.848982,0.211115,56.077782,-33.351295,1.537231,1.41303,1.36422010775018,1.07599681746985,0.32678474002921737
1.1620,56.257603,-31.848982,0.211115,54.111782,-31.506578,0.517001,1.42634,1.3770703442166,2.04211541916358,0.22507800097231662
1.1938,56.386917,-31.219675,0.611009,56.177792,-31.891094,0.066793,0.803404,0.77565224478385,0.503835962847121,0.22507800097231662
1.1620,56.257603,-31.848982,0.211115,54.111782,-31.506578,0.517001,1.42634,1.3770703442166,2.04211541916358,0.21038954675243096
1.1941,56.386917,-31.219675,0.611009,56.65403,-31.816826,-0.177701,0.97032,0.936802513005494,0.639131269131954,0.21038954675243096
1.1620,56.257603,-31.848982,0.211115,54.111782,-31.506578,0.517001,1.42634,1.3770703442166,2.04211541916358,0.35833859799437556
4.114,54.70998,-32.010151,-0.019989,55.164921,-31.733152,0.03008,0.819632,0.791319685608582,0.44777025960406,0.35833859799437556
1.1620,56.257603,-31.848982,0.211115,54.111782,-31.506578,0.517001,1.42634,1.3770703442166,2.04211541916358,0.4860552755021273
5.45,54.70998,-32.010151,-0.019989,55.164921,-31.733152,0.03008,0.912295,0.880781854029956,0.44777025960406,0.4860552755021273
1.1621,56.257603,-31.848982,0.211115,52.241817,-30.37277,0.615013,2.48771,2.40177774304239,3.90771064979641,0.3348688139622687
7.403,56.6047126892946,-31.22902335191763,0.7513093373113344,54.385907130828855,-30.018998762146865,0.7161670710346124,1.848561,1.78470668464419,2.14922631113198,0.3348688139622687
1.1621,56.257603,-31.848982,0.211115,52.241817,-30.37277,0.615013,2.48771,2.40177774304239,3.90771064979641,0.24161424269438744
7.408,57.45345407206452,-31.626210056364624,0.5706014438792817,55.05173118091976,-30.468463453238392,0.529576234418605,1.900269,1.83462854994892,2.28521548065684,0.24161424269438744
1.1622,56.257603,-31.848982,0.211115,51.678555,-29.725574,0.227795,2.54226,2.45444343795175,4.49771119992423,0.20787688541296037
7.403,56.6047126892946,-31.22902335191763,0.7513093373113344,54.385907130828855,-30.018998762146865,0.7161670710346124,1.848561,1.78470668464419,2.14922631113198,0.20787688541296037
1.1623,56.257603,-31.848982,0.211115,54.217468,-30.920561,0.013155,1.18715,1.14614261616216,1.96901148462619,0.24263614961070698
1.1928,56.386917,-31.219675,0.611009,56.486076,-30.200165,0.980285,0.758947,0.732730910254329,0.516959814456411,0.24263614961070698
1.1623,56.257603,-31.848982,0.211115,54.217468,-30.920561,0.013155,1.18715,1.14614261616216,1.96901148462619,0.16309013480645648
1.1937,56.386917,-31.219675,0.611009,56.752464,-31.371271,0.823862,0.47369,0.457327461441145,0.372083305680279,0.16309013480645648
1.1623,56.257603,-31.848982,0.211115,54.217468,-30.920561,0.013155,1.18715,1.14614261616216,1.96901148462619,0.31412404335452104
1.1938,56.386917,-31.219675,0.611009,56.177792,-31.891094,0.066793,0.803404,0.77565224478385,0.503835962847121,0.31412404335452104
1.1623,56.257603,-31.848982,0.211115,54.217468,-30.920561,0.013155,1.18715,1.14614261616216,1.96901148462619,0.173707488958404
1.1941,56.386917,-31.219675,0.611009,56.65403,-31.816826,-0.177701,0.97032,0.936802513005494,0.639131269131954,0.173707488958404
1.1623,56.257603,-31.848982,0.211115,54.217468,-30.920561,0.013155,1.18715,1.14614261616216,1.96901148462619,0.15118247278283944
1.1947,56.386917,-31.219675,0.611009,56.742634,-31.321384,0.569516,0.448772,0.433270196807756,0.332993916008437,0.15118247278283944
1.1623,56.257603,-31.848982,0.211115,54.217468,-30.920561,0.013155,1.18715,1.14614261616216,1.96901148462619,0.20703281200218104
1.1948,56.386917,-31.219675,0.611009,55.977489,-32.265121,0.636874,0.758947,0.732730910254329,0.58019340836477,0.20703281200218104
1.1623,56.257603,-31.848982,0.211115,54.217468,-30.920561,0.013155,1.18715,1.14614261616216,1.96901148462619,0.2116630965726463
1.1951,56.386917,-31.219675,0.611009,56.811398,-31.301725,1.00078,0.582096,0.561988823903914,0.472640337260045,0.2116630965726463
1.1623,56.257603,-31.848982,0.211115,54.217468,-30.920561,0.013155,1.18715,1.14614261616216,1.96901148462619,0.15974419862271597
1.1956,56.386917,-31.219675,0.611009,55.99757,-30.441288,0.932251,0.568452,0.54881612470422,0.540762240163951,0.15974419862271597
1.1623,56.257603,-31.848982,0.211115,54.217468,-30.920561,0.013155,1.18715,1.14614261616216,1.96901148462619,0.17284947057026642
1.1965,56.386917,-31.219675,0.611009,56.087795,-31.66363,1.059796,0.521416,0.503404875836088,0.447317226050287,0.17284947057026642
1.1623,56.257603,-31.848982,0.211115,54.217468,-30.920561,0.013155,1.18715,1.14614261616216,1.96901148462619,0.4977969962946343
4.114,54.70998,-32.010151,-0.019989,55.164921,-31.733152,0.03008,0.819632,0.791319685608582,0.44777025960406,0.4977969962946343
1.1623,56.257603,-31.848982,0.211115,54.217468,-30.920561,0.013155,1.18715,1.14614261616216,1.96901148462619,0.5309208854959465
5.45,54.70998,-32.010151,-0.019989,55.164921,-31.733152,0.03008,0.912295,0.880781854029956,0.44777025960406,0.5309208854959465
1.1623,56.257603,-31.848982,0.211115,54.217468,-30.920561,0.013155,1.18715,1.14614261616216,1.96901148462619,0.15273857298333457
7.77,56.14781730835661,-31.032727213909705,0.3631351818572437,56.31734286514889,-31.24136676924305,-0.1186853211438077,0.448136,0.432656165974349,0.372842980918659,0.15273857298333457
1.1623,56.257603,-31.848982,0.211115,54.217468,-30.920561,0.013155,1.18715,1.14614261616216,1.96901148462619,0.1649724331348647
7.78,56.14781730835661,-31.032727213909705,0.3631351818572437,56.1777914776996,-31.28807111633852,-0.32614783671853775,0.51708,0.499218653047325,0.479490038901838,0.1649724331348647
1.1623,56.257603,-31.848982,0.211115,54.217468,-30.920561,0.013155,1.18715,1.14614261616216,1.96901148462619,0.18206733695669441
7.81,56.14781730835661,-31.032727213909705,0.3631351818572437,56.59484121226073,-31.44851096701928,0.6864708410485143,0.551552,0.532499896583814,0.499051159358967,0.18206733695669441
1.1623,56.257603,-31.848982,0.211115,54.217468,-30.920561,0.013155,1.18715,1.14614261616216,1.96901148462619,0.15943449755786196
7.82,56.14781730835661,-31.032727213909705,0.3631351818572437,56.6047126892946,-31.228931551090746,0.7513542478102098,0.530007,0.511699119373508,0.504206356941667,0.15943449755786196
1.1623,56.257603,-31.848982,0.211115,54.217468,-30.920561,0.013155,1.18715,1.14614261616216,1.96901148462619,0.1686094261810907
7.85,56.14781730835661,-31.032727213909705,0.3631351818572437,55.76596934302245,-30.75758499154313,0.39317526153956894,0.452445,0.43681632141641,0.375847850785036,0.1686094261810907
1.1646,35.868515,5.524495,-31.11552,33.135551,5.375396,-29.886528,1.19342,1.15219603334056,2.30385713672516,0.20866604867224053
1.1664,35.868515,5.524495,-31.11552,35.926468,6.436257,-31.063925,0.751075,0.725130830504989,0.739334556815735,0.20866604867224053
1.1646,35.868515,5.524495,-31.11552,33.135551,5.375396,-29.886528,1.19342,1.15219603334056,2.30385713672516,0.2764657028546593
1.1690,35.868515,5.524495,-31.11552,35.693874,4.004496,-29.981928,1.12595,1.08705663030602,0.801058004841936,0.2764657028546593
1.1646,35.868515,5.524495,-31.11552,33.135551,5.375396,-29.886528,1.19342,1.15219603334056,2.30385713672516,0.22019446019350836
1.1986,35.360737,5.327154,-31.007704,35.635399,5.461259,-31.217964,0.481288,0.464663005894332,0.235559732487109,0.22019446019350836
1.1646,35.868515,5.524495,-31.11552,33.135551,5.375396,-29.886528,1.19342,1.15219603334056,2.30385713672516,0.2189126692563248
1.2003,35.360737,5.327154,-31.007704,35.53764,5.06904,-31.269197,0.481288,0.464663005894332,0.357807007185213,0.2189126692563248
1.1646,35.868515,5.524495,-31.11552,33.135551,5.375396,-29.886528,1.19342,1.15219603334056,2.30385713672516,0.4567661219805924
1.2006,35.360737,5.327154,-31.007704,35.023216,5.395849,-30.815407,0.588445,0.568118512207847,0.316174743279402,0.4567661219805924
1.1646,35.868515,5.524495,-31.11552,33.135551,5.375396,-29.886528,1.19342,1.15219603334056,2.30385713672516,0.38856834237268595
1.2007,35.360737,5.327154,-31.007704,35.674397,5.292491,-31.342636,0.588445,0.568118512207847,0.327375700799314,0.38856834237268595
1.1646,35.868515,5.524495,-31.11552,33.135551,5.375396,-29.886528,1.19342,1.15219603334056,2.30385713672516,0.19954130446565382
1.2012,35.360737,5.327154,-31.007704,35.615875,5.037456,-31.028793,0.465797,0.449707107088816,0.317911947989872,0.19954130446565382
1.1646,35.868515,5.524495,-31.11552,33.135551,5.375396,-29.886528,1.19342,1.15219603334056,2.30385713672516,0.3461486680069283
1.2014,35.360737,5.327154,-31.007704,35.380451,5.457178,-30.503191,0.549378,0.530400992445721,0.358596836151528,0.3461486680069283
1.1646,35.868515,5.524495,-31.11552,33.135551,5.375396,-29.886528,1.19342,1.15219603334056,2.30385713672516,0.48296707188793797
1.2016,35.360737,5.327154,-31.007704,35.654903,5.079054,-31.241846,0.654537,0.631927515103344,0.39067207087253,0.48296707188793797
1.1646,35.868515,5.524495,-31.11552,33.135551,5.375396,-29.886528,1.19342,1.15219603334056,2.30385713672516,0.20973220262364003
1.2021,35.360737,5.327154,-31.007704,35.043198,5.468761,-30.910889,0.452233,0.436611644471941,0.305324299817112,0.20973220262364003
1.1646,35.868515,5.524495,-31.11552,33.135551,5.375396,-29.886528,1.19342,1.15219603334056,2.30385713672516,0.15658995891129665
7.127,35.53763914484171,5.136072695516108,-31.22238489725977,35.51804308244129,4.116769641865137,-29.376575241018386,0.469681,0.453456943184654,0.538647919897658,0.15658995891129665
1.1646,35.868515,5.524495,-31.11552,33.135551,5.375396,-29.886528,1.19342,1.15219603334056,2.30385713672516,0.1995811052104575
7.128,35.53763914484171,5.136072695516108,-31.22238489725977,35.51804308244129,3.8108453504914763,-28.866597734178868,0.611878,0.590742072772668,0.695421918687511,0.1995811052104575
1.1646,35.868515,5.524495,-31.11552,33.135551,5.375396,-29.886528,1.19342,1.15219603334056,2.30385713672516,0.16666257332033982
7.131,35.53763914484171,5.136072695516108,-31.22238489725977,35.49843210107085,5.796845077769425,-31.29423979613155,0.47399,0.457617098626715,0.48787261775694,0.16666257332033982
1.1646,35.868515,5.524495,-31.11552,33.135551,5.375396,-29.886528,1.19342,1.15219603334056,2.30385713672516,0.20600332281455516
7.133,35.53763914484171,5.136072695516108,-31.22238489725977,35.4591652676214,6.2117080274718965,-31.317117608377075,0.676513,0.653144404403584,0.803213129942368,0.20600332281455516
1.1646,35.868515,5.524495,-31.11552,33.135551,5.375396,-29.886528,1.19342,1.15219603334056,2.30385713672516,0.15743246915742595
7.137,35.53763914484171,5.136072695516108,-31.22238489725977,35.51804308244129,4.295115566865126,-31.150499441435386,0.512771,0.495058497605264,0.632047916068657,0.15743246915742595
1.1646,35.868515,5.524495,-31.11552,33.135551,5.375396,-29.886528,1.19342,1.15219603334056,2.30385713672516,0.1751678656882141
7.138,35.53763914484171,5.136072695516108,-31.22238489725977,35.57678662601249,4.1946606852100725,-31.076481060771734,0.56017,0.540820207467936,0.681384939850361,0.1751678656882141
1.1646,35.868515,5.524495,-31.11552,33.135551,5.375396,-29.886528,1.19342,1.15219603334056,2.30385713672516,0.15407175033022333
7.141,35.53763914484171,5.136072695516108,-31.22238489725977,35.94575961594815,5.321208705917652,-31.672714250617005,0.452445,0.43681632141641,0.365415668199868,0.15407175033022333
1.1646,35.868515,5.524495,-31.11552,33.135551,5.375396,-29.886528,1.19342,1.15219603334056,2.30385713672516,0.3415132372151717
7.142,35.53763914484171,5.136072695516108,-31.22238489725977,36.385512767554296,5.25762129876009,-31.828850579771373,0.814401,0.786269378549537,0.745839574131634,0.3415132372151717
1.1646,35.868515,5.524495,-31.11552,33.135551,5.375396,-29.886528,1.19342,1.15219603334056,2.30385713672516,0.18176414050673054
7.143,35.53763914484171,5.136072695516108,-31.22238489725977,36.59324408308341,5.3495512269459695,-31.940680692660305,0.90489,0.873632642832819,0.914823636683412,0.18176414050673054
1.1646,35.868515,5.524495,-31.11552,33.135551,5.375396,-29.886528,1.19342,1.15219603334056,2.30385713672516,0.35582562389440603
7.145,35.53763914484171,5.136072695516108,-31.22238489725977,35.00322419703488,5.1527974061138515,-30.949554405810563,0.551552,0.532499896583814,0.467202865854137,0.35582562389440603
1.1646,35.868515,5.524495,-31.11552,33.135551,5.375396,-29.886528,1.19342,1.15219603334056,2.30385713672516,0.5408315818451223
7.146,35.53763914484171,5.136072695516108,-31.22238489725977,34.82257371938761,5.1345464949746065,-30.839932869635113,0.702367,0.67810533705595,0.622290049813181,0.5408315818451223
1.1646,35.868515,5.524495,-31.11552,33.135551,5.375396,-29.886528,1.19342,1.15219603334056,2.30385713672516,0.40027734154171224
7.147,35.53763914484171,5.136072695516108,-31.22238489725977,34.57969032915931,5.144741481081877,-30.717818733242165,0.870418,0.840351399296331,0.833595987199042,0.40027734154171224
1.1646,35.868515,5.524495,-31.11552,33.135551,5.375396,-29.886528,1.19342,1.15219603334056,2.30385713672516,0.3756452275050626
7.191,35.57678662601249,5.757493504298966,-32.21535195242685,35.419838416026515,4.626176704201901,-30.080756741799732,0.629114,0.607382694540912,0.621114722425106,0.3756452275050626
1.1646,35.868515,5.524495,-31.11552,33.135551,5.375396,-29.886528,1.19342,1.15219603334056,2.30385713672516,0.25808995844644406
7.212,35.557220316613616,5.975243591066853,-32.493744251908616,35.57678662601249,4.464419822181265,-29.69214582396932,0.706676,0.682265492498011,0.79878127399432,0.25808995844644406
1.1646,35.868515,5.524495,-31.11552,33.135551,5.375396,-29.886528,1.19342,1.15219603334056,2.30385713672516,0.4636990924935444
7.216,35.557220316613616,5.975243591066853,-32.493744251908616,34.82257371938761,5.134249558292392,-30.839870083183918,0.844564,0.815390466643965,0.766336280906084,0.4636990924935444
1.1646,35.868515,5.524495,-31.11552,33.135551,5.375396,-29.886528,1.19342,1.15219603334056,2.30385713672516,0.4188110267580031
7.283,35.419838416026515,4.6260257716736755,-30.080792680643654,35.63539666124247,4.758901206278921,-31.129705495691727,0.616187,0.594902228214729,0.493555103974534,0.4188110267580031
1.1646,35.868515,5.524495,-31.11552,33.135551,5.375396,-29.886528,1.19342,1.15219603334056,2.30385713672516,0.1709877821316592
7.284,35.419838416026515,4.6260257716736755,-30.080792680643654,35.92647043496338,4.011619121577159,-30.74023124314893,0.676513,0.653144404403584,0.898298961204831,0.1709877821316592
1.1646,35.868515,5.524495,-31.11552,33.135551,5.375396,-29.886528,1.19342,1.15219603334056,2.30385713672516,0.20635297692193968
7.285,35.419838416026515,4.6260257716736755,-30.080792680643654,35.00322419703488,5.152568321789341,-30.94946618402491,0.469681,0.453456943184654,0.428279120915142,0.20635297692193968
1.1646,35.868515,5.524495,-31.11552,33.135551,5.375396,-29.886528,1.19342,1.15219603334056,2.30385713672516,0.18740157122173318
7.295,35.57678662601249,4.46427131826796,-29.692175766834307,35.49843210107085,5.79639340882801,-31.294205862691847,0.495535,0.47841787583702,0.591020962312357,0.18740157122173318
1.1646,35.868515,5.524495,-31.11552,33.135551,5.375396,-29.886528,1.19342,1.15219603334056,2.30385713672516,0.3433580917935548
7.296,35.57678662601249,4.46427131826796,-29.692175766834307,35.49843210107085,4.607148200237776,-31.107982419107906,0.64635,0.624023316309157,0.645211454721766,0.3433580917935548
1.1646,35.868515,5.524495,-31.11552,33.135551,5.375396,-29.886528,1.19342,1.15219603334056,2.30385713672516,0.2731006478943181
7.313,35.51804308244129,4.116853881699828,-29.376494012582434,35.51804308244129,4.295201698439749,-31.150416923916435,0.767002,0.740507668686866,0.795391193371402,0.2731006478943181
1.1646,35.868515,5.524495,-31.11552,33.135551,5.375396,-29.886528,1.19342,1.15219603334056,2.30385713672516,0.229081438768825
7.315,35.51804308244129,4.116853881699828,-29.376494012582434,34.57969032915931,5.14482487300233,-30.717737400797475,0.844564,0.815390466643965,0.902057784744368,0.229081438768825
1.1646,35.868515,5.524495,-31.11552,33.135551,5.375396,-29.886528,1.19342,1.15219603334056,2.30385713672516,0.15595904359492457
7.325,35.51804308244129,3.81060505665054,-28.866590016798245,35.57678662601249,4.194412814751885,-31.076471565410834,0.896272,0.865312331948697,0.89528349453254,0.15595904359492457
1.1646,35.868515,5.524495,-31.11552,33.135551,5.375396,-29.886528,1.19342,1.15219603334056,2.30385713672516,0.1850728806687796
7.338,35.49843210107085,5.588868561528237,-31.369364388376873,35.63539666124247,4.758704530723856,-31.129762886318936,0.51708,0.499218653047325,0.562739835800295,0.1850728806687796
1.1646,35.868515,5.524495,-31.11552,33.135551,5.375396,-29.886528,1.19342,1.15219603334056,2.30385713672516,0.29173317217440226
7.340,35.49843210107085,5.588868561528237,-31.369364388376873,35.00322419703488,5.152374133717968,-30.949522968196387,0.512771,0.495058497605264,0.454024676287232,0.29173317217440226
1.1646,35.868515,5.524495,-31.11552,33.135551,5.375396,-29.886528,1.19342,1.15219603334056,2.30385713672516,0.17726762709345922
7.347,35.49843210107085,5.796596009530031,-31.294118479417634,35.49843210107085,4.607352473103566,-31.10789541552652,0.676513,0.653144404403584,0.85443423017884,0.17726762709345922
1.1646,35.868515,5.524495,-31.11552,33.135551,5.375396,-29.886528,1.19342,1.15219603334056,2.30385713672516,0.35065858186132354
7.356,35.49843210107085,5.971809674855249,-31.32460701512607,34.57969032915931,5.144569914743519,-30.71775901446768,0.874727,0.844511554738392,0.864359435507322,0.35065858186132354
1.1646,35.868515,5.524495,-31.11552,33.135551,5.375396,-29.886528,1.19342,1.15219603334056,2.30385713672516,0.4799433461452769
7.385,35.49843210107085,4.60785944060027,-31.107923242438318,34.82257371938761,5.134802057671695,-30.83984120186587,0.887654,0.856992021064575,0.774424434857478,0.4799433461452769
1.1646,35.868515,5.524495,-31.11552,33.135551,5.375396,-29.886528,1.19342,1.15219603334056,2.30385713672516,0.18288878566677771
7.410,35.94575961594815,5.321258557000663,-31.672575251197166,34.82257371938761,5.134595315099633,-30.839797122276646,0.995379,0.960995907116101,0.982695388617982,0.18288878566677771
1.1657,35.868515,5.524495,-31.11552,34.0037,5.924304,-29.746603,1.22325,1.18099562415901,1.84060575372467,0.15363966630986386
1.1986,35.360737,5.327154,-31.007704,35.635399,5.461259,-31.217964,0.481288,0.464663005894332,0.235559732487109,0.15363966630986386
1.1657,35.868515,5.524495,-31.11552,34.0037,5.924304,-29.746603,1.22325,1.18099562415901,1.84060575372467,0.24611552691634386
1.2006,35.360737,5.327154,-31.007704,35.023216,5.395849,-30.815407,0.588445,0.568118512207847,0.316174743279402,0.24611552691634386
1.1657,35.868515,5.524495,-31.11552,34.0037,5.924304,-29.746603,1.22325,1.18099562415901,1.84060575372467,0.21880440826299583
1.2007,35.360737,5.327154,-31.007704,35.674397,5.292491,-31.342636,0.588445,0.568118512207847,0.327375700799314,0.21880440826299583
1.1657,35.868515,5.524495,-31.11552,34.0037,5.924304,-29.746603,1.22325,1.18099562415901,1.84060575372467,0.16822968688216383
1.2014,35.360737,5.327154,-31.007704,35.380451,5.457178,-30.503191,0.549378,0.530400992445721,0.358596836151528,0.16822968688216383
1.1657,35.868515,5.524495,-31.11552,34.0037,5.924304,-29.746603,1.22325,1.18099562415901,1.84060575372467,0.2226414678832459
1.2016,35.360737,5.327154,-31.007704,35.654903,5.079054,-31.241846,0.654537,0.631927515103344,0.39067207087253,0.2226414678832459
1.1658,35.868515,5.524495,-31.11552,33.477974,6.171166,-29.749645,1.22325,1.18099562415901,2.29743179492228,0.2902730368790964
1.1664,35.868515,5.524495,-31.11552,35.926468,6.436257,-31.063925,0.751075,0.725130830504989,0.739334556815735,0.2902730368790964
1.1658,35.868515,5.524495,-31.11552,33.477974,6.171166,-29.749645,1.22325,1.18099562415901,2.29743179492228,0.22053449818087517
1.1690,35.868515,5.524495,-31.11552,35.693874,4.004496,-29.981928,1.12595,1.08705663030602,0.801058004841936,0.22053449818087517
1.1658,35.868515,5.524495,-31.11552,33.477974,6.171166,-29.749645,1.22325,1.18099562415901,2.29743179492228,0.18838428174317592
1.1986,35.360737,5.327154,-31.007704,35.635399,5.461259,-31.217964,0.481288,0.464663005894332,0.235559732487109,0.18838428174317592
1.1658,35.868515,5.524495,-31.11552,33.477974,6.171166,-29.749645,1.22325,1.18099562415901,2.29743179492228,0.1870108976893114
1.2003,35.360737,5.327154,-31.007704,35.53764,5.06904,-31.269197,0.481288,0.464663005894332,0.357807007185213,0.1870108976893114
1.1658,35.868515,5.524495,-31.11552,33.477974,6.171166,-29.749645,1.22325,1.18099562415901,2.29743179492228,0.40582025287130913
1.2006,35.360737,5.327154,-31.007704,35.023216,5.395849,-30.815407,0.588445,0.568118512207847,0.316174743279402,0.40582025287130913
1.1658,35.868515,5.524495,-31.11552,33.477974,6.171166,-29.749645,1.22325,1.18099562415901,2.29743179492228,0.3502225073487671
1.2007,35.360737,5.327154,-31.007704,35.674397,5.292491,-31.342636,0.588445,0.568118512207847,0.327375700799314,0.3502225073487671
1.1658,35.868515,5.524495,-31.11552,33.477974,6.171166,-29.749645,1.22325,1.18099562415901,2.29743179492228,0.16890163115671103
1.2012,35.360737,5.327154,-31.007704,35.615875,5.037456,-31.028793,0.465797,0.449707107088816,0.317911947989872,0.16890163115671103
1.1658,35.868515,5.524495,-31.11552,33.477974,6.171166,-29.749645,1.22325,1.18099562415901,2.29743179492228,0.3141678682788546
1.2014,35.360737,5.327154,-31.007704,35.380451,5.457178,-30.503191,0.549378,0.530400992445721,0.358596836151528,0.3141678682788546
1.1658,35.868515,5.524495,-31.11552,33.477974,6.171166,-29.749645,1.22325,1.18099562415901,2.29743179492228,0.455832635017085
1.2016,35.360737,5.327154,-31.007704,35.654903,5.079054,-31.241846,0.654537,0.631927515103344,0.39067207087253,0.455832635017085
1.1658,35.868515,5.524495,-31.11552,33.477974,6.171166,-29.749645,1.22325,1.18099562415901,2.29743179492228,0.17485183462769124
1.2021,35.360737,5.327154,-31.007704,35.043198,5.468761,-30.910889,0.452233,0.436611644471941,0.305324299817112,0.17485183462769124
1.1658,35.868515,5.524495,-31.11552,33.477974,6.171166,-29.749645,1.22325,1.18099562415901,2.29743179492228,0.15339078770838052
7.131,35.53763914484171,5.136072695516108,-31.22238489725977,35.49843210107085,5.796845077769425,-31.29423979613155,0.47399,0.457617098626715,0.48787261775694,0.15339078770838052
1.1658,35.868515,5.524495,-31.11552,33.477974,6.171166,-29.749645,1.22325,1.18099562415901,2.29743179492228,0.22991007785940226
7.133,35.53763914484171,5.136072695516108,-31.22238489725977,35.4591652676214,6.2117080274718965,-31.317117608377075,0.676513,0.653144404403584,0.803213129942368,0.22991007785940226
1.1658,35.868515,5.524495,-31.11552,33.477974,6.171166,-29.749645,1.22325,1.18099562415901,2.29743179492228,0.32861306470810014
7.142,35.53763914484171,5.136072695516108,-31.22238489725977,36.385512767554296,5.25762129876009,-31.828850579771373,0.814401,0.786269378549537,0.745839574131634,0.32861306470810014
1.1658,35.868515,5.524495,-31.11552,33.477974,6.171166,-29.749645,1.22325,1.18099562415901,2.29743179492228,0.17570459404292513
7.143,35.53763914484171,5.136072695516108,-31.22238489725977,36.59324408308341,5.3495512269459695,-31.940680692660305,0.90489,0.873632642832819,0.914823636683412,0.17570459404292513
1.1658,35.868515,5.524495,-31.11552,33.477974,6.171166,-29.749645,1.22325,1.18099562415901,2.29743179492228,0.29926988138205285
7.145,35.53763914484171,5.136072695516108,-31.22238489725977,35.00322419703488,5.1527974061138515,-30.949554405810563,0.551552,0.532499896583814,0.467202865854137,0.29926988138205285
1.1658,35.868515,5.524495,-31.11552,33.477974,6.171166,-29.749645,1.22325,1.18099562415901,2.29743179492228,0.48988934317208577
7.146,35.53763914484171,5.136072695516108,-31.22238489725977,34.82257371938761,5.1345464949746065,-30.839932869635113,0.702367,0.67810533705595,0.622290049813181,0.48988934317208577
1.1658,35.868515,5.524495,-31.11552,33.477974,6.171166,-29.749645,1.22325,1.18099562415901,2.29743179492228,0.37218324581391954
7.147,35.53763914484171,5.136072695516108,-31.22238489725977,34.57969032915931,5.144741481081877,-30.717818733242165,0.870418,0.840351399296331,0.833595987199042,0.37218324581391954
1.1658,35.868515,5.524495,-31.11552,33.477974,6.171166,-29.749645,1.22325,1.18099562415901,2.29743179492228,0.31868783723787053
7.191,35.57678662601249,5.757493504298966,-32.21535195242685,35.419838416026515,4.626176704201901,-30.080756741799732,0.629114,0.607382694540912,0.621114722425106,0.31868783723787053
1.1658,35.868515,5.524495,-31.11552,33.477974,6.171166,-29.749645,1.22325,1.18099562415901,2.29743179492228,0.2215272006794638
7.212,35.557220316613616,5.975243591066853,-32.493744251908616,35.57678662601249,4.464419822181265,-29.69214582396932,0.706676,0.682265492498011,0.79878127399432,0.2215272006794638
1.1658,35.868515,5.524495,-31.11552,33.477974,6.171166,-29.749645,1.22325,1.18099562415901,2.29743179492228,0.4328959298573777
7.216,35.557220316613616,5.975243591066853,-32.493744251908616,34.82257371938761,5.134249558292392,-30.839870083183918,0.844564,0.815390466643965,0.766336280906084,0.4328959298573777
1.1658,35.868515,5.524495,-31.11552,33.477974,6.171166,-29.749645,1.22325,1.18099562415901,2.29743179492228,0.3537296046785693
7.283,35.419838416026515,4.6260257716736755,-30.080792680643654,35.63539666124247,4.758901206278921,-31.129705495691727,0.616187,0.594902228214729,0.493555103974534,0.3537296046785693
1.1658,35.868515,5.524495,-31.11552,33.477974,6.171166,-29.749645,1.22325,1.18099562415901,2.29743179492228,0.1607278267830266
7.285,35.419838416026515,4.6260257716736755,-30.080792680643654,35.00322419703488,5.152568321789341,-30.94946618402491,0.469681,0.453456943184654,0.428279120915142,0.1607278267830266
1.1658,35.868515,5.524495,-31.11552,33.477974,6.171166,-29.749645,1.22325,1.18099562415901,2.29743179492228,0.29026224255664496
7.296,35.57678662601249,4.46427131826796,-29.692175766834307,35.49843210107085,4.607148200237776,-31.107982419107906,0.64635,0.624023316309157,0.645211454721766,0.29026224255664496
1.1658,35.868515,5.524495,-31.11552,33.477974,6.171166,-29.749645,1.22325,1.18099562415901,2.29743179492228,0.22068152427351106
7.313,35.51804308244129,4.116853881699828,-29.376494012582434,35.51804308244129,4.295201698439749,-31.150416923916435,0.767002,0.740507668686866,0.795391193371402,0.22068152427351106
1.1658,35.868515,5.524495,-31.11552,33.477974,6.171166,-29.749645,1.22325,1.18099562415901,2.29743179492228,0.2108589092904824
7.315,35.51804308244129,4.116853881699828,-29.376494012582434,34.57969032915931,5.14482487300233,-30.717737400797475,0.844564,0.815390466643965,0.902057784744368,0.2108589092904824
1.1658,35.868515,5.524495,-31.11552,33.477974,6.171166,-29.749645,1.22325,1.18099562415901,2.29743179492228,0.24107545241207576
7.340,35.49843210107085,5.588868561528237,-31.369364388376873,35.00322419703488,5.152374133717968,-30.949522968196387,0.512771,0.495058497605264,0.454024676287232,0.24107545241207576
1.1658,35.868515,5.524495,-31.11552,33.477974,6.171166,-29.749645,1.22325,1.18099562415901,2.29743179492228,0.32569240608135464
7.356,35.49843210107085,5.971809674855249,-31.32460701512607,34.57969032915931,5.144569914743519,-30.71775901446768,0.874727,0.844511554738392,0.864359435507322,0.32569240608135464
1.1658,35.868515,5.524495,-31.11552,33.477974,6.171166,-29.749645,1.22325,1.18099562415901,2.29743179492228,0.4516265357162932
7.385,35.49843210107085,4.60785944060027,-31.107923242438318,34.82257371938761,5.134802057671695,-30.83984120186587,0.887654,0.856992021064575,0.774424434857478,0.4516265357162932
1.1658,35.868515,5.524495,-31.11552,33.477974,6.171166,-29.749645,1.22325,1.18099562415901,2.29743179492228,0.17225642317479653
7.410,35.94575961594815,5.321258557000663,-31.672575251197166,34.82257371938761,5.134595315099633,-30.839797122276646,0.995379,0.960995907116101,0.982695388617982,0.17225642317479653
1.1659,35.868515,5.524495,-31.11552,33.092415,5.455307,-29.247524,1.37126,1.32389295694607,2.46434037549508,0.3592986064909282
1.1690,35.868515,5.524495,-31.11552,35.693874,4.004496,-29.981928,1.12595,1.08705663030602,0.801058004841936,0.3592986064909282
1.1659,35.868515,5.524495,-31.11552,33.092415,5.455307,-29.247524,1.37126,1.32389295694607,2.46434037549508,0.16634878483734122
1.2016,35.360737,5.327154,-31.007704,35.654903,5.079054,-31.241846,0.654537,0.631927515103344,0.39067207087253,0.16634878483734122
1.1659,35.868515,5.524495,-31.11552,33.092415,5.455307,-29.247524,1.37126,1.32389295694607,2.46434037549508,0.22944721618374436
7.142,35.53763914484171,5.136072695516108,-31.22238489725977,36.385512767554296,5.25762129876009,-31.828850579771373,0.814401,0.786269378549537,0.745839574131634,0.22944721618374436
1.1659,35.868515,5.524495,-31.11552,33.092415,5.455307,-29.247524,1.37126,1.32389295694607,2.46434037549508,0.20206332558117274
7.143,35.53763914484171,5.136072695516108,-31.22238489725977,36.59324408308341,5.3495512269459695,-31.940680692660305,0.90489,0.873632642832819,0.914823636683412,0.20206332558117274
1.1659,35.868515,5.524495,-31.11552,33.092415,5.455307,-29.247524,1.37126,1.32389295694607,2.46434037549508,0.2847120540481059
7.146,35.53763914484171,5.136072695516108,-31.22238489725977,34.82257371938761,5.1345464949746065,-30.839932869635113,0.702367,0.67810533705595,0.622290049813181,0.2847120540481059
1.1659,35.868515,5.524495,-31.11552,33.092415,5.455307,-29.247524,1.37126,1.32389295694607,2.46434037549508,0.4600553860186311
7.147,35.53763914484171,5.136072695516108,-31.22238489725977,34.57969032915931,5.144741481081877,-30.717818733242165,0.870418,0.840351399296331,0.833595987199042,0.4600553860186311
1.1659,35.868515,5.524495,-31.11552,33.092415,5.455307,-29.247524,1.37126,1.32389295694607,2.46434037549508,0.2983277747768687
7.148,35.53763914484171,5.136072695516108,-31.22238489725977,34.31390693780456,5.050787907316195,-30.634241814515594,0.986761,0.952675596231979,1.03733865501403,0.2983277747768687
1.1659,35.868515,5.524495,-31.11552,33.092415,5.455307,-29.247524,1.37126,1.32389295694607,2.46434037549508,0.16114656521772044
7.191,35.57678662601249,5.757493504298966,-32.21535195242685,35.419838416026515,4.626176704201901,-30.080756741799732,0.629114,0.607382694540912,0.621114722425106,0.16114656521772044
1.1659,35.868515,5.524495,-31.11552,33.092415,5.455307,-29.247524,1.37126,1.32389295694607,2.46434037549508,0.19173676200115516
7.212,35.557220316613616,5.975243591066853,-32.493744251908616,35.57678662601249,4.464419822181265,-29.69214582396932,0.706676,0.682265492498011,0.79878127399432,0.19173676200115516
1.1659,35.868515,5.524495,-31.11552,33.092415,5.455307,-29.247524,1.37126,1.32389295694607,2.46434037549508,0.42622190275638194
7.216,35.557220316613616,5.975243591066853,-32.493744251908616,34.82257371938761,5.134249558292392,-30.839870083183918,0.844564,0.815390466643965,0.766336280906084,0.42622190275638194
1.1659,35.868515,5.524495,-31.11552,33.092415,5.455307,-29.247524,1.37126,1.32389295694607,2.46434037549508,0.15511938018852084
7.283,35.419838416026515,4.6260257716736755,-30.080792680643654,35.63539666124247,4.758901206278921,-31.129705495691727,0.616187,0.594902228214729,0.493555103974534,0.15511938018852084
1.1659,35.868515,5.524495,-31.11552,33.092415,5.455307,-29.247524,1.37126,1.32389295694607,2.46434037549508,0.16675553900903942
7.296,35.57678662601249,4.46427131826796,-29.692175766834307,35.49843210107085,4.607148200237776,-31.107982419107906,0.64635,0.624023316309157,0.645211454721766,0.16675553900903942
1.1659,35.868515,5.524495,-31.11552,33.092415,5.455307,-29.247524,1.37126,1.32389295694607,2.46434037549508,0.25371467714881357
7.313,35.51804308244129,4.116853881699828,-29.376494012582434,35.51804308244129,4.295201698439749,-31.150416923916435,0.767002,0.740507668686866,0.795391193371402,0.25371467714881357
1.1659,35.868515,5.524495,-31.11552,33.092415,5.455307,-29.247524,1.37126,1.32389295694607,2.46434037549508,0.22744661230500401
7.314,35.51804308244129,4.116853881699828,-29.376494012582434,36.385512767554296,5.257707786899352,-31.82876634996755,1.03416,0.99843730609465,1.02039953282201,0.22744661230500401
1.1659,35.868515,5.524495,-31.11552,33.092415,5.455307,-29.247524,1.37126,1.32389295694607,2.46434037549508,0.2577037696113222
7.315,35.51804308244129,4.116853881699828,-29.376494012582434,34.57969032915931,5.14482487300233,-30.717737400797475,0.844564,0.815390466643965,0.902057784744368,0.2577037696113222
1.1659,35.868515,5.524495,-31.11552,33.092415,5.455307,-29.247524,1.37126,1.32389295694607,2.46434037549508,0.2553468933655865
7.325,35.51804308244129,3.81060505665054,-28.866590016798245,35.57678662601249,4.194412814751885,-31.076471565410834,0.896272,0.865312331948697,0.89528349453254,0.2553468933655865
1.1659,35.868515,5.524495,-31.11552,33.092415,5.455307,-29.247524,1.37126,1.32389295694607,2.46434037549508,0.4343222299777674
7.356,35.49843210107085,5.971809674855249,-31.32460701512607,34.57969032915931,5.144569914743519,-30.71775901446768,0.874727,0.844511554738392,0.864359435507322,0.4343222299777674
1.1659,35.868515,5.524495,-31.11552,33.092415,5.455307,-29.247524,1.37126,1.32389295694607,2.46434037549508,0.4799115465984835
7.385,35.49843210107085,4.60785944060027,-31.107923242438318,34.82257371938761,5.134802057671695,-30.83984120186587,0.887654,0.856992021064575,0.774424434857478,0.4799115465984835
1.1659,35.868515,5.524495,-31.11552,33.092415,5.455307,-29.247524,1.37126,1.32389295694607,2.46434037549508,0.3252116642144421
7.410,35.94575961594815,5.321258557000663,-31.672575251197166,34.82257371938761,5.134595315099633,-30.839797122276646,0.995379,0.960995907116101,0.982695388617982,0.3252116642144421
1.1660,35.868515,5.524495,-31.11552,33.157093,5.502381,-29.559862,1.47821,1.42714861360154,2.36437713019751,0.29724284504083964
1.1690,35.868515,5.524495,-31.11552,35.693874,4.004496,-29.981928,1.12595,1.08705663030602,0.801058004841936,0.29724284504083964
1.1660,35.868515,5.524495,-31.11552,33.157093,5.502381,-29.559862,1.47821,1.42714861360154,2.36437713019751,0.1531564071182165
7.142,35.53763914484171,5.136072695516108,-31.22238489725977,36.385512767554296,5.25762129876009,-31.828850579771373,0.814401,0.786269378549537,0.745839574131634,0.1531564071182165
1.1660,35.868515,5.524495,-31.11552,33.157093,5.502381,-29.559862,1.47821,1.42714861360154,2.36437713019751,0.26988233710558784
7.147,35.53763914484171,5.136072695516108,-31.22238489725977,34.57969032915931,5.144741481081877,-30.717818733242165,0.870418,0.840351399296331,0.833595987199042,0.26988233710558784
1.1660,35.868515,5.524495,-31.11552,33.157093,5.502381,-29.559862,1.47821,1.42714861360154,2.36437713019751,0.15512093232381025
7.148,35.53763914484171,5.136072695516108,-31.22238489725977,34.31390693780456,5.050787907316195,-30.634241814515594,0.986761,0.952675596231979,1.03733865501403,0.15512093232381025
1.1660,35.868515,5.524495,-31.11552,33.157093,5.502381,-29.559862,1.47821,1.42714861360154,2.36437713019751,0.2598966789037583
7.216,35.557220316613616,5.975243591066853,-32.493744251908616,34.82257371938761,5.134249558292392,-30.839870083183918,0.844564,0.815390466643965,0.766336280906084,0.2598966789037583
1.1660,35.868515,5.524495,-31.11552,33.157093,5.502381,-29.559862,1.47821,1.42714861360154,2.36437713019751,0.2456568042466167
7.356,35.49843210107085,5.971809674855249,-31.32460701512607,34.57969032915931,5.144569914743519,-30.71775901446768,0.874727,0.844511554738392,0.864359435507322,0.2456568042466167
1.1660,35.868515,5.524495,-31.11552,33.157093,5.502381,-29.559862,1.47821,1.42714861360154,2.36437713019751,0.31869345745217054
7.385,35.49843210107085,4.60785944060027,-31.107923242438318,34.82257371938761,5.134802057671695,-30.83984120186587,0.887654,0.856992021064575,0.774424434857478,0.31869345745217054
1.1660,35.868515,5.524495,-31.11552,33.157093,5.502381,-29.559862,1.47821,1.42714861360154,2.36437713019751,0.19049686302506794
7.410,35.94575961594815,5.321258557000663,-31.672575251197166,34.82257371938761,5.134595315099633,-30.839797122276646,0.995379,0.960995907116101,0.982695388617982,0.19049686302506794
1.1665,35.868515,5.524495,-31.11552,34.313908,5.863198,-30.047523,0.726221,0.701135355137854,1.51612441497148,0.16673024548034288
1.1978,35.360737,5.327154,-31.007704,35.43951,5.469648,-30.831221,0.331038,0.319603048788351,0.207737920448515,0.16673024548034288
1.1665,35.868515,5.524495,-31.11552,34.313908,5.863198,-30.047523,0.726221,0.701135355137854,1.51612441497148,0.17801179717263999
1.1979,35.360737,5.327154,-31.007704,35.459167,5.163983,-31.102339,0.30686,0.296260222546032,0.190544544836334,0.17801179717263999
1.1665,35.868515,5.524495,-31.11552,34.313908,5.863198,-30.047523,0.726221,0.701135355137854,1.51612441497148,0.18411733933950458
1.1983,35.360737,5.327154,-31.007704,35.576786,5.455075,-31.182528,0.316185,0.305263111730813,0.187135887467269,0.18411733933950458
1.1665,35.868515,5.524495,-31.11552,34.313908,5.863198,-30.047523,0.726221,0.701135355137854,1.51612441497148,0.21560773224824528
1.1984,35.360737,5.327154,-31.007704,35.341003,5.327625,-31.126375,0.124424,0.120126057257601,0.0642707509801374,0.21560773224824528
1.1665,35.868515,5.524495,-31.11552,34.313908,5.863198,-30.047523,0.726221,0.701135355137854,1.51612441497148,0.17827011026314477
1.1985,35.360737,5.327154,-31.007704,35.518044,5.275861,-31.215029,0.325958,0.314698525779377,0.194455528247158,0.17827011026314477
1.1665,35.868515,5.524495,-31.11552,34.313908,5.863198,-30.047523,0.726221,0.701135355137854,1.51612441497148,0.15151473369477378
1.1986,35.360737,5.327154,-31.007704,35.635399,5.461259,-31.217964,0.481288,0.464663005894332,0.235559732487109,0.15151473369477378
1.1665,35.868515,5.524495,-31.11552,34.313908,5.863198,-30.047523,0.726221,0.701135355137854,1.51612441497148,0.16415519283244515
1.1989,35.360737,5.327154,-31.007704,35.400154,5.433665,-30.945103,0.119477,0.115349940067563,0.117659601129532,0.16415519283244515
1.1665,35.868515,5.524495,-31.11552,34.313908,5.863198,-30.047523,0.726221,0.701135355137854,1.51612441497148,0.20404591374556985
1.1990,35.360737,5.327154,-31.007704,35.400154,5.372988,-31.384466,0.325958,0.314698525779377,0.171985535398173,0.20404591374556985
1.1665,35.868515,5.524495,-31.11552,34.313908,5.863198,-30.047523,0.726221,0.701135355137854,1.51612441497148,0.1920592959452075
1.1992,35.360737,5.327154,-31.007704,35.380451,5.393758,-30.777336,0.264753,0.255607712636804,0.169085389280903,0.1920592959452075
1.1665,35.868515,5.524495,-31.11552,34.313908,5.863198,-30.047523,0.726221,0.701135355137854,1.51612441497148,0.15590978620146434
1.1998,35.360737,5.327154,-31.007704,35.142853,5.302665,-30.778742,0.276786,0.26722506014999,0.208372798508014,0.15590978620146434
1.1665,35.868515,5.524495,-31.11552,34.313908,5.863198,-30.047523,0.726221,0.701135355137854,1.51612441497148,0.16127168561124278
1.2001,35.360737,5.327154,-31.007704,35.341003,5.008696,-30.733496,0.164544,0.158860203541075,0.153713695142309,0.16127168561124278
1.1665,35.868515,5.524495,-31.11552,34.313908,5.863198,-30.047523,0.726221,0.701135355137854,1.51612441497148,0.2054729454504762
1.2010,35.360737,5.327154,-31.007704,35.242119,5.381862,-30.824453,0.293552,0.283411916994176,0.166841241500813,0.2054729454504762
1.1665,35.868515,5.524495,-31.11552,34.313908,5.863198,-30.047523,0.726221,0.701135355137854,1.51612441497148,0.15233472835044748
1.2011,35.360737,5.327154,-31.007704,35.202457,5.063473,-30.604147,0.184614,0.178236931255664,0.177847992363845,0.15233472835044748
1.1665,35.868515,5.524495,-31.11552,34.313908,5.863198,-30.047523,0.726221,0.701135355137854,1.51612441497148,0.17091987531244954
1.2015,35.360737,5.327154,-31.007704,35.53764,5.307101,-30.925335,0.176713,0.170608853245053,0.149698490412162,0.17091987531244954
1.1665,35.868515,5.524495,-31.11552,34.313908,5.863198,-30.047523,0.726221,0.701135355137854,1.51612441497148,0.1757903831502842
1.2019,35.360737,5.327154,-31.007704,35.281719,5.208384,-30.591005,0.207649,0.200476239820964,0.164286745201952,0.1757903831502842
1.1665,35.868515,5.524495,-31.11552,34.313908,5.863198,-30.047523,0.726221,0.701135355137854,1.51612441497148,0.18171048211356466
1.2020,35.360737,5.327154,-31.007704,35.182606,5.205809,-30.953705,0.226477,0.218653869587296,0.164375906535473,0.18171048211356466
1.1665,35.868515,5.524495,-31.11552,34.313908,5.863198,-30.047523,0.726221,0.701135355137854,1.51612441497148,0.18494581934645263
1.2024,35.360737,5.327154,-31.007704,35.55722,5.382886,-31.152035,0.253049,0.244308000570458,0.16895020587026,0.18494581934645263
1.1665,35.868515,5.524495,-31.11552,34.313908,5.863198,-30.047523,0.726221,0.701135355137854,1.51612441497148,0.15922348129321343
1.2025,35.360737,5.327154,-31.007704,35.341003,5.678205,-31.252357,0.218958,0.211394596259643,0.181946853513322,0.15922348129321343
1.1665,35.868515,5.524495,-31.11552,34.313908,5.863198,-30.047523,0.726221,0.701135355137854,1.51612441497148,0.24039624756386002
1.2026,35.360737,5.327154,-31.007704,35.261925,5.315021,-30.850403,0.222717,0.215023750194827,0.110977796853077,0.24039624756386002
1.1665,35.868515,5.524495,-31.11552,34.313908,5.863198,-30.047523,0.726221,0.701135355137854,1.51612441497148,0.22057962262359743
7.119,35.53763914484171,5.136072695516108,-31.22238489725977,35.53763914484171,5.389201374050023,-31.666006519754795,0.249922,0.241289015639541,0.12432421690719,0.22057962262359743
1.1665,35.868515,5.524495,-31.11552,34.313908,5.863198,-30.047523,0.726221,0.701135355137854,1.51612441497148,0.1615106173936532
7.124,35.53763914484171,5.136072695516108,-31.22238489725977,35.57678662601249,4.713825235012292,-30.61248442261443,0.271467,0.262089792849846,0.189278945125528,0.1615106173936532
1.1665,35.868515,5.524495,-31.11552,34.313908,5.863198,-30.047523,0.726221,0.701135355137854,1.51612441497148,0.15157623544846102
7.129,35.53763914484171,5.136072695516108,-31.22238489725977,35.47880617230244,5.44876270984973,-31.418462301950346,0.206832,0.19968746121893,0.175190100891137,0.15157623544846102
1.1665,35.868515,5.524495,-31.11552,34.313908,5.863198,-30.047523,0.726221,0.701135355137854,1.51612441497148,0.2523636292247888
7.134,35.53763914484171,5.136072695516108,-31.22238489725977,35.49843210107085,5.028283215559898,-31.252502818445983,0.271467,0.262089792849846,0.103484024444721,0.2523636292247888
1.1665,35.868515,5.524495,-31.11552,34.313908,5.863198,-30.047523,0.726221,0.701135355137854,1.51612441497148,0.18953521568962325
7.139,35.53763914484171,5.136072695516108,-31.22238489725977,35.713337000914514,5.258877121441769,-31.34049062523,0.25854,0.249609326523663,0.155962280424723,0.18953521568962325
1.1665,35.868515,5.524495,-31.11552,34.313908,5.863198,-30.047523,0.726221,0.701135355137854,1.51612441497148,0.17057589265409062
7.144,35.53763914484171,5.136072695516108,-31.22238489725977,35.321257195674356,5.115576660461696,-31.15657846473724,0.25854,0.249609326523663,0.180396434089877,0.17057589265409062
1.1665,35.868515,5.524495,-31.11552,34.313908,5.863198,-30.047523,0.726221,0.701135355137854,1.51612441497148,0.17536762894921706
7.168,35.53763914484171,5.389317492980577,-31.665985979461265,35.47880617230244,5.44887830606891,-31.418441762159453,0.284394,0.274570259176029,0.177449618254526,0.17536762894921706
1.1665,35.868515,5.524495,-31.11552,34.313908,5.863198,-30.047523,0.726221,0.701135355137854,1.51612441497148,0.20426145303937002
7.169,35.53763914484171,5.389317492980577,-31.665985979461265,35.49843210107085,5.028398836409432,-31.25248227961981,0.314557,0.303691347270456,0.15708454948348,0.20426145303937002
1.1665,35.868515,5.524495,-31.11552,34.313908,5.863198,-30.047523,0.726221,0.701135355137854,1.51612441497148,0.1614419330502919
7.170,35.53763914484171,5.389317492980577,-31.665985979461265,35.713337000914514,5.258993019988195,-31.340469984457908,0.271467,0.262089792849846,0.176750887991696,0.1614419330502919
1.1665,35.868515,5.524495,-31.11552,34.313908,5.863198,-30.047523,0.726221,0.701135355137854,1.51612441497148,0.15328843923036267
7.269,35.57678662601249,4.71352314487572,-30.612431580610743,35.49843210107085,5.0279786838318685,-31.25244897966226,0.262849,0.253769481965724,0.195221050531716,0.15328843923036267
1.1665,35.868515,5.524495,-31.11552,34.313908,5.863198,-30.047523,0.726221,0.701135355137854,1.51612441497148,0.18207999314153347
7.370,35.49843210107085,5.028233867454629,-31.252408518626783,35.321257195674356,5.1155273497111855,-31.156484446515474,0.318866,0.307851502712517,0.185539781918373,0.18207999314153347
1.1691,44.720165,37.766644,23.12565,43.730396,35.689289,21.568848,1.35877,1.31183439545354,1.28922916156338,0.49114751265672674
1.1705,44.720165,37.766644,23.12565,41.036758,36.816265,22.133057,1.68676,1.6284947304365,3.41544089851318,0.49114751265672674
1.1691,44.720165,37.766644,23.12565,43.730396,35.689289,21.568848,1.35877,1.31183439545354,1.28922916156338,0.18341157267367209
7.361,44.60351738852064,38.78155571208269,21.746543197241397,44.489974232848624,35.28218457991533,24.28917730304483,1.620184,1.56421844621495,2.70544683885885,0.18341157267367209
1.1692,44.720165,37.766644,23.12565,48.579742,36.674446,22.534721,1.82541,1.7623553830338,3.770297917356,0.20326133480716935
1.1709,44.720165,37.766644,23.12565,46.36845,38.327873,22.667063,1.1276,1.08864963482665,1.63802743731882,0.20326133480716935
1.1692,44.720165,37.766644,23.12565,48.579742,36.674446,22.534721,1.82541,1.7623553830338,3.770297917356,0.24498529393039906
1.1718,44.720165,37.766644,23.12565,46.41523,38.82346,21.206083,1.68676,1.6284947304365,2.1574729351249,0.24498529393039906
1.1692,44.720165,37.766644,23.12565,48.579742,36.674446,22.534721,1.82541,1.7623553830338,3.770297917356,0.2725064014087129
4.76,45.099937,36.750183,22.469835,46.181698,36.91983,22.239534,1.145622,1.10604910602109,1.05157489929332,0.2725064014087129
1.1692,44.720165,37.766644,23.12565,48.579742,36.674446,22.534721,1.82541,1.7623553830338,3.770297917356,0.18283890496288754
4.77,43.600025,37.299789,22.570135,44.974243,37.176563,22.39678,1.359844,1.31287129657787,1.29024390106441,0.18283890496288754
1.1692,44.720165,37.766644,23.12565,48.579742,36.674446,22.534721,1.82541,1.7623553830338,3.770297917356,0.39905086035922666
4.107,43.990017,37.080006,23.210077,45.608574,36.694283,22.471897,1.341216,1.29488675826859,1.57250682058097,0.39905086035922666
1.1692,44.720165,37.766644,23.12565,48.579742,36.674446,22.534721,1.82541,1.7623553830338,3.770297917356,0.8154663560711775
4.108,44.859974,36.539989,21.909847,46.673664,36.923515,22.141479,1.555438,1.50170894882538,1.74457849624982,0.8154663560711775
1.1692,44.720165,37.766644,23.12565,48.579742,36.674446,22.534721,1.82541,1.7623553830338,3.770297917356,0.17340843397446298
5.3,44.880054,37.119598,22.940094,46.212364,37.041267,22.777866,1.070955,1.03396130690473,1.2749658582207,0.17340843397446298
1.1692,44.720165,37.766644,23.12565,48.579742,36.674446,22.534721,1.82541,1.7623553830338,3.770297917356,0.4540469081337912
5.4,44.759933,37.080364,22.879847,46.325886,37.092598,22.812387,1.237548,1.19479973242324,1.49599526230479,0.4540469081337912
1.1692,44.720165,37.766644,23.12565,48.579742,36.674446,22.534721,1.82541,1.7623553830338,3.770297917356,0.799280850092969
5.5,44.699978,37.049923,22.97002,46.376072,37.150539,22.73093,1.594533,1.53945350139149,1.6093969416557,0.799280850092969
1.1692,44.720165,37.766644,23.12565,48.579742,36.674446,22.534721,1.82541,1.7623553830338,3.770297917356,0.30678734243112116
5.30,45.350056,36.019573,23.100149,44.32386,37.201443,23.160089,1.42794,1.37861507587297,1.10060055129705,0.30678734243112116
1.1692,44.720165,37.766644,23.12565,48.579742,36.674446,22.534721,1.82541,1.7623553830338,3.770297917356,0.32269479178642535
5.31,45.229973,36.590229,23.069777,43.780373,37.969959,23.060562,1.800791,1.7385867901287,1.49856678092753,0.32269479178642535
1.1692,44.720165,37.766644,23.12565,48.579742,36.674446,22.534721,1.82541,1.7623553830338,3.770297917356,0.1861103840886766
5.35,43.370056,37.029957,22.269957,44.965286,36.990047,23.413904,1.800791,1.7385867901287,1.64083021643964,0.1861103840886766
1.1692,44.720165,37.766644,23.12565,48.579742,36.674446,22.534721,1.82541,1.7623553830338,3.770297917356,0.23805920614090748
5.38,45.259933,37.10017,22.099951,44.173214,37.137138,23.219437,1.308945,1.26373048621689,1.21400281575858,0.23805920614090748
1.1692,44.720165,37.766644,23.12565,48.579742,36.674446,22.534721,1.82541,1.7623553830338,3.770297917356,0.2536182232698718
7.113,44.57517149224873,36.95897623838063,23.023442749720434,45.90691825034913,37.77152031503201,23.52961375158339,1.219447,1.17732399010328,1.30608321910391,0.2536182232698718
1.1692,44.720165,37.766644,23.12565,48.579742,36.674446,22.534721,1.82541,1.7623553830338,3.770297917356,0.1829767163118557
7.352,44.518399976803536,38.519666028744126,21.880905505662586,45.67525911468617,37.772687778959316,23.457194431691097,1.197902,1.15652321289297,1.57811105565571,0.1829767163118557
1.1692,44.720165,37.766644,23.12565,48.579742,36.674446,22.534721,1.82541,1.7623553830338,3.770297917356,0.2669305482318086
7.391,44.489974232848624,35.2820224543286,24.289254737085773,45.90691825034913,37.77121063361816,23.529440807682743,1.628802,1.57253875709907,1.97374457695559,0.2669305482318086
1.1692,44.720165,37.766644,23.12565,48.579742,36.674446,22.534721,1.82541,1.7623553830338,3.770297917356,0.27985101559352754
7.409,45.455625795399975,37.53390571428322,23.29452102077022,43.69756372940281,36.53766737160819,22.597154837595767,1.391807,1.34373020778572,1.70500293459707,0.27985101559352754
1.1692,44.720165,37.766644,23.12565,48.579742,36.674446,22.534721,1.82541,1.7623553830338,3.770297917356,0.20688032457746305
7.413,45.67525911468617,37.772741228500664,23.45706086477872,43.43360642568766,36.17325707994268,22.566664899868705,1.732218,1.67238248770854,2.19823030545429,0.20688032457746305
1.1693,44.720165,37.766644,23.12565,45.151043,35.480148,23.348991,1.0134,0.978394412853252,1.19385939335222,0.26081772734214925
7.361,44.60351738852064,38.78155571208269,21.746543197241397,44.489974232848624,35.28218457991533,24.28917730304483,1.620184,1.56421844621495,2.70544683885885,0.26081772734214925
1.1695,44.720165,37.766644,23.12565,46.401871,37.355133,23.587177,0.983115,0.949155538970026,1.65587995724515,0.17906624988820993
1.1787,44.730747,37.294174,23.309671,44.489975,36.890717,23.295794,0.486312,0.469513463295333,0.288467514487488,0.17906624988820993
1.1695,44.720165,37.766644,23.12565,46.401871,37.355133,23.587177,0.983115,0.949155538970026,1.65587995724515,0.15124160189647104
1.1802,44.730747,37.294174,23.309671,45.05349,37.500896,23.39403,0.435288,0.420251970773699,0.314957097905854,0.15124160189647104
1.1695,44.720165,37.766644,23.12565,46.401871,37.355133,23.587177,0.983115,0.949155538970026,1.65587995724515,0.15088267712229234
7.109,44.57517149224873,36.95897623838063,23.023442749720434,44.82933602774889,37.201465820408956,23.049247291811515,0.366265,0.353613212575189,0.26045502093204,0.15088267712229234
1.1697,44.720165,37.766644,23.12565,43.624477,37.621201,22.009541,1.45565,1.40536789724673,1.19965295589464,0.6322165416574862
1.1705,44.720165,37.766644,23.12565,41.036758,36.816265,22.133057,1.68676,1.6284947304365,3.41544089851318,0.6322165416574862
1.1697,44.720165,37.766644,23.12565,43.624477,37.621201,22.009541,1.45565,1.40536789724673,1.19965295589464,0.5373026467350291
1.1719,44.720165,37.766644,23.12565,41.696815,38.757702,22.729319,1.82541,1.7623553830338,2.84900831347832,0.5373026467350291
1.1697,44.720165,37.766644,23.12565,43.624477,37.621201,22.009541,1.45565,1.40536789724673,1.19965295589464,0.5489892276071676
1.1726,44.720165,37.766644,23.12565,41.614643,38.204678,23.429976,1.68676,1.6284947304365,2.86581021342006,0.5489892276071676
1.1697,44.720165,37.766644,23.12565,43.624477,37.621201,22.009541,1.45565,1.40536789724673,1.19965295589464,0.19500129498929428
1.1734,44.720165,37.766644,23.12565,42.057941,36.92165,25.099762,1.68676,1.6284947304365,2.83060569225389,0.19500129498929428
1.1697,44.720165,37.766644,23.12565,43.624477,37.621201,22.009541,1.45565,1.40536789724673,1.19965295589464,0.3035022935400059
7.361,44.60351738852064,38.78155571208269,21.746543197241397,44.489974232848624,35.28218457991533,24.28917730304483,1.620184,1.56421844621495,2.70544683885885,0.3035022935400059
1.1697,44.720165,37.766644,23.12565,43.624477,37.621201,22.009541,1.45565,1.40536789724673,1.19965295589464,0.27677471737494275
7.417,45.90691825034913,37.77115311636092,23.52933956192629,43.10777397801501,35.99489637404085,22.457982490321005,2.055393,1.98439414586312,2.72332209281723,0.27677471737494275
1.1699,44.720165,37.766644,23.12565,45.043018000000004,39.622589,22.522366,1.17392,1.13336961627856,1.08585340272686,0.29486582036109243
1.1713,44.720165,37.766644,23.12565,47.835133,38.069309,22.399614,1.68676,1.6284947304365,3.05054135781852,0.29486582036109243
1.1699,44.720165,37.766644,23.12565,45.043018000000004,39.622589,22.522366,1.17392,1.13336961627856,1.08585340272686,0.3624105132360865
7.361,44.60351738852064,38.78155571208269,21.746543197241397,44.489974232848624,35.28218457991533,24.28917730304483,1.620184,1.56421844621495,2.70544683885885,0.3624105132360865
1.1700,44.720165,37.766644,23.12565,43.367249,38.831387,21.785275,1.35877,1.31183439545354,1.67902841734789,0.371840434131226
1.1705,44.720165,37.766644,23.12565,41.036758,36.816265,22.133057,1.68676,1.6284947304365,3.41544089851318,0.371840434131226
1.1703,44.720165,37.766644,23.12565,43.092876,38.027527,22.565903,1.00598,0.971230719796837,1.5681054444156,0.2611037559951681
1.1705,44.720165,37.766644,23.12565,41.036758,36.816265,22.133057,1.68676,1.6284947304365,3.41544089851318,0.2611037559951681
1.1704,44.720165,37.766644,23.12565,43.315536,39.345013,24.183273,1.35877,1.31183439545354,1.45309294742713,0.2024992393885098
1.1719,44.720165,37.766644,23.12565,41.696815,38.757702,22.729319,1.82541,1.7623553830338,2.84900831347832,0.2024992393885098
1.1704,44.720165,37.766644,23.12565,43.315536,39.345013,24.183273,1.35877,1.31183439545354,1.45309294742713,0.26922355607101034
1.1726,44.720165,37.766644,23.12565,41.614643,38.204678,23.429976,1.68676,1.6284947304365,2.86581021342006,0.26922355607101034
1.1704,44.720165,37.766644,23.12565,43.315536,39.345013,24.183273,1.35877,1.31183439545354,1.45309294742713,0.15234275612416978
1.1734,44.720165,37.766644,23.12565,42.057941,36.92165,25.099762,1.68676,1.6284947304365,2.83060569225389,0.15234275612416978
1.1705,44.720165,37.766644,23.12565,41.036758,36.816265,22.133057,1.68676,1.6284947304365,3.41544089851318,0.2730707628294004
1.1711,44.720165,37.766644,23.12565,43.959206,34.881966,22.462944,1.45007,1.39998064559514,1.35756516042183,0.2730707628294004
1.1705,44.720165,37.766644,23.12565,41.036758,36.816265,22.133057,1.68676,1.6284947304365,3.41544089851318,0.6383779721845624
1.1720,44.720165,37.766644,23.12565,43.00708,36.30534,23.155594,1.55978,1.50590096435785,1.72999649127773,0.6383779721845624
1.1705,44.720165,37.766644,23.12565,41.036758,36.816265,22.133057,1.68676,1.6284947304365,3.41544089851318,0.5775629871045861
1.1728,44.720165,37.766644,23.12565,42.755711,37.479897,22.81263,1.47957,1.42846163550946,1.83169844018474,0.5775629871045861
1.1705,44.720165,37.766644,23.12565,41.036758,36.816265,22.133057,1.68676,1.6284947304365,3.41544089851318,0.24333250514534313
1.1730,44.720165,37.766644,23.12565,43.055603,38.136776,23.582598,1.03659,1.00078336729776,1.56604958375303,0.24333250514534313
1.1705,44.720165,37.766644,23.12565,41.036758,36.816265,22.133057,1.68676,1.6284947304365,3.41544089851318,0.2015894041459732
1.1733,44.720165,37.766644,23.12565,43.525524,36.431755,23.569441,1.00598,0.971230719796837,1.36094568419417,0.2015894041459732
1.1705,44.720165,37.766644,23.12565,41.036758,36.816265,22.133057,1.68676,1.6284947304365,3.41544089851318,0.2625577166041317
4.12,43.870068,35.629742,21.290045,44.072601,37.127289,22.695574,1.126994,1.0880645677118,0.769554419490261,0.2625577166041317
1.1705,44.720165,37.766644,23.12565,41.036758,36.816265,22.133057,1.68676,1.6284947304365,3.41544089851318,0.17046088338480053
4.13,43.449951,38.100449,20.989811,43.626087,37.972427,23.039627,0.987284,0.953180530392155,1.24802879487183,0.17046088338480053
1.1705,44.720165,37.766644,23.12565,41.036758,36.816265,22.133057,1.68676,1.6284947304365,3.41544089851318,0.6341644539147524
4.77,43.600025,37.299789,22.570135,44.974243,37.176563,22.39678,1.359844,1.31287129657787,1.29024390106441,0.6341644539147524
1.1705,44.720165,37.766644,23.12565,41.036758,36.816265,22.133057,1.68676,1.6284947304365,3.41544089851318,0.46793453993032547
4.106,43.86005,36.959896,22.410271,44.775291,36.950111,22.187439,1.229448,1.18697952841287,0.867505507831591,0.46793453993032547
1.1705,44.720165,37.766644,23.12565,41.036758,36.816265,22.133057,1.68676,1.6284947304365,3.41544089851318,0.368279314690429
4.107,43.990017,37.080006,23.210077,45.608574,36.694283,22.471897,1.341216,1.29488675826859,1.57250682058097,0.368279314690429
1.1705,44.720165,37.766644,23.12565,41.036758,36.816265,22.133057,1.68676,1.6284947304365,3.41544089851318,0.16186902584173604
5.5,44.699978,37.049923,22.97002,46.376072,37.150539,22.73093,1.594533,1.53945350139149,1.6093969416557,0.16186902584173604
1.1705,44.720165,37.766644,23.12565,41.036758,36.816265,22.133057,1.68676,1.6284947304365,3.41544089851318,0.2341771799008881
5.10,44.489975,35.940083,22.349972,44.418793,38.393051,22.841824,1.308945,1.26373048621689,0.978364339257622,0.2341771799008881
1.1705,44.720165,37.766644,23.12565,41.036758,36.816265,22.133057,1.68676,1.6284947304365,3.41544089851318,0.22201945080497096
5.14,44.470062,37.049984,21.120243,44.441589,37.090839,23.134239,1.285146,1.24075356828568,1.18231127804555,0.22201945080497096
1.1705,44.720165,37.766644,23.12565,41.036758,36.816265,22.133057,1.68676,1.6284947304365,3.41544089851318,0.15124140780368953
5.22,44.449993,37.710121,21.169832,44.435749,36.423412,22.37541,1.158218,1.11821000598586,1.12715683194151,0.15124140780368953
1.1705,44.720165,37.766644,23.12565,41.036758,36.816265,22.133057,1.68676,1.6284947304365,3.41544089851318,0.18576241010221614
5.23,44.480019,37.719929,20.979906,44.394554,36.395611,22.567541,1.380342,1.33266124001054,1.35091214089471,0.18576241010221614
1.1705,44.720165,37.766644,23.12565,41.036758,36.816265,22.133057,1.68676,1.6284947304365,3.41544089851318,0.2546608817235159
5.26,43.449951,35.7103,22.719934,44.406105,36.882622,22.633024,1.023357,0.988007471042298,1.0550257041602,0.2546608817235159
1.1705,44.720165,37.766644,23.12565,41.036758,36.816265,22.133057,1.68676,1.6284947304365,3.41544089851318,0.5055284958755756
5.27,43.449951,35.560188,22.639994,44.391842,37.037529,22.73987,1.237548,1.19479973242324,1.08913506367349,0.5055284958755756
1.1705,44.720165,37.766644,23.12565,41.036758,36.816265,22.133057,1.68676,1.6284947304365,3.41544089851318,0.22634038647247748
5.29,44.330009,37.199749,23.160069,43.78183,37.969376,23.073114,1.070955,1.03396130690473,0.634188057383681,0.22634038647247748
1.1705,44.720165,37.766644,23.12565,41.036758,36.816265,22.133057,1.68676,1.6284947304365,3.41544089851318,0.432477748316157
5.31,45.229973,36.590229,23.069777,43.780373,37.969959,23.060562,1.800791,1.7385867901287,1.49856678092753,0.432477748316157
1.1705,44.720165,37.766644,23.12565,41.036758,36.816265,22.133057,1.68676,1.6284947304365,3.41544089851318,0.32353321809022606
5.33,43.899956,37.030128,22.490103,44.417511,36.98003,23.17672,1.102687,1.06459719747969,0.638802995769043,0.32353321809022606
1.1705,44.720165,37.766644,23.12565,41.036758,36.816265,22.133057,1.68676,1.6284947304365,3.41544089851318,0.5863688283224422
5.34,43.759983,37.000278,22.37995,44.56496,37.031937,23.284607,1.340677,1.29436637679185,0.91776648364448,0.5863688283224422
1.1705,44.720165,37.766644,23.12565,41.036758,36.816265,22.133057,1.68676,1.6284947304365,3.41544089851318,0.6946235193314405
5.35,43.370056,37.029957,22.269957,44.965286,36.990047,23.413904,1.800791,1.7385867901287,1.64083021643964,0.6946235193314405
1.1705,44.720165,37.766644,23.12565,41.036758,36.816265,22.133057,1.68676,1.6284947304365,3.41544089851318,0.3127230981006637
5.38,45.259933,37.10017,22.099951,44.173214,37.137138,23.219437,1.308945,1.26373048621689,1.21400281575858,0.3127230981006637
1.1705,44.720165,37.766644,23.12565,41.036758,36.816265,22.133057,1.68676,1.6284947304365,3.41544089851318,0.49850767907503596
5.42,43.86005,36.959896,22.410271,44.775291,36.950111,22.187439,1.26928,1.2254356229982,0.867505507831591,0.49850767907503596
1.1705,44.720165,37.766644,23.12565,41.036758,36.816265,22.133057,1.68676,1.6284947304365,3.41544089851318,0.2796795509062205
6.65,43.11,35.49,22.27,43.99727809141985,36.41270480287401,23.247455175121324,1.02,0.984766430935777,0.961519585938287,0.2796795509062205
1.1705,44.720165,37.766644,23.12565,41.036758,36.816265,22.133057,1.68676,1.6284947304365,3.41544089851318,0.17536804041731183
6.67,43.35,35.28,22.09,42.534454807058474,36.21159743287278,23.08677745803963,1.02,0.984766430935777,0.905754223976326,0.17536804041731183
1.1705,44.720165,37.766644,23.12565,41.036758,36.816265,22.133057,1.68676,1.6284947304365,3.41544089851318,0.15068783084110673
6.224,42.93,35.16,23.56,43.50021798331866,35.57265775108587,22.525854666218127,1.02,0.984766430935777,0.90483557540355,0.15068783084110673
1.1705,44.720165,37.766644,23.12565,41.036758,36.816265,22.133057,1.68676,1.6284947304365,3.41544089851318,0.18102386653161906
7.113,44.57517149224873,36.95897623838063,23.023442749720434,45.90691825034913,37.77152031503201,23.52961375158339,1.219447,1.17732399010328,1.30608321910391,0.18102386653161906
1.1705,44.720165,37.766644,23.12565,41.036758,36.816265,22.133057,1.68676,1.6284947304365,3.41544089851318,0.30430296886842845
7.117,44.57517149224873,36.95897623838063,23.023442749720434,43.43360642568766,36.173492413329456,22.566770196731134,1.03416,0.99843730609465,1.10901620179134,0.30430296886842845
1.1705,44.720165,37.766644,23.12565,41.036758,36.816265,22.133057,1.68676,1.6284947304365,3.41544089851318,0.6183333451608275
7.118,44.57517149224873,36.95897623838063,23.023442749720434,43.10777397801501,35.995247030617236,22.45824415660518,1.197902,1.15652321289297,1.41769205273371,0.6183333451608275
1.1705,44.720165,37.766644,23.12565,41.036758,36.816265,22.133057,1.68676,1.6284947304365,3.41544089851318,0.45185662424662687
7.211,44.56098859042097,38.573724315756394,24.555576237150024,43.69756372940281,36.53801632030218,22.59692718339512,1.189284,1.14820290200885,1.28355966155084,0.45185662424662687
1.1705,44.720165,37.766644,23.12565,41.036758,36.816265,22.133057,1.68676,1.6284947304365,3.41544089851318,0.593330720972935
7.353,44.518399976803536,38.519666028744126,21.880905505662586,43.43360642568766,36.17320578683514,22.566793419178723,1.370262,1.32292943057541,1.65164770528742,0.593330720972935
1.1705,44.720165,37.766644,23.12565,41.036758,36.816265,22.133057,1.68676,1.6284947304365,3.41544089851318,0.32001883591599894
7.392,44.489974232848624,35.2820224543286,24.289254737085773,43.10777397801501,35.99495132522856,22.458079114540197,1.37888,1.33124974145953,1.8241554310481,0.32001883591599894
1.1705,44.720165,37.766644,23.12565,41.036758,36.816265,22.133057,1.68676,1.6284947304365,3.41544089851318,0.5143828595170546
7.409,45.455625795399975,37.53390571428322,23.29452102077022,43.69756372940281,36.53766737160819,22.597154837595767,1.391807,1.34373020778572,1.70500293459707,0.5143828595170546
1.1706,44.720165,37.766644,23.12565,45.265617,38.938438,23.197872,0.764178,0.737781217313373,0.71564173967275,0.2133868745435442
7.351,44.518399976803536,38.519666028744126,21.880905505662586,44.518399976803536,35.472383338272905,24.026531908961612,1.409043,1.36037082955396,2.31925786195933,0.2133868745435442
1.1708,44.720165,37.766644,23.12565,45.314095,36.766254,24.487175,1.05255,1.01619206557005,1.24651039557043,0.22961406133621637
7.361,44.60351738852064,38.78155571208269,21.746543197241397,44.489974232848624,35.28218457991533,24.28917730304483,1.620184,1.56421844621495,2.70544683885885,0.22961406133621637
1.1709,44.720165,37.766644,23.12565,46.36845,38.327873,22.667063,1.1276,1.08864963482665,1.63802743731882,0.21034288387538583
1.1713,44.720165,37.766644,23.12565,47.835133,38.069309,22.399614,1.68676,1.6284947304365,3.05054135781852,0.21034288387538583
1.1711,44.720165,37.766644,23.12565,43.959206,34.881966,22.462944,1.45007,1.39998064559514,1.35756516042183,0.20131743556774653
7.361,44.60351738852064,38.78155571208269,21.746543197241397,44.489974232848624,35.28218457991533,24.28917730304483,1.620184,1.56421844621495,2.70544683885885,0.20131743556774653
1.1713,44.720165,37.766644,23.12565,47.835133,38.069309,22.399614,1.68676,1.6284947304365,3.05054135781852,0.582009616559621
4.76,45.099937,36.750183,22.469835,46.181698,36.91983,22.239534,1.145622,1.10604910602109,1.05157489929332,0.582009616559621
1.1713,44.720165,37.766644,23.12565,47.835133,38.069309,22.399614,1.68676,1.6284947304365,3.05054135781852,0.41939376310297405
4.77,43.600025,37.299789,22.570135,44.974243,37.176563,22.39678,1.359844,1.31287129657787,1.29024390106441,0.41939376310297405
1.1713,44.720165,37.766644,23.12565,47.835133,38.069309,22.399614,1.68676,1.6284947304365,3.05054135781852,0.3021558149589599
4.106,43.86005,36.959896,22.410271,44.775291,36.950111,22.187439,1.229448,1.18697952841287,0.867505507831591,0.3021558149589599
1.1713,44.720165,37.766644,23.12565,47.835133,38.069309,22.399614,1.68676,1.6284947304365,3.05054135781852,0.29033501282879576
4.107,43.990017,37.080006,23.210077,45.608574,36.694283,22.471897,1.341216,1.29488675826859,1.57250682058097,0.29033501282879576
1.1713,44.720165,37.766644,23.12565,47.835133,38.069309,22.399614,1.68676,1.6284947304365,3.05054135781852,0.16538511596990338
4.108,44.859974,36.539989,21.909847,46.673664,36.923515,22.141479,1.555438,1.50170894882538,1.74457849624982,0.16538511596990338
1.1713,44.720165,37.766644,23.12565,47.835133,38.069309,22.399614,1.68676,1.6284947304365,3.05054135781852,0.4088694192226233
5.3,44.880054,37.119598,22.940094,46.212364,37.041267,22.777866,1.070955,1.03396130690473,1.2749658582207,0.4088694192226233
1.1713,44.720165,37.766644,23.12565,47.835133,38.069309,22.399614,1.68676,1.6284947304365,3.05054135781852,0.455613574284944
5.4,44.759933,37.080364,22.879847,46.325886,37.092598,22.812387,1.237548,1.19479973242324,1.49599526230479,0.455613574284944
1.1713,44.720165,37.766644,23.12565,47.835133,38.069309,22.399614,1.68676,1.6284947304365,3.05054135781852,0.36142645914334137
5.5,44.699978,37.049923,22.97002,46.376072,37.150539,22.73093,1.594533,1.53945350139149,1.6093969416557,0.36142645914334137
1.1713,44.720165,37.766644,23.12565,47.835133,38.069309,22.399614,1.68676,1.6284947304365,3.05054135781852,0.17002840147709802
5.14,44.470062,37.049984,21.120243,44.441589,37.090839,23.134239,1.285146,1.24075356828568,1.18231127804555,0.17002840147709802
1.1713,44.720165,37.766644,23.12565,47.835133,38.069309,22.399614,1.68676,1.6284947304365,3.05054135781852,0.1580428538587608
5.22,44.449993,37.710121,21.169832,44.435749,36.423412,22.37541,1.158218,1.11821000598586,1.12715683194151,0.1580428538587608
1.1713,44.720165,37.766644,23.12565,47.835133,38.069309,22.399614,1.68676,1.6284947304365,3.05054135781852,0.17277225013289157
5.23,44.480019,37.719929,20.979906,44.394554,36.395611,22.567541,1.380342,1.33266124001054,1.35091214089471,0.17277225013289157
1.1713,44.720165,37.766644,23.12565,47.835133,38.069309,22.399614,1.68676,1.6284947304365,3.05054135781852,0.358059907215322
5.30,45.350056,36.019573,23.100149,44.32386,37.201443,23.160089,1.42794,1.37861507587297,1.10060055129705,0.358059907215322
1.1713,44.720165,37.766644,23.12565,47.835133,38.069309,22.399614,1.68676,1.6284947304365,3.05054135781852,0.27874928211226835
5.31,45.229973,36.590229,23.069777,43.780373,37.969959,23.060562,1.800791,1.7385867901287,1.49856678092753,0.27874928211226835
1.1713,44.720165,37.766644,23.12565,47.835133,38.069309,22.399614,1.68676,1.6284947304365,3.05054135781852,0.24443070771184006
5.34,43.759983,37.000278,22.37995,44.56496,37.031937,23.284607,1.340677,1.29436637679185,0.91776648364448,0.24443070771184006
1.1713,44.720165,37.766644,23.12565,47.835133,38.069309,22.399614,1.68676,1.6284947304365,3.05054135781852,0.23640479000285838
5.37,45.219978,37.020203,22.339933,44.218014,37.151577,23.296185,1.023357,0.988007471042298,1.0849785346728,0.23640479000285838
1.1713,44.720165,37.766644,23.12565,47.835133,38.069309,22.399614,1.68676,1.6284947304365,3.05054135781852,0.5278662788648446
5.38,45.259933,37.10017,22.099951,44.173214,37.137138,23.219437,1.308945,1.26373048621689,1.21400281575858,0.5278662788648446
1.1713,44.720165,37.766644,23.12565,47.835133,38.069309,22.399614,1.68676,1.6284947304365,3.05054135781852,0.3218975757947793
5.42,43.86005,36.959896,22.410271,44.775291,36.950111,22.187439,1.26928,1.2254356229982,0.867505507831591,0.3218975757947793
1.1713,44.720165,37.766644,23.12565,47.835133,38.069309,22.399614,1.68676,1.6284947304365,3.05054135781852,0.31132716394701637
7.112,44.57517149224873,36.95897623838063,23.023442749720434,45.67525911468617,37.772985385557675,23.457170351200073,1.029851,0.99427715065259,1.08944222284532,0.31132716394701637
1.1713,44.720165,37.766644,23.12565,47.835133,38.069309,22.399614,1.68676,1.6284947304365,3.05054135781852,0.5606476162518788
7.113,44.57517149224873,36.95897623838063,23.023442749720434,45.90691825034913,37.77152031503201,23.52961375158339,1.219447,1.17732399010328,1.30608321910391,0.5606476162518788
1.1713,44.720165,37.766644,23.12565,47.835133,38.069309,22.399614,1.68676,1.6284947304365,3.05054135781852,0.24927611195626345
7.352,44.518399976803536,38.519666028744126,21.880905505662586,45.67525911468617,37.772687778959316,23.457194431691097,1.197902,1.15652321289297,1.57811105565571,0.24927611195626345
1.1713,44.720165,37.766644,23.12565,47.835133,38.069309,22.399614,1.68676,1.6284947304365,3.05054135781852,0.3500933775414288
7.382,44.34744313390436,36.02371776774294,23.780033708416347,45.455625795399975,37.53417018065136,23.294493932593664,1.167739,1.12740212479854,1.36831160428229,0.3500933775414288
1.1719,44.720165,37.766644,23.12565,41.696815,38.757702,22.729319,1.82541,1.7623553830338,2.84900831347832,0.37087964876825946
4.77,43.600025,37.299789,22.570135,44.974243,37.176563,22.39678,1.359844,1.31287129657787,1.29024390106441,0.37087964876825946
1.1719,44.720165,37.766644,23.12565,41.696815,38.757702,22.729319,1.82541,1.7623553830338,2.84900831347832,0.32251465165002485
4.106,43.86005,36.959896,22.410271,44.775291,36.950111,22.187439,1.229448,1.18697952841287,0.867505507831591,0.32251465165002485
1.1719,44.720165,37.766644,23.12565,41.696815,38.757702,22.729319,1.82541,1.7623553830338,2.84900831347832,0.18511341126706962
5.29,44.330009,37.199749,23.160069,43.78183,37.969376,23.073114,1.070955,1.03396130690473,0.634188057383681,0.18511341126706962
1.1719,44.720165,37.766644,23.12565,41.696815,38.757702,22.729319,1.82541,1.7623553830338,2.84900831347832,0.32568717179773554
5.30,45.350056,36.019573,23.100149,44.32386,37.201443,23.160089,1.42794,1.37861507587297,1.10060055129705,0.32568717179773554
1.1719,44.720165,37.766644,23.12565,41.696815,38.757702,22.729319,1.82541,1.7623553830338,2.84900831347832,0.19551105572350316
5.31,45.229973,36.590229,23.069777,43.780373,37.969959,23.060562,1.800791,1.7385867901287,1.49856678092753,0.19551105572350316
1.1719,44.720165,37.766644,23.12565,41.696815,38.757702,22.729319,1.82541,1.7623553830338,2.84900831347832,0.16857820223043263
5.33,43.899956,37.030128,22.490103,44.417511,36.98003,23.17672,1.102687,1.06459719747969,0.638802995769043,0.16857820223043263
1.1719,44.720165,37.766644,23.12565,41.696815,38.757702,22.729319,1.82541,1.7623553830338,2.84900831347832,0.47995465852767694
5.34,43.759983,37.000278,22.37995,44.56496,37.031937,23.284607,1.340677,1.29436637679185,0.91776648364448,0.47995465852767694
1.1719,44.720165,37.766644,23.12565,41.696815,38.757702,22.729319,1.82541,1.7623553830338,2.84900831347832,0.2608535598869962
5.38,45.259933,37.10017,22.099951,44.173214,37.137138,23.219437,1.308945,1.26373048621689,1.21400281575858,0.2608535598869962
1.1719,44.720165,37.766644,23.12565,41.696815,38.757702,22.729319,1.82541,1.7623553830338,2.84900831347832,0.3718429760845418
5.42,43.86005,36.959896,22.410271,44.775291,36.950111,22.187439,1.26928,1.2254356229982,0.867505507831591,0.3718429760845418
1.1724,44.720165,37.766644,23.12565,45.248283,39.168568,24.355015,0.874304,0.844103166306739,0.81134984148713,0.16937060130614812
7.351,44.518399976803536,38.519666028744126,21.880905505662586,44.518399976803536,35.472383338272905,24.026531908961612,1.409043,1.36037082955396,2.31925786195933,0.16937060130614812
1.1726,44.720165,37.766644,23.12565,41.614643,38.204678,23.429976,1.68676,1.6284947304365,2.86581021342006,0.47433494037408197
4.77,43.600025,37.299789,22.570135,44.974243,37.176563,22.39678,1.359844,1.31287129657787,1.29024390106441,0.47433494037408197
1.1726,44.720165,37.766644,23.12565,41.614643,38.204678,23.429976,1.68676,1.6284947304365,2.86581021342006,0.49646071803161035
4.106,43.86005,36.959896,22.410271,44.775291,36.950111,22.187439,1.229448,1.18697952841287,0.867505507831591,0.49646071803161035
1.1726,44.720165,37.766644,23.12565,41.614643,38.204678,23.429976,1.68676,1.6284947304365,2.86581021342006,0.15628647695926082
5.10,44.489975,35.940083,22.349972,44.418793,38.393051,22.841824,1.308945,1.26373048621689,0.978364339257622,0.15628647695926082
1.1726,44.720165,37.766644,23.12565,41.614643,38.204678,23.429976,1.68676,1.6284947304365,2.86581021342006,0.15567490835795866
5.26,43.449951,35.7103,22.719934,44.406105,36.882622,22.633024,1.023357,0.988007471042298,1.0550257041602,0.15567490835795866
1.1726,44.720165,37.766644,23.12565,41.614643,38.204678,23.429976,1.68676,1.6284947304365,2.86581021342006,0.26513852780800173
5.27,43.449951,35.560188,22.639994,44.391842,37.037529,22.73987,1.237548,1.19479973242324,1.08913506367349,0.26513852780800173
1.1726,44.720165,37.766644,23.12565,41.614643,38.204678,23.429976,1.68676,1.6284947304365,2.86581021342006,0.41974733342478665
5.29,44.330009,37.199749,23.160069,43.78183,37.969376,23.073114,1.070955,1.03396130690473,0.634188057383681,0.41974733342478665
1.1726,44.720165,37.766644,23.12565,41.614643,38.204678,23.429976,1.68676,1.6284947304365,2.86581021342006,0.43934014276001565
5.30,45.350056,36.019573,23.100149,44.32386,37.201443,23.160089,1.42794,1.37861507587297,1.10060055129705,0.43934014276001565
1.1726,44.720165,37.766644,23.12565,41.614643,38.204678,23.429976,1.68676,1.6284947304365,2.86581021342006,0.21819830933706866
5.31,45.229973,36.590229,23.069777,43.780373,37.969959,23.060562,1.800791,1.7385867901287,1.49856678092753,0.21819830933706866
1.1726,44.720165,37.766644,23.12565,41.614643,38.204678,23.429976,1.68676,1.6284947304365,2.86581021342006,0.36536606477189926
5.33,43.899956,37.030128,22.490103,44.417511,36.98003,23.17672,1.102687,1.06459719747969,0.638802995769043,0.36536606477189926
1.1726,44.720165,37.766644,23.12565,41.614643,38.204678,23.429976,1.68676,1.6284947304365,2.86581021342006,0.6094854967617067
5.34,43.759983,37.000278,22.37995,44.56496,37.031937,23.284607,1.340677,1.29436637679185,0.91776648364448,0.6094854967617067
1.1726,44.720165,37.766644,23.12565,41.614643,38.204678,23.429976,1.68676,1.6284947304365,2.86581021342006,0.2143346117967114
5.37,45.219978,37.020203,22.339933,44.218014,37.151577,23.296185,1.023357,0.988007471042298,1.0849785346728,0.2143346117967114
1.1726,44.720165,37.766644,23.12565,41.614643,38.204678,23.429976,1.68676,1.6284947304365,2.86581021342006,0.41264828029646744
5.38,45.259933,37.10017,22.099951,44.173214,37.137138,23.219437,1.308945,1.26373048621689,1.21400281575858,0.41264828029646744
1.1726,44.720165,37.766644,23.12565,41.614643,38.204678,23.429976,1.68676,1.6284947304365,2.86581021342006,0.528897653793017
5.42,43.86005,36.959896,22.410271,44.775291,36.950111,22.187439,1.26928,1.2254356229982,0.867505507831591,0.528897653793017
1.1726,44.720165,37.766644,23.12565,41.614643,38.204678,23.429976,1.68676,1.6284947304365,2.86581021342006,0.15726702219854458
6.67,43.35,35.28,22.09,42.534454807058474,36.21159743287278,23.08677745803963,1.02,0.984766430935777,0.905754223976326,0.15726702219854458
1.1726,44.720165,37.766644,23.12565,41.614643,38.204678,23.429976,1.68676,1.6284947304365,2.86581021342006,0.18934274821614597
7.113,44.57517149224873,36.95897623838063,23.023442749720434,45.90691825034913,37.77152031503201,23.52961375158339,1.219447,1.17732399010328,1.30608321910391,0.18934274821614597
1.1726,44.720165,37.766644,23.12565,41.614643,38.204678,23.429976,1.68676,1.6284947304365,2.86581021342006,0.21401919428528787
7.117,44.57517149224873,36.95897623838063,23.023442749720434,43.43360642568766,36.173492413329456,22.566770196731134,1.03416,0.99843730609465,1.10901620179134,0.21401919428528787
1.1726,44.720165,37.766644,23.12565,41.614643,38.204678,23.429976,1.68676,1.6284947304365,2.86581021342006,0.17836485704129845
7.118,44.57517149224873,36.95897623838063,23.023442749720434,43.10777397801501,35.995247030617236,22.45824415660518,1.197902,1.15652321289297,1.41769205273371,0.17836485704129845
1.1726,44.720165,37.766644,23.12565,41.614643,38.204678,23.429976,1.68676,1.6284947304365,2.86581021342006,0.2779266902165601
7.211,44.56098859042097,38.573724315756394,24.555576237150024,43.69756372940281,36.53801632030218,22.59692718339512,1.189284,1.14820290200885,1.28355966155084,0.2779266902165601
1.1728,44.720165,37.766644,23.12565,42.755711,37.479897,22.81263,1.47957,1.42846163550946,1.83169844018474,0.18394003948115986
5.32,43.95993,37.0205,22.63007,44.376717,37.008488,23.037443,0.936094,0.903758771961172,0.459220089571616,0.18394003948115986
1.1732,44.720165,37.766644,23.12565,44.720165,37.533592,19.276834,1.47957,1.42846163550946,2.23166992904526,0.22025135893384337
4.12,43.870068,35.629742,21.290045,44.072601,37.127289,22.695574,1.126994,1.0880645677118,0.769554419490261,0.22025135893384337
1.1732,44.720165,37.766644,23.12565,44.720165,37.533592,19.276834,1.47957,1.42846163550946,2.23166992904526,0.18144188635381833
4.105,43.81995,37.200417,21.679749,44.566662,37.167774,21.584,0.83826,0.809304223917867,0.700351892324673,0.18144188635381833
1.1732,44.720165,37.766644,23.12565,44.720165,37.533592,19.276834,1.47957,1.42846163550946,2.23166992904526,0.17441530857619633
5.32,43.95993,37.0205,22.63007,44.376717,37.008488,23.037443,0.936094,0.903758771961172,0.459220089571616,0.17441530857619633
1.1732,44.720165,37.766644,23.12565,44.720165,37.533592,19.276834,1.47957,1.42846163550946,2.23166992904526,0.20732028502266794
5.33,43.899956,37.030128,22.490103,44.417511,36.98003,23.17672,1.102687,1.06459719747969,0.638802995769043,0.20732028502266794
1.1732,44.720165,37.766644,23.12565,44.720165,37.533592,19.276834,1.47957,1.42846163550946,2.23166992904526,0.21394518314898883
5.41,43.81995,37.200417,21.679749,44.566662,37.167774,21.584,0.87263,0.842486990811262,0.700351892324673,0.21394518314898883
1.1734,44.720165,37.766644,23.12565,42.057941,36.92165,25.099762,1.68676,1.6284947304365,2.83060569225389,0.2803538775028545
4.77,43.600025,37.299789,22.570135,44.974243,37.176563,22.39678,1.359844,1.31287129657787,1.29024390106441,0.2803538775028545
1.1734,44.720165,37.766644,23.12565,42.057941,36.92165,25.099762,1.68676,1.6284947304365,2.83060569225389,0.3142249828397112
4.106,43.86005,36.959896,22.410271,44.775291,36.950111,22.187439,1.229448,1.18697952841287,0.867505507831591,0.3142249828397112
1.1734,44.720165,37.766644,23.12565,42.057941,36.92165,25.099762,1.68676,1.6284947304365,2.83060569225389,0.1575502448480372
5.10,44.489975,35.940083,22.349972,44.418793,38.393051,22.841824,1.308945,1.26373048621689,0.978364339257622,0.1575502448480372
1.1734,44.720165,37.766644,23.12565,42.057941,36.92165,25.099762,1.68676,1.6284947304365,2.83060569225389,0.15001626297757223
5.13,44.440022,37.059891,21.320107,44.468494,37.088528,22.914507,1.047156,1.01098438897351,0.93706972375273,0.15001626297757223
1.1734,44.720165,37.766644,23.12565,42.057941,36.92165,25.099762,1.68676,1.6284947304365,2.83060569225389,0.2543085581031822
5.14,44.470062,37.049984,21.120243,44.441589,37.090839,23.134239,1.285146,1.24075356828568,1.18231127804555,0.2543085581031822
1.1734,44.720165,37.766644,23.12565,42.057941,36.92165,25.099762,1.68676,1.6284947304365,2.83060569225389,0.17946222274221435
5.26,43.449951,35.7103,22.719934,44.406105,36.882622,22.633024,1.023357,0.988007471042298,1.0550257041602,0.17946222274221435
1.1734,44.720165,37.766644,23.12565,42.057941,36.92165,25.099762,1.68676,1.6284947304365,2.83060569225389,0.3116551926878639
5.27,43.449951,35.560188,22.639994,44.391842,37.037529,22.73987,1.237548,1.19479973242324,1.08913506367349,0.3116551926878639
1.1734,44.720165,37.766644,23.12565,42.057941,36.92165,25.099762,1.68676,1.6284947304365,2.83060569225389,0.291594232099939
5.29,44.330009,37.199749,23.160069,43.78183,37.969376,23.073114,1.070955,1.03396130690473,0.634188057383681,0.291594232099939
1.1734,44.720165,37.766644,23.12565,42.057941,36.92165,25.099762,1.68676,1.6284947304365,2.83060569225389,0.2384318781714886
5.33,43.899956,37.030128,22.490103,44.417511,36.98003,23.17672,1.102687,1.06459719747969,0.638802995769043,0.2384318781714886
1.1734,44.720165,37.766644,23.12565,42.057941,36.92165,25.099762,1.68676,1.6284947304365,2.83060569225389,0.37248525400472
5.34,43.759983,37.000278,22.37995,44.56496,37.031937,23.284607,1.340677,1.29436637679185,0.91776648364448,0.37248525400472
1.1734,44.720165,37.766644,23.12565,42.057941,36.92165,25.099762,1.68676,1.6284947304365,2.83060569225389,0.2045321398964165
5.37,45.219978,37.020203,22.339933,44.218014,37.151577,23.296185,1.023357,0.988007471042298,1.0849785346728,0.2045321398964165
1.1734,44.720165,37.766644,23.12565,42.057941,36.92165,25.099762,1.68676,1.6284947304365,2.83060569225389,0.3678628133685255
5.38,45.259933,37.10017,22.099951,44.173214,37.137138,23.219437,1.308945,1.26373048621689,1.21400281575858,0.3678628133685255
1.1734,44.720165,37.766644,23.12565,42.057941,36.92165,25.099762,1.68676,1.6284947304365,2.83060569225389,0.33475529916244556
5.42,43.86005,36.959896,22.410271,44.775291,36.950111,22.187439,1.26928,1.2254356229982,0.867505507831591,0.33475529916244556
1.1734,44.720165,37.766644,23.12565,42.057941,36.92165,25.099762,1.68676,1.6284947304365,2.83060569225389,0.15799057432478464
6.67,43.35,35.28,22.09,42.534454807058474,36.21159743287278,23.08677745803963,1.02,0.984766430935777,0.905754223976326,0.15799057432478464
1.1734,44.720165,37.766644,23.12565,42.057941,36.92165,25.099762,1.68676,1.6284947304365,2.83060569225389,0.1941659256729537
6.224,42.93,35.16,23.56,43.50021798331866,35.57265775108587,22.525854666218127,1.02,0.984766430935777,0.90483557540355,0.1941659256729537
1.1734,44.720165,37.766644,23.12565,42.057941,36.92165,25.099762,1.68676,1.6284947304365,2.83060569225389,0.164497509294493
7.113,44.57517149224873,36.95897623838063,23.023442749720434,45.90691825034913,37.77152031503201,23.52961375158339,1.219447,1.17732399010328,1.30608321910391,0.164497509294493
1.1734,44.720165,37.766644,23.12565,42.057941,36.92165,25.099762,1.68676,1.6284947304365,2.83060569225389,0.18464991716958595
7.117,44.57517149224873,36.95897623838063,23.023442749720434,43.43360642568766,36.173492413329456,22.566770196731134,1.03416,0.99843730609465,1.10901620179134,0.18464991716958595
1.1734,44.720165,37.766644,23.12565,42.057941,36.92165,25.099762,1.68676,1.6284947304365,2.83060569225389,0.1576185685845961
7.209,44.56098859042097,38.573724315756394,24.555576237150024,44.34744313390436,36.02380869130917,23.779829262379405,0.969525,0.936034974463735,1.00400707881983,0.1576185685845961
1.1734,44.720165,37.766644,23.12565,42.057941,36.92165,25.099762,1.68676,1.6284947304365,2.83060569225389,0.20723409604181203
7.211,44.56098859042097,38.573724315756394,24.555576237150024,43.69756372940281,36.53801632030218,22.59692718339512,1.189284,1.14820290200885,1.28355966155084,0.20723409604181203
1.1734,44.720165,37.766644,23.12565,42.057941,36.92165,25.099762,1.68676,1.6284947304365,2.83060569225389,0.1835068688155832
7.382,44.34744313390436,36.02371776774294,23.780033708416347,45.455625795399975,37.53417018065136,23.294493932593664,1.167739,1.12740212479854,1.36831160428229,0.1835068688155832
1.1787,44.730747,37.294174,23.309671,44.489975,36.890717,23.295794,0.486312,0.469513463295333,0.288467514487488,0.1638581264320501
7.346,44.518399976803536,38.07475025490275,22.14004500426815,44.34744313390436,36.02372896502304,23.779882287815145,1.072941,1.0358787050732,1.66838563315293,0.1638581264320501
1.1807,44.730747,37.294174,23.309671,45.164955,37.560791,23.476326,0.666092,0.64308337403419,0.424197352508652,0.15675184113468102
7.251,44.57517149224873,39.72815094261306,25.632041471795464,44.60351738852064,38.781360410799046,21.746531549356305,1.24961,1.2064450781977,2.05091307129697,0.15675184113468102
1.1807,44.730747,37.294174,23.309671,45.164955,37.560791,23.476326,0.666092,0.64308337403419,0.424197352508652,0.19020362055693785
7.351,44.518399976803536,38.519666028744126,21.880905505662586,44.518399976803536,35.472383338272905,24.026531908961612,1.409043,1.36037082955396,2.31925786195933,0.19020362055693785
1.1813,44.730747,37.294174,23.309671,45.414268,37.658691,23.715281,0.842586,0.813480792133777,0.678541454913634,0.3330635588216097
7.351,44.518399976803536,38.519666028744126,21.880905505662586,44.518399976803536,35.472383338272905,24.026531908961612,1.409043,1.36037082955396,2.31925786195933,0.3330635588216097
1.1912,56.386917,-31.219675,0.611009,56.247635,-31.935303,1.150611,0.488457,0.471584369172154,0.481630224402146,0.1509216895038453
7.227,56.13782038190075,-33.58755338003938,0.6850252091039621,56.13782038190075,-28.591036933536095,0.059207860898990994,1.193593,1.15236305745091,2.15918551635632,0.1509216895038453
1.1923,56.386917,-31.219675,0.611009,56.791763,-33.062336,0.844688,0.758947,0.732730910254329,0.862542151329954,0.22341409776344415
7.247,56.15781146519707,-34.1114668264737,0.8295323992704606,56.05774503329822,-28.00815605770879,-0.19917430804949898,1.2927,1.24804663261831,2.68084625062854,0.22341409776344415
1.1928,56.386917,-31.219675,0.611009,56.486076,-30.200165,0.980285,0.758947,0.732730910254329,0.516959814456411,0.43372406008481074
7.227,56.13782038190075,-33.58755338003938,0.6850252091039621,56.13782038190075,-28.591036933536095,0.059207860898990994,1.193593,1.15236305745091,2.15918551635632,0.43372406008481074
1.1928,56.386917,-31.219675,0.611009,56.486076,-30.200165,0.980285,0.758947,0.732730910254329,0.516959814456411,0.2660723283600418
7.247,56.15781146519707,-34.1114668264737,0.8295323992704606,56.05774503329822,-28.00815605770879,-0.19917430804949898,1.2927,1.24804663261831,2.68084625062854,0.2660723283600418
1.1929,56.386917,-31.219675,0.611009,57.279461,-31.580816,1.074296,0.97032,0.936802513005494,0.890642786415393,0.18507876206137258
7.247,56.15781146519707,-34.1114668264737,0.8295323992704606,56.05774503329822,-28.00815605770879,-0.19917430804949898,1.2927,1.24804663261831,2.68084625062854,0.18507876206137258
1.1930,56.386917,-31.219675,0.611009,56.396843,-32.136333,1.055058,0.491683,0.47469893437431,0.479915932330919,0.1594301744359733
7.227,56.13782038190075,-33.58755338003938,0.6850252091039621,56.13782038190075,-28.591036933536095,0.059207860898990994,1.193593,1.15236305745091,2.15918551635632,0.1594301744359733
1.1931,56.386917,-31.219675,0.611009,56.919193,-30.280632,0.086012,0.670737,0.647567923124089,0.725519150583384,0.1843385417611482
7.227,56.13782038190075,-33.58755338003938,0.6850252091039621,56.13782038190075,-28.591036933536095,0.059207860898990994,1.193593,1.15236305745091,2.15918551635632,0.1843385417611482
1.1931,56.386917,-31.219675,0.611009,56.919193,-30.280632,0.086012,0.670737,0.647567923124089,0.725519150583384,0.19969315912193328
7.247,56.15781146519707,-34.1114668264737,0.8295323992704606,56.05774503329822,-28.00815605770879,-0.19917430804949898,1.2927,1.24804663261831,2.68084625062854,0.19969315912193328
1.1936,56.386917,-31.219675,0.611009,56.899616,-31.196211,1.222464,0.7241,0.699087620235879,0.627395534308955,0.1991394025290624
7.227,56.13782038190075,-33.58755338003938,0.6850252091039621,56.13782038190075,-28.591036933536095,0.059207860898990994,1.193593,1.15236305745091,2.15918551635632,0.1991394025290624
1.1938,56.386917,-31.219675,0.611009,56.177792,-31.891094,0.066793,0.803404,0.77565224478385,0.503835962847121,0.40447150059064807
7.227,56.13782038190075,-33.58755338003938,0.6850252091039621,56.13782038190075,-28.591036933536095,0.059207860898990994,1.193593,1.15236305745091,2.15918551635632,0.40447150059064807
1.1938,56.386917,-31.219675,0.611009,56.177792,-31.891094,0.066793,0.803404,0.77565224478385,0.503835962847121,0.20735680768006096
7.247,56.15781146519707,-34.1114668264737,0.8295323992704606,56.05774503329822,-28.00815605770879,-0.19917430804949898,1.2927,1.24804663261831,2.68084625062854,0.20735680768006096
1.1941,56.386917,-31.219675,0.611009,56.65403,-31.816826,-0.177701,0.97032,0.936802513005494,0.639131269131954,0.2985218483358605
7.227,56.13782038190075,-33.58755338003938,0.6850252091039621,56.13782038190075,-28.591036933536095,0.059207860898990994,1.193593,1.15236305745091,2.15918551635632,0.2985218483358605
1.1941,56.386917,-31.219675,0.611009,56.65403,-31.816826,-0.177701,0.97032,0.936802513005494,0.639131269131954,0.23431804286963342
7.247,56.15781146519707,-34.1114668264737,0.8295323992704606,56.05774503329822,-28.00815605770879,-0.19917430804949898,1.2927,1.24804663261831,2.68084625062854,0.23431804286963342
1.1942,56.386917,-31.219675,0.611009,55.987534,-30.51511,1.380653,0.803404,0.77565224478385,0.71238359137985,0.2128045268032853
7.227,56.13782038190075,-33.58755338003938,0.6850252091039621,56.13782038190075,-28.591036933536095,0.059207860898990994,1.193593,1.15236305745091,2.15918551635632,0.2128045268032853
1.1942,56.386917,-31.219675,0.611009,55.987534,-30.51511,1.380653,0.803404,0.77565224478385,0.71238359137985,0.21611475805473715
7.247,56.15781146519707,-34.1114668264737,0.8295323992704606,56.05774503329822,-28.00815605770879,-0.19917430804949898,1.2927,1.24804663261831,2.68084625062854,0.21611475805473715
1.1945,56.386917,-31.219675,0.611009,56.277523,-31.18399,0.577248,0.211878,0.204559158680207,0.105065712779662,0.1777564427168502
7.204,56.2775260131273,-33.137940113306726,0.6287774271269919,56.1777914776996,-29.437833451278873,0.1758934926628708,0.853182,0.823710777528087,1.59307803468244,0.1777564427168502
1.1948,56.386917,-31.219675,0.611009,55.977489,-32.265121,0.636874,0.758947,0.732730910254329,0.58019340836477,0.34589240010884037
7.227,56.13782038190075,-33.58755338003938,0.6850252091039621,56.13782038190075,-28.591036933536095,0.059207860898990994,1.193593,1.15236305745091,2.15918551635632,0.34589240010884037
1.1948,56.386917,-31.219675,0.611009,55.977489,-32.265121,0.636874,0.758947,0.732730910254329,0.58019340836477,0.21822183603501955
7.247,56.15781146519707,-34.1114668264737,0.8295323992704606,56.05774503329822,-28.00815605770879,-0.19917430804949898,1.2927,1.24804663261831,2.68084625062854,0.21822183603501955
1.1951,56.386917,-31.219675,0.611009,56.811398,-31.301725,1.00078,0.582096,0.561988823903914,0.472640337260045,0.20293841404509264
7.227,56.13782038190075,-33.58755338003938,0.6850252091039621,56.13782038190075,-28.591036933536095,0.059207860898990994,1.193593,1.15236305745091,2.15918551635632,0.20293841404509264
1.1956,56.386917,-31.219675,0.611009,55.99757,-30.441288,0.932251,0.568452,0.54881612470422,0.540762240163951,0.22844499501635354
7.227,56.13782038190075,-33.58755338003938,0.6850252091039621,56.13782038190075,-28.591036933536095,0.059207860898990994,1.193593,1.15236305745091,2.15918551635632,0.22844499501635354
1.1958,56.386917,-31.219675,0.611009,57.211575,-31.759851,0.863446,0.803404,0.77565224478385,0.810006397108033,0.17869472435314224
7.247,56.15781146519707,-34.1114668264737,0.8295323992704606,56.05774503329822,-28.00815605770879,-0.19917430804949898,1.2927,1.24804663261831,2.68084625062854,0.17869472435314224
1.1960,56.386917,-31.219675,0.611009,56.703278,-30.134964,0.550736,0.59676,0.576146289534544,0.550432341692863,0.27567804864632717
7.227,56.13782038190075,-33.58755338003938,0.6850252091039621,56.13782038190075,-28.591036933536095,0.059207860898990994,1.193593,1.15236305745091,2.15918551635632,0.27567804864632717
1.1961,56.386917,-31.219675,0.611009,56.416695,-31.710546,1.62314,0.97032,0.936802513005494,0.702500274426447,0.22510554576302866
7.227,56.13782038190075,-33.58755338003938,0.6850252091039621,56.13782038190075,-28.591036933536095,0.059207860898990994,1.193593,1.15236305745091,2.15918551635632,0.22510554576302866
1.1961,56.386917,-31.219675,0.611009,56.416695,-31.710546,1.62314,0.97032,0.936802513005494,0.702500274426447,0.23575099163332597
7.247,56.15781146519707,-34.1114668264737,0.8295323992704606,56.05774503329822,-28.00815605770879,-0.19917430804949898,1.2927,1.24804663261831,2.68084625062854,0.23575099163332597
1.1964,56.386917,-31.219675,0.611009,56.277523,-31.209679,0.599352,0.22442,0.216667923951576,0.101902716062007,0.19043645523574002
7.204,56.2775260131273,-33.137940113306726,0.6287774271269919,56.1777914776996,-29.437833451278873,0.1758934926628708,0.853182,0.823710777528087,1.59307803468244,0.19043645523574002
1.1965,56.386917,-31.219675,0.611009,56.087795,-31.66363,1.059796,0.521416,0.503404875836088,0.447317226050287,0.1817764539908487
7.227,56.13782038190075,-33.58755338003938,0.6850252091039621,56.13782038190075,-28.591036933536095,0.059207860898990994,1.193593,1.15236305745091,2.15918551635632,0.1817764539908487
1.1967,56.386917,-31.219675,0.611009,56.167801,-32.431656,0.966444,0.612644,0.591481613053155,0.590426320350565,0.23722907483166292
7.227,56.13782038190075,-33.58755338003938,0.6850252091039621,56.13782038190075,-28.591036933536095,0.059207860898990994,1.193593,1.15236305745091,2.15918551635632,0.23722907483166292
1.1971,56.386917,-31.219675,0.611009,56.565208,-29.822603,1.012362,0.670737,0.647567923124089,0.686515605938273,0.22998513394588135
7.227,56.13782038190075,-33.58755338003938,0.6850252091039621,56.13782038190075,-28.591036933536095,0.059207860898990994,1.193593,1.15236305745091,2.15918551635632,0.22998513394588135
1.1971,56.386917,-31.219675,0.611009,56.565208,-29.822603,1.012362,0.670737,0.647567923124089,0.686515605938273,0.2193561200090091
7.247,56.15781146519707,-34.1114668264737,0.8295323992704606,56.05774503329822,-28.00815605770879,-0.19917430804949898,1.2927,1.24804663261831,2.68084625062854,0.2193561200090091
1.1975,56.386917,-31.219675,0.611009,57.201866,-30.50242,0.778383,0.865414,0.835520251041034,0.819875468958497,0.24386750037381183
7.247,56.15781146519707,-34.1114668264737,0.8295323992704606,56.05774503329822,-28.00815605770879,-0.19917430804949898,1.2927,1.24804663261831,2.68084625062854,0.24386750037381183
1.1976,56.386917,-31.219675,0.611009,55.866848,-30.819221,0.921957,0.521416,0.503404875836088,0.555997793409702,0.15129404401861904
7.227,56.13782038190075,-33.58755338003938,0.6850252091039621,56.13782038190075,-28.591036933536095,0.059207860898990994,1.193593,1.15236305745091,2.15918551635632,0.15129404401861904
1.1977,56.386917,-31.219675,0.611009,56.257603,-30.304417,-0.298011,0.758947,0.732730910254329,0.738311852389561,0.21273725615818534
7.227,56.13782038190075,-33.58755338003938,0.6850252091039621,56.13782038190075,-28.591036933536095,0.059207860898990994,1.193593,1.15236305745091,2.15918551635632,0.21273725615818534
1.1977,56.386917,-31.219675,0.611009,56.257603,-30.304417,-0.298011,0.758947,0.732730910254329,0.738311852389561,0.29318614973215434
7.247,56.15781146519707,-34.1114668264737,0.8295323992704606,56.05774503329822,-28.00815605770879,-0.19917430804949898,1.2927,1.24804663261831,2.68084625062854,0.29318614973215434
3.2,44.556732,-31.310787,-32.778877,49.093384,-32.89156,-37.24086,3.3096,3.19527743120103,4.7046156508872,0.39069330584447726
3.11,44.556732,-31.310787,-32.778877,46.983669,-33.135971,-37.338257,2.68277,2.59009984109958,2.85778498682944,0.39069330584447726
3.2,44.556732,-31.310787,-32.778877,49.093384,-32.89156,-37.24086,3.3096,3.19527743120103,4.7046156508872,0.2844522862342746
3.14,44.556732,-31.310787,-32.778877,50.701244,-31.401667,-35.834354,3.45645,3.33705483353722,6.16255455098425,0.2844522862342746
3.2,44.556732,-31.310787,-32.778877,49.093384,-32.89156,-37.24086,3.3096,3.19527743120103,4.7046156508872,0.23436626122607349
3.29,44.556732,-31.310787,-32.778877,47.821083,-32.323616,-35.424484,2.90655,2.80614987238861,3.29653691478076,0.23436626122607349
3.6,44.556732,-31.310787,-32.778877,43.741329,-30.462017,-37.943958,1.81564,1.75292286535709,2.3066712979698,0.4677611026844346
3.15,44.556732,-31.310787,-32.778877,41.379356,-28.858633,-38.752048,2.02924,1.95914454148247,4.08980453109801,0.4677611026844346
3.13,44.556732,-31.310787,-32.778877,46.817978,-31.787159,-33.695721,1.25493,1.21158131095513,2.19217398731256,0.6359410718860232
3.26,44.556732,-31.310787,-32.778877,45.029755,-31.304766,-33.686054,1.15639,1.11644515006845,0.579839051658129,0.6359410718860232
3.14,44.556732,-31.310787,-32.778877,50.701244,-31.401667,-35.834354,3.45645,3.33705483353722,6.16255455098425,0.3121014205881753
3.29,44.556732,-31.310787,-32.778877,47.821083,-32.323616,-35.424484,2.90655,2.80614987238861,3.29653691478076,0.3121014205881753
3.15,44.556732,-31.310787,-32.778877,41.379356,-28.858633,-38.752048,2.02924,1.95914454148247,4.08980453109801,0.15089654914256934
3.30,44.556732,-31.310787,-32.778877,39.575417,-27.711655,-38.417461,2.60585,2.5158368667196,5.47809112471121,0.15089654914256934
3.20,44.556732,-31.310787,-32.778877,42.054081,-29.020147,-38.65707,2.51558,2.42868503758179,3.62081496641725,0.5650990575333535
3.30,44.556732,-31.310787,-32.778877,39.575417,-27.711655,-38.417461,2.60585,2.5158368667196,5.47809112471121,0.5650990575333535
3.51,37.94096,-26.413963,22.532221,35.114986,-23.439978,19.086397,2.35533,2.27397050762349,3.02806664305277,0.1619483917351825
3.57,37.94096,-26.413963,22.532221,32.553276,-24.59882,18.567949,3.06843,2.96243809772183,4.85499841613919,0.1619483917351825
3.127,47.858109,-38.116409,-21.61812,45.170517,-34.077999,-29.504404,5.81564,5.61475200628171,5.35240116453429,0.36585100607381194
3.129,47.858109,-38.116409,-21.61812,43.1866,-33.936687,-30.632812,5.94749,5.74204754933944,6.83267691188316,0.36585100607381194
3.132,47.858109,-38.116409,-21.61812,52.597481,-33.751492,-27.481869,6.4049,6.18365736617702,6.16260572172613,0.47272757603482085
3.133,47.858109,-38.116409,-21.61812,49.960976,-34.471241,-27.454325,5.91715,5.71275557530553,4.25701199241142,0.47272757603482085
3.155,29.404896,8.760221,-38.928978,27.449245,7.645107,-38.960178,1.473,1.42211858114549,1.69886358678036,0.3912626924626072
3.173,29.404896,8.760221,-38.928978,29.329056,8.896725,-39.394382,1.88769,1.822484062758,0.164077007070288,0.3912626924626072
3.160,29.404896,8.760221,-38.928978,28.258154,11.50812,-41.789227,2.4406,2.35629505033516,1.32145623837868,0.19890982722836836
3.172,29.404896,8.760221,-38.928978,27.695889,14.502809,-42.821709,2.82883,2.73111453218045,2.84897200527777,0.19890982722836836
3.173,29.404896,8.760221,-38.928978,29.329056,8.896725,-39.394382,1.88769,1.822484062758,0.164077007070288,0.41968746645179883
3.177,29.404896,8.760221,-38.928978,28.247526,8.651392,-41.9328,1.71706,1.65774808617901,1.77030462779733,0.41968746645179883
3.212,31.967999,8.018895,30.25559,30.39275,15.84525,27.081135,4.43865,4.28532697909126,6.94994660490742,0.624137280555542
3.213,31.967999,8.018895,30.25559,30.669104,14.281133,28.919001,4.35474,4.20431545828752,5.23446359004943,0.624137280555542
3.263,39.193775,-23.298607,-22.621935,37.62981,-21.147163,-25.369637,4.97342,4.80162457151433,2.40942403708668,0.46449940704759185
3.266,39.193775,-23.298607,-22.621935,36.2677,-20.231119,-27.463577,5.27464,5.09243961497166,4.04037757885001,0.46449940704759185
3.271,42.509014,-36.088692,28.069487,40.486897,-36.406399,20.288202,3.71771,3.58929020387671,4.15933737557191,0.4395057989764052
3.272,42.509014,-36.088692,28.069487,38.131622,-37.655788,18.659786,3.84563,3.71279149980348,6.13891353470769,0.4395057989764052
3.297,51.274021,4.979618,-43.476879,49.487617,6.808735,-43.856709,1.62047,1.56449456699853,2.12507175830057,0.2915735643150024
3.298,51.274021,4.979618,-43.476879,47.614758,4.835011,-43.035583,2.01144,1.94195940180535,3.6568927355303,0.2915735643150024
3.297,51.274021,4.979618,-43.476879,49.487617,6.808735,-43.856709,1.62047,1.56449456699853,2.12507175830057,0.17806640254730308
3.302,51.274021,4.979618,-43.476879,51.36816,5.686188,-44.800594,0.87349,0.843317284076561,0.259123863335108,0.17806640254730308
3.297,51.274021,4.979618,-43.476879,49.487617,6.808735,-43.856709,1.62047,1.56449456699853,2.12507175830057,0.575705274256412
3.311,51.274021,4.979618,-43.476879,47.599327,6.004631,-43.850941,1.75715,1.69645326874392,3.71777005692401,0.575705274256412
3.298,51.274021,4.979618,-43.476879,47.614758,4.835011,-43.035583,2.01144,1.94195940180535,3.6568927355303,0.27090785672958834
3.306,51.274021,4.979618,-43.476879,50.26215,3.585742,-44.933136,2.10553,2.03279927777275,1.81704204602289,0.27090785672958834
3.300,51.274021,4.979618,-43.476879,49.837574,6.735552,-45.821995,1.61856,1.56265054358374,1.54096197080297,0.25859491695418424
3.304,51.274021,4.979618,-43.476879,48.669441,7.044069,-43.54488,1.7794,1.71793469334032,2.97421402640258,0.25859491695418424
3.300,51.274021,4.979618,-43.476879,49.837574,6.735552,-45.821995,1.61856,1.56265054358374,1.54096197080297,0.4652865508593407
3.311,51.274021,4.979618,-43.476879,47.599327,6.004631,-43.850941,1.75715,1.69645326874392,3.71777005692401,0.4652865508593407
3.306,51.274021,4.979618,-43.476879,50.26215,3.585742,-44.933136,2.10553,2.03279927777275,1.81704204602289,0.1784118608276217
3.311,51.274021,4.979618,-43.476879,47.599327,6.004631,-43.850941,1.75715,1.69645326874392,3.71777005692401,0.1784118608276217
3.314,51.274021,4.979618,-43.476879,50.763168,-2.78625,-41.302952,3.17737,3.06761501437491,4.77143467647703,0.32046553658110233
3.323,51.274021,4.979618,-43.476879,50.183846,-4.953394,-40.920509,3.32613,3.2112364401259,6.21992662682829,0.32046553658110233
3.318,51.274021,4.979618,-43.476879,49.449986,12.857674,-46.942852,2.72219,2.6281581672834,4.57371407048634,0.23470607108493433
3.319,51.274021,4.979618,-43.476879,47.217575,14.091667,-48.160061,3.24857,3.13635557308337,6.11135660820402,0.23470607108493433
3.358,45.507931,64.962479,46.997776,44.670025,65.577446,51.020626,1.48026,1.42912780103627,1.80641655168473,0.20006407659328218
3.373,45.507931,64.962479,46.997776,43.476292,66.184494,54.00663,1.86063,1.79635878861964,3.3523941759858,0.20006407659328218
3.407,61.055126,-45.734715,42.335033,57.96484,-41.877796,40.662785,1.528,1.4752187318332,3.00679651380053,0.5690880629638859
3.410,61.055126,-45.734715,42.335033,60.127399,-43.665443,41.178658,1.48838,1.43696731419235,1.04653925516803,0.5690880629638859
3.407,61.055126,-45.734715,42.335033,57.96484,-41.877796,40.662785,1.528,1.4752187318332,3.00679651380053,0.21668584368173183
3.411,61.055126,-45.734715,42.335033,61.223007,-43.474201,40.692692,1.15657,1.1166189323798,0.770344602552466,0.21668584368173183
3.407,61.055126,-45.734715,42.335033,57.96484,-41.877796,40.662785,1.528,1.4752187318332,3.00679651380053,0.15843244293815079
3.422,61.055126,-45.734715,42.335033,59.942005,-41.429283,40.714573,1.62095,1.56495798649544,1.7046792276241,0.15843244293815079
3.407,61.055126,-45.734715,42.335033,57.96484,-41.877796,40.662785,1.528,1.4752187318332,3.00679651380053,0.4152876773469548
3.434,61.055126,-45.734715,42.335033,60.569229,-41.537636,40.97982,1.48533,1.43402266947239,1.43819729227129,0.4152876773469548
3.442,40.730438,-44.325455,36.707211,42.806908,-42.821793,36.116009,1.78703,1.72530113242663,1.93656804240079,0.5519421952207808
3.455,40.730438,-44.325455,36.707211,40.8466,-44.562592,36.565002,1.43039,1.38098044622179,0.159634742155801,0.5519421952207808
3.446,40.730438,-44.325455,36.707211,42.736111,-43.461781,38.655361,1.88938,1.82411568557004,2.04125120006139,0.3862987773518743
3.455,40.730438,-44.325455,36.707211,40.8466,-44.562592,36.565002,1.43039,1.38098044622179,0.159634742155801,0.3862987773518743
3.468,66.627518,-1.538718,3.45059,67.116165,-0.845155,2.434649,1.88997,1.82468530536832,1.32596845681528,0.5642562098282968
3.486,66.627518,-1.538718,3.45059,65.99086,0.428235,0.125481,1.71328,1.65409865764083,4.17660785982174,0.5642562098282968
3.470,66.627518,-1.538718,3.45059,66.167717,-3.153082,3.696544,2.57453,2.48559874454616,2.11373025036933,0.459301237236168
3.475,66.627518,-1.538718,3.45059,67.064919,-1.275448,3.165702,2.16585,2.0910356612179,0.547559195488068,0.459301237236168
3.473,66.627518,-1.538718,3.45059,66.094437,-1.084501,1.788674,2.49919,2.41286119267685,1.63187336349487,0.1731187374106317
3.487,66.627518,-1.538718,3.45059,66.166168,0.258545,0.387836,3.27642,3.16324355847706,3.77819138400037,0.1731187374106317
3.475,66.627518,-1.538718,3.45059,67.064919,-1.275448,3.165702,2.16585,2.0910356612179,0.547559195488068,0.1887404411647718
3.486,66.627518,-1.538718,3.45059,65.99086,0.428235,0.125481,1.71328,1.65409865764083,4.17660785982174,0.1887404411647718
3.479,66.627518,-1.538718,3.45059,65.598129,-0.861753,2.458165,2.56423,2.47565453450828,1.49142758121525,0.22795617877269608
3.487,66.627518,-1.538718,3.45059,66.166168,0.258545,0.387836,3.27642,3.16324355847706,3.77819138400037,0.22795617877269608
3.480,66.627518,-1.538718,3.45059,66.765228,-0.889762,2.203487,2.64444,2.55309386335667,1.37950885757285,0.3850908158164245
3.487,66.627518,-1.538718,3.45059,66.166168,0.258545,0.387836,3.27642,3.16324355847706,3.77819138400037,0.3850908158164245
3.481,66.627518,-1.538718,3.45059,67.027954,-1.380901,3.205375,1.71165,1.65252496226591,0.433299955779215,0.20497708013350635
3.486,66.627518,-1.538718,3.45059,65.99086,0.428235,0.125481,1.71328,1.65409865764083,4.17660785982174,0.20497708013350635
3.486,66.627518,-1.538718,3.45059,65.99086,0.428235,0.125481,1.71328,1.65409865764083,4.17660785982174,0.18036970883616685
4.89,65.320007,-0.190133,0.050017,66.62851,-0.195206,0.009758,1.276018,1.23194087418609,1.0639641146358,0.18036970883616685
3.521,38.298019,0.294544,0.205786,35.063156,0.147781,-0.635292,4.20323,4.05803902500214,2.85201355410673,0.376027189423609
3.525,38.298019,0.294544,0.205786,34.632511,-1.360838,-1.782767,4.5914,4.43280057941032,4.33563532684716,0.376027189423609
3.525,38.298019,0.294544,0.205786,34.632511,-1.360838,-1.782767,4.5914,4.43280057941032,4.33563532684716,0.4739074266863178
3.528,38.298019,0.294544,0.205786,36.009312,-0.178491,-1.611046,4.07527,3.93449911078397,2.71169717750239,0.4739074266863178
3.525,38.298019,0.294544,0.205786,34.632511,-1.360838,-1.782767,4.5914,4.43280057941032,4.33563532684716,0.31929963425489616
3.529,38.298019,0.294544,0.205786,36.288639,0.316602,-2.196318,4.94946,4.77849221496019,2.86047912695238,0.31929963425489616
3.530,38.298019,0.294544,0.205786,35.208408,-0.800012,-3.895722,6.70968,6.47790943756977,4.85517199135719,0.26628012829460307
3.540,38.298019,0.294544,0.205786,32.400509,-0.896283,-3.752385,6.52366,6.29831507337107,6.3305982043416,0.26628012829460307
3.532,38.298019,0.294544,0.205786,31.416723,0.689391,-4.383622,5.52473,5.33389082743511,7.05351569624777,0.1657022842553677
3.541,38.298019,0.294544,0.205786,33.064331,0.923234,-0.913352,5.62366,5.42940351666303,4.56607354025943,0.1657022842553677
3.532,38.298019,0.294544,0.205786,31.416723,0.689391,-4.383622,5.52473,5.33389082743511,7.05351569624777,0.3357520229592734
3.542,38.298019,0.294544,0.205786,33.838768,0.043181,-2.257201,5.90215,5.69827371602706,4.4200684917688,0.3357520229592734
3.540,38.298019,0.294544,0.205786,32.400509,-0.896283,-3.752385,6.52366,6.29831507337107,6.3305982043416,0.3915553151779075
3.542,38.298019,0.294544,0.205786,33.838768,0.043181,-2.257201,5.90215,5.69827371602706,4.4200684917688,0.3915553151779075
4.12,43.870068,35.629742,21.290045,44.072601,37.127289,22.695574,1.126994,1.0880645677118,0.769554419490261,0.3240422543755583
7.351,44.518399976803536,38.519666028744126,21.880905505662586,44.518399976803536,35.472383338272905,24.026531908961612,1.409043,1.36037082955396,2.31925786195933,0.3240422543755583
4.12,43.870068,35.629742,21.290045,44.072601,37.127289,22.695574,1.126994,1.0880645677118,0.769554419490261,0.30563994268456296
7.361,44.60351738852064,38.78155571208269,21.746543197241397,44.489974232848624,35.28218457991533,24.28917730304483,1.620184,1.56421844621495,2.70544683885885,0.30563994268456296
4.12,43.870068,35.629742,21.290045,44.072601,37.127289,22.695574,1.126994,1.0880645677118,0.769554419490261,0.17377217043675056
7.413,45.67525911468617,37.772741228500664,23.45706086477872,43.43360642568766,36.17325707994268,22.566664899868705,1.732218,1.67238248770854,2.19823030545429,0.17377217043675056
4.41,55.469971,-32.089752,-0.060098,55.612289,-29.953671,0.424135,0.83826,0.809304223917867,0.977009900456795,0.45248861243878225
7.247,56.15781146519707,-34.1114668264737,0.8295323992704606,56.05774503329822,-28.00815605770879,-0.19917430804949898,1.2927,1.24804663261831,2.68084625062854,0.45248861243878225
4.45,55.469971,-30.449732,0.209887,55.531033,-32.926296,0.238492,0.875516,0.845273300536439,1.03963541053434,0.4418985358542337
7.247,56.15781146519707,-34.1114668264737,0.8295323992704606,56.05774503329822,-28.00815605770879,-0.19917430804949898,1.2927,1.24804663261831,2.68084625062854,0.4418985358542337
4.76,45.099937,36.750183,22.469835,46.181698,36.91983,22.239534,1.145622,1.10604910602109,1.05157489929332,0.3259470210215398
7.361,44.60351738852064,38.78155571208269,21.746543197241397,44.489974232848624,35.28218457991533,24.28917730304483,1.620184,1.56421844621495,2.70544683885885,0.3259470210215398
4.77,43.600025,37.299789,22.570135,44.974243,37.176563,22.39678,1.359844,1.31287129657787,1.29024390106441,0.18890552387403367
7.361,44.60351738852064,38.78155571208269,21.746543197241397,44.489974232848624,35.28218457991533,24.28917730304483,1.620184,1.56421844621495,2.70544683885885,0.18890552387403367
4.103,60.460007,-0.239831,0.050053,63.133312,-0.252147,-0.026832,1.76966,1.70853113938216,2.29512472278671,0.17107414826291512
7.38,62.650880690858955,0.13654519266420584,0.058882039320318214,62.776843239021375,0.16514541870898958,-0.8563746576976339,1.297009,1.25220678806037,0.906032234049291,0.17107414826291512
4.103,60.460007,-0.239831,0.050053,63.133312,-0.252147,-0.026832,1.76966,1.70853113938216,2.29512472278671,0.15532039976105014
7.52,62.650880690858955,0.13654519266420584,0.058882039320318214,63.16063819673245,0.1411038549282151,0.13800704133009045,0.995379,0.960995907116101,0.438120425945003,0.15532039976105014
4.103,60.460007,-0.239831,0.050053,63.133312,-0.252147,-0.026832,1.76966,1.70853113938216,2.29512472278671,0.403433144252609
7.53,62.650880690858955,0.13654519266420584,0.058882039320318214,63.26843012799614,0.12840079281817296,-0.13780099423930103,1.180666,1.13988259112473,0.557323554866912,0.403433144252609
4.103,60.460007,-0.239831,0.050053,63.133312,-0.252147,-0.026832,1.76966,1.70853113938216,2.29512472278671,0.5028979856438768
7.54,62.650880690858955,0.13654519266420584,0.058882039320318214,63.5160681944692,0.10352450549339087,0.08620181826528572,1.572785,1.51845673635228,0.731850287746402,0.5028979856438768
4.103,60.460007,-0.239831,0.050053,63.133312,-0.252147,-0.026832,1.76966,1.70853113938216,2.29512472278671,0.17231811988079193
7.55,62.650880690858955,0.13654519266420584,0.058882039320318214,63.78670046345174,0.03275433208632661,0.10033283052226505,1.917505,1.85126917171716,0.969591759766644,0.17231811988079193
4.103,60.460007,-0.239831,0.050053,63.133312,-0.252147,-0.026832,1.76966,1.70853113938216,2.29512472278671,0.17448238717006714
7.58,62.650880690858955,0.13654519266420584,0.058882039320318214,62.19404048836513,0.13938089430126643,0.13632189460910382,0.99107,0.95683575167404,0.396285269126743,0.17448238717006714
4.103,60.460007,-0.239831,0.050053,63.133312,-0.252147,-0.026832,1.76966,1.70853113938216,2.29512472278671,0.602698510258152
7.59,62.650880690858955,0.13654519266420584,0.058882039320318214,62.02347818323405,0.10704106282710679,0.2009869779234119,1.258228,1.21476538908182,0.554627507332884,0.602698510258152
4.103,60.460007,-0.239831,0.050053,63.133312,-0.252147,-0.026832,1.76966,1.70853113938216,2.29512472278671,0.4367884791773376
7.60,62.650880690858955,0.13654519266420584,0.058882039320318214,61.68871986942695,0.1668234227281129,-0.006548671054829036,1.615875,1.56005829077289,0.825226605499617,0.4367884791773376
4.103,60.460007,-0.239831,0.050053,63.133312,-0.252147,-0.026832,1.76966,1.70853113938216,2.29512472278671,0.17500066136756157
7.179,62.625639713294134,-0.23944473055187432,1.0386475053027588,62.67610547792866,-0.3923301037287996,0.10245871566407772,1.404734,1.3562106741119,0.943203581642223,0.17500066136756157
4.103,60.460007,-0.239831,0.050053,63.133312,-0.252147,-0.026832,1.76966,1.70853113938216,2.29512472278671,0.24663549484922148
7.262,62.49919105553391,0.22395683649600873,-0.3327535686703076,62.516074417933325,0.5580522525558962,0.01602137243352786,1.090177,1.05251932684144,0.599172468823163,0.24663549484922148
4.103,60.460007,-0.239831,0.050053,63.133312,-0.252147,-0.026832,1.76966,1.70853113938216,2.29512472278671,0.22234986594008194
7.373,62.67610547792866,-0.39222554081780325,0.1025082818313372,63.16063819673245,0.1410704951634867,0.1379677122782974,1.33579,1.28964818703892,0.894182272125511,0.22234986594008194
4.103,60.460007,-0.239831,0.050053,63.133312,-0.252147,-0.026832,1.76966,1.70853113938216,2.29512472278671,0.16057940803070067
7.374,62.67610547792866,-0.39222554081780325,0.1025082818313372,62.262057519931304,0.1680215593836687,-0.006635877646821164,1.193593,1.15236305745091,0.912791769789313,0.16057940803070067
4.103,60.460007,-0.239831,0.050053,63.133312,-0.252147,-0.026832,1.76966,1.70853113938216,2.29512472278671,0.4839916782826666
7.402,63.16063819673245,0.14105062760799703,0.13801795485133272,62.262057519931304,0.16800188416005168,-0.006586186807155947,1.503841,1.4518942492793,0.776144543590609,0.4839916782826666
4.103,60.460007,-0.239831,0.050053,63.133312,-0.252147,-0.026832,1.76966,1.70853113938216,2.29512472278671,0.21960821822137264
7.407,63.26843012799614,0.12805498690454664,-0.13779436981593562,62.19404048836513,0.13904050928265077,0.13632816855941865,1.917505,1.85126917171716,0.950497521513414,0.21960821822137264
4.105,43.81995,37.200417,21.679749,44.566662,37.167774,21.584,0.83826,0.809304223917867,0.700351892324673,0.21475469253445317
7.351,44.518399976803536,38.519666028744126,21.880905505662586,44.518399976803536,35.472383338272905,24.026531908961612,1.409043,1.36037082955396,2.31925786195933,0.21475469253445317
4.106,43.86005,36.959896,22.410271,44.775291,36.950111,22.187439,1.229448,1.18697952841287,0.867505507831591,0.3073479706135999
7.351,44.518399976803536,38.519666028744126,21.880905505662586,44.518399976803536,35.472383338272905,24.026531908961612,1.409043,1.36037082955396,2.31925786195933,0.3073479706135999
4.106,43.86005,36.959896,22.410271,44.775291,36.950111,22.187439,1.229448,1.18697952841287,0.867505507831591,0.5243765619795658
7.361,44.60351738852064,38.78155571208269,21.746543197241397,44.489974232848624,35.28218457991533,24.28917730304483,1.620184,1.56421844621495,2.70544683885885,0.5243765619795658
4.106,43.86005,36.959896,22.410271,44.775291,36.950111,22.187439,1.229448,1.18697952841287,0.867505507831591,0.1512910221075685
7.413,45.67525911468617,37.772741228500664,23.45706086477872,43.43360642568766,36.17325707994268,22.566664899868705,1.732218,1.67238248770854,2.19823030545429,0.1512910221075685
4.114,54.70998,-32.010151,-0.019989,55.164921,-31.733152,0.03008,0.819632,0.791319685608582,0.44777025960406,0.22616802435330305
7.227,56.13782038190075,-33.58755338003938,0.6850252091039621,56.13782038190075,-28.591036933536095,0.059207860898990994,1.193593,1.15236305745091,2.15918551635632,0.22616802435330305
4.116,53.739994,-31.780239,-0.039934,55.63501,-31.979239,-0.144019,1.49024,1.43876306474288,1.80653789299714,0.15433594792670643
5.45,54.70998,-32.010151,-0.019989,55.164921,-31.733152,0.03008,0.912295,0.880781854029956,0.44777025960406,0.15433594792670643
4.143,47.429981,-0.299898,0.120069,49.905563,-0.318253,-0.006174,1.81623,1.75349248515538,2.46487616611888,0.357607313693523
4.181,49.679951,-0.899978,0.50999,50.158894,-0.464924,1.024953,1.378472,1.33085583488716,0.938682575018774,0.357607313693523
4.143,47.429981,-0.299898,0.120069,49.905563,-0.318253,-0.006174,1.81623,1.75349248515538,2.46487616611888,0.1813570212358154
4.184,49.709969,-0.909688,0.500009,49.758137,-0.542145,1.335017,1.220134,1.17798725925823,0.971112627869323,0.1813570212358154
4.143,47.429981,-0.299898,0.120069,49.905563,-0.318253,-0.006174,1.81623,1.75349248515538,2.46487616611888,0.16144285840785855
4.186,49.34,-0.150016,0.389927,49.787842,-0.543494,1.342018,1.639264,1.58263937121716,1.16120755089776,0.16144285840785855
4.143,47.429981,-0.299898,0.120069,49.905563,-0.318253,-0.006174,1.81623,1.75349248515538,2.46487616611888,0.17605918019551506
4.189,49.709969,-0.06971,0.489855,49.734062,-0.556573,1.308726,1.322588,1.2769022199593,1.05176567823389,0.17605918019551506
4.143,47.429981,-0.299898,0.120069,49.905563,-0.318253,-0.006174,1.81623,1.75349248515538,2.46487616611888,0.215017763670902
4.195,49.580051,-0.260413,0.530073,50.274353,-0.425916,0.8329,1.11768,1.07907229855716,0.790090560620792,0.215017763670902
4.143,47.429981,-0.299898,0.120069,49.905563,-0.318253,-0.006174,1.81623,1.75349248515538,2.46487616611888,0.29283692287089014
4.199,49.709969,-0.040116,0.359962,50.330692,-0.45928,0.893318,1.434356,1.38480944981502,1.01281069672646,0.29283692287089014
4.143,47.429981,-0.299898,0.120069,49.905563,-0.318253,-0.006174,1.81623,1.75349248515538,2.46487616611888,0.1868932802382885
4.200,49.34,-0.140032,0.370021,50.205933,-0.313389,0.507765,1.126994,1.0880645677118,0.91237150170343,0.1868932802382885
4.143,47.429981,-0.299898,0.120069,49.905563,-0.318253,-0.006174,1.81623,1.75349248515538,2.46487616611888,0.15699639439606006
5.103,49.709969,-0.040116,0.359962,50.330692,-0.45928,0.893318,1.18995,1.14884589656081,1.01281069672646,0.15699639439606006
5.2,45.140049,36.999737,22.880068,45.936909,37.190865,22.82316,0.785367,0.758238291730136,0.768520324510237,0.21418385295481635
7.351,44.518399976803536,38.519666028744126,21.880905505662586,44.518399976803536,35.472383338272905,24.026531908961612,1.409043,1.36037082955396,2.31925786195933,0.21418385295481635
5.6,44.360012,36.669922,22.630003,44.545097,37.677273,22.555637,0.626707,0.605058838855361,0.507579179938685,0.1581350917955354
7.351,44.518399976803536,38.519666028744126,21.880905505662586,44.518399976803536,35.472383338272905,24.026531908961612,1.409043,1.36037082955396,2.31925786195933,0.1581350917955354
5.7,44.330009,36.469742,22.610123,44.572052,37.892254,22.571035,0.753635,0.727602401155181,0.689281056719032,0.28493960889872005
7.351,44.518399976803536,38.519666028744126,21.880905505662586,44.518399976803536,35.472383338272905,24.026531908961612,1.409043,1.36037082955396,2.31925786195933,0.28493960889872005
5.8,44.419933,36.18005,22.549789,44.476891,38.165051,22.633118,0.936094,0.903758771961172,0.866811219141489,0.3084913272503388
7.351,44.518399976803536,38.519666028744126,21.880905505662586,44.518399976803536,35.472383338272905,24.026531908961612,1.409043,1.36037082955396,2.31925786195933,0.3084913272503388
5.8,44.419933,36.18005,22.549789,44.476891,38.165051,22.633118,0.936094,0.903758771961172,0.866811219141489,0.3019878140642384
7.361,44.60351738852064,38.78155571208269,21.746543197241397,44.489974232848624,35.28218457991533,24.28917730304483,1.620184,1.56421844621495,2.70544683885885,0.3019878140642384
5.9,44.510017,36.00988,22.309853,44.396122,38.320248,22.87945,1.070955,1.03396130690473,0.908276829574393,0.29531455655535677
7.351,44.518399976803536,38.519666028744126,21.880905505662586,44.518399976803536,35.472383338272905,24.026531908961612,1.409043,1.36037082955396,2.31925786195933,0.29531455655535677
5.9,44.510017,36.00988,22.309853,44.396122,38.320248,22.87945,1.070955,1.03396130690473,0.908276829574393,0.5082253919517351
7.361,44.60351738852064,38.78155571208269,21.746543197241397,44.489974232848624,35.28218457991533,24.28917730304483,1.620184,1.56421844621495,2.70544683885885,0.5082253919517351
5.10,44.489975,35.940083,22.349972,44.418793,38.393051,22.841824,1.308945,1.26373048621689,0.978364339257622,0.21647320189255378
7.351,44.518399976803536,38.519666028744126,21.880905505662586,44.518399976803536,35.472383338272905,24.026531908961612,1.409043,1.36037082955396,2.31925786195933,0.21647320189255378
5.10,44.489975,35.940083,22.349972,44.418793,38.393051,22.841824,1.308945,1.26373048621689,0.978364339257622,0.7083016799325157
7.361,44.60351738852064,38.78155571208269,21.746543197241397,44.489974232848624,35.28218457991533,24.28917730304483,1.620184,1.56421844621495,2.70544683885885,0.7083016799325157
5.10,44.489975,35.940083,22.349972,44.418793,38.393051,22.841824,1.308945,1.26373048621689,0.978364339257622,0.19337430161861616
7.417,45.90691825034913,37.77115311636092,23.52933956192629,43.10777397801501,35.99489637404085,22.457982490321005,2.055393,1.98439414586312,2.72332209281723,0.19337430161861616
5.12,44.449993,37.159794,21.469868,44.449993,36.990246,22.78462,0.785367,0.758238291730136,0.820644311790879,0.21264707793253418
7.351,44.518399976803536,38.519666028744126,21.880905505662586,44.518399976803536,35.472383338272905,24.026531908961612,1.409043,1.36037082955396,2.31925786195933,0.21264707793253418
5.13,44.440022,37.059891,21.320107,44.468494,37.088528,22.914507,1.047156,1.01098438897351,0.93706972375273,0.23068446736974363
7.351,44.518399976803536,38.519666028744126,21.880905505662586,44.518399976803536,35.472383338272905,24.026531908961612,1.409043,1.36037082955396,2.31925786195933,0.23068446736974363
5.13,44.440022,37.059891,21.320107,44.468494,37.088528,22.914507,1.047156,1.01098438897351,0.93706972375273,0.40164155029373
7.361,44.60351738852064,38.78155571208269,21.746543197241397,44.489974232848624,35.28218457991533,24.28917730304483,1.620184,1.56421844621495,2.70544683885885,0.40164155029373
5.14,44.470062,37.049984,21.120243,44.441589,37.090839,23.134239,1.285146,1.24075356828568,1.18231127804555,0.39507902158276226
7.361,44.60351738852064,38.78155571208269,21.746543197241397,44.489974232848624,35.28218457991533,24.28917730304483,1.620184,1.56421844621495,2.70544683885885,0.39507902158276226
5.19,44.440022,37.499954,21.389961,44.440022,36.635834,22.143272,0.71397,0.689307537936487,0.726910655299136,0.18366867578165363
7.351,44.518399976803536,38.519666028744126,21.880905505662586,44.518399976803536,35.472383338272905,24.026531908961612,1.409043,1.36037082955396,2.31925786195933,0.18366867578165363
5.20,44.459957,37.570316,21.250092,44.417225,36.541306,22.289186,0.848831,0.819510072880046,0.942605924980504,0.15578186734378896
7.351,44.518399976803536,38.519666028744126,21.880905505662586,44.518399976803536,35.472383338272905,24.026531908961612,1.409043,1.36037082955396,2.31925786195933,0.15578186734378896
5.21,44.500069,37.659645,21.260138,44.386135,36.4664,22.274618,0.936094,0.903758771961172,0.995990787347523,0.23082404482876034
7.361,44.60351738852064,38.78155571208269,21.746543197241397,44.489974232848624,35.28218457991533,24.28917730304483,1.620184,1.56421844621495,2.70544683885885,0.23082404482876034
5.22,44.449993,37.710121,21.169832,44.435749,36.423412,22.37541,1.158218,1.11821000598586,1.12715683194151,0.4211249810083776
7.361,44.60351738852064,38.78155571208269,21.746543197241397,44.489974232848624,35.28218457991533,24.28917730304483,1.620184,1.56421844621495,2.70544683885885,0.4211249810083776
5.23,44.480019,37.719929,20.979906,44.394554,36.395611,22.567541,1.380342,1.33266124001054,1.35091214089471,0.2132211643935963
7.361,44.60351738852064,38.78155571208269,21.746543197241397,44.489974232848624,35.28218457991533,24.28917730304483,1.620184,1.56421844621495,2.70544683885885,0.2132211643935963
5.25,43.569984,35.820053,22.639833,44.26561,36.776638,22.724449,0.769501,0.742920346442659,0.768030335655262,0.22662309373531936
7.351,44.518399976803536,38.519666028744126,21.880905505662586,44.518399976803536,35.472383338272905,24.026531908961612,1.409043,1.36037082955396,2.31925786195933,0.22662309373531936
5.26,43.449951,35.7103,22.719934,44.406105,36.882622,22.633024,1.023357,0.988007471042298,1.0550257041602,0.31842512244308396
7.361,44.60351738852064,38.78155571208269,21.746543197241397,44.489974232848624,35.28218457991533,24.28917730304483,1.620184,1.56421844621495,2.70544683885885,0.31842512244308396
5.27,43.449951,35.560188,22.639994,44.391842,37.037529,22.73987,1.237548,1.19479973242324,1.08913506367349,0.49336963135549367
7.361,44.60351738852064,38.78155571208269,21.746543197241397,44.489974232848624,35.28218457991533,24.28917730304483,1.620184,1.56421844621495,2.70544683885885,0.49336963135549367
5.29,44.330009,37.199749,23.160069,43.78183,37.969376,23.073114,1.070955,1.03396130690473,0.634188057383681,0.6555552884400541
7.351,44.518399976803536,38.519666028744126,21.880905505662586,44.518399976803536,35.472383338272905,24.026531908961612,1.409043,1.36037082955396,2.31925786195933,0.6555552884400541
5.29,44.330009,37.199749,23.160069,43.78183,37.969376,23.073114,1.070955,1.03396130690473,0.634188057383681,0.49580250876175863
7.361,44.60351738852064,38.78155571208269,21.746543197241397,44.489974232848624,35.28218457991533,24.28917730304483,1.620184,1.56421844621495,2.70544683885885,0.49580250876175863
5.29,44.330009,37.199749,23.160069,43.78183,37.969376,23.073114,1.070955,1.03396130690473,0.634188057383681,0.22081797960990526
7.413,45.67525911468617,37.772741228500664,23.45706086477872,43.43360642568766,36.17325707994268,22.566664899868705,1.732218,1.67238248770854,2.19823030545429,0.22081797960990526
5.30,45.350056,36.019573,23.100149,44.32386,37.201443,23.160089,1.42794,1.37861507587297,1.10060055129705,0.5465659214756898
7.361,44.60351738852064,38.78155571208269,21.746543197241397,44.489974232848624,35.28218457991533,24.28917730304483,1.620184,1.56421844621495,2.70544683885885,0.5465659214756898
5.30,45.350056,36.019573,23.100149,44.32386,37.201443,23.160089,1.42794,1.37861507587297,1.10060055129705,0.2848259362520865
7.417,45.90691825034913,37.77115311636092,23.52933956192629,43.10777397801501,35.99489637404085,22.457982490321005,2.055393,1.98439414586312,2.72332209281723,0.2848259362520865
5.32,43.95993,37.0205,22.63007,44.376717,37.008488,23.037443,0.936094,0.903758771961172,0.459220089571616,0.645804814916406
7.351,44.518399976803536,38.519666028744126,21.880905505662586,44.518399976803536,35.472383338272905,24.026531908961612,1.409043,1.36037082955396,2.31925786195933,0.645804814916406
5.32,43.95993,37.0205,22.63007,44.376717,37.008488,23.037443,0.936094,0.903758771961172,0.459220089571616,0.2587507459280726
7.361,44.60351738852064,38.78155571208269,21.746543197241397,44.489974232848624,35.28218457991533,24.28917730304483,1.620184,1.56421844621495,2.70544683885885,0.2587507459280726
5.32,43.95993,37.0205,22.63007,44.376717,37.008488,23.037443,0.936094,0.903758771961172,0.459220089571616,0.18451312658564678
7.392,44.489974232848624,35.2820224543286,24.289254737085773,43.10777397801501,35.99495132522856,22.458079114540197,1.37888,1.33124974145953,1.8241554310481,0.18451312658564678
5.33,43.899956,37.030128,22.490103,44.417511,36.98003,23.17672,1.102687,1.06459719747969,0.638802995769043,0.6737281126234762
7.351,44.518399976803536,38.519666028744126,21.880905505662586,44.518399976803536,35.472383338272905,24.026531908961612,1.409043,1.36037082955396,2.31925786195933,0.6737281126234762
5.33,43.899956,37.030128,22.490103,44.417511,36.98003,23.17672,1.102687,1.06459719747969,0.638802995769043,0.5413300934270868
7.361,44.60351738852064,38.78155571208269,21.746543197241397,44.489974232848624,35.28218457991533,24.28917730304483,1.620184,1.56421844621495,2.70544683885885,0.5413300934270868
5.33,43.899956,37.030128,22.490103,44.417511,36.98003,23.17672,1.102687,1.06459719747969,0.638802995769043,0.28443246021628404
7.413,45.67525911468617,37.772741228500664,23.45706086477872,43.43360642568766,36.17325707994268,22.566664899868705,1.732218,1.67238248770854,2.19823030545429,0.28443246021628404
5.34,43.759983,37.000278,22.37995,44.56496,37.031937,23.284607,1.340677,1.29436637679185,0.91776648364448,0.2787427210598397
7.351,44.518399976803536,38.519666028744126,21.880905505662586,44.518399976803536,35.472383338272905,24.026531908961612,1.409043,1.36037082955396,2.31925786195933,0.2787427210598397
5.34,43.759983,37.000278,22.37995,44.56496,37.031937,23.284607,1.340677,1.29436637679185,0.91776648364448,0.6680508010933965
7.361,44.60351738852064,38.78155571208269,21.746543197241397,44.489974232848624,35.28218457991533,24.28917730304483,1.620184,1.56421844621495,2.70544683885885,0.6680508010933965
5.34,43.759983,37.000278,22.37995,44.56496,37.031937,23.284607,1.340677,1.29436637679185,0.91776648364448,0.26565362025230793
7.417,45.90691825034913,37.77115311636092,23.52933956192629,43.10777397801501,35.99489637404085,22.457982490321005,2.055393,1.98439414586312,2.72332209281723,0.26565362025230793
5.37,45.219978,37.020203,22.339933,44.218014,37.151577,23.296185,1.023357,0.988007471042298,1.0849785346728,0.2949574355976551
7.361,44.60351738852064,38.78155571208269,21.746543197241397,44.489974232848624,35.28218457991533,24.28917730304483,1.620184,1.56421844621495,2.70544683885885,0.2949574355976551
5.38,45.259933,37.10017,22.099951,44.173214,37.137138,23.219437,1.308945,1.26373048621689,1.21400281575858,0.354279873035274
7.361,44.60351738852064,38.78155571208269,21.746543197241397,44.489974232848624,35.28218457991533,24.28917730304483,1.620184,1.56421844621495,2.70544683885885,0.354279873035274
5.41,43.81995,37.200417,21.679749,44.566662,37.167774,21.584,0.87263,0.842486990811262,0.700351892324673,0.23898335964773423
7.351,44.518399976803536,38.519666028744126,21.880905505662586,44.518399976803536,35.472383338272905,24.026531908961612,1.409043,1.36037082955396,2.31925786195933,0.23898335964773423
5.42,43.86005,36.959896,22.410271,44.775291,36.950111,22.187439,1.26928,1.2254356229982,0.867505507831591,0.3073479706135999
7.351,44.518399976803536,38.519666028744126,21.880905505662586,44.518399976803536,35.472383338272905,24.026531908961612,1.409043,1.36037082955396,2.31925786195933,0.3073479706135999
5.42,43.86005,36.959896,22.410271,44.775291,36.950111,22.187439,1.26928,1.2254356229982,0.867505507831591,0.5464591312302607
7.361,44.60351738852064,38.78155571208269,21.746543197241397,44.489974232848624,35.28218457991533,24.28917730304483,1.620184,1.56421844621495,2.70544683885885,0.5464591312302607
5.42,43.86005,36.959896,22.410271,44.775291,36.950111,22.187439,1.26928,1.2254356229982,0.867505507831591,0.16427491297445454
7.413,45.67525911468617,37.772741228500664,23.45706086477872,43.43360642568766,36.17325707994268,22.566664899868705,1.732218,1.67238248770854,2.19823030545429,0.16427491297445454
5.42,43.86005,36.959896,22.410271,44.775291,36.950111,22.187439,1.26928,1.2254356229982,0.867505507831591,0.15390706731442483
7.417,45.90691825034913,37.77115311636092,23.52933956192629,43.10777397801501,35.99489637404085,22.457982490321005,2.055393,1.98439414586312,2.72332209281723,0.15390706731442483
5.45,54.70998,-32.010151,-0.019989,55.164921,-31.733152,0.03008,0.912295,0.880781854029956,0.44777025960406,0.24217402510659064
7.227,56.13782038190075,-33.58755338003938,0.6850252091039621,56.13782038190075,-28.591036933536095,0.059207860898990994,1.193593,1.15236305745091,2.15918551635632,0.24217402510659064
6.222,43.99,34.57,23.34,43.55701213021789,35.08670485915788,22.74317888219222,1.02,0.984766430935777,0.665218210571036,0.15127159098131984
7.351,44.518399976803536,38.519666028744126,21.880905505662586,44.518399976803536,35.472383338272905,24.026531908961612,1.409043,1.36037082955396,2.31925786195933,0.15127159098131984
7.31,62.650880690858955,0.13654519266420584,0.058882039320318214,62.625639713294134,0.12066569742585909,0.4762072127398431,0.779929,0.752988135013049,0.414427960021443,0.18456150836303745
7.178,62.625639713294134,-0.23944473055187432,1.0386475053027588,62.768458263626584,0.772576138392489,0.014121422550505969,1.370262,1.32292943057541,1.81597356395443,0.18456150836303745
7.33,62.650880690858955,0.13654519266420584,0.058882039320318214,62.64246883189739,0.1533582167819736,1.1799848157068915,1.456442,1.40613253941663,1.09279885748129,0.18315284790784114
7.349,62.7516829552152,1.1254295846548357,-0.015150175225198126,62.60038251922951,-0.7739016305569613,0.2356570313907902,2.219135,2.14248005266144,2.82294776955766,0.18315284790784114
7.34,62.650880690858955,0.13654519266420584,0.058882039320318214,62.692913020733926,0.01805623158557257,1.285774338419876,1.495223,1.44357393839518,1.20777138570803,0.1968672328997722
7.349,62.7516829552152,1.1254295846548357,-0.015150175225198126,62.60038251922951,-0.7739016305569613,0.2356570313907902,2.219135,2.14248005266144,2.82294776955766,0.1968672328997722
7.35,62.650880690858955,0.13654519266420584,0.058882039320318214,62.692913020733926,-0.02540492486702295,1.846323252520654,1.960595,1.89287072613778,1.73571318545503,0.29715144528605897
7.358,62.701314100441266,1.4379908404002495,-0.1751158566154487,62.57510908259357,-1.0865975402239436,0.3160591521840894,2.658653,2.56681590775166,3.75318573006797,0.29715144528605897
7.38,62.650880690858955,0.13654519266420584,0.058882039320318214,62.776843239021375,0.16514541870898958,-0.8563746576976339,1.297009,1.25220678806037,0.906032234049291,0.15692444907211076
7.302,62.692913020733926,0.3938135420241684,-1.3157928490763915,62.60038251922951,-0.7737059741246832,0.23562677328083925,1.878724,1.81382777273862,2.27029099052526,0.15692444907211076
7.39,62.650880690858955,0.13654519266420584,0.058882039320318214,62.692913020733926,0.39394336279507947,-1.3157001232171117,1.572785,1.51845673635228,1.38413185488479,0.1649494488618066
7.349,62.7516829552152,1.1254295846548357,-0.015150175225198126,62.60038251922951,-0.7739016305569613,0.2356570313907902,2.219135,2.14248005266144,2.82294776955766,0.1649494488618066
7.44,62.650880690858955,0.13654519266420584,0.058882039320318214,62.7516829552152,1.1257543621893684,-0.015087479607633902,1.654656,1.59749968975144,1.42774732141551,0.18534800860286235
7.243,62.692913020733926,-0.025525748824417605,1.8463105034097316,62.701314100441266,1.437843959815388,-0.17508085917068428,2.313933,2.23400347238678,2.9214174492907,0.18534800860286235
7.44,62.650880690858955,0.13654519266420584,0.058882039320318214,62.7516829552152,1.1257543621893684,-0.015087479607633902,1.654656,1.59749968975144,1.42774732141551,0.1961942113297833
7.349,62.7516829552152,1.1254295846548357,-0.015150175225198126,62.60038251922951,-0.7739016305569613,0.2356570313907902,2.219135,2.14248005266144,2.82294776955766,0.1961942113297833
7.45,62.650880690858955,0.13654519266420584,0.058882039320318214,62.701314100441266,1.4379665212792547,-0.1750687274854279,1.986449,1.91783165879014,1.86767086707263,0.37196381254674027
7.358,62.701314100441266,1.4379908404002495,-0.1751158566154487,62.57510908259357,-1.0865975402239436,0.3160591521840894,2.658653,2.56681590775166,3.75318573006797,0.37196381254674027
7.49,62.650880690858955,0.13654519266420584,0.058882039320318214,62.60038251922951,-0.7735769781561097,0.23571948819842703,1.534004,1.48101533737373,1.35192288813507,0.15891891703043
7.349,62.7516829552152,1.1254295846548357,-0.015150175225198126,62.60038251922951,-0.7739016305569613,0.2356570313907902,2.219135,2.14248005266144,2.82294776955766,0.15891891703043
7.50,62.650880690858955,0.13654519266420584,0.058882039320318214,62.57510908259357,-1.086620819925832,0.31610582258034814,1.904578,1.83878870539098,1.80193443891395,0.22704980724486656
7.358,62.701314100441266,1.4379908404002495,-0.1751158566154487,62.57510908259357,-1.0865975402239436,0.3160591521840894,2.658653,2.56681590775166,3.75318573006797,0.22704980724486656
7.51,62.650880690858955,0.13654519266420584,0.058882039320318214,62.89404594163646,0.23980821689933984,-0.02036029978871312,0.749766,0.723867046918622,0.268404799399221,0.29659703402545445
7.178,62.625639713294134,-0.23944473055187432,1.0386475053027588,62.768458263626584,0.772576138392489,0.014121422550505969,1.370262,1.32292943057541,1.81597356395443,0.29659703402545445
7.52,62.650880690858955,0.13654519266420584,0.058882039320318214,63.16063819673245,0.1411038549282151,0.13800704133009045,0.995379,0.960995907116101,0.438120425945003,0.2617169800841342
7.178,62.625639713294134,-0.23944473055187432,1.0386475053027588,62.768458263626584,0.772576138392489,0.014121422550505969,1.370262,1.32292943057541,1.81597356395443,0.2617169800841342
7.53,62.650880690858955,0.13654519266420584,0.058882039320318214,63.26843012799614,0.12840079281817296,-0.13780099423930103,1.180666,1.13988259112473,0.557323554866912,0.27352726852505627
7.302,62.692913020733926,0.3938135420241684,-1.3157928490763915,62.60038251922951,-0.7737059741246832,0.23562677328083925,1.878724,1.81382777273862,2.27029099052526,0.27352726852505627
7.54,62.650880690858955,0.13654519266420584,0.058882039320318214,63.5160681944692,0.10352450549339087,0.08620181826528572,1.572785,1.51845673635228,0.731850287746402,0.2149004837721091
7.223,62.692913020733926,0.018020805553853325,1.2857434604606643,62.7516829552152,1.1257188279558128,-0.015118379532408355,1.930432,1.86374963804335,2.07554707630676,0.2149004837721091
7.54,62.650880690858955,0.13654519266420584,0.058882039320318214,63.5160681944692,0.10352450549339087,0.08620181826528572,1.572785,1.51845673635228,0.731850287746402,0.22155827563256986
7.243,62.692913020733926,-0.025525748824417605,1.8463105034097316,62.701314100441266,1.437843959815388,-0.17508085917068428,2.313933,2.23400347238678,2.9214174492907,0.22155827563256986
7.54,62.650880690858955,0.13654519266420584,0.058882039320318214,63.5160681944692,0.10352450549339087,0.08620181826528572,1.572785,1.51845673635228,0.731850287746402,0.5280281387981036
7.302,62.692913020733926,0.3938135420241684,-1.3157928490763915,62.60038251922951,-0.7737059741246832,0.23562677328083925,1.878724,1.81382777273862,2.27029099052526,0.5280281387981036
7.54,62.650880690858955,0.13654519266420584,0.058882039320318214,63.5160681944692,0.10352450549339087,0.08620181826528572,1.572785,1.51845673635228,0.731850287746402,0.2915619417848198
7.319,62.667699012913516,0.41939590876782784,-1.538020821793018,62.57510908259357,-1.0868373718551094,0.31602629685616446,2.275152,2.19656207340823,2.81435611036367,0.2915619417848198
7.54,62.650880690858955,0.13654519266420584,0.058882039320318214,63.5160681944692,0.10352450549339087,0.08620181826528572,1.572785,1.51845673635228,0.731850287746402,0.47607742744147447
7.342,62.549819377247616,0.9091953593812763,-0.05231501738753863,62.793607836939486,-0.6013004075661188,0.18273305728853106,2.003685,1.93447228055839,2.26140602605497,0.47607742744147447
7.54,62.650880690858955,0.13654519266420584,0.058882039320318214,63.5160681944692,0.10352450549339087,0.08620181826528572,1.572785,1.51845673635228,0.731850287746402,0.4374107045777886
7.349,62.7516829552152,1.1254295846548357,-0.015150175225198126,62.60038251922951,-0.7739016305569613,0.2356570313907902,2.219135,2.14248005266144,2.82294776955766,0.4374107045777886
7.55,62.650880690858955,0.13654519266420584,0.058882039320318214,63.78670046345174,0.03275433208632661,0.10033283052226505,1.917505,1.85126917171716,0.969591759766644,0.5313351720234541
7.222,62.692913020733926,0.018020805553853325,1.2857434604606643,62.692913020733926,0.393907302230434,-1.3157308521847488,2.400113,2.317206581228,2.60233151905256,0.5313351720234541
7.55,62.650880690858955,0.13654519266420584,0.058882039320318214,63.78670046345174,0.03275433208632661,0.10033283052226505,1.917505,1.85126917171716,0.969591759766644,0.7560214583278503
7.243,62.692913020733926,-0.025525748824417605,1.8463105034097316,62.701314100441266,1.437843959815388,-0.17508085917068428,2.313933,2.23400347238678,2.9214174492907,0.7560214583278503
7.55,62.650880690858955,0.13654519266420584,0.058882039320318214,63.78670046345174,0.03275433208632661,0.10033283052226505,1.917505,1.85126917171716,0.969591759766644,0.16543897039784602
7.302,62.692913020733926,0.3938135420241684,-1.3157928490763915,62.60038251922951,-0.7737059741246832,0.23562677328083925,1.878724,1.81382777273862,2.27029099052526,0.16543897039784602
7.55,62.650880690858955,0.13654519266420584,0.058882039320318214,63.78670046345174,0.03275433208632661,0.10033283052226505,1.917505,1.85126917171716,0.969591759766644,0.766934912727151
7.319,62.667699012913516,0.41939590876782784,-1.538020821793018,62.57510908259357,-1.0868373718551094,0.31602629685616446,2.275152,2.19656207340823,2.81435611036367,0.766934912727151
7.55,62.650880690858955,0.13654519266420584,0.058882039320318214,63.78670046345174,0.03275433208632661,0.10033283052226505,1.917505,1.85126917171716,0.969591759766644,0.16961274940182364
7.342,62.549819377247616,0.9091953593812763,-0.05231501738753863,62.793607836939486,-0.6013004075661188,0.18273305728853106,2.003685,1.93447228055839,2.26140602605497,0.16961274940182364
7.55,62.650880690858955,0.13654519266420584,0.058882039320318214,63.78670046345174,0.03275433208632661,0.10033283052226505,1.917505,1.85126917171716,0.969591759766644,0.909455727100899
7.349,62.7516829552152,1.1254295846548357,-0.015150175225198126,62.60038251922951,-0.7739016305569613,0.2356570313907902,2.219135,2.14248005266144,2.82294776955766,0.909455727100899
7.55,62.650880690858955,0.13654519266420584,0.058882039320318214,63.78670046345174,0.03275433208632661,0.10033283052226505,1.917505,1.85126917171716,0.969591759766644,0.23581683897424968
7.358,62.701314100441266,1.4379908404002495,-0.1751158566154487,62.57510908259357,-1.0865975402239436,0.3160591521840894,2.658653,2.56681590775166,3.75318573006797,0.23581683897424968
7.57,62.650880690858955,0.13654519266420584,0.058882039320318214,62.262057519931304,0.1680545686318924,-0.006596999817132243,0.840255,0.811230311201904,0.340283320119344,0.3138916329611563
7.178,62.625639713294134,-0.23944473055187432,1.0386475053027588,62.768458263626584,0.772576138392489,0.014121422550505969,1.370262,1.32292943057541,1.81597356395443,0.3138916329611563
7.58,62.650880690858955,0.13654519266420584,0.058882039320318214,62.19404048836513,0.13938089430126643,0.13632189460910382,0.99107,0.95683575167404,0.396285269126743,0.3217121203863361
7.178,62.625639713294134,-0.23944473055187432,1.0386475053027588,62.768458263626584,0.772576138392489,0.014121422550505969,1.370262,1.32292943057541,1.81597356395443,0.3217121203863361
7.59,62.650880690858955,0.13654519266420584,0.058882039320318214,62.02347818323405,0.10704106282710679,0.2009869779234119,1.258228,1.21476538908182,0.554627507332884,0.20628222068229496
7.223,62.692913020733926,0.018020805553853325,1.2857434604606643,62.7516829552152,1.1257188279558128,-0.015118379532408355,1.930432,1.86374963804335,2.07554707630676,0.20628222068229496
7.59,62.650880690858955,0.13654519266420584,0.058882039320318214,62.02347818323405,0.10704106282710679,0.2009869779234119,1.258228,1.21476538908182,0.554627507332884,0.4125806200114685
7.302,62.692913020733926,0.3938135420241684,-1.3157928490763915,62.60038251922951,-0.7737059741246832,0.23562677328083925,1.878724,1.81382777273862,2.27029099052526,0.4125806200114685
7.59,62.650880690858955,0.13654519266420584,0.058882039320318214,62.02347818323405,0.10704106282710679,0.2009869779234119,1.258228,1.21476538908182,0.554627507332884,0.20329532810071388
7.342,62.549819377247616,0.9091953593812763,-0.05231501738753863,62.793607836939486,-0.6013004075661188,0.18273305728853106,2.003685,1.93447228055839,2.26140602605497,0.20329532810071388
7.60,62.650880690858955,0.13654519266420584,0.058882039320318214,61.68871986942695,0.1668234227281129,-0.006548671054829036,1.615875,1.56005829077289,0.825226605499617,0.15573337240608076
7.222,62.692913020733926,0.018020805553853325,1.2857434604606643,62.692913020733926,0.393907302230434,-1.3157308521847488,2.400113,2.317206581228,2.60233151905256,0.15573337240608076
7.60,62.650880690858955,0.13654519266420584,0.058882039320318214,61.68871986942695,0.1668234227281129,-0.006548671054829036,1.615875,1.56005829077289,0.825226605499617,0.2905984571344445
7.243,62.692913020733926,-0.025525748824417605,1.8463105034097316,62.701314100441266,1.437843959815388,-0.17508085917068428,2.313933,2.23400347238678,2.9214174492907,0.2905984571344445
7.60,62.650880690858955,0.13654519266420584,0.058882039320318214,61.68871986942695,0.1668234227281129,-0.006548671054829036,1.615875,1.56005829077289,0.825226605499617,0.3708481856808388
7.302,62.692913020733926,0.3938135420241684,-1.3157928490763915,62.60038251922951,-0.7737059741246832,0.23562677328083925,1.878724,1.81382777273862,2.27029099052526,0.3708481856808388
7.60,62.650880690858955,0.13654519266420584,0.058882039320318214,61.68871986942695,0.1668234227281129,-0.006548671054829036,1.615875,1.56005829077289,0.825226605499617,0.3738199377623876
7.319,62.667699012913516,0.41939590876782784,-1.538020821793018,62.57510908259357,-1.0868373718551094,0.31602629685616446,2.275152,2.19656207340823,2.81435611036367,0.3738199377623876
7.60,62.650880690858955,0.13654519266420584,0.058882039320318214,61.68871986942695,0.1668234227281129,-0.006548671054829036,1.615875,1.56005829077289,0.825226605499617,0.34351502894374547
7.342,62.549819377247616,0.9091953593812763,-0.05231501738753863,62.793607836939486,-0.6013004075661188,0.18273305728853106,2.003685,1.93447228055839,2.26140602605497,0.34351502894374547
7.60,62.650880690858955,0.13654519266420584,0.058882039320318214,61.68871986942695,0.1668234227281129,-0.006548671054829036,1.615875,1.56005829077289,0.825226605499617,0.5354842454167273
7.349,62.7516829552152,1.1254295846548357,-0.015150175225198126,62.60038251922951,-0.7739016305569613,0.2356570313907902,2.219135,2.14248005266144,2.82294776955766,0.5354842454167273
7.66,56.14781730835661,-31.032727213909705,0.3631351818572437,56.09780494149918,-30.645353511109086,0.26167792982436655,0.323175,0.312011658154578,0.184494554920034,0.19455779587096755
7.204,56.2775260131273,-33.137940113306726,0.6287774271269919,56.1777914776996,-29.437833451278873,0.1758934926628708,0.853182,0.823710777528087,1.59307803468244,0.19455779587096755
7.73,56.14781730835661,-31.032727213909705,0.3631351818572437,56.14781730835661,-30.958289056418785,1.151289588583504,0.555861,0.536660052025875,0.533088214710166,0.15878817931565226
7.227,56.13782038190075,-33.58755338003938,0.6850252091039621,56.13782038190075,-28.591036933536095,0.059207860898990994,1.193593,1.15236305745091,2.15918551635632,0.15878817931565226
7.76,56.14781730835661,-31.032727213909705,0.3631351818572437,56.077780553594806,-31.211487653784953,0.2437909000341687,0.327484,0.316171813596639,0.128957454457784,0.2551624350729522
7.204,56.2775260131273,-33.137940113306726,0.6287774271269919,56.1777914776996,-29.437833451278873,0.1758934926628708,0.853182,0.823710777528087,1.59307803468244,0.2551624350729522
7.78,56.14781730835661,-31.032727213909705,0.3631351818572437,56.1777914776996,-31.28807111633852,-0.32614783671853775,0.51708,0.499218653047325,0.479490038901838,0.15649106527949697
7.227,56.13782038190075,-33.58755338003938,0.6850252091039621,56.13782038190075,-28.591036933536095,0.059207860898990994,1.193593,1.15236305745091,2.15918551635632,0.15649106527949697
7.80,56.14781730835661,-31.032727213909705,0.3631351818572437,56.15781146519707,-31.480469159219147,-0.7963875450994751,0.810092,0.782109223107476,0.805905259205209,0.15847212621443194
7.247,56.15781146519707,-34.1114668264737,0.8295323992704606,56.05774503329822,-28.00815605770879,-0.19917430804949898,1.2927,1.24804663261831,2.68084625062854,0.15847212621443194
7.81,56.14781730835661,-31.032727213909705,0.3631351818572437,56.59484121226073,-31.44851096701928,0.6864708410485143,0.551552,0.532499896583814,0.499051159358967,0.20978274176044104
7.227,56.13782038190075,-33.58755338003938,0.6850252091039621,56.13782038190075,-28.591036933536095,0.059207860898990994,1.193593,1.15236305745091,2.15918551635632,0.20978274176044104
7.82,56.14781730835661,-31.032727213909705,0.3631351818572437,56.6047126892946,-31.228931551090746,0.7513542478102098,0.530007,0.511699119373508,0.504206356941667,0.16980390059358336
7.227,56.13782038190075,-33.58755338003938,0.6850252091039621,56.13782038190075,-28.591036933536095,0.059207860898990994,1.193593,1.15236305745091,2.15918551635632,0.16980390059358336
7.86,56.14781730835661,-31.032727213909705,0.3631351818572437,55.05173118091976,-30.46836909938583,0.5297183732212662,0.999688,0.965156062558162,1.0629433932313,0.1893186675852724
7.247,56.15781146519707,-34.1114668264737,0.8295323992704606,56.05774503329822,-28.00815605770879,-0.19917430804949898,1.2927,1.24804663261831,2.68084625062854,0.1893186675852724
7.91,44.57517149224873,36.95897623838063,23.023442749720434,44.56098859042097,38.573629232545095,24.55590075641114,0.81871,0.790429533991598,0.780254950052494,0.19670081575781853
7.351,44.518399976803536,38.519666028744126,21.880905505662586,44.518399976803536,35.472383338272905,24.026531908961612,1.409043,1.36037082955396,2.31925786195933,0.19670081575781853
7.111,44.57517149224873,36.95897623838063,23.023442749720434,45.455625795399975,37.534170935574984,23.294607914993804,0.913508,0.881952953716941,0.8621086350459,0.25802028624726203
7.351,44.518399976803536,38.519666028744126,21.880905505662586,44.518399976803536,35.472383338272905,24.026531908961612,1.409043,1.36037082955396,2.31925786195933,0.25802028624726203
7.111,44.57517149224873,36.95897623838063,23.023442749720434,45.455625795399975,37.534170935574984,23.294607914993804,0.913508,0.881952953716941,0.8621086350459,0.21139562979511142
7.361,44.60351738852064,38.78155571208269,21.746543197241397,44.489974232848624,35.28218457991533,24.28917730304483,1.620184,1.56421844621495,2.70544683885885,0.21139562979511142
7.112,44.57517149224873,36.95897623838063,23.023442749720434,45.67525911468617,37.772985385557675,23.457170351200073,1.029851,0.99427715065259,1.08944222284532,0.274673274451267
7.361,44.60351738852064,38.78155571208269,21.746543197241397,44.489974232848624,35.28218457991533,24.28917730304483,1.620184,1.56421844621495,2.70544683885885,0.274673274451267
7.113,44.57517149224873,36.95897623838063,23.023442749720434,45.90691825034913,37.77152031503201,23.52961375158339,1.219447,1.17732399010328,1.30608321910391,0.17949831810858638
7.361,44.60351738852064,38.78155571208269,21.746543197241397,44.489974232848624,35.28218457991533,24.28917730304483,1.620184,1.56421844621495,2.70544683885885,0.17949831810858638
7.116,44.57517149224873,36.95897623838063,23.023442749720434,43.69756372940281,36.53792507620707,22.597239207905815,0.827328,0.79874984487572,0.848819357595633,0.20613210767862736
7.351,44.518399976803536,38.519666028744126,21.880905505662586,44.518399976803536,35.472383338272905,24.026531908961612,1.409043,1.36037082955396,2.31925786195933,0.20613210767862736
7.117,44.57517149224873,36.95897623838063,23.023442749720434,43.43360642568766,36.173492413329456,22.566770196731134,1.03416,0.99843730609465,1.10901620179134,0.26051525237628226
7.361,44.60351738852064,38.78155571208269,21.746543197241397,44.489974232848624,35.28218457991533,24.28917730304483,1.620184,1.56421844621495,2.70544683885885,0.26051525237628226
7.156,62.625639713294134,0.12035648948244271,0.4761696236759594,62.67610547792866,-0.036251993354052825,0.15164899210986515,0.771311,0.744667824128927,0.398137442923225,0.1930475909027788
7.178,62.625639713294134,-0.23944473055187432,1.0386475053027588,62.768458263626584,0.772576138392489,0.014121422550505969,1.370262,1.32292943057541,1.81597356395443,0.1930475909027788
7.178,62.625639713294134,-0.23944473055187432,1.0386475053027588,62.768458263626584,0.772576138392489,0.014121422550505969,1.370262,1.32292943057541,1.81597356395443,0.24393296885779087
7.396,62.89404594163646,0.23953370011092767,-0.020383513320454405,63.28498750291695,0.10664799712151174,0.16478574827494263,0.90489,0.873632642832819,0.426384300014667,0.24393296885779087
7.179,62.625639713294134,-0.23944473055187432,1.0386475053027588,62.67610547792866,-0.3923301037287996,0.10245871566407772,1.404734,1.3562106741119,0.943203581642223,0.1614030015365207
7.302,62.692913020733926,0.3938135420241684,-1.3157928490763915,62.60038251922951,-0.7737059741246832,0.23562677328083925,1.878724,1.81382777273862,2.27029099052526,0.1614030015365207
7.186,56.30739276281291,-32.338751143652644,0.7444675550189128,55.76596934302245,-30.757573471538848,0.39312889730163114,0.706676,0.682265492498011,0.864152761195807,0.29205716304208007
7.247,56.15781146519707,-34.1114668264737,0.8295323992704606,56.05774503329822,-28.00815605770879,-0.19917430804949898,1.2927,1.24804663261831,2.68084625062854,0.29205716304208007
7.190,44.56098859042097,37.901998034951035,24.026156614974514,44.489974232848624,36.19445755701717,23.538381886476913,0.685131,0.661464715287706,0.667718774554268,0.17375337744161964
7.351,44.518399976803536,38.519666028744126,21.880905505662586,44.518399976803536,35.472383338272905,24.026531908961612,1.409043,1.36037082955396,2.31925786195933,0.17375337744161964
7.199,62.64246883189739,0.15331603614493483,1.1799271839062042,62.776843239021375,0.1651024912898147,-0.856432257385209,2.094174,2.02183554484167,1.99843040513978,0.5211118057613974
7.358,62.701314100441266,1.4379908404002495,-0.1751158566154487,62.57510908259357,-1.0865975402239436,0.3160591521840894,2.658653,2.56681590775166,3.75318573006797,0.5211118057613974
7.201,62.64246883189739,0.15331603614493483,1.1799271839062042,62.793607836939486,-0.6012861263096081,0.18266227867760332,1.844252,1.78054652920213,1.48523760259898,0.26040578643173296
7.243,62.692913020733926,-0.025525748824417605,1.8463105034097316,62.701314100441266,1.437843959815388,-0.17508085917068428,2.313933,2.23400347238678,2.9214174492907,0.26040578643173296
7.201,62.64246883189739,0.15331603614493483,1.1799271839062042,62.793607836939486,-0.6012861263096081,0.18266227867760332,1.844252,1.78054652920213,1.48523760259898,0.2016474793269987
7.349,62.7516829552152,1.1254295846548357,-0.015150175225198126,62.60038251922951,-0.7739016305569613,0.2356570313907902,2.219135,2.14248005266144,2.82294776955766,0.2016474793269987
7.202,62.64246883189739,0.15331603614493483,1.1799271839062042,63.26843012799614,0.12835782372727644,-0.13785898843652333,1.7236,1.66406217682442,1.39434212062045,0.3090880977352172
7.243,62.692913020733926,-0.025525748824417605,1.8463105034097316,62.701314100441266,1.437843959815388,-0.17508085917068428,2.313933,2.23400347238678,2.9214174492907,0.3090880977352172
7.202,62.64246883189739,0.15331603614493483,1.1799271839062042,63.26843012799614,0.12835782372727644,-0.13785898843652333,1.7236,1.66406217682442,1.39434212062045,0.21485393686070486
7.319,62.667699012913516,0.41939590876782784,-1.538020821793018,62.57510908259357,-1.0868373718551094,0.31602629685616446,2.275152,2.19656207340823,2.81435611036367,0.21485393686070486
7.202,62.64246883189739,0.15331603614493483,1.1799271839062042,63.26843012799614,0.12835782372727644,-0.13785898843652333,1.7236,1.66406217682442,1.39434212062045,0.2741730847040589
7.349,62.7516829552152,1.1254295846548357,-0.015150175225198126,62.60038251922951,-0.7739016305569613,0.2356570313907902,2.219135,2.14248005266144,2.82294776955766,0.2741730847040589
7.203,62.64246883189739,0.15331603614493483,1.1799271839062042,62.19404048836513,0.13933860462395087,0.1362646673024548,1.473678,1.42277316118488,1.08457075131742,0.2085884455483079
7.349,62.7516829552152,1.1254295846548357,-0.015150175225198126,62.60038251922951,-0.7739016305569613,0.2356570313907902,2.219135,2.14248005266144,2.82294776955766,0.2085884455483079
7.205,56.2775260131273,-33.137940113306726,0.6287774271269919,56.14781730835661,-30.95841423106027,1.1512153285489157,0.702367,0.67810533705595,0.988259731920381,0.17852178013881853
7.247,56.15781146519707,-34.1114668264737,0.8295323992704606,56.05774503329822,-28.00815605770879,-0.19917430804949898,1.2927,1.24804663261831,2.68084625062854,0.17852178013881853
7.209,44.56098859042097,38.573724315756394,24.555576237150024,44.34744313390436,36.02380869130917,23.779829262379405,0.969525,0.936034974463735,1.00400707881983,0.2084935689939812
7.361,44.60351738852064,38.78155571208269,21.746543197241397,44.489974232848624,35.28218457991533,24.28917730304483,1.620184,1.56421844621495,2.70544683885885,0.2084935689939812
7.222,62.692913020733926,0.018020805553853325,1.2857434604606643,62.692913020733926,0.393907302230434,-1.3157308521847488,2.400113,2.317206581228,2.60233151905256,0.5768495061880449
7.407,63.26843012799614,0.12805498690454664,-0.13779436981593562,62.19404048836513,0.13904050928265077,0.13632816855941865,1.917505,1.85126917171716,0.950497521513414,0.5768495061880449
7.222,62.692913020733926,0.018020805553853325,1.2857434604606643,62.692913020733926,0.393907302230434,-1.3157308521847488,2.400113,2.317206581228,2.60233151905256,0.20812420311310678
7.412,63.5160681944692,0.10321987948291866,0.08609954516600737,62.02347818323405,0.10674243497249547,0.20088653655014888,2.344096,2.26312456048121,1.2692217359549,0.20812420311310678
7.223,62.692913020733926,0.018020805553853325,1.2857434604606643,62.7516829552152,1.1257188279558128,-0.015118379532408355,1.930432,1.86374963804335,2.07554707630676,0.21212113669987417
7.358,62.701314100441266,1.4379908404002495,-0.1751158566154487,62.57510908259357,-1.0865975402239436,0.3160591521840894,2.658653,2.56681590775166,3.75318573006797,0.21212113669987417
7.223,62.692913020733926,0.018020805553853325,1.2857434604606643,62.7516829552152,1.1257188279558128,-0.015118379532408355,1.930432,1.86374963804335,2.07554707630676,0.15286736469891127
7.402,63.16063819673245,0.14105062760799703,0.13801795485133272,62.262057519931304,0.16800188416005168,-0.006586186807155947,1.503841,1.4518942492793,0.776144543590609,0.15286736469891127
7.224,62.692913020733926,0.018020805553853325,1.2857434604606643,62.60038251922951,-0.7736128550041577,0.23568879240907226,2.064011,1.99271445674724,1.5510466537249,0.1949883188340993
7.242,62.692913020733926,-0.025525748824417605,1.8463105034097316,62.667699012913516,0.4194908636205863,-1.5379534700818098,2.805159,2.70826119278174,3.35141565262993,0.1949883188340993
7.224,62.692913020733926,0.018020805553853325,1.2857434604606643,62.60038251922951,-0.7736128550041577,0.23568879240907226,2.064011,1.99271445674724,1.5510466537249,0.21945720368305166
7.243,62.692913020733926,-0.025525748824417605,1.8463105034097316,62.701314100441266,1.437843959815388,-0.17508085917068428,2.313933,2.23400347238678,2.9214174492907,0.21945720368305166
7.224,62.692913020733926,0.018020805553853325,1.2857434604606643,62.60038251922951,-0.7736128550041577,0.23568879240907226,2.064011,1.99271445674724,1.5510466537249,0.48697790279042397
7.358,62.701314100441266,1.4379908404002495,-0.1751158566154487,62.57510908259357,-1.0865975402239436,0.3160591521840894,2.658653,2.56681590775166,3.75318573006797,0.48697790279042397
7.225,62.692913020733926,0.018020805553853325,1.2857434604606643,63.5160681944692,0.1034883930461361,0.08617069990211057,1.814089,1.7514254411077,1.36270424474039,0.43857667033430714
7.243,62.692913020733926,-0.025525748824417605,1.8463105034097316,62.701314100441266,1.437843959815388,-0.17508085917068428,2.313933,2.23400347238678,2.9214174492907,0.43857667033430714
7.225,62.692913020733926,0.018020805553853325,1.2857434604606643,63.5160681944692,0.1034883930461361,0.08617069990211057,1.814089,1.7514254411077,1.36270424474039,0.2922961199605735
7.319,62.667699012913516,0.41939590876782784,-1.538020821793018,62.57510908259357,-1.0868373718551094,0.31602629685616446,2.275152,2.19656207340823,2.81435611036367,0.2922961199605735
7.225,62.692913020733926,0.018020805553853325,1.2857434604606643,63.5160681944692,0.1034883930461361,0.08617069990211057,1.814089,1.7514254411077,1.36270424474039,0.36692806059408867
7.349,62.7516829552152,1.1254295846548357,-0.015150175225198126,62.60038251922951,-0.7739016305569613,0.2356570313907902,2.219135,2.14248005266144,2.82294776955766,0.36692806059408867
7.226,62.692913020733926,0.018020805553853325,1.2857434604606643,62.02347818323405,0.10700566224686181,0.20095643499979943,1.710673,1.65158171049823,1.20327736956508,0.4400510213235469
7.243,62.692913020733926,-0.025525748824417605,1.8463105034097316,62.701314100441266,1.437843959815388,-0.17508085917068428,2.313933,2.23400347238678,2.9214174492907,0.4400510213235469
7.226,62.692913020733926,0.018020805553853325,1.2857434604606643,62.02347818323405,0.10700566224686181,0.20095643499979943,1.710673,1.65158171049823,1.20327736956508,0.38446944213829015
7.319,62.667699012913516,0.41939590876782784,-1.538020821793018,62.57510908259357,-1.0868373718551094,0.31602629685616446,2.275152,2.19656207340823,2.81435611036367,0.38446944213829015
7.226,62.692913020733926,0.018020805553853325,1.2857434604606643,62.02347818323405,0.10700566224686181,0.20095643499979943,1.710673,1.65158171049823,1.20327736956508,0.5114107554580778
7.349,62.7516829552152,1.1254295846548357,-0.015150175225198126,62.60038251922951,-0.7739016305569613,0.2356570313907902,2.219135,2.14248005266144,2.82294776955766,0.5114107554580778
7.227,56.13782038190075,-33.58755338003938,0.6850252091039621,56.13782038190075,-28.591036933536095,0.059207860898990994,1.193593,1.15236305745091,2.15918551635632,0.17022984609020295
7.276,56.247634559754175,-29.803452341445215,0.16759977532643244,55.76596934302245,-30.757345710704488,0.39316655316705695,0.590333,0.569941295562363,0.628145276876227,0.17022984609020295
7.227,56.13782038190075,-33.58755338003938,0.6850252091039621,56.13782038190075,-28.591036933536095,0.059207860898990994,1.193593,1.15236305745091,2.15918551635632,0.178454620646169
7.345,56.14781730835661,-30.958166168093715,1.1512897614142759,55.76596934302245,-30.757461898110517,0.39317518304251564,0.616187,0.594902228214729,0.627599070843235,0.178454620646169
7.227,56.13782038190075,-33.58755338003938,0.6850252091039621,56.13782038190075,-28.591036933536095,0.059207860898990994,1.193593,1.15236305745091,2.15918551635632,0.23426738109539325
7.375,56.31734286514889,-31.241227695646856,-0.11869534897781531,55.76596934302245,-30.75744767733629,0.3931655066422346,0.710985,0.686425647940072,0.653581871836495,0.23426738109539325
7.227,56.13782038190075,-33.58755338003938,0.6850252091039621,56.13782038190075,-28.591036933536095,0.059207860898990994,1.193593,1.15236305745091,2.15918551635632,0.16396209209063614
7.397,56.59484121226073,-31.448628443218997,0.6863265237375904,55.836615118549915,-30.870366480935218,0.6340300135999399,0.702367,0.67810533705595,0.74692033821472,0.16396209209063614
7.242,62.692913020733926,-0.025525748824417605,1.8463105034097316,62.667699012913516,0.4194908636205863,-1.5379534700818098,2.805159,2.70826119278174,3.35141565262993,0.32519240171902536
7.245,62.692913020733926,-0.025525748824417605,1.8463105034097316,63.78670046345174,0.03263015525073465,0.1003204882227271,2.490602,2.40456984551128,1.91155600918827,0.32519240171902536
7.242,62.692913020733926,-0.025525748824417605,1.8463105034097316,62.667699012913516,0.4194908636205863,-1.5379534700818098,2.805159,2.70826119278174,3.35141565262993,0.2900819567027395
7.301,62.692913020733926,0.3938135420241684,-1.3157928490763915,62.7516829552152,1.1256263336569816,-0.015180796630831495,2.1545,2.08007772103052,1.6549692195214,0.2900819567027395
7.242,62.692913020733926,-0.025525748824417605,1.8463105034097316,62.667699012913516,0.4194908636205863,-1.5379534700818098,2.805159,2.70826119278174,3.35141565262993,0.2761699252320699
7.389,62.57510908259357,-1.0867619654819083,0.31610849917835804,63.78670046345174,0.0326107976550416,0.10033564418876484,2.503529,2.41705031183747,1.92728294378988,0.2761699252320699
7.242,62.692913020733926,-0.025525748824417605,1.8463105034097316,62.667699012913516,0.4194908636205863,-1.5379534700818098,2.805159,2.70826119278174,3.35141565262993,0.6809765997613093
7.412,63.5160681944692,0.10321987948291866,0.08609954516600737,62.02347818323405,0.10674243497249547,0.20088653655014888,2.344096,2.26312456048121,1.2692217359549,0.6809765997613093
7.242,62.692913020733926,-0.025525748824417605,1.8463105034097316,62.667699012913516,0.4194908636205863,-1.5379534700818098,2.805159,2.70826119278174,3.35141565262993,0.47992871892832173
7.416,63.78670046345174,0.03242080829907179,0.10035764877245335,61.68871986942695,0.16649838872390132,-0.006524398489138328,2.999064,2.89546818767449,1.7919385620168,0.47992871892832173
7.243,62.692913020733926,-0.025525748824417605,1.8463105034097316,62.701314100441266,1.437843959815388,-0.17508085917068428,2.313933,2.23400347238678,2.9214174492907,0.3309068921480034
7.288,62.776843239021375,0.16499491098698194,-0.856471086060373,62.549819377247616,0.9091041149971724,-0.05242490137724598,1.878724,1.81382777273862,1.36018005319696,0.3309068921480034
7.243,62.692913020733926,-0.025525748824417605,1.8463105034097316,62.701314100441266,1.437843959815388,-0.17508085917068428,2.313933,2.23400347238678,2.9214174492907,0.18233161760412028
7.303,62.692913020733926,0.3938135420241684,-1.3157928490763915,63.5160681944692,0.10339453922475483,0.08610783573297365,1.956286,1.88871057069571,1.58347930297319,0.18233161760412028
7.243,62.692913020733926,-0.025525748824417605,1.8463105034097316,62.701314100441266,1.437843959815388,-0.17508085917068428,2.313933,2.23400347238678,2.9214174492907,0.8057223562459987
7.407,63.26843012799614,0.12805498690454664,-0.13779436981593562,62.19404048836513,0.13904050928265077,0.13632816855941865,1.917505,1.85126917171716,0.950497521513414,0.8057223562459987
7.243,62.692913020733926,-0.025525748824417605,1.8463105034097316,62.701314100441266,1.437843959815388,-0.17508085917068428,2.313933,2.23400347238678,2.9214174492907,0.6702324887931035
7.412,63.5160681944692,0.10321987948291866,0.08609954516600737,62.02347818323405,0.10674243497249547,0.20088653655014888,2.344096,2.26312456048121,1.2692217359549,0.6702324887931035
7.244,62.692913020733926,-0.025525748824417605,1.8463105034097316,62.57510908259357,-1.0867430578487824,0.31609363421860603,2.503529,2.41705031183747,2.1382138103764,0.5067994751254018
7.358,62.701314100441266,1.4379908404002495,-0.1751158566154487,62.57510908259357,-1.0865975402239436,0.3160591521840894,2.658653,2.56681590775166,3.75318573006797,0.5067994751254018
7.245,62.692913020733926,-0.025525748824417605,1.8463105034097316,63.78670046345174,0.03263015525073465,0.1003204882227271,2.490602,2.40456984551128,1.91155600918827,0.7924862079688696
7.358,62.701314100441266,1.4379908404002495,-0.1751158566154487,62.57510908259357,-1.0865975402239436,0.3160591521840894,2.658653,2.56681590775166,3.75318573006797,0.7924862079688696
7.246,62.692913020733926,-0.025525748824417605,1.8463105034097316,61.68871986942695,0.16670242935062918,-0.00656065911108783,2.227753,2.15080036354556,2.00149536177778,0.6445701573977023
7.358,62.701314100441266,1.4379908404002495,-0.1751158566154487,62.57510908259357,-1.0865975402239436,0.3160591521840894,2.658653,2.56681590775166,3.75318573006797,0.6445701573977023
7.247,56.15781146519707,-34.1114668264737,0.8295323992704606,56.05774503329822,-28.00815605770879,-0.19917430804949898,1.2927,1.24804663261831,2.68084625062854,0.16893889717421673
7.291,56.1777914776996,-29.43758171665617,0.17591898491415847,56.1777914776996,-31.287944195538596,-0.32619678248659856,0.624805,0.603222539098851,0.868510337250559,0.16893889717421673
7.247,56.15781146519707,-34.1114668264737,0.8295323992704606,56.05774503329822,-28.00815605770879,-0.19917430804949898,1.2927,1.24804663261831,2.68084625062854,0.16761897525108405
7.375,56.31734286514889,-31.241227695646856,-0.11869534897781531,55.76596934302245,-30.75744767733629,0.3931655066422346,0.710985,0.686425647940072,0.653581871836495,0.16761897525108405
7.247,56.15781146519707,-34.1114668264737,0.8295323992704606,56.05774503329822,-28.00815605770879,-0.19917430804949898,1.2927,1.24804663261831,2.68084625062854,0.18286387392599665
7.397,56.59484121226073,-31.448628443218997,0.6863265237375904,55.836615118549915,-30.870366480935218,0.6340300135999399,0.702367,0.67810533705595,0.74692033821472,0.18286387392599665
7.272,62.659290750877176,0.18280401052056527,-0.46365008627240467,62.768458263626584,0.7723688852379063,0.014129034614196456,1.516768,1.46437471560549,0.985494186790541,0.18971414557573907
7.319,62.667699012913516,0.41939590876782784,-1.538020821793018,62.57510908259357,-1.0868373718551094,0.31602629685616446,2.275152,2.19656207340823,2.81435611036367,0.18971414557573907
7.272,62.659290750877176,0.18280401052056527,-0.46365008627240467,62.768458263626584,0.7723688852379063,0.014129034614196456,1.516768,1.46437471560549,0.985494186790541,0.30535661104779793
7.349,62.7516829552152,1.1254295846548357,-0.015150175225198126,62.60038251922951,-0.7739016305569613,0.2356570313907902,2.219135,2.14248005266144,2.82294776955766,0.30535661104779793
7.278,44.44728545774344,35.97521859456376,22.0733607846343,44.404536302425136,37.80422077821671,22.449236322113798,0.754075,0.728027202360683,0.729324654113503,0.24402486050054426
7.351,44.518399976803536,38.519666028744126,21.880905505662586,44.518399976803536,35.472383338272905,24.026531908961612,1.409043,1.36037082955396,2.31925786195933,0.24402486050054426
7.280,44.44728545774344,35.97521859456376,22.0733607846343,45.06744545788468,37.23867021462868,23.19477644893174,0.870418,0.840351399296331,0.837074101389706,0.246390144098014
7.351,44.518399976803536,38.519666028744126,21.880905505662586,44.518399976803536,35.472383338272905,24.026531908961612,1.409043,1.36037082955396,2.31925786195933,0.246390144098014
7.288,62.776843239021375,0.16499491098698194,-0.856471086060373,62.549819377247616,0.9091041149971724,-0.05242490137724598,1.878724,1.81382777273862,1.36018005319696,0.32051852811652753
7.319,62.667699012913516,0.41939590876782784,-1.538020821793018,62.57510908259357,-1.0868373718551094,0.31602629685616446,2.275152,2.19656207340823,2.81435611036367,0.32051852811652753
7.288,62.776843239021375,0.16499491098698194,-0.856471086060373,62.549819377247616,0.9091041149971724,-0.05242490137724598,1.878724,1.81382777273862,1.36018005319696,0.3958278288175496
7.349,62.7516829552152,1.1254295846548357,-0.015150175225198126,62.60038251922951,-0.7739016305569613,0.2356570313907902,2.219135,2.14248005266144,2.82294776955766,0.3958278288175496
7.288,62.776843239021375,0.16499491098698194,-0.856471086060373,62.549819377247616,0.9091041149971724,-0.05242490137724598,1.878724,1.81382777273862,1.36018005319696,0.17807975073610777
7.358,62.701314100441266,1.4379908404002495,-0.1751158566154487,62.57510908259357,-1.0865975402239436,0.3160591521840894,2.658653,2.56681590775166,3.75318573006797,0.17807975073610777
7.293,44.57517149224873,35.399492389150744,21.68787369451971,44.518399976803536,38.07468663998459,22.14021362742622,0.969525,0.936034974463735,1.084991068374,0.20847877215632005
7.361,44.60351738852064,38.78155571208269,21.746543197241397,44.489974232848624,35.28218457991533,24.28917730304483,1.620184,1.56421844621495,2.70544683885885,0.20847877215632005
7.301,62.692913020733926,0.3938135420241684,-1.3157928490763915,62.7516829552152,1.1256263336569816,-0.015180796630831495,2.1545,2.08007772103052,1.6549692195214,0.6078719433308348
7.358,62.701314100441266,1.4379908404002495,-0.1751158566154487,62.57510908259357,-1.0865975402239436,0.3160591521840894,2.658653,2.56681590775166,3.75318573006797,0.6078719433308348
7.302,62.692913020733926,0.3938135420241684,-1.3157928490763915,62.60038251922951,-0.7737059741246832,0.23562677328083925,1.878724,1.81382777273862,2.27029099052526,0.18287188258647122
7.373,62.67610547792866,-0.39222554081780325,0.1025082818313372,63.16063819673245,0.1410704951634867,0.1379677122782974,1.33579,1.28964818703892,0.894182272125511,0.18287188258647122
7.302,62.692913020733926,0.3938135420241684,-1.3157928490763915,62.60038251922951,-0.7737059741246832,0.23562677328083925,1.878724,1.81382777273862,2.27029099052526,0.439198186485993
7.402,63.16063819673245,0.14105062760799703,0.13801795485133272,62.262057519931304,0.16800188416005168,-0.006586186807155947,1.503841,1.4518942492793,0.776144543590609,0.439198186485993
7.302,62.692913020733926,0.3938135420241684,-1.3157928490763915,62.60038251922951,-0.7737059741246832,0.23562677328083925,1.878724,1.81382777273862,2.27029099052526,0.20161906671801894
7.407,63.26843012799614,0.12805498690454664,-0.13779436981593562,62.19404048836513,0.13904050928265077,0.13632816855941865,1.917505,1.85126917171716,0.950497521513414,0.20161906671801894
7.303,62.692913020733926,0.3938135420241684,-1.3157928490763915,63.5160681944692,0.10339453922475483,0.08610783573297365,1.956286,1.88871057069571,1.58347930297319,0.30058692256757774
7.358,62.701314100441266,1.4379908404002495,-0.1751158566154487,62.57510908259357,-1.0865975402239436,0.3160591521840894,2.658653,2.56681590775166,3.75318573006797,0.30058692256757774
7.304,62.692913020733926,0.3938135420241684,-1.3157928490763915,62.02347818323405,0.10691365775700179,0.2008947266239014,1.874415,1.80966761729655,1.63434583618122,0.17515456155450626
7.358,62.701314100441266,1.4379908404002495,-0.1751158566154487,62.57510908259357,-1.0865975402239436,0.3160591521840894,2.658653,2.56681590775166,3.75318573006797,0.17515456155450626
7.318,62.667699012913516,0.41939590876782784,-1.538020821793018,62.701314100441266,1.4377505524442724,-0.17514868249939308,2.296697,2.21736285061854,1.97826614737287,0.6339293650777834
7.358,62.701314100441266,1.4379908404002495,-0.1751158566154487,62.57510908259357,-1.0865975402239436,0.3160591521840894,2.658653,2.56681590775166,3.75318573006797,0.6339293650777834
7.319,62.667699012913516,0.41939590876782784,-1.538020821793018,62.57510908259357,-1.0868373718551094,0.31602629685616446,2.275152,2.19656207340823,2.81435611036367,0.19107766029577222
7.402,63.16063819673245,0.14105062760799703,0.13801795485133272,62.262057519931304,0.16800188416005168,-0.006586186807155947,1.503841,1.4518942492793,0.776144543590609,0.19107766029577222
7.319,62.667699012913516,0.41939590876782784,-1.538020821793018,62.57510908259357,-1.0868373718551094,0.31602629685616446,2.275152,2.19656207340823,2.81435611036367,0.8557508003925662
7.407,63.26843012799614,0.12805498690454664,-0.13779436981593562,62.19404048836513,0.13904050928265077,0.13632816855941865,1.917505,1.85126917171716,0.950497521513414,0.8557508003925662
7.319,62.667699012913516,0.41939590876782784,-1.538020821793018,62.57510908259357,-1.0868373718551094,0.31602629685616446,2.275152,2.19656207340823,2.81435611036367,0.5252660818748828
7.412,63.5160681944692,0.10321987948291866,0.08609954516600737,62.02347818323405,0.10674243497249547,0.20088653655014888,2.344096,2.26312456048121,1.2692217359549,0.5252660818748828
7.336,44.404536302425136,37.80375851325402,22.44909429574582,45.06744545788468,37.23820482928553,23.194631593829317,0.801474,0.773788912223354,0.875139834534694,0.18249330308188577
7.351,44.518399976803536,38.519666028744126,21.880905505662586,44.518399976803536,35.472383338272905,24.026531908961612,1.409043,1.36037082955396,2.31925786195933,0.18249330308188577
7.337,44.404536302425136,37.80375851325402,22.44909429574582,44.11798295939927,36.44216726997457,22.84998839013924,0.741148,0.7155467360345,0.811020453959378,0.19509676204983864
7.351,44.518399976803536,38.519666028744126,21.880905505662586,44.518399976803536,35.472383338272905,24.026531908961612,1.409043,1.36037082955396,2.31925786195933,0.19509676204983864
7.342,62.549819377247616,0.9091953593812763,-0.05231501738753863,62.793607836939486,-0.6013004075661188,0.18273305728853106,2.003685,1.93447228055839,2.26140602605497,0.2043174295867796
7.358,62.701314100441266,1.4379908404002495,-0.1751158566154487,62.57510908259357,-1.0865975402239436,0.3160591521840894,2.658653,2.56681590775166,3.75318573006797,0.2043174295867796
7.342,62.549819377247616,0.9091953593812763,-0.05231501738753863,62.793607836939486,-0.6013004075661188,0.18273305728853106,2.003685,1.93447228055839,2.26140602605497,0.35343831490417443
7.402,63.16063819673245,0.14105062760799703,0.13801795485133272,62.262057519931304,0.16800188416005168,-0.006586186807155947,1.503841,1.4518942492793,0.776144543590609,0.35343831490417443
7.342,62.549819377247616,0.9091953593812763,-0.05231501738753863,62.793607836939486,-0.6013004075661188,0.18273305728853106,2.003685,1.93447228055839,2.26140602605497,0.19332819639253357
7.407,63.26843012799614,0.12805498690454664,-0.13779436981593562,62.19404048836513,0.13904050928265077,0.13632816855941865,1.917505,1.85126917171716,0.950497521513414,0.19332819639253357
7.349,62.7516829552152,1.1254295846548357,-0.015150175225198126,62.60038251922951,-0.7739016305569613,0.2356570313907902,2.219135,2.14248005266144,2.82294776955766,0.23226304703142708
7.380,62.793607836939486,-0.6013498919536509,0.18269033927200695,62.19404048836513,0.1392751557910965,0.13629258088392326,1.521077,1.46853487104755,1.20966055214836,0.23226304703142708
7.349,62.7516829552152,1.1254295846548357,-0.015150175225198126,62.60038251922951,-0.7739016305569613,0.2356570313907902,2.219135,2.14248005266144,2.82294776955766,0.29892443063247875
7.402,63.16063819673245,0.14105062760799703,0.13801795485133272,62.262057519931304,0.16800188416005168,-0.006586186807155947,1.503841,1.4518942492793,0.776144543590609,0.29892443063247875
7.349,62.7516829552152,1.1254295846548357,-0.015150175225198126,62.60038251922951,-0.7739016305569613,0.2356570313907902,2.219135,2.14248005266144,2.82294776955766,0.940318141519643
7.407,63.26843012799614,0.12805498690454664,-0.13779436981593562,62.19404048836513,0.13904050928265077,0.13632816855941865,1.917505,1.85126917171716,0.950497521513414,0.940318141519643
7.349,62.7516829552152,1.1254295846548357,-0.015150175225198126,62.60038251922951,-0.7739016305569613,0.2356570313907902,2.219135,2.14248005266144,2.82294776955766,0.5955533528475897
7.412,63.5160681944692,0.10321987948291866,0.08609954516600737,62.02347818323405,0.10674243497249547,0.20088653655014888,2.344096,2.26312456048121,1.2692217359549,0.5955533528475897
7.351,44.518399976803536,38.519666028744126,21.880905505662586,44.518399976803536,35.472383338272905,24.026531908961612,1.409043,1.36037082955396,2.31925786195933,0.15236377553309574
7.399,44.82933602774889,37.201488443910634,23.04919968725948,44.29024173172684,36.64183105787067,22.80670299528209,0.633423,0.611542849982973,0.549987795925747,0.15236377553309574
7.351,44.518399976803536,38.519666028744126,21.880905505662586,44.518399976803536,35.472383338272905,24.026531908961612,1.409043,1.36037082955396,2.31925786195933,0.18860139732102776
7.404,45.06744545788468,37.23821468296523,23.194550007141924,44.11798295939927,36.44217685030859,22.849908142926267,0.926435,0.894433420043124,0.943647459411894,0.18860139732102776
7.358,62.701314100441266,1.4379908404002495,-0.1751158566154487,62.57510908259357,-1.0865975402239436,0.3160591521840894,2.658653,2.56681590775166,3.75318573006797,0.8648017802132515
7.389,62.57510908259357,-1.0867619654819083,0.31610849917835804,63.78670046345174,0.0326107976550416,0.10033564418876484,2.503529,2.41705031183747,1.92728294378988,0.8648017802132515
7.358,62.701314100441266,1.4379908404002495,-0.1751158566154487,62.57510908259357,-1.0865975402239436,0.3160591521840894,2.658653,2.56681590775166,3.75318573006797,0.7121066705819848
7.390,62.57510908259357,-1.0867619654819083,0.31610849917835804,61.68871986942695,0.16668355016141723,-0.006545889045983522,2.232062,2.15496051898762,2.00606973128767,0.7121066705819848
7.358,62.701314100441266,1.4379908404002495,-0.1751158566154487,62.57510908259357,-1.0865975402239436,0.3160591521840894,2.658653,2.56681590775166,3.75318573006797,0.24436105476305442
7.407,63.26843012799614,0.12805498690454664,-0.13779436981593562,62.19404048836513,0.13904050928265077,0.13632816855941865,1.917505,1.85126917171716,0.950497521513414,0.24436105476305442
7.358,62.701314100441266,1.4379908404002495,-0.1751158566154487,62.57510908259357,-1.0865975402239436,0.3160591521840894,2.658653,2.56681590775166,3.75318573006797,0.9131769079337867
7.412,63.5160681944692,0.10321987948291866,0.08609954516600737,62.02347818323405,0.10674243497249547,0.20088653655014888,2.344096,2.26312456048121,1.2692217359549,0.9131769079337867
7.358,62.701314100441266,1.4379908404002495,-0.1751158566154487,62.57510908259357,-1.0865975402239436,0.3160591521840894,2.658653,2.56681590775166,3.75318573006797,0.8485166591885537
7.416,63.78670046345174,0.03242080829907179,0.10035764877245335,61.68871986942695,0.16649838872390132,-0.006524398489138328,2.999064,2.89546818767449,1.7919385620168,0.8485166591885537
7.361,44.60351738852064,38.78155571208269,21.746543197241397,44.489974232848624,35.28218457991533,24.28917730304483,1.620184,1.56421844621495,2.70544683885885,0.1557879262169598
7.382,44.34744313390436,36.02371776774294,23.780033708416347,45.455625795399975,37.53417018065136,23.294493932593664,1.167739,1.12740212479854,1.36831160428229,0.1557879262169598
7.361,44.60351738852064,38.78155571208269,21.746543197241397,44.489974232848624,35.28218457991533,24.28917730304483,1.620184,1.56421844621495,2.70544683885885,0.1643065007012597
7.383,44.34744313390436,36.02371776774294,23.780033708416347,43.69756372940281,36.53792439851406,22.597128484669902,0.909199,0.87779279827488,1.04414862934801,0.1643065007012597
7.361,44.60351738852064,38.78155571208269,21.746543197241397,44.489974232848624,35.28218457991533,24.28917730304483,1.620184,1.56421844621495,2.70544683885885,0.226125156933263
7.404,45.06744545788468,37.23821468296523,23.194550007141924,44.11798295939927,36.44217685030859,22.849908142926267,0.926435,0.894433420043124,0.943647459411894,0.226125156933263
