Pair,L1,a1,b1,L2,a2,b2,DV,DV normF3,DECIEDE2000,GradoDE00
1.118,63.309811,-2.734236,-8.752265,63.060875,-4.211016,-9.062131,2.39492,2.3121929615458,1.70453390560114,0.1331882044108543
1.657,62.969208,-3.033188,-8.750277,62.414665,-3.21093,-7.544514,0.89,0.859256983855727,1.04576035298569,0.1331882044108543
1.119,63.309811,-2.734236,-8.752265,62.709713,-3.14459,-7.358476,1.21478,1.1728182009531,1.29294650562989,0.1198375970946521
1.653,63.433693,-4.418558,-8.409455,62.977551,-2.837946,-8.948474,2.69,2.59708009727181,1.95255225203689,0.1198375970946521
1.121,63.309811,-2.734236,-8.752265,63.819378,-2.540444,-6.947419,1.26328,1.21964287928681,1.39579442039775,0.1288823723066269
1.653,63.433693,-4.418558,-8.409455,62.977551,-2.837946,-8.948474,2.69,2.59708009727181,1.95255225203689,0.1288823723066269
1.123,63.309811,-2.734236,-8.752265,62.60038,-1.832401,-9.797555,1.33025,1.28429955367874,1.50870944880551,0.1463538705252136
1.653,63.433693,-4.418558,-8.409455,62.977551,-2.837946,-8.948474,2.69,2.59708009727181,1.95255225203689,0.1463538705252136
1.185,62.168503,10.465078,29.888308,62.304508,8.696922,28.017298,1.48069,1.42954294766892,1.35032387423713,0.06702467789791676
1.981,61.7318,10.148634,27.097399,61.826405,10.219741,31.749168,3.33,3.21497275981974,2.18091520189485,0.06702467789791676
1.189,62.168503,10.465078,29.888308,62.389271,8.983809,27.163689,1.5526,1.49896898104989,1.39125713452667,0.10251555689838143
1.981,61.7318,10.148634,27.097399,61.826405,10.219741,31.749168,3.33,3.21497275981974,2.18091520189485,0.10251555689838143
1.199,61.671474,20.788679,63.073536,61.877911,22.367519,68.528969,1.49365,1.44205527408551,1.39578583705013,0.12938223736225865
1.883,61.089287,23.645374,69.444633,61.02795,19.554853,65.394859,3.09,2.98326301136427,2.04772311899882,0.12938223736225865
1.203,61.671474,20.788679,63.073536,61.826405,22.45425,68.473656,1.43175,1.38229346812971,1.38081810157587,0.1409712901017358
1.883,61.089287,23.645374,69.444633,61.02795,19.554853,65.394859,3.09,2.98326301136427,2.04772311899882,0.1409712901017358
1.264,22.159967,18.276463,-34.562843,21.726294,17.614317,-35.036835,1.7246,1.66502763410965,0.738438640584272,0.05288482624358728
1.683,21.944368,19.337234,-36.249416,22.124203,19.866697,-36.37027,0.46,0.444110351206331,0.321978827109166,0.05288482624358728
1.367,27.600302,-29.435375,-12.171539,27.407864,-27.469625,-11.203574,0.866388,0.836460606436849,0.947285560493119,0.10133726874719631
1.374,27.600302,-29.435375,-12.171539,27.324867,-27.470087,-13.743175,2.32777,2.24736250484252,1.57773596686567,0.10133726874719631
1.367,27.600302,-29.435375,-12.171539,27.407864,-27.469625,-11.203574,0.866388,0.836460606436849,0.947285560493119,0.2990707142800948
1.887,27.899317,-29.165134,-9.072701,28.353571,-29.090569,-11.229582,2.54,2.45226150448713,1.45624135883702,0.2990707142800948
1.368,27.600302,-29.435375,-12.171539,27.627655,-28.149454,-11.823294,0.636743,0.614748168169941,0.572683268108866,0.0787766512004455
1.375,27.600302,-29.435375,-12.171539,27.600302,-28.433243,-13.823541,2.07724,2.00548649117356,1.264609230782,0.0787766512004455
1.405,90.802719,-2.08146,1.455719,91.098381,-0.745106,1.522774,2.07852,2.00672227649866,1.84439998431562,0.28492997913424806
1.417,90.802719,-2.08146,1.455719,92.420166,-2.623296,2.606,0.572519,0.552742639483255,1.5688152159157,0.28492997913424806
1.405,90.802719,-2.08146,1.455719,91.098381,-0.745106,1.522774,2.07852,2.00672227649866,1.84439998431562,0.15583621539706188
1.419,90.802719,-2.08146,1.455719,89.528664,-2.067738,0.463302,0.557252,0.538003003109631,1.22450779535196,0.15583621539706188
1.405,90.802719,-2.08146,1.455719,91.098381,-0.745106,1.522774,2.07852,2.00672227649866,1.84439998431562,0.06720151579588729
1.420,90.802719,-2.08146,1.455719,89.924301,-1.816212,2.45599,0.661941,0.639075760843196,1.13987399896181,0.06720151579588729
1.416,90.802719,-2.08146,1.455719,89.233498,-3.246892,1.822214,1.86805,1.80352248167606,1.79374343848368,0.0740723854651271
1.419,90.802719,-2.08146,1.455719,89.528664,-2.067738,0.463302,0.557252,0.538003003109631,1.22450779535196,0.0740723854651271
1.417,90.802719,-2.08146,1.455719,92.420166,-2.623296,2.606,0.572519,0.552742639483255,1.5688152159157,0.06968672883742948
1.422,90.802719,-2.08146,1.455719,91.944473,-3.22845,2.685541,1.80698,1.74456200526699,1.8990854160922,0.06968672883742948
1.421,90.802719,-2.08146,1.455719,89.649994,-3.081164,3.11479,1.65649,1.59927033841255,2.01091924684139,0.06373989330039828
1.589,90.752518,-1.865089,2.553054,86.736259,-2.602544,2.320671,3.25,3.13773617700125,2.73615940533725,0.06373989330039828
1.423,41.720253,3.289109,-17.93857,41.232006,3.352422,-15.642124,1.73316,1.67329194847123,1.55433217866848,0.06983197829262015
1.424,41.720253,3.289109,-17.93857,41.657719,4.867814,-16.720016,3.17201,3.06244016332607,2.26753425900935,0.06983197829262015
1.424,41.720253,3.289109,-17.93857,41.657719,4.867814,-16.720016,3.17201,3.06244016332607,2.26753425900935,0.46837299668954185
1.428,41.720253,3.289109,-17.93857,42.077229,5.234933,-18.750866,1.58273,1.5280582090539,1.9802384544281,0.46837299668954185
1.424,41.720253,3.289109,-17.93857,41.657719,4.867814,-16.720016,3.17201,3.06244016332607,2.26753425900935,0.14476627855281946
1.429,41.720253,3.289109,-17.93857,42.138866,4.854753,-19.062969,1.51079,1.45860321195438,1.56602110368251,0.14476627855281946
1.424,41.720253,3.289109,-17.93857,41.657719,4.867814,-16.720016,3.17201,3.06244016332607,2.26753425900935,0.10376780183531505
1.432,41.720253,3.289109,-17.93857,43.799587,3.068473,-19.093336,1.63506,1.57858058879005,2.08486597015668,0.10376780183531505
1.424,41.720253,3.289109,-17.93857,41.657719,4.867814,-16.720016,3.17201,3.06244016332607,2.26753425900935,0.21094428145639987
1.690,42.0,3.116429,-15.347556,42.261749,4.568511,-18.164015,1.74,1.67989567630221,1.9027014131889,0.21094428145639987
1.424,41.720253,3.289109,-17.93857,41.657719,4.867814,-16.720016,3.17201,3.06244016332607,2.26753425900935,0.10325311329683215
1.695,41.120602,3.005794,-17.32873,41.891529,3.102635,-15.159831,1.66,1.60265909348372,1.58688649982495,0.10325311329683215
1.424,41.720253,3.289109,-17.93857,41.657719,4.867814,-16.720016,3.17201,3.06244016332607,2.26753425900935,0.14619659100469776
1.702,41.120602,3.005794,-17.32873,42.061802,3.19256,-20.06008,1.76,1.69920482200683,1.7937693846834,0.14619659100469776
1.424,41.720253,3.289109,-17.93857,41.657719,4.867814,-16.720016,3.17201,3.06244016332607,2.26753425900935,0.11433594387198463
1.707,41.891533,3.102898,-15.15988,42.733097,5.065872,-17.826361,1.81,1.74747768626839,2.33956317798179,0.11433594387198463
1.427,41.720253,3.289109,-17.93857,41.374615,5.641355,-18.021978,2.91694,2.81618097358216,2.6071811223352,0.07213354196754829
1.428,41.720253,3.289109,-17.93857,42.077229,5.234933,-18.750866,1.58273,1.5280582090539,1.9802384544281,0.07213354196754829
1.447,34.782253,27.245667,-21.393272,34.862831,29.547581,-20.107298,2.19588,2.12002834349339,1.56309074579224,0.08766189031612667
1.458,34.782253,27.245667,-21.393272,35.945759,27.899076,-22.789019,0.774227,0.747483097572661,1.18851878466542,0.08766189031612667
1.451,34.782253,27.245667,-21.393272,33.77375,31.376785,-21.588411,2.49278,2.40667261147852,2.09242224097463,0.05744428861850728
1.454,34.782253,27.245667,-21.393272,34.579689,30.277924,-23.256861,1.07113,1.03413026192965,1.37430201190586,0.05744428861850728
1.459,34.782253,27.245667,-21.393272,37.280209,27.717524,-21.981091,1.32577,1.27997430504091,2.10508025243269,0.10656166750250257
1.590,35.222294,29.766779,-21.382965,31.98834,28.285166,-20.377663,3.24,3.12808160414894,2.70329839122242,0.10656166750250257
1.471,60.781628,26.628914,-14.850884,60.293129,23.880619,-12.667847,1.84143,1.7778220087432,1.63308205099806,0.15679871260115147
1.484,60.781628,26.628914,-14.850884,60.957733,22.270672,-13.737035,3.24916,3.13692519288166,2.14095562227485,0.15679871260115147
1.472,60.781628,26.628914,-14.850884,60.595844,23.758535,-13.054231,1.80603,1.74364482084602,1.51672391974432,0.1286871403518639
1.484,60.781628,26.628914,-14.850884,60.957733,22.270672,-13.737035,3.24916,3.13692519288166,2.14095562227485,0.1286871403518639
1.474,60.781628,26.628914,-14.850884,60.657875,23.613691,-14.83318,1.88211,1.81709681110641,1.53180451273483,0.09062501010154961
1.484,60.781628,26.628914,-14.850884,60.957733,22.270672,-13.737035,3.24916,3.13692519288166,2.14095562227485,0.09062501010154961
1.477,60.781628,26.628914,-14.850884,60.444786,23.85589,-12.717434,1.84746,1.78364371617315,1.59576503239686,0.13886835822712335
1.484,60.781628,26.628914,-14.850884,60.957733,22.270672,-13.737035,3.24916,3.13692519288166,2.14095562227485,0.13886835822712335
1.478,60.781628,26.628914,-14.850884,60.7728,25.921865,-12.678298,1.12411,1.08528018890119,1.20678492940282,0.07798574546966998
1.489,60.781628,26.628914,-14.850884,60.940159,22.91696,-13.167384,2.63484,2.54382547341845,1.85361570473621,0.07798574546966998
1.484,60.781628,26.628914,-14.850884,60.957733,22.270672,-13.737035,3.24916,3.13692519288166,2.14095562227485,0.09069108731366633
1.486,60.781628,26.628914,-14.850884,60.62244,25.04315,-11.965741,1.78091,1.71939253384102,1.64486161254185,0.09069108731366633
1.531,54.958851,-28.746519,15.812528,55.154644,-25.030249,17.727829,3.09,2.98326301136427,2.37289166413859,0.07669301096803845
1.768,54.730789,-30.071882,15.222645,54.772366,-27.030115,16.798723,1.79,1.72816854056377,1.88977189199722,0.07669301096803845
1.562,61.063011,-42.05619,42.715523,57.279461,-40.36079,40.422882,3.37,3.25359105122899,3.46072501806422,0.14367844323297374
3.407,61.055126,-45.734715,42.335033,57.96484,-41.877796,40.662785,1.528,1.4752187318332,3.00679651380053,0.14367844323297374
1.608,64.314461,-0.04561,-0.044272,62.701313,-0.078866,-0.016986,1.4,1.35164019932362,1.35410172167071,0.4805077064456275
7.416,63.78670046345174,0.03242080829907179,0.10035764877245335,61.68871986942695,0.16649838872390132,-0.006524398489138328,2.999064,2.89546818767449,1.7919385620168,0.4805077064456275
1.611,39.898655,-0.274651,-1.401929,38.881161,-0.404753,-1.556684,1.484,1.43273861128303,0.918018136374492,0.14503849224749313
3.545,38.298019,0.294544,0.205786,37.570049,-0.568221,-0.267383,2.96774,2.86522620367191,1.49799698983487,0.14503849224749313
1.687,38.28743,-30.83779,0.088921,37.878304,-30.900673,-2.537326,2.33,2.24951547458859,1.82243771119988,0.05759864998285882
1.689,37.788536,-30.405518,-1.783149,37.806511,-33.785938,-1.779898,0.93,0.897875275264974,1.40683618179184,0.05759864998285882
1.694,41.453533,2.416973,-17.98275,42.200371,3.209737,-20.266949,1.28,1.23578532509588,1.40696358257927,0.10206890895083663
1.700,41.120602,3.005794,-17.32873,40.328278,1.880911,-19.082632,2.82,2.72258954435186,2.09016849947991,0.10206890895083663
1.722,67.186905,-2.94994,3.58331,67.22448,-2.59114,2.376471,1.37,1.32267648076668,1.10642133509529,0.09334323863422775
3.480,66.627518,-1.538718,3.45059,66.765228,-0.889762,2.203487,2.64444,2.55309386335667,1.37950885757285,0.09334323863422775
1.723,65.826447,-1.626604,5.562673,65.787575,-0.392725,1.412608,4.44,4.28663034642633,3.8801300450876,0.7496765994209834
3.486,66.627518,-1.538718,3.45059,65.99086,0.428235,0.125481,1.71328,1.65409865764083,4.17660785982174,0.7496765994209834
1.728,67.171867,-2.91989,4.982072,66.76371,-3.188375,3.504724,1.36,1.31302190791437,1.36422569345931,0.06418493315791804
3.480,66.627518,-1.538718,3.45059,66.765228,-0.889762,2.203487,2.64444,2.55309386335667,1.37950885757285,0.06418493315791804
1.731,40.361057,-22.629972,-20.694771,41.008755,-26.057306,-23.354427,2.0,1.93091457046231,1.86667094806585,0.7281429714172173
3.246,39.193775,-23.298607,-22.621935,41.047153,-26.06106,-24.810497,4.00997,3.87145475005837,2.15578470208678,0.7281429714172173
1.731,40.361057,-22.629972,-20.694771,41.008755,-26.057306,-23.354427,2.0,1.93091457046231,1.86667094806585,0.5543666029725087
3.247,39.193775,-23.298607,-22.621935,41.058342,-24.492168,-25.305843,4.48726,4.33225785772635,2.05201069237894,0.5543666029725087
1.755,52.297634,40.631897,55.162148,53.156815,44.695847,56.706951,1.55,1.49645879210829,1.8352507705738,0.08207432001732219
3.393,52.495605,42.108311,56.62326,51.986126,36.857933,53.991417,3.54472,3.42227574810458,2.16153160709561,0.08207432001732219
1.755,52.297634,40.631897,55.162148,53.156815,44.695847,56.706951,1.55,1.49645879210829,1.8352507705738,0.1553656195836439
3.398,52.495605,42.108311,56.62326,51.815723,37.976288,52.76247,3.55205,3.42935255000532,1.65559775540762,0.1553656195836439
1.755,52.297634,40.631897,55.162148,53.156815,44.695847,56.706951,1.55,1.49645879210829,1.8352507705738,0.233411453979424
3.399,52.495605,42.108311,56.62326,51.027096,40.209427,53.043381,3.10411,2.99688561365888,1.79449658255,0.233411453979424
1.756,51.916264,42.040627,55.536186,51.336044,41.654499,52.876324,0.9,0.868911556708039,1.13686932828116,0.28615603954988333
3.396,52.495605,42.108311,56.62326,51.854164,40.490696,54.537426,2.3629,2.28127901927269,0.901179621041073,0.28615603954988333
1.756,51.916264,42.040627,55.536186,51.336044,41.654499,52.876324,0.9,0.868911556708039,1.13686932828116,0.14076622994038165
3.398,52.495605,42.108311,56.62326,51.815723,37.976288,52.76247,3.55205,3.42935255000532,1.65559775540762,0.14076622994038165
1.756,51.916264,42.040627,55.536186,51.336044,41.654499,52.876324,0.9,0.868911556708039,1.13686932828116,0.3530176795572815
3.399,52.495605,42.108311,56.62326,51.027096,40.209427,53.043381,3.10411,2.99688561365888,1.79449658255,0.3530176795572815
1.757,50.990017,39.760155,56.681999,51.255623,41.681393,52.987293,1.34,1.29371276220975,2.32337874486074,0.15750396039019054
1.1071,51.496315,40.923615,50.700367,51.065292,40.159676,57.216358,3.03,2.9253355742504,3.01917519939491,0.15750396039019054
1.757,50.990017,39.760155,56.681999,51.255623,41.681393,52.987293,1.34,1.29371276220975,2.32337874486074,0.10115728094787214
3.389,52.495605,42.108311,56.62326,51.192299,37.241016,55.79314,3.93842,3.80237628130008,2.62067497032652,0.10115728094787214
1.757,50.990017,39.760155,56.681999,51.255623,41.681393,52.987293,1.34,1.29371276220975,2.32337874486074,0.3170861476742578
3.399,52.495605,42.108311,56.62326,51.027096,40.209427,53.043381,3.10411,2.99688561365888,1.79449658255,0.3170861476742578
1.762,55.195728,54.649334,39.360844,55.041424,51.199062,35.23859,1.62,1.56404080207447,1.5562285061162,0.1122735215780111
3.491,55.034206,51.75491,36.871132,55.56945,57.498413,39.943329,3.00338,2.89963510131754,1.75059508138797,0.1122735215780111
1.762,55.195728,54.649334,39.360844,55.041424,51.199062,35.23859,1.62,1.56404080207447,1.5562285061162,0.057192146927489945
3.513,55.034206,51.75491,36.871132,55.837624,57.456684,41.648609,3.09222,2.98540632653748,2.01611028208929,0.057192146927489945
1.806,46.803467,11.959779,-15.394556,46.974487,8.613555,-14.298701,3.1,2.99291758421658,2.82733868722919,0.07772847102435579
1.1139,46.843018,9.459996,-14.706019,47.43037,7.426414,-14.50227,1.43816,1.38848204932804,2.05881516920809,0.07772847102435579
1.806,46.803467,11.959779,-15.394556,46.974487,8.613555,-14.298701,3.1,2.99291758421658,2.82733868722919,0.3033223270925442
1.1274,46.882519,11.672404,-14.785732,47.981628,9.275043,-12.686072,1.56863,1.51444526133215,2.35018550579429,0.3033223270925442
1.809,47.5723,10.232026,-11.953878,47.494961,9.856531,-16.137222,3.29,3.1763544684105,3.0306762235999,0.1886721936250853
1.1274,46.882519,11.672404,-14.785732,47.981628,9.275043,-12.686072,1.56863,1.51444526133215,2.35018550579429,0.1886721936250853
1.810,46.163795,-4.743269,-22.915791,46.055897,-4.659326,-26.422087,2.16,2.08538773609929,1.44374577318845,0.13225430537840724
1.1148,47.235798,-4.873497,-25.659845,47.585175,-6.104958,-25.353298,0.683453,0.659844677963088,1.0299187853473,0.13225430537840724
1.813,46.431919,-4.950848,-25.982868,47.131535,-1.512309,-26.65633,2.95,2.84809899143191,2.82851425289576,0.30472556414741625
1.1153,47.235798,-4.873497,-25.659845,48.373238,-2.047321,-26.305017,1.4988,1.44702737910445,2.52454012384203,0.30472556414741625
1.815,71.852592,-15.774154,2.068496,71.832367,-15.586888,-1.094851,2.17,2.0950423089516,2.38381440571323,0.10531233561859647
1.1159,71.214287,-18.133331,-0.36693,70.829529,-15.738812,2.106069,3.50515,3.38407260332798,2.49316942478352,0.10531233561859647
1.817,70.573441,-18.557749,-0.514448,72.839188,-21.568192,-1.059623,2.02,1.95022371616693,2.50760568421309,0.15360846361346417
1.1164,71.214287,-18.133331,-0.36693,71.001717,-22.70315,1.055757,3.48454,3.36417452867937,2.87006251855077,0.15360846361346417
1.841,45.276009,37.583706,23.897694,44.857445,40.062405,21.715147,2.33,2.24951547458859,2.10032384477914,0.09343508538716518
1.1695,44.720165,37.766644,23.12565,46.401871,37.355133,23.587177,0.983115,0.949155538970026,1.65587995724515,0.09343508538716518
1.841,45.276009,37.583706,23.897694,44.857445,40.062405,21.715147,2.33,2.24951547458859,2.10032384477914,0.05924170925006418
1.1703,44.720165,37.766644,23.12565,43.092876,38.027527,22.565903,1.00598,0.971230719796837,1.5681054444156,0.05924170925006418
1.841,45.276009,37.583706,23.897694,44.857445,40.062405,21.715147,2.33,2.24951547458859,2.10032384477914,0.06335621386655198
7.232,44.58934775569448,39.08073030870446,25.054230400583457,44.518399976803536,38.51998356159486,21.88085916778334,1.081559,1.04419901595732,1.72219332581613,0.06335621386655198
1.841,45.276009,37.583706,23.897694,44.857445,40.062405,21.715147,2.33,2.24951547458859,2.10032384477914,0.05978299917843104
7.346,44.518399976803536,38.07475025490275,22.14004500426815,44.34744313390436,36.02372896502304,23.779882287815145,1.072941,1.0358787050732,1.66838563315293,0.05978299917843104
1.843,56.367054,-32.096081,-1.607512,56.127823,-28.616831,1.532325,3.09,2.98326301136427,2.6204576782416,0.05379188640705407
1.1579,56.257603,-31.848982,0.211115,56.247635,-27.658998,1.497164,1.82201,1.75907282826402,2.05678618945843,0.05379188640705407
1.843,56.367054,-32.096081,-1.607512,56.127823,-28.616831,1.532325,3.09,2.98326301136427,2.6204576782416,0.053311253995557695
1.1581,56.257603,-31.848982,0.211115,56.277527,-26.402369,1.004551,1.8556,1.79150253847493,2.49587038383087,0.053311253995557695
1.843,56.367054,-32.096081,-1.607512,56.127823,-28.616831,1.532325,3.09,2.98326301136427,2.6204576782416,0.06783741307730895
1.1584,56.257603,-31.848982,0.211115,58.424191,-32.970333,0.139654,1.36577,1.31859259645015,2.03432353130447,0.06783741307730895
1.843,56.367054,-32.096081,-1.607512,56.127823,-28.616831,1.532325,3.09,2.98326301136427,2.6204576782416,0.1508090922655947
1.1598,56.257603,-31.848982,0.211115,54.793133,-29.13352,0.893109,1.26062,1.2170747629081,1.86924800020505,0.1508090922655947
1.843,56.367054,-32.096081,-1.607512,56.127823,-28.616831,1.532325,3.09,2.98326301136427,2.6204576782416,0.17685647868382134
1.1600,56.257603,-31.848982,0.211115,54.4174,-30.098858,0.648465,1.11833,1.07969984579256,1.91186854379154,0.17685647868382134
1.843,56.367054,-32.096081,-1.607512,56.127823,-28.616831,1.532325,3.09,2.98326301136427,2.6204576782416,0.07023983652195244
1.1602,56.257603,-31.848982,0.211115,54.301788,-31.013969,0.312227,1.1569,1.11693753328392,1.87899093647592,0.07023983652195244
1.843,56.367054,-32.096081,-1.607512,56.127823,-28.616831,1.532325,3.09,2.98326301136427,2.6204576782416,0.09420133966074352
1.1604,56.257603,-31.848982,0.211115,58.442974,-32.636562,-0.066317,1.18715,1.14614261616216,2.03230581877004,0.09420133966074352
1.843,56.367054,-32.096081,-1.607512,56.127823,-28.616831,1.532325,3.09,2.98326301136427,2.6204576782416,0.0772520194419387
1.1620,56.257603,-31.848982,0.211115,54.111782,-31.506578,0.517001,1.42634,1.3770703442166,2.04211541916358,0.0772520194419387
1.843,56.367054,-32.096081,-1.607512,56.127823,-28.616831,1.532325,3.09,2.98326301136427,2.6204576782416,0.11074558049355329
1.1623,56.257603,-31.848982,0.211115,54.217468,-30.920561,0.013155,1.18715,1.14614261616216,1.96901148462619,0.11074558049355329
1.843,56.367054,-32.096081,-1.607512,56.127823,-28.616831,1.532325,3.09,2.98326301136427,2.6204576782416,0.4466424968089926
7.227,56.13782038190075,-33.58755338003938,0.6850252091039621,56.13782038190075,-28.591036933536095,0.059207860898990994,1.193593,1.15236305745091,2.15918551635632,0.4466424968089926
1.843,56.367054,-32.096081,-1.607512,56.127823,-28.616831,1.532325,3.09,2.98326301136427,2.6204576782416,0.3286535743932098
7.247,56.15781146519707,-34.1114668264737,0.8295323992704606,56.05774503329822,-28.00815605770879,-0.19917430804949898,1.2927,1.24804663261831,2.68084625062854,0.3286535743932098
1.847,36.649616,6.027445,-30.29653,36.761993,3.912012,-30.693001,2.05,1.97918743472387,1.85997110046606,0.10038405272022562
1.1665,35.868515,5.524495,-31.11552,34.313908,5.863198,-30.047523,0.726221,0.701135355137854,1.51612441497148,0.10038405272022562
1.914,61.576488,2.079371,-0.70127,62.125904,-0.40505,-2.342728,4.25,4.10319346223241,4.0059331019301,0.3342643743990299
7.358,62.701314100441266,1.4379908404002495,-0.1751158566154487,62.57510908259357,-1.0865975402239436,0.3160591521840894,2.658653,2.56681590775166,3.75318573006797,0.3342643743990299
1.918,61.585136,0.716985,1.89157,61.895065,0.939231,-1.915493,3.96,3.82321084951537,3.67257724631033,0.11117300610946682
7.243,62.692913020733926,-0.025525748824417605,1.8463105034097316,62.701314100441266,1.437843959815388,-0.17508085917068428,2.313933,2.23400347238678,2.9214174492907,0.11117300610946682
1.918,61.585136,0.716985,1.89157,61.895065,0.939231,-1.915493,3.96,3.82321084951537,3.67257724631033,0.0790288999479212
7.358,62.701314100441266,1.4379908404002495,-0.1751158566154487,62.57510908259357,-1.0865975402239436,0.3160591521840894,2.658653,2.56681590775166,3.75318573006797,0.0790288999479212
1.919,61.394508,-0.548111,1.277802,61.202938,1.501194,0.748724,3.42,3.30186391549055,3.05671974264952,0.0660282009116437
1.1396,61.316254,0.500816,0.336991,63.998638,0.519966,0.388502,1.64045,1.58378440355745,2.27582540874478,0.0660282009116437
1.919,61.394508,-0.548111,1.277802,61.202938,1.501194,0.748724,3.42,3.30186391549055,3.05671974264952,0.09162817871933453
1.1414,61.316254,0.500816,0.336991,57.837181,0.718357,0.516146,1.97175,1.90364040215453,3.09892687715575,0.09162817871933453
1.919,61.394508,-0.548111,1.277802,61.202938,1.501194,0.748724,3.42,3.30186391549055,3.05671974264952,0.10537259329494876
1.1415,61.316254,0.500816,0.336991,58.583538,0.781252,0.248396,1.93161,1.86488694672535,2.44068554601601,0.10537259329494876
1.919,61.394508,-0.548111,1.277802,61.202938,1.501194,0.748724,3.42,3.30186391549055,3.05671974264952,0.06655841543073925
1.1420,61.316254,0.500816,0.336991,64.112297,0.484171,0.376044,1.89089,1.82557352607074,2.3701537350482,0.06655841543073925
1.919,61.394508,-0.548111,1.277802,61.202938,1.501194,0.748724,3.42,3.30186391549055,3.05671974264952,0.08608723387565925
1.1421,61.316254,0.500816,0.336991,64.314461,0.45935,0.603762,1.99162,1.92282403841207,2.55199216473992,0.08608723387565925
1.919,61.394508,-0.548111,1.277802,61.202938,1.501194,0.748724,3.42,3.30186391549055,3.05671974264952,0.061255858488468116
1.1437,61.316254,0.500816,0.336991,58.27359,-0.17394,0.562631,2.09546,2.02307712291047,2.87459847943079,0.061255858488468116
1.919,61.394508,-0.548111,1.277802,61.202938,1.501194,0.748724,3.42,3.30186391549055,3.05671974264952,0.05139242786020673
1.1438,61.316254,0.500816,0.336991,58.648956,-0.011775,0.477719,2.07626,2.00454034303404,2.47083987175675,0.05139242786020673
1.919,61.394508,-0.548111,1.277802,61.202938,1.501194,0.748724,3.42,3.30186391549055,3.05671974264952,0.09159224108949687
1.1441,61.316254,0.500816,0.336991,57.779877,0.569369,0.137098,1.93161,1.86488694672535,3.13821560631952,0.09159224108949687
1.919,61.394508,-0.548111,1.277802,61.202938,1.501194,0.748724,3.42,3.30186391549055,3.05671974264952,0.08504130526163035
4.103,60.460007,-0.239831,0.050053,63.133312,-0.252147,-0.026832,1.76966,1.70853113938216,2.29512472278671,0.08504130526163035
1.922,47.326748,1.842097,-1.251538,46.85619,-0.025677,0.35269,4.17,4.02595687941391,3.0877299663663,0.11089523692642186
4.143,47.429981,-0.299898,0.120069,49.905563,-0.318253,-0.006174,1.81623,1.75349248515538,2.46487616611888,0.11089523692642186
1.928,87.080177,-6.021064,49.476093,87.23175,-3.900815,47.715088,1.63,1.57369537492678,1.44027447022034,0.07474205047490483
7.240,86.72640091225273,-7.38263127534966,51.29478361952613,88.85627457640994,-7.0765063655120475,46.83697535626528,3.248986,3.13675720331403,1.9517560181401,0.07474205047490483
1.944,36.668377,-4.029605,28.151796,37.408195,-2.121273,26.353003,2.61,2.51984351445331,1.82133316470995,0.29043838932745525
1.946,37.225166,-4.06832,24.962427,36.836647,-3.874564,28.441769,1.12,1.08131215945889,1.6786814034569,0.29043838932745525
1.956,62.380802,-13.336641,-11.483716,62.202549,-9.468149,-8.963191,5.05,4.87555929041733,3.26539778768089,0.14215213938804871
1.957,62.583534,-12.343284,-8.065589,62.202549,-9.46806,-8.963099,3.33,3.21497275981974,2.76494586875941,0.14215213938804871
1.1063,39.29266,-21.427395,-21.015078,38.11919,-17.874346,-25.041441,2.56,2.47157065019176,3.34574810281045,0.4568807933465906
3.265,39.193775,-23.298607,-22.621935,36.689003,-19.948847,-26.094618,5.02658,4.85294828079722,3.50878237861095,0.4568807933465906
1.1066,51.496315,40.923615,50.700367,51.547668,43.522007,56.055313,1.9,1.83436884193919,1.62764777893595,0.14921275098048364
3.398,52.495605,42.108311,56.62326,51.815723,37.976288,52.76247,3.55205,3.42935255000532,1.65559775540762,0.14921275098048364
1.1087,75.208054,-3.781472,78.674438,74.470337,-0.246026,89.167061,3.26,3.14739074985356,3.08469183347471,0.08163554363687253
1.1100,75.208054,-3.781472,78.674438,74.969765,1.557358,86.374077,4.68,4.5183400948818,3.47705653237506,0.08163554363687253
1.1101,71.282639,-7.052512,44.795494,71.398582,-2.6436,46.13401,4.26087,4.11368798292287,3.12142285281557,0.22100465444080794
1.1220,70.203941,-2.140631,43.501633,72.221817,-5.023428,45.402843,2.34875,2.26761779868667,2.54466547650979,0.22100465444080794
1.1103,71.282639,-7.052512,44.795494,71.758118,-10.273877,45.622677,2.89855,2.79842621410676,2.0885125482807,0.18133163833634544
1.1104,71.282639,-7.052512,44.795494,71.180069,-8.981453,43.858223,1.21739,1.17533804446756,1.40665424686993,0.18133163833634544
1.1104,71.282639,-7.052512,44.795494,71.180069,-8.981453,43.858223,1.21739,1.17533804446756,1.40665424686993,0.28584080179990395
1.1108,71.282639,-7.052512,44.795494,71.063538,-9.834064,45.700779,2.69565,2.60253493093336,1.78207368645383,0.28584080179990395
1.1104,71.282639,-7.052512,44.795494,71.180069,-8.981453,43.858223,1.21739,1.17533804446756,1.40665424686993,0.1843458755884546
1.1110,71.282639,-7.052512,44.795494,70.691292,-10.177248,44.336166,3.18841,3.07827366280387,2.15924066395049,0.1843458755884546
1.1116,65.592659,30.518431,37.095493,65.810898,27.048811,36.836468,1.5262,1.47348090871979,1.93982118211022,0.2972335159941374
1.1123,65.592659,30.518431,37.095493,65.810898,27.048811,36.836468,2.96128,2.85898934960931,1.93982118211022,0.2972335159941374
1.1120,65.592659,30.518431,37.095493,65.935089,28.613585,37.884537,1.23007,1.18758004284429,1.39880274222558,0.44998286742620075
1.1123,65.592659,30.518431,37.095493,65.810898,27.048811,36.836468,2.96128,2.85898934960931,1.93982118211022,0.44998286742620075
1.1122,65.592659,30.518431,37.095493,65.981567,26.952259,36.634029,1.27563,1.23156627675942,1.95703230787014,0.7223728667107635
1.1123,65.592659,30.518431,37.095493,65.810898,27.048811,36.836468,2.96128,2.85898934960931,1.93982118211022,0.7223728667107635
1.1123,65.592659,30.518431,37.095493,65.810898,27.048811,36.836468,2.96128,2.85898934960931,1.93982118211022,0.11606456179189635
1.1243,65.388947,31.454832,35.579201,65.561386,28.673454,34.269928,1.22246,1.18023291290368,1.26636867642238,0.11606456179189635
1.1123,65.592659,30.518431,37.095493,65.810898,27.048811,36.836468,2.96128,2.85898934960931,1.93982118211022,0.10171323188936075
1.1249,65.388947,31.454832,35.579201,65.451736,28.471462,33.782463,1.24378,1.20081646222481,1.31661753943648,0.10171323188936075
1.1129,46.843018,9.459996,-14.706019,46.578411,12.024842,-15.567065,2.52157,2.43446812672032,2.12342397612192,0.1138820032625443
1.1134,46.843018,9.459996,-14.706019,47.815975,10.316725,-13.992885,0.958773,0.92565437773293,1.4483382857403,0.1138820032625443
1.1129,46.843018,9.459996,-14.706019,46.578411,12.024842,-15.567065,2.52157,2.43446812672032,2.12342397612192,0.06139879384383698
6.55,46.59,12.64,-13.55,46.39998302196763,10.886661520883079,-11.275554353854877,1.02,0.984766430935777,1.75015853240063,0.06139879384383698
1.1129,46.843018,9.459996,-14.706019,46.578411,12.024842,-15.567065,2.52157,2.43446812672032,2.12342397612192,0.06812729924286899
6.211,46.59,12.64,-13.55,46.78001697803237,14.393338479117002,-15.824445646145113,1.02,0.984766430935777,1.60759649953411,0.06812729924286899
1.1143,47.235798,-4.873497,-25.659845,48.032433,-6.229394,-26.16704,0.899281,0.868217392919958,1.38607974860663,0.056094605167423456
1.1290,46.974487,-5.338224,-24.143667,48.133785,-7.201355,-25.257195,2.17973,2.1044362083369,1.97205968484871,0.056094605167423456
1.1153,47.235798,-4.873497,-25.659845,48.373238,-2.047321,-26.305017,1.4988,1.44702737910445,2.52454012384203,0.13496851256603973
1.1294,46.974487,-5.338224,-24.143667,48.772537,-2.672256,-26.252129,2.81071,2.71362044617206,2.76293323129306,0.13496851256603973
1.1153,47.235798,-4.873497,-25.659845,48.373238,-2.047321,-26.305017,1.4988,1.44702737910445,2.52454012384203,0.3292441874838687
1.1308,46.974487,-5.338224,-24.143667,49.093384,-2.556716,-25.326153,3.09751,2.99051359557635,3.08258261370663,0.3292441874838687
1.1153,47.235798,-4.873497,-25.659845,48.373238,-2.047321,-26.305017,1.4988,1.44702737910445,2.52454012384203,0.4625802564185041
1.1310,46.974487,-5.338224,-24.143667,49.019623,-2.420908,-26.008892,3.24092,3.12896982485135,3.07874963823327,0.4625802564185041
1.1153,47.235798,-4.873497,-25.659845,48.373238,-2.047321,-26.305017,1.4988,1.44702737910445,2.52454012384203,0.2511609092859506
1.1314,46.974487,-5.338224,-24.143667,49.130199,-2.920723,-24.231207,3.01147,2.90744565075506,2.96923527867304,0.2511609092859506
1.1153,47.235798,-4.873497,-25.659845,48.373238,-2.047321,-26.305017,1.4988,1.44702737910445,2.52454012384203,0.10444709719510126
1.1315,46.974487,-5.338224,-24.143667,49.0811,-3.066265,-25.438837,2.78203,2.68593113123163,2.77561367178251,0.10444709719510126
1.1158,71.214287,-18.133331,-0.36693,71.227966,-16.388208,2.159288,2.06186,1.99063775812671,2.22609538138891,0.3052294963765676
1.1159,71.214287,-18.133331,-0.36693,70.829529,-15.738812,2.106069,3.50515,3.38407260332798,2.49316942478352,0.3052294963765676
1.1158,71.214287,-18.133331,-0.36693,71.227966,-16.388208,2.159288,2.06186,1.99063775812671,2.22609538138891,0.12912385789003453
1.1163,71.214287,-18.133331,-0.36693,71.609238,-15.665607,1.761258,3.36082,3.24472815335057,2.3396910757737,0.12912385789003453
1.1159,71.214287,-18.133331,-0.36693,70.829529,-15.738812,2.106069,3.50515,3.38407260332798,2.49316942478352,0.3475330643159933
1.1165,71.214287,-18.133331,-0.36693,71.063538,-17.569584,2.338595,1.95876,1.89109911201938,2.0326510465304,0.3475330643159933
1.1159,71.214287,-18.133331,-0.36693,70.829529,-15.738812,2.106069,3.50515,3.38407260332798,2.49316942478352,0.05328246864606897
1.1335,71.825623,-18.089138,-0.94298,70.843338,-19.24361,1.885674,2.14807,2.07386983068649,2.30407557446072,0.05328246864606897
1.1159,71.214287,-18.133331,-0.36693,70.829529,-15.738812,2.106069,3.50515,3.38407260332798,2.49316942478352,0.05227643390965136
1.1343,71.825623,-18.089138,-0.94298,72.401939,-18.520184,1.481282,2.03858,1.96816191252653,1.84971016008278,0.05227643390965136
1.1159,71.214287,-18.133331,-0.36693,70.829529,-15.738812,2.106069,3.50515,3.38407260332798,2.49316942478352,0.08324633794652554
1.1344,71.825623,-18.089138,-0.94298,72.188377,-15.346027,-1.485301,1.73097,1.67117759701657,1.94147531912478,0.08324633794652554
1.1163,71.214287,-18.133331,-0.36693,71.609238,-15.665607,1.761258,3.36082,3.24472815335057,2.3396910757737,0.20708603412284265
1.1165,71.214287,-18.133331,-0.36693,71.063538,-17.569584,2.338595,1.95876,1.89109911201938,2.0326510465304,0.20708603412284265
1.1163,71.214287,-18.133331,-0.36693,71.609238,-15.665607,1.761258,3.36082,3.24472815335057,2.3396910757737,0.08744575066786352
1.1166,71.214287,-18.133331,-0.36693,71.724319,-19.315683,1.709486,1.54639,1.4929734913086,1.71461627395179,0.08744575066786352
1.1163,71.214287,-18.133331,-0.36693,71.609238,-15.665607,1.761258,3.36082,3.24472815335057,2.3396910757737,0.1764566915137273
1.1170,71.214287,-18.133331,-0.36693,71.084129,-16.117289,0.823676,1.6701,1.61241021206455,1.61836230645213,0.1764566915137273
1.1163,71.214287,-18.133331,-0.36693,71.609238,-15.665607,1.761258,3.36082,3.24472815335057,2.3396910757737,0.05774579538397033
1.1343,71.825623,-18.089138,-0.94298,72.401939,-18.520184,1.481282,2.03858,1.96816191252653,1.84971016008278,0.05774579538397033
1.1163,71.214287,-18.133331,-0.36693,71.609238,-15.665607,1.761258,3.36082,3.24472815335057,2.3396910757737,0.19850227341877696
1.1344,71.825623,-18.089138,-0.94298,72.188377,-15.346027,-1.485301,1.73097,1.67117759701657,1.94147531912478,0.19850227341877696
1.1177,52.707874,-0.509537,0.432108,52.839878,-1.470072,0.394608,1.83636,1.77292714030708,1.3587269789998,0.062179601682898065
1.1351,52.960438,-0.215942,0.16867,52.497826,-0.437549,0.02195,0.325926,0.314667631146249,0.576689692543399,0.062179601682898065
1.1177,52.707874,-0.509537,0.432108,52.839878,-1.470072,0.394608,1.83636,1.77292714030708,1.3587269789998,0.08130216221995146
1.1361,52.960438,-0.215942,0.16867,52.718895,-0.407324,0.636037,0.274074,0.264606739992443,0.584269575946883,0.08130216221995146
1.1179,52.707874,-0.509537,0.432108,53.814156,-0.30125,2.250995,1.63636,1.57983568326085,2.05584318833493,0.05512864027397056
1.1355,52.960438,-0.215942,0.16867,53.276279,-1.970127,-0.912755,3.18519,3.07516489034542,2.66802809863955,0.05512864027397056
1.1180,52.707874,-0.509537,0.432108,53.481651,-1.505632,1.566985,1.54545,1.49206596146049,1.89182733202922,0.0721846108955481
1.1355,52.960438,-0.215942,0.16867,53.276279,-1.970127,-0.912755,3.18519,3.07516489034542,2.66802809863955,0.0721846108955481
1.1183,52.707874,-0.509537,0.432108,53.189438,-0.061074,-0.485857,0.963636,0.930349396511009,1.2172352068029,0.054050868218117706
1.1348,52.960438,-0.215942,0.16867,52.531075,1.135774,0.042401,2.51111,2.4243694435168,2.0264014197007,0.054050868218117706
1.1188,52.707874,-0.509537,0.432108,53.254585,1.798958,-0.066632,2.36364,2.28199345766377,3.43171717958978,0.16119973438401616
1.1354,52.960438,-0.215942,0.16867,52.960438,2.151435,-1.579021,3.7037,3.57576414731063,3.72113995489737,0.16119973438401616
1.1188,52.707874,-0.509537,0.432108,53.254585,1.798958,-0.066632,2.36364,2.28199345766377,3.43171717958978,0.25451499544070466
1.1368,52.960438,-0.215942,0.16867,52.073818,1.686308,-2.588133,3.8963,3.76171122044615,3.79165722342004,0.25451499544070466
1.1189,52.707874,-0.509537,0.432108,52.663757,0.20281,1.189207,1.81818,1.75537512686158,1.28815221164309,0.10080557923127823
1.1351,52.960438,-0.215942,0.16867,52.497826,-0.437549,0.02195,0.325926,0.314667631146249,0.576689692543399,0.10080557923127823
1.1189,52.707874,-0.509537,0.432108,52.663757,0.20281,1.189207,1.81818,1.75537512686158,1.28815221164309,0.1319960475046541
1.1361,52.960438,-0.215942,0.16867,52.718895,-0.407324,0.636037,0.274074,0.264606739992443,0.584269575946883,0.1319960475046541
1.1205,70.203941,-2.140631,43.501633,71.077263,-2.763619,42.541149,0.596085,0.575494605867013,0.882588867761903,0.057272905663516296
1.1217,70.203941,-2.140631,43.501633,68.765747,-3.787609,43.533478,2.09075,2.01852981909704,1.61078322912064,0.057272905663516296
1.1208,70.203941,-2.140631,43.501633,68.700531,-1.879445,43.974289,0.836299,0.807410962181529,1.19758942892531,0.06767939601304927
1.1217,70.203941,-2.140631,43.501633,68.765747,-3.787609,43.533478,2.09075,2.01852981909704,1.61078322912064,0.06767939601304927
1.1212,70.203941,-2.140631,43.501633,75.220566,-2.796027,41.841209,1.77936,1.71789607504891,3.83775874450928,0.08615689247030127
1.1225,70.203941,-2.140631,43.501633,75.139206,-0.779157,44.417885,3.16726,3.05785424122123,3.84091749226543,0.08615689247030127
1.1229,70.203941,-2.140631,43.501633,69.526474,-0.881797,44.1367,1.76157,1.70072058994464,1.06769697057075,0.05561021387984853
1.1231,70.203941,-2.140631,43.501633,70.196938,-2.145281,44.834465,0.462633,0.446652400238345,0.447358646671638,0.05561021387984853
1.1232,65.388947,31.454832,35.579201,65.026024,30.09618,35.007328,0.220327,0.212716307283125,0.684079113665557,0.19555216896036387
1.1248,65.388947,31.454832,35.579201,65.200005,30.516371,37.189526,1.70576,1.64683841885589,1.22368645134607,0.19555216896036387
1.1232,65.388947,31.454832,35.579201,65.026024,30.09618,35.007328,0.220327,0.212716307283125,0.684079113665557,0.06716254017861974
1.1255,65.388947,31.454832,35.579201,64.322525,32.440899,34.505249,1.60625,1.55076576440254,1.32247416498743,0.06716254017861974
1.1239,65.388947,31.454832,35.579201,64.6838,30.405853,33.980846,0.312722,0.301919733152057,0.863804203663036,0.08363556250860121
1.1248,65.388947,31.454832,35.579201,65.200005,30.516371,37.189526,1.70576,1.64683841885589,1.22368645134607,0.08363556250860121
1.1239,65.388947,31.454832,35.579201,64.6838,30.405853,33.980846,0.312722,0.301919733152057,0.863804203663036,0.08225299589418794
1.1255,65.388947,31.454832,35.579201,64.322525,32.440899,34.505249,1.60625,1.55076576440254,1.32247416498743,0.08225299589418794
1.1290,46.974487,-5.338224,-24.143667,48.133785,-7.201355,-25.257195,2.17973,2.1044362083369,1.97205968484871,0.07426588449762407
1.1293,46.974487,-5.338224,-24.143667,49.0811,-5.199367,-24.532782,0.917782,0.886079318154019,2.08974074194146,0.07426588449762407
1.1290,46.974487,-5.338224,-24.143667,48.133785,-7.201355,-25.257195,2.17973,2.1044362083369,1.97205968484871,0.13846229510785218
1.1304,46.974487,-5.338224,-24.143667,49.093384,-5.260174,-24.724117,0.8413,0.81223921406497,2.10770063923317,0.13846229510785218
1.1290,46.974487,-5.338224,-24.143667,48.133785,-7.201355,-25.257195,2.17973,2.1044362083369,1.97205968484871,0.052033518566541204
1.1306,46.974487,-5.338224,-24.143667,48.809723,-5.845305,-23.965975,0.965583,0.932229141845354,1.85802803627099,0.052033518566541204
1.1290,46.974487,-5.338224,-24.143667,48.133785,-7.201355,-25.257195,2.17973,2.1044362083369,1.97205968484871,0.05125519060391485
1.1307,46.974487,-5.338224,-24.143667,48.871597,-5.8938,-24.960522,0.975143,0.941458913492164,1.96909291881226,0.05125519060391485
1.1291,46.974487,-5.338224,-24.143667,49.044228,-2.03844,-25.081593,3.34608,3.23049731296626,3.41001429926437,0.14735834790636015
1.1292,46.974487,-5.338224,-24.143667,50.132732,-5.439182,-23.602091,1.47228,1.42142345190012,3.14602643706531,0.14735834790636015
1.1291,46.974487,-5.338224,-24.143667,49.044228,-2.03844,-25.081593,3.34608,3.23049731296626,3.41001429926437,0.22623919765121062
1.1302,46.974487,-5.338224,-24.143667,50.08511,-5.116676,-23.47584,1.35755,1.31065653756555,3.11065299128791,0.22623919765121062
1.1291,46.974487,-5.338224,-24.143667,49.044228,-2.03844,-25.081593,3.34608,3.23049731296626,3.41001429926437,0.11300610003221069
1.1309,46.974487,-5.338224,-24.143667,50.08511,-4.324798,-22.836958,1.88337,1.8183132872858,3.28370784395415,0.11300610003221069
1.1292,46.974487,-5.338224,-24.143667,50.132732,-5.439182,-23.602091,1.47228,1.42142345190012,3.14602643706531,0.17308501403369736
1.1308,46.974487,-5.338224,-24.143667,49.093384,-2.556716,-25.326153,3.09751,2.99051359557635,3.08258261370663,0.17308501403369736
1.1292,46.974487,-5.338224,-24.143667,50.132732,-5.439182,-23.602091,1.47228,1.42142345190012,3.14602643706531,0.09998800820652977
1.1310,46.974487,-5.338224,-24.143667,49.019623,-2.420908,-26.008892,3.24092,3.12896982485135,3.07874963823327,0.09998800820652977
1.1292,46.974487,-5.338224,-24.143667,50.132732,-5.439182,-23.602091,1.47228,1.42142345190012,3.14602643706531,0.284756283068849
1.1314,46.974487,-5.338224,-24.143667,49.130199,-2.920723,-24.231207,3.01147,2.90744565075506,2.96923527867304,0.284756283068849
1.1292,46.974487,-5.338224,-24.143667,50.132732,-5.439182,-23.602091,1.47228,1.42142345190012,3.14602643706531,0.05269864109407616
1.1315,46.974487,-5.338224,-24.143667,49.0811,-3.066265,-25.438837,2.78203,2.68593113123163,2.77561367178251,0.05269864109407616
1.1293,46.974487,-5.338224,-24.143667,49.0811,-5.199367,-24.532782,0.917782,0.886079318154019,2.08974074194146,0.14584438984322998
1.1294,46.974487,-5.338224,-24.143667,48.772537,-2.672256,-26.252129,2.81071,2.71362044617206,2.76293323129306,0.14584438984322998
1.1293,46.974487,-5.338224,-24.143667,49.0811,-5.199367,-24.532782,0.917782,0.886079318154019,2.08974074194146,0.13552039694399914
1.1296,46.974487,-5.338224,-24.143667,49.374592,-6.211933,-26.086388,2.31358,2.23366266596509,2.63817711417305,0.13552039694399914
1.1293,46.974487,-5.338224,-24.143667,49.0811,-5.199367,-24.532782,0.917782,0.886079318154019,2.08974074194146,0.15470867356727563
1.1312,46.974487,-5.338224,-24.143667,47.879787,-7.771471,-24.548243,2.3327,2.25212220925871,2.15359668765549,0.15470867356727563
1.1293,46.974487,-5.338224,-24.143667,49.0811,-5.199367,-24.532782,0.917782,0.886079318154019,2.08974074194146,0.151594584813165
1.1313,46.974487,-5.338224,-24.143667,48.045116,-7.795154,-24.376974,2.32314,2.2428924376119,2.23505204829801,0.151594584813165
1.1293,46.974487,-5.338224,-24.143667,49.0811,-5.199367,-24.532782,0.917782,0.886079318154019,2.08974074194146,0.22210472142949103
1.1315,46.974487,-5.338224,-24.143667,49.0811,-3.066265,-25.438837,2.78203,2.68593113123163,2.77561367178251,0.22210472142949103
1.1294,46.974487,-5.338224,-24.143667,48.772537,-2.672256,-26.252129,2.81071,2.71362044617206,2.76293323129306,0.1780513762941414
1.1304,46.974487,-5.338224,-24.143667,49.093384,-5.260174,-24.724117,0.8413,0.81223921406497,2.10770063923317,0.1780513762941414
1.1295,46.974487,-5.338224,-24.143667,48.685612,-6.246889,-24.185173,1.08031,1.04299315980807,1.84544984348759,0.0781523808830913
1.1312,46.974487,-5.338224,-24.143667,47.879787,-7.771471,-24.548243,2.3327,2.25212220925871,2.15359668765549,0.0781523808830913
1.1295,46.974487,-5.338224,-24.143667,48.685612,-6.246889,-24.185173,1.08031,1.04299315980807,1.84544984348759,0.06676256204701907
1.1313,46.974487,-5.338224,-24.143667,48.045116,-7.795154,-24.376974,2.32314,2.2428924376119,2.23505204829801,0.06676256204701907
1.1296,46.974487,-5.338224,-24.143667,49.374592,-6.211933,-26.086388,2.31358,2.23366266596509,2.63817711417305,0.2202280873293128
1.1304,46.974487,-5.338224,-24.143667,49.093384,-5.260174,-24.724117,0.8413,0.81223921406497,2.10770063923317,0.2202280873293128
1.1296,46.974487,-5.338224,-24.143667,49.374592,-6.211933,-26.086388,2.31358,2.23366266596509,2.63817711417305,0.05789044880140716
1.1307,46.974487,-5.338224,-24.143667,48.871597,-5.8938,-24.960522,0.975143,0.941458913492164,1.96909291881226,0.05789044880140716
1.1297,46.974487,-5.338224,-24.143667,48.73531,-4.526822,-27.288454,2.11281,2.03982780680924,2.14217695626751,0.06656233661699124
1.1304,46.974487,-5.338224,-24.143667,49.093384,-5.260174,-24.724117,0.8413,0.81223921406497,2.10770063923317,0.06656233661699124
1.1301,46.974487,-5.338224,-24.143667,49.423252,-6.380499,-24.647871,1.64436,1.5875593415427,2.58646672801835,0.05175175897455122
1.1314,46.974487,-5.338224,-24.143667,49.130199,-2.920723,-24.231207,3.01147,2.90744565075506,2.96923527867304,0.05175175897455122
1.1302,46.974487,-5.338224,-24.143667,50.08511,-5.116676,-23.47584,1.35755,1.31065653756555,3.11065299128791,0.2836040720961544
1.1308,46.974487,-5.338224,-24.143667,49.093384,-2.556716,-25.326153,3.09751,2.99051359557635,3.08258261370663,0.2836040720961544
1.1302,46.974487,-5.338224,-24.143667,50.08511,-5.116676,-23.47584,1.35755,1.31065653756555,3.11065299128791,0.15452830675055834
1.1310,46.974487,-5.338224,-24.143667,49.019623,-2.420908,-26.008892,3.24092,3.12896982485135,3.07874963823327,0.15452830675055834
1.1302,46.974487,-5.338224,-24.143667,50.08511,-5.116676,-23.47584,1.35755,1.31065653756555,3.11065299128791,0.48227294747315264
1.1314,46.974487,-5.338224,-24.143667,49.130199,-2.920723,-24.231207,3.01147,2.90744565075506,2.96923527867304,0.48227294747315264
1.1302,46.974487,-5.338224,-24.143667,50.08511,-5.116676,-23.47584,1.35755,1.31065653756555,3.11065299128791,0.13136063409631374
1.1315,46.974487,-5.338224,-24.143667,49.0811,-3.066265,-25.438837,2.78203,2.68593113123163,2.77561367178251,0.13136063409631374
1.1304,46.974487,-5.338224,-24.143667,49.093384,-5.260174,-24.724117,0.8413,0.81223921406497,2.10770063923317,0.231182679940099
1.1312,46.974487,-5.338224,-24.143667,47.879787,-7.771471,-24.548243,2.3327,2.25212220925871,2.15359668765549,0.231182679940099
1.1304,46.974487,-5.338224,-24.143667,49.093384,-5.260174,-24.724117,0.8413,0.81223921406497,2.10770063923317,0.22647720823302528
1.1313,46.974487,-5.338224,-24.143667,48.045116,-7.795154,-24.376974,2.32314,2.2428924376119,2.23505204829801,0.22647720823302528
1.1304,46.974487,-5.338224,-24.143667,49.093384,-5.260174,-24.724117,0.8413,0.81223921406497,2.10770063923317,0.2623465216626657
1.1315,46.974487,-5.338224,-24.143667,49.0811,-3.066265,-25.438837,2.78203,2.68593113123163,2.77561367178251,0.2623465216626657
1.1306,46.974487,-5.338224,-24.143667,48.809723,-5.845305,-23.965975,0.965583,0.932229141845354,1.85802803627099,0.16202839870476501
1.1312,46.974487,-5.338224,-24.143667,47.879787,-7.771471,-24.548243,2.3327,2.25212220925871,2.15359668765549,0.16202839870476501
1.1306,46.974487,-5.338224,-24.143667,48.809723,-5.845305,-23.965975,0.965583,0.932229141845354,1.85802803627099,0.14611437122482823
1.1313,46.974487,-5.338224,-24.143667,48.045116,-7.795154,-24.376974,2.32314,2.2428924376119,2.23505204829801,0.14611437122482823
1.1307,46.974487,-5.338224,-24.143667,48.871597,-5.8938,-24.960522,0.975143,0.941458913492164,1.96909291881226,0.16037908287976185
1.1312,46.974487,-5.338224,-24.143667,47.879787,-7.771471,-24.548243,2.3327,2.25212220925871,2.15359668765549,0.16037908287976185
1.1307,46.974487,-5.338224,-24.143667,48.871597,-5.8938,-24.960522,0.975143,0.941458913492164,1.96909291881226,0.1494259469925258
1.1313,46.974487,-5.338224,-24.143667,48.045116,-7.795154,-24.376974,2.32314,2.2428924376119,2.23505204829801,0.1494259469925258
1.1307,46.974487,-5.338224,-24.143667,48.871597,-5.8938,-24.960522,0.975143,0.941458913492164,1.96909291881226,0.05699400812470092
1.1315,46.974487,-5.338224,-24.143667,49.0811,-3.066265,-25.438837,2.78203,2.68593113123163,2.77561367178251,0.05699400812470092
1.1308,46.974487,-5.338224,-24.143667,49.093384,-2.556716,-25.326153,3.09751,2.99051359557635,3.08258261370663,0.09310954607028253
1.1316,46.974487,-5.338224,-24.143667,49.689598,-6.203372,-24.980022,1.56788,1.51372116836822,2.81664153973454,0.09310954607028253
1.1308,46.974487,-5.338224,-24.143667,49.093384,-2.556716,-25.326153,3.09751,2.99051359557635,3.08258261370663,0.07798237042101103
1.1317,46.974487,-5.338224,-24.143667,49.520355,-6.036674,-24.016258,1.52008,1.46757231013417,2.58561947830162,0.07798237042101103
1.1310,46.974487,-5.338224,-24.143667,49.019623,-2.420908,-26.008892,3.24092,3.12896982485135,3.07874963823327,0.09102168319203169
1.1316,46.974487,-5.338224,-24.143667,49.689598,-6.203372,-24.980022,1.56788,1.51372116836822,2.81664153973454,0.09102168319203169
1.1314,46.974487,-5.338224,-24.143667,49.130199,-2.920723,-24.231207,3.01147,2.90744565075506,2.96923527867304,0.09759087617448292
1.1316,46.974487,-5.338224,-24.143667,49.689598,-6.203372,-24.980022,1.56788,1.51372116836822,2.81664153973454,0.09759087617448292
1.1314,46.974487,-5.338224,-24.143667,49.130199,-2.920723,-24.231207,3.01147,2.90744565075506,2.96923527867304,0.14849084757969672
1.1317,46.974487,-5.338224,-24.143667,49.520355,-6.036674,-24.016258,1.52008,1.46757231013417,2.58561947830162,0.14849084757969672
1.1361,52.960438,-0.215942,0.16867,52.718895,-0.407324,0.636037,0.274074,0.264606739992443,0.584269575946883,0.0660566517312571
1.1364,52.960438,-0.215942,0.16867,53.036942,-1.095443,0.529626,1.6963,1.63770519293761,1.308723125216,0.0660566517312571
1.1383,61.316254,0.500816,0.336991,61.403194,1.585109,0.534997,1.72176,1.66228573541959,1.53054745148644,0.06010700161592003
7.416,63.78670046345174,0.03242080829907179,0.10035764877245335,61.68871986942695,0.16649838872390132,-0.006524398489138328,2.999064,2.89546818767449,1.7919385620168,0.06010700161592003
1.1386,61.316254,0.500816,0.336991,61.229115,1.357063,0.07284,1.64045,1.58378440355745,1.24148275495099,0.06680640618389043
7.416,63.78670046345174,0.03242080829907179,0.10035764877245335,61.68871986942695,0.16649838872390132,-0.006524398489138328,2.999064,2.89546818767449,1.7919385620168,0.06680640618389043
1.1392,61.316254,0.500816,0.336991,61.272709,0.829348,-0.950363,1.67774,1.61978630572372,1.33465200700105,0.06959947029713767
7.416,63.78670046345174,0.03242080829907179,0.10035764877245335,61.68871986942695,0.16649838872390132,-0.006524398489138328,2.999064,2.89546818767449,1.7919385620168,0.06959947029713767
1.1394,61.316254,0.500816,0.336991,61.194206,0.547476,-0.971859,1.34424,1.29780630109913,1.28250266275383,0.2706424853280453
7.416,63.78670046345174,0.03242080829907179,0.10035764877245335,61.68871986942695,0.16649838872390132,-0.006524398489138328,2.999064,2.89546818767449,1.7919385620168,0.2706424853280453
1.1396,61.316254,0.500816,0.336991,63.998638,0.519966,0.388502,1.64045,1.58378440355745,2.27582540874478,0.1453608856354527
7.416,63.78670046345174,0.03242080829907179,0.10035764877245335,61.68871986942695,0.16649838872390132,-0.006524398489138328,2.999064,2.89546818767449,1.7919385620168,0.1453608856354527
1.1406,61.316254,0.500816,0.336991,61.237839,1.132998,0.562813,1.03705,1.00122747764897,0.923737115072207,0.08987268744678274
7.412,63.5160681944692,0.10321987948291866,0.08609954516600737,62.02347818323405,0.10674243497249547,0.20088653655014888,2.344096,2.26312456048121,1.2692217359549,0.08987268744678274
1.1407,61.316254,0.500816,0.336991,61.246559,1.448591,0.676258,1.55636,1.50259910044236,1.36845568693097,0.13481218089428185
7.416,63.78670046345174,0.03242080829907179,0.10035764877245335,61.68871986942695,0.16649838872390132,-0.006524398489138328,2.999064,2.89546818767449,1.7919385620168,0.13481218089428185
1.1408,61.316254,0.500816,0.336991,60.966518,1.198919,0.585929,1.2294,1.18693318646318,1.05922249243257,0.08448245537290808
7.416,63.78670046345174,0.03242080829907179,0.10035764877245335,61.68871986942695,0.16649838872390132,-0.006524398489138328,2.999064,2.89546818767449,1.7919385620168,0.08448245537290808
1.1412,61.316254,0.500816,0.336991,59.296902,0.966163,0.462086,1.64045,1.58378440355745,1.89274987960548,0.09558449826451099
7.416,63.78670046345174,0.03242080829907179,0.10035764877245335,61.68871986942695,0.16649838872390132,-0.006524398489138328,2.999064,2.89546818767449,1.7919385620168,0.09558449826451099
1.1417,61.316254,0.500816,0.336991,59.562099,0.4567,0.35468,1.52502,1.47234166912322,1.53489449957057,0.20783596862300394
7.416,63.78670046345174,0.03242080829907179,0.10035764877245335,61.68871986942695,0.16649838872390132,-0.006524398489138328,2.999064,2.89546818767449,1.7919385620168,0.20783596862300394
1.1419,61.316254,0.500816,0.336991,63.384186,0.691776,0.331423,1.69985,1.64113256630018,1.78262720473251,0.12937321659971274
7.416,63.78670046345174,0.03242080829907179,0.10035764877245335,61.68871986942695,0.16649838872390132,-0.006524398489138328,2.999064,2.89546818767449,1.7919385620168,0.12937321659971274
1.1422,61.316254,0.500816,0.336991,63.069199,0.162267,0.452274,1.75789,1.69716770713499,1.58159947737762,0.07861988924930172
7.416,63.78670046345174,0.03242080829907179,0.10035764877245335,61.68871986942695,0.16649838872390132,-0.006524398489138328,2.999064,2.89546818767449,1.7919385620168,0.07861988924930172
1.1425,61.316254,0.500816,0.336991,62.499191,0.306014,0.539054,1.17392,1.13336961627856,1.07265182493513,0.2142782252852301
7.416,63.78670046345174,0.03242080829907179,0.10035764877245335,61.68871986942695,0.16649838872390132,-0.006524398489138328,2.999064,2.89546818767449,1.7919385620168,0.2142782252852301
1.1427,61.316254,0.500816,0.336991,62.676105,-0.125571,1.077713,1.64045,1.58378440355745,1.66017804359733,0.18851410704813112
7.416,63.78670046345174,0.03242080829907179,0.10035764877245335,61.68871986942695,0.16649838872390132,-0.006524398489138328,2.999064,2.89546818767449,1.7919385620168,0.18851410704813112
1.1428,61.316254,0.500816,0.336991,61.972164,0.004307,0.847712,1.14551,1.10594097480514,1.05872214074346,0.17923156635876591
7.416,63.78670046345174,0.03242080829907179,0.10035764877245335,61.68871986942695,0.16649838872390132,-0.006524398489138328,2.999064,2.89546818767449,1.7919385620168,0.17923156635876591
1.1431,61.316254,0.500816,0.336991,61.185474,-0.335592,0.943573,1.69985,1.64113256630018,1.38530721288809,0.06874452860121405
7.416,63.78670046345174,0.03242080829907179,0.10035764877245335,61.68871986942695,0.16649838872390132,-0.006524398489138328,2.999064,2.89546818767449,1.7919385620168,0.06874452860121405
1.1433,61.316254,0.500816,0.336991,60.569229,0.068494,0.74324,1.27438,1.23035945515288,0.998546565810332,0.07224262452957599
7.416,63.78670046345174,0.03242080829907179,0.10035764877245335,61.68871986942695,0.16649838872390132,-0.006524398489138328,2.999064,2.89546818767449,1.7919385620168,0.07224262452957599
1.1439,61.316254,0.500816,0.336991,59.186619,0.456052,0.390336,1.55636,1.50259910044236,1.8684682169114,0.15316372092733938
7.416,63.78670046345174,0.03242080829907179,0.10035764877245335,61.68871986942695,0.16649838872390132,-0.006524398489138328,2.999064,2.89546818767449,1.7919385620168,0.15316372092733938
1.1449,44.801201,38.272358,23.265364,44.829334,42.897457,25.374044,2.33995,2.25912177457664,1.65638046066728,0.07092271059082689
1.1470,44.801201,38.272358,23.265364,46.069405,39.717682,24.155165,0.892955,0.862109910133585,1.33091223445022,0.07092271059082689
1.1449,44.801201,38.272358,23.265364,44.829334,42.897457,25.374044,2.33995,2.25912177457664,1.65638046066728,0.06053325561393043
1.1722,44.720165,37.766644,23.12565,45.431507,39.545952,24.802692,0.866273,0.836349578849048,1.08366777119223,0.06053325561393043
1.1451,44.801201,38.272358,23.265364,44.730747,42.309013,24.073851,2.20169,2.12563765032058,1.52502449991793,0.07503744495510983
1.1470,44.801201,38.272358,23.265364,46.069405,39.717682,24.155165,0.892955,0.862109910133585,1.33091223445022,0.07503744495510983
1.1451,44.801201,38.272358,23.265364,44.730747,42.309013,24.073851,2.20169,2.12563765032058,1.52502449991793,0.07234974111633063
1.1722,44.720165,37.766644,23.12565,45.431507,39.545952,24.802692,0.866273,0.836349578849048,1.08366777119223,0.07234974111633063
1.1460,44.801201,38.272358,23.265364,44.773037,38.029533,19.561604,2.72078,2.62679687251122,2.13445242652329,0.10358681440564052
1.1498,44.801201,38.272358,23.265364,43.077972,37.676849,22.305689,1.25748,1.21404322703247,1.67479553240149,0.10358681440564052
1.1460,44.801201,38.272358,23.265364,44.773037,38.029533,19.561604,2.72078,2.62679687251122,2.13445242652329,0.1021562087410121
1.1500,44.801201,38.272358,23.265364,43.167282,37.141159,22.786427,0.973011,0.939400558560051,1.58154131048347,0.1021562087410121
1.1460,44.801201,38.272358,23.265364,44.773037,38.029533,19.561604,2.72078,2.62679687251122,2.13445242652329,0.09746842680741304
1.1700,44.720165,37.766644,23.12565,43.367249,38.831387,21.785275,1.35877,1.31183439545354,1.67902841734789,0.09746842680741304
1.1460,44.801201,38.272358,23.265364,44.773037,38.029533,19.561604,2.72078,2.62679687251122,2.13445242652329,0.1242787579774874
1.1701,44.720165,37.766644,23.12565,44.62122,36.728287,19.940037,1.39874,1.35042372314422,1.69930536667417,0.1242787579774874
1.1460,44.801201,38.272358,23.265364,44.773037,38.029533,19.561604,2.72078,2.62679687251122,2.13445242652329,0.13433072482807196
1.1703,44.720165,37.766644,23.12565,43.092876,38.027527,22.565903,1.00598,0.971230719796837,1.5681054444156,0.13433072482807196
1.1460,44.801201,38.272358,23.265364,44.773037,38.029533,19.561604,2.72078,2.62679687251122,2.13445242652329,0.11635550926433427
1.1709,44.720165,37.766644,23.12565,46.36845,38.327873,22.667063,1.1276,1.08864963482665,1.63802743731882,0.11635550926433427
1.1460,44.801201,38.272358,23.265364,44.773037,38.029533,19.561604,2.72078,2.62679687251122,2.13445242652329,0.07867373247308855
1.1732,44.720165,37.766644,23.12565,44.720165,37.533592,19.276834,1.47957,1.42846163550946,2.23166992904526,0.07867373247308855
1.1460,44.801201,38.272358,23.265364,44.773037,38.029533,19.561604,2.72078,2.62679687251122,2.13445242652329,0.09077660087709837
7.103,44.57517149224873,36.95897623838063,23.023442749720434,44.60351738852064,38.781692490523824,21.74678819275404,1.029851,0.99427715065259,1.36167413851559,0.09077660087709837
1.1460,44.801201,38.272358,23.265364,44.773037,38.029533,19.561604,2.72078,2.62679687251122,2.13445242652329,0.0533244115221739
7.208,44.56098859042097,38.573724315756394,24.555576237150024,44.518399976803536,38.07483223795638,22.13999171779446,0.866109,0.83619124385427,1.30113690566034,0.0533244115221739
1.1460,44.801201,38.272358,23.265364,44.773037,38.029533,19.561604,2.72078,2.62679687251122,2.13445242652329,0.37521176494856606
7.232,44.58934775569448,39.08073030870446,25.054230400583457,44.518399976803536,38.51998356159486,21.88085916778334,1.081559,1.04419901595732,1.72219332581613,0.37521176494856606
1.1460,44.801201,38.272358,23.265364,44.773037,38.029533,19.561604,2.72078,2.62679687251122,2.13445242652329,0.1662081838929386
7.251,44.57517149224873,39.72815094261306,25.632041471795464,44.60351738852064,38.781360410799046,21.746531549356305,1.24961,1.2064450781977,2.05091307129697,0.1662081838929386
1.1460,44.801201,38.272358,23.265364,44.773037,38.029533,19.561604,2.72078,2.62679687251122,2.13445242652329,0.2733226530400844
7.346,44.518399976803536,38.07475025490275,22.14004500426815,44.34744313390436,36.02372896502304,23.779882287815145,1.072941,1.0358787050732,1.66838563315293,0.2733226530400844
1.1460,44.801201,38.272358,23.265364,44.773037,38.029533,19.561604,2.72078,2.62679687251122,2.13445242652329,0.05845675021312887
7.351,44.518399976803536,38.519666028744126,21.880905505662586,44.518399976803536,35.472383338272905,24.026531908961612,1.409043,1.36037082955396,2.31925786195933,0.05845675021312887
1.1460,44.801201,38.272358,23.265364,44.773037,38.029533,19.561604,2.72078,2.62679687251122,2.13445242652329,0.20288866475509798
7.352,44.518399976803536,38.519666028744126,21.880905505662586,45.67525911468617,37.772687778959316,23.457194431691097,1.197902,1.15652321289297,1.57811105565571,0.20288866475509798
1.1460,44.801201,38.272358,23.265364,44.773037,38.029533,19.561604,2.72078,2.62679687251122,2.13445242652329,0.07159449730863278
7.353,44.518399976803536,38.519666028744126,21.880905505662586,43.43360642568766,36.17320578683514,22.566793419178723,1.370262,1.32292943057541,1.65164770528742,0.07159449730863278
1.1501,86.942886,-5.772712,47.495819,86.957611,-6.088197,52.70649,1.69703,1.63840997675583,1.60589854720116,0.31123470830508904
7.240,86.72640091225273,-7.38263127534966,51.29478361952613,88.85627457640994,-7.0765063655120475,46.83697535626528,3.248986,3.13675720331403,1.9517560181401,0.31123470830508904
1.1502,86.942886,-5.772712,47.495819,87.060585,-5.84185,50.910049,1.29673,1.25193742547779,1.0779790699554,0.19141593964508147
7.220,86.79045710747162,-7.375172782476291,50.369302143230854,88.5001508082956,-6.999565974377453,46.934574304835365,2.731906,2.6375385502667,1.53692296325193,0.19141593964508147
1.1503,86.942886,-5.772712,47.495819,86.869186,-5.752945,52.251942,1.50579,1.45377592552822,1.49746021979105,0.4316376481005791
7.240,86.72640091225273,-7.38263127534966,51.29478361952613,88.85627457640994,-7.0765063655120475,46.83697535626528,3.248986,3.13675720331403,1.9517560181401,0.4316376481005791
1.1504,86.942886,-5.772712,47.495819,86.942886,-5.30717,51.441093,1.39169,1.34361724928335,1.33667087337365,0.11545144644830306
7.220,86.79045710747162,-7.375172782476291,50.369302143230854,88.5001508082956,-6.999565974377453,46.934574304835365,2.731906,2.6375385502667,1.53692296325193,0.11545144644830306
1.1504,86.942886,-5.772712,47.495819,86.942886,-5.30717,51.441093,1.39169,1.34361724928335,1.33667087337365,0.2710941486192866
7.240,86.72640091225273,-7.38263127534966,51.29478361952613,88.85627457640994,-7.0765063655120475,46.83697535626528,3.248986,3.13675720331403,1.9517560181401,0.2710941486192866
1.1505,86.942886,-5.772712,47.495819,87.021385,-5.284764,50.634026,1.25534,1.21197714844208,1.10394095529842,0.21797989821498567
7.220,86.79045710747162,-7.375172782476291,50.369302143230854,88.5001508082956,-6.999565974377453,46.934574304835365,2.731906,2.6375385502667,1.53692296325193,0.21797989821498567
1.1506,86.942886,-5.772712,47.495819,86.977242,-4.91089,50.231388,1.14205,1.10260049259824,1.12502864479034,0.3052050674283084
7.220,86.79045710747162,-7.375172782476291,50.369302143230854,88.5001508082956,-6.999565974377453,46.934574304835365,2.731906,2.6375385502667,1.53692296325193,0.3052050674283084
1.1507,86.942886,-5.772712,47.495819,87.036087,-4.321931,49.968403,1.29673,1.25193742547779,1.35009300790503,0.11664105548713526
7.220,86.79045710747162,-7.375172782476291,50.369302143230854,88.5001508082956,-6.999565974377453,46.934574304835365,2.731906,2.6375385502667,1.53692296325193,0.11664105548713526
1.1507,86.942886,-5.772712,47.495819,87.036087,-4.321931,49.968403,1.29673,1.25193742547779,1.35009300790503,0.1235889097277519
7.240,86.72640091225273,-7.38263127534966,51.29478361952613,88.85627457640994,-7.0765063655120475,46.83697535626528,3.248986,3.13675720331403,1.9517560181401,0.1235889097277519
1.1508,86.942886,-5.772712,47.495819,87.109543,-4.731218,49.047199,1.09689,1.0590004415972,0.931450926823861,0.13834489903034378
7.220,86.79045710747162,-7.375172782476291,50.369302143230854,88.5001508082956,-6.999565974377453,46.934574304835365,2.731906,2.6375385502667,1.53692296325193,0.13834489903034378
1.1509,86.942886,-5.772712,47.495819,86.903587,-3.660976,49.424835,1.2343,1.19166392716081,1.6340070085508,0.0580670961121317
7.220,86.79045710747162,-7.375172782476291,50.369302143230854,88.5001508082956,-6.999565974377453,46.934574304835365,2.731906,2.6375385502667,1.53692296325193,0.0580670961121317
1.1509,86.942886,-5.772712,47.495819,86.903587,-3.660976,49.424835,1.2343,1.19166392716081,1.6340070085508,0.06179329383375102
7.240,86.72640091225273,-7.38263127534966,51.29478361952613,88.85627457640994,-7.0765063655120475,46.83697535626528,3.248986,3.13675720331403,1.9517560181401,0.06179329383375102
1.1518,86.942886,-5.772712,47.495819,86.78553,-4.652411,44.627392,1.3171,1.27160379037795,1.11002258608894,0.054595712859465594
7.388,86.66226473133806,-8.655376198553666,45.93090575607588,85.15429599479369,-6.764933318208211,45.60107876864381,2.774996,2.67914010468731,1.5740700765611,0.054595712859465594
1.1519,86.942886,-5.772712,47.495819,86.731331,-5.263799,43.406311,1.29673,1.25193742547779,1.35356810830347,0.06051831026977422
7.388,86.66226473133806,-8.655376198553666,45.93090575607588,85.15429599479369,-6.764933318208211,45.60107876864381,2.774996,2.67914010468731,1.5740700765611,0.06051831026977422
1.1521,86.942886,-5.772712,47.495819,86.996864,-5.829517,44.7155,1.06219,1.02549907379968,0.931926444587337,0.06661009672050341
7.220,86.79045710747162,-7.375172782476291,50.369302143230854,88.5001508082956,-6.999565974377453,46.934574304835365,2.731906,2.6375385502667,1.53692296325193,0.06661009672050341
1.1521,86.942886,-5.772712,47.495819,86.996864,-5.829517,44.7155,1.06219,1.02549907379968,0.931926444587337,0.08931546387931955
7.388,86.66226473133806,-8.655376198553666,45.93090575607588,85.15429599479369,-6.764933318208211,45.60107876864381,2.774996,2.67914010468731,1.5740700765611,0.08931546387931955
1.1522,86.942886,-5.772712,47.495819,86.844597,-6.15077,42.81572,1.47312,1.42223443601972,1.65030152392117,0.06887604595414668
7.387,86.66226473133806,-8.655376198553666,45.93090575607588,88.85627457640994,-7.076514368708542,46.83698925470898,3.167115,3.05771424991487,1.81869642534546,0.06887604595414668
1.1523,86.942886,-5.772712,47.495819,91.157318,-7.911195,48.407284,1.51965,1.46715716350152,2.99891320571362,0.07230384051183976
7.415,88.85627457640994,-7.076385022080078,46.83691701412658,85.15429599479369,-6.764808738795591,45.60100900775963,3.0163,2.91210880944273,2.42294693343611,0.07230384051183976
1.1524,86.942886,-5.772712,47.495819,90.234093,-7.152112,48.311054,1.35722,1.31033793666143,2.27394355025084,0.07347185075964154
7.240,86.72640091225273,-7.38263127534966,51.29478361952613,88.85627457640994,-7.0765063655120475,46.83697535626528,3.248986,3.13675720331403,1.9517560181401,0.07347185075964154
1.1524,86.942886,-5.772712,47.495819,90.234093,-7.152112,48.311054,1.35722,1.31033793666143,2.27394355025084,0.22044654895760413
7.387,86.66226473133806,-8.655376198553666,45.93090575607588,88.85627457640994,-7.076514368708542,46.83698925470898,3.167115,3.05771424991487,1.81869642534546,0.22044654895760413
1.1524,86.942886,-5.772712,47.495819,90.234093,-7.152112,48.311054,1.35722,1.31033793666143,2.27394355025084,0.3566930666021352
7.415,88.85627457640994,-7.076385022080078,46.83691701412658,85.15429599479369,-6.764808738795591,45.60100900775963,3.0163,2.91210880944273,2.42294693343611,0.3566930666021352
1.1525,86.942886,-5.772712,47.495819,90.852867,-7.076853,48.666359,1.35722,1.31033793666143,2.62276527551165,0.2604404267149628
7.415,88.85627457640994,-7.076385022080078,46.83691701412658,85.15429599479369,-6.764808738795591,45.60100900775963,3.0163,2.91210880944273,2.42294693343611,0.2604404267149628
1.1526,86.942886,-5.772712,47.495819,90.016968,-6.537256,48.306755,1.37699,1.32942502719045,2.02255580163303,0.0774287248973169
7.240,86.72640091225273,-7.38263127534966,51.29478361952613,88.85627457640994,-7.0765063655120475,46.83697535626528,3.248986,3.13675720331403,1.9517560181401,0.0774287248973169
1.1526,86.942886,-5.772712,47.495819,90.016968,-6.537256,48.306755,1.37699,1.32942502719045,2.02255580163303,0.27580995212350695
7.387,86.66226473133806,-8.655376198553666,45.93090575607588,88.85627457640994,-7.076514368708542,46.83698925470898,3.167115,3.05771424991487,1.81869642534546,0.27580995212350695
1.1526,86.942886,-5.772712,47.495819,90.016968,-6.537256,48.306755,1.37699,1.32942502719045,2.02255580163303,0.3036257183369801
7.415,88.85627457640994,-7.076385022080078,46.83691701412658,85.15429599479369,-6.764808738795591,45.60100900775963,3.0163,2.91210880944273,2.42294693343611,0.3036257183369801
1.1527,86.942886,-5.772712,47.495819,90.802719,-6.232387,48.947273,1.59664,1.54148771989147,2.49569781169451,0.08308490000627838
7.415,88.85627457640994,-7.076385022080078,46.83691701412658,85.15429599479369,-6.764808738795591,45.60100900775963,3.0163,2.91210880944273,2.42294693343611,0.08308490000627838
1.1528,86.942886,-5.772712,47.495819,89.92894,-6.048702,48.919006,1.37699,1.32942502719045,1.95339961568288,0.05506639790313199
7.240,86.72640091225273,-7.38263127534966,51.29478361952613,88.85627457640994,-7.0765063655120475,46.83697535626528,3.248986,3.13675720331403,1.9517560181401,0.05506639790313199
1.1528,86.942886,-5.772712,47.495819,89.92894,-6.048702,48.919006,1.37699,1.32942502719045,1.95339961568288,0.2165369311710945
7.387,86.66226473133806,-8.655376198553666,45.93090575607588,88.85627457640994,-7.076514368708542,46.83698925470898,3.167115,3.05771424991487,1.81869642534546,0.2165369311710945
1.1528,86.942886,-5.772712,47.495819,89.92894,-6.048702,48.919006,1.37699,1.32942502719045,1.95339961568288,0.21068210278289512
7.415,88.85627457640994,-7.076385022080078,46.83691701412658,85.15429599479369,-6.764808738795591,45.60100900775963,3.0163,2.91210880944273,2.42294693343611,0.21068210278289512
1.1529,86.942886,-5.772712,47.495819,89.952118,-5.269704,48.970028,1.70983,1.65076783000678,2.01406958887689,0.06023355058374803
7.387,86.66226473133806,-8.655376198553666,45.93090575607588,88.85627457640994,-7.076514368708542,46.83698925470898,3.167115,3.05771424991487,1.81869642534546,0.06023355058374803
1.1530,86.942886,-5.772712,47.495819,89.495949,-5.256212,49.27224,1.34227,1.29590435024722,1.77814738245615,0.0831177987822914
7.240,86.72640091225273,-7.38263127534966,51.29478361952613,88.85627457640994,-7.0765063655120475,46.83697535626528,3.248986,3.13675720331403,1.9517560181401,0.0831177987822914
1.1530,86.942886,-5.772712,47.495819,89.495949,-5.256212,49.27224,1.34227,1.29590435024722,1.77814738245615,0.14481038212223324
7.387,86.66226473133806,-8.655376198553666,45.93090575607588,88.85627457640994,-7.076514368708542,46.83698925470898,3.167115,3.05771424991487,1.81869642534546,0.14481038212223324
1.1530,86.942886,-5.772712,47.495819,89.495949,-5.256212,49.27224,1.34227,1.29590435024722,1.77814738245615,0.07479387115168655
7.415,88.85627457640994,-7.076385022080078,46.83691701412658,85.15429599479369,-6.764808738795591,45.60100900775963,3.0163,2.91210880944273,2.42294693343611,0.07479387115168655
1.1532,86.942886,-5.772712,47.495819,88.695129,-4.68992,49.183746,0.971898,0.938326004601588,1.48710918987188,0.19821077518511201
7.220,86.79045710747162,-7.375172782476291,50.369302143230854,88.5001508082956,-6.999565974377453,46.934574304835365,2.731906,2.6375385502667,1.53692296325193,0.19821077518511201
1.1532,86.942886,-5.772712,47.495819,88.695129,-4.68992,49.183746,0.971898,0.938326004601588,1.48710918987188,0.08138053784134175
7.240,86.72640091225273,-7.38263127534966,51.29478361952613,88.85627457640994,-7.0765063655120475,46.83697535626528,3.248986,3.13675720331403,1.9517560181401,0.08138053784134175
1.1532,86.942886,-5.772712,47.495819,88.695129,-4.68992,49.183746,0.971898,0.938326004601588,1.48710918987188,0.11723936223354839
7.387,86.66226473133806,-8.655376198553666,45.93090575607588,88.85627457640994,-7.076514368708542,46.83698925470898,3.167115,3.05771424991487,1.81869642534546,0.11723936223354839
1.1532,86.942886,-5.772712,47.495819,88.695129,-4.68992,49.183746,0.971898,0.938326004601588,1.48710918987188,0.05106922162657564
7.411,88.5001508082956,-6.999608741285468,46.93455633577908,85.59476319960956,-6.778466906279701,45.48309821901271,2.365641,2.28392533769151,1.93126916819265,0.05106922162657564
1.1533,86.942886,-5.772712,47.495819,88.304436,-3.915141,49.613735,1.47312,1.42223443601972,1.74463713787433,0.055000630543063436
7.240,86.72640091225273,-7.38263127534966,51.29478361952613,88.85627457640994,-7.0765063655120475,46.83697535626528,3.248986,3.13675720331403,1.9517560181401,0.055000630543063436
1.1534,86.942886,-5.772712,47.495819,87.785362,-4.384179,48.987194,1.16969,1.12928573196203,1.24134765773103,0.1308421854785022
7.220,86.79045710747162,-7.375172782476291,50.369302143230854,88.5001508082956,-6.999565974377453,46.934574304835365,2.731906,2.6375385502667,1.53692296325193,0.1308421854785022
1.1535,86.942886,-5.772712,47.495819,87.143791,-4.211359,48.723194,1.09689,1.0590004415972,1.18793019333128,0.12926635487600394
7.220,86.79045710747162,-7.375172782476291,50.369302143230854,88.5001508082956,-6.999565974377453,46.934574304835365,2.731906,2.6375385502667,1.53692296325193,0.12926635487600394
1.1537,86.942886,-5.772712,47.495819,86.22599,-4.318323,48.25116,1.09689,1.0590004415972,1.14544953310616,0.09405964614333741
7.220,86.79045710747162,-7.375172782476291,50.369302143230854,88.5001508082956,-6.999565974377453,46.934574304835365,2.731906,2.6375385502667,1.53692296325193,0.09405964614333741
1.1538,86.942886,-5.772712,47.495819,84.945381,-3.791821,47.958111,1.15869,1.11866570182449,1.88822319082626,0.14532229141112388
7.357,86.79538120123281,-5.232970360815381,45.99042257193604,86.66226473133806,-8.655423257634798,45.93080109446623,3.111098,3.00363222916807,2.29111146791054,0.14532229141112388
1.1538,86.942886,-5.772712,47.495819,84.945381,-3.791821,47.958111,1.15869,1.11866570182449,1.88822319082626,0.08054137383579596
7.415,88.85627457640994,-7.076385022080078,46.83691701412658,85.15429599479369,-6.764808738795591,45.60100900775963,3.0163,2.91210880944273,2.42294693343611,0.08054137383579596
1.1539,86.942886,-5.772712,47.495819,84.63295,-4.435321,47.322914,1.02671,0.991244649319678,1.75197462986477,0.1409607779140996
7.348,86.84459621387502,-5.494853895071373,45.90485771923463,86.67707250086858,-8.362967596418914,46.01061550923815,2.572473,2.48361279891044,1.91048458074635,0.1409607779140996
1.1539,86.942886,-5.772712,47.495819,84.63295,-4.435321,47.322914,1.02671,0.991244649319678,1.75197462986477,0.1528866796406979
7.357,86.79538120123281,-5.232970360815381,45.99042257193604,86.66226473133806,-8.655423257634798,45.93080109446623,3.111098,3.00363222916807,2.29111146791054,0.1528866796406979
1.1539,86.942886,-5.772712,47.495819,84.63295,-4.435321,47.322914,1.02671,0.991244649319678,1.75197462986477,0.15499423723279593
7.388,86.66226473133806,-8.655376198553666,45.93090575607588,85.15429599479369,-6.764933318208211,45.60107876864381,2.774996,2.67914010468731,1.5740700765611,0.15499423723279593
1.1539,86.942886,-5.772712,47.495819,84.63295,-4.435321,47.322914,1.02671,0.991244649319678,1.75197462986477,0.06432353584872541
7.411,88.5001508082956,-6.999608741285468,46.93455633577908,85.59476319960956,-6.778466906279701,45.48309821901271,2.365641,2.28392533769151,1.93126916819265,0.06432353584872541
1.1539,86.942886,-5.772712,47.495819,84.63295,-4.435321,47.322914,1.02671,0.991244649319678,1.75197462986477,0.13270870336126767
7.415,88.85627457640994,-7.076385022080078,46.83691701412658,85.15429599479369,-6.764808738795591,45.60100900775963,3.0163,2.91210880944273,2.42294693343611,0.13270870336126767
1.1540,86.942886,-5.772712,47.495819,83.620949,-4.067536,47.059071,1.25534,1.21197714844208,2.45708314780465,0.08793400551366462
7.357,86.79538120123281,-5.232970360815381,45.99042257193604,86.66226473133806,-8.655423257634798,45.93080109446623,3.111098,3.00363222916807,2.29111146791054,0.08793400551366462
1.1540,86.942886,-5.772712,47.495819,83.620949,-4.067536,47.059071,1.25534,1.21197714844208,2.45708314780465,0.19059033697053504
7.415,88.85627457640994,-7.076385022080078,46.83691701412658,85.15429599479369,-6.764808738795591,45.60100900775963,3.0163,2.91210880944273,2.42294693343611,0.19059033697053504
1.1542,86.942886,-5.772712,47.495819,83.431854,-4.192916,46.389454,1.21836,1.17627453803423,2.54007403204786,0.0902770717502962
7.357,86.79538120123281,-5.232970360815381,45.99042257193604,86.66226473133806,-8.655423257634798,45.93080109446623,3.111098,3.00363222916807,2.29111146791054,0.0902770717502962
1.1542,86.942886,-5.772712,47.495819,83.431854,-4.192916,46.389454,1.21836,1.17627453803423,2.54007403204786,0.2638991571462791
7.415,88.85627457640994,-7.076385022080078,46.83691701412658,85.15429599479369,-6.764808738795591,45.60100900775963,3.0163,2.91210880944273,2.42294693343611,0.2638991571462791
1.1544,86.942886,-5.772712,47.495819,89.896469,-6.907967,49.961231,1.12526,1.08639046477921,2.11385918012187,0.11977874905456486
7.220,86.79045710747162,-7.375172782476291,50.369302143230854,88.5001508082956,-6.999565974377453,46.934574304835365,2.731906,2.6375385502667,1.53692296325193,0.11977874905456486
1.1544,86.942886,-5.772712,47.495819,89.896469,-6.907967,49.961231,1.12526,1.08639046477921,2.11385918012187,0.21967322494577493
7.240,86.72640091225273,-7.38263127534966,51.29478361952613,88.85627457640994,-7.0765063655120475,46.83697535626528,3.248986,3.13675720331403,1.9517560181401,0.21967322494577493
1.1544,86.942886,-5.772712,47.495819,89.896469,-6.907967,49.961231,1.12526,1.08639046477921,2.11385918012187,0.12821635595275557
7.387,86.66226473133806,-8.655376198553666,45.93090575607588,88.85627457640994,-7.076514368708542,46.83698925470898,3.167115,3.05771424991487,1.81869642534546,0.12821635595275557
1.1544,86.942886,-5.772712,47.495819,89.896469,-6.907967,49.961231,1.12526,1.08639046477921,2.11385918012187,0.19675952018112547
7.415,88.85627457640994,-7.076385022080078,46.83691701412658,85.15429599479369,-6.764808738795591,45.60100900775963,3.0163,2.91210880944273,2.42294693343611,0.19675952018112547
1.1546,86.942886,-5.772712,47.495819,89.794304,-7.220405,50.10902,1.00259,0.967957819599903,2.1365068150797,0.16510023582839467
7.220,86.79045710747162,-7.375172782476291,50.369302143230854,88.5001508082956,-6.999565974377453,46.934574304835365,2.731906,2.6375385502667,1.53692296325193,0.16510023582839467
1.1546,86.942886,-5.772712,47.495819,89.794304,-7.220405,50.10902,1.00259,0.967957819599903,2.1365068150797,0.2740376752407459
7.240,86.72640091225273,-7.38263127534966,51.29478361952613,88.85627457640994,-7.0765063655120475,46.83697535626528,3.248986,3.13675720331403,1.9517560181401,0.2740376752407459
1.1546,86.942886,-5.772712,47.495819,89.794304,-7.220405,50.10902,1.00259,0.967957819599903,2.1365068150797,0.05721642826748301
7.241,86.72640091225273,-7.38263127534966,51.29478361952613,85.15429599479369,-6.764925607551209,45.60106532887443,2.41304,2.32968704755418,2.06416479777528,0.05721642826748301
1.1546,86.942886,-5.772712,47.495819,89.794304,-7.220405,50.10902,1.00259,0.967957819599903,2.1365068150797,0.11066853082974477
7.387,86.66226473133806,-8.655376198553666,45.93090575607588,88.85627457640994,-7.076514368708542,46.83698925470898,3.167115,3.05771424991487,1.81869642534546,0.11066853082974477
1.1546,86.942886,-5.772712,47.495819,89.794304,-7.220405,50.10902,1.00259,0.967957819599903,2.1365068150797,0.1848330867499563
7.415,88.85627457640994,-7.076385022080078,46.83691701412658,85.15429599479369,-6.764808738795591,45.60100900775963,3.0163,2.91210880944273,2.42294693343611,0.1848330867499563
1.1547,86.942886,-5.772712,47.495819,89.435135,-7.567106,50.443893,1.12526,1.08639046477921,2.0792271183787,0.21420270456612744
7.220,86.79045710747162,-7.375172782476291,50.369302143230854,88.5001508082956,-6.999565974377453,46.934574304835365,2.731906,2.6375385502667,1.53692296325193,0.21420270456612744
1.1547,86.942886,-5.772712,47.495819,89.435135,-7.567106,50.443893,1.12526,1.08639046477921,2.0792271183787,0.43220002330492074
7.240,86.72640091225273,-7.38263127534966,51.29478361952613,88.85627457640994,-7.0765063655120475,46.83697535626528,3.248986,3.13675720331403,1.9517560181401,0.43220002330492074
1.1547,86.942886,-5.772712,47.495819,89.435135,-7.567106,50.443893,1.12526,1.08639046477921,2.0792271183787,0.07768776080009876
7.387,86.66226473133806,-8.655376198553666,45.93090575607588,88.85627457640994,-7.076514368708542,46.83698925470898,3.167115,3.05771424991487,1.81869642534546,0.07768776080009876
1.1547,86.942886,-5.772712,47.495819,89.435135,-7.567106,50.443893,1.12526,1.08639046477921,2.0792271183787,0.11384970168848176
7.415,88.85627457640994,-7.076385022080078,46.83691701412658,85.15429599479369,-6.764808738795591,45.60100900775963,3.0163,2.91210880944273,2.42294693343611,0.11384970168848176
1.1548,86.942886,-5.772712,47.495819,87.930069,-6.99113,49.122559,1.20766,1.16594414508226,1.07243488306557,0.27869464748555434
7.220,86.79045710747162,-7.375172782476291,50.369302143230854,88.5001508082956,-6.999565974377453,46.934574304835365,2.731906,2.6375385502667,1.53692296325193,0.27869464748555434
1.1548,86.942886,-5.772712,47.495819,87.930069,-6.99113,49.122559,1.20766,1.16594414508226,1.07243488306557,0.05235780000191633
7.387,86.66226473133806,-8.655376198553666,45.93090575607588,88.85627457640994,-7.076514368708542,46.83698925470898,3.167115,3.05771424991487,1.81869642534546,0.05235780000191633
1.1549,86.942886,-5.772712,47.495819,87.881874,-7.838681,49.903168,1.35722,1.31033793666143,1.53133486895578,0.1822965270875482
7.220,86.79045710747162,-7.375172782476291,50.369302143230854,88.5001508082956,-6.999565974377453,46.934574304835365,2.731906,2.6375385502667,1.53692296325193,0.1822965270875482
1.1549,86.942886,-5.772712,47.495819,87.881874,-7.838681,49.903168,1.35722,1.31033793666143,1.53133486895578,0.5435988157608614
7.240,86.72640091225273,-7.38263127534966,51.29478361952613,88.85627457640994,-7.0765063655120475,46.83697535626528,3.248986,3.13675720331403,1.9517560181401,0.5435988157608614
1.1549,86.942886,-5.772712,47.495819,87.881874,-7.838681,49.903168,1.35722,1.31033793666143,1.53133486895578,0.11134046449315053
7.387,86.66226473133806,-8.655376198553666,45.93090575607588,88.85627457640994,-7.076514368708542,46.83698925470898,3.167115,3.05771424991487,1.81869642534546,0.11134046449315053
1.1550,86.942886,-5.772712,47.495819,87.143791,-7.264488,49.269188,1.20766,1.16594414508226,1.03686867969777,0.2738396622696121
7.220,86.79045710747162,-7.375172782476291,50.369302143230854,88.5001508082956,-6.999565974377453,46.934574304835365,2.731906,2.6375385502667,1.53692296325193,0.2738396622696121
1.1551,86.942886,-5.772712,47.495819,86.672134,-7.051656,48.489632,1.09689,1.0590004415972,0.859300992506185,0.16129464679728067
7.220,86.79045710747162,-7.375172782476291,50.369302143230854,88.5001508082956,-6.999565974377453,46.934574304835365,2.731906,2.6375385502667,1.53692296325193,0.16129464679728067
1.1551,86.942886,-5.772712,47.495819,86.672134,-7.051656,48.489632,1.09689,1.0590004415972,0.859300992506185,0.05322178129029986
7.388,86.66226473133806,-8.655376198553666,45.93090575607588,85.15429599479369,-6.764933318208211,45.60107876864381,2.774996,2.67914010468731,1.5740700765611,0.05322178129029986
1.1552,86.942886,-5.772712,47.495819,85.760841,-7.10428,48.483116,1.47312,1.42223443601972,1.16207167561236,0.0598220927924623
7.220,86.79045710747162,-7.375172782476291,50.369302143230854,88.5001508082956,-6.999565974377453,46.934574304835365,2.731906,2.6375385502667,1.53692296325193,0.0598220927924623
1.1552,86.942886,-5.772712,47.495819,85.760841,-7.10428,48.483116,1.47312,1.42223443601972,1.16207167561236,0.08996878010260322
7.387,86.66226473133806,-8.655376198553666,45.93090575607588,88.85627457640994,-7.076514368708542,46.83698925470898,3.167115,3.05771424991487,1.81869642534546,0.08996878010260322
1.1553,86.942886,-5.772712,47.495819,85.342087,-6.53405,47.917694,1.09689,1.0590004415972,1.1536183451836,0.25556656691651697
7.220,86.79045710747162,-7.375172782476291,50.369302143230854,88.5001508082956,-6.999565974377453,46.934574304835365,2.731906,2.6375385502667,1.53692296325193,0.25556656691651697
1.1553,86.942886,-5.772712,47.495819,85.342087,-6.53405,47.917694,1.09689,1.0590004415972,1.1536183451836,0.10774936659414047
7.387,86.66226473133806,-8.655376198553666,45.93090575607588,88.85627457640994,-7.076514368708542,46.83698925470898,3.167115,3.05771424991487,1.81869642534546,0.10774936659414047
1.1553,86.942886,-5.772712,47.495819,85.342087,-6.53405,47.917694,1.09689,1.0590004415972,1.1536183451836,0.1709530753781072
7.388,86.66226473133806,-8.655376198553666,45.93090575607588,85.15429599479369,-6.764933318208211,45.60107876864381,2.774996,2.67914010468731,1.5740700765611,0.1709530753781072
1.1554,86.942886,-5.772712,47.495819,83.986595,-7.07474,47.7943,1.50579,1.45377592552822,2.11347106998291,0.13437702024120762
7.357,86.79538120123281,-5.232970360815381,45.99042257193604,86.66226473133806,-8.655423257634798,45.93080109446623,3.111098,3.00363222916807,2.29111146791054,0.13437702024120762
1.1554,86.942886,-5.772712,47.495819,83.986595,-7.07474,47.7943,1.50579,1.45377592552822,2.11347106998291,0.11886609881892471
7.387,86.66226473133806,-8.655376198553666,45.93090575607588,88.85627457640994,-7.076514368708542,46.83698925470898,3.167115,3.05771424991487,1.81869642534546,0.11886609881892471
1.1554,86.942886,-5.772712,47.495819,83.986595,-7.07474,47.7943,1.50579,1.45377592552822,2.11347106998291,0.21825470939663302
7.415,88.85627457640994,-7.076385022080078,46.83691701412658,85.15429599479369,-6.764808738795591,45.60100900775963,3.0163,2.91210880944273,2.42294693343611,0.21825470939663302
1.1555,86.942886,-5.772712,47.495819,84.220238,-6.195213,47.177876,1.62763,1.57140724116078,1.80854157162065,0.057922853083641375
7.357,86.79538120123281,-5.232970360815381,45.99042257193604,86.66226473133806,-8.655423257634798,45.93080109446623,3.111098,3.00363222916807,2.29111146791054,0.057922853083641375
1.1555,86.942886,-5.772712,47.495819,84.220238,-6.195213,47.177876,1.62763,1.57140724116078,1.80854157162065,0.07706174547232165
7.387,86.66226473133806,-8.655376198553666,45.93090575607588,88.85627457640994,-7.076514368708542,46.83698925470898,3.167115,3.05771424991487,1.81869642534546,0.07706174547232165
1.1555,86.942886,-5.772712,47.495819,84.220238,-6.195213,47.177876,1.62763,1.57140724116078,1.80854157162065,0.07259325813331878
7.415,88.85627457640994,-7.076385022080078,46.83691701412658,85.15429599479369,-6.764808738795591,45.60100900775963,3.0163,2.91210880944273,2.42294693343611,0.07259325813331878
1.1556,86.942886,-5.772712,47.495819,84.730469,-5.735581,46.802689,0.814336,0.786206623825997,1.45993737007331,0.0909588823998778
7.197,86.72147020278406,-6.952600082149929,49.03401581095122,87.91079767346552,-6.9130888310366405,46.25464083798387,2.227753,2.15080036354556,1.18312839848625,0.0909588823998778
1.1556,86.942886,-5.772712,47.495819,84.730469,-5.735581,46.802689,0.814336,0.786206623825997,1.45993737007331,0.13758356818597514
7.341,86.81999459677196,-5.846031623531589,46.06012709048579,86.71653901991426,-8.005183481740897,46.034417186811716,2.262225,2.18408160708205,1.44467514052046,0.13758356818597514
1.1556,86.942886,-5.772712,47.495819,84.730469,-5.735581,46.802689,0.814336,0.786206623825997,1.45993737007331,0.2090685144868623
7.348,86.84459621387502,-5.494853895071373,45.90485771923463,86.67707250086858,-8.362967596418914,46.01061550923815,2.572473,2.48361279891044,1.91048458074635,0.2090685144868623
1.1556,86.942886,-5.772712,47.495819,84.730469,-5.735581,46.802689,0.814336,0.786206623825997,1.45993737007331,0.16791414807876953
7.387,86.66226473133806,-8.655376198553666,45.93090575607588,88.85627457640994,-7.076514368708542,46.83698925470898,3.167115,3.05771424991487,1.81869642534546,0.16791414807876953
1.1556,86.942886,-5.772712,47.495819,84.730469,-5.735581,46.802689,0.814336,0.786206623825997,1.45993737007331,0.3381572828464128
7.388,86.66226473133806,-8.655376198553666,45.93090575607588,85.15429599479369,-6.764933318208211,45.60107876864381,2.774996,2.67914010468731,1.5740700765611,0.3381572828464128
1.1556,86.942886,-5.772712,47.495819,84.730469,-5.735581,46.802689,0.814336,0.786206623825997,1.45993737007331,0.2953081392918619
7.411,88.5001508082956,-6.999608741285468,46.93455633577908,85.59476319960956,-6.778466906279701,45.48309821901271,2.365641,2.28392533769151,1.93126916819265,0.2953081392918619
1.1557,86.942886,-5.772712,47.495819,84.02301,-5.473374,46.072578,1.26056,1.21701683547098,1.96832640882811,0.07700687388640146
7.357,86.79538120123281,-5.232970360815381,45.99042257193604,86.66226473133806,-8.655423257634798,45.93080109446623,3.111098,3.00363222916807,2.29111146791054,0.07700687388640146
1.1557,86.942886,-5.772712,47.495819,84.02301,-5.473374,46.072578,1.26056,1.21701683547098,1.96832640882811,0.06656685246979831
7.387,86.66226473133806,-8.655376198553666,45.93090575607588,88.85627457640994,-7.076514368708542,46.83698925470898,3.167115,3.05771424991487,1.81869642534546,0.06656685246979831
1.1557,86.942886,-5.772712,47.495819,84.02301,-5.473374,46.072578,1.26056,1.21701683547098,1.96832640882811,0.12691819711231378
7.388,86.66226473133806,-8.655376198553666,45.93090575607588,85.15429599479369,-6.764933318208211,45.60107876864381,2.774996,2.67914010468731,1.5740700765611,0.12691819711231378
1.1557,86.942886,-5.772712,47.495819,84.02301,-5.473374,46.072578,1.26056,1.21701683547098,1.96832640882811,0.45125968412156464
7.415,88.85627457640994,-7.076385022080078,46.83691701412658,85.15429599479369,-6.764808738795591,45.60100900775963,3.0163,2.91210880944273,2.42294693343611,0.45125968412156464
1.1558,86.942886,-5.772712,47.495819,82.838913,-4.949241,45.06913,1.4256,1.37635590582553,2.84389222839826,0.18320854546406734
7.415,88.85627457640994,-7.076385022080078,46.83691701412658,85.15429599479369,-6.764808738795591,45.60100900775963,3.0163,2.91210880944273,2.42294693343611,0.18320854546406734
1.1559,86.942886,-5.772712,47.495819,83.730927,-4.788652,45.390114,1.14205,1.10260049259824,2.27792317402814,0.05175807903744526
7.348,86.84459621387502,-5.494853895071373,45.90485771923463,86.67707250086858,-8.362967596418914,46.01061550923815,2.572473,2.48361279891044,1.91048458074635,0.05175807903744526
1.1559,86.942886,-5.772712,47.495819,83.730927,-4.788652,45.390114,1.14205,1.10260049259824,2.27792317402814,0.15224221127527338
7.357,86.79538120123281,-5.232970360815381,45.99042257193604,86.66226473133806,-8.655423257634798,45.93080109446623,3.111098,3.00363222916807,2.29111146791054,0.15224221127527338
1.1559,86.942886,-5.772712,47.495819,83.730927,-4.788652,45.390114,1.14205,1.10260049259824,2.27792317402814,0.5158332456042717
7.415,88.85627457640994,-7.076385022080078,46.83691701412658,85.15429599479369,-6.764808738795591,45.60100900775963,3.0163,2.91210880944273,2.42294693343611,0.5158332456042717
1.1561,86.942886,-5.772712,47.495819,83.247322,-4.40695,44.697357,1.0854,1.04790733738989,2.70392923945164,0.050149284378541686
7.357,86.79538120123281,-5.232970360815381,45.99042257193604,86.66226473133806,-8.655423257634798,45.93080109446623,3.111098,3.00363222916807,2.29111146791054,0.050149284378541686
1.1561,86.942886,-5.772712,47.495819,83.247322,-4.40695,44.697357,1.0854,1.04790733738989,2.70392923945164,0.29901722048244495
7.415,88.85627457640994,-7.076385022080078,46.83691701412658,85.15429599479369,-6.764808738795591,45.60100900775963,3.0163,2.91210880944273,2.42294693343611,0.29901722048244495
1.1591,56.257603,-31.848982,0.211115,57.856262,-28.571987,1.441358,2.26586,2.18759104431386,2.22095375558261,0.08992882150337136
7.204,56.2775260131273,-33.137940113306726,0.6287774271269919,56.1777914776996,-29.437833451278873,0.1758934926628708,0.853182,0.823710777528087,1.59307803468244,0.08992882150337136
1.1613,56.257603,-31.848982,0.211115,56.486076,-34.850014,2.561,2.05976,1.98861029782772,1.93870005229613,0.05234033380444086
7.65,56.14781730835661,-31.032727213909705,0.3631351818572437,56.15781146519707,-34.1114613019734,0.8296250445898545,0.745457,0.719706891476561,1.29815948355518,0.05234033380444086
1.1717,44.720165,37.766644,23.12565,45.296791,37.795795,22.248983,0.399078,0.385292762475479,0.755316045594551,0.05006451874101865
5.31,45.229973,36.590229,23.069777,43.780373,37.969959,23.060562,1.800791,1.7385867901287,1.49856678092753,0.05006451874101865
1.1738,62.634056,0.170875,0.072071,62.296021,-0.114694,0.009315,0.487271,0.47043933683187,0.518738446648906,0.22571960742240468
7.55,62.650880690858955,0.13654519266420584,0.058882039320318214,63.78670046345174,0.03275433208632661,0.10033283052226505,1.917505,1.85126917171716,0.969591759766644,0.22571960742240468
1.1738,62.634056,0.170875,0.072071,62.296021,-0.114694,0.009315,0.487271,0.47043933683187,0.518738446648906,0.24137545403541202
7.407,63.26843012799614,0.12805498690454664,-0.13779436981593562,62.19404048836513,0.13904050928265077,0.13632816855941865,1.917505,1.85126917171716,0.950497521513414,0.24137545403541202
1.1738,62.634056,0.170875,0.072071,62.296021,-0.114694,0.009315,0.487271,0.47043933683187,0.518738446648906,0.17783410396556107
7.412,63.5160681944692,0.10321987948291866,0.08609954516600737,62.02347818323405,0.10674243497249547,0.20088653655014888,2.344096,2.26312456048121,1.2692217359549,0.17783410396556107
1.1739,62.634056,0.170875,0.072071,62.776844,0.203575,0.006585,0.133815,0.129192666623207,0.145782516979811,0.161898199515255
7.54,62.650880690858955,0.13654519266420584,0.058882039320318214,63.5160681944692,0.10352450549339087,0.08620181826528572,1.572785,1.51845673635228,0.731850287746402,0.161898199515255
1.1739,62.634056,0.170875,0.072071,62.776844,0.203575,0.006585,0.133815,0.129192666623207,0.145782516979811,0.0820152467205279
7.55,62.650880690858955,0.13654519266420584,0.058882039320318214,63.78670046345174,0.03275433208632661,0.10033283052226505,1.917505,1.85126917171716,0.969591759766644,0.0820152467205279
1.1739,62.634056,0.170875,0.072071,62.776844,0.203575,0.006585,0.133815,0.129192666623207,0.145782516979811,0.1192260868188801
7.60,62.650880690858955,0.13654519266420584,0.058882039320318214,61.68871986942695,0.1668234227281129,-0.006548671054829036,1.615875,1.56005829077289,0.825226605499617,0.1192260868188801
1.1739,62.634056,0.170875,0.072071,62.776844,0.203575,0.006585,0.133815,0.129192666623207,0.145782516979811,0.08892735375010333
7.402,63.16063819673245,0.14105062760799703,0.13801795485133272,62.262057519931304,0.16800188416005168,-0.006586186807155947,1.503841,1.4518942492793,0.776144543590609,0.08892735375010333
1.1739,62.634056,0.170875,0.072071,62.776844,0.203575,0.006585,0.133815,0.129192666623207,0.145782516979811,0.10076510213244011
7.407,63.26843012799614,0.12805498690454664,-0.13779436981593562,62.19404048836513,0.13904050928265077,0.13632816855941865,1.917505,1.85126917171716,0.950497521513414,0.10076510213244011
1.1740,62.634056,0.170875,0.072071,62.448498,-0.001586,0.164428,0.322563,0.311420798296017,0.315961924494107,0.07318927022667425
7.54,62.650880690858955,0.13654519266420584,0.058882039320318214,63.5160681944692,0.10352450549339087,0.08620181826528572,1.572785,1.51845673635228,0.731850287746402,0.07318927022667425
1.1740,62.634056,0.170875,0.072071,62.448498,-0.001586,0.164428,0.322563,0.311420798296017,0.315961924494107,0.21301889238668273
7.55,62.650880690858955,0.13654519266420584,0.058882039320318214,63.78670046345174,0.03275433208632661,0.10033283052226505,1.917505,1.85126917171716,0.969591759766644,0.21301889238668273
1.1740,62.634056,0.170875,0.072071,62.448498,-0.001586,0.164428,0.322563,0.311420798296017,0.315961924494107,0.08668614616254451
7.60,62.650880690858955,0.13654519266420584,0.058882039320318214,61.68871986942695,0.1668234227281129,-0.006548671054829036,1.615875,1.56005829077289,0.825226605499617,0.08668614616254451
1.1740,62.634056,0.170875,0.072071,62.448498,-0.001586,0.164428,0.322563,0.311420798296017,0.315961924494107,0.24063305675388147
7.407,63.26843012799614,0.12805498690454664,-0.13779436981593562,62.19404048836513,0.13904050928265077,0.13632816855941865,1.917505,1.85126917171716,0.950497521513414,0.24063305675388147
1.1741,62.634056,0.170875,0.072071,62.726505,0.667746,0.094038,0.80097,0.773302321751598,0.729306391071286,0.3065915529308544
7.412,63.5160681944692,0.10321987948291866,0.08609954516600737,62.02347818323405,0.10674243497249547,0.20088653655014888,2.344096,2.26312456048121,1.2692217359549,0.3065915529308544
1.1742,62.634056,0.170875,0.072071,62.634056,0.172663,0.111184,0.123801,0.119524577368902,0.0389991032842643,0.09383736451341745
7.54,62.650880690858955,0.13654519266420584,0.058882039320318214,63.5160681944692,0.10352450549339087,0.08620181826528572,1.572785,1.51845673635228,0.731850287746402,0.09383736451341745
1.1742,62.634056,0.170875,0.072071,62.634056,0.172663,0.111184,0.123801,0.119524577368902,0.0389991032842643,0.05542963012863531
7.60,62.650880690858955,0.13654519266420584,0.058882039320318214,61.68871986942695,0.1668234227281129,-0.006548671054829036,1.615875,1.56005829077289,0.825226605499617,0.05542963012863531
1.1743,62.634056,0.170875,0.072071,62.625641,-0.134033,0.348298,0.474447,0.458058312606065,0.532364913058244,0.25358684733641906
7.55,62.650880690858955,0.13654519266420584,0.058882039320318214,63.78670046345174,0.03275433208632661,0.10033283052226505,1.917505,1.85126917171716,0.969591759766644,0.25358684733641906
1.1743,62.634056,0.170875,0.072071,62.625641,-0.134033,0.348298,0.474447,0.458058312606065,0.532364913058244,0.26324921621163977
7.407,63.26843012799614,0.12805498690454664,-0.13779436981593562,62.19404048836513,0.13904050928265077,0.13632816855941865,1.917505,1.85126917171716,0.950497521513414,0.26324921621163977
1.1743,62.634056,0.170875,0.072071,62.625641,-0.134033,0.348298,0.474447,0.458058312606065,0.532364913058244,0.19994336784961592
7.412,63.5160681944692,0.10321987948291866,0.08609954516600737,62.02347818323405,0.10674243497249547,0.20088653655014888,2.344096,2.26312456048121,1.2692217359549,0.19994336784961592
1.1744,62.634056,0.170875,0.072071,62.507633,0.002112,0.242606,0.29373,0.283583768390947,0.32283750873359,0.09526055089060959
7.54,62.650880690858955,0.13654519266420584,0.058882039320318214,63.5160681944692,0.10352450549339087,0.08620181826528572,1.572785,1.51845673635228,0.731850287746402,0.09526055089060959
1.1744,62.634056,0.170875,0.072071,62.507633,0.002112,0.242606,0.29373,0.283583768390947,0.32283750873359,0.2416672601330847
7.55,62.650880690858955,0.13654519266420584,0.058882039320318214,63.78670046345174,0.03275433208632661,0.10033283052226505,1.917505,1.85126917171716,0.969591759766644,0.2416672601330847
1.1744,62.634056,0.170875,0.072071,62.507633,0.002112,0.242606,0.29373,0.283583768390947,0.32283750873359,0.10919231224928759
7.60,62.650880690858955,0.13654519266420584,0.058882039320318214,61.68871986942695,0.1668234227281129,-0.006548671054829036,1.615875,1.56005829077289,0.825226605499617,0.10919231224928759
1.1744,62.634056,0.170875,0.072071,62.507633,0.002112,0.242606,0.29373,0.283583768390947,0.32283750873359,0.2712989521705777
7.407,63.26843012799614,0.12805498690454664,-0.13779436981593562,62.19404048836513,0.13904050928265077,0.13632816855941865,1.917505,1.85126917171716,0.950497521513414,0.2712989521705777
1.1745,62.634056,0.170875,0.072071,62.860596,0.531629,0.200109,0.752373,0.726383994061219,0.575713550654034,0.16755507668581168
7.412,63.5160681944692,0.10321987948291866,0.08609954516600737,62.02347818323405,0.10674243497249547,0.20088653655014888,2.344096,2.26312456048121,1.2692217359549,0.16755507668581168
1.1746,62.634056,0.170875,0.072071,62.969208,0.177059,0.190218,0.45069,0.435121943880829,0.307190832655326,0.12336061328467066
7.55,62.650880690858955,0.13654519266420584,0.058882039320318214,63.78670046345174,0.03275433208632661,0.10033283052226505,1.917505,1.85126917171716,0.969591759766644,0.12336061328467066
1.1746,62.634056,0.170875,0.072071,62.969208,0.177059,0.190218,0.45069,0.435121943880829,0.307190832655326,0.13770951853422914
7.407,63.26843012799614,0.12805498690454664,-0.13779436981593562,62.19404048836513,0.13904050928265077,0.13632816855941865,1.917505,1.85126917171716,0.950497521513414,0.13770951853422914
1.1747,62.634056,0.170875,0.072071,62.566681,0.687385,-0.245693,0.752373,0.726383994061219,0.816527837176154,0.45536697513932617
7.412,63.5160681944692,0.10321987948291866,0.08609954516600737,62.02347818323405,0.10674243497249547,0.20088653655014888,2.344096,2.26312456048121,1.2692217359549,0.45536697513932617
1.1748,62.634056,0.170875,0.072071,62.734901,0.167429,-0.006163,0.133815,0.129192666623207,0.115750683948508,0.13957440196548795
7.54,62.650880690858955,0.13654519266420584,0.058882039320318214,63.5160681944692,0.10352450549339087,0.08620181826528572,1.572785,1.51845673635228,0.731850287746402,0.13957440196548795
1.1748,62.634056,0.170875,0.072071,62.734901,0.167429,-0.006163,0.133815,0.129192666623207,0.115750683948508,0.05641421286859678
7.55,62.650880690858955,0.13654519266420584,0.058882039320318214,63.78670046345174,0.03275433208632661,0.10033283052226505,1.917505,1.85126917171716,0.969591759766644,0.05641421286859678
1.1748,62.634056,0.170875,0.072071,62.734901,0.167429,-0.006163,0.133815,0.129192666623207,0.115750683948508,0.09793275543540547
7.60,62.650880690858955,0.13654519266420584,0.058882039320318214,61.68871986942695,0.1668234227281129,-0.006548671054829036,1.615875,1.56005829077289,0.825226605499617,0.09793275543540547
1.1748,62.634056,0.170875,0.072071,62.734901,0.167429,-0.006163,0.133815,0.129192666623207,0.115750683948508,0.07506427185138301
7.402,63.16063819673245,0.14105062760799703,0.13801795485133272,62.262057519931304,0.16800188416005168,-0.006586186807155947,1.503841,1.4518942492793,0.776144543590609,0.07506427185138301
1.1748,62.634056,0.170875,0.072071,62.734901,0.167429,-0.006163,0.133815,0.129192666623207,0.115750683948508,0.072155917950881
7.407,63.26843012799614,0.12805498690454664,-0.13779436981593562,62.19404048836513,0.13904050928265077,0.13632816855941865,1.917505,1.85126917171716,0.950497521513414,0.072155917950881
1.1749,62.634056,0.170875,0.072071,62.431583,0.175831,0.188924,0.288793,0.278817305773761,0.20768373845179,0.07705633123710616
7.54,62.650880690858955,0.13654519266420584,0.058882039320318214,63.5160681944692,0.10352450549339087,0.08620181826528572,1.572785,1.51845673635228,0.731850287746402,0.07705633123710616
1.1749,62.634056,0.170875,0.072071,62.431583,0.175831,0.188924,0.288793,0.278817305773761,0.20768373845179,0.11050750713962756
7.55,62.650880690858955,0.13654519266420584,0.058882039320318214,63.78670046345174,0.03275433208632661,0.10033283052226505,1.917505,1.85126917171716,0.969591759766644,0.11050750713962756
1.1749,62.634056,0.170875,0.072071,62.431583,0.175831,0.188924,0.288793,0.278817305773761,0.20768373845179,0.07231073369698174
7.60,62.650880690858955,0.13654519266420584,0.058882039320318214,61.68871986942695,0.1668234227281129,-0.006548671054829036,1.615875,1.56005829077289,0.825226605499617,0.07231073369698174
1.1749,62.634056,0.170875,0.072071,62.431583,0.175831,0.188924,0.288793,0.278817305773761,0.20768373845179,0.1311330392230557
7.407,63.26843012799614,0.12805498690454664,-0.13779436981593562,62.19404048836513,0.13904050928265077,0.13632816855941865,1.917505,1.85126917171716,0.950497521513414,0.1311330392230557
1.1750,62.634056,0.170875,0.072071,62.617222,0.215775,0.280331,0.217594,0.210077712522588,0.217084241124056,0.13130743040553466
7.54,62.650880690858955,0.13654519266420584,0.058882039320318214,63.5160681944692,0.10352450549339087,0.08620181826528572,1.572785,1.51845673635228,0.731850287746402,0.13130743040553466
1.1750,62.634056,0.170875,0.072071,62.617222,0.215775,0.280331,0.217594,0.210077712522588,0.217084241124056,0.1414357474997353
7.55,62.650880690858955,0.13654519266420584,0.058882039320318214,63.78670046345174,0.03275433208632661,0.10033283052226505,1.917505,1.85126917171716,0.969591759766644,0.1414357474997353
1.1750,62.634056,0.170875,0.072071,62.617222,0.215775,0.280331,0.217594,0.210077712522588,0.217084241124056,0.1175505142911882
7.60,62.650880690858955,0.13654519266420584,0.058882039320318214,61.68871986942695,0.1668234227281129,-0.006548671054829036,1.615875,1.56005829077289,0.825226605499617,0.1175505142911882
1.1750,62.634056,0.170875,0.072071,62.617222,0.215775,0.280331,0.217594,0.210077712522588,0.217084241124056,0.06983248050640344
7.402,63.16063819673245,0.14105062760799703,0.13801795485133272,62.262057519931304,0.16800188416005168,-0.006586186807155947,1.503841,1.4518942492793,0.776144543590609,0.06983248050640344
1.1750,62.634056,0.170875,0.072071,62.617222,0.215775,0.280331,0.217594,0.210077712522588,0.217084241124056,0.16490393687722463
7.407,63.26843012799614,0.12805498690454664,-0.13779436981593562,62.19404048836513,0.13904050928265077,0.13632816855941865,1.917505,1.85126917171716,0.950497521513414,0.16490393687722463
1.1751,62.634056,0.170875,0.072071,62.852226,0.225421,0.477254,0.500903,0.483600450544141,0.447873469580547,0.18289826658314537
7.55,62.650880690858955,0.13654519266420584,0.058882039320318214,63.78670046345174,0.03275433208632661,0.10033283052226505,1.917505,1.85126917171716,0.969591759766644,0.18289826658314537
1.1751,62.634056,0.170875,0.072071,62.852226,0.225421,0.477254,0.500903,0.483600450544141,0.447873469580547,0.19298564687045952
7.407,63.26843012799614,0.12805498690454664,-0.13779436981593562,62.19404048836513,0.13904050928265077,0.13632816855941865,1.917505,1.85126917171716,0.950497521513414,0.19298564687045952
1.1751,62.634056,0.170875,0.072071,62.852226,0.225421,0.477254,0.500903,0.483600450544141,0.447873469580547,0.09004234319094387
7.412,63.5160681944692,0.10321987948291866,0.08609954516600737,62.02347818323405,0.10674243497249547,0.20088653655014888,2.344096,2.26312456048121,1.2692217359549,0.09004234319094387
1.1752,62.634056,0.170875,0.072071,62.935822,0.344833,-0.020841,0.558226,0.538943358505446,0.37369293591316,0.09953745477147849
7.55,62.650880690858955,0.13654519266420584,0.058882039320318214,63.78670046345174,0.03275433208632661,0.10033283052226505,1.917505,1.85126917171716,0.969591759766644,0.09953745477147849
1.1752,62.634056,0.170875,0.072071,62.935822,0.344833,-0.020841,0.558226,0.538943358505446,0.37369293591316,0.10853265721727932
7.407,63.26843012799614,0.12805498690454664,-0.13779436981593562,62.19404048836513,0.13904050928265077,0.13632816855941865,1.917505,1.85126917171716,0.950497521513414,0.10853265721727932
1.1753,62.634056,0.170875,0.072071,62.54982,-0.262958,-0.119506,0.883185,0.852677392456877,0.680424869367345,0.17777151032849112
7.412,63.5160681944692,0.10321987948291866,0.08609954516600737,62.02347818323405,0.10674243497249547,0.20088653655014888,2.344096,2.26312456048121,1.2692217359549,0.17777151032849112
1.1754,62.634056,0.170875,0.072071,62.952515,0.442805,-0.218326,0.883185,0.852677392456877,0.560632048027587,0.08941376375390223
7.412,63.5160681944692,0.10321987948291866,0.08609954516600737,62.02347818323405,0.10674243497249547,0.20088653655014888,2.344096,2.26312456048121,1.2692217359549,0.08941376375390223
1.1755,62.634056,0.170875,0.072071,62.902405,0.353535,0.175499,0.474447,0.458058312606065,0.366509464366745,0.15224111838054125
7.55,62.650880690858955,0.13654519266420584,0.058882039320318214,63.78670046345174,0.03275433208632661,0.10033283052226505,1.917505,1.85126917171716,0.969591759766644,0.15224111838054125
1.1755,62.634056,0.170875,0.072071,62.902405,0.353535,0.175499,0.474447,0.458058312606065,0.366509464366745,0.1667454417151862
7.407,63.26843012799614,0.12805498690454664,-0.13779436981593562,62.19404048836513,0.13904050928265077,0.13632816855941865,1.917505,1.85126917171716,0.950497521513414,0.1667454417151862
1.1756,62.634056,0.170875,0.072071,62.575108,0.584603,-0.166429,0.548794,0.529837165391146,0.650960508109265,0.1943877903085898
7.55,62.650880690858955,0.13654519266420584,0.058882039320318214,63.78670046345174,0.03275433208632661,0.10033283052226505,1.917505,1.85126917171716,0.969591759766644,0.1943877903085898
1.1756,62.634056,0.170875,0.072071,62.575108,0.584603,-0.166429,0.548794,0.529837165391146,0.650960508109265,0.20023931641538806
7.407,63.26843012799614,0.12805498690454664,-0.13779436981593562,62.19404048836513,0.13904050928265077,0.13632816855941865,1.917505,1.85126917171716,0.950497521513414,0.20023931641538806
1.1756,62.634056,0.170875,0.072071,62.575108,0.584603,-0.166429,0.548794,0.529837165391146,0.650960508109265,0.39060027534912967
7.412,63.5160681944692,0.10321987948291866,0.08609954516600737,62.02347818323405,0.10674243497249547,0.20088653655014888,2.344096,2.26312456048121,1.2692217359549,0.39060027534912967
1.1757,62.634056,0.170875,0.072071,62.4823,0.132802,0.020196,0.241351,0.233014081247824,0.149870551795123,0.08865337686095764
7.54,62.650880690858955,0.13654519266420584,0.058882039320318214,63.5160681944692,0.10352450549339087,0.08620181826528572,1.572785,1.51845673635228,0.731850287746402,0.08865337686095764
1.1757,62.634056,0.170875,0.072071,62.4823,0.132802,0.020196,0.241351,0.233014081247824,0.149870551795123,0.07172839564216489
7.55,62.650880690858955,0.13654519266420584,0.058882039320318214,63.78670046345174,0.03275433208632661,0.10033283052226505,1.917505,1.85126917171716,0.969591759766644,0.07172839564216489
1.1757,62.634056,0.170875,0.072071,62.4823,0.132802,0.020196,0.241351,0.233014081247824,0.149870551795123,0.07045430959046578
7.60,62.650880690858955,0.13654519266420584,0.058882039320318214,61.68871986942695,0.1668234227281129,-0.006548671054829036,1.615875,1.56005829077289,0.825226605499617,0.07045430959046578
1.1757,62.634056,0.170875,0.072071,62.4823,0.132802,0.020196,0.241351,0.233014081247824,0.149870551795123,0.08801328369424123
7.407,63.26843012799614,0.12805498690454664,-0.13779436981593562,62.19404048836513,0.13904050928265077,0.13632816855941865,1.917505,1.85126917171716,0.950497521513414,0.08801328369424123
1.1758,62.634056,0.170875,0.072071,62.885685,-0.020382,-0.22689,0.568241,0.548612413217036,0.464602823976667,0.12994863093125752
7.55,62.650880690858955,0.13654519266420584,0.058882039320318214,63.78670046345174,0.03275433208632661,0.10033283052226505,1.917505,1.85126917171716,0.969591759766644,0.12994863093125752
1.1758,62.634056,0.170875,0.072071,62.885685,-0.020382,-0.22689,0.568241,0.548612413217036,0.464602823976667,0.13640792516855701
7.407,63.26843012799614,0.12805498690454664,-0.13779436981593562,62.19404048836513,0.13904050928265077,0.13632816855941865,1.917505,1.85126917171716,0.950497521513414,0.13640792516855701
1.1758,62.634056,0.170875,0.072071,62.885685,-0.020382,-0.22689,0.568241,0.548612413217036,0.464602823976667,0.09984747530795343
7.412,63.5160681944692,0.10321987948291866,0.08609954516600737,62.02347818323405,0.10674243497249547,0.20088653655014888,2.344096,2.26312456048121,1.2692217359549,0.09984747530795343
1.1759,62.634056,0.170875,0.072071,63.060875,-0.355578,0.194846,0.883185,0.852677392456877,0.872709037531595,0.296272968242171
7.412,63.5160681944692,0.10321987948291866,0.08609954516600737,62.02347818323405,0.10674243497249547,0.20088653655014888,2.344096,2.26312456048121,1.2692217359549,0.296272968242171
1.1760,62.634056,0.170875,0.072071,63.102474,-0.035897,0.192314,0.500903,0.483600450544141,0.516791055271957,0.21636602455338633
7.55,62.650880690858955,0.13654519266420584,0.058882039320318214,63.78670046345174,0.03275433208632661,0.10033283052226505,1.917505,1.85126917171716,0.969591759766644,0.21636602455338633
1.1760,62.634056,0.170875,0.072071,63.102474,-0.035897,0.192314,0.500903,0.483600450544141,0.516791055271957,0.224214493955992
7.407,63.26843012799614,0.12805498690454664,-0.13779436981593562,62.19404048836513,0.13904050928265077,0.13632816855941865,1.917505,1.85126917171716,0.950497521513414,0.224214493955992
1.1760,62.634056,0.170875,0.072071,63.102474,-0.035897,0.192314,0.500903,0.483600450544141,0.516791055271957,0.17291233022788616
7.412,63.5160681944692,0.10321987948291866,0.08609954516600737,62.02347818323405,0.10674243497249547,0.20088653655014888,2.344096,2.26312456048121,1.2692217359549,0.17291233022788616
1.1761,62.634056,0.170875,0.072071,63.102474,0.292882,0.386431,0.690222,0.666379858326818,0.534012770409543,0.0565110638452441
7.55,62.650880690858955,0.13654519266420584,0.058882039320318214,63.78670046345174,0.03275433208632661,0.10033283052226505,1.917505,1.85126917171716,0.969591759766644,0.0565110638452441
1.1761,62.634056,0.170875,0.072071,63.102474,0.292882,0.386431,0.690222,0.666379858326818,0.534012770409543,0.058355253782844736
7.407,63.26843012799614,0.12805498690454664,-0.13779436981593562,62.19404048836513,0.13904050928265077,0.13632816855941865,1.917505,1.85126917171716,0.950497521513414,0.058355253782844736
1.1761,62.634056,0.170875,0.072071,63.102474,0.292882,0.386431,0.690222,0.666379858326818,0.534012770409543,0.1478470120873247
7.412,63.5160681944692,0.10321987948291866,0.08609954516600737,62.02347818323405,0.10674243497249547,0.20088653655014888,2.344096,2.26312456048121,1.2692217359549,0.1478470120873247
1.1762,62.634056,0.170875,0.072071,62.642467,0.233815,-0.098083,0.176516,0.170418658159862,0.193133649012546,0.15540365213344845
7.54,62.650880690858955,0.13654519266420584,0.058882039320318214,63.5160681944692,0.10352450549339087,0.08620181826528572,1.572785,1.51845673635228,0.731850287746402,0.15540365213344845
1.1762,62.634056,0.170875,0.072071,62.642467,0.233815,-0.098083,0.176516,0.170418658159862,0.193133649012546,0.12385192838139172
7.55,62.650880690858955,0.13654519266420584,0.058882039320318214,63.78670046345174,0.03275433208632661,0.10033283052226505,1.917505,1.85126917171716,0.969591759766644,0.12385192838139172
1.1762,62.634056,0.170875,0.072071,62.642467,0.233815,-0.098083,0.176516,0.170418658159862,0.193133649012546,0.12843472865188818
7.60,62.650880690858955,0.13654519266420584,0.058882039320318214,61.68871986942695,0.1668234227281129,-0.006548671054829036,1.615875,1.56005829077289,0.825226605499617,0.12843472865188818
1.1762,62.634056,0.170875,0.072071,62.642467,0.233815,-0.098083,0.176516,0.170418658159862,0.193133649012546,0.08581569267353724
7.402,63.16063819673245,0.14105062760799703,0.13801795485133272,62.262057519931304,0.16800188416005168,-0.006586186807155947,1.503841,1.4518942492793,0.776144543590609,0.08581569267353724
1.1762,62.634056,0.170875,0.072071,62.642467,0.233815,-0.098083,0.176516,0.170418658159862,0.193133649012546,0.1464976621218263
7.407,63.26843012799614,0.12805498690454664,-0.13779436981593562,62.19404048836513,0.13904050928265077,0.13632816855941865,1.917505,1.85126917171716,0.950497521513414,0.1464976621218263
1.1763,62.634056,0.170875,0.072071,62.79361,0.07135,-0.54122,0.690222,0.666379858326818,0.639563789955594,0.06448502141435641
7.55,62.650880690858955,0.13654519266420584,0.058882039320318214,63.78670046345174,0.03275433208632661,0.10033283052226505,1.917505,1.85126917171716,0.969591759766644,0.06448502141435641
1.1763,62.634056,0.170875,0.072071,62.79361,0.07135,-0.54122,0.690222,0.666379858326818,0.639563789955594,0.06573887247888033
7.407,63.26843012799614,0.12805498690454664,-0.13779436981593562,62.19404048836513,0.13904050928265077,0.13632816855941865,1.917505,1.85126917171716,0.950497521513414,0.06573887247888033
1.1763,62.634056,0.170875,0.072071,62.79361,0.07135,-0.54122,0.690222,0.666379858326818,0.639563789955594,0.2892091715595727
7.412,63.5160681944692,0.10321987948291866,0.08609954516600737,62.02347818323405,0.10674243497249547,0.20088653655014888,2.344096,2.26312456048121,1.2692217359549,0.2892091715595727
1.1764,62.634056,0.170875,0.072071,62.541386,-0.079079,0.022045,0.428807,0.413994842108116,0.385293667185523,0.2042812136561846
7.55,62.650880690858955,0.13654519266420584,0.058882039320318214,63.78670046345174,0.03275433208632661,0.10033283052226505,1.917505,1.85126917171716,0.969591759766644,0.2042812136561846
1.1764,62.634056,0.170875,0.072071,62.541386,-0.079079,0.022045,0.428807,0.413994842108116,0.385293667185523,0.22302855333582258
7.407,63.26843012799614,0.12805498690454664,-0.13779436981593562,62.19404048836513,0.13904050928265077,0.13632816855941865,1.917505,1.85126917171716,0.950497521513414,0.22302855333582258
1.1765,62.634056,0.170875,0.072071,62.583534,0.028763,0.060222,0.217594,0.210077712522588,0.216396147230557,0.13104968573732897
7.54,62.650880690858955,0.13654519266420584,0.058882039320318214,63.5160681944692,0.10352450549339087,0.08620181826528572,1.572785,1.51845673635228,0.731850287746402,0.13104968573732897
1.1765,62.634056,0.170875,0.072071,62.583534,0.028763,0.060222,0.217594,0.210077712522588,0.216396147230557,0.14060416503784223
7.55,62.650880690858955,0.13654519266420584,0.058882039320318214,63.78670046345174,0.03275433208632661,0.10033283052226505,1.917505,1.85126917171716,0.969591759766644,0.14060416503784223
1.1765,62.634056,0.170875,0.072071,62.583534,0.028763,0.060222,0.217594,0.210077712522588,0.216396147230557,0.11713804421620497
7.60,62.650880690858955,0.13654519266420584,0.058882039320318214,61.68871986942695,0.1668234227281129,-0.006548671054829036,1.615875,1.56005829077289,0.825226605499617,0.11713804421620497
1.1765,62.634056,0.170875,0.072071,62.583534,0.028763,0.060222,0.217594,0.210077712522588,0.216396147230557,0.06965171605010186
7.402,63.16063819673245,0.14105062760799703,0.13801795485133272,62.262057519931304,0.16800188416005168,-0.006586186807155947,1.503841,1.4518942492793,0.776144543590609,0.06965171605010186
1.1765,62.634056,0.170875,0.072071,62.583534,0.028763,0.060222,0.217594,0.210077712522588,0.216396147230557,0.16405375984852677
7.407,63.26843012799614,0.12805498690454664,-0.13779436981593562,62.19404048836513,0.13904050928265077,0.13632816855941865,1.917505,1.85126917171716,0.950497521513414,0.16405375984852677
1.1766,62.634056,0.170875,0.072071,62.583534,0.134799,0.059312,0.143248,0.138299825194792,0.0697460431111993,0.10312673550428654
7.54,62.650880690858955,0.13654519266420584,0.058882039320318214,63.5160681944692,0.10352450549339087,0.08620181826528572,1.572785,1.51845673635228,0.731850287746402,0.10312673550428654
1.1766,62.634056,0.170875,0.072071,62.583534,0.134799,0.059312,0.143248,0.138299825194792,0.0697460431111993,0.06647133649789118
7.60,62.650880690858955,0.13654519266420584,0.058882039320318214,61.68871986942695,0.1668234227281129,-0.006548671054829036,1.615875,1.56005829077289,0.825226605499617,0.06647133649789118
1.1766,62.634056,0.170875,0.072071,62.583534,0.134799,0.059312,0.143248,0.138299825194792,0.0697460431111993,0.05298259433948828
7.402,63.16063819673245,0.14105062760799703,0.13801795485133272,62.262057519931304,0.16800188416005168,-0.006586186807155947,1.503841,1.4518942492793,0.776144543590609,0.05298259433948828
1.1767,62.634056,0.170875,0.072071,62.134426,0.053322,-0.160622,0.80097,0.773302321751598,0.515047067945033,0.09061712596754147
7.412,63.5160681944692,0.10321987948291866,0.08609954516600737,62.02347818323405,0.10674243497249547,0.20088653655014888,2.344096,2.26312456048121,1.2692217359549,0.09061712596754147
1.1768,62.634056,0.170875,0.072071,62.583534,0.353876,0.2139,0.41328,0.399004186840331,0.306343791819198,0.14383607273920127
7.55,62.650880690858955,0.13654519266420584,0.058882039320318214,63.78670046345174,0.03275433208632661,0.10033283052226505,1.917505,1.85126917171716,0.969591759766644,0.14383607273920127
1.1768,62.634056,0.170875,0.072071,62.583534,0.353876,0.2139,0.41328,0.399004186840331,0.306343791819198,0.16187910117500612
7.407,63.26843012799614,0.12805498690454664,-0.13779436981593562,62.19404048836513,0.13904050928265077,0.13632816855941865,1.917505,1.85126917171716,0.950497521513414,0.16187910117500612
1.1769,62.634056,0.170875,0.072071,62.969208,0.442896,-0.218374,0.590426,0.57003108308989,0.567664940816983,0.13803317035320012
7.55,62.650880690858955,0.13654519266420584,0.058882039320318214,63.78670046345174,0.03275433208632661,0.10033283052226505,1.917505,1.85126917171716,0.969591759766644,0.13803317035320012
1.1769,62.634056,0.170875,0.072071,62.969208,0.442896,-0.218374,0.590426,0.57003108308989,0.567664940816983,0.14166495316090066
7.407,63.26843012799614,0.12805498690454664,-0.13779436981593562,62.19404048836513,0.13904050928265077,0.13632816855941865,1.917505,1.85126917171716,0.950497521513414,0.14166495316090066
1.1769,62.634056,0.170875,0.072071,62.969208,0.442896,-0.218374,0.590426,0.57003108308989,0.567664940816983,0.2259042623889184
7.412,63.5160681944692,0.10321987948291866,0.08609954516600737,62.02347818323405,0.10674243497249547,0.20088653655014888,2.344096,2.26312456048121,1.2692217359549,0.2259042623889184
1.1770,62.634056,0.170875,0.072071,62.650879,-0.041304,0.073914,0.331976,0.320508647721898,0.317502984080795,0.06711517739062801
7.54,62.650880690858955,0.13654519266420584,0.058882039320318214,63.5160681944692,0.10352450549339087,0.08620181826528572,1.572785,1.51845673635228,0.731850287746402,0.06711517739062801
1.1770,62.634056,0.170875,0.072071,62.650879,-0.041304,0.073914,0.331976,0.320508647721898,0.317502984080795,0.2111755484597493
7.55,62.650880690858955,0.13654519266420584,0.058882039320318214,63.78670046345174,0.03275433208632661,0.10033283052226505,1.917505,1.85126917171716,0.969591759766644,0.2111755484597493
1.1770,62.634056,0.170875,0.072071,62.650879,-0.041304,0.073914,0.331976,0.320508647721898,0.317502984080795,0.08080610321944853
7.60,62.650880690858955,0.13654519266420584,0.058882039320318214,61.68871986942695,0.1668234227281129,-0.006548671054829036,1.615875,1.56005829077289,0.825226605499617,0.08080610321944853
1.1770,62.634056,0.170875,0.072071,62.650879,-0.041304,0.073914,0.331976,0.320508647721898,0.317502984080795,0.23555645056512664
7.407,63.26843012799614,0.12805498690454664,-0.13779436981593562,62.19404048836513,0.13904050928265077,0.13632816855941865,1.917505,1.85126917171716,0.950497521513414,0.23555645056512664
1.1771,62.634056,0.170875,0.072071,62.801987,0.445454,-0.139447,0.568241,0.548612413217036,0.476148500330775,0.13375543682866864
7.55,62.650880690858955,0.13654519266420584,0.058882039320318214,63.78670046345174,0.03275433208632661,0.10033283052226505,1.917505,1.85126917171716,0.969591759766644,0.13375543682866864
1.1771,62.634056,0.170875,0.072071,62.801987,0.445454,-0.139447,0.568241,0.548612413217036,0.476148500330775,0.1401111249785649
7.407,63.26843012799614,0.12805498690454664,-0.13779436981593562,62.19404048836513,0.13904050928265077,0.13632816855941865,1.917505,1.85126917171716,0.950497521513414,0.1401111249785649
1.1771,62.634056,0.170875,0.072071,62.801987,0.445454,-0.139447,0.568241,0.548612413217036,0.476148500330775,0.11199673818702946
7.412,63.5160681944692,0.10321987948291866,0.08609954516600737,62.02347818323405,0.10674243497249547,0.20088653655014888,2.344096,2.26312456048121,1.2692217359549,0.11199673818702946
1.1772,62.634056,0.170875,0.072071,62.960861,-0.060565,0.41464,0.45069,0.435121943880829,0.558841136408278,0.2982828637900552
7.55,62.650880690858955,0.13654519266420584,0.058882039320318214,63.78670046345174,0.03275433208632661,0.10033283052226505,1.917505,1.85126917171716,0.969591759766644,0.2982828637900552
1.1772,62.634056,0.170875,0.072071,62.960861,-0.060565,0.41464,0.45069,0.435121943880829,0.558841136408278,0.3065993888867018
7.407,63.26843012799614,0.12805498690454664,-0.13779436981593562,62.19404048836513,0.13904050928265077,0.13632816855941865,1.917505,1.85126917171716,0.950497521513414,0.3065993888867018
1.1772,62.634056,0.170875,0.072071,62.960861,-0.060565,0.41464,0.45069,0.435121943880829,0.558841136408278,0.2466142873454607
7.412,63.5160681944692,0.10321987948291866,0.08609954516600737,62.02347818323405,0.10674243497249547,0.20088653655014888,2.344096,2.26312456048121,1.2692217359549,0.2466142873454607
1.1773,62.634056,0.170875,0.072071,62.952515,-0.033943,0.23119,0.383753,0.370497129579311,0.437984019075583,0.3034260048151902
7.55,62.650880690858955,0.13654519266420584,0.058882039320318214,63.78670046345174,0.03275433208632661,0.10033283052226505,1.917505,1.85126917171716,0.969591759766644,0.3034260048151902
1.1773,62.634056,0.170875,0.072071,62.952515,-0.033943,0.23119,0.383753,0.370497129579311,0.437984019075583,0.06399300200006448
7.60,62.650880690858955,0.13654519266420584,0.058882039320318214,61.68871986942695,0.1668234227281129,-0.006548671054829036,1.615875,1.56005829077289,0.825226605499617,0.06399300200006448
1.1773,62.634056,0.170875,0.072071,62.952515,-0.033943,0.23119,0.383753,0.370497129579311,0.437984019075583,0.3211935891826159
7.407,63.26843012799614,0.12805498690454664,-0.13779436981593562,62.19404048836513,0.13904050928265077,0.13632816855941865,1.917505,1.85126917171716,0.950497521513414,0.3211935891826159
1.1773,62.634056,0.170875,0.072071,62.952515,-0.033943,0.23119,0.383753,0.370497129579311,0.437984019075583,0.08695002349801809
7.412,63.5160681944692,0.10321987948291866,0.08609954516600737,62.02347818323405,0.10674243497249547,0.20088653655014888,2.344096,2.26312456048121,1.2692217359549,0.08695002349801809
1.1774,62.634056,0.170875,0.072071,62.524513,0.132874,0.020214,0.152176,0.146919427837336,0.120359438360294,0.13022290616127347
7.54,62.650880690858955,0.13654519266420584,0.058882039320318214,63.5160681944692,0.10352450549339087,0.08620181826528572,1.572785,1.51845673635228,0.731850287746402,0.13022290616127347
1.1774,62.634056,0.170875,0.072071,62.524513,0.132874,0.020214,0.152176,0.146919427837336,0.120359438360294,0.05842552440184828
7.55,62.650880690858955,0.13654519266420584,0.058882039320318214,63.78670046345174,0.03275433208632661,0.10033283052226505,1.917505,1.85126917171716,0.969591759766644,0.05842552440184828
1.1774,62.634056,0.170875,0.072071,62.524513,0.132874,0.020214,0.152176,0.146919427837336,0.120359438360294,0.09291956544091994
7.60,62.650880690858955,0.13654519266420584,0.058882039320318214,61.68871986942695,0.1668234227281129,-0.006548671054829036,1.615875,1.56005829077289,0.825226605499617,0.09291956544091994
1.1774,62.634056,0.170875,0.072071,62.524513,0.132874,0.020214,0.152176,0.146919427837336,0.120359438360294,0.06887590318391536
7.402,63.16063819673245,0.14105062760799703,0.13801795485133272,62.262057519931304,0.16800188416005168,-0.006586186807155947,1.503841,1.4518942492793,0.776144543590609,0.06887590318391536
1.1774,62.634056,0.170875,0.072071,62.524513,0.132874,0.020214,0.152176,0.146919427837336,0.120359438360294,0.0744032199926736
7.407,63.26843012799614,0.12805498690454664,-0.13779436981593562,62.19404048836513,0.13904050928265077,0.13632816855941865,1.917505,1.85126917171716,0.950497521513414,0.0744032199926736
1.1775,62.634056,0.170875,0.072071,62.499191,0.170563,0.071956,0.160663,0.155113263817093,0.114527366109119,0.12083135383847594
7.54,62.650880690858955,0.13654519266420584,0.058882039320318214,63.5160681944692,0.10352450549339087,0.08620181826528572,1.572785,1.51845673635228,0.731850287746402,0.12083135383847594
1.1775,62.634056,0.170875,0.072071,62.499191,0.170563,0.071956,0.160663,0.155113263817093,0.114527366109119,0.053350037347912334
7.55,62.650880690858955,0.13654519266420584,0.058882039320318214,63.78670046345174,0.03275433208632661,0.10033283052226505,1.917505,1.85126917171716,0.969591759766644,0.053350037347912334
1.1775,62.634056,0.170875,0.072071,62.499191,0.170563,0.071956,0.160663,0.155113263817093,0.114527366109119,0.0857770898693252
7.60,62.650880690858955,0.13654519266420584,0.058882039320318214,61.68871986942695,0.1668234227281129,-0.006548671054829036,1.615875,1.56005829077289,0.825226605499617,0.0857770898693252
1.1775,62.634056,0.170875,0.072071,62.499191,0.170563,0.071956,0.160663,0.155113263817093,0.114527366109119,0.06303311644282146
7.402,63.16063819673245,0.14105062760799703,0.13801795485133272,62.262057519931304,0.16800188416005168,-0.006586186807155947,1.503841,1.4518942492793,0.776144543590609,0.06303311644282146
1.1775,62.634056,0.170875,0.072071,62.499191,0.170563,0.071956,0.160663,0.155113263817093,0.114527366109119,0.06855574548558734
7.407,63.26843012799614,0.12805498690454664,-0.13779436981593562,62.19404048836513,0.13904050928265077,0.13632816855941865,1.917505,1.85126917171716,0.950497521513414,0.06855574548558734
1.1776,62.634056,0.170875,0.072071,62.74329,0.651192,-0.298205,0.752373,0.726383994061219,0.794321693166755,0.4359605772052828
7.412,63.5160681944692,0.10321987948291866,0.08609954516600737,62.02347818323405,0.10674243497249547,0.20088653655014888,2.344096,2.26312456048121,1.2692217359549,0.4359605772052828
1.1777,62.634056,0.170875,0.072071,62.55825,0.398345,0.422039,0.631528,0.60971330842746,0.483061182188019,0.08563748044415687
7.55,62.650880690858955,0.13654519266420584,0.058882039320318214,63.78670046345174,0.03275433208632661,0.10033283052226505,1.917505,1.85126917171716,0.969591759766644,0.08563748044415687
1.1777,62.634056,0.170875,0.072071,62.55825,0.398345,0.422039,0.631528,0.60971330842746,0.483061182188019,0.09061556139982258
7.407,63.26843012799614,0.12805498690454664,-0.13779436981593562,62.19404048836513,0.13904050928265077,0.13632816855941865,1.917505,1.85126917171716,0.950497521513414,0.09061556139982258
1.1777,62.634056,0.170875,0.072071,62.55825,0.398345,0.422039,0.631528,0.60971330842746,0.483061182188019,0.1085669881862246
7.412,63.5160681944692,0.10321987948291866,0.08609954516600737,62.02347818323405,0.10674243497249547,0.20088653655014888,2.344096,2.26312456048121,1.2692217359549,0.1085669881862246
1.1778,62.634056,0.170875,0.072071,63.002567,-0.032089,0.270603,0.445069,0.429695108480545,0.478238767723259,0.26115913977493316
7.55,62.650880690858955,0.13654519266420584,0.058882039320318214,63.78670046345174,0.03275433208632661,0.10033283052226505,1.917505,1.85126917171716,0.969591759766644,0.26115913977493316
1.1778,62.634056,0.170875,0.072071,63.002567,-0.032089,0.270603,0.445069,0.429695108480545,0.478238767723259,0.2731130546070229
7.407,63.26843012799614,0.12805498690454664,-0.13779436981593562,62.19404048836513,0.13904050928265077,0.13632816855941865,1.917505,1.85126917171716,0.950497521513414,0.2731130546070229
1.1778,62.634056,0.170875,0.072071,63.002567,-0.032089,0.270603,0.445069,0.429695108480545,0.478238767723259,0.1289493765751365
7.412,63.5160681944692,0.10321987948291866,0.08609954516600737,62.02347818323405,0.10674243497249547,0.20088653655014888,2.344096,2.26312456048121,1.2692217359549,0.1289493765751365
1.1779,62.634056,0.170875,0.072071,62.54982,0.123786,-0.175155,0.346021,0.334068495292969,0.265481889974178,0.0529211445803618
7.54,62.650880690858955,0.13654519266420584,0.058882039320318214,63.5160681944692,0.10352450549339087,0.08620181826528572,1.572785,1.51845673635228,0.731850287746402,0.0529211445803618
1.1779,62.634056,0.170875,0.072071,62.54982,0.123786,-0.175155,0.346021,0.334068495292969,0.265481889974178,0.14471324604059982
7.55,62.650880690858955,0.13654519266420584,0.058882039320318214,63.78670046345174,0.03275433208632661,0.10033283052226505,1.917505,1.85126917171716,0.969591759766644,0.14471324604059982
1.1779,62.634056,0.170875,0.072071,62.54982,0.123786,-0.175155,0.346021,0.334068495292969,0.265481889974178,0.060833600310229254
7.60,62.650880690858955,0.13654519266420584,0.058882039320318214,61.68871986942695,0.1668234227281129,-0.006548671054829036,1.615875,1.56005829077289,0.825226605499617,0.060833600310229254
1.1779,62.634056,0.170875,0.072071,62.54982,0.123786,-0.175155,0.346021,0.334068495292969,0.265481889974178,0.1655062606666802
7.407,63.26843012799614,0.12805498690454664,-0.13779436981593562,62.19404048836513,0.13904050928265077,0.13632816855941865,1.917505,1.85126917171716,0.950497521513414,0.1655062606666802
1.1780,62.634056,0.170875,0.072071,62.751682,0.424804,0.200709,0.45069,0.435121943880829,0.406188304117284,0.2031024498861658
7.55,62.650880690858955,0.13654519266420584,0.058882039320318214,63.78670046345174,0.03275433208632661,0.10033283052226505,1.917505,1.85126917171716,0.969591759766644,0.2031024498861658
1.1780,62.634056,0.170875,0.072071,62.751682,0.424804,0.200709,0.45069,0.435121943880829,0.406188304117284,0.2180438329314013
7.407,63.26843012799614,0.12805498690454664,-0.13779436981593562,62.19404048836513,0.13904050928265077,0.13632816855941865,1.917505,1.85126917171716,0.950497521513414,0.2180438329314013
1.1780,62.634056,0.170875,0.072071,62.751682,0.424804,0.200709,0.45069,0.435121943880829,0.406188304117284,0.055155913455232804
7.412,63.5160681944692,0.10321987948291866,0.08609954516600737,62.02347818323405,0.10674243497249547,0.20088653655014888,2.344096,2.26312456048121,1.2692217359549,0.055155913455232804
1.1781,62.634056,0.170875,0.072071,62.617222,0.109172,-0.488207,0.717532,0.692746496786481,0.562673618553781,0.16967136029458973
7.412,63.5160681944692,0.10321987948291866,0.08609954516600737,62.02347818323405,0.10674243497249547,0.20088653655014888,2.344096,2.26312456048121,1.2692217359549,0.16967136029458973
1.1826,86.765831,-6.928959,46.017548,86.711609,-7.209749,47.192104,0.432366,0.417430904586253,0.393100962800674,0.06553216494625116
7.19,86.7658295591843,-6.886886761145572,46.098331195293184,86.67707250086858,-8.362911619950285,46.010637201682854,1.736527,1.6765426431506,0.986908193456699,0.06553216494625116
1.1826,86.765831,-6.928959,46.017548,86.711609,-7.209749,47.192104,0.432366,0.417430904586253,0.393100962800674,0.06540357909473372
7.20,86.7658295591843,-6.886886761145572,46.098331195293184,86.66226473133806,-8.65521912884809,45.9308745554945,2.012303,1.94279259144251,1.18673263202849,0.06540357909473372
1.1826,86.765831,-6.928959,46.017548,86.711609,-7.209749,47.192104,0.432366,0.417430904586253,0.393100962800674,0.10688097728841124
7.197,86.72147020278406,-6.952600082149929,49.03401581095122,87.91079767346552,-6.9130888310366405,46.25464083798387,2.227753,2.15080036354556,1.18312839848625,0.10688097728841124
1.1826,86.765831,-6.928959,46.017548,86.711609,-7.209749,47.192104,0.432366,0.417430904586253,0.393100962800674,0.21210228084559646
7.377,86.71653901991426,-8.005070158690897,46.03431684995611,87.91079767346552,-6.912991100544719,46.254533173971325,2.081247,2.00935507851548,1.07019807378288,0.21210228084559646
1.1826,86.765831,-6.928959,46.017548,86.711609,-7.209749,47.192104,0.432366,0.417430904586253,0.393100962800674,0.08034961055341536
7.378,86.71653901991426,-8.005070158690897,46.03431684995611,85.98644320658008,-6.827612342111877,45.862318217789856,1.719291,1.65990202138236,0.904169613098083,0.08034961055341536
1.1827,86.765831,-6.928959,46.017548,86.834755,-7.295468,46.042347,0.317306,0.306345389347557,0.246410817405794,0.05763505719720237
7.19,86.7658295591843,-6.886886761145572,46.098331195293184,86.67707250086858,-8.362911619950285,46.010637201682854,1.736527,1.6765426431506,0.986908193456699,0.05763505719720237
1.1827,86.765831,-6.928959,46.017548,86.834755,-7.295468,46.042347,0.317306,0.306345389347557,0.246410817405794,0.07963022834035087
7.377,86.71653901991426,-8.005070158690897,46.03431684995611,87.91079767346552,-6.912991100544719,46.254533173971325,2.081247,2.00935507851548,1.07019807378288,0.07963022834035087
1.1827,86.765831,-6.928959,46.017548,86.834755,-7.295468,46.042347,0.317306,0.306345389347557,0.246410817405794,0.09150874191905092
7.378,86.71653901991426,-8.005070158690897,46.03431684995611,85.98644320658008,-6.827612342111877,45.862318217789856,1.719291,1.65990202138236,0.904169613098083,0.09150874191905092
1.1828,86.765831,-6.928959,46.017548,86.800301,-6.702139,46.231476,0.233721,0.225647642161511,0.182907836741993,0.052526425606223955
7.14,86.7658295591843,-6.886886761145572,46.098331195293184,86.84459621387502,-5.494797933562612,45.9048795604718,1.641729,1.58501922342526,0.926796294823539,0.052526425606223955
1.1828,86.765831,-6.928959,46.017548,86.800301,-6.702139,46.231476,0.233721,0.225647642161511,0.182907836741993,0.09150322440590054
7.378,86.71653901991426,-8.005070158690897,46.03431684995611,85.98644320658008,-6.827612342111877,45.862318217789856,1.719291,1.65990202138236,0.904169613098083,0.09150322440590054
1.1829,86.765831,-6.928959,46.017548,86.883934,-6.789946,46.107258,0.114269,0.110321838526079,0.128866347899375,0.05680929317722369
7.14,86.7658295591843,-6.886886761145572,46.098331195293184,86.84459621387502,-5.494797933562612,45.9048795604718,1.641729,1.58501922342526,0.926796294823539,0.05680929317722369
1.1829,86.765831,-6.928959,46.017548,86.883934,-6.789946,46.107258,0.114269,0.110321838526079,0.128866347899375,0.07267330783213807
7.18,86.7658295591843,-6.886886761145572,46.098331195293184,86.71653901991426,-8.00499584907055,46.03440374663597,1.443515,1.39365207309045,0.748136633939822,0.07267330783213807
1.1829,86.765831,-6.928959,46.017548,86.883934,-6.789946,46.107258,0.114269,0.110321838526079,0.128866347899375,0.060654168469971945
7.175,86.81015065275807,-7.015765527611462,48.1434476614611,87.6499326488179,-6.998712721472566,46.240361130638206,1.516768,1.46437471560549,0.825444916404479,0.060654168469971945
1.1829,86.765831,-6.928959,46.017548,86.883934,-6.789946,46.107258,0.114269,0.110321838526079,0.128866347899375,0.07606968509251719
7.371,86.73133114843384,-7.716599999716022,46.05736169788053,87.6499326488179,-6.998785971190136,46.24049556143972,1.469369,1.41861300574282,0.771013301673368,0.07606968509251719
1.1829,86.765831,-6.928959,46.017548,86.883934,-6.789946,46.107258,0.114269,0.110321838526079,0.128866347899375,0.0936878438525731
7.378,86.71653901991426,-8.005070158690897,46.03431684995611,85.98644320658008,-6.827612342111877,45.862318217789856,1.719291,1.65990202138236,0.904169613098083,0.0936878438525731
1.1830,86.765831,-6.928959,46.017548,86.996864,-7.041697,45.730438,0.114269,0.110321838526079,0.201384866223079,0.10196450528803104
7.14,86.7658295591843,-6.886886761145572,46.098331195293184,86.84459621387502,-5.494797933562612,45.9048795604718,1.641729,1.58501922342526,0.926796294823539,0.10196450528803104
1.1830,86.765831,-6.928959,46.017548,86.996864,-7.041697,45.730438,0.114269,0.110321838526079,0.201384866223079,0.10019700379772492
7.18,86.7658295591843,-6.886886761145572,46.098331195293184,86.71653901991426,-8.00499584907055,46.03440374663597,1.443515,1.39365207309045,0.748136633939822,0.10019700379772492
1.1830,86.765831,-6.928959,46.017548,86.996864,-7.041697,45.730438,0.114269,0.110321838526079,0.201384866223079,0.08796661165519365
7.19,86.7658295591843,-6.886886761145572,46.098331195293184,86.67707250086858,-8.362911619950285,46.010637201682854,1.736527,1.6765426431506,0.986908193456699,0.08796661165519365
1.1830,86.765831,-6.928959,46.017548,86.996864,-7.041697,45.730438,0.114269,0.110321838526079,0.201384866223079,0.09311188215531825
7.175,86.81015065275807,-7.015765527611462,48.1434476614611,87.6499326488179,-6.998712721472566,46.240361130638206,1.516768,1.46437471560549,0.825444916404479,0.09311188215531825
1.1830,86.765831,-6.928959,46.017548,86.996864,-7.041697,45.730438,0.114269,0.110321838526079,0.201384866223079,0.10892858980098188
7.371,86.73133114843384,-7.716599999716022,46.05736169788053,87.6499326488179,-6.998785971190136,46.24049556143972,1.469369,1.41861300574282,0.771013301673368,0.10892858980098188
1.1830,86.765831,-6.928959,46.017548,86.996864,-7.041697,45.730438,0.114269,0.110321838526079,0.201384866223079,0.05262043879928465
7.377,86.71653901991426,-8.005070158690897,46.03431684995611,87.91079767346552,-6.912991100544719,46.254533173971325,2.081247,2.00935507851548,1.07019807378288,0.05262043879928465
1.1830,86.765831,-6.928959,46.017548,86.996864,-7.041697,45.730438,0.114269,0.110321838526079,0.201384866223079,0.16399482173626126
7.378,86.71653901991426,-8.005070158690897,46.03431684995611,85.98644320658008,-6.827612342111877,45.862318217789856,1.719291,1.65990202138236,0.904169613098083,0.16399482173626126
1.1831,86.765831,-6.928959,46.017548,86.79538,-6.580777,45.260353,0.299475,0.2891303204946,0.304912082732275,0.07755193910560562
7.14,86.7658295591843,-6.886886761145572,46.098331195293184,86.84459621387502,-5.494797933562612,45.9048795604718,1.641729,1.58501922342526,0.926796294823539,0.07755193910560562
1.1831,86.765831,-6.928959,46.017548,86.79538,-6.580777,45.260353,0.299475,0.2891303204946,0.304912082732275,0.052006876028481724
7.15,86.7658295591843,-6.886886761145572,46.098331195293184,86.79538120123281,-5.232766535978928,45.990496802659166,1.822707,1.75974575199182,1.10754391973894,0.052006876028481724
1.1831,86.765831,-6.928959,46.017548,86.79538,-6.580777,45.260353,0.299475,0.2891303204946,0.304912082732275,0.08444566434485581
7.19,86.7658295591843,-6.886886761145572,46.098331195293184,86.67707250086858,-8.362911619950285,46.010637201682854,1.736527,1.6765426431506,0.986908193456699,0.08444566434485581
1.1831,86.765831,-6.928959,46.017548,86.79538,-6.580777,45.260353,0.299475,0.2891303204946,0.304912082732275,0.13999111996800867
7.377,86.71653901991426,-8.005070158690897,46.03431684995611,87.91079767346552,-6.912991100544719,46.254533173971325,2.081247,2.00935507851548,1.07019807378288,0.13999111996800867
1.1831,86.765831,-6.928959,46.017548,86.79538,-6.580777,45.260353,0.299475,0.2891303204946,0.304912082732275,0.13785324758751594
7.378,86.71653901991426,-8.005070158690897,46.03431684995611,85.98644320658008,-6.827612342111877,45.862318217789856,1.719291,1.65990202138236,0.904169613098083,0.13785324758751594
1.1832,86.765831,-6.928959,46.017548,86.898674,-6.620412,45.94495,0.179783,0.173572807110713,0.219731500583921,0.09060759401755701
7.14,86.7658295591843,-6.886886761145572,46.098331195293184,86.84459621387502,-5.494797933562612,45.9048795604718,1.641729,1.58501922342526,0.926796294823539,0.09060759401755701
1.1832,86.765831,-6.928959,46.017548,86.898674,-6.620412,45.94495,0.179783,0.173572807110713,0.219731500583921,0.06417368448016615
7.18,86.7658295591843,-6.886886761145572,46.098331195293184,86.71653901991426,-8.00499584907055,46.03440374663597,1.443515,1.39365207309045,0.748136633939822,0.06417368448016615
1.1832,86.765831,-6.928959,46.017548,86.898674,-6.620412,45.94495,0.179783,0.173572807110713,0.219731500583921,0.08365802329154978
7.19,86.7658295591843,-6.886886761145572,46.098331195293184,86.67707250086858,-8.362911619950285,46.010637201682854,1.736527,1.6765426431506,0.986908193456699,0.08365802329154978
1.1832,86.765831,-6.928959,46.017548,86.898674,-6.620412,45.94495,0.179783,0.173572807110713,0.219731500583921,0.06909560069653314
7.175,86.81015065275807,-7.015765527611462,48.1434476614611,87.6499326488179,-6.998712721472566,46.240361130638206,1.516768,1.46437471560549,0.825444916404479,0.06909560069653314
1.1832,86.765831,-6.928959,46.017548,86.898674,-6.620412,45.94495,0.179783,0.173572807110713,0.219731500583921,0.07378033521949068
7.371,86.73133114843384,-7.716599999716022,46.05736169788053,87.6499326488179,-6.998785971190136,46.24049556143972,1.469369,1.41861300574282,0.771013301673368,0.07378033521949068
1.1832,86.765831,-6.928959,46.017548,86.898674,-6.620412,45.94495,0.179783,0.173572807110713,0.219731500583921,0.06597808299403418
7.377,86.71653901991426,-8.005070158690897,46.03431684995611,87.91079767346552,-6.912991100544719,46.254533173971325,2.081247,2.00935507851548,1.07019807378288,0.06597808299403418
1.1832,86.765831,-6.928959,46.017548,86.898674,-6.620412,45.94495,0.179783,0.173572807110713,0.219731500583921,0.1470905379558504
7.378,86.71653901991426,-8.005070158690897,46.03431684995611,85.98644320658008,-6.827612342111877,45.862318217789856,1.719291,1.65990202138236,0.904169613098083,0.1470905379558504
1.1833,86.765831,-6.928959,46.017548,86.736259,-7.067766,46.631584,0.225633,0.217839023638561,0.205214817553257,0.06089417666329122
7.14,86.7658295591843,-6.886886761145572,46.098331195293184,86.84459621387502,-5.494797933562612,45.9048795604718,1.641729,1.58501922342526,0.926796294823539,0.06089417666329122
1.1833,86.765831,-6.928959,46.017548,86.736259,-7.067766,46.631584,0.225633,0.217839023638561,0.205214817553257,0.06117299866688974
7.19,86.7658295591843,-6.886886761145572,46.098331195293184,86.67707250086858,-8.362911619950285,46.010637201682854,1.736527,1.6765426431506,0.986908193456699,0.06117299866688974
1.1833,86.765831,-6.928959,46.017548,86.736259,-7.067766,46.631584,0.225633,0.217839023638561,0.205214817553257,0.05297412192406337
7.175,86.81015065275807,-7.015765527611462,48.1434476614611,87.6499326488179,-6.998712721472566,46.240361130638206,1.516768,1.46437471560549,0.825444916404479,0.05297412192406337
1.1833,86.765831,-6.928959,46.017548,86.736259,-7.067766,46.631584,0.225633,0.217839023638561,0.205214817553257,0.051747880987983795
7.377,86.71653901991426,-8.005070158690897,46.03431684995611,87.91079767346552,-6.912991100544719,46.254533173971325,2.081247,2.00935507851548,1.07019807378288,0.051747880987983795
1.1833,86.765831,-6.928959,46.017548,86.736259,-7.067766,46.631584,0.225633,0.217839023638561,0.205214817553257,0.11051853514156176
7.378,86.71653901991426,-8.005070158690897,46.03431684995611,85.98644320658008,-6.827612342111877,45.862318217789856,1.719291,1.65990202138236,0.904169613098083,0.11051853514156176
1.1834,86.765831,-6.928959,46.017548,86.824913,-7.167195,46.337563,0.176056,0.169974547808656,0.173771795804976,0.06407701632092307
7.14,86.7658295591843,-6.886886761145572,46.098331195293184,86.84459621387502,-5.494797933562612,45.9048795604718,1.641729,1.58501922342526,0.926796294823539,0.06407701632092307
1.1834,86.765831,-6.928959,46.017548,86.824913,-7.167195,46.337563,0.176056,0.169974547808656,0.173771795804976,0.05623898775407405
7.18,86.7658295591843,-6.886886761145572,46.098331195293184,86.71653901991426,-8.00499584907055,46.03440374663597,1.443515,1.39365207309045,0.748136633939822,0.05623898775407405
1.1834,86.765831,-6.928959,46.017548,86.824913,-7.167195,46.337563,0.176056,0.169974547808656,0.173771795804976,0.05555162235180557
7.19,86.7658295591843,-6.886886761145572,46.098331195293184,86.67707250086858,-8.362911619950285,46.010637201682854,1.736527,1.6765426431506,0.986908193456699,0.05555162235180557
1.1834,86.765831,-6.928959,46.017548,86.824913,-7.167195,46.337563,0.176056,0.169974547808656,0.173771795804976,0.060304237340772435
7.175,86.81015065275807,-7.015765527611462,48.1434476614611,87.6499326488179,-6.998712721472566,46.240361130638206,1.516768,1.46437471560549,0.825444916404479,0.060304237340772435
1.1834,86.765831,-6.928959,46.017548,86.824913,-7.167195,46.337563,0.176056,0.169974547808656,0.173771795804976,0.06267080814307878
7.371,86.73133114843384,-7.716599999716022,46.05736169788053,87.6499326488179,-6.998785971190136,46.24049556143972,1.469369,1.41861300574282,0.771013301673368,0.06267080814307878
1.1834,86.765831,-6.928959,46.017548,86.824913,-7.167195,46.337563,0.176056,0.169974547808656,0.173771795804976,0.10904114750827247
7.378,86.71653901991426,-8.005070158690897,46.03431684995611,85.98644320658008,-6.827612342111877,45.862318217789856,1.719291,1.65990202138236,0.904169613098083,0.10904114750827247
1.1835,86.765831,-6.928959,46.017548,86.538696,-6.474298,46.026039,0.49986,0.482593478595645,0.338468550162298,0.12081323759103242
7.377,86.71653901991426,-8.005070158690897,46.03431684995611,87.91079767346552,-6.912991100544719,46.254533173971325,2.081247,2.00935507851548,1.07019807378288,0.12081323759103242
1.1836,86.765831,-6.928959,46.017548,86.686943,-6.439909,45.624771,0.432366,0.417430904586253,0.328822043728397,0.13568972036149432
7.377,86.71653901991426,-8.005070158690897,46.03431684995611,87.91079767346552,-6.912991100544719,46.254533173971325,2.081247,2.00935507851548,1.07019807378288,0.13568972036149432
1.1836,86.765831,-6.928959,46.017548,86.686943,-6.439909,45.624771,0.432366,0.417430904586253,0.328822043728397,0.06576653741028238
7.378,86.71653901991426,-8.005070158690897,46.03431684995611,85.98644320658008,-6.827612342111877,45.862318217789856,1.719291,1.65990202138236,0.904169613098083,0.06576653741028238
1.1837,86.765831,-6.928959,46.017548,86.588158,-7.029622,45.867676,0.114269,0.110321838526079,0.147673330522958,0.06604892993731237
7.14,86.7658295591843,-6.886886761145572,46.098331195293184,86.84459621387502,-5.494797933562612,45.9048795604718,1.641729,1.58501922342526,0.926796294823539,0.06604892993731237
1.1837,86.765831,-6.928959,46.017548,86.588158,-7.029622,45.867676,0.114269,0.110321838526079,0.147673330522958,0.08009016873762687
7.18,86.7658295591843,-6.886886761145572,46.098331195293184,86.71653901991426,-8.00499584907055,46.03440374663597,1.443515,1.39365207309045,0.748136633939822,0.08009016873762687
1.1837,86.765831,-6.928959,46.017548,86.588158,-7.029622,45.867676,0.114269,0.110321838526079,0.147673330522958,0.06451484351411733
7.175,86.81015065275807,-7.015765527611462,48.1434476614611,87.6499326488179,-6.998712721472566,46.240361130638206,1.516768,1.46437471560549,0.825444916404479,0.06451484351411733
1.1837,86.765831,-6.928959,46.017548,86.588158,-7.029622,45.867676,0.114269,0.110321838526079,0.147673330522958,0.08427548335566674
7.371,86.73133114843384,-7.716599999716022,46.05736169788053,87.6499326488179,-6.998785971190136,46.24049556143972,1.469369,1.41861300574282,0.771013301673368,0.08427548335566674
1.1837,86.765831,-6.928959,46.017548,86.588158,-7.029622,45.867676,0.114269,0.110321838526079,0.147673330522958,0.1100274157365226
7.378,86.71653901991426,-8.005070158690897,46.03431684995611,85.98644320658008,-6.827612342111877,45.862318217789856,1.719291,1.65990202138236,0.904169613098083,0.1100274157365226
1.1838,86.765831,-6.928959,46.017548,86.879021,-6.904219,46.584698,0.12246,0.118229899149407,0.20689962960885,0.1025797419435388
7.14,86.7658295591843,-6.886886761145572,46.098331195293184,86.84459621387502,-5.494797933562612,45.9048795604718,1.641729,1.58501922342526,0.926796294823539,0.1025797419435388
1.1838,86.765831,-6.928959,46.017548,86.879021,-6.904219,46.584698,0.12246,0.118229899149407,0.20689962960885,0.09580560593801156
7.18,86.7658295591843,-6.886886761145572,46.098331195293184,86.71653901991426,-8.00499584907055,46.03440374663597,1.443515,1.39365207309045,0.748136633939822,0.09580560593801156
1.1838,86.765831,-6.928959,46.017548,86.879021,-6.904219,46.584698,0.12246,0.118229899149407,0.20689962960885,0.08834333682715736
7.19,86.7658295591843,-6.886886761145572,46.098331195293184,86.67707250086858,-8.362911619950285,46.010637201682854,1.736527,1.6765426431506,0.986908193456699,0.08834333682715736
1.1838,86.765831,-6.928959,46.017548,86.879021,-6.904219,46.584698,0.12246,0.118229899149407,0.20689962960885,0.10462715773676923
7.175,86.81015065275807,-7.015765527611462,48.1434476614611,87.6499326488179,-6.998712721472566,46.240361130638206,1.516768,1.46437471560549,0.825444916404479,0.10462715773676923
1.1838,86.765831,-6.928959,46.017548,86.879021,-6.904219,46.584698,0.12246,0.118229899149407,0.20689962960885,0.10569387461001936
7.371,86.73133114843384,-7.716599999716022,46.05736169788053,87.6499326488179,-6.998785971190136,46.24049556143972,1.469369,1.41861300574282,0.771013301673368,0.10569387461001936
1.1838,86.765831,-6.928959,46.017548,86.879021,-6.904219,46.584698,0.12246,0.118229899149407,0.20689962960885,0.05692126042010156
7.377,86.71653901991426,-8.005070158690897,46.03431684995611,87.91079767346552,-6.912991100544719,46.254533173971325,2.081247,2.00935507851548,1.07019807378288,0.05692126042010156
1.1838,86.765831,-6.928959,46.017548,86.879021,-6.904219,46.584698,0.12246,0.118229899149407,0.20689962960885,0.16486031024922176
7.378,86.71653901991426,-8.005070158690897,46.03431684995611,85.98644320658008,-6.827612342111877,45.862318217789856,1.719291,1.65990202138236,0.904169613098083,0.16486031024922176
1.1839,86.765831,-6.928959,46.017548,86.834755,-7.039258,46.092392,0.157364,0.151928220233115,0.0846904704475316,0.052529509259886885
7.378,86.71653901991426,-8.005070158690897,46.03431684995611,85.98644320658008,-6.827612342111877,45.862318217789856,1.719291,1.65990202138236,0.904169613098083,0.052529509259886885
1.1840,86.765831,-6.928959,46.017548,86.765831,-6.72681,46.364475,0.213826,0.206439869471837,0.196715081172286,0.06444062871621384
7.14,86.7658295591843,-6.886886761145572,46.098331195293184,86.84459621387502,-5.494797933562612,45.9048795604718,1.641729,1.58501922342526,0.926796294823539,0.06444062871621384
1.1840,86.765831,-6.928959,46.017548,86.765831,-6.72681,46.364475,0.213826,0.206439869471837,0.196715081172286,0.05935074898980974
7.19,86.7658295591843,-6.886886761145572,46.098331195293184,86.67707250086858,-8.362911619950285,46.010637201682854,1.736527,1.6765426431506,0.986908193456699,0.05935074898980974
1.1840,86.765831,-6.928959,46.017548,86.765831,-6.72681,46.364475,0.213826,0.206439869471837,0.196715081172286,0.05269871804573489
7.175,86.81015065275807,-7.015765527611462,48.1434476614611,87.6499326488179,-6.998712721472566,46.240361130638206,1.516768,1.46437471560549,0.825444916404479,0.05269871804573489
1.1840,86.765831,-6.928959,46.017548,86.765831,-6.72681,46.364475,0.213826,0.206439869471837,0.196715081172286,0.05061672076537685
7.371,86.73133114843384,-7.716599999716022,46.05736169788053,87.6499326488179,-6.998785971190136,46.24049556143972,1.469369,1.41861300574282,0.771013301673368,0.05061672076537685
1.1840,86.765831,-6.928959,46.017548,86.765831,-6.72681,46.364475,0.213826,0.206439869471837,0.196715081172286,0.10990659851826648
7.378,86.71653901991426,-8.005070158690897,46.03431684995611,85.98644320658008,-6.827612342111877,45.862318217789856,1.719291,1.65990202138236,0.904169613098083,0.10990659851826648
1.1841,86.765831,-6.928959,46.017548,86.908508,-7.22166,46.179672,0.183512,0.17717299732734,0.211001987105567,0.08193383393716462
7.14,86.7658295591843,-6.886886761145572,46.098331195293184,86.84459621387502,-5.494797933562612,45.9048795604718,1.641729,1.58501922342526,0.926796294823539,0.08193383393716462
1.1841,86.765831,-6.928959,46.017548,86.908508,-7.22166,46.179672,0.183512,0.17717299732734,0.211001987105567,0.06043600905515287
7.18,86.7658295591843,-6.886886761145572,46.098331195293184,86.71653901991426,-8.00499584907055,46.03440374663597,1.443515,1.39365207309045,0.748136633939822,0.06043600905515287
1.1841,86.765831,-6.928959,46.017548,86.908508,-7.22166,46.179672,0.183512,0.17717299732734,0.211001987105567,0.07796252812728117
7.19,86.7658295591843,-6.886886761145572,46.098331195293184,86.67707250086858,-8.362911619950285,46.010637201682854,1.736527,1.6765426431506,0.986908193456699,0.07796252812728117
1.1841,86.765831,-6.928959,46.017548,86.908508,-7.22166,46.179672,0.183512,0.17717299732734,0.211001987105567,0.06749209656894165
7.175,86.81015065275807,-7.015765527611462,48.1434476614611,87.6499326488179,-6.998712721472566,46.240361130638206,1.516768,1.46437471560549,0.825444916404479,0.06749209656894165
1.1841,86.765831,-6.928959,46.017548,86.908508,-7.22166,46.179672,0.183512,0.17717299732734,0.211001987105567,0.06936603233853099
7.371,86.73133114843384,-7.716599999716022,46.05736169788053,87.6499326488179,-6.998785971190136,46.24049556143972,1.469369,1.41861300574282,0.771013301673368,0.06936603233853099
1.1841,86.765831,-6.928959,46.017548,86.908508,-7.22166,46.179672,0.183512,0.17717299732734,0.211001987105567,0.05825617862300522
7.377,86.71653901991426,-8.005070158690897,46.03431684995611,87.91079767346552,-6.912991100544719,46.254533173971325,2.081247,2.00935507851548,1.07019807378288,0.05825617862300522
1.1841,86.765831,-6.928959,46.017548,86.908508,-7.22166,46.179672,0.183512,0.17717299732734,0.211001987105567,0.13711633643730278
7.378,86.71653901991426,-8.005070158690897,46.03431684995611,85.98644320658008,-6.827612342111877,45.862318217789856,1.719291,1.65990202138236,0.904169613098083,0.13711633643730278
1.1842,86.765831,-6.928959,46.017548,87.021378,-6.960626,45.902729,0.1686,0.162776098289973,0.171774114577513,0.06497661433134963
7.14,86.7658295591843,-6.886886761145572,46.098331195293184,86.84459621387502,-5.494797933562612,45.9048795604718,1.641729,1.58501922342526,0.926796294823539,0.06497661433134963
1.1842,86.765831,-6.928959,46.017548,87.021378,-6.960626,45.902729,0.1686,0.162776098289973,0.171774114577513,0.05934911229050606
7.18,86.7658295591843,-6.886886761145572,46.098331195293184,86.71653901991426,-8.00499584907055,46.03440374663597,1.443515,1.39365207309045,0.748136633939822,0.05934911229050606
1.1842,86.765831,-6.928959,46.017548,87.021378,-6.960626,45.902729,0.1686,0.162776098289973,0.171774114577513,0.054886884176343444
7.19,86.7658295591843,-6.886886761145572,46.098331195293184,86.67707250086858,-8.362911619950285,46.010637201682854,1.736527,1.6765426431506,0.986908193456699,0.054886884176343444
1.1842,86.765831,-6.928959,46.017548,87.021378,-6.960626,45.902729,0.1686,0.162776098289973,0.171774114577513,0.05734146688746754
7.175,86.81015065275807,-7.015765527611462,48.1434476614611,87.6499326488179,-6.998712721472566,46.240361130638206,1.516768,1.46437471560549,0.825444916404479,0.05734146688746754
1.1842,86.765831,-6.928959,46.017548,87.021378,-6.960626,45.902729,0.1686,0.162776098289973,0.171774114577513,0.06570127204704868
7.371,86.73133114843384,-7.716599999716022,46.05736169788053,87.6499326488179,-6.998785971190136,46.24049556143972,1.469369,1.41861300574282,0.771013301673368,0.06570127204704868
1.1842,86.765831,-6.928959,46.017548,87.021378,-6.960626,45.902729,0.1686,0.162776098289973,0.171774114577513,0.11048405270396681
7.378,86.71653901991426,-8.005070158690897,46.03431684995611,85.98644320658008,-6.827612342111877,45.862318217789856,1.719291,1.65990202138236,0.904169613098083,0.11048405270396681
1.1843,86.765831,-6.928959,46.017548,86.637573,-6.779184,46.488831,0.221658,0.214001330929767,0.220686033367714,0.07262277978572418
7.14,86.7658295591843,-6.886886761145572,46.098331195293184,86.84459621387502,-5.494797933562612,45.9048795604718,1.641729,1.58501922342526,0.926796294823539,0.07262277978572418
1.1843,86.765831,-6.928959,46.017548,86.637573,-6.779184,46.488831,0.221658,0.214001330929767,0.220686033367714,0.0691613169272564
7.19,86.7658295591843,-6.886886761145572,46.098331195293184,86.67707250086858,-8.362911619950285,46.010637201682854,1.736527,1.6765426431506,0.986908193456699,0.0691613169272564
1.1843,86.765831,-6.928959,46.017548,86.637573,-6.779184,46.488831,0.221658,0.214001330929767,0.220686033367714,0.05766307245251265
7.175,86.81015065275807,-7.015765527611462,48.1434476614611,87.6499326488179,-6.998712721472566,46.240361130638206,1.516768,1.46437471560549,0.825444916404479,0.05766307245251265
1.1843,86.765831,-6.928959,46.017548,86.637573,-6.779184,46.488831,0.221658,0.214001330929767,0.220686033367714,0.05159081996684087
7.371,86.73133114843384,-7.716599999716022,46.05736169788053,87.6499326488179,-6.998785971190136,46.24049556143972,1.469369,1.41861300574282,0.771013301673368,0.05159081996684087
1.1843,86.765831,-6.928959,46.017548,86.637573,-6.779184,46.488831,0.221658,0.214001330929767,0.220686033367714,0.06405817736759464
7.377,86.71653901991426,-8.005070158690897,46.03431684995611,87.91079767346552,-6.912991100544719,46.254533173971325,2.081247,2.00935507851548,1.07019807378288,0.06405817736759464
1.1843,86.765831,-6.928959,46.017548,86.637573,-6.779184,46.488831,0.221658,0.214001330929767,0.220686033367714,0.1244009534033326
7.378,86.71653901991426,-8.005070158690897,46.03431684995611,85.98644320658008,-6.827612342111877,45.862318217789856,1.719291,1.65990202138236,0.904169613098083,0.1244009534033326
1.1844,86.765831,-6.928959,46.017548,87.197563,-6.889732,46.143147,0.293955,0.283800996280124,0.283664848195597,0.07032254502234489
7.14,86.7658295591843,-6.886886761145572,46.098331195293184,86.84459621387502,-5.494797933562612,45.9048795604718,1.641729,1.58501922342526,0.926796294823539,0.07032254502234489
1.1844,86.765831,-6.928959,46.017548,87.197563,-6.889732,46.143147,0.293955,0.283800996280124,0.283664848195597,0.08147334918426095
7.19,86.7658295591843,-6.886886761145572,46.098331195293184,86.67707250086858,-8.362911619950285,46.010637201682854,1.736527,1.6765426431506,0.986908193456699,0.08147334918426095
1.1844,86.765831,-6.928959,46.017548,87.197563,-6.889732,46.143147,0.293955,0.283800996280124,0.283664848195597,0.12085837152408646
7.377,86.71653901991426,-8.005070158690897,46.03431684995611,87.91079767346552,-6.912991100544719,46.254533173971325,2.081247,2.00935507851548,1.07019807378288,0.12085837152408646
1.1844,86.765831,-6.928959,46.017548,87.197563,-6.889732,46.143147,0.293955,0.283800996280124,0.283664848195597,0.12655461312932284
7.378,86.71653901991426,-8.005070158690897,46.03431684995611,85.98644320658008,-6.827612342111877,45.862318217789856,1.719291,1.65990202138236,0.904169613098083,0.12655461312932284
1.1845,86.765831,-6.928959,46.017548,86.726402,-6.404119,46.272121,0.370812,0.358003146851135,0.379947563117786,0.06432244106153766
7.14,86.7658295591843,-6.886886761145572,46.098331195293184,86.84459621387502,-5.494797933562612,45.9048795604718,1.641729,1.58501922342526,0.926796294823539,0.06432244106153766
1.1845,86.765831,-6.928959,46.017548,86.726402,-6.404119,46.272121,0.370812,0.358003146851135,0.379947563117786,0.074451919329866
7.15,86.7658295591843,-6.886886761145572,46.098331195293184,86.79538120123281,-5.232766535978928,45.990496802659166,1.822707,1.75974575199182,1.10754391973894,0.074451919329866
1.1845,86.765831,-6.928959,46.017548,86.726402,-6.404119,46.272121,0.370812,0.358003146851135,0.379947563117786,0.09563123867660552
7.19,86.7658295591843,-6.886886761145572,46.098331195293184,86.67707250086858,-8.362911619950285,46.010637201682854,1.736527,1.6765426431506,0.986908193456699,0.09563123867660552
1.1845,86.765831,-6.928959,46.017548,86.726402,-6.404119,46.272121,0.370812,0.358003146851135,0.379947563117786,0.07132422231713866
7.20,86.7658295591843,-6.886886761145572,46.098331195293184,86.66226473133806,-8.65521912884809,45.9308745554945,2.012303,1.94279259144251,1.18673263202849,0.07132422231713866
1.1845,86.765831,-6.928959,46.017548,86.726402,-6.404119,46.272121,0.370812,0.358003146851135,0.379947563117786,0.06481812062382489
7.197,86.72147020278406,-6.952600082149929,49.03401581095122,87.91079767346552,-6.9130888310366405,46.25464083798387,2.227753,2.15080036354556,1.18312839848625,0.06481812062382489
1.1845,86.765831,-6.928959,46.017548,86.726402,-6.404119,46.272121,0.370812,0.358003146851135,0.379947563117786,0.22439536450835984
7.377,86.71653901991426,-8.005070158690897,46.03431684995611,87.91079767346552,-6.912991100544719,46.254533173971325,2.081247,2.00935507851548,1.07019807378288,0.22439536450835984
1.1845,86.765831,-6.928959,46.017548,86.726402,-6.404119,46.272121,0.370812,0.358003146851135,0.379947563117786,0.12231339975170706
7.378,86.71653901991426,-8.005070158690897,46.03431684995611,85.98644320658008,-6.827612342111877,45.862318217789856,1.719291,1.65990202138236,0.904169613098083,0.12231339975170706
1.1846,86.765831,-6.928959,46.017548,86.819992,-6.848373,45.654755,0.110088,0.106285261616527,0.126347640293421,0.05602795368262613
7.14,86.7658295591843,-6.886886761145572,46.098331195293184,86.84459621387502,-5.494797933562612,45.9048795604718,1.641729,1.58501922342526,0.926796294823539,0.05602795368262613
1.1846,86.765831,-6.928959,46.017548,86.819992,-6.848373,45.654755,0.110088,0.106285261616527,0.126347640293421,0.07337438595680278
7.18,86.7658295591843,-6.886886761145572,46.098331195293184,86.71653901991426,-8.00499584907055,46.03440374663597,1.443515,1.39365207309045,0.748136633939822,0.07337438595680278
1.1846,86.765831,-6.928959,46.017548,86.819992,-6.848373,45.654755,0.110088,0.106285261616527,0.126347640293421,0.06101381359185892
7.175,86.81015065275807,-7.015765527611462,48.1434476614611,87.6499326488179,-6.998712721472566,46.240361130638206,1.516768,1.46437471560549,0.825444916404479,0.06101381359185892
1.1846,86.765831,-6.928959,46.017548,86.819992,-6.848373,45.654755,0.110088,0.106285261616527,0.126347640293421,0.07697261263355518
7.371,86.73133114843384,-7.716599999716022,46.05736169788053,87.6499326488179,-6.998785971190136,46.24049556143972,1.469369,1.41861300574282,0.771013301673368,0.07697261263355518
1.1846,86.765831,-6.928959,46.017548,86.819992,-6.848373,45.654755,0.110088,0.106285261616527,0.126347640293421,0.09271526170357067
7.378,86.71653901991426,-8.005070158690897,46.03431684995611,85.98644320658008,-6.827612342111877,45.862318217789856,1.719291,1.65990202138236,0.904169613098083,0.09271526170357067
1.1847,86.765831,-6.928959,46.017548,86.898674,-6.790941,46.113861,0.12648,0.122111037436036,0.135077106215481,0.057382926432439765
7.14,86.7658295591843,-6.886886761145572,46.098331195293184,86.84459621387502,-5.494797933562612,45.9048795604718,1.641729,1.58501922342526,0.926796294823539,0.057382926432439765
1.1847,86.765831,-6.928959,46.017548,86.898674,-6.790941,46.113861,0.12648,0.122111037436036,0.135077106215481,0.068946908183488
7.18,86.7658295591843,-6.886886761145572,46.098331195293184,86.71653901991426,-8.00499584907055,46.03440374663597,1.443515,1.39365207309045,0.748136633939822,0.068946908183488
1.1847,86.765831,-6.928959,46.017548,86.898674,-6.790941,46.113861,0.12648,0.122111037436036,0.135077106215481,0.059026322520446345
7.175,86.81015065275807,-7.015765527611462,48.1434476614611,87.6499326488179,-6.998712721472566,46.240361130638206,1.516768,1.46437471560549,0.825444916404479,0.059026322520446345
1.1847,86.765831,-6.928959,46.017548,86.898674,-6.790941,46.113861,0.12648,0.122111037436036,0.135077106215481,0.07282662523104527
7.371,86.73133114843384,-7.716599999716022,46.05736169788053,87.6499326488179,-6.998785971190136,46.24049556143972,1.469369,1.41861300574282,0.771013301673368,0.07282662523104527
1.1847,86.765831,-6.928959,46.017548,86.898674,-6.790941,46.113861,0.12648,0.122111037436036,0.135077106215481,0.09535591108300585
7.378,86.71653901991426,-8.005070158690897,46.03431684995611,85.98644320658008,-6.827612342111877,45.862318217789856,1.719291,1.65990202138236,0.904169613098083,0.09535591108300585
1.1848,86.765831,-6.928959,46.017548,86.829834,-7.261144,46.006428,0.12648,0.122111037436036,0.226082472581783,0.11704904603989653
7.14,86.7658295591843,-6.886886761145572,46.098331195293184,86.84459621387502,-5.494797933562612,45.9048795604718,1.641729,1.58501922342526,0.926796294823539,0.11704904603989653
1.1848,86.765831,-6.928959,46.017548,86.829834,-7.261144,46.006428,0.12648,0.122111037436036,0.226082472581783,0.09967117122359428
7.18,86.7658295591843,-6.886886761145572,46.098331195293184,86.71653901991426,-8.00499584907055,46.03440374663597,1.443515,1.39365207309045,0.748136633939822,0.09967117122359428
1.1848,86.765831,-6.928959,46.017548,86.829834,-7.261144,46.006428,0.12648,0.122111037436036,0.226082472581783,0.1076133100290059
7.19,86.7658295591843,-6.886886761145572,46.098331195293184,86.67707250086858,-8.362911619950285,46.010637201682854,1.736527,1.6765426431506,0.986908193456699,0.1076133100290059
1.1848,86.765831,-6.928959,46.017548,86.829834,-7.261144,46.006428,0.12648,0.122111037436036,0.226082472581783,0.09882222651444417
7.175,86.81015065275807,-7.015765527611462,48.1434476614611,87.6499326488179,-6.998712721472566,46.240361130638206,1.516768,1.46437471560549,0.825444916404479,0.09882222651444417
1.1848,86.765831,-6.928959,46.017548,86.829834,-7.261144,46.006428,0.12648,0.122111037436036,0.226082472581783,0.058815099390006315
7.331,86.82491586201648,-6.180872031917528,45.9077669538396,86.73133114843384,-7.716394842513741,46.05735338070078,1.641729,1.58501922342526,1.01652191364691,0.058815099390006315
1.1848,86.765831,-6.928959,46.017548,86.829834,-7.261144,46.006428,0.12648,0.122111037436036,0.226082472581783,0.11045371580155657
7.371,86.73133114843384,-7.716599999716022,46.05736169788053,87.6499326488179,-6.998785971190136,46.24049556143972,1.469369,1.41861300574282,0.771013301673368,0.11045371580155657
1.1848,86.765831,-6.928959,46.017548,86.829834,-7.261144,46.006428,0.12648,0.122111037436036,0.226082472581783,0.07374112122233663
7.377,86.71653901991426,-8.005070158690897,46.03431684995611,87.91079767346552,-6.912991100544719,46.254533173971325,2.081247,2.00935507851548,1.07019807378288,0.07374112122233663
1.1848,86.765831,-6.928959,46.017548,86.829834,-7.261144,46.006428,0.12648,0.122111037436036,0.226082472581783,0.1854698445084193
7.378,86.71653901991426,-8.005070158690897,46.03431684995611,85.98644320658008,-6.827612342111877,45.862318217789856,1.719291,1.65990202138236,0.904169613098083,0.1854698445084193
1.1849,86.765831,-6.928959,46.017548,86.632637,-6.902028,46.243908,0.110088,0.106285261616527,0.118700695211603,0.05133881231922576
7.14,86.7658295591843,-6.886886761145572,46.098331195293184,86.84459621387502,-5.494797933562612,45.9048795604718,1.641729,1.58501922342526,0.926796294823539,0.05133881231922576
1.1849,86.765831,-6.928959,46.017548,86.632637,-6.902028,46.243908,0.110088,0.106285261616527,0.118700695211603,0.07073259454893982
7.18,86.7658295591843,-6.886886761145572,46.098331195293184,86.71653901991426,-8.00499584907055,46.03440374663597,1.443515,1.39365207309045,0.748136633939822,0.07073259454893982
1.1849,86.765831,-6.928959,46.017548,86.632637,-6.902028,46.243908,0.110088,0.106285261616527,0.118700695211603,0.06176859829423337
7.175,86.81015065275807,-7.015765527611462,48.1434476614611,87.6499326488179,-6.998712721472566,46.240361130638206,1.516768,1.46437471560549,0.825444916404479,0.06176859829423337
1.1849,86.765831,-6.928959,46.017548,86.632637,-6.902028,46.243908,0.110088,0.106285261616527,0.118700695211603,0.07370195953848652
7.371,86.73133114843384,-7.716599999716022,46.05736169788053,87.6499326488179,-6.998785971190136,46.24049556143972,1.469369,1.41861300574282,0.771013301673368,0.07370195953848652
1.1849,86.765831,-6.928959,46.017548,86.632637,-6.902028,46.243908,0.110088,0.106285261616527,0.118700695211603,0.08644292680840936
7.378,86.71653901991426,-8.005070158690897,46.03431684995611,85.98644320658008,-6.827612342111877,45.862318217789856,1.719291,1.65990202138236,0.904169613098083,0.08644292680840936
1.1850,86.765831,-6.928959,46.017548,86.736259,-6.674554,45.997116,0.153592,0.148286515353223,0.169749121666249,0.07005290416277142
7.14,86.7658295591843,-6.886886761145572,46.098331195293184,86.84459621387502,-5.494797933562612,45.9048795604718,1.641729,1.58501922342526,0.926796294823539,0.07005290416277142
1.1850,86.765831,-6.928959,46.017548,86.736259,-6.674554,45.997116,0.153592,0.148286515353223,0.169749121666249,0.0664846255355379
7.18,86.7658295591843,-6.886886761145572,46.098331195293184,86.71653901991426,-8.00499584907055,46.03440374663597,1.443515,1.39365207309045,0.748136633939822,0.0664846255355379
1.1850,86.765831,-6.928959,46.017548,86.736259,-6.674554,45.997116,0.153592,0.148286515353223,0.169749121666249,0.056590657551844205
7.19,86.7658295591843,-6.886886761145572,46.098331195293184,86.67707250086858,-8.362911619950285,46.010637201682854,1.736527,1.6765426431506,0.986908193456699,0.056590657551844205
1.1850,86.765831,-6.928959,46.017548,86.736259,-6.674554,45.997116,0.153592,0.148286515353223,0.169749121666249,0.061260299795999236
7.175,86.81015065275807,-7.015765527611462,48.1434476614611,87.6499326488179,-6.998712721472566,46.240361130638206,1.516768,1.46437471560549,0.825444916404479,0.061260299795999236
1.1850,86.765831,-6.928959,46.017548,86.736259,-6.674554,45.997116,0.153592,0.148286515353223,0.169749121666249,0.07261523263456335
7.371,86.73133114843384,-7.716599999716022,46.05736169788053,87.6499326488179,-6.998785971190136,46.24049556143972,1.469369,1.41861300574282,0.771013301673368,0.07261523263456335
1.1850,86.765831,-6.928959,46.017548,86.736259,-6.674554,45.997116,0.153592,0.148286515353223,0.169749121666249,0.1151817052870003
7.378,86.71653901991426,-8.005070158690897,46.03431684995611,85.98644320658008,-6.827612342111877,45.862318217789856,1.719291,1.65990202138236,0.904169613098083,0.1151817052870003
1.1851,86.765831,-6.928959,46.017548,86.977242,-6.894741,46.307915,0.130454,0.125947764687545,0.171969429522031,0.0770546666326676
7.14,86.7658295591843,-6.886886761145572,46.098331195293184,86.84459621387502,-5.494797933562612,45.9048795604718,1.641729,1.58501922342526,0.926796294823539,0.0770546666326676
1.1851,86.765831,-6.928959,46.017548,86.977242,-6.894741,46.307915,0.130454,0.125947764687545,0.171969429522031,0.07965275326420239
7.18,86.7658295591843,-6.886886761145572,46.098331195293184,86.71653901991426,-8.00499584907055,46.03440374663597,1.443515,1.39365207309045,0.748136633939822,0.07965275326420239
1.1851,86.765831,-6.928959,46.017548,86.977242,-6.894741,46.307915,0.130454,0.125947764687545,0.171969429522031,0.06157284088129259
7.19,86.7658295591843,-6.886886761145572,46.098331195293184,86.67707250086858,-8.362911619950285,46.010637201682854,1.736527,1.6765426431506,0.986908193456699,0.06157284088129259
1.1851,86.765831,-6.928959,46.017548,86.977242,-6.894741,46.307915,0.130454,0.125947764687545,0.171969429522031,0.07824642852171725
7.175,86.81015065275807,-7.015765527611462,48.1434476614611,87.6499326488179,-6.998712721472566,46.240361130638206,1.516768,1.46437471560549,0.825444916404479,0.07824642852171725
1.1851,86.765831,-6.928959,46.017548,86.977242,-6.894741,46.307915,0.130454,0.125947764687545,0.171969429522031,0.08606192975504627
7.371,86.73133114843384,-7.716599999716022,46.05736169788053,87.6499326488179,-6.998785971190136,46.24049556143972,1.469369,1.41861300574282,0.771013301673368,0.08606192975504627
1.1851,86.765831,-6.928959,46.017548,86.977242,-6.894741,46.307915,0.130454,0.125947764687545,0.171969429522031,0.12628637317394817
7.378,86.71653901991426,-8.005070158690897,46.03431684995611,85.98644320658008,-6.827612342111877,45.862318217789856,1.719291,1.65990202138236,0.904169613098083,0.12628637317394817
1.1852,86.765831,-6.928959,46.017548,86.883934,-7.126414,46.502552,0.187248,0.180779945744963,0.198665417789462,0.07034741008772859
7.14,86.7658295591843,-6.886886761145572,46.098331195293184,86.84459621387502,-5.494797933562612,45.9048795604718,1.641729,1.58501922342526,0.926796294823539,0.07034741008772859
1.1852,86.765831,-6.928959,46.017548,86.883934,-7.126414,46.502552,0.187248,0.180779945744963,0.198665417789462,0.0560392591453617
7.18,86.7658295591843,-6.886886761145572,46.098331195293184,86.71653901991426,-8.00499584907055,46.03440374663597,1.443515,1.39365207309045,0.748136633939822,0.0560392591453617
1.1852,86.765831,-6.928959,46.017548,86.883934,-7.126414,46.502552,0.187248,0.180779945744963,0.198665417789462,0.06784657966992594
7.19,86.7658295591843,-6.886886761145572,46.098331195293184,86.67707250086858,-8.362911619950285,46.010637201682854,1.736527,1.6765426431506,0.986908193456699,0.06784657966992594
1.1852,86.765831,-6.928959,46.017548,86.883934,-7.126414,46.502552,0.187248,0.180779945744963,0.198665417789462,0.06636207484561576
7.175,86.81015065275807,-7.015765527611462,48.1434476614611,87.6499326488179,-6.998712721472566,46.240361130638206,1.516768,1.46437471560549,0.825444916404479,0.06636207484561576
1.1852,86.765831,-6.928959,46.017548,86.883934,-7.126414,46.502552,0.187248,0.180779945744963,0.198665417789462,0.06411489206031132
7.371,86.73133114843384,-7.716599999716022,46.05736169788053,87.6499326488179,-6.998785971190136,46.24049556143972,1.469369,1.41861300574282,0.771013301673368,0.06411489206031132
1.1852,86.765831,-6.928959,46.017548,86.883934,-7.126414,46.502552,0.187248,0.180779945744963,0.198665417789462,0.12443014204677366
7.378,86.71653901991426,-8.005070158690897,46.03431684995611,85.98644320658008,-6.827612342111877,45.862318217789856,1.719291,1.65990202138236,0.904169613098083,0.12443014204677366
1.1853,86.765831,-6.928959,46.017548,86.617813,-7.230602,45.592922,0.221658,0.214001330929767,0.289011306060622,0.10433302366050276
7.14,86.7658295591843,-6.886886761145572,46.098331195293184,86.84459621387502,-5.494797933562612,45.9048795604718,1.641729,1.58501922342526,0.926796294823539,0.10433302366050276
1.1853,86.765831,-6.928959,46.017548,86.617813,-7.230602,45.592922,0.221658,0.214001330929767,0.289011306060622,0.05219218641469992
7.15,86.7658295591843,-6.886886761145572,46.098331195293184,86.79538120123281,-5.232766535978928,45.990496802659166,1.822707,1.75974575199182,1.10754391973894,0.05219218641469992
1.1853,86.765831,-6.928959,46.017548,86.617813,-7.230602,45.592922,0.221658,0.214001330929767,0.289011306060622,0.05100444047820754
7.18,86.7658295591843,-6.886886761145572,46.098331195293184,86.71653901991426,-8.00499584907055,46.03440374663597,1.443515,1.39365207309045,0.748136633939822,0.05100444047820754
1.1853,86.765831,-6.928959,46.017548,86.617813,-7.230602,45.592922,0.221658,0.214001330929767,0.289011306060622,0.12137475283174162
7.19,86.7658295591843,-6.886886761145572,46.098331195293184,86.67707250086858,-8.362911619950285,46.010637201682854,1.736527,1.6765426431506,0.986908193456699,0.12137475283174162
1.1853,86.765831,-6.928959,46.017548,86.617813,-7.230602,45.592922,0.221658,0.214001330929767,0.289011306060622,0.06764567490974027
7.175,86.81015065275807,-7.015765527611462,48.1434476614611,87.6499326488179,-6.998712721472566,46.240361130638206,1.516768,1.46437471560549,0.825444916404479,0.06764567490974027
1.1853,86.765831,-6.928959,46.017548,86.617813,-7.230602,45.592922,0.221658,0.214001330929767,0.289011306060622,0.06388059119248386
7.331,86.82491586201648,-6.180872031917528,45.9077669538396,86.73133114843384,-7.716394842513741,46.05735338070078,1.641729,1.58501922342526,1.01652191364691,0.06388059119248386
1.1853,86.765831,-6.928959,46.017548,86.617813,-7.230602,45.592922,0.221658,0.214001330929767,0.289011306060622,0.06292316286023485
7.371,86.73133114843384,-7.716599999716022,46.05736169788053,87.6499326488179,-6.998785971190136,46.24049556143972,1.469369,1.41861300574282,0.771013301673368,0.06292316286023485
1.1853,86.765831,-6.928959,46.017548,86.617813,-7.230602,45.592922,0.221658,0.214001330929767,0.289011306060622,0.13659875637923374
7.377,86.71653901991426,-8.005070158690897,46.03431684995611,87.91079767346552,-6.912991100544719,46.254533173971325,2.081247,2.00935507851548,1.07019807378288,0.13659875637923374
1.1853,86.765831,-6.928959,46.017548,86.617813,-7.230602,45.592922,0.221658,0.214001330929767,0.289011306060622,0.18404352383054087
7.378,86.71653901991426,-8.005070158690897,46.03431684995611,85.98644320658008,-6.827612342111877,45.862318217789856,1.719291,1.65990202138236,0.904169613098083,0.18404352383054087
1.1854,86.765831,-6.928959,46.017548,87.168236,-6.876986,46.302402,0.176056,0.169974547808656,0.281294934058041,0.1314975797922942
7.14,86.7658295591843,-6.886886761145572,46.098331195293184,86.84459621387502,-5.494797933562612,45.9048795604718,1.641729,1.58501922342526,0.926796294823539,0.1314975797922942
1.1854,86.765831,-6.928959,46.017548,87.168236,-6.876986,46.302402,0.176056,0.169974547808656,0.281294934058041,0.05859390828045746
7.15,86.7658295591843,-6.886886761145572,46.098331195293184,86.79538120123281,-5.232766535978928,45.990496802659166,1.822707,1.75974575199182,1.10754391973894,0.05859390828045746
1.1854,86.765831,-6.928959,46.017548,87.168236,-6.876986,46.302402,0.176056,0.169974547808656,0.281294934058041,0.07721743631526935
7.18,86.7658295591843,-6.886886761145572,46.098331195293184,86.71653901991426,-8.00499584907055,46.03440374663597,1.443515,1.39365207309045,0.748136633939822,0.07721743631526935
1.1854,86.765831,-6.928959,46.017548,87.168236,-6.876986,46.302402,0.176056,0.169974547808656,0.281294934058041,0.13285985803512854
7.19,86.7658295591843,-6.886886761145572,46.098331195293184,86.67707250086858,-8.362911619950285,46.010637201682854,1.736527,1.6765426431506,0.986908193456699,0.13285985803512854
1.1854,86.765831,-6.928959,46.017548,87.168236,-6.876986,46.302402,0.176056,0.169974547808656,0.281294934058041,0.09181508678631073
7.175,86.81015065275807,-7.015765527611462,48.1434476614611,87.6499326488179,-6.998712721472566,46.240361130638206,1.516768,1.46437471560549,0.825444916404479,0.09181508678631073
1.1854,86.765831,-6.928959,46.017548,87.168236,-6.876986,46.302402,0.176056,0.169974547808656,0.281294934058041,0.07547744155558052
7.331,86.82491586201648,-6.180872031917528,45.9077669538396,86.73133114843384,-7.716394842513741,46.05735338070078,1.641729,1.58501922342526,1.01652191364691,0.07547744155558052
1.1854,86.765831,-6.928959,46.017548,87.168236,-6.876986,46.302402,0.176056,0.169974547808656,0.281294934058041,0.0912105424721654
7.371,86.73133114843384,-7.716599999716022,46.05736169788053,87.6499326488179,-6.998785971190136,46.24049556143972,1.469369,1.41861300574282,0.771013301673368,0.0912105424721654
1.1854,86.765831,-6.928959,46.017548,87.168236,-6.876986,46.302402,0.176056,0.169974547808656,0.281294934058041,0.13197184717213573
7.377,86.71653901991426,-8.005070158690897,46.03431684995611,87.91079767346552,-6.912991100544719,46.254533173971325,2.081247,2.00935507851548,1.07019807378288,0.13197184717213573
1.1854,86.765831,-6.928959,46.017548,87.168236,-6.876986,46.302402,0.176056,0.169974547808656,0.281294934058041,0.21176823624483868
7.378,86.71653901991426,-8.005070158690897,46.03431684995611,85.98644320658008,-6.827612342111877,45.862318217789856,1.719291,1.65990202138236,0.904169613098083,0.21176823624483868
1.1855,86.765831,-6.928959,46.017548,86.765831,-7.256606,45.977787,0.206123,0.199002952003701,0.221865873667925,0.07911611149034958
7.14,86.7658295591843,-6.886886761145572,46.098331195293184,86.84459621387502,-5.494797933562612,45.9048795604718,1.641729,1.58501922342526,0.926796294823539,0.07911611149034958
1.1855,86.765831,-6.928959,46.017548,86.765831,-7.256606,45.977787,0.206123,0.199002952003701,0.221865873667925,0.05056839634832463
7.18,86.7658295591843,-6.886886761145572,46.098331195293184,86.71653901991426,-8.00499584907055,46.03440374663597,1.443515,1.39365207309045,0.748136633939822,0.05056839634832463
1.1855,86.765831,-6.928959,46.017548,86.765831,-7.256606,45.977787,0.206123,0.199002952003701,0.221865873667925,0.07856276109900903
7.19,86.7658295591843,-6.886886761145572,46.098331195293184,86.67707250086858,-8.362911619950285,46.010637201682854,1.736527,1.6765426431506,0.986908193456699,0.07856276109900903
1.1855,86.765831,-6.928959,46.017548,86.765831,-7.256606,45.977787,0.206123,0.199002952003701,0.221865873667925,0.0581640346817677
7.175,86.81015065275807,-7.015765527611462,48.1434476614611,87.6499326488179,-6.998712721472566,46.240361130638206,1.516768,1.46437471560549,0.825444916404479,0.0581640346817677
1.1855,86.765831,-6.928959,46.017548,86.765831,-7.256606,45.977787,0.206123,0.199002952003701,0.221865873667925,0.059711821738435755
7.371,86.73133114843384,-7.716599999716022,46.05736169788053,87.6499326488179,-6.998785971190136,46.24049556143972,1.469369,1.41861300574282,0.771013301673368,0.059711821738435755
1.1855,86.765831,-6.928959,46.017548,86.765831,-7.256606,45.977787,0.206123,0.199002952003701,0.221865873667925,0.06647474731679232
7.377,86.71653901991426,-8.005070158690897,46.03431684995611,87.91079767346552,-6.912991100544719,46.254533173971325,2.081247,2.00935507851548,1.07019807378288,0.06647474731679232
1.1855,86.765831,-6.928959,46.017548,86.765831,-7.256606,45.977787,0.206123,0.199002952003701,0.221865873667925,0.1340034210364212
7.378,86.71653901991426,-8.005070158690897,46.03431684995611,85.98644320658008,-6.827612342111877,45.862318217789856,1.719291,1.65990202138236,0.904169613098083,0.1340034210364212
1.1856,86.765831,-6.928959,46.017548,86.518898,-7.280407,45.78693,0.27349,0.264042912937868,0.308135847528346,0.0857883762450467
7.14,86.7658295591843,-6.886886761145572,46.098331195293184,86.84459621387502,-5.494797933562612,45.9048795604718,1.641729,1.58501922342526,0.926796294823539,0.0857883762450467
1.1856,86.765831,-6.928959,46.017548,86.518898,-7.280407,45.78693,0.27349,0.264042912937868,0.308135847528346,0.052847710611414474
7.15,86.7658295591843,-6.886886761145572,46.098331195293184,86.79538120123281,-5.232766535978928,45.990496802659166,1.822707,1.75974575199182,1.10754391973894,0.052847710611414474
1.1856,86.765831,-6.928959,46.017548,86.518898,-7.280407,45.78693,0.27349,0.264042912937868,0.308135847528346,0.10955041781060428
7.19,86.7658295591843,-6.886886761145572,46.098331195293184,86.67707250086858,-8.362911619950285,46.010637201682854,1.736527,1.6765426431506,0.986908193456699,0.10955041781060428
1.1856,86.765831,-6.928959,46.017548,86.518898,-7.280407,45.78693,0.27349,0.264042912937868,0.308135847528346,0.054757362571730396
7.331,86.82491586201648,-6.180872031917528,45.9077669538396,86.73133114843384,-7.716394842513741,46.05735338070078,1.641729,1.58501922342526,1.01652191364691,0.054757362571730396
1.1856,86.765831,-6.928959,46.017548,86.518898,-7.280407,45.78693,0.27349,0.264042912937868,0.308135847528346,0.15341588434362438
7.377,86.71653901991426,-8.005070158690897,46.03431684995611,87.91079767346552,-6.912991100544719,46.254533173971325,2.081247,2.00935507851548,1.07019807378288,0.15341588434362438
1.1856,86.765831,-6.928959,46.017548,86.518898,-7.280407,45.78693,0.27349,0.264042912937868,0.308135847528346,0.15979665934153003
7.378,86.71653901991426,-8.005070158690897,46.03431684995611,85.98644320658008,-6.827612342111877,45.862318217789856,1.719291,1.65990202138236,0.904169613098083,0.15979665934153003
1.1857,86.765831,-6.928959,46.017548,86.716537,-6.298257,45.617359,0.604099,0.583231780550855,0.415782418743921,0.050512514127764356
7.197,86.72147020278406,-6.952600082149929,49.03401581095122,87.91079767346552,-6.9130888310366405,46.25464083798387,2.227753,2.15080036354556,1.18312839848625,0.050512514127764356
1.1857,86.765831,-6.928959,46.017548,86.716537,-6.298257,45.617359,0.604099,0.583231780550855,0.415782418743921,0.1314263554938431
7.377,86.71653901991426,-8.005070158690897,46.03431684995611,87.91079767346552,-6.912991100544719,46.254533173971325,2.081247,2.00935507851548,1.07019807378288,0.1314263554938431
1.1858,86.765831,-6.928959,46.017548,86.583214,-6.909454,46.05006,0.12246,0.118229899149407,0.119601542842649,0.06533243258063921
7.18,86.7658295591843,-6.886886761145572,46.098331195293184,86.71653901991426,-8.00499584907055,46.03440374663597,1.443515,1.39365207309045,0.748136633939822,0.06533243258063921
1.1858,86.765831,-6.928959,46.017548,86.583214,-6.909454,46.05006,0.12246,0.118229899149407,0.119601542842649,0.05484713193243563
7.175,86.81015065275807,-7.015765527611462,48.1434476614611,87.6499326488179,-6.998712721472566,46.240361130638206,1.516768,1.46437471560549,0.825444916404479,0.05484713193243563
1.1858,86.765831,-6.928959,46.017548,86.583214,-6.909454,46.05006,0.12246,0.118229899149407,0.119601542842649,0.06852617523756206
7.371,86.73133114843384,-7.716599999716022,46.05736169788053,87.6499326488179,-6.998785971190136,46.24049556143972,1.469369,1.41861300574282,0.771013301673368,0.06852617523756206
1.1858,86.765831,-6.928959,46.017548,86.583214,-6.909454,46.05006,0.12246,0.118229899149407,0.119601542842649,0.08403816299408835
7.378,86.71653901991426,-8.005070158690897,46.03431684995611,85.98644320658008,-6.827612342111877,45.862318217789856,1.719291,1.65990202138236,0.904169613098083,0.08403816299408835
1.1859,86.765831,-6.928959,46.017548,86.706673,-7.091123,46.216839,0.190992,0.184394617820869,0.119405734866329,0.06546737082726739
7.378,86.71653901991426,-8.005070158690897,46.03431684995611,85.98644320658008,-6.827612342111877,45.862318217789856,1.719291,1.65990202138236,0.904169613098083,0.06546737082726739
1.1860,86.765831,-6.928959,46.017548,86.588158,-7.086574,46.106335,0.149801,0.144626466784912,0.153915280580245,0.06100873947424945
7.14,86.7658295591843,-6.886886761145572,46.098331195293184,86.84459621387502,-5.494797933562612,45.9048795604718,1.641729,1.58501922342526,0.926796294823539,0.06100873947424945
1.1860,86.765831,-6.928959,46.017548,86.588158,-7.086574,46.106335,0.149801,0.144626466784912,0.153915280580245,0.06379258784776339
7.18,86.7658295591843,-6.886886761145572,46.098331195293184,86.71653901991426,-8.00499584907055,46.03440374663597,1.443515,1.39365207309045,0.748136633939822,0.06379258784776339
1.1860,86.765831,-6.928959,46.017548,86.588158,-7.086574,46.106335,0.149801,0.144626466784912,0.153915280580245,0.059434434791688744
7.175,86.81015065275807,-7.015765527611462,48.1434476614611,87.6499326488179,-6.998712721472566,46.240361130638206,1.516768,1.46437471560549,0.825444916404479,0.059434434791688744
1.1860,86.765831,-6.928959,46.017548,86.588158,-7.086574,46.106335,0.149801,0.144626466784912,0.153915280580245,0.06878815983713318
7.371,86.73133114843384,-7.716599999716022,46.05736169788053,87.6499326488179,-6.998785971190136,46.24049556143972,1.469369,1.41861300574282,0.771013301673368,0.06878815983713318
1.1860,86.765831,-6.928959,46.017548,86.588158,-7.086574,46.106335,0.149801,0.144626466784912,0.153915280580245,0.10332156855955167
7.378,86.71653901991426,-8.005070158690897,46.03431684995611,85.98644320658008,-6.827612342111877,45.862318217789856,1.719291,1.65990202138236,0.904169613098083,0.10332156855955167
1.1861,86.765831,-6.928959,46.017548,86.637573,-7.45829,46.00811,0.353134,0.340935792962818,0.362729641006093,0.06810508753992178
7.14,86.7658295591843,-6.886886761145572,46.098331195293184,86.84459621387502,-5.494797933562612,45.9048795604718,1.641729,1.58501922342526,0.926796294823539,0.06810508753992178
1.1861,86.765831,-6.928959,46.017548,86.637573,-7.45829,46.00811,0.353134,0.340935792962818,0.362729641006093,0.06705728151044697
7.15,86.7658295591843,-6.886886761145572,46.098331195293184,86.79538120123281,-5.232766535978928,45.990496802659166,1.822707,1.75974575199182,1.10754391973894,0.06705728151044697
1.1861,86.765831,-6.928959,46.017548,86.637573,-7.45829,46.00811,0.353134,0.340935792962818,0.362729641006093,0.09942710008996689
7.19,86.7658295591843,-6.886886761145572,46.098331195293184,86.67707250086858,-8.362911619950285,46.010637201682854,1.736527,1.6765426431506,0.986908193456699,0.09942710008996689
1.1861,86.765831,-6.928959,46.017548,86.637573,-7.45829,46.00811,0.353134,0.340935792962818,0.362729641006093,0.06577920445378758
7.20,86.7658295591843,-6.886886761145572,46.098331195293184,86.66226473133806,-8.65521912884809,45.9308745554945,2.012303,1.94279259144251,1.18673263202849,0.06577920445378758
1.1861,86.765831,-6.928959,46.017548,86.637573,-7.45829,46.00811,0.353134,0.340935792962818,0.362729641006093,0.20786955291297832
7.377,86.71653901991426,-8.005070158690897,46.03431684995611,87.91079767346552,-6.912991100544719,46.254533173971325,2.081247,2.00935507851548,1.07019807378288,0.20786955291297832
1.1861,86.765831,-6.928959,46.017548,86.637573,-7.45829,46.00811,0.353134,0.340935792962818,0.362729641006093,0.12934820171039363
7.378,86.71653901991426,-8.005070158690897,46.03431684995611,85.98644320658008,-6.827612342111877,45.862318217789856,1.719291,1.65990202138236,0.904169613098083,0.12934820171039363
1.1862,86.765831,-6.928959,46.017548,86.8741,-7.271618,45.911854,0.278394,0.268777515464642,0.249214463309774,0.06007212183709386
7.14,86.7658295591843,-6.886886761145572,46.098331195293184,86.84459621387502,-5.494797933562612,45.9048795604718,1.641729,1.58501922342526,0.926796294823539,0.06007212183709386
1.1862,86.765831,-6.928959,46.017548,86.8741,-7.271618,45.911854,0.278394,0.268777515464642,0.249214463309774,0.07138710054901752
7.19,86.7658295591843,-6.886886761145572,46.098331195293184,86.67707250086858,-8.362911619950285,46.010637201682854,1.736527,1.6765426431506,0.986908193456699,0.07138710054901752
1.1862,86.765831,-6.928959,46.017548,86.8741,-7.271618,45.911854,0.278394,0.268777515464642,0.249214463309774,0.08635607533449154
7.377,86.71653901991426,-8.005070158690897,46.03431684995611,87.91079767346552,-6.912991100544719,46.254533173971325,2.081247,2.00935507851548,1.07019807378288,0.08635607533449154
1.1862,86.765831,-6.928959,46.017548,86.8741,-7.271618,45.911854,0.278394,0.268777515464642,0.249214463309774,0.1138311628209468
7.378,86.71653901991426,-8.005070158690897,46.03431684995611,85.98644320658008,-6.827612342111877,45.862318217789856,1.719291,1.65990202138236,0.904169613098083,0.1138311628209468
1.1863,86.765831,-6.928959,46.017548,86.696808,-7.394817,45.967346,0.345153,0.333230478369389,0.317799911879059,0.059107013127602755
7.14,86.7658295591843,-6.886886761145572,46.098331195293184,86.84459621387502,-5.494797933562612,45.9048795604718,1.641729,1.58501922342526,0.926796294823539,0.059107013127602755
1.1863,86.765831,-6.928959,46.017548,86.696808,-7.394817,45.967346,0.345153,0.333230478369389,0.317799911879059,0.08065479607134522
7.19,86.7658295591843,-6.886886761145572,46.098331195293184,86.67707250086858,-8.362911619950285,46.010637201682854,1.736527,1.6765426431506,0.986908193456699,0.08065479607134522
1.1863,86.765831,-6.928959,46.017548,86.696808,-7.394817,45.967346,0.345153,0.333230478369389,0.317799911879059,0.1508482815032078
7.377,86.71653901991426,-8.005070158690897,46.03431684995611,87.91079767346552,-6.912991100544719,46.254533173971325,2.081247,2.00935507851548,1.07019807378288,0.1508482815032078
1.1863,86.765831,-6.928959,46.017548,86.696808,-7.394817,45.967346,0.345153,0.333230478369389,0.317799911879059,0.11386312377415922
7.378,86.71653901991426,-8.005070158690897,46.03431684995611,85.98644320658008,-6.827612342111877,45.862318217789856,1.719291,1.65990202138236,0.904169613098083,0.11386312377415922
1.1864,86.765831,-6.928959,46.017548,86.538696,-7.183772,45.638023,0.233721,0.225647642161511,0.277330851712458,0.09244581331224233
7.14,86.7658295591843,-6.886886761145572,46.098331195293184,86.84459621387502,-5.494797933562612,45.9048795604718,1.641729,1.58501922342526,0.926796294823539,0.09244581331224233
1.1864,86.765831,-6.928959,46.017548,86.538696,-7.183772,45.638023,0.233721,0.225647642161511,0.277330851712458,0.106374836098381
7.19,86.7658295591843,-6.886886761145572,46.098331195293184,86.67707250086858,-8.362911619950285,46.010637201682854,1.736527,1.6765426431506,0.986908193456699,0.106374836098381
1.1864,86.765831,-6.928959,46.017548,86.538696,-7.183772,45.638023,0.233721,0.225647642161511,0.277330851712458,0.05897777836073306
7.175,86.81015065275807,-7.015765527611462,48.1434476614611,87.6499326488179,-6.998712721472566,46.240361130638206,1.516768,1.46437471560549,0.825444916404479,0.05897777836073306
1.1864,86.765831,-6.928959,46.017548,86.538696,-7.183772,45.638023,0.233721,0.225647642161511,0.277330851712458,0.05490506627764663
7.331,86.82491586201648,-6.180872031917528,45.9077669538396,86.73133114843384,-7.716394842513741,46.05735338070078,1.641729,1.58501922342526,1.01652191364691,0.05490506627764663
1.1864,86.765831,-6.928959,46.017548,86.538696,-7.183772,45.638023,0.233721,0.225647642161511,0.277330851712458,0.05439907441474786
7.371,86.73133114843384,-7.716599999716022,46.05736169788053,87.6499326488179,-6.998785971190136,46.24049556143972,1.469369,1.41861300574282,0.771013301673368,0.05439907441474786
1.1864,86.765831,-6.928959,46.017548,86.538696,-7.183772,45.638023,0.233721,0.225647642161511,0.277330851712458,0.12109459816884785
7.377,86.71653901991426,-8.005070158690897,46.03431684995611,87.91079767346552,-6.912991100544719,46.254533173971325,2.081247,2.00935507851548,1.07019807378288,0.12109459816884785
1.1864,86.765831,-6.928959,46.017548,86.538696,-7.183772,45.638023,0.233721,0.225647642161511,0.277330851712458,0.1641199903468803
7.378,86.71653901991426,-8.005070158690897,46.03431684995611,85.98644320658008,-6.827612342111877,45.862318217789856,1.719291,1.65990202138236,0.904169613098083,0.1641199903468803
1.1865,86.765831,-6.928959,46.017548,86.553543,-7.063542,45.282799,0.187248,0.180779945744963,0.313961267026676,0.14337614910428936
7.14,86.7658295591843,-6.886886761145572,46.098331195293184,86.84459621387502,-5.494797933562612,45.9048795604718,1.641729,1.58501922342526,0.926796294823539,0.14337614910428936
1.1865,86.765831,-6.928959,46.017548,86.553543,-7.063542,45.282799,0.187248,0.180779945744963,0.313961267026676,0.07567543459551776
7.15,86.7658295591843,-6.886886761145572,46.098331195293184,86.79538120123281,-5.232766535978928,45.990496802659166,1.822707,1.75974575199182,1.10754391973894,0.07567543459551776
1.1865,86.765831,-6.928959,46.017548,86.553543,-7.063542,45.282799,0.187248,0.180779945744963,0.313961267026676,0.07466149640419936
7.18,86.7658295591843,-6.886886761145572,46.098331195293184,86.71653901991426,-8.00499584907055,46.03440374663597,1.443515,1.39365207309045,0.748136633939822,0.07466149640419936
1.1865,86.765831,-6.928959,46.017548,86.553543,-7.063542,45.282799,0.187248,0.180779945744963,0.313961267026676,0.15928881481146084
7.19,86.7658295591843,-6.886886761145572,46.098331195293184,86.67707250086858,-8.362911619950285,46.010637201682854,1.736527,1.6765426431506,0.986908193456699,0.15928881481146084
1.1865,86.765831,-6.928959,46.017548,86.553543,-7.063542,45.282799,0.187248,0.180779945744963,0.313961267026676,0.09179007898497162
7.175,86.81015065275807,-7.015765527611462,48.1434476614611,87.6499326488179,-6.998712721472566,46.240361130638206,1.516768,1.46437471560549,0.825444916404479,0.09179007898497162
1.1865,86.765831,-6.928959,46.017548,86.553543,-7.063542,45.282799,0.187248,0.180779945744963,0.313961267026676,0.09034619659308205
7.331,86.82491586201648,-6.180872031917528,45.9077669538396,86.73133114843384,-7.716394842513741,46.05735338070078,1.641729,1.58501922342526,1.01652191364691,0.09034619659308205
1.1865,86.765831,-6.928959,46.017548,86.553543,-7.063542,45.282799,0.187248,0.180779945744963,0.313961267026676,0.08976028117712251
7.371,86.73133114843384,-7.716599999716022,46.05736169788053,87.6499326488179,-6.998785971190136,46.24049556143972,1.469369,1.41861300574282,0.771013301673368,0.08976028117712251
1.1865,86.765831,-6.928959,46.017548,86.553543,-7.063542,45.282799,0.187248,0.180779945744963,0.313961267026676,0.1731366195702004
7.377,86.71653901991426,-8.005070158690897,46.03431684995611,87.91079767346552,-6.912991100544719,46.254533173971325,2.081247,2.00935507851548,1.07019807378288,0.1731366195702004
1.1865,86.765831,-6.928959,46.017548,86.553543,-7.063542,45.282799,0.187248,0.180779945744963,0.313961267026676,0.24047908971975537
7.378,86.71653901991426,-8.005070158690897,46.03431684995611,85.98644320658008,-6.827612342111877,45.862318217789856,1.719291,1.65990202138236,0.904169613098083,0.24047908971975537
1.1866,86.765831,-6.928959,46.017548,86.844597,-7.401752,46.090698,0.28343,0.273639558353066,0.314029272659344,0.08866046472279362
7.14,86.7658295591843,-6.886886761145572,46.098331195293184,86.84459621387502,-5.494797933562612,45.9048795604718,1.641729,1.58501922342526,0.926796294823539,0.08866046472279362
1.1866,86.765831,-6.928959,46.017548,86.844597,-7.401752,46.090698,0.28343,0.273639558353066,0.314029272659344,0.05914799290930713
7.15,86.7658295591843,-6.886886761145572,46.098331195293184,86.79538120123281,-5.232766535978928,45.990496802659166,1.822707,1.75974575199182,1.10754391973894,0.05914799290930713
1.1866,86.765831,-6.928959,46.017548,86.844597,-7.401752,46.090698,0.28343,0.273639558353066,0.314029272659344,0.10856710644949519
7.19,86.7658295591843,-6.886886761145572,46.098331195293184,86.67707250086858,-8.362911619950285,46.010637201682854,1.736527,1.6765426431506,0.986908193456699,0.10856710644949519
1.1866,86.765831,-6.928959,46.017548,86.844597,-7.401752,46.090698,0.28343,0.273639558353066,0.314029272659344,0.05363594504299336
7.331,86.82491586201648,-6.180872031917528,45.9077669538396,86.73133114843384,-7.716394842513741,46.05735338070078,1.641729,1.58501922342526,1.01652191364691,0.05363594504299336
1.1866,86.765831,-6.928959,46.017548,86.844597,-7.401752,46.090698,0.28343,0.273639558353066,0.314029272659344,0.15926584097445617
7.377,86.71653901991426,-8.005070158690897,46.03431684995611,87.91079767346552,-6.912991100544719,46.254533173971325,2.081247,2.00935507851548,1.07019807378288,0.15926584097445617
1.1866,86.765831,-6.928959,46.017548,86.844597,-7.401752,46.090698,0.28343,0.273639558353066,0.314029272659344,0.1564632815933243
7.378,86.71653901991426,-8.005070158690897,46.03431684995611,85.98644320658008,-6.827612342111877,45.862318217789856,1.719291,1.65990202138236,0.904169613098083,0.1564632815933243
1.1867,86.765831,-6.928959,46.017548,87.207329,-7.147621,46.097378,0.299475,0.2891303204946,0.31812294751842,0.07861706701943802
7.14,86.7658295591843,-6.886886761145572,46.098331195293184,86.84459621387502,-5.494797933562612,45.9048795604718,1.641729,1.58501922342526,0.926796294823539,0.07861706701943802
1.1867,86.765831,-6.928959,46.017548,87.207329,-7.147621,46.097378,0.299475,0.2891303204946,0.31812294751842,0.0542877058345093
7.15,86.7658295591843,-6.886886761145572,46.098331195293184,86.79538120123281,-5.232766535978928,45.990496802659166,1.822707,1.75974575199182,1.10754391973894,0.0542877058345093
1.1867,86.765831,-6.928959,46.017548,87.207329,-7.147621,46.097378,0.299475,0.2891303204946,0.31812294751842,0.10151691550552777
7.19,86.7658295591843,-6.886886761145572,46.098331195293184,86.67707250086858,-8.362911619950285,46.010637201682854,1.736527,1.6765426431506,0.986908193456699,0.10151691550552777
1.1867,86.765831,-6.928959,46.017548,87.207329,-7.147621,46.097378,0.299475,0.2891303204946,0.31812294751842,0.16189197269569486
7.377,86.71653901991426,-8.005070158690897,46.03431684995611,87.91079767346552,-6.912991100544719,46.254533173971325,2.081247,2.00935507851548,1.07019807378288,0.16189197269569486
1.1867,86.765831,-6.928959,46.017548,87.207329,-7.147621,46.097378,0.299475,0.2891303204946,0.31812294751842,0.14689531201120012
7.378,86.71653901991426,-8.005070158690897,46.03431684995611,85.98644320658008,-6.827612342111877,45.862318217789856,1.719291,1.65990202138236,0.904169613098083,0.14689531201120012
1.1868,86.765831,-6.928959,46.017548,86.780609,-6.110745,45.820366,0.538585,0.519980811966221,0.538523689593992,0.06604709954478816
7.15,86.7658295591843,-6.886886761145572,46.098331195293184,86.79538120123281,-5.232766535978928,45.990496802659166,1.822707,1.75974575199182,1.10754391973894,0.06604709954478816
1.1868,86.765831,-6.928959,46.017548,86.780609,-6.110745,45.820366,0.538585,0.519980811966221,0.538523689593992,0.1290254173925408
7.20,86.7658295591843,-6.886886761145572,46.098331195293184,86.66226473133806,-8.65521912884809,45.9308745554945,2.012303,1.94279259144251,1.18673263202849,0.1290254173925408
1.1868,86.765831,-6.928959,46.017548,86.780609,-6.110745,45.820366,0.538585,0.519980811966221,0.538523689593992,0.13753073924179718
7.197,86.72147020278406,-6.952600082149929,49.03401581095122,87.91079767346552,-6.9130888310366405,46.25464083798387,2.227753,2.15080036354556,1.18312839848625,0.13753073924179718
1.1868,86.765831,-6.928959,46.017548,86.780609,-6.110745,45.820366,0.538585,0.519980811966221,0.538523689593992,0.3060452093315124
7.377,86.71653901991426,-8.005070158690897,46.03431684995611,87.91079767346552,-6.912991100544719,46.254533173971325,2.081247,2.00935507851548,1.07019807378288,0.3060452093315124
1.1869,86.765831,-6.928959,46.017548,86.736259,-7.270064,46.284256,0.259463,0.250500443597931,0.224570079901524,0.060508831737224676
7.14,86.7658295591843,-6.886886761145572,46.098331195293184,86.84459621387502,-5.494797933562612,45.9048795604718,1.641729,1.58501922342526,0.926796294823539,0.060508831737224676
1.1869,86.765831,-6.928959,46.017548,86.736259,-7.270064,46.284256,0.259463,0.250500443597931,0.224570079901524,0.0639458140222334
7.19,86.7658295591843,-6.886886761145572,46.098331195293184,86.67707250086858,-8.362911619950285,46.010637201682854,1.736527,1.6765426431506,0.986908193456699,0.0639458140222334
1.1869,86.765831,-6.928959,46.017548,86.736259,-7.270064,46.284256,0.259463,0.250500443597931,0.224570079901524,0.06557394336133769
7.377,86.71653901991426,-8.005070158690897,46.03431684995611,87.91079767346552,-6.912991100544719,46.254533173971325,2.081247,2.00935507851548,1.07019807378288,0.06557394336133769
1.1869,86.765831,-6.928959,46.017548,86.736259,-7.270064,46.284256,0.259463,0.250500443597931,0.224570079901524,0.10753883361828394
7.378,86.71653901991426,-8.005070158690897,46.03431684995611,85.98644320658008,-6.827612342111877,45.862318217789856,1.719291,1.65990202138236,0.904169613098083,0.10753883361828394
1.1870,86.765831,-6.928959,46.017548,86.578278,-6.664305,45.926384,0.246271,0.237764131091162,0.211026086003871,0.06058252911282375
7.14,86.7658295591843,-6.886886761145572,46.098331195293184,86.84459621387502,-5.494797933562612,45.9048795604718,1.641729,1.58501922342526,0.926796294823539,0.06058252911282375
1.1870,86.765831,-6.928959,46.017548,86.578278,-6.664305,45.926384,0.246271,0.237764131091162,0.211026086003871,0.05899902789755642
7.19,86.7658295591843,-6.886886761145572,46.098331195293184,86.67707250086858,-8.362911619950285,46.010637201682854,1.736527,1.6765426431506,0.986908193456699,0.05899902789755642
1.1870,86.765831,-6.928959,46.017548,86.578278,-6.664305,45.926384,0.246271,0.237764131091162,0.211026086003871,0.05438832616707925
7.377,86.71653901991426,-8.005070158690897,46.03431684995611,87.91079767346552,-6.912991100544719,46.254533173971325,2.081247,2.00935507851548,1.07019807378288,0.05438832616707925
1.1870,86.765831,-6.928959,46.017548,86.578278,-6.664305,45.926384,0.246271,0.237764131091162,0.211026086003871,0.10479345928103528
7.378,86.71653901991426,-8.005070158690897,46.03431684995611,85.98644320658008,-6.827612342111877,45.862318217789856,1.719291,1.65990202138236,0.904169613098083,0.10479345928103528
1.1871,86.765831,-6.928959,46.017548,86.746117,-7.492616,46.204777,0.380731,0.367579517663343,0.365399033226937,0.05460648412780728
7.14,86.7658295591843,-6.886886761145572,46.098331195293184,86.84459621387502,-5.494797933562612,45.9048795604718,1.641729,1.58501922342526,0.926796294823539,0.05460648412780728
1.1871,86.765831,-6.928959,46.017548,86.746117,-7.492616,46.204777,0.380731,0.367579517663343,0.365399033226937,0.06003314488831119
7.15,86.7658295591843,-6.886886761145572,46.098331195293184,86.79538120123281,-5.232766535978928,45.990496802659166,1.822707,1.75974575199182,1.10754391973894,0.06003314488831119
1.1871,86.765831,-6.928959,46.017548,86.746117,-7.492616,46.204777,0.380731,0.367579517663343,0.365399033226937,0.0854681027205726
7.19,86.7658295591843,-6.886886761145572,46.098331195293184,86.67707250086858,-8.362911619950285,46.010637201682854,1.736527,1.6765426431506,0.986908193456699,0.0854681027205726
1.1871,86.765831,-6.928959,46.017548,86.746117,-7.492616,46.204777,0.380731,0.367579517663343,0.365399033226937,0.06344434484539223
7.20,86.7658295591843,-6.886886761145572,46.098331195293184,86.66226473133806,-8.65521912884809,45.9308745554945,2.012303,1.94279259144251,1.18673263202849,0.06344434484539223
1.1871,86.765831,-6.928959,46.017548,86.746117,-7.492616,46.204777,0.380731,0.367579517663343,0.365399033226937,0.05229913790334522
7.197,86.72147020278406,-6.952600082149929,49.03401581095122,87.91079767346552,-6.9130888310366405,46.25464083798387,2.227753,2.15080036354556,1.18312839848625,0.05229913790334522
1.1871,86.765831,-6.928959,46.017548,86.746117,-7.492616,46.204777,0.380731,0.367579517663343,0.365399033226937,0.20170635777161786
7.377,86.71653901991426,-8.005070158690897,46.03431684995611,87.91079767346552,-6.912991100544719,46.254533173971325,2.081247,2.00935507851548,1.07019807378288,0.20170635777161786
1.1871,86.765831,-6.928959,46.017548,86.746117,-7.492616,46.204777,0.380731,0.367579517663343,0.365399033226937,0.10961118481997095
7.378,86.71653901991426,-8.005070158690897,46.03431684995611,85.98644320658008,-6.827612342111877,45.862318217789856,1.719291,1.65990202138236,0.904169613098083,0.10961118481997095
1.1872,86.765831,-6.928959,46.017548,86.701744,-6.929829,46.480812,0.130454,0.125947764687545,0.159937934571014,0.06885906293516017
7.14,86.7658295591843,-6.886886761145572,46.098331195293184,86.84459621387502,-5.494797933562612,45.9048795604718,1.641729,1.58501922342526,0.926796294823539,0.06885906293516017
1.1872,86.765831,-6.928959,46.017548,86.701744,-6.929829,46.480812,0.130454,0.125947764687545,0.159937934571014,0.0755762208003081
7.18,86.7658295591843,-6.886886761145572,46.098331195293184,86.71653901991426,-8.00499584907055,46.03440374663597,1.443515,1.39365207309045,0.748136633939822,0.0755762208003081
1.1872,86.765831,-6.928959,46.017548,86.701744,-6.929829,46.480812,0.130454,0.125947764687545,0.159937934571014,0.05396637081560137
7.19,86.7658295591843,-6.886886761145572,46.098331195293184,86.67707250086858,-8.362911619950285,46.010637201682854,1.736527,1.6765426431506,0.986908193456699,0.05396637081560137
1.1872,86.765831,-6.928959,46.017548,86.701744,-6.929829,46.480812,0.130454,0.125947764687545,0.159937934571014,0.07561864159070736
7.175,86.81015065275807,-7.015765527611462,48.1434476614611,87.6499326488179,-6.998712721472566,46.240361130638206,1.516768,1.46437471560549,0.825444916404479,0.07561864159070736
1.1872,86.765831,-6.928959,46.017548,86.701744,-6.929829,46.480812,0.130454,0.125947764687545,0.159937934571014,0.0809754200671229
7.371,86.73133114843384,-7.716599999716022,46.05736169788053,87.6499326488179,-6.998785971190136,46.24049556143972,1.469369,1.41861300574282,0.771013301673368,0.0809754200671229
1.1872,86.765831,-6.928959,46.017548,86.701744,-6.929829,46.480812,0.130454,0.125947764687545,0.159937934571014,0.11523545878004292
7.378,86.71653901991426,-8.005070158690897,46.03431684995611,85.98644320658008,-6.827612342111877,45.862318217789856,1.719291,1.65990202138236,0.904169613098083,0.11523545878004292
3.7,44.556732,-31.310787,-32.778877,46.530544,-30.773958,-35.018837,2.46726,2.38203414155942,2.13744810781475,0.05463909422144456
3.13,44.556732,-31.310787,-32.778877,46.817978,-31.787159,-33.695721,1.25493,1.21158131095513,2.19217398731256,0.05463909422144456
3.49,37.94096,-26.413963,22.532221,37.637047,-27.200224,20.746946,1.65689,1.59965652132665,1.14618390980737,0.07430670715202514
3.50,37.94096,-26.413963,22.532221,38.310371,-26.00712,22.185444,0.106549,0.102868508284094,0.380373654972205,0.07430670715202514
3.60,29.663366,-17.780882,-15.592666,30.337082,-19.286823,-16.190111,2.27366,2.19512161113867,1.02156546821388,0.11158217143118444
3.61,29.663366,-17.780882,-15.592666,28.028526,-18.742056,-15.634098,0.941847,0.909313047723107,1.38127388062203,0.11158217143118444
3.61,29.663366,-17.780882,-15.592666,28.028526,-18.742056,-15.634098,0.941847,0.909313047723107,1.38127388062203,0.09752149750122005
3.63,29.663366,-17.780882,-15.592666,26.879572,-17.577599,-14.544021,3.64538,3.51945867843595,2.19332279457869,0.09752149750122005
3.62,29.663366,-17.780882,-15.592666,27.045883,-18.129725,-15.387506,2.12885,2.05531374166434,2.00626558052373,0.4308355708189994
3.63,29.663366,-17.780882,-15.592666,26.879572,-17.577599,-14.544021,3.64538,3.51945867843595,2.19332279457869,0.4308355708189994
3.62,29.663366,-17.780882,-15.592666,27.045883,-18.129725,-15.387506,2.12885,2.05531374166434,2.00626558052373,0.058063201210154576
3.77,29.663366,-17.780882,-15.592666,28.401127,-16.644089,-19.050667,3.96579,3.82880084719686,2.47896782811544,0.058063201210154576
3.76,29.663366,-17.780882,-15.592666,29.214819,-17.903961,-19.338327,3.87343,3.73963121233291,2.11393907692872,0.0927586627598874
3.88,29.663366,-17.780882,-15.592666,30.707293,-17.498272,-20.17761,5.25656,5.07498414725468,2.7368069656014,0.0927586627598874
3.77,29.663366,-17.780882,-15.592666,28.401127,-16.644089,-19.050667,3.96579,3.82880084719686,2.47896782811544,0.07635026328328798
3.88,29.663366,-17.780882,-15.592666,30.707293,-17.498272,-20.17761,5.25656,5.07498414725468,2.7368069656014,0.07635026328328798
3.125,47.858109,-38.116409,-21.61812,48.023544,-38.743229,-24.494772,3.56593,3.44275309712433,1.35788338784508,0.6474662397558902
3.134,47.858109,-38.116409,-21.61812,46.844337,-39.818005,-22.342255,1.45508,1.40481758659415,1.17196206478861,0.6474662397558902
3.134,47.858109,-38.116409,-21.61812,46.844337,-39.818005,-22.342255,1.45508,1.40481758659415,1.17196206478861,0.61940039600665
3.140,47.858109,-38.116409,-21.61812,47.618614,-41.049709,-20.775898,3.15519,3.04620117178849,1.41247363190091,0.61940039600665
3.154,29.404896,8.760221,-38.928978,27.682259,4.266837,-34.517494,1.87635,1.81153577714348,2.195144069978,0.06992757841237873
3.170,29.404896,8.760221,-38.928978,29.189354,7.389401,-32.391411,3.57505,3.45155806756564,2.60081520451784,0.06992757841237873
3.180,32.936481,59.465057,-0.028572,33.531048,61.778255,-1.684946,1.85569,1.7915894296306,1.07711054585521,0.16866236129450615
3.182,32.936481,59.465057,-0.028572,32.447105,60.62175,0.192366,0.359186,0.346778740453037,0.51057909665252,0.16866236129450615
3.182,32.936481,59.465057,-0.028572,32.447105,60.62175,0.192366,0.359186,0.346778740453037,0.51057909665252,0.07058069419254255
3.187,32.936481,59.465057,-0.028572,31.775017,61.082279,-1.006556,1.67514,1.61727611678212,1.11265888835439,0.07058069419254255
3.182,32.936481,59.465057,-0.028572,32.447105,60.62175,0.192366,0.359186,0.346778740453037,0.51057909665252,0.253975519777592
3.200,32.936481,59.465057,-0.028572,33.435429,61.913399,1.551996,1.89574,1.83025599390411,1.04797943296758,0.253975519777592
3.182,32.936481,59.465057,-0.028572,32.447105,60.62175,0.192366,0.359186,0.346778740453037,0.51057909665252,0.1290265689910959
3.202,32.936481,59.465057,-0.028572,32.37162,63.420448,0.121786,1.92371,1.85725983417202,1.14545203404972,0.1290265689910959
3.182,32.936481,59.465057,-0.028572,32.447105,60.62175,0.192366,0.359186,0.346778740453037,0.51057909665252,0.5123108348432976
3.204,32.936481,59.465057,-0.028572,32.641399,59.011467,-1.347765,1.98729,1.91864360836702,0.661850002560288,0.5123108348432976
3.182,32.936481,59.465057,-0.028572,32.447105,60.62175,0.192366,0.359186,0.346778740453037,0.51057909665252,0.15058890117920815
3.206,32.936481,59.465057,-0.028572,34.084724,60.99276,1.408724,1.97203,1.90391073019439,1.20622241561437,0.15058890117920815
3.210,31.967999,8.018895,30.25559,30.460339,7.175619,29.245165,0.913541,0.881984813807354,1.36923806334402,0.523235717409079
3.211,31.967999,8.018895,30.25559,30.037085,6.90895,29.704403,2.50604,2.41947457508068,1.73466765938698,0.523235717409079
3.210,31.967999,8.018895,30.25559,30.460339,7.175619,29.245165,0.913541,0.881984813807354,1.36923806334402,0.11442738981928656
3.222,31.967999,8.018895,30.25559,29.600901,8.152907,28.498665,2.37508,2.29303828900681,2.03478896255892,0.11442738981928656
3.238,39.193775,-23.298607,-22.621935,39.049934,-33.36417,-23.142429,4.14175,3.99868271110613,4.61535764941263,0.292581393724005
3.253,39.193775,-23.298607,-22.621935,40.32008,-33.034077,-22.779619,5.57697,5.38432631601559,4.64376459850033,0.292581393724005
3.238,39.193775,-23.298607,-22.621935,39.049934,-33.36417,-23.142429,4.14175,3.99868271110613,4.61535764941263,0.12973166877174513
3.255,39.193775,-23.298607,-22.621935,41.339821,-31.919241,-25.799681,5.89922,5.69544492618133,4.21455248350708,0.12973166877174513
3.238,39.193775,-23.298607,-22.621935,39.049934,-33.36417,-23.142429,4.14175,3.99868271110613,4.61535764941263,0.09042537515671803
3.258,39.193775,-23.298607,-22.621935,41.632664,-33.818851,-22.387058,6.20819,5.9937422635992,5.40040494879401,0.09042537515671803
3.239,39.193775,-23.298607,-22.621935,34.923092,-32.998077,-22.503328,4.12514,3.98264646559844,5.82776293583914,0.6437870817297968
3.248,39.193775,-23.298607,-22.621935,34.223312,-32.505058,-21.907965,5.77519,5.57569925909411,6.13681401899229,0.6437870817297968
3.245,39.193775,-23.298607,-22.621935,39.381012,-22.822107,-23.428616,2.20266,2.12657414388725,0.559631086417409,0.5664063795106187
3.264,39.193775,-23.298607,-22.621935,39.121948,-21.395094,-22.684248,3.89812,3.76346835270527,1.0065735538494,0.5664063795106187
3.331,39.389496,53.20533,48.202713,39.176693,51.809235,45.153866,0.700321,0.676130011450367,1.08794654610046,0.08356550387807452
3.335,39.389496,53.20533,48.202713,39.75676,49.526592,46.888882,2.02511,1.95515720289446,1.28216239418817,0.08356550387807452
3.331,39.389496,53.20533,48.202713,39.176693,51.809235,45.153866,0.700321,0.676130011450367,1.08794654610046,0.09424000939151923
3.346,39.389496,53.20533,48.202713,39.458939,48.772919,44.889263,2.06838,1.99693253962641,1.37898516852582,0.09424000939151923
3.438,40.730438,-44.325455,36.707211,40.709415,-44.393471,36.918831,0.359186,0.346778740453037,0.0777034679965016,0.42144427852371186
3.454,40.730438,-44.325455,36.707211,40.102718,-43.61573,36.740635,2.0,1.93091457046231,0.61508236938751,0.42144427852371186
3.438,40.730438,-44.325455,36.707211,40.709415,-44.393471,36.918831,0.359186,0.346778740453037,0.0777034679965016,0.08861838042042235
3.456,40.730438,-44.325455,36.707211,40.473846,-42.773716,37.404255,1.80737,1.74493853360823,0.768826791994311,0.08861838042042235
3.438,40.730438,-44.325455,36.707211,40.709415,-44.393471,36.918831,0.359186,0.346778740453037,0.0777034679965016,0.6152701669947768
3.457,40.730438,-44.325455,36.707211,40.082874,-43.851112,36.143818,2.25683,2.17887296502823,0.610682611943427,0.6152701669947768
3.440,40.730438,-44.325455,36.707211,40.415054,-44.597343,36.705975,1.00318,0.968527439398189,0.296466418878129,0.08488301689119389
3.457,40.730438,-44.325455,36.707211,40.082874,-43.851112,36.143818,2.25683,2.17887296502823,0.610682611943427,0.08488301689119389
3.441,40.730438,-44.325455,36.707211,42.003094,-46.029144,35.932163,2.02734,1.95731017264053,1.39066196133724,0.08271284869728
3.462,40.730438,-44.325455,36.707211,41.862019,-44.218002,38.174213,0.708837,0.684351845691396,1.17418417118286,0.08271284869728
3.454,40.730438,-44.325455,36.707211,40.102718,-43.61573,36.740635,2.0,1.93091457046231,0.61508236938751,0.05610195766094395
3.462,40.730438,-44.325455,36.707211,41.862019,-44.218002,38.174213,0.708837,0.684351845691396,1.17418417118286,0.05610195766094395
3.454,40.730438,-44.325455,36.707211,40.102718,-43.61573,36.740635,2.0,1.93091457046231,0.61508236938751,0.6541139842358477
3.463,40.730438,-44.325455,36.707211,40.306953,-43.700146,36.567772,0.359186,0.346778740453037,0.429174346657901,0.6541139842358477
3.456,40.730438,-44.325455,36.707211,40.473846,-42.773716,37.404255,1.80737,1.74493853360823,0.768826791994311,0.29523635919516533
3.463,40.730438,-44.325455,36.707211,40.306953,-43.700146,36.567772,0.359186,0.346778740453037,0.429174346657901,0.29523635919516533
3.457,40.730438,-44.325455,36.707211,40.082874,-43.851112,36.143818,2.25683,2.17887296502823,0.610682611943427,0.18041141667355481
3.462,40.730438,-44.325455,36.707211,41.862019,-44.218002,38.174213,0.708837,0.684351845691396,1.17418417118286,0.18041141667355481
3.457,40.730438,-44.325455,36.707211,40.082874,-43.851112,36.143818,2.25683,2.17887296502823,0.610682611943427,0.9436153011579884
3.463,40.730438,-44.325455,36.707211,40.306953,-43.700146,36.567772,0.359186,0.346778740453037,0.429174346657901,0.9436153011579884
3.460,40.730438,-44.325455,36.707211,39.027603,-43.137337,36.106113,2.30451,2.22490596838805,1.5451035592488,0.11586421822083404
3.462,40.730438,-44.325455,36.707211,41.862019,-44.218002,38.174213,0.708837,0.684351845691396,1.17418417118286,0.11586421822083404
3.461,40.730438,-44.325455,36.707211,39.453861,-43.376148,34.77681,2.63636,2.54529296849201,1.31854164052598,0.06785239020338425
3.462,40.730438,-44.325455,36.707211,41.862019,-44.218002,38.174213,0.708837,0.684351845691396,1.17418417118286,0.06785239020338425
3.467,66.627518,-1.538718,3.45059,66.572609,-1.701256,4.312947,0.846612,0.817367723164118,0.751645342065952,0.14787482377230227
3.475,66.627518,-1.538718,3.45059,67.064919,-1.275448,3.165702,2.16585,2.0910356612179,0.547559195488068,0.14787482377230227
3.467,66.627518,-1.538718,3.45059,66.572609,-1.701256,4.312947,0.846612,0.817367723164118,0.751645342065952,0.13014785064132786
3.479,66.627518,-1.538718,3.45059,65.598129,-0.861753,2.458165,2.56423,2.47565453450828,1.49142758121525,0.13014785064132786
3.467,66.627518,-1.538718,3.45059,66.572609,-1.701256,4.312947,0.846612,0.817367723164118,0.751645342065952,0.2974479477293648
3.480,66.627518,-1.538718,3.45059,66.765228,-0.889762,2.203487,2.64444,2.55309386335667,1.37950885757285,0.2974479477293648
3.472,66.627518,-1.538718,3.45059,66.194679,0.258635,0.387968,3.5458,3.42331844197263,3.77598480697116,0.7810989198658786
3.486,66.627518,-1.538718,3.45059,65.99086,0.428235,0.125481,1.71328,1.65409865764083,4.17660785982174,0.7810989198658786
3.474,66.627518,-1.538718,3.45059,66.622185,-1.780723,3.600453,0.915989,0.8843482532416,0.339377177156074,0.08542149493567855
3.475,66.627518,-1.538718,3.45059,67.064919,-1.275448,3.165702,2.16585,2.0910356612179,0.547559195488068,0.08542149493567855
3.475,66.627518,-1.538718,3.45059,67.064919,-1.275448,3.165702,2.16585,2.0910356612179,0.547559195488068,0.6470775061264221
3.482,66.627518,-1.538718,3.45059,66.119904,-1.590144,3.606747,0.528997,0.510724007515425,0.435761428852314,0.6470775061264221
3.475,66.627518,-1.538718,3.45059,67.064919,-1.275448,3.165702,2.16585,2.0910356612179,0.547559195488068,0.1075831212048688
3.484,66.627518,-1.538718,3.45059,66.348412,-1.716219,3.972345,0.889431,0.858707638660431,0.538269673244847,0.1075831212048688
3.477,66.627518,-1.538718,3.45059,66.425835,-1.953219,4.207624,1.17669,1.13604393295865,0.82720151145167,0.06610261762882978
3.479,66.627518,-1.538718,3.45059,65.598129,-0.861753,2.458165,2.56423,2.47565453450828,1.49142758121525,0.06610261762882978
3.477,66.627518,-1.538718,3.45059,66.425835,-1.953219,4.207624,1.17669,1.13604393295865,0.82720151145167,0.16836215625598816
3.480,66.627518,-1.538718,3.45059,66.765228,-0.889762,2.203487,2.64444,2.55309386335667,1.37950885757285,0.16836215625598816
3.479,66.627518,-1.538718,3.45059,65.598129,-0.861753,2.458165,2.56423,2.47565453450828,1.49142758121525,0.0647438745166746
3.483,66.627518,-1.538718,3.45059,66.19622,-1.453828,4.144401,1.02168,0.986388399174966,0.71043833912021,0.0647438745166746
3.479,66.627518,-1.538718,3.45059,65.598129,-0.861753,2.458165,2.56423,2.47565453450828,1.49142758121525,0.06781782942295006
3.488,66.627518,-1.538718,3.45059,66.243164,-1.920004,4.089114,1.12141,1.08267345423107,0.776827626725239,0.06781782942295006
3.479,66.627518,-1.538718,3.45059,65.598129,-0.861753,2.458165,2.56423,2.47565453450828,1.49142758121525,0.06813786594639172
4.134,65.610001,-0.200168,0.010009,66.750183,-0.28289,-0.098852,0.79169,0.764342878144653,0.938288353082784,0.06813786594639172
3.480,66.627518,-1.538718,3.45059,66.765228,-0.889762,2.203487,2.64444,2.55309386335667,1.37950885757285,0.1814144437403576
3.483,66.627518,-1.538718,3.45059,66.19622,-1.453828,4.144401,1.02168,0.986388399174966,0.71043833912021,0.1814144437403576
3.480,66.627518,-1.538718,3.45059,66.765228,-0.889762,2.203487,2.64444,2.55309386335667,1.37950885757285,0.05610319689889819
3.484,66.627518,-1.538718,3.45059,66.348412,-1.716219,3.972345,0.889431,0.858707638660431,0.538269673244847,0.05610319689889819
3.480,66.627518,-1.538718,3.45059,66.765228,-0.889762,2.203487,2.64444,2.55309386335667,1.37950885757285,0.10680323630116773
3.485,66.627518,-1.538718,3.45059,66.408218,-1.423517,4.127861,1.05474,1.01830641702471,0.643035937492025,0.10680323630116773
3.480,66.627518,-1.538718,3.45059,66.765228,-0.889762,2.203487,2.64444,2.55309386335667,1.37950885757285,0.17829860779874426
3.488,66.627518,-1.538718,3.45059,66.243164,-1.920004,4.089114,1.12141,1.08267345423107,0.776827626725239,0.17829860779874426
3.480,66.627518,-1.538718,3.45059,66.765228,-0.889762,2.203487,2.64444,2.55309386335667,1.37950885757285,0.09719781084288145
4.134,65.610001,-0.200168,0.010009,66.750183,-0.28289,-0.098852,0.79169,0.764342878144653,0.938288353082784,0.09719781084288145
3.480,66.627518,-1.538718,3.45059,66.765228,-0.889762,2.203487,2.64444,2.55309386335667,1.37950885757285,0.05189007706428096
4.135,66.989975,-0.229866,-0.040099,68.188835,-0.196661,-0.068898,0.940714,0.90821918461894,0.956426459473004,0.05189007706428096
3.480,66.627518,-1.538718,3.45059,66.765228,-0.889762,2.203487,2.64444,2.55309386335667,1.37950885757285,0.05529253849611579
5.58,65.48999,-0.209888,-0.030039,67.537895,-0.21926,-0.113833,1.078888,1.04162027954847,1.65489605257842,0.05529253849611579
3.486,66.627518,-1.538718,3.45059,65.99086,0.428235,0.125481,1.71328,1.65409865764083,4.17660785982174,0.4543787397571124
3.487,66.627518,-1.538718,3.45059,66.166168,0.258545,0.387836,3.27642,3.16324355847706,3.77819138400037,0.4543787397571124
3.520,38.298019,0.294544,0.205786,33.524685,-0.301369,-1.043497,5.14409,4.96639916638473,4.25149903891515,0.08738325145407212
3.530,38.298019,0.294544,0.205786,35.208408,-0.800012,-3.895722,6.70968,6.47790943756977,4.85517199135719,0.08738325145407212
3.524,38.298019,0.294544,0.205786,35.337055,-0.225735,-2.545105,5.68495,5.48857639367485,3.69720257750705,0.05364587629802744
3.527,38.298019,0.294544,0.205786,36.345665,-0.871912,-2.068496,4.45376,4.29991503867111,3.22097666301322,0.05364587629802744
3.524,38.298019,0.294544,0.205786,35.337055,-0.225735,-2.545105,5.68495,5.48857639367485,3.69720257750705,0.09009474754810498
3.546,38.298019,0.294544,0.205786,36.818005,-1.649999,0.374717,3.96559,3.82860775573981,3.08032068943232,0.09009474754810498
3.525,38.298019,0.294544,0.205786,34.632511,-1.360838,-1.782767,4.5914,4.43280057941032,4.33563532684716,0.545646168210599
3.530,38.298019,0.294544,0.205786,35.208408,-0.800012,-3.895722,6.70968,6.47790943756977,4.85517199135719,0.545646168210599
3.525,38.298019,0.294544,0.205786,34.632511,-1.360838,-1.782767,4.5914,4.43280057941032,4.33563532684716,0.1327765153058519
3.542,38.298019,0.294544,0.205786,33.838768,0.043181,-2.257201,5.90215,5.69827371602706,4.4200684917688,0.1327765153058519
3.526,38.298019,0.294544,0.205786,36.818005,0.055201,-0.223113,1.48602,1.4346888349992,1.37548248784368,0.3707248516472418
3.545,38.298019,0.294544,0.205786,37.570049,-0.568221,-0.267383,2.96774,2.86522620367191,1.49799698983487,0.3707248516472418
3.528,38.298019,0.294544,0.205786,36.009312,-0.178491,-1.611046,4.07527,3.93449911078397,2.71169717750239,0.15208934293339202
3.533,38.298019,0.294544,0.205786,36.957512,0.602719,-2.995191,5.47957,5.29029077643408,3.24131255077198,0.15208934293339202
3.545,38.298019,0.294544,0.205786,37.570049,-0.568221,-0.267383,2.96774,2.86522620367191,1.49799698983487,0.3671379871499198
4.95,39.310013,-0.119867,0.399979,40.557251,-0.126699,0.32472,1.11768,1.07907229855716,1.09855513120703,0.3671379871499198
3.545,38.298019,0.294544,0.205786,37.570049,-0.568221,-0.267383,2.96774,2.86522620367191,1.49799698983487,0.09146367223263734
4.96,39.349953,-0.119531,0.370032,41.062656,-0.07392,0.343302,1.49024,1.43876306474288,1.51255586275003,0.09146367223263734
3.545,38.298019,0.294544,0.205786,37.570049,-0.568221,-0.267383,2.96774,2.86522620367191,1.49799698983487,0.2761957351252762
4.145,39.459953,-0.239451,0.339969,40.42421,-0.216462,0.383057,0.88483,0.854265569691082,0.849192923558458,0.2761957351252762
3.545,38.298019,0.294544,0.205786,37.570049,-0.568221,-0.267383,2.96774,2.86522620367191,1.49799698983487,0.17068310385621313
4.146,39.91996,-0.209517,0.309877,41.141003,-0.215513,0.28827,1.11768,1.07907229855716,1.08231103929466,0.17068310385621313
3.545,38.298019,0.294544,0.205786,37.570049,-0.568221,-0.267383,2.96774,2.86522620367191,1.49799698983487,0.2761957351252762
5.61,39.459953,-0.239451,0.339969,40.42421,-0.216462,0.383057,0.761568,0.73526137379892,0.849192923558458,0.2761957351252762
3.545,38.298019,0.294544,0.205786,37.570049,-0.568221,-0.267383,2.96774,2.86522620367191,1.49799698983487,0.18777440492561578
5.62,39.91996,-0.209517,0.309877,41.141003,-0.215513,0.28827,0.912295,0.880781854029956,1.08231103929466,0.18777440492561578
4.26,85.62999,-6.880021,44.009979,85.407852,-5.048718,44.927666,1.173564,1.13302591348501,1.35377537091856,0.078605484694173
7.300,86.77075601314962,-6.400726582986183,41.67111370987344,85.59476319960956,-6.778489731706971,45.48307926090482,2.473366,2.38792922374304,1.49888487553641,0.078605484694173
4.26,85.62999,-6.880021,44.009979,85.407852,-5.048718,44.927666,1.173564,1.13302591348501,1.35377537091856,0.0870448306377959
7.348,86.84459621387502,-5.494853895071373,45.90485771923463,86.67707250086858,-8.362967596418914,46.01061550923815,2.572473,2.48361279891044,1.91048458074635,0.0870448306377959
4.26,85.62999,-6.880021,44.009979,85.407852,-5.048718,44.927666,1.173564,1.13302591348501,1.35377537091856,0.31413060651377617
7.388,86.66226473133806,-8.655376198553666,45.93090575607588,85.15429599479369,-6.764933318208211,45.60107876864381,2.774996,2.67914010468731,1.5740700765611,0.31413060651377617
4.27,86.470016,-7.010156,45.370049,86.879654,-6.120996,47.56802,0.735806,0.710389263216795,1.06987525069938,0.09496553350521424
7.20,86.7658295591843,-6.886886761145572,46.098331195293184,86.66226473133806,-8.65521912884809,45.9308745554945,2.012303,1.94279259144251,1.18673263202849,0.09496553350521424
4.27,86.470016,-7.010156,45.370049,86.879654,-6.120996,47.56802,0.735806,0.710389263216795,1.06987525069938,0.05089404278328565
7.25,86.7658295591843,-6.886886761145572,46.098331195293184,88.85627457640994,-7.076353457979634,46.836957225049545,1.960595,1.89287072613778,1.36025423097947,0.05089404278328565
4.27,86.470016,-7.010156,45.370049,86.879654,-6.120996,47.56802,0.735806,0.710389263216795,1.06987525069938,0.3427279902740829
7.197,86.72147020278406,-6.952600082149929,49.03401581095122,87.91079767346552,-6.9130888310366405,46.25464083798387,2.227753,2.15080036354556,1.18312839848625,0.3427279902740829
4.27,86.470016,-7.010156,45.370049,86.879654,-6.120996,47.56802,0.735806,0.710389263216795,1.06987525069938,0.2485383821577472
7.220,86.79045710747162,-7.375172782476291,50.369302143230854,88.5001508082956,-6.999565974377453,46.934574304835365,2.731906,2.6375385502667,1.53692296325193,0.2485383821577472
4.27,86.470016,-7.010156,45.370049,86.879654,-6.120996,47.56802,0.735806,0.710389263216795,1.06987525069938,0.08963183783256658
7.300,86.77075601314962,-6.400726582986183,41.67111370987344,85.59476319960956,-6.778489731706971,45.48307926090482,2.473366,2.38792922374304,1.49888487553641,0.08963183783256658
4.27,86.470016,-7.010156,45.370049,86.879654,-6.120996,47.56802,0.735806,0.710389263216795,1.06987525069938,0.38905185116362834
7.341,86.81999459677196,-5.846031623531589,46.06012709048579,86.71653901991426,-8.005183481740897,46.034417186811716,2.262225,2.18408160708205,1.44467514052046,0.38905185116362834
4.27,86.470016,-7.010156,45.370049,86.879654,-6.120996,47.56802,0.735806,0.710389263216795,1.06987525069938,0.06369469293890197
7.348,86.84459621387502,-5.494853895071373,45.90485771923463,86.67707250086858,-8.362967596418914,46.01061550923815,2.572473,2.48361279891044,1.91048458074635,0.06369469293890197
4.27,86.470016,-7.010156,45.370049,86.879654,-6.120996,47.56802,0.735806,0.710389263216795,1.06987525069938,0.16168885605506597
7.377,86.71653901991426,-8.005070158690897,46.03431684995611,87.91079767346552,-6.912991100544719,46.254533173971325,2.081247,2.00935507851548,1.07019807378288,0.16168885605506597
4.27,86.470016,-7.010156,45.370049,86.879654,-6.120996,47.56802,0.735806,0.710389263216795,1.06987525069938,0.14377317899230602
7.387,86.66226473133806,-8.655376198553666,45.93090575607588,88.85627457640994,-7.076514368708542,46.83698925470898,3.167115,3.05771424991487,1.81869642534546,0.14377317899230602
4.27,86.470016,-7.010156,45.370049,86.879654,-6.120996,47.56802,0.735806,0.710389263216795,1.06987525069938,0.3403692445125455
7.388,86.66226473133806,-8.655376198553666,45.93090575607588,85.15429599479369,-6.764933318208211,45.60107876864381,2.774996,2.67914010468731,1.5740700765611,0.3403692445125455
4.28,86.750015,-6.710108,46.240025,87.279526,-6.291,49.857285,0.9314,0.899226915464297,1.30644491615119,0.1254779491713525
7.197,86.72147020278406,-6.952600082149929,49.03401581095122,87.91079767346552,-6.9130888310366405,46.25464083798387,2.227753,2.15080036354556,1.18312839848625,0.1254779491713525
4.28,86.750015,-6.710108,46.240025,87.279526,-6.291,49.857285,0.9314,0.899226915464297,1.30644491615119,0.764029286685938
7.220,86.79045710747162,-7.375172782476291,50.369302143230854,88.5001508082956,-6.999565974377453,46.934574304835365,2.731906,2.6375385502667,1.53692296325193,0.764029286685938
4.28,86.750015,-6.710108,46.240025,87.279526,-6.291,49.857285,0.9314,0.899226915464297,1.30644491615119,0.2884994996063399
7.240,86.72640091225273,-7.38263127534966,51.29478361952613,88.85627457640994,-7.0765063655120475,46.83697535626528,3.248986,3.13675720331403,1.9517560181401,0.2884994996063399
4.28,86.750015,-6.710108,46.240025,87.279526,-6.291,49.857285,0.9314,0.899226915464297,1.30644491615119,0.05731306984261575
7.241,86.72640091225273,-7.38263127534966,51.29478361952613,85.15429599479369,-6.764925607551209,45.60106532887443,2.41304,2.32968704755418,2.06416479777528,0.05731306984261575
4.28,86.750015,-6.710108,46.240025,87.279526,-6.291,49.857285,0.9314,0.899226915464297,1.30644491615119,0.17328962602584744
7.387,86.66226473133806,-8.655376198553666,45.93090575607588,88.85627457640994,-7.076514368708542,46.83698925470898,3.167115,3.05771424991487,1.81869642534546,0.17328962602584744
4.29,86.979988,-6.069949,47.359993,87.278404,-6.311615,49.833576,0.549526,0.530543880123935,0.800176378104161,0.5990011661593421
7.197,86.72147020278406,-6.952600082149929,49.03401581095122,87.91079767346552,-6.9130888310366405,46.25464083798387,2.227753,2.15080036354556,1.18312839848625,0.5990011661593421
4.29,86.979988,-6.069949,47.359993,87.278404,-6.311615,49.833576,0.549526,0.530543880123935,0.800176378104161,0.19579623735977975
7.220,86.79045710747162,-7.375172782476291,50.369302143230854,88.5001508082956,-6.999565974377453,46.934574304835365,2.731906,2.6375385502667,1.53692296325193,0.19579623735977975
4.30,87.090019,-6.380114,45.620094,87.212265,-7.994803,46.106678,0.950028,0.917211453773583,1.05221711259345,0.12595196064858546
7.341,86.81999459677196,-5.846031623531589,46.06012709048579,86.71653901991426,-8.005183481740897,46.034417186811716,2.262225,2.18408160708205,1.44467514052046,0.12595196064858546
4.30,87.090019,-6.380114,45.620094,87.212265,-7.994803,46.106678,0.950028,0.917211453773583,1.05221711259345,0.13685655236332356
7.387,86.66226473133806,-8.655376198553666,45.93090575607588,88.85627457640994,-7.076514368708542,46.83698925470898,3.167115,3.05771424991487,1.81869642534546,0.13685655236332356
4.30,87.090019,-6.380114,45.620094,87.212265,-7.994803,46.106678,0.950028,0.917211453773583,1.05221711259345,0.5285612237983748
7.388,86.66226473133806,-8.655376198553666,45.93090575607588,85.15429599479369,-6.764933318208211,45.60107876864381,2.774996,2.67914010468731,1.5740700765611,0.5285612237983748
4.78,85.979988,-6.429916,45.730019,87.029762,-6.35292,45.572887,0.819632,0.791319685608582,0.683268694651537,0.05709009588276693
7.197,86.72147020278406,-6.952600082149929,49.03401581095122,87.91079767346552,-6.9130888310366405,46.25464083798387,2.227753,2.15080036354556,1.18312839848625,0.05709009588276693
4.78,85.979988,-6.429916,45.730019,87.029762,-6.35292,45.572887,0.819632,0.791319685608582,0.683268694651537,0.050866096855455345
7.341,86.81999459677196,-5.846031623531589,46.06012709048579,86.71653901991426,-8.005183481740897,46.034417186811716,2.262225,2.18408160708205,1.44467514052046,0.050866096855455345
4.78,85.979988,-6.429916,45.730019,87.029762,-6.35292,45.572887,0.819632,0.791319685608582,0.683268694651537,0.07789857962331981
7.377,86.71653901991426,-8.005070158690897,46.03431684995611,87.91079767346552,-6.912991100544719,46.254533173971325,2.081247,2.00935507851548,1.07019807378288,0.07789857962331981
4.79,85.310013,-6.220155,45.670074,87.171516,-5.994797,45.503944,1.061796,1.0251186836293,1.2185176705218,0.08652420296635221
7.348,86.84459621387502,-5.494853895071373,45.90485771923463,86.67707250086858,-8.362967596418914,46.01061550923815,2.572473,2.48361279891044,1.91048458074635,0.08652420296635221
4.79,85.310013,-6.220155,45.670074,87.171516,-5.994797,45.503944,1.061796,1.0251186836293,1.2185176705218,0.22425330513924366
7.387,86.66226473133806,-8.655376198553666,45.93090575607588,88.85627457640994,-7.076514368708542,46.83698925470898,3.167115,3.05771424991487,1.81869642534546,0.22425330513924366
4.79,85.310013,-6.220155,45.670074,87.171516,-5.994797,45.503944,1.061796,1.0251186836293,1.2185176705218,0.43629308634876307
7.388,86.66226473133806,-8.655376198553666,45.93090575607588,85.15429599479369,-6.764933318208211,45.60107876864381,2.774996,2.67914010468731,1.5740700765611,0.43629308634876307
4.80,85.030022,-5.810035,45.76997,87.249275,-6.008614,45.565529,1.508868,1.45674760305216,1.45207014802838,0.17985371035396686
7.387,86.66226473133806,-8.655376198553666,45.93090575607588,88.85627457640994,-7.076514368708542,46.83698925470898,3.167115,3.05771424991487,1.81869642534546,0.17985371035396686
4.80,85.030022,-5.810035,45.76997,87.249275,-6.008614,45.565529,1.508868,1.45674760305216,1.45207014802838,0.06167145147749691
7.388,86.66226473133806,-8.655376198553666,45.93090575607588,85.15429599479369,-6.764933318208211,45.60107876864381,2.774996,2.67914010468731,1.5740700765611,0.06167145147749691
4.91,60.529984,-0.269778,0.049917,62.002789,-0.243119,-0.014012,1.052482,1.01612641447466,1.27506047555442,0.0669305109176962
7.245,62.692913020733926,-0.025525748824417605,1.8463105034097316,63.78670046345174,0.03263015525073465,0.1003204882227271,2.490602,2.40456984551128,1.91155600918827,0.0669305109176962
4.91,60.529984,-0.269778,0.049917,62.002789,-0.243119,-0.014012,1.052482,1.01612641447466,1.27506047555442,0.09087426550813676
7.389,62.57510908259357,-1.0867619654819083,0.31610849917835804,63.78670046345174,0.0326107976550416,0.10033564418876484,2.503529,2.41705031183747,1.92728294378988,0.09087426550813676
4.91,60.529984,-0.269778,0.049917,62.002789,-0.243119,-0.014012,1.052482,1.01612641447466,1.27506047555442,0.1129103225168327
7.412,63.5160681944692,0.10321987948291866,0.08609954516600737,62.02347818323405,0.10674243497249547,0.20088653655014888,2.344096,2.26312456048121,1.2692217359549,0.1129103225168327
4.91,60.529984,-0.269778,0.049917,62.002789,-0.243119,-0.014012,1.052482,1.01612641447466,1.27506047555442,0.6073868806911991
7.416,63.78670046345174,0.03242080829907179,0.10035764877245335,61.68871986942695,0.16649838872390132,-0.006524398489138328,2.999064,2.89546818767449,1.7919385620168,0.6073868806911991
4.92,60.050018,-0.280042,2.2e-05,61.791084,-0.290317,-0.077282,1.294646,1.24992541249537,1.51390497518088,0.5983408236766096
7.416,63.78670046345174,0.03242080829907179,0.10035764877245335,61.68871986942695,0.16649838872390132,-0.006524398489138328,2.999064,2.89546818767449,1.7919385620168,0.5983408236766096
4.99,60.26004,-0.290121,-0.089943,61.004269,-0.255718,-0.040134,0.65198,0.629458840825008,0.652685189521668,0.06603467581725109
7.407,63.26843012799614,0.12805498690454664,-0.13779436981593562,62.19404048836513,0.13904050928265077,0.13632816855941865,1.917505,1.85126917171716,0.950497521513414,0.06603467581725109
4.99,60.26004,-0.290121,-0.089943,61.004269,-0.255718,-0.040134,0.65198,0.629458840825008,0.652685189521668,0.21605903570164361
7.412,63.5160681944692,0.10321987948291866,0.08609954516600737,62.02347818323405,0.10674243497249547,0.20088653655014888,2.344096,2.26312456048121,1.2692217359549,0.21605903570164361
4.100,61.379997,-0.299871,-0.100025,62.451286,-0.302035,-0.06244,0.894144,0.863257838845725,0.918485312543731,0.29625671934251463
7.412,63.5160681944692,0.10321987948291866,0.08609954516600737,62.02347818323405,0.10674243497249547,0.20088653655014888,2.344096,2.26312456048121,1.2692217359549,0.29625671934251463
4.101,60.999969,-0.269999,-0.07004,62.370724,-0.274796,-0.071283,1.201506,1.16000272094894,1.1779488471334,0.38991933797529127
7.416,63.78670046345174,0.03242080829907179,0.10035764877245335,61.68871986942695,0.16649838872390132,-0.006524398489138328,2.999064,2.89546818767449,1.7919385620168,0.38991933797529127
4.102,60.36002,-0.310067,-0.0499,62.078907,-0.283174,-0.077197,1.378472,1.33085583488716,1.48727789711999,0.546083913668026
7.416,63.78670046345174,0.03242080829907179,0.10035764877245335,61.68871986942695,0.16649838872390132,-0.006524398489138328,2.999064,2.89546818767449,1.7919385620168,0.546083913668026
4.109,86.06002,-6.510134,46.07003,86.660881,-6.757248,45.880108,0.502956,0.48558253435072,0.433655844322283,0.06453658467850434
7.20,86.7658295591843,-6.886886761145572,46.098331195293184,86.66226473133806,-8.65521912884809,45.9308745554945,2.012303,1.94279259144251,1.18673263202849,0.06453658467850434
4.109,86.06002,-6.510134,46.07003,86.660881,-6.757248,45.880108,0.502956,0.48558253435072,0.433655844322283,0.07005482940767559
7.197,86.72147020278406,-6.952600082149929,49.03401581095122,87.91079767346552,-6.9130888310366405,46.25464083798387,2.227753,2.15080036354556,1.18312839848625,0.07005482940767559
4.109,86.06002,-6.510134,46.07003,86.660881,-6.757248,45.880108,0.502956,0.48558253435072,0.433655844322283,0.21162516362163403
7.377,86.71653901991426,-8.005070158690897,46.03431684995611,87.91079767346552,-6.912991100544719,46.254533173971325,2.081247,2.00935507851548,1.07019807378288,0.21162516362163403
4.110,85.940002,-6.520092,45.909935,86.902222,-6.814412,46.087063,0.633352,0.611474302515722,0.653008822358796,0.11499581132269145
7.20,86.7658295591843,-6.886886761145572,46.098331195293184,86.66226473133806,-8.65521912884809,45.9308745554945,2.012303,1.94279259144251,1.18673263202849,0.11499581132269145
4.110,85.940002,-6.520092,45.909935,86.902222,-6.814412,46.087063,0.633352,0.611474302515722,0.653008822358796,0.14540626522775726
7.197,86.72147020278406,-6.952600082149929,49.03401581095122,87.91079767346552,-6.9130888310366405,46.25464083798387,2.227753,2.15080036354556,1.18312839848625,0.14540626522775726
4.110,85.940002,-6.520092,45.909935,86.902222,-6.814412,46.087063,0.633352,0.611474302515722,0.653008822358796,0.0854744488142784
7.341,86.81999459677196,-5.846031623531589,46.06012709048579,86.71653901991426,-8.005183481740897,46.034417186811716,2.262225,2.18408160708205,1.44467514052046,0.0854744488142784
4.110,85.940002,-6.520092,45.909935,86.902222,-6.814412,46.087063,0.633352,0.611474302515722,0.653008822358796,0.25430236516428395
7.377,86.71653901991426,-8.005070158690897,46.03431684995611,87.91079767346552,-6.912991100544719,46.254533173971325,2.081247,2.00935507851548,1.07019807378288,0.25430236516428395
4.111,85.480003,-6.330004,45.91003,86.772034,-6.72852,46.01907,0.707864,0.683412455752866,0.880016846155468,0.08779420270202888
7.20,86.7658295591843,-6.886886761145572,46.098331195293184,86.66226473133806,-8.65521912884809,45.9308745554945,2.012303,1.94279259144251,1.18673263202849,0.08779420270202888
4.111,85.480003,-6.330004,45.91003,86.772034,-6.72852,46.01907,0.707864,0.683412455752866,0.880016846155468,0.05181636424055157
7.25,86.7658295591843,-6.886886761145572,46.098331195293184,88.85627457640994,-7.076353457979634,46.836957225049545,1.960595,1.89287072613778,1.36025423097947,0.05181636424055157
4.111,85.480003,-6.330004,45.91003,86.772034,-6.72852,46.01907,0.707864,0.683412455752866,0.880016846155468,0.1314875854724956
7.197,86.72147020278406,-6.952600082149929,49.03401581095122,87.91079767346552,-6.9130888310366405,46.25464083798387,2.227753,2.15080036354556,1.18312839848625,0.1314875854724956
4.111,85.480003,-6.330004,45.91003,86.772034,-6.72852,46.01907,0.707864,0.683412455752866,0.880016846155468,0.2833893575079195
7.341,86.81999459677196,-5.846031623531589,46.06012709048579,86.71653901991426,-8.005183481740897,46.034417186811716,2.262225,2.18408160708205,1.44467514052046,0.2833893575079195
4.111,85.480003,-6.330004,45.91003,86.772034,-6.72852,46.01907,0.707864,0.683412455752866,0.880016846155468,0.18045515467232845
7.377,86.71653901991426,-8.005070158690897,46.03431684995611,87.91079767346552,-6.912991100544719,46.254533173971325,2.081247,2.00935507851548,1.07019807378288,0.18045515467232845
4.111,85.480003,-6.330004,45.91003,86.772034,-6.72852,46.01907,0.707864,0.683412455752866,0.880016846155468,0.2607414349338384
7.388,86.66226473133806,-8.655376198553666,45.93090575607588,85.15429599479369,-6.764933318208211,45.60107876864381,2.774996,2.67914010468731,1.5740700765611,0.2607414349338384
4.112,85.609985,-6.349862,45.950016,87.36837,-6.851581,46.277355,0.83826,0.809304223917867,1.18610243356276,0.08100572409780309
7.197,86.72147020278406,-6.952600082149929,49.03401581095122,87.91079767346552,-6.9130888310366405,46.25464083798387,2.227753,2.15080036354556,1.18312839848625,0.08100572409780309
4.112,85.609985,-6.349862,45.950016,87.36837,-6.851581,46.277355,0.83826,0.809304223917867,1.18610243356276,0.2703169598893241
7.341,86.81999459677196,-5.846031623531589,46.06012709048579,86.71653901991426,-8.005183481740897,46.034417186811716,2.262225,2.18408160708205,1.44467514052046,0.2703169598893241
4.112,85.609985,-6.349862,45.950016,87.36837,-6.851581,46.277355,0.83826,0.809304223917867,1.18610243356276,0.1705573300147168
7.348,86.84459621387502,-5.494853895071373,45.90485771923463,86.67707250086858,-8.362967596418914,46.01061550923815,2.572473,2.48361279891044,1.91048458074635,0.1705573300147168
4.112,85.609985,-6.349862,45.950016,87.36837,-6.851581,46.277355,0.83826,0.809304223917867,1.18610243356276,0.07017900459157776
7.377,86.71653901991426,-8.005070158690897,46.03431684995611,87.91079767346552,-6.912991100544719,46.254533173971325,2.081247,2.00935507851548,1.07019807378288,0.07017900459157776
4.112,85.609985,-6.349862,45.950016,87.36837,-6.851581,46.277355,0.83826,0.809304223917867,1.18610243356276,0.28405076092308096
7.387,86.66226473133806,-8.655376198553666,45.93090575607588,88.85627457640994,-7.076514368708542,46.83698925470898,3.167115,3.05771424991487,1.81869642534546,0.28405076092308096
4.112,85.609985,-6.349862,45.950016,87.36837,-6.851581,46.277355,0.83826,0.809304223917867,1.18610243356276,0.758817865219998
7.388,86.66226473133806,-8.655376198553666,45.93090575607588,85.15429599479369,-6.764933318208211,45.60107876864381,2.774996,2.67914010468731,1.5740700765611,0.758817865219998
4.112,85.609985,-6.349862,45.950016,87.36837,-6.851581,46.277355,0.83826,0.809304223917867,1.18610243356276,0.09028031864316557
7.411,88.5001508082956,-6.999608741285468,46.93455633577908,85.59476319960956,-6.778466906279701,45.48309821901271,2.365641,2.28392533769151,1.93126916819265,0.09028031864316557
4.113,85.349991,-6.309961,45.84,87.219841,-6.046001,45.76025,1.061796,1.0251186836293,1.226484587438,0.09669115463919896
7.348,86.84459621387502,-5.494853895071373,45.90485771923463,86.67707250086858,-8.362967596418914,46.01061550923815,2.572473,2.48361279891044,1.91048458074635,0.09669115463919896
4.113,85.349991,-6.309961,45.84,87.219841,-6.046001,45.76025,1.061796,1.0251186836293,1.226484587438,0.2725984120498587
7.387,86.66226473133806,-8.655376198553666,45.93090575607588,88.85627457640994,-7.076514368708542,46.83698925470898,3.167115,3.05771424991487,1.81869642534546,0.2725984120498587
4.113,85.349991,-6.309961,45.84,87.219841,-6.046001,45.76025,1.061796,1.0251186836293,1.226484587438,0.4606141073205388
7.388,86.66226473133806,-8.655376198553666,45.93090575607588,85.15429599479369,-6.764933318208211,45.60107876864381,2.774996,2.67914010468731,1.5740700765611,0.4606141073205388
5.39,60.999969,-0.269999,-0.07004,62.370724,-0.274796,-0.071283,0.991625,0.957371580467343,1.1779488471334,0.05979782196490845
7.245,62.692913020733926,-0.025525748824417605,1.8463105034097316,63.78670046345174,0.03263015525073465,0.1003204882227271,2.490602,2.40456984551128,1.91155600918827,0.05979782196490845
5.39,60.999969,-0.269999,-0.07004,62.370724,-0.274796,-0.071283,0.991625,0.957371580467343,1.1779488471334,0.07407285907456236
7.389,62.57510908259357,-1.0867619654819083,0.31610849917835804,63.78670046345174,0.0326107976550416,0.10033564418876484,2.503529,2.41705031183747,1.92728294378988,0.07407285907456236
5.39,60.999969,-0.269999,-0.07004,62.370724,-0.274796,-0.071283,0.991625,0.957371580467343,1.1779488471334,0.18551989407450653
7.412,63.5160681944692,0.10321987948291866,0.08609954516600737,62.02347818323405,0.10674243497249547,0.20088653655014888,2.344096,2.26312456048121,1.2692217359549,0.18551989407450653
5.39,60.999969,-0.269999,-0.07004,62.370724,-0.274796,-0.071283,0.991625,0.957371580467343,1.1779488471334,0.4498972610724818
7.416,63.78670046345174,0.03242080829907179,0.10035764877245335,61.68871986942695,0.16649838872390132,-0.006524398489138328,2.999064,2.89546818767449,1.7919385620168,0.4498972610724818
5.40,60.36002,-0.310067,-0.0499,62.078907,-0.283174,-0.077197,1.412074,1.3632971305855,1.48727789711999,0.4945402637745941
7.416,63.78670046345174,0.03242080829907179,0.10035764877245335,61.68871986942695,0.16649838872390132,-0.006524398489138328,2.999064,2.89546818767449,1.7919385620168,0.4945402637745941
5.43,85.609985,-6.349862,45.950016,87.36837,-6.851581,46.277355,0.87263,0.842486990811262,1.18610243356276,0.06602810533731993
7.197,86.72147020278406,-6.952600082149929,49.03401581095122,87.91079767346552,-6.9130888310366405,46.25464083798387,2.227753,2.15080036354556,1.18312839848625,0.06602810533731993
5.43,85.609985,-6.349862,45.950016,87.36837,-6.851581,46.277355,0.87263,0.842486990811262,1.18610243356276,0.22456836664854346
7.341,86.81999459677196,-5.846031623531589,46.06012709048579,86.71653901991426,-8.005183481740897,46.034417186811716,2.262225,2.18408160708205,1.44467514052046,0.22456836664854346
5.43,85.609985,-6.349862,45.950016,87.36837,-6.851581,46.277355,0.87263,0.842486990811262,1.18610243356276,0.1607221023321233
7.348,86.84459621387502,-5.494853895071373,45.90485771923463,86.67707250086858,-8.362967596418914,46.01061550923815,2.572473,2.48361279891044,1.91048458074635,0.1607221023321233
5.43,85.609985,-6.349862,45.950016,87.36837,-6.851581,46.277355,0.87263,0.842486990811262,1.18610243356276,0.28405076092308096
7.387,86.66226473133806,-8.655376198553666,45.93090575607588,88.85627457640994,-7.076514368708542,46.83698925470898,3.167115,3.05771424991487,1.81869642534546,0.28405076092308096
5.43,85.609985,-6.349862,45.950016,87.36837,-6.851581,46.277355,0.87263,0.842486990811262,1.18610243356276,0.743518412992842
7.388,86.66226473133806,-8.655376198553666,45.93090575607588,85.15429599479369,-6.764933318208211,45.60107876864381,2.774996,2.67914010468731,1.5740700765611,0.743518412992842
5.43,85.609985,-6.349862,45.950016,87.36837,-6.851581,46.277355,0.87263,0.842486990811262,1.18610243356276,0.07809785187351366
7.411,88.5001508082956,-6.999608741285468,46.93455633577908,85.59476319960956,-6.778466906279701,45.48309821901271,2.365641,2.28392533769151,1.93126916819265,0.07809785187351366
5.44,85.349991,-6.309961,45.84,87.219841,-6.046001,45.76025,0.991625,0.957371580467343,1.226484587438,0.08463038144821809
7.341,86.81999459677196,-5.846031623531589,46.06012709048579,86.71653901991426,-8.005183481740897,46.034417186811716,2.262225,2.18408160708205,1.44467514052046,0.08463038144821809
5.44,85.349991,-6.309961,45.84,87.219841,-6.046001,45.76025,0.991625,0.957371580467343,1.226484587438,0.1267429333886999
7.348,86.84459621387502,-5.494853895071373,45.90485771923463,86.67707250086858,-8.362967596418914,46.01061550923815,2.572473,2.48361279891044,1.91048458074635,0.1267429333886999
5.44,85.349991,-6.309961,45.84,87.219841,-6.046001,45.76025,0.991625,0.957371580467343,1.226484587438,0.2725984120498587
7.387,86.66226473133806,-8.655376198553666,45.93090575607588,88.85627457640994,-7.076514368708542,46.83698925470898,3.167115,3.05771424991487,1.81869642534546,0.2725984120498587
5.44,85.349991,-6.309961,45.84,87.219841,-6.046001,45.76025,0.991625,0.957371580467343,1.226484587438,0.5118334196708043
7.388,86.66226473133806,-8.655376198553666,45.93090575607588,85.15429599479369,-6.764933318208211,45.60107876864381,2.774996,2.67914010468731,1.5740700765611,0.5118334196708043
5.44,85.349991,-6.309961,45.84,87.219841,-6.046001,45.76025,0.991625,0.957371580467343,1.226484587438,0.05108657453567459
7.411,88.5001508082956,-6.999608741285468,46.93455633577908,85.59476319960956,-6.778466906279701,45.48309821901271,2.365641,2.28392533769151,1.93126916819265,0.05108657453567459
6.20,59.97,-0.9299999999999864,1.2799999999999923,59.89170101790661,-0.06436125352315969,1.2425904863331505,1.02,0.984766430935777,1.25722420656067,0.052011886862039815
7.416,63.78670046345174,0.03242080829907179,0.10035764877245335,61.68871986942695,0.16649838872390132,-0.006524398489138328,2.999064,2.89546818767449,1.7919385620168,0.052011886862039815
7.1,86.7658295591843,-6.886886761145572,46.098331195293184,86.75597523399955,-7.080393198347301,47.01948666710658,0.573097,0.553300673794119,0.303627976136129,0.06952441477219863
7.377,86.71653901991426,-8.005070158690897,46.03431684995611,87.91079767346552,-6.912991100544719,46.254533173971325,2.081247,2.00935507851548,1.07019807378288,0.06952441477219863
7.2,86.7658295591843,-6.886886761145572,46.098331195293184,86.81015065275807,-7.0156311121221115,48.143548294773986,0.866109,0.83619124385427,0.660241081727194,0.13305761204802902
7.197,86.72147020278406,-6.952600082149929,49.03401581095122,87.91079767346552,-6.9130888310366405,46.25464083798387,2.227753,2.15080036354556,1.18312839848625,0.13305761204802902
7.3,86.7658295591843,-6.886886761145572,46.098331195293184,86.72147020278406,-6.952431806549586,49.033997373122084,1.133267,1.09412088126205,0.952209368236103,0.2739456818025821
7.220,86.79045710747162,-7.375172782476291,50.369302143230854,88.5001508082956,-6.999565974377453,46.934574304835365,2.731906,2.6375385502667,1.53692296325193,0.2739456818025821
7.3,86.7658295591843,-6.886886761145572,46.098331195293184,86.72147020278406,-6.952431806549586,49.033997373122084,1.133267,1.09412088126205,0.952209368236103,0.07338110527773252
7.388,86.66226473133806,-8.655376198553666,45.93090575607588,85.15429599479369,-6.764933318208211,45.60107876864381,2.774996,2.67914010468731,1.5740700765611,0.07338110527773252
7.4,86.7658295591843,-6.886886761145572,46.098331195293184,86.79045710747162,-7.375076072416665,50.369268638287544,1.503841,1.4518942492793,1.34846878492949,0.061496554770560825
7.220,86.79045710747162,-7.375172782476291,50.369302143230854,88.5001508082956,-6.999565974377453,46.934574304835365,2.731906,2.6375385502667,1.53692296325193,0.061496554770560825
7.4,86.7658295591843,-6.886886761145572,46.098331195293184,86.79045710747162,-7.375076072416665,50.369268638287544,1.503841,1.4518942492793,1.34846878492949,0.3201757301482602
7.240,86.72640091225273,-7.38263127534966,51.29478361952613,88.85627457640994,-7.0765063655120475,46.83697535626528,3.248986,3.13675720331403,1.9517560181401,0.3201757301482602
7.5,86.7658295591843,-6.886886761145572,46.098331195293184,86.72640091225273,-7.382484873045159,51.294767360664515,1.745145,1.68486295403472,1.63119173231843,0.31671092583371085
7.240,86.72640091225273,-7.38263127534966,51.29478361952613,88.85627457640994,-7.0765063655120475,46.83697535626528,3.248986,3.13675720331403,1.9517560181401,0.31671092583371085
7.6,86.7658295591843,-6.886886761145572,46.098331195293184,86.7658295591843,-6.879838482499623,45.06109979171189,0.633423,0.611542849982973,0.348530911713251,0.07411238539640799
7.377,86.71653901991426,-8.005070158690897,46.03431684995611,87.91079767346552,-6.912991100544719,46.254533173971325,2.081247,2.00935507851548,1.07019807378288,0.07411238539640799
7.7,86.7658295591843,-6.886886761145572,46.098331195293184,86.88393433722888,-6.706578234000449,43.372800808825154,1.107413,1.06915994860969,0.9132096188872,0.10010529273238862
7.300,86.77075601314962,-6.400726582986183,41.67111370987344,85.59476319960956,-6.778489731706971,45.48307926090482,2.473366,2.38792922374304,1.49888487553641,0.10010529273238862
7.7,86.7658295591843,-6.886886761145572,46.098331195293184,86.88393433722888,-6.706578234000449,43.372800808825154,1.107413,1.06915994860969,0.9132096188872,0.13525815446591238
7.388,86.66226473133806,-8.655376198553666,45.93090575607588,85.15429599479369,-6.764933318208211,45.60107876864381,2.774996,2.67914010468731,1.5740700765611,0.13525815446591238
7.24,86.7658295591843,-6.886886761145572,46.098331195293184,88.5001508082956,-6.999465816761807,46.93454011216565,1.572785,1.51845673635228,1.14387831251439,0.1757112178384663
7.387,86.66226473133806,-8.655376198553666,45.93090575607588,88.85627457640994,-7.076514368708542,46.83698925470898,3.167115,3.05771424991487,1.81869642534546,0.1757112178384663
7.27,86.7658295591843,-6.886886761145572,46.098331195293184,86.310560127,-6.8599491075010395,45.83711809189859,0.586024,0.565781140120302,0.306933125460867,0.0682516879555865
7.377,86.71653901991426,-8.005070158690897,46.03431684995611,87.91079767346552,-6.912991100544719,46.254533173971325,2.081247,2.00935507851548,1.07019807378288,0.0682516879555865
7.29,86.7658295591843,-6.886886761145572,46.098331195293184,85.59476319960956,-6.778327863274869,45.48308240631989,1.081559,1.04419901595732,0.787693520177652,0.09665600823581136
7.388,86.66226473133806,-8.655376198553666,45.93090575607588,85.15429599479369,-6.764933318208211,45.60107876864381,2.774996,2.67914010468731,1.5740700765611,0.09665600823581136
7.30,86.7658295591843,-6.886886761145572,46.098331195293184,85.15429599479369,-6.764778352915723,45.601047951278815,1.447824,1.39781222853251,1.06307867142585,0.08630253439025798
7.387,86.66226473133806,-8.655376198553666,45.93090575607588,88.85627457640994,-7.076514368708542,46.83698925470898,3.167115,3.05771424991487,1.81869642534546,0.08630253439025798
7.30,86.7658295591843,-6.886886761145572,46.098331195293184,85.15429599479369,-6.764778352915723,45.601047951278815,1.447824,1.39781222853251,1.06307867142585,0.10206246359796362
7.388,86.66226473133806,-8.655376198553666,45.93090575607588,85.15429599479369,-6.764933318208211,45.60107876864381,2.774996,2.67914010468731,1.5740700765611,0.10206246359796362
7.32,62.650880690858955,0.13654519266420584,0.058882039320318214,62.625639713294134,-0.23930804220040347,1.0387363679244865,0.978143,0.944355285347857,1.10825242033826,0.05108673240981739
7.245,62.692913020733926,-0.025525748824417605,1.8463105034097316,63.78670046345174,0.03263015525073465,0.1003204882227271,2.490602,2.40456984551128,1.91155600918827,0.05108673240981739
7.32,62.650880690858955,0.13654519266420584,0.058882039320318214,62.625639713294134,-0.23930804220040347,1.0387363679244865,0.978143,0.944355285347857,1.10825242033826,0.20302974710566468
7.412,63.5160681944692,0.10321987948291866,0.08609954516600737,62.02347818323405,0.10674243497249547,0.20088653655014888,2.344096,2.26312456048121,1.2692217359549,0.20302974710566468
7.32,62.650880690858955,0.13654519266420584,0.058882039320318214,62.625639713294134,-0.23930804220040347,1.0387363679244865,0.978143,0.944355285347857,1.10825242033826,0.300763481034647
7.416,63.78670046345174,0.03242080829907179,0.10035764877245335,61.68871986942695,0.16649838872390132,-0.006524398489138328,2.999064,2.89546818767449,1.7919385620168,0.300763481034647
7.33,62.650880690858955,0.13654519266420584,0.058882039320318214,62.64246883189739,0.1533582167819736,1.1799848157068915,1.456442,1.40613253941663,1.09279885748129,0.12981053676907703
7.416,63.78670046345174,0.03242080829907179,0.10035764877245335,61.68871986942695,0.16649838872390132,-0.006524398489138328,2.999064,2.89546818767449,1.7919385620168,0.12981053676907703
7.34,62.650880690858955,0.13654519266420584,0.058882039320318214,62.692913020733926,0.01805623158557257,1.285774338419876,1.495223,1.44357393839518,1.20777138570803,0.20971802510498502
7.416,63.78670046345174,0.03242080829907179,0.10035764877245335,61.68871986942695,0.16649838872390132,-0.006524398489138328,2.999064,2.89546818767449,1.7919385620168,0.20971802510498502
7.36,62.650880690858955,0.13654519266420584,0.058882039320318214,62.49919105553391,0.2242348024581453,-0.3327536373626927,0.685131,0.661464715287706,0.428616123608861,0.05419938037231052
7.412,63.5160681944692,0.10321987948291866,0.08609954516600737,62.02347818323405,0.10674243497249547,0.20088653655014888,2.344096,2.26312456048121,1.2692217359549,0.05419938037231052
7.37,62.650880690858955,0.13654519266420584,0.058882039320318214,62.659290750877176,0.18314981345957104,-0.4635694024363257,0.814401,0.786269378549537,0.521247588339168,0.090264941347054
7.412,63.5160681944692,0.10321987948291866,0.08609954516600737,62.02347818323405,0.10674243497249547,0.20088653655014888,2.344096,2.26312456048121,1.2692217359549,0.090264941347054
7.39,62.650880690858955,0.13654519266420584,0.058882039320318214,62.692913020733926,0.39394336279507947,-1.3157001232171117,1.572785,1.51845673635228,1.38413185488479,0.22496773686390104
7.416,63.78670046345174,0.03242080829907179,0.10035764877245335,61.68871986942695,0.16649838872390132,-0.006524398489138328,2.999064,2.89546818767449,1.7919385620168,0.22496773686390104
7.40,62.650880690858955,0.13654519266420584,0.058882039320318214,62.667699012913516,0.41961483618679907,-1.5379418235496267,1.76669,1.70566373124503,1.59392405569462,0.06560574860819945
7.416,63.78670046345174,0.03242080829907179,0.10035764877245335,61.68871986942695,0.16649838872390132,-0.006524398489138328,2.999064,2.89546818767449,1.7919385620168,0.06560574860819945
7.41,62.650880690858955,0.13654519266420584,0.058882039320318214,62.516074417933325,0.5583294841873809,0.016021573156987934,0.94798,0.91523419725343,0.630227972466697,0.09858122802704279
7.412,63.5160681944692,0.10321987948291866,0.08609954516600737,62.02347818323405,0.10674243497249547,0.20088653655014888,2.344096,2.26312456048121,1.2692217359549,0.09858122802704279
7.42,62.650880690858955,0.13654519266420584,0.058882039320318214,62.768458263626584,0.7727134271581781,0.014210382325319237,1.180666,1.13988259112473,0.932361102138941,0.05379304913444793
7.416,63.78670046345174,0.03242080829907179,0.10035764877245335,61.68871986942695,0.16649838872390132,-0.006524398489138328,2.999064,2.89546818767449,1.7919385620168,0.05379304913444793
7.43,62.650880690858955,0.13654519266420584,0.058882039320318214,62.549819377247616,0.9092526415327984,-0.05232830036527858,1.37888,1.33124974145953,1.12824011902413,0.21812697231731604
7.416,63.78670046345174,0.03242080829907179,0.10035764877245335,61.68871986942695,0.16649838872390132,-0.006524398489138328,2.999064,2.89546818767449,1.7919385620168,0.21812697231731604
7.44,62.650880690858955,0.13654519266420584,0.058882039320318214,62.7516829552152,1.1257543621893684,-0.015087479607633902,1.654656,1.59749968975144,1.42774732141551,0.1573248550961728
7.416,63.78670046345174,0.03242080829907179,0.10035764877245335,61.68871986942695,0.16649838872390132,-0.006524398489138328,2.999064,2.89546818767449,1.7919385620168,0.1573248550961728
7.46,62.650880690858955,0.13654519266420584,0.058882039320318214,62.67610547792866,-0.035941736016953385,0.15168631979316505,0.564479,0.544980362909997,0.275172178753487,0.05466236893792023
7.55,62.650880690858955,0.13654519266420584,0.058882039320318214,63.78670046345174,0.03275433208632661,0.10033283052226505,1.917505,1.85126917171716,0.969591759766644,0.05466236893792023
7.46,62.650880690858955,0.13654519266420584,0.058882039320318214,62.67610547792866,-0.035941736016953385,0.15168631979316505,0.564479,0.544980362909997,0.275172178753487,0.061807198132795414
7.407,63.26843012799614,0.12805498690454664,-0.13779436981593562,62.19404048836513,0.13904050928265077,0.13632816855941865,1.917505,1.85126917171716,0.950497521513414,0.061807198132795414
7.47,62.650880690858955,0.13654519266420584,0.058882039320318214,62.67610547792866,-0.39219220680142275,0.10254731048000565,1.064323,1.02755839418908,0.788922299896085,0.08373385468169232
7.412,63.5160681944692,0.10321987948291866,0.08609954516600737,62.02347818323405,0.10674243497249547,0.20088653655014888,2.344096,2.26312456048121,1.2692217359549,0.08373385468169232
7.48,62.650880690858955,0.13654519266420584,0.058882039320318214,62.793607836939486,-0.6012431815696773,0.18271982920661234,1.318554,1.27300756527068,1.10554592670147,0.2188288136683656
7.416,63.78670046345174,0.03242080829907179,0.10035764877245335,61.68871986942695,0.16649838872390132,-0.006524398489138328,2.999064,2.89546818767449,1.7919385620168,0.2188288136683656
7.49,62.650880690858955,0.13654519266420584,0.058882039320318214,62.60038251922951,-0.7735769781561097,0.23571948819842703,1.534004,1.48101533737373,1.35192288813507,0.27486121631540844
7.416,63.78670046345174,0.03242080829907179,0.10035764877245335,61.68871986942695,0.16649838872390132,-0.006524398489138328,2.999064,2.89546818767449,1.7919385620168,0.27486121631540844
7.55,62.650880690858955,0.13654519266420584,0.058882039320318214,63.78670046345174,0.03275433208632661,0.10033283052226505,1.917505,1.85126917171716,0.969591759766644,0.09062281002223767
7.56,62.650880690858955,0.13654519266420584,0.058882039320318214,63.28498750291695,0.10692351316887727,0.1648092049777894,0.642041,0.619863160867096,0.547724220647986,0.09062281002223767
7.55,62.650880690858955,0.13654519266420584,0.058882039320318214,63.78670046345174,0.03275433208632661,0.10033283052226505,1.917505,1.85126917171716,0.969591759766644,0.14080224495849672
7.158,62.625639713294134,0.12035648948244271,0.4761696236759594,63.28498750291695,0.10661094074038147,0.16477156366714318,0.598951,0.578261606446485,0.636398914792151,0.14080224495849672
7.55,62.650880690858955,0.13654519266420584,0.058882039320318214,63.78670046345174,0.03275433208632661,0.10033283052226505,1.917505,1.85126917171716,0.969591759766644,0.08870009428062203
7.366,62.67610547792866,-0.03600160665973018,0.15161472608848925,63.28498750291695,0.1068632681162085,0.16473702752097807,0.64635,0.624023316309157,0.557041521272087,0.08870009428062203
7.56,62.650880690858955,0.13654519266420584,0.058882039320318214,63.28498750291695,0.10692351316887727,0.1648092049777894,0.642041,0.619863160867096,0.547724220647986,0.09333645723310675
7.407,63.26843012799614,0.12805498690454664,-0.13779436981593562,62.19404048836513,0.13904050928265077,0.13632816855941865,1.917505,1.85126917171716,0.950497521513414,0.09333645723310675
7.56,62.650880690858955,0.13654519266420584,0.058882039320318214,63.28498750291695,0.10692351316887727,0.1648092049777894,0.642041,0.619863160867096,0.547724220647986,0.18069300329569746
7.412,63.5160681944692,0.10321987948291866,0.08609954516600737,62.02347818323405,0.10674243497249547,0.20088653655014888,2.344096,2.26312456048121,1.2692217359549,0.18069300329569746
7.149,86.75597523399955,-7.0805049942097575,47.01950767756114,86.7658295591843,-6.87995126180313,45.061121121607314,0.805783,0.777949067665415,0.638467084531517,0.14399766231120784
7.197,86.72147020278406,-6.952600082149929,49.03401581095122,87.91079767346552,-6.9130888310366405,46.25464083798387,2.227753,2.15080036354556,1.18312839848625,0.14399766231120784
7.149,86.75597523399955,-7.0805049942097575,47.01950767756114,86.7658295591843,-6.87995126180313,45.061121121607314,0.805783,0.777949067665415,0.638467084531517,0.08477869351921904
7.377,86.71653901991426,-8.005070158690897,46.03431684995611,87.91079767346552,-6.912991100544719,46.254533173971325,2.081247,2.00935507851548,1.07019807378288,0.08477869351921904
7.150,86.75597523399955,-7.0805049942097575,47.01950767756114,86.67213705226933,-6.5194715769039675,46.06247477283212,0.676513,0.653144404403584,0.436177153789472,0.08519350147718814
7.197,86.72147020278406,-6.952600082149929,49.03401581095122,87.91079767346552,-6.9130888310366405,46.25464083798387,2.227753,2.15080036354556,1.18312839848625,0.08519350147718814
7.150,86.75597523399955,-7.0805049942097575,47.01950767756114,86.67213705226933,-6.5194715769039675,46.06247477283212,0.676513,0.653144404403584,0.436177153789472,0.10329100565905808
7.377,86.71653901991426,-8.005070158690897,46.03431684995611,87.91079767346552,-6.912991100544719,46.254533173971325,2.081247,2.00935507851548,1.07019807378288,0.10329100565905808
7.151,86.75597523399955,-7.0805049942097575,47.01950767756114,86.68200747504233,-7.280176520205628,46.031143001653476,0.710985,0.686425647940072,0.385588115662238,0.06356591699117937
7.377,86.71653901991426,-8.005070158690897,46.03431684995611,87.91079767346552,-6.912991100544719,46.254533173971325,2.081247,2.00935507851548,1.07019807378288,0.06356591699117937
7.154,62.625639713294134,0.12035648948244271,0.4761696236759594,62.49919105553391,0.2239241642348344,-0.3327905081242033,1.012615,0.977636528884345,0.824141300397129,0.13241023604217889
7.412,63.5160681944692,0.10321987948291866,0.08609954516600737,62.02347818323405,0.10674243497249547,0.20088653655014888,2.344096,2.26312456048121,1.2692217359549,0.13241023604217889
7.155,62.625639713294134,0.12035648948244271,0.4761696236759594,62.516074417933325,0.5580197636810835,0.015984371805322084,0.952289,0.919394352695491,0.798215940290401,0.18206679421112715
7.412,63.5160681944692,0.10321987948291866,0.08609954516600737,62.02347818323405,0.10674243497249547,0.20088653655014888,2.344096,2.26312456048121,1.2692217359549,0.18206679421112715
7.157,62.625639713294134,0.12035648948244271,0.4761696236759594,62.89404594163646,0.2394967895999467,-0.020397616806855368,0.844564,0.815390466643965,0.571654842070686,0.11459852009450701
7.412,63.5160681944692,0.10321987948291866,0.08609954516600737,62.02347818323405,0.10674243497249547,0.20088653655014888,2.344096,2.26312456048121,1.2692217359549,0.11459852009450701
7.158,62.625639713294134,0.12035648948244271,0.4761696236759594,63.28498750291695,0.10661094074038147,0.16477156366714318,0.598951,0.578261606446485,0.636398914792151,0.14300183032853064
7.407,63.26843012799614,0.12805498690454664,-0.13779436981593562,62.19404048836513,0.13904050928265077,0.13632816855941865,1.917505,1.85126917171716,0.950497521513414,0.14300183032853064
7.158,62.625639713294134,0.12035648948244271,0.4761696236759594,63.28498750291695,0.10661094074038147,0.16477156366714318,0.598951,0.578261606446485,0.636398914792151,0.3376279648749177
7.412,63.5160681944692,0.10321987948291866,0.08609954516600737,62.02347818323405,0.10674243497249547,0.20088653655014888,2.344096,2.26312456048121,1.2692217359549,0.3376279648749177
7.172,86.81015065275807,-7.015765527611462,48.1434476614611,86.88393433722888,-6.706715429069421,43.37270490391602,1.719291,1.65990202138236,1.56989910488383,0.09232631286620817
7.387,86.66226473133806,-8.655376198553666,45.93090575607588,88.85627457640994,-7.076514368708542,46.83698925470898,3.167115,3.05771424991487,1.81869642534546,0.09232631286620817
7.173,86.81015065275807,-7.015765527611462,48.1434476614611,86.82491586201648,-6.18100470046945,45.90764175083493,0.99107,0.95683575167404,0.819733487314654,0.06788157362748215
7.197,86.72147020278406,-6.952600082149929,49.03401581095122,87.91079767346552,-6.9130888310366405,46.25464083798387,2.227753,2.15080036354556,1.18312839848625,0.06788157362748215
7.173,86.81015065275807,-7.015765527611462,48.1434476614611,86.82491586201648,-6.18100470046945,45.90764175083493,0.99107,0.95683575167404,0.819733487314654,0.1343719256584202
7.220,86.79045710747162,-7.375172782476291,50.369302143230854,88.5001508082956,-6.999565974377453,46.934574304835365,2.731906,2.6375385502667,1.53692296325193,0.1343719256584202
7.173,86.81015065275807,-7.015765527611462,48.1434476614611,86.82491586201648,-6.18100470046945,45.90764175083493,0.99107,0.95683575167404,0.819733487314654,0.09014451881995941
7.388,86.66226473133806,-8.655376198553666,45.93090575607588,85.15429599479369,-6.764933318208211,45.60107876864381,2.774996,2.67914010468731,1.5740700765611,0.09014451881995941
7.174,86.81015065275807,-7.015765527611462,48.1434476614611,86.73133114843384,-7.716527952812024,46.05722857529315,1.271155,1.22724585540801,0.919217629156278,0.1048046884964199
7.220,86.79045710747162,-7.375172782476291,50.369302143230854,88.5001508082956,-6.999565974377453,46.934574304835365,2.731906,2.6375385502667,1.53692296325193,0.1048046884964199
7.174,86.81015065275807,-7.015765527611462,48.1434476614611,86.73133114843384,-7.716527952812024,46.05722857529315,1.271155,1.22724585540801,0.919217629156278,0.07268259409335835
7.388,86.66226473133806,-8.655376198553666,45.93090575607588,85.15429599479369,-6.764933318208211,45.60107876864381,2.774996,2.67914010468731,1.5740700765611,0.07268259409335835
7.176,86.81015065275807,-7.015765527611462,48.1434476614611,86.310560127,-6.860084007689782,45.83702009748614,1.016924,0.981796684326406,0.811818034561871,0.10651186014289425
7.220,86.79045710747162,-7.375172782476291,50.369302143230854,88.5001508082956,-6.999565974377453,46.934574304835365,2.731906,2.6375385502667,1.53692296325193,0.10651186014289425
7.176,86.81015065275807,-7.015765527611462,48.1434476614611,86.310560127,-6.860084007689782,45.83702009748614,1.016924,0.981796684326406,0.811818034561871,0.08817747396152462
7.388,86.66226473133806,-8.655376198553666,45.93090575607588,85.15429599479369,-6.764933318208211,45.60107876864381,2.774996,2.67914010468731,1.5740700765611,0.08817747396152462
7.177,62.625639713294134,-0.23944473055187432,1.0386475053027588,62.659290750877176,0.18301176067281322,-0.4636579538232155,1.439206,1.38949191764839,1.60861596279644,0.49442596427109536
7.416,63.78670046345174,0.03242080829907179,0.10035764877245335,61.68871986942695,0.16649838872390132,-0.006524398489138328,2.999064,2.89546818767449,1.7919385620168,0.49442596427109536
7.178,62.625639713294134,-0.23944473055187432,1.0386475053027588,62.768458263626584,0.772576138392489,0.014121422550505969,1.370262,1.32292943057541,1.81597356395443,0.6123938899741398
7.416,63.78670046345174,0.03242080829907179,0.10035764877245335,61.68871986942695,0.16649838872390132,-0.006524398489138328,2.999064,2.89546818767449,1.7919385620168,0.6123938899741398
7.180,62.625639713294134,-0.23944473055187432,1.0386475053027588,63.16063819673245,0.14096554483211676,0.13791775857820987,1.219447,1.17732399010328,1.13794718784574,0.30632161814973213
7.416,63.78670046345174,0.03242080829907179,0.10035764877245335,61.68871986942695,0.16649838872390132,-0.006524398489138328,2.999064,2.89546818767449,1.7919385620168,0.30632161814973213
7.181,62.625639713294134,-0.23944473055187432,1.0386475053027588,62.262057519931304,0.1679176953379713,-0.00668523349156569,1.150503,1.1107615030303,1.22900954633046,0.05243044661247568
7.245,62.692913020733926,-0.025525748824417605,1.8463105034097316,63.78670046345174,0.03263015525073465,0.1003204882227271,2.490602,2.40456984551128,1.91155600918827,0.05243044661247568
7.181,62.625639713294134,-0.23944473055187432,1.0386475053027588,62.262057519931304,0.1679176953379713,-0.00668523349156569,1.150503,1.1107615030303,1.22900954633046,0.05138891412318003
7.389,62.57510908259357,-1.0867619654819083,0.31610849917835804,63.78670046345174,0.0326107976550416,0.10033564418876484,2.503529,2.41705031183747,1.92728294378988,0.05138891412318003
7.181,62.625639713294134,-0.23944473055187432,1.0386475053027588,62.262057519931304,0.1679176953379713,-0.00668523349156569,1.150503,1.1107615030303,1.22900954633046,0.5159778628897732
7.416,63.78670046345174,0.03242080829907179,0.10035764877245335,61.68871986942695,0.16649838872390132,-0.006524398489138328,2.999064,2.89546818767449,1.7919385620168,0.5159778628897732
7.195,86.72147020278406,-6.952600082149929,49.03401581095122,86.81999459677196,-5.846014174645475,46.06013302990502,1.228065,1.1856443009874,1.08824679430831,0.2629892797669969
7.220,86.79045710747162,-7.375172782476291,50.369302143230854,88.5001508082956,-6.999565974377453,46.934574304835365,2.731906,2.6375385502667,1.53692296325193,0.2629892797669969
7.195,86.72147020278406,-6.952600082149929,49.03401581095122,86.81999459677196,-5.846014174645475,46.06013302990502,1.228065,1.1856443009874,1.08824679430831,0.060325823260458
7.387,86.66226473133806,-8.655376198553666,45.93090575607588,88.85627457640994,-7.076514368708542,46.83698925470898,3.167115,3.05771424991487,1.81869642534546,0.060325823260458
7.195,86.72147020278406,-6.952600082149929,49.03401581095122,86.81999459677196,-5.846014174645475,46.06013302990502,1.228065,1.1856443009874,1.08824679430831,0.085574477773898
7.388,86.66226473133806,-8.655376198553666,45.93090575607588,85.15429599479369,-6.764933318208211,45.60107876864381,2.774996,2.67914010468731,1.5740700765611,0.085574477773898
7.196,86.72147020278406,-6.952600082149929,49.03401581095122,86.71653901991426,-8.005166025074006,46.03442308794783,1.76669,1.70566373124503,1.33470393925475,0.09816747718683581
7.240,86.72640091225273,-7.38263127534966,51.29478361952613,88.85627457640994,-7.0765063655120475,46.83697535626528,3.248986,3.13675720331403,1.9517560181401,0.09816747718683581
7.196,86.72147020278406,-6.952600082149929,49.03401581095122,86.71653901991426,-8.005166025074006,46.03442308794783,1.76669,1.70566373124503,1.33470393925475,0.08669488352151078
7.387,86.66226473133806,-8.655376198553666,45.93090575607588,88.85627457640994,-7.076514368708542,46.83698925470898,3.167115,3.05771424991487,1.81869642534546,0.08669488352151078
7.198,86.72147020278406,-6.952600082149929,49.03401581095122,85.98644320658008,-6.827708049455983,45.86242408965355,1.486605,1.43525362751106,1.12956833732335,0.08957460923512481
7.387,86.66226473133806,-8.655376198553666,45.93090575607588,88.85627457640994,-7.076514368708542,46.83698925470898,3.167115,3.05771424991487,1.81869642534546,0.08957460923512481
7.200,62.64246883189739,0.15331603614493483,1.1799271839062042,62.549819377247616,0.9092104548252267,-0.05238589926344073,1.538313,1.48517549281579,1.65281691263875,0.3218626693620197
7.416,63.78670046345174,0.03242080829907179,0.10035764877245335,61.68871986942695,0.16649838872390132,-0.006524398489138328,2.999064,2.89546818767449,1.7919385620168,0.3218626693620197
7.202,62.64246883189739,0.15331603614493483,1.1799271839062042,63.26843012799614,0.12835782372727644,-0.13785898843652333,1.7236,1.66406217682442,1.39434212062045,0.09082341156595834
7.416,63.78670046345174,0.03242080829907179,0.10035764877245335,61.68871986942695,0.16649838872390132,-0.006524398489138328,2.999064,2.89546818767449,1.7919385620168,0.09082341156595834
7.203,62.64246883189739,0.15331603614493483,1.1799271839062042,62.19404048836513,0.13933860462395087,0.1362646673024548,1.473678,1.42277316118488,1.08457075131742,0.11459760237508454
7.416,63.78670046345174,0.03242080829907179,0.10035764877245335,61.68871986942695,0.16649838872390132,-0.006524398489138328,2.999064,2.89546818767449,1.7919385620168,0.11459760237508454
7.218,86.79045710747162,-7.375172782476291,50.369302143230854,86.84459621387502,-5.494896926639347,45.90491334662112,1.908887,1.84294886083304,1.69609806882415,0.10749615113852506
7.240,86.72640091225273,-7.38263127534966,51.29478361952613,88.85627457640994,-7.0765063655120475,46.83697535626528,3.248986,3.13675720331403,1.9517560181401,0.10749615113852506
7.226,62.692913020733926,0.018020805553853325,1.2857434604606643,62.02347818323405,0.10700566224686181,0.20095643499979943,1.710673,1.65158171049823,1.20327736956508,0.05985514448923159
7.416,63.78670046345174,0.03242080829907179,0.10035764877245335,61.68871986942695,0.16649838872390132,-0.006524398489138328,2.999064,2.89546818767449,1.7919385620168,0.05985514448923159
7.260,86.7658295591843,-6.879953493182267,45.0610094225081,86.67213705226933,-6.519473627479677,46.06236228685343,0.762693,0.736347513244805,0.460815734140851,0.06810867390690782
7.377,86.71653901991426,-8.005070158690897,46.03431684995611,87.91079767346552,-6.912991100544719,46.254533173971325,2.081247,2.00935507851548,1.07019807378288,0.06810867390690782
7.261,86.7658295591843,-6.879953493182267,45.0610094225081,86.68200747504233,-7.280178933615322,46.031030759604974,0.667895,0.644824093519462,0.375128802654461,0.0730919355200959
7.377,86.71653901991426,-8.005070158690897,46.03431684995611,87.91079767346552,-6.912991100544719,46.254533173971325,2.081247,2.00935507851548,1.07019807378288,0.0730919355200959
7.263,62.49919105553391,0.22395683649600873,-0.3327535686703076,62.67610547792866,-0.0362192934338923,0.1516860144102905,0.797165,0.769628756781293,0.636158030716352,0.2049407343597243
7.412,63.5160681944692,0.10321987948291866,0.08609954516600737,62.02347818323405,0.10674243497249547,0.20088653655014888,2.344096,2.26312456048121,1.2692217359549,0.2049407343597243
7.270,86.88393433722888,-6.706715704119626,43.372801627382444,86.82491586201648,-6.181005190850297,45.90774016077197,1.262537,1.21892554452389,1.00435887386333,0.088153432745142
7.388,86.66226473133806,-8.655376198553666,45.93090575607588,85.15429599479369,-6.764933318208211,45.60107876864381,2.774996,2.67914010468731,1.5740700765611,0.088153432745142
7.271,86.88393433722888,-6.706715704119626,43.372801627382444,86.73133114843384,-7.716527797821337,46.05732661957025,1.361644,1.31460911969129,1.00754296386699,0.09025114633629729
7.388,86.66226473133806,-8.655376198553666,45.93090575607588,85.15429599479369,-6.764933318208211,45.60107876864381,2.774996,2.67914010468731,1.5740700765611,0.09025114633629729
7.273,62.659290750877176,0.18280401052056527,-0.46365008627240467,62.67610547792866,-0.39253698233226997,0.10246624288974271,1.189284,1.14820290200885,1.01854094477878,0.13924672381344994
7.416,63.78670046345174,0.03242080829907179,0.10035764877245335,61.68871986942695,0.16649838872390132,-0.006524398489138328,2.999064,2.89546818767449,1.7919385620168,0.13924672381344994
7.289,62.776843239021375,0.16499491098698194,-0.856471086060373,62.793607836939486,-0.6013931171411357,0.18262325854938588,1.46506,1.41445285030076,1.51803760245642,0.4447834458927374
7.416,63.78670046345174,0.03242080829907179,0.10035764877245335,61.68871986942695,0.16649838872390132,-0.006524398489138328,2.999064,2.89546818767449,1.7919385620168,0.4447834458927374
7.332,62.768458263626584,0.7725107178488955,0.014176982624602985,62.67610547792866,-0.39239492182907565,0.1025140107983491,1.732218,1.67238248770854,1.73241486888697,0.09844098735969875
7.416,63.78670046345174,0.03242080829907179,0.10035764877245335,61.68871986942695,0.16649838872390132,-0.006524398489138328,2.999064,2.89546818767449,1.7919385620168,0.09844098735969875
7.365,62.67610547792866,-0.03600160665973018,0.15161472608848925,62.89404594163646,0.23974826008255068,-0.020432129761971396,0.827328,0.79874984487572,0.482724431174689,0.0614361329158387
7.412,63.5160681944692,0.10321987948291866,0.08609954516600737,62.02347818323405,0.10674243497249547,0.20088653655014888,2.344096,2.26312456048121,1.2692217359549,0.0614361329158387
7.366,62.67610547792866,-0.03600160665973018,0.15161472608848925,63.28498750291695,0.1068632681162085,0.16473702752097807,0.64635,0.624023316309157,0.557041521272087,0.09120220776821025
7.407,63.26843012799614,0.12805498690454664,-0.13779436981593562,62.19404048836513,0.13904050928265077,0.13632816855941865,1.917505,1.85126917171716,0.950497521513414,0.09120220776821025
7.366,62.67610547792866,-0.03600160665973018,0.15161472608848925,63.28498750291695,0.1068632681162085,0.16473702752097807,0.64635,0.624023316309157,0.557041521272087,0.19143967237544043
7.412,63.5160681944692,0.10321987948291866,0.08609954516600737,62.02347818323405,0.10674243497249547,0.20088653655014888,2.344096,2.26312456048121,1.2692217359549,0.19143967237544043
7.379,62.793607836939486,-0.6013498919536509,0.18269033927200695,63.26843012799614,0.12829336715097783,-0.13783063587435862,1.447824,1.39781222853251,1.19047406123351,0.24189634226540235
7.416,63.78670046345174,0.03242080829907179,0.10035764877245335,61.68871986942695,0.16649838872390132,-0.006524398489138328,2.999064,2.89546818767449,1.7919385620168,0.24189634226540235
7.380,62.793607836939486,-0.6013498919536509,0.18269033927200695,62.19404048836513,0.1392751557910965,0.13629258088392326,1.521077,1.46853487104755,1.20966055214836,0.19725460379278728
7.416,63.78670046345174,0.03242080829907179,0.10035764877245335,61.68871986942695,0.16649838872390132,-0.006524398489138328,2.999064,2.89546818767449,1.7919385620168,0.19725460379278728
7.387,86.66226473133806,-8.655376198553666,45.93090575607588,88.85627457640994,-7.076514368708542,46.83698925470898,3.167115,3.05771424991487,1.81869642534546,0.07769639103262997
7.406,87.91079767346552,-6.91303545271299,46.254611653425215,85.98644320658008,-6.82765577081168,45.86239542374606,1.844252,1.78054652920213,1.24820206808958,0.07769639103262997
7.388,86.66226473133806,-8.655376198553666,45.93090575607588,85.15429599479369,-6.764933318208211,45.60107876864381,2.774996,2.67914010468731,1.5740700765611,0.11825033519217291
7.401,87.6499326488179,-6.998751909364609,46.24036111714411,86.310560127,-6.8601226584290576,45.837020064083724,1.236683,1.19396461187152,0.875836636653547,0.11825033519217291
