Pair,L1,a1,b1,L2,a2,b2,DV,DV normF3,DECIEDE2000,GradoDE
1.506,45.151043,-2.811008,-2.501926,45.33139,-3.092339,-3.071134,0.684433,0.660790826102615,0.60802394550191,0.3455970165206546
1.515,45.151043,-2.811008,-2.501926,42.89854,-3.337323,-2.757914,1.21445,1.17249960004898,2.20695562272957,0.3455970165206546
1.506,45.151043,-2.811008,-2.501926,45.33139,-3.092339,-3.071134,0.684433,0.660790826102615,0.60802394550191,0.3474200930941914
1.516,45.151043,-2.811008,-2.501926,42.642456,-2.615103,-3.107763,1.26202,1.21842640310742,2.4149467348562,0.3474200930941914
1.506,45.151043,-2.811008,-2.501926,45.33139,-3.092339,-3.071134,0.684433,0.660790826102615,0.60802394550191,0.28950524761824625
1.517,45.151043,-2.811008,-2.501926,42.793365,-2.900251,-1.820894,1.24857,1.20544100262106,2.28828077157615,0.28950524761824625
1.507,45.151043,-2.811008,-2.501926,45.178856,-3.125749,-2.870928,0.623786,0.602238738125201,0.487101933161916,0.38118112193393733
1.515,45.151043,-2.811008,-2.501926,42.89854,-3.337323,-2.757914,1.21445,1.17249960004898,2.20695562272957,0.38118112193393733
1.507,45.151043,-2.811008,-2.501926,45.178856,-3.125749,-2.870928,0.623786,0.602238738125201,0.487101933161916,0.31012243576330245
1.516,45.151043,-2.811008,-2.501926,42.642456,-2.615103,-3.107763,1.26202,1.21842640310742,2.4149467348562,0.31012243576330245
1.507,45.151043,-2.811008,-2.501926,45.178856,-3.125749,-2.870928,0.623786,0.602238738125201,0.487101933161916,0.3051931777132346
1.517,45.151043,-2.811008,-2.501926,42.793365,-2.900251,-1.820894,1.24857,1.20544100262106,2.28828077157615,0.3051931777132346
1.509,45.151043,-2.811008,-2.501926,45.164951,-3.313056,-2.403256,0.654296,0.631694839897603,0.643457685489093,0.31174243321748557
1.515,45.151043,-2.811008,-2.501926,42.89854,-3.337323,-2.757914,1.21445,1.17249960004898,2.20695562272957,0.31174243321748557
1.509,45.151043,-2.811008,-2.501926,45.164951,-3.313056,-2.403256,0.654296,0.631694839897603,0.643457685489093,0.3025601867259097
1.516,45.151043,-2.811008,-2.501926,42.642456,-2.615103,-3.107763,1.26202,1.21842640310742,2.4149467348562,0.3025601867259097
1.509,45.151043,-2.811008,-2.501926,45.164951,-3.313056,-2.403256,0.654296,0.631694839897603,0.643457685489093,0.30647407486584965
1.517,45.151043,-2.811008,-2.501926,42.793365,-2.900251,-1.820894,1.24857,1.20544100262106,2.28828077157615,0.30647407486584965
1.512,45.151043,-2.811008,-2.501926,45.317554,-3.378679,-2.751668,0.669988,0.646844795617451,0.7376305988799849,0.2668850015204692
1.516,45.151043,-2.811008,-2.501926,42.642456,-2.615103,-3.107763,1.26202,1.21842640310742,2.4149467348562,0.2668850015204692
1.514,45.151043,-2.811008,-2.501926,45.081394,-2.931315,-1.923165,0.577086,0.557151882904906,0.561391111965746,0.26473509064471434
1.515,45.151043,-2.811008,-2.501926,42.89854,-3.337323,-2.757914,1.21445,1.17249960004898,2.20695562272957,0.26473509064471434
1.514,45.151043,-2.811008,-2.501926,45.081394,-2.931315,-1.923165,0.577086,0.557151882904906,0.561391111965746,0.2604268002837413
1.517,45.151043,-2.811008,-2.501926,42.793365,-2.900251,-1.820894,1.24857,1.20544100262106,2.28828077157615,0.2604268002837413
1.516,45.151043,-2.811008,-2.501926,42.642456,-2.615103,-3.107763,1.26202,1.21842640310742,2.4149467348562,0.3682807732516916
1.518,45.151043,-2.811008,-2.501926,45.178856,-3.391616,-2.987074,0.792902,0.765513012374353,0.802192716868562,0.3682807732516916
1.516,45.151043,-2.811008,-2.501926,42.642456,-2.615103,-3.107763,1.26202,1.21842640310742,2.4149467348562,0.39209403173010793
1.519,45.151043,-2.811008,-2.501926,44.94162,-2.64182,-3.352035,0.760274,0.734012072071831,0.821963047131162,0.39209403173010793
1.720,65.826447,-1.697951,5.454526,67.051346,-1.637203,3.425771,2.08,2.0081511532808,1.96688276018876,0.2921074751607062
3.475,66.627518,-1.538718,3.45059,67.064919,-1.275448,3.165702,2.16585,2.0910356612179,0.547559195488068,0.2921074751607062
1.720,65.826447,-1.697951,5.454526,67.051346,-1.637203,3.425771,2.08,2.0081511532808,1.96688276018876,0.739286606434977
3.478,66.627518,-1.538718,3.45059,66.708221,-1.530576,3.61918,1.71328,1.65409865764083,0.161575414091489,0.739286606434977
1.720,65.826447,-1.697951,5.454526,67.051346,-1.637203,3.425771,2.08,2.0081511532808,1.96688276018876,0.4337234892442192
3.481,66.627518,-1.538718,3.45059,67.027954,-1.380901,3.205375,1.71165,1.65252496226591,0.433299955779215,0.4337234892442192
1.721,67.051346,-1.637362,3.425857,67.186905,-2.95006,3.583408,2.3,2.22055175603165,1.70106426957094,0.32273151397463523
3.478,66.627518,-1.538718,3.45059,66.708221,-1.530576,3.61918,1.71328,1.65409865764083,0.161575414091489,0.32273151397463523
1.726,65.826447,-1.626604,5.562673,67.051346,-1.637382,3.514867,2.45,2.36537034881633,1.98281007618809,0.29838154329996985
3.475,66.627518,-1.538718,3.45059,67.064919,-1.275448,3.165702,2.16585,2.0910356612179,0.547559195488068,0.29838154329996985
1.860,23.538761,-4.417905,-20.235949,23.966774,-6.903216,-22.121408,3.26,3.14739074985356,2.37574316092186,0.35420041297259147
1.862,23.605213,-7.957049,-20.846567,23.704475,-3.552516,-22.393524,3.1,2.99291758421658,3.86763546633068,0.35420041297259147
1.913,52.608536,-1.90264,0.457344,53.373711,0.931705,-0.332856,3.63,3.50460994538909,4.21600645347342,0.470939197919972
1.1355,52.960438,-0.215942,0.16867,53.276279,-1.970127,-0.912755,3.18519,3.07516489034542,2.66802809863955,0.470939197919972
1.913,52.608536,-1.90264,0.457344,53.373711,0.931705,-0.332856,3.63,3.50460994538909,4.21600645347342,0.35874649739592507
1.1357,52.960438,-0.215942,0.16867,52.674797,1.47451,-0.956135,3.0963,2.98934539226122,2.68511661884008,0.35874649739592507
1.1144,47.235798,-4.873497,-25.659845,47.89254,-6.464955,-23.92292,1.11511,1.07659107333411,1.51485419205257,0.47008409461982564
1.1292,46.974487,-5.338224,-24.143667,50.132732,-5.439182,-23.602091,1.47228,1.42142345190012,3.14602643706531,0.47008409461982564
1.1144,47.235798,-4.873497,-25.659845,47.89254,-6.464955,-23.92292,1.11511,1.07659107333411,1.51485419205257,0.4319145158033023
1.1302,46.974487,-5.338224,-24.143667,50.08511,-5.116676,-23.47584,1.35755,1.31065653756555,3.11065299128791,0.4319145158033023
1.1145,47.235798,-4.873497,-25.659845,47.365646,-4.688555,-24.64673,0.707434,0.682997309120216,0.493464434274071,0.5553522260826741
1.1293,46.974487,-5.338224,-24.143667,49.0811,-5.199367,-24.532782,0.917782,0.886079318154019,2.08974074194146,0.5553522260826741
1.1145,47.235798,-4.873497,-25.659845,47.365646,-4.688555,-24.64673,0.707434,0.682997309120216,0.493464434274071,0.5931056541452543
1.1304,46.974487,-5.338224,-24.143667,49.093384,-5.260174,-24.724117,0.8413,0.81223921406497,2.10770063923317,0.5931056541452543
1.1145,47.235798,-4.873497,-25.659845,47.365646,-4.688555,-24.64673,0.707434,0.682997309120216,0.493464434274071,0.38582824481409983
1.1307,46.974487,-5.338224,-24.143667,48.871597,-5.8938,-24.960522,0.975143,0.941458913492164,1.96909291881226,0.38582824481409983
1.1146,47.235798,-4.873497,-25.659845,47.546543,-5.248015,-24.230824,1.05516,1.01871190908451,0.671858411262849,0.2877731503493373
1.1293,46.974487,-5.338224,-24.143667,49.0811,-5.199367,-24.532782,0.917782,0.886079318154019,2.08974074194146,0.2877731503493373
1.1146,47.235798,-4.873497,-25.659845,47.546543,-5.248015,-24.230824,1.05516,1.01871190908451,0.671858411262849,0.32607179929517155
1.1301,46.974487,-5.338224,-24.143667,49.423252,-6.380499,-24.647871,1.64436,1.5875593415427,2.58646672801835,0.32607179929517155
1.1146,47.235798,-4.873497,-25.659845,47.546543,-5.248015,-24.230824,1.05516,1.01871190908451,0.671858411262849,0.3207718538953478
1.1304,46.974487,-5.338224,-24.143667,49.093384,-5.260174,-24.724117,0.8413,0.81223921406497,2.10770063923317,0.3207718538953478
1.1146,47.235798,-4.873497,-25.659845,47.546543,-5.248015,-24.230824,1.05516,1.01871190908451,0.671858411262849,0.4089115304952171
1.1316,46.974487,-5.338224,-24.143667,49.689598,-6.203372,-24.980022,1.56788,1.51372116836822,2.81664153973454,0.4089115304952171
1.1146,47.235798,-4.873497,-25.659845,47.546543,-5.248015,-24.230824,1.05516,1.01871190908451,0.671858411262849,0.379461956435444
1.1317,46.974487,-5.338224,-24.143667,49.520355,-6.036674,-24.016258,1.52008,1.46757231013417,2.58561947830162,0.379461956435444
1.1150,47.235798,-4.873497,-25.659845,47.026924,-6.090162,-26.323709,1.1271,1.08816690618403,1.0831148305613,0.34942466497119296
1.1316,46.974487,-5.338224,-24.143667,49.689598,-6.203372,-24.980022,1.56788,1.51372116836822,2.81664153973454,0.34942466497119296
1.1151,47.235798,-4.873497,-25.659845,47.066196,-4.81769,-23.221413,1.7506,1.69012952352566,1.04325595340886,0.29509964104623065
1.1296,46.974487,-5.338224,-24.143667,49.374592,-6.211933,-26.086388,2.31358,2.23366266596509,2.63817711417305,0.29509964104623065
1.1151,47.235798,-4.873497,-25.659845,47.066196,-4.81769,-23.221413,1.7506,1.69012952352566,1.04325595340886,0.3352432206550494
1.1301,46.974487,-5.338224,-24.143667,49.423252,-6.380499,-24.647871,1.64436,1.5875593415427,2.58646672801835,0.3352432206550494
1.1151,47.235798,-4.873497,-25.659845,47.066196,-4.81769,-23.221413,1.7506,1.69012952352566,1.04325595340886,0.4101420667672462
1.1302,46.974487,-5.338224,-24.143667,50.08511,-5.116676,-23.47584,1.35755,1.31065653756555,3.11065299128791,0.4101420667672462
1.1151,47.235798,-4.873497,-25.659845,47.066196,-4.81769,-23.221413,1.7506,1.69012952352566,1.04325595340886,0.4382138635236391
1.1309,46.974487,-5.338224,-24.143667,50.08511,-4.324798,-22.836958,1.88337,1.8183132872858,3.28370784395415,0.4382138635236391
1.1151,47.235798,-4.873497,-25.659845,47.066196,-4.81769,-23.221413,1.7506,1.69012952352566,1.04325595340886,0.5037308501851843
1.1316,46.974487,-5.338224,-24.143667,49.689598,-6.203372,-24.980022,1.56788,1.51372116836822,2.81664153973454,0.5037308501851843
1.1151,47.235798,-4.873497,-25.659845,47.066196,-4.81769,-23.221413,1.7506,1.69012952352566,1.04325595340886,0.27699004690602447
1.1317,46.974487,-5.338224,-24.143667,49.520355,-6.036674,-24.016258,1.52008,1.46757231013417,2.58561947830162,0.27699004690602447
1.1154,47.235798,-4.873497,-25.659845,47.610901,-6.321294,-24.666119,1.19904,1.15762190328356,1.2191542186712,0.5219407794589227
1.1292,46.974487,-5.338224,-24.143667,50.132732,-5.439182,-23.602091,1.47228,1.42142345190012,3.14602643706531,0.5219407794589227
1.1154,47.235798,-4.873497,-25.659845,47.610901,-6.321294,-24.666119,1.19904,1.15762190328356,1.2191542186712,0.46653654398985783
1.1302,46.974487,-5.338224,-24.143667,50.08511,-5.116676,-23.47584,1.35755,1.31065653756555,3.11065299128791,0.46653654398985783
1.1154,47.235798,-4.873497,-25.659845,47.610901,-6.321294,-24.666119,1.19904,1.15762190328356,1.2191542186712,0.5046982820689719
1.1316,46.974487,-5.338224,-24.143667,49.689598,-6.203372,-24.980022,1.56788,1.51372116836822,2.81664153973454,0.5046982820689719
1.1155,47.235798,-4.873497,-25.659845,48.573505,-5.818207,-23.30015,1.64269,1.58594702787636,1.74655261864593,0.2892115588432966
1.1292,46.974487,-5.338224,-24.143667,50.132732,-5.439182,-23.602091,1.47228,1.42142345190012,3.14602643706531,0.2892115588432966
1.1155,47.235798,-4.873497,-25.659845,48.573505,-5.818207,-23.30015,1.64269,1.58594702787636,1.74655261864593,0.44967322721037256
1.1309,46.974487,-5.338224,-24.143667,50.08511,-4.324798,-22.836958,1.88337,1.8183132872858,3.28370784395415,0.44967322721037256
1.1156,47.235798,-4.873497,-25.659845,47.867039,-6.135065,-23.704105,1.13909,1.09974273903396,1.34797170427156,0.6388655580843473
1.1292,46.974487,-5.338224,-24.143667,50.132732,-5.439182,-23.602091,1.47228,1.42142345190012,3.14602643706531,0.6388655580843473
1.1156,47.235798,-4.873497,-25.659845,47.867039,-6.135065,-23.704105,1.13909,1.09974273903396,1.34797170427156,0.6233612479792481
1.1302,46.974487,-5.338224,-24.143667,50.08511,-5.116676,-23.47584,1.35755,1.31065653756555,3.11065299128791,0.6233612479792481
1.1156,47.235798,-4.873497,-25.659845,47.867039,-6.135065,-23.704105,1.13909,1.09974273903396,1.34797170427156,0.2916465225980687
1.1316,46.974487,-5.338224,-24.143667,49.689598,-6.203372,-24.980022,1.56788,1.51372116836822,2.81664153973454,0.2916465225980687
1.1184,52.707874,-0.509537,0.432108,53.058765,0.362148,-0.099415,1.63636,1.57983568326085,1.4421048566776,0.2701288657264336
1.1188,52.707874,-0.509537,0.432108,53.254585,1.798958,-0.066632,2.36364,2.28199345766377,3.43171717958978,0.2701288657264336
1.1185,52.707874,-0.509537,0.432108,53.524734,0.935619,-1.505489,2.27273,2.1942237358634,2.90789854994547,0.31430511083022655
1.1189,52.707874,-0.509537,0.432108,52.663757,0.20281,1.189207,1.81818,1.75537512686158,1.28815221164309,0.31430511083022655
1.1185,52.707874,-0.509537,0.432108,53.524734,0.935619,-1.505489,2.27273,2.1942237358634,2.90789854994547,0.3462257872397592
1.1364,52.960438,-0.215942,0.16867,53.036942,-1.095443,0.529626,1.6963,1.63770519293761,1.308723125216,0.3462257872397592
1.1185,52.707874,-0.509537,0.432108,53.524734,0.935619,-1.505489,2.27273,2.1942237358634,2.90789854994547,0.25999948228531466
1.1365,52.960438,-0.215942,0.16867,52.773941,0.644513,0.035434,1.60741,1.55188569485341,1.29648741172479,0.25999948228531466
1.1188,52.707874,-0.509537,0.432108,53.254585,1.798958,-0.066632,2.36364,2.28199345766377,3.43171717958978,0.5630010667516813
1.1189,52.707874,-0.509537,0.432108,52.663757,0.20281,1.189207,1.81818,1.75537512686158,1.28815221164309,0.5630010667516813
1.1188,52.707874,-0.509537,0.432108,53.254585,1.798958,-0.066632,2.36364,2.28199345766377,3.43171717958978,0.32856173042892467
1.1348,52.960438,-0.215942,0.16867,52.531075,1.135774,0.042401,2.51111,2.4243694435168,2.0264014197007,0.32856173042892467
1.1188,52.707874,-0.509537,0.432108,53.254585,1.798958,-0.066632,2.36364,2.28199345766377,3.43171717958978,0.3142357635543637
1.1356,52.960438,-0.215942,0.16867,53.373714,-1.304437,-0.279672,1.7037,1.64484957684832,1.66284305147775,0.3142357635543637
1.1188,52.707874,-0.509537,0.432108,53.254585,1.798958,-0.066632,2.36364,2.28199345766377,3.43171717958978,0.3409365463289088
1.1364,52.960438,-0.215942,0.16867,53.036942,-1.095443,0.529626,1.6963,1.63770519293761,1.308723125216,0.3409365463289088
1.1188,52.707874,-0.509537,0.432108,53.254585,1.798958,-0.066632,2.36364,2.28199345766377,3.43171717958978,0.6152484691981723
1.1370,52.960438,-0.215942,0.16867,52.817913,0.595608,1.064185,1.81481,1.75212153581035,1.48371041889495,0.6152484691981723
1.1207,70.203941,-2.140631,43.501633,71.500641,-3.582546,43.627548,1.56584,1.51175163550635,1.41778502241884,0.4533864604914301
1.1218,70.203941,-2.140631,43.501633,74.508461,-3.492687,43.69825,1.9395,1.87250440470582,3.37514116603254,0.4533864604914301
1.1207,70.203941,-2.140631,43.501633,71.500641,-3.582546,43.627548,1.56584,1.51175163550635,1.41778502241884,0.4484217823412565
1.1223,70.203941,-2.140631,43.501633,74.27285,-3.521164,42.806984,1.98399,1.91545759932576,3.23377991522167,0.4484217823412565
1.1209,70.203941,-2.140631,43.501633,71.47345,-3.746199,45.188206,1.97509,1.9068650294872,1.54725230723906,0.3046250847136183
1.1218,70.203941,-2.140631,43.501633,74.508461,-3.492687,43.69825,1.9395,1.87250440470582,3.37514116603254,0.3046250847136183
1.1214,70.203941,-2.140631,43.501633,71.104706,-3.401385,44.383648,1.61032,1.55469517555343,1.13962440751578,0.27872345378183844
1.1218,70.203941,-2.140631,43.501633,74.508461,-3.492687,43.69825,1.9395,1.87250440470582,3.37514116603254,0.27872345378183844
1.1215,70.203941,-2.140631,43.501633,74.221741,-2.38332,41.431679,1.74377,1.68353545026753,3.11967307565276,0.5167163759667787
1.1219,70.203941,-2.140631,43.501633,71.886292,-1.73426,42.661289,1.36121,1.3141901112295,1.34393478484299,0.5167163759667787
1.1292,46.974487,-5.338224,-24.143667,50.132732,-5.439182,-23.602091,1.47228,1.42142345190012,3.14602643706531,0.5522717480739577
1.1303,46.974487,-5.338224,-24.143667,47.981628,-6.69933,-23.871952,1.31931,1.27373745097831,1.48407683518554,0.5522717480739577
1.1292,46.974487,-5.338224,-24.143667,50.132732,-5.439182,-23.602091,1.47228,1.42142345190012,3.14602643706531,0.3015739524525162
1.1305,46.974487,-5.338224,-24.143667,48.272621,-4.212461,-25.531704,1.20459,1.1629801912166,1.6044636995745,0.3015739524525162
1.1302,46.974487,-5.338224,-24.143667,50.08511,-5.116676,-23.47584,1.35755,1.31065653756555,3.11065299128791,0.4721191808209757
1.1303,46.974487,-5.338224,-24.143667,47.981628,-6.69933,-23.871952,1.31931,1.27373745097831,1.48407683518554,0.4721191808209757
1.1302,46.974487,-5.338224,-24.143667,50.08511,-5.116676,-23.47584,1.35755,1.31065653756555,3.11065299128791,0.2845073267209774
1.1305,46.974487,-5.338224,-24.143667,48.272621,-4.212461,-25.531704,1.20459,1.1629801912166,1.6044636995745,0.2845073267209774
1.1374,61.316254,0.500816,0.336991,61.385818,-0.211296,2.085141,2.07626,2.00454034303404,1.98378396668712,0.3859191105192932
7.358,62.701314100441266,1.4379908404002495,-0.1751158566154487,62.57510908259357,-1.0865975402239436,0.3160591521840894,2.658653,2.56681590775166,3.75318573006797,0.3859191105192932
1.1380,61.316254,0.500816,0.336991,61.202938,1.2229,1.126646,1.75789,1.69716770713499,1.26109914983269,0.28166451893155975
1.1414,61.316254,0.500816,0.336991,57.837181,0.718357,0.516146,1.97175,1.90364040215453,3.09892687715575,0.28166451893155975
1.1380,61.316254,0.500816,0.336991,61.202938,1.2229,1.126646,1.75789,1.69716770713499,1.26109914983269,0.3952686969598323
7.243,62.692913020733926,-0.025525748824417605,1.8463105034097316,62.701314100441266,1.437843959815388,-0.17508085917068428,2.313933,2.23400347238678,2.9214174492907,0.3952686969598323
1.1380,61.316254,0.500816,0.336991,61.202938,1.2229,1.126646,1.75789,1.69716770713499,1.26109914983269,0.4096906865587941
7.349,62.7516829552152,1.1254295846548357,-0.015150175225198126,62.60038251922951,-0.7739016305569613,0.2356570313907902,2.219135,2.14248005266144,2.82294776955766,0.4096906865587941
1.1385,61.316254,0.500816,0.336991,61.437916,1.748428,0.211585,2.07626,2.00454034303404,1.74967606152704,0.5040622757774305
7.358,62.701314100441266,1.4379908404002495,-0.1751158566154487,62.57510908259357,-1.0865975402239436,0.3160591521840894,2.658653,2.56681590775166,3.75318573006797,0.5040622757774305
1.1386,61.316254,0.500816,0.336991,61.229115,1.357063,0.07284,1.64045,1.58378440355745,1.24148275495099,0.2646599589852423
1.1414,61.316254,0.500816,0.336991,57.837181,0.718357,0.516146,1.97175,1.90364040215453,3.09892687715575,0.2646599589852423
1.1386,61.316254,0.500816,0.336991,61.229115,1.357063,0.07284,1.64045,1.58378440355745,1.24148275495099,0.25588995624170163
1.1441,61.316254,0.500816,0.336991,57.779877,0.569369,0.137098,1.93161,1.86488694672535,3.13821560631952,0.25588995624170163
1.1386,61.316254,0.500816,0.336991,61.229115,1.357063,0.07284,1.64045,1.58378440355745,1.24148275495099,0.34329939854415326
7.349,62.7516829552152,1.1254295846548357,-0.015150175225198126,62.60038251922951,-0.7739016305569613,0.2356570313907902,2.219135,2.14248005266144,2.82294776955766,0.34329939854415326
1.1387,61.316254,0.500816,0.336991,61.071774,1.68807,-0.302554,2.07626,2.00454034303404,1.78481197926086,0.4839159868929003
7.358,62.701314100441266,1.4379908404002495,-0.1751158566154487,62.57510908259357,-1.0865975402239436,0.3160591521840894,2.658653,2.56681590775166,3.75318573006797,0.4839159868929003
1.1389,61.316254,0.500816,0.336991,61.281422,1.498244,-0.867983,2.05693,1.98587805371052,1.81419968890698,0.4511789277114059
7.358,62.701314100441266,1.4379908404002495,-0.1751158566154487,62.57510908259357,-1.0865975402239436,0.3160591521840894,2.658653,2.56681590775166,3.75318573006797,0.4511789277114059
1.1390,61.316254,0.500816,0.336991,61.515923,1.155699,-0.76349,1.99162,1.92282403841207,1.42274510564013,0.39824890753166425
7.243,62.692913020733926,-0.025525748824417605,1.8463105034097316,62.701314100441266,1.437843959815388,-0.17508085917068428,2.313933,2.23400347238678,2.9214174492907,0.39824890753166425
1.1390,61.316254,0.500816,0.336991,61.515923,1.155699,-0.76349,1.99162,1.92282403841207,1.42274510564013,0.2511345366331984
7.319,62.667699012913516,0.41939590876782784,-1.538020821793018,62.57510908259357,-1.0868373718551094,0.31602629685616446,2.275152,2.19656207340823,2.81435611036367,0.2511345366331984
1.1390,61.316254,0.500816,0.336991,61.515923,1.155699,-0.76349,1.99162,1.92282403841207,1.42274510564013,0.28628789826389633
7.349,62.7516829552152,1.1254295846548357,-0.015150175225198126,62.60038251922951,-0.7739016305569613,0.2356570313907902,2.219135,2.14248005266144,2.82294776955766,0.28628789826389633
1.1390,61.316254,0.500816,0.336991,61.515923,1.155699,-0.76349,1.99162,1.92282403841207,1.42274510564013,0.3385806837057055
7.358,62.701314100441266,1.4379908404002495,-0.1751158566154487,62.57510908259357,-1.0865975402239436,0.3160591521840894,2.658653,2.56681590775166,3.75318573006797,0.3385806837057055
1.1391,61.316254,0.500816,0.336991,61.246559,1.160342,-1.442734,2.01137,1.94189181979539,1.93918097514689,0.31531785157352954
7.358,62.701314100441266,1.4379908404002495,-0.1751158566154487,62.57510908259357,-1.0865975402239436,0.3160591521840894,2.658653,2.56681590775166,3.75318573006797,0.31531785157352954
1.1392,61.316254,0.500816,0.336991,61.272709,0.829348,-0.950363,1.67774,1.61978630572372,1.33465200700105,0.2730165379313313
7.349,62.7516829552152,1.1254295846548357,-0.015150175225198126,62.60038251922951,-0.7739016305569613,0.2356570313907902,2.219135,2.14248005266144,2.82294776955766,0.2730165379313313
1.1393,61.316254,0.500816,0.336991,61.316254,0.657785,-1.694917,2.03748,1.96709990951277,1.96723573352519,0.3239576024266116
7.358,62.701314100441266,1.4379908404002495,-0.1751158566154487,62.57510908259357,-1.0865975402239436,0.3160591521840894,2.658653,2.56681590775166,3.75318573006797,0.3239576024266116
1.1396,61.316254,0.500816,0.336991,63.998638,0.519966,0.388502,1.64045,1.58378440355745,2.27582540874478,0.26610220099665743
7.47,62.650880690858955,0.13654519266420584,0.058882039320318214,62.67610547792866,-0.39219220680142275,0.10254731048000565,1.064323,1.02755839418908,0.788922299896085,0.26610220099665743
1.1396,61.316254,0.500816,0.336991,63.998638,0.519966,0.388502,1.64045,1.58378440355745,2.27582540874478,0.4123280938850308
7.52,62.650880690858955,0.13654519266420584,0.058882039320318214,63.16063819673245,0.1411038549282151,0.13800704133009045,0.995379,0.960995907116101,0.438120425945003,0.4123280938850308
1.1396,61.316254,0.500816,0.336991,63.998638,0.519966,0.388502,1.64045,1.58378440355745,2.27582540874478,0.6706050750536491
7.53,62.650880690858955,0.13654519266420584,0.058882039320318214,63.26843012799614,0.12840079281817296,-0.13780099423930103,1.180666,1.13988259112473,0.557323554866912,0.6706050750536491
1.1396,61.316254,0.500816,0.336991,63.998638,0.519966,0.388502,1.64045,1.58378440355745,2.27582540874478,0.5717422995156894
7.54,62.650880690858955,0.13654519266420584,0.058882039320318214,63.5160681944692,0.10352450549339087,0.08620181826528572,1.572785,1.51845673635228,0.731850287746402,0.5717422995156894
1.1396,61.316254,0.500816,0.336991,63.998638,0.519966,0.388502,1.64045,1.58378440355745,2.27582540874478,0.41208151900555473
7.58,62.650880690858955,0.13654519266420584,0.058882039320318214,62.19404048836513,0.13938089430126643,0.13632189460910382,0.99107,0.95683575167404,0.396285269126743,0.41208151900555473
1.1396,61.316254,0.500816,0.336991,63.998638,0.519966,0.388502,1.64045,1.58378440355745,2.27582540874478,0.7505745409923639
7.59,62.650880690858955,0.13654519266420584,0.058882039320318214,62.02347818323405,0.10704106282710679,0.2009869779234119,1.258228,1.21476538908182,0.554627507332884,0.7505745409923639
1.1396,61.316254,0.500816,0.336991,63.998638,0.519966,0.388502,1.64045,1.58378440355745,2.27582540874478,0.3962745528554583
7.60,62.650880690858955,0.13654519266420584,0.058882039320318214,61.68871986942695,0.1668234227281129,-0.006548671054829036,1.615875,1.56005829077289,0.825226605499617,0.3962745528554583
1.1396,61.316254,0.500816,0.336991,63.998638,0.519966,0.388502,1.64045,1.58378440355745,2.27582540874478,0.4920867393700841
7.262,62.49919105553391,0.22395683649600873,-0.3327535686703076,62.516074417933325,0.5580522525558962,0.01602137243352786,1.090177,1.05251932684144,0.599172468823163,0.4920867393700841
1.1396,61.316254,0.500816,0.336991,63.998638,0.519966,0.388502,1.64045,1.58378440355745,2.27582540874478,0.26856685959379006
7.373,62.67610547792866,-0.39222554081780325,0.1025082818313372,63.16063819673245,0.1410704951634867,0.1379677122782974,1.33579,1.28964818703892,0.894182272125511,0.26856685959379006
1.1396,61.316254,0.500816,0.336991,63.998638,0.519966,0.388502,1.64045,1.58378440355745,2.27582540874478,0.4991380866290973
7.402,63.16063819673245,0.14105062760799703,0.13801795485133272,62.262057519931304,0.16800188416005168,-0.006586186807155947,1.503841,1.4518942492793,0.776144543590609,0.4991380866290973
1.1397,61.316254,0.500816,0.336991,64.763649,0.456606,0.486569,2.17113,2.09613327568392,2.91364689701816,0.4331961478220931
1.1404,61.316254,0.500816,0.336991,62.117382,1.150388,0.686063,1.72176,1.66228573541959,1.19439328440111,0.4331961478220931
1.1397,61.316254,0.500816,0.336991,64.763649,0.456606,0.486569,2.17113,2.09613327568392,2.91364689701816,0.2754858983150832
7.44,62.650880690858955,0.13654519266420584,0.058882039320318214,62.7516829552152,1.1257543621893684,-0.015087479607633902,1.654656,1.59749968975144,1.42774732141551,0.2754858983150832
1.1397,61.316254,0.500816,0.336991,64.763649,0.456606,0.486569,2.17113,2.09613327568392,2.91364689701816,0.5338985496841909
7.54,62.650880690858955,0.13654519266420584,0.058882039320318214,63.5160681944692,0.10352450549339087,0.08620181826528572,1.572785,1.51845673635228,0.731850287746402,0.5338985496841909
1.1397,61.316254,0.500816,0.336991,64.763649,0.456606,0.486569,2.17113,2.09613327568392,2.91364689701816,0.9644951634048728
7.55,62.650880690858955,0.13654519266420584,0.058882039320318214,63.78670046345174,0.03275433208632661,0.10033283052226505,1.917505,1.85126917171716,0.969591759766644,0.9644951634048728
1.1397,61.316254,0.500816,0.336991,64.763649,0.456606,0.486569,2.17113,2.09613327568392,2.91364689701816,0.5345672459795437
7.60,62.650880690858955,0.13654519266420584,0.058882039320318214,61.68871986942695,0.1668234227281129,-0.006548671054829036,1.615875,1.56005829077289,0.825226605499617,0.5345672459795437
1.1397,61.316254,0.500816,0.336991,64.763649,0.456606,0.486569,2.17113,2.09613327568392,2.91364689701816,0.26920386508469313
7.201,62.64246883189739,0.15331603614493483,1.1799271839062042,62.793607836939486,-0.6012861263096081,0.18266227867760332,1.844252,1.78054652920213,1.48523760259898,0.26920386508469313
1.1397,61.316254,0.500816,0.336991,64.763649,0.456606,0.486569,2.17113,2.09613327568392,2.91364689701816,0.40381807981912743
7.202,62.64246883189739,0.15331603614493483,1.1799271839062042,63.26843012799614,0.12835782372727644,-0.13785898843652333,1.7236,1.66406217682442,1.39434212062045,0.40381807981912743
1.1397,61.316254,0.500816,0.336991,64.763649,0.456606,0.486569,2.17113,2.09613327568392,2.91364689701816,0.2524102129746095
7.203,62.64246883189739,0.15331603614493483,1.1799271839062042,62.19404048836513,0.13933860462395087,0.1362646673024548,1.473678,1.42277316118488,1.08457075131742,0.2524102129746095
1.1397,61.316254,0.500816,0.336991,64.763649,0.456606,0.486569,2.17113,2.09613327568392,2.91364689701816,0.5111771931877237
7.225,62.692913020733926,0.018020805553853325,1.2857434604606643,63.5160681944692,0.1034883930461361,0.08617069990211057,1.814089,1.7514254411077,1.36270424474039,0.5111771931877237
1.1397,61.316254,0.500816,0.336991,64.763649,0.456606,0.486569,2.17113,2.09613327568392,2.91364689701816,0.5418649489629012
7.226,62.692913020733926,0.018020805553853325,1.2857434604606643,62.02347818323405,0.10700566224686181,0.20095643499979943,1.710673,1.65158171049823,1.20327736956508,0.5418649489629012
1.1397,61.316254,0.500816,0.336991,64.763649,0.456606,0.486569,2.17113,2.09613327568392,2.91364689701816,0.34294046076318035
7.272,62.659290750877176,0.18280401052056527,-0.46365008627240467,62.768458263626584,0.7723688852379063,0.014129034614196456,1.516768,1.46437471560549,0.985494186790541,0.34294046076318035
1.1397,61.316254,0.500816,0.336991,64.763649,0.456606,0.486569,2.17113,2.09613327568392,2.91364689701816,0.43402653036011735
7.288,62.776843239021375,0.16499491098698194,-0.856471086060373,62.549819377247616,0.9091041149971724,-0.05242490137724598,1.878724,1.81382777273862,1.36018005319696,0.43402653036011735
1.1397,61.316254,0.500816,0.336991,64.763649,0.456606,0.486569,2.17113,2.09613327568392,2.91364689701816,0.28687312145660687
7.380,62.793607836939486,-0.6013498919536509,0.18269033927200695,62.19404048836513,0.1392751557910965,0.13629258088392326,1.521077,1.46853487104755,1.20966055214836,0.28687312145660687
1.1397,61.316254,0.500816,0.336991,64.763649,0.456606,0.486569,2.17113,2.09613327568392,2.91364689701816,0.37312164463743314
7.402,63.16063819673245,0.14105062760799703,0.13801795485133272,62.262057519931304,0.16800188416005168,-0.006586186807155947,1.503841,1.4518942492793,0.776144543590609,0.37312164463743314
1.1397,61.316254,0.500816,0.336991,64.763649,0.456606,0.486569,2.17113,2.09613327568392,2.91364689701816,0.9381379853334247
7.407,63.26843012799614,0.12805498690454664,-0.13779436981593562,62.19404048836513,0.13904050928265077,0.13632816855941865,1.917505,1.85126917171716,0.950497521513414,0.9381379853334247
1.1397,61.316254,0.500816,0.336991,64.763649,0.456606,0.486569,2.17113,2.09613327568392,2.91364689701816,0.7352238515381848
7.412,63.5160681944692,0.10321987948291866,0.08609954516600737,62.02347818323405,0.10674243497249547,0.20088653655014888,2.344096,2.26312456048121,1.2692217359549,0.7352238515381848
1.1398,61.316254,0.500816,0.336991,64.290253,0.565361,0.562838,2.22064,2.14393306587571,2.52883147342615,0.3936870586303881
7.54,62.650880690858955,0.13654519266420584,0.058882039320318214,63.5160681944692,0.10352450549339087,0.08620181826528572,1.572785,1.51845673635228,0.731850287746402,0.3936870586303881
1.1398,61.316254,0.500816,0.336991,64.290253,0.565361,0.562838,2.22064,2.14393306587571,2.52883147342615,0.5824812366466859
7.55,62.650880690858955,0.13654519266420584,0.058882039320318214,63.78670046345174,0.03275433208632661,0.10033283052226505,1.917505,1.85126917171716,0.969591759766644,0.5824812366466859
1.1398,61.316254,0.500816,0.336991,64.290253,0.565361,0.562838,2.22064,2.14393306587571,2.52883147342615,0.4119329129033832
7.60,62.650880690858955,0.13654519266420584,0.058882039320318214,61.68871986942695,0.1668234227281129,-0.006548671054829036,1.615875,1.56005829077289,0.825226605499617,0.4119329129033832
1.1398,61.316254,0.500816,0.336991,64.290253,0.565361,0.562838,2.22064,2.14393306587571,2.52883147342615,0.2574689950715231
7.402,63.16063819673245,0.14105062760799703,0.13801795485133272,62.262057519931304,0.16800188416005168,-0.006586186807155947,1.503841,1.4518942492793,0.776144543590609,0.2574689950715231
1.1398,61.316254,0.500816,0.336991,64.290253,0.565361,0.562838,2.22064,2.14393306587571,2.52883147342615,0.6193821889799671
7.407,63.26843012799614,0.12805498690454664,-0.13779436981593562,62.19404048836513,0.13904050928265077,0.13632816855941865,1.917505,1.85126917171716,0.950497521513414,0.6193821889799671
1.1399,61.316254,0.500816,0.336991,63.900963,0.881475,0.478138,2.01137,1.94189181979539,2.26414638458708,0.46471911178756625
7.54,62.650880690858955,0.13654519266420584,0.058882039320318214,63.5160681944692,0.10352450549339087,0.08620181826528572,1.572785,1.51845673635228,0.731850287746402,0.46471911178756625
1.1399,61.316254,0.500816,0.336991,63.900963,0.881475,0.478138,2.01137,1.94189181979539,2.26414638458708,0.33406325085864064
7.60,62.650880690858955,0.13654519266420584,0.058882039320318214,61.68871986942695,0.1668234227281129,-0.006548671054829036,1.615875,1.56005829077289,0.825226605499617,0.33406325085864064
1.1399,61.316254,0.500816,0.336991,63.900963,0.881475,0.478138,2.01137,1.94189181979539,2.26414638458708,0.3505142387108273
7.402,63.16063819673245,0.14105062760799703,0.13801795485133272,62.262057519931304,0.16800188416005168,-0.006586186807155947,1.503841,1.4518942492793,0.776144543590609,0.3505142387108273
1.1400,61.316254,0.500816,0.336991,63.019234,1.03901,0.222043,2.20215,2.12608176067179,1.6489122951536,0.34029103380286035
7.242,62.692913020733926,-0.025525748824417605,1.8463105034097316,62.667699012913516,0.4194908636205863,-1.5379534700818098,2.805159,2.70826119278174,3.35141565262993,0.34029103380286035
1.1400,61.316254,0.500816,0.336991,63.019234,1.03901,0.222043,2.20215,2.12608176067179,1.6489122951536,0.7111242677847649
7.358,62.701314100441266,1.4379908404002495,-0.1751158566154487,62.57510908259357,-1.0865975402239436,0.3160591521840894,2.658653,2.56681590775166,3.75318573006797,0.7111242677847649
1.1401,61.316254,0.500816,0.336991,63.786701,1.099438,0.59516,1.99162,1.92282403841207,2.27670296229831,0.49706511702303724
7.54,62.650880690858955,0.13654519266420584,0.058882039320318214,63.5160681944692,0.10352450549339087,0.08620181826528572,1.572785,1.51845673635228,0.731850287746402,0.49706511702303724
1.1401,61.316254,0.500816,0.336991,63.786701,1.099438,0.59516,1.99162,1.92282403841207,2.27670296229831,0.3580435450872332
7.60,62.650880690858955,0.13654519266420584,0.058882039320318214,61.68871986942695,0.1668234227281129,-0.006548671054829036,1.615875,1.56005829077289,0.825226605499617,0.3580435450872332
1.1401,61.316254,0.500816,0.336991,63.786701,1.099438,0.59516,1.99162,1.92282403841207,2.27670296229831,0.3833832829645252
7.402,63.16063819673245,0.14105062760799703,0.13801795485133272,62.262057519931304,0.16800188416005168,-0.006586186807155947,1.503841,1.4518942492793,0.776144543590609,0.3833832829645252
1.1402,61.316254,0.500816,0.336991,63.351151,1.514147,0.43042,2.58759,2.49820761669128,2.2442837601638,0.449519534964707
7.358,62.701314100441266,1.4379908404002495,-0.1751158566154487,62.57510908259357,-1.0865975402239436,0.3160591521840894,2.658653,2.56681590775166,3.75318573006797,0.449519534964707
1.1403,61.316254,0.500816,0.336991,63.010902,1.584933,0.612094,2.03748,1.96709990951277,2.11132824327192,0.32326927562950825
7.358,62.701314100441266,1.4379908404002495,-0.1751158566154487,62.57510908259357,-1.0865975402239436,0.3160591521840894,2.658653,2.56681590775166,3.75318573006797,0.32326927562950825
1.1404,61.316254,0.500816,0.336991,62.117382,1.150388,0.686063,1.72176,1.66228573541959,1.19439328440111,0.4087918809973216
7.243,62.692913020733926,-0.025525748824417605,1.8463105034097316,62.701314100441266,1.437843959815388,-0.17508085917068428,2.313933,2.23400347238678,2.9214174492907,0.4087918809973216
1.1404,61.316254,0.500816,0.336991,62.117382,1.150388,0.686063,1.72176,1.66228573541959,1.19439328440111,0.30272813347766636
7.319,62.667699012913516,0.41939590876782784,-1.538020821793018,62.57510908259357,-1.0868373718551094,0.31602629685616446,2.275152,2.19656207340823,2.81435611036367,0.30272813347766636
1.1404,61.316254,0.500816,0.336991,62.117382,1.150388,0.686063,1.72176,1.66228573541959,1.19439328440111,0.5013568139656496
7.349,62.7516829552152,1.1254295846548357,-0.015150175225198126,62.60038251922951,-0.7739016305569613,0.2356570313907902,2.219135,2.14248005266144,2.82294776955766,0.5013568139656496
1.1405,61.316254,0.500816,0.336991,61.671474,1.627157,0.588297,2.09546,2.02307712291047,1.62001657003198,0.5417568867729513
7.358,62.701314100441266,1.4379908404002495,-0.1751158566154487,62.57510908259357,-1.0865975402239436,0.3160591521840894,2.658653,2.56681590775166,3.75318573006797,0.5417568867729513
1.1409,61.316254,0.500816,0.336991,60.05101,1.42888,0.741699,1.67774,1.61978630572372,1.74743149056085,0.3369076161361573
1.1416,61.316254,0.500816,0.336991,57.016914,0.73156,0.231314,2.15239,2.07804060615868,3.84244917204097,0.3369076161361573
1.1409,61.316254,0.500816,0.336991,60.05101,1.42888,0.741699,1.67774,1.61978630572372,1.74743149056085,0.4101535658035158
1.1418,61.316254,0.500816,0.336991,57.124107,0.403779,0.222178,2.01137,1.94189181979539,3.73254869365627,0.4101535658035158
1.1410,61.316254,0.500816,0.336991,59.870667,1.414608,0.437045,1.75789,1.69716770713499,1.80415679839736,0.47473145744056366
1.1416,61.316254,0.500816,0.336991,57.016914,0.73156,0.231314,2.15239,2.07804060615868,3.84244917204097,0.47473145744056366
1.1410,61.316254,0.500816,0.336991,59.870667,1.414608,0.437045,1.75789,1.69716770713499,1.80415679839736,0.5234431732398575
1.1418,61.316254,0.500816,0.336991,57.124107,0.403779,0.222178,2.01137,1.94189181979539,3.73254869365627,0.5234431732398575
1.1412,61.316254,0.500816,0.336991,59.296902,0.966163,0.462086,1.64045,1.58378440355745,1.89274987960548,0.571562247086672
1.1416,61.316254,0.500816,0.336991,57.016914,0.73156,0.231314,2.15239,2.07804060615868,3.84244917204097,0.571562247086672
1.1412,61.316254,0.500816,0.336991,59.296902,0.966163,0.462086,1.64045,1.58378440355745,1.89274987960548,0.7017809087655844
1.1418,61.316254,0.500816,0.336991,57.124107,0.403779,0.222178,2.01137,1.94189181979539,3.73254869365627,0.7017809087655844
1.1414,61.316254,0.500816,0.336991,57.837181,0.718357,0.516146,1.97175,1.90364040215453,3.09892687715575,0.4797308066913809
1.1417,61.316254,0.500816,0.336991,59.562099,0.4567,0.35468,1.52502,1.47234166912322,1.53489449957057,0.4797308066913809
1.1414,61.316254,0.500816,0.336991,57.837181,0.718357,0.516146,1.97175,1.90364040215453,3.09892687715575,0.2638998961530585
1.1434,61.316254,0.500816,0.336991,59.816395,-0.090207,0.97558,1.75789,1.69716770713499,1.69871811023023,0.2638998961530585
1.1414,61.316254,0.500816,0.336991,57.837181,0.718357,0.516146,1.97175,1.90364040215453,3.09892687715575,0.2676252927418282
5.40,60.36002,-0.310067,-0.0499,62.078907,-0.283174,-0.077197,1.412074,1.3632971305855,1.48727789711999,0.2676252927418282
1.1415,61.316254,0.500816,0.336991,58.583538,0.781252,0.248396,1.93161,1.86488694672535,2.44068554601601,0.30966417581935857
1.1416,61.316254,0.500816,0.336991,57.016914,0.73156,0.231314,2.15239,2.07804060615868,3.84244917204097,0.30966417581935857
1.1415,61.316254,0.500816,0.336991,58.583538,0.781252,0.248396,1.93161,1.86488694672535,2.44068554601601,0.2769574035322626
7.60,62.650880690858955,0.13654519266420584,0.058882039320318214,61.68871986942695,0.1668234227281129,-0.006548671054829036,1.615875,1.56005829077289,0.825226605499617,0.2769574035322626
1.1416,61.316254,0.500816,0.336991,57.016914,0.73156,0.231314,2.15239,2.07804060615868,3.84244917204097,0.33749703031148076
1.1417,61.316254,0.500816,0.336991,59.562099,0.4567,0.35468,1.52502,1.47234166912322,1.53489449957057,0.33749703031148076
1.1416,61.316254,0.500816,0.336991,57.016914,0.73156,0.231314,2.15239,2.07804060615868,3.84244917204097,0.44394341944607657
1.1434,61.316254,0.500816,0.336991,59.816395,-0.090207,0.97558,1.75789,1.69716770713499,1.69871811023023,0.44394341944607657
1.1416,61.316254,0.500816,0.336991,57.016914,0.73156,0.231314,2.15239,2.07804060615868,3.84244917204097,0.46663439432783954
1.1435,61.316254,0.500816,0.336991,59.002087,-0.089244,0.965108,2.09546,2.02307712291047,2.29825586211546,0.46663439432783954
1.1416,61.316254,0.500816,0.336991,57.016914,0.73156,0.231314,2.15239,2.07804060615868,3.84244917204097,0.6634064287998918
1.1436,61.316254,0.500816,0.336991,58.955811,0.133519,0.714696,2.01137,1.94189181979539,2.17555942389796,0.6634064287998918
1.1416,61.316254,0.500816,0.336991,57.016914,0.73156,0.231314,2.15239,2.07804060615868,3.84244917204097,0.2535249847416802
1.1438,61.316254,0.500816,0.336991,58.648956,-0.011775,0.477719,2.07626,2.00454034303404,2.47083987175675,0.2535249847416802
1.1416,61.316254,0.500816,0.336991,57.016914,0.73156,0.231314,2.15239,2.07804060615868,3.84244917204097,0.45936476113496194
1.1439,61.316254,0.500816,0.336991,59.186619,0.456052,0.390336,1.55636,1.50259910044236,1.8684682169114,0.45936476113496194
1.1417,61.316254,0.500816,0.336991,59.562099,0.4567,0.35468,1.52502,1.47234166912322,1.53489449957057,0.5719959281392889
1.1418,61.316254,0.500816,0.336991,57.124107,0.403779,0.222178,2.01137,1.94189181979539,3.73254869365627,0.5719959281392889
1.1417,61.316254,0.500816,0.336991,59.562099,0.4567,0.35468,1.52502,1.47234166912322,1.53489449957057,0.5575480646693262
1.1441,61.316254,0.500816,0.336991,57.779877,0.569369,0.137098,1.93161,1.86488694672535,3.13821560631952,0.5575480646693262
1.1418,61.316254,0.500816,0.336991,57.124107,0.403779,0.222178,2.01137,1.94189181979539,3.73254869365627,0.5736410626427507
1.1434,61.316254,0.500816,0.336991,59.816395,-0.090207,0.97558,1.75789,1.69716770713499,1.69871811023023,0.5736410626427507
1.1418,61.316254,0.500816,0.336991,57.124107,0.403779,0.222178,2.01137,1.94189181979539,3.73254869365627,0.32233374348356
1.1435,61.316254,0.500816,0.336991,59.002087,-0.089244,0.965108,2.09546,2.02307712291047,2.29825586211546,0.32233374348356
1.1418,61.316254,0.500816,0.336991,57.124107,0.403779,0.222178,2.01137,1.94189181979539,3.73254869365627,0.5437799188736793
1.1436,61.316254,0.500816,0.336991,58.955811,0.133519,0.714696,2.01137,1.94189181979539,2.17555942389796,0.5437799188736793
1.1418,61.316254,0.500816,0.336991,57.124107,0.403779,0.222178,2.01137,1.94189181979539,3.73254869365627,0.6775570295986413
1.1439,61.316254,0.500816,0.336991,59.186619,0.456052,0.390336,1.55636,1.50259910044236,1.8684682169114,0.6775570295986413
1.1420,61.316254,0.500816,0.336991,64.112297,0.484171,0.376044,1.89089,1.82557352607074,2.3701537350482,0.28093517693054243
7.53,62.650880690858955,0.13654519266420584,0.058882039320318214,63.26843012799614,0.12840079281817296,-0.13780099423930103,1.180666,1.13988259112473,0.557323554866912,0.28093517693054243
1.1420,61.316254,0.500816,0.336991,64.112297,0.484171,0.376044,1.89089,1.82557352607074,2.3701537350482,0.6968363725928733
7.54,62.650880690858955,0.13654519266420584,0.058882039320318214,63.5160681944692,0.10352450549339087,0.08620181826528572,1.572785,1.51845673635228,0.731850287746402,0.6968363725928733
1.1420,61.316254,0.500816,0.336991,64.112297,0.484171,0.376044,1.89089,1.82557352607074,2.3701537350482,0.3141199188708001
7.55,62.650880690858955,0.13654519266420584,0.058882039320318214,63.78670046345174,0.03275433208632661,0.10033283052226505,1.917505,1.85126917171716,0.969591759766644,0.3141199188708001
1.1420,61.316254,0.500816,0.336991,64.112297,0.484171,0.376044,1.89089,1.82557352607074,2.3701537350482,0.42532735640635455
7.59,62.650880690858955,0.13654519266420584,0.058882039320318214,62.02347818323405,0.10704106282710679,0.2009869779234119,1.258228,1.21476538908182,0.554627507332884,0.42532735640635455
1.1420,61.316254,0.500816,0.336991,64.112297,0.484171,0.376044,1.89089,1.82557352607074,2.3701537350482,0.5572574511014751
7.60,62.650880690858955,0.13654519266420584,0.058882039320318214,61.68871986942695,0.1668234227281129,-0.006548671054829036,1.615875,1.56005829077289,0.825226605499617,0.5572574511014751
1.1420,61.316254,0.500816,0.336991,64.112297,0.484171,0.376044,1.89089,1.82557352607074,2.3701537350482,0.2500273478395963
7.179,62.625639713294134,-0.23944473055187432,1.0386475053027588,62.67610547792866,-0.3923301037287996,0.10245871566407772,1.404734,1.3562106741119,0.943203581642223,0.2500273478395963
1.1420,61.316254,0.500816,0.336991,64.112297,0.484171,0.376044,1.89089,1.82557352607074,2.3701537350482,0.2540761487621281
7.272,62.659290750877176,0.18280401052056527,-0.46365008627240467,62.768458263626584,0.7723688852379063,0.014129034614196456,1.516768,1.46437471560549,0.985494186790541,0.2540761487621281
1.1420,61.316254,0.500816,0.336991,64.112297,0.484171,0.376044,1.89089,1.82557352607074,2.3701537350482,0.27807104553835676
7.373,62.67610547792866,-0.39222554081780325,0.1025082818313372,63.16063819673245,0.1410704951634867,0.1379677122782974,1.33579,1.28964818703892,0.894182272125511,0.27807104553835676
1.1420,61.316254,0.500816,0.336991,64.112297,0.484171,0.376044,1.89089,1.82557352607074,2.3701537350482,0.6067646580145691
7.402,63.16063819673245,0.14105062760799703,0.13801795485133272,62.262057519931304,0.16800188416005168,-0.006586186807155947,1.503841,1.4518942492793,0.776144543590609,0.6067646580145691
1.1420,61.316254,0.500816,0.336991,64.112297,0.484171,0.376044,1.89089,1.82557352607074,2.3701537350482,0.3521116395573741
7.407,63.26843012799614,0.12805498690454664,-0.13779436981593562,62.19404048836513,0.13904050928265077,0.13632816855941865,1.917505,1.85126917171716,0.950497521513414,0.3521116395573741
1.1421,61.316254,0.500816,0.336991,64.314461,0.45935,0.603762,1.99162,1.92282403841207,2.55199216473992,0.2610472859718722
7.33,62.650880690858955,0.13654519266420584,0.058882039320318214,62.64246883189739,0.1533582167819736,1.1799848157068915,1.456442,1.40613253941663,1.09279885748129,0.2610472859718722
1.1421,61.316254,0.500816,0.336991,64.314461,0.45935,0.603762,1.99162,1.92282403841207,2.55199216473992,0.7960211027617301
7.54,62.650880690858955,0.13654519266420584,0.058882039320318214,63.5160681944692,0.10352450549339087,0.08620181826528572,1.572785,1.51845673635228,0.731850287746402,0.7960211027617301
1.1421,61.316254,0.500816,0.336991,64.314461,0.45935,0.603762,1.99162,1.92282403841207,2.55199216473992,0.637462353928582
7.55,62.650880690858955,0.13654519266420584,0.058882039320318214,63.78670046345174,0.03275433208632661,0.10033283052226505,1.917505,1.85126917171716,0.969591759766644,0.637462353928582
1.1421,61.316254,0.500816,0.336991,64.314461,0.45935,0.603762,1.99162,1.92282403841207,2.55199216473992,0.7209108791592193
7.60,62.650880690858955,0.13654519266420584,0.058882039320318214,61.68871986942695,0.1668234227281129,-0.006548671054829036,1.615875,1.56005829077289,0.825226605499617,0.7209108791592193
1.1421,61.316254,0.500816,0.336991,64.314461,0.45935,0.603762,1.99162,1.92282403841207,2.55199216473992,0.3447753445861723
7.179,62.625639713294134,-0.23944473055187432,1.0386475053027588,62.67610547792866,-0.3923301037287996,0.10245871566407772,1.404734,1.3562106741119,0.943203581642223,0.3447753445861723
1.1421,61.316254,0.500816,0.336991,64.314461,0.45935,0.603762,1.99162,1.92282403841207,2.55199216473992,0.2892328401250966
7.203,62.64246883189739,0.15331603614493483,1.1799271839062042,62.19404048836513,0.13933860462395087,0.1362646673024548,1.473678,1.42277316118488,1.08457075131742,0.2892328401250966
1.1421,61.316254,0.500816,0.336991,64.314461,0.45935,0.603762,1.99162,1.92282403841207,2.55199216473992,0.44436973264423885
7.272,62.659290750877176,0.18280401052056527,-0.46365008627240467,62.768458263626584,0.7723688852379063,0.014129034614196456,1.516768,1.46437471560549,0.985494186790541,0.44436973264423885
1.1421,61.316254,0.500816,0.336991,64.314461,0.45935,0.603762,1.99162,1.92282403841207,2.55199216473992,0.30225949406483704
7.373,62.67610547792866,-0.39222554081780325,0.1025082818313372,63.16063819673245,0.1410704951634867,0.1379677122782974,1.33579,1.28964818703892,0.894182272125511,0.30225949406483704
1.1421,61.316254,0.500816,0.336991,64.314461,0.45935,0.603762,1.99162,1.92282403841207,2.55199216473992,0.6858645578529656
7.402,63.16063819673245,0.14105062760799703,0.13801795485133272,62.262057519931304,0.16800188416005168,-0.006586186807155947,1.503841,1.4518942492793,0.776144543590609,0.6858645578529656
1.1421,61.316254,0.500816,0.336991,64.314461,0.45935,0.603762,1.99162,1.92282403841207,2.55199216473992,0.6734145789571712
7.407,63.26843012799614,0.12805498690454664,-0.13779436981593562,62.19404048836513,0.13904050928265077,0.13632816855941865,1.917505,1.85126917171716,0.950497521513414,0.6734145789571712
1.1423,61.316254,0.500816,0.336991,63.565411,0.217747,0.863668,1.84263,1.77898055748548,2.02717999057014,0.2598783019334849
7.59,62.650880690858955,0.13654519266420584,0.058882039320318214,62.02347818323405,0.10704106282710679,0.2009869779234119,1.258228,1.21476538908182,0.554627507332884,0.2598783019334849
1.1424,61.316254,0.500816,0.336991,63.532524,-0.170763,0.918495,1.8217,1.75877353650559,2.21046109026444,0.3366844608435965
7.53,62.650880690858955,0.13654519266420584,0.058882039320318214,63.26843012799614,0.12840079281817296,-0.13780099423930103,1.180666,1.13988259112473,0.557323554866912,0.3366844608435965
1.1424,61.316254,0.500816,0.336991,63.532524,-0.170763,0.918495,1.8217,1.75877353650559,2.21046109026444,0.4461792851802121
7.54,62.650880690858955,0.13654519266420584,0.058882039320318214,63.5160681944692,0.10352450549339087,0.08620181826528572,1.572785,1.51845673635228,0.731850287746402,0.4461792851802121
1.1424,61.316254,0.500816,0.336991,63.532524,-0.170763,0.918495,1.8217,1.75877353650559,2.21046109026444,0.4765379607024282
7.59,62.650880690858955,0.13654519266420584,0.058882039320318214,62.02347818323405,0.10704106282710679,0.2009869779234119,1.258228,1.21476538908182,0.554627507332884,0.4765379607024282
1.1424,61.316254,0.500816,0.336991,63.532524,-0.170763,0.918495,1.8217,1.75877353650559,2.21046109026444,0.2941241094884595
7.60,62.650880690858955,0.13654519266420584,0.058882039320318214,61.68871986942695,0.1668234227281129,-0.006548671054829036,1.615875,1.56005829077289,0.825226605499617,0.2941241094884595
1.1424,61.316254,0.500816,0.336991,63.532524,-0.170763,0.918495,1.8217,1.75877353650559,2.21046109026444,0.3636313691918612
7.402,63.16063819673245,0.14105062760799703,0.13801795485133272,62.262057519931304,0.16800188416005168,-0.006586186807155947,1.503841,1.4518942492793,0.776144543590609,0.3636313691918612
1.1426,61.316254,0.500816,0.336991,63.540749,-0.267612,1.116719,2.03748,1.96709990951277,2.33989668509036,0.5464743845945901
7.54,62.650880690858955,0.13654519266420584,0.058882039320318214,63.5160681944692,0.10352450549339087,0.08620181826528572,1.572785,1.51845673635228,0.731850287746402,0.5464743845945901
1.1426,61.316254,0.500816,0.336991,63.540749,-0.267612,1.116719,2.03748,1.96709990951277,2.33989668509036,0.268197282968386
7.55,62.650880690858955,0.13654519266420584,0.058882039320318214,63.78670046345174,0.03275433208632661,0.10033283052226505,1.917505,1.85126917171716,0.969591759766644,0.268197282968386
1.1426,61.316254,0.500816,0.336991,63.540749,-0.267612,1.116719,2.03748,1.96709990951277,2.33989668509036,0.4469625873490975
7.60,62.650880690858955,0.13654519266420584,0.058882039320318214,61.68871986942695,0.1668234227281129,-0.006548671054829036,1.615875,1.56005829077289,0.825226605499617,0.4469625873490975
1.1426,61.316254,0.500816,0.336991,63.540749,-0.267612,1.116719,2.03748,1.96709990951277,2.33989668509036,0.4260225466638527
7.402,63.16063819673245,0.14105062760799703,0.13801795485133272,62.262057519931304,0.16800188416005168,-0.006586186807155947,1.503841,1.4518942492793,0.776144543590609,0.4260225466638527
1.1426,61.316254,0.500816,0.336991,63.540749,-0.267612,1.116719,2.03748,1.96709990951277,2.33989668509036,0.29879521257653796
7.407,63.26843012799614,0.12805498690454664,-0.13779436981593562,62.19404048836513,0.13904050928265077,0.13632816855941865,1.917505,1.85126917171716,0.950497521513414,0.29879521257653796
1.1429,61.316254,0.500816,0.336991,62.159988,-0.67117,1.293516,1.99162,1.92282403841207,2.09571349756744,0.2811806550783347
7.358,62.701314100441266,1.4379908404002495,-0.1751158566154487,62.57510908259357,-1.0865975402239436,0.3160591521840894,2.658653,2.56681590775166,3.75318573006797,0.2811806550783347
1.1430,61.316254,0.500816,0.336991,61.541893,-0.503716,1.077227,2.01137,1.94189181979539,1.6694946209745,0.4002346429192159
7.358,62.701314100441266,1.4379908404002495,-0.1751158566154487,62.57510908259357,-1.0865975402239436,0.3160591521840894,2.658653,2.56681590775166,3.75318573006797,0.4002346429192159
1.1431,61.316254,0.500816,0.336991,61.185474,-0.335592,0.943573,1.69985,1.64113256630018,1.38530721288809,0.2531171040258021
7.243,62.692913020733926,-0.025525748824417605,1.8463105034097316,62.701314100441266,1.437843959815388,-0.17508085917068428,2.313933,2.23400347238678,2.9214174492907,0.2531171040258021
1.1432,61.316254,0.500816,0.336991,60.551476,-0.667394,1.077107,2.07626,2.00454034303404,1.9890569545523,0.3993918516745253
7.358,62.701314100441266,1.4379908404002495,-0.1751158566154487,62.57510908259357,-1.0865975402239436,0.3160591521840894,2.658653,2.56681590775166,3.75318573006797,0.3993918516745253
1.1434,61.316254,0.500816,0.336991,59.816395,-0.090207,0.97558,1.75789,1.69716770713499,1.69871811023023,0.3048296766957768
1.1441,61.316254,0.500816,0.336991,57.779877,0.569369,0.137098,1.93161,1.86488694672535,3.13821560631952,0.3048296766957768
1.1438,61.316254,0.500816,0.336991,58.648956,-0.011775,0.477719,2.07626,2.00454034303404,2.47083987175675,0.2737402430702586
7.60,62.650880690858955,0.13654519266420584,0.058882039320318214,61.68871986942695,0.1668234227281129,-0.006548671054829036,1.615875,1.56005829077289,0.825226605499617,0.2737402430702586
1.1441,61.316254,0.500816,0.336991,57.779877,0.569369,0.137098,1.93161,1.86488694672535,3.13821560631952,0.3067153511730626
4.102,60.36002,-0.310067,-0.0499,62.078907,-0.283174,-0.077197,1.378472,1.33085583488716,1.48727789711999,0.3067153511730626
1.1441,61.316254,0.500816,0.336991,57.779877,0.569369,0.137098,1.93161,1.86488694672535,3.13821560631952,0.33706025735351475
5.40,60.36002,-0.310067,-0.0499,62.078907,-0.283174,-0.077197,1.412074,1.3632971305855,1.48727789711999,0.33706025735351475
1.1442,44.801201,38.272358,23.265364,44.87149,39.711948,25.338432,1.241,1.19813249097186,0.997016427228134,0.3937820707215179
1.1468,44.801201,38.272358,23.265364,47.623756,40.049061,24.345411,1.70624,1.6473018383528,2.80611584335974,0.3937820707215179
1.1442,44.801201,38.272358,23.265364,44.87149,39.711948,25.338432,1.241,1.19813249097186,0.997016427228134,0.2690212113204501
1.1485,44.801201,38.272358,23.265364,47.700783,40.00211,24.350201,1.83677,1.77332297779403,2.87702318050197,0.2690212113204501
1.1442,44.801201,38.272358,23.265364,44.87149,39.711948,25.338432,1.241,1.19813249097186,0.997016427228134,0.40597233032163255
1.1486,44.801201,38.272358,23.265364,47.417435,40.011112,24.19216,1.46743,1.41674098406675,2.60157435399653,0.40597233032163255
1.1445,44.801201,38.272358,23.265364,44.885529,40.063187,24.996094,1.11241,1.07398433866399,0.868274853733369,0.3540442073600775
1.1466,44.801201,38.272358,23.265364,47.222782,39.640423,23.880789,1.241,1.19813249097186,2.38256210370847,0.3540442073600775
1.1445,44.801201,38.272358,23.265364,44.885529,40.063187,24.996094,1.11241,1.07398433866399,0.868274853733369,0.3295986006840668
1.1468,44.801201,38.272358,23.265364,47.623756,40.049061,24.345411,1.70624,1.6473018383528,2.80611584335974,0.3295986006840668
1.1445,44.801201,38.272358,23.265364,44.885529,40.063187,24.996094,1.11241,1.07398433866399,0.868274853733369,0.527486446262295
1.1486,44.801201,38.272358,23.265364,47.417435,40.011112,24.19216,1.46743,1.41674098406675,2.60157435399653,0.527486446262295
1.1448,44.801201,38.272358,23.265364,44.885529,40.848297,24.618021,1.14763,1.10798774424983,0.953733008582793,0.34595074548364957
1.1468,44.801201,38.272358,23.265364,47.623756,40.049061,24.345411,1.70624,1.6473018383528,2.80611584335974,0.34595074548364957
1.1448,44.801201,38.272358,23.265364,44.885529,40.848297,24.618021,1.14763,1.10798774424983,0.953733008582793,0.46240849376041865
1.1486,44.801201,38.272358,23.265364,47.417435,40.011112,24.19216,1.46743,1.41674098406675,2.60157435399653,0.46240849376041865
1.1450,44.801201,38.272358,23.265364,44.87149,40.606792,23.947336,1.38446,1.33663699311112,0.866821356042548,0.3729603703014096
1.1466,44.801201,38.272358,23.265364,47.222782,39.640423,23.880789,1.241,1.19813249097186,2.38256210370847,0.3729603703014096
1.1450,44.801201,38.272358,23.265364,44.87149,40.606792,23.947336,1.38446,1.33663699311112,0.866821356042548,0.5522678504618761
1.1468,44.801201,38.272358,23.265364,47.623756,40.049061,24.345411,1.70624,1.6473018383528,2.80611584335974,0.5522678504618761
1.1450,44.801201,38.272358,23.265364,44.87149,40.606792,23.947336,1.38446,1.33663699311112,0.866821356042548,0.4443692154552913
1.1485,44.801201,38.272358,23.265364,47.700783,40.00211,24.350201,1.83677,1.77332297779403,2.87702318050197,0.4443692154552913
1.1450,44.801201,38.272358,23.265364,44.87149,40.606792,23.947336,1.38446,1.33663699311112,0.866821356042548,0.5752578947242659
1.1486,44.801201,38.272358,23.265364,47.417435,40.011112,24.19216,1.46743,1.41674098406675,2.60157435399653,0.5752578947242659
1.1452,44.801201,38.272358,23.265364,44.716637,40.102772,23.429531,1.36126,1.31423838409376,0.75299755923343,0.49682377885679324
1.1466,44.801201,38.272358,23.265364,47.222782,39.640423,23.880789,1.241,1.19813249097186,2.38256210370847,0.49682377885679324
1.1452,44.801201,38.272358,23.265364,44.716637,40.102772,23.429531,1.36126,1.31423838409376,0.75299755923343,0.4497260406240269
1.1468,44.801201,38.272358,23.265364,47.623756,40.049061,24.345411,1.70624,1.6473018383528,2.80611584335974,0.4497260406240269
1.1452,44.801201,38.272358,23.265364,44.716637,40.102772,23.429531,1.36126,1.31423838409376,0.75299755923343,0.3474331270370357
1.1485,44.801201,38.272358,23.265364,47.700783,40.00211,24.350201,1.83677,1.77332297779403,2.87702318050197,0.3474331270370357
1.1452,44.801201,38.272358,23.265364,44.716637,40.102772,23.429531,1.36126,1.31423838409376,0.75299755923343,0.5643141674567816
1.1486,44.801201,38.272358,23.265364,47.417435,40.011112,24.19216,1.46743,1.41674098406675,2.60157435399653,0.5643141674567816
1.1452,44.801201,38.272358,23.265364,44.716637,40.102772,23.429531,1.36126,1.31423838409376,0.75299755923343,0.2652086478322649
1.1719,44.720165,37.766644,23.12565,41.696815,38.757702,22.729319,1.82541,1.7623553830338,2.84900831347832,0.2652086478322649
1.1452,44.801201,38.272358,23.265364,44.716637,40.102772,23.429531,1.36126,1.31423838409376,0.75299755923343,0.2745254816471881
7.351,44.518399976803536,38.519666028744126,21.880905505662586,44.518399976803536,35.472383338272905,24.026531908961612,1.409043,1.36037082955396,2.31925786195933,0.2745254816471881
1.1452,44.801201,38.272358,23.265364,44.716637,40.102772,23.429531,1.36126,1.31423838409376,0.75299755923343,0.34377015237741526
7.361,44.60351738852064,38.78155571208269,21.746543197241397,44.489974232848624,35.28218457991533,24.28917730304483,1.620184,1.56421844621495,2.70544683885885,0.34377015237741526
1.1454,44.801201,38.272358,23.265364,44.773037,39.817226,22.966339,1.31404,1.26864949108515,0.779980321198224,0.45946386536238787
1.1466,44.801201,38.272358,23.265364,47.222782,39.640423,23.880789,1.241,1.19813249097186,2.38256210370847,0.45946386536238787
1.1454,44.801201,38.272358,23.265364,44.773037,39.817226,22.966339,1.31404,1.26864949108515,0.779980321198224,0.3747027860024452
1.1468,44.801201,38.272358,23.265364,47.623756,40.049061,24.345411,1.70624,1.6473018383528,2.80611584335974,0.3747027860024452
1.1454,44.801201,38.272358,23.265364,44.773037,39.817226,22.966339,1.31404,1.26864949108515,0.779980321198224,0.273756691449607
1.1485,44.801201,38.272358,23.265364,47.700783,40.00211,24.350201,1.83677,1.77332297779403,2.87702318050197,0.273756691449607
1.1454,44.801201,38.272358,23.265364,44.773037,39.817226,22.966339,1.31404,1.26864949108515,0.779980321198224,0.5043625924497724
1.1486,44.801201,38.272358,23.265364,47.417435,40.011112,24.19216,1.46743,1.41674098406675,2.60157435399653,0.5043625924497724
1.1454,44.801201,38.272358,23.265364,44.773037,39.817226,22.966339,1.31404,1.26864949108515,0.779980321198224,0.27573358998519054
1.1719,44.720165,37.766644,23.12565,41.696815,38.757702,22.729319,1.82541,1.7623553830338,2.84900831347832,0.27573358998519054
1.1454,44.801201,38.272358,23.265364,44.773037,39.817226,22.966339,1.31404,1.26864949108515,0.779980321198224,0.2919038052313064
7.351,44.518399976803536,38.519666028744126,21.880905505662586,44.518399976803536,35.472383338272905,24.026531908961612,1.409043,1.36037082955396,2.31925786195933,0.2919038052313064
1.1454,44.801201,38.272358,23.265364,44.773037,39.817226,22.966339,1.31404,1.26864949108515,0.779980321198224,0.381036544973366
7.361,44.60351738852064,38.78155571208269,21.746543197241397,44.489974232848624,35.28218457991533,24.28917730304483,1.620184,1.56421844621495,2.70544683885885,0.381036544973366
1.1455,44.801201,38.272358,23.265364,44.758949,39.573017,22.409124,1.25748,1.21404322703247,0.933857956503683,0.3048187876183128
1.1486,44.801201,38.272358,23.265364,47.417435,40.011112,24.19216,1.46743,1.41674098406675,2.60157435399653,0.3048187876183128
1.1455,44.801201,38.272358,23.265364,44.758949,39.573017,22.409124,1.25748,1.21404322703247,0.933857956503683,0.2658341436319881
1.1713,44.720165,37.766644,23.12565,47.835133,38.069309,22.399614,1.68676,1.6284947304365,3.05054135781852,0.2658341436319881
1.1455,44.801201,38.272358,23.265364,44.758949,39.573017,22.409124,1.25748,1.21404322703247,0.933857956503683,0.25199269799284174
1.1719,44.720165,37.766644,23.12565,41.696815,38.757702,22.729319,1.82541,1.7623553830338,2.84900831347832,0.25199269799284174
1.1455,44.801201,38.272358,23.265364,44.758949,39.573017,22.409124,1.25748,1.21404322703247,0.933857956503683,0.34619108392120723
7.361,44.60351738852064,38.78155571208269,21.746543197241397,44.489974232848624,35.28218457991533,24.28917730304483,1.620184,1.56421844621495,2.70544683885885,0.34619108392120723
1.1457,44.801201,38.272358,23.265364,44.997604,39.507378,22.191137,1.25748,1.21404322703247,1.03616472941464,0.25759635209102205
1.1486,44.801201,38.272358,23.265364,47.417435,40.011112,24.19216,1.46743,1.41674098406675,2.60157435399653,0.25759635209102205
1.1457,44.801201,38.272358,23.265364,44.997604,39.507378,22.191137,1.25748,1.21404322703247,1.03616472941464,0.3514502555136357
1.1713,44.720165,37.766644,23.12565,47.835133,38.069309,22.399614,1.68676,1.6284947304365,3.05054135781852,0.3514502555136357
1.1457,44.801201,38.272358,23.265364,44.997604,39.507378,22.191137,1.25748,1.21404322703247,1.03616472941464,0.3020434190111393
7.361,44.60351738852064,38.78155571208269,21.746543197241397,44.489974232848624,35.28218457991533,24.28917730304483,1.620184,1.56421844621495,2.70544683885885,0.3020434190111393
1.1459,44.801201,38.272358,23.265364,44.74485,38.556396,21.513632,1.14763,1.10798774424983,1.09878715294892,0.25827910530765724
1.1713,44.720165,37.766644,23.12565,47.835133,38.069309,22.399614,1.68676,1.6284947304365,3.05054135781852,0.25827910530765724
1.1466,44.801201,38.272358,23.265364,47.222782,39.640423,23.880789,1.241,1.19813249097186,2.38256210370847,0.5050021420068667
1.1706,44.720165,37.766644,23.12565,45.265617,38.938438,23.197872,0.764178,0.737781217313373,0.71564173967275,0.5050021420068667
1.1466,44.801201,38.272358,23.265364,47.222782,39.640423,23.880789,1.241,1.19813249097186,2.38256210370847,0.4992998701975189
1.1724,44.720165,37.766644,23.12565,45.248283,39.168568,24.355015,0.874304,0.844103166306739,0.81134984148713,0.4992998701975189
1.1466,44.801201,38.272358,23.265364,47.222782,39.640423,23.880789,1.241,1.19813249097186,2.38256210370847,0.2586232549031655
1.1792,44.730747,37.294174,23.309671,45.151043,37.712601,23.178165,0.61297,0.591796352128141,0.463842846469114,0.2586232549031655
1.1466,44.801201,38.272358,23.265364,47.222782,39.640423,23.880789,1.241,1.19813249097186,2.38256210370847,0.3158622401053689
1.1807,44.730747,37.294174,23.309671,45.164955,37.560791,23.476326,0.666092,0.64308337403419,0.424197352508652,0.3158622401053689
1.1466,44.801201,38.272358,23.265364,47.222782,39.640423,23.880789,1.241,1.19813249097186,2.38256210370847,0.4744444091072517
1.1813,44.730747,37.294174,23.309671,45.414268,37.658691,23.715281,0.842586,0.813480792133777,0.678541454913634,0.4744444091072517
1.1466,44.801201,38.272358,23.265364,47.222782,39.640423,23.880789,1.241,1.19813249097186,2.38256210370847,0.29361940428021244
5.2,45.140049,36.999737,22.880068,45.936909,37.190865,22.82316,0.785367,0.758238291730136,0.768520324510237,0.29361940428021244
1.1466,44.801201,38.272358,23.265364,47.222782,39.640423,23.880789,1.241,1.19813249097186,2.38256210370847,0.3066155273827542
7.91,44.57517149224873,36.95897623838063,23.023442749720434,44.56098859042097,38.573629232545095,24.55590075641114,0.81871,0.790429533991598,0.780254950052494,0.3066155273827542
1.1466,44.801201,38.272358,23.265364,47.222782,39.640423,23.880789,1.241,1.19813249097186,2.38256210370847,0.30038324470933786
7.111,44.57517149224873,36.95897623838063,23.023442749720434,45.455625795399975,37.534170935574984,23.294607914993804,0.913508,0.881952953716941,0.8621086350459,0.30038324470933786
1.1468,44.801201,38.272358,23.265364,47.623756,40.049061,24.345411,1.70624,1.6473018383528,2.80611584335974,0.38784320831265723
1.1472,44.801201,38.272358,23.265364,45.866165,40.348148,24.721346,1.28192,1.23763900308352,1.31059111630649,0.38784320831265723
1.1468,44.801201,38.272358,23.265364,47.623756,40.049061,24.345411,1.70624,1.6473018383528,2.80611584335974,0.484032895151669
1.1474,44.801201,38.272358,23.265364,45.400471,40.498734,24.994703,1.20761,1.16589587221799,1.09211093566474,0.484032895151669
1.1468,44.801201,38.272358,23.265364,47.623756,40.049061,24.345411,1.70624,1.6473018383528,2.80611584335974,0.36172023249645274
1.1484,44.801201,38.272358,23.265364,46.096401,38.530846,23.947065,1.241,1.19813249097186,1.28290756644005,0.36172023249645274
1.1468,44.801201,38.272358,23.265364,47.623756,40.049061,24.345411,1.70624,1.6473018383528,2.80611584335974,0.4250801252420268
1.1492,44.801201,38.272358,23.265364,45.524429,39.906815,22.660521,1.31404,1.26864949108515,1.16870249225533,0.4250801252420268
1.1472,44.801201,38.272358,23.265364,45.866165,40.348148,24.721346,1.28192,1.23763900308352,1.31059111630649,0.3630376215358289
1.1485,44.801201,38.272358,23.265364,47.700783,40.00211,24.350201,1.83677,1.77332297779403,2.87702318050197,0.3630376215358289
1.1474,44.801201,38.272358,23.265364,45.400471,40.498734,24.994703,1.20761,1.16589587221799,1.09211093566474,0.3237668557404487
1.1485,44.801201,38.272358,23.265364,47.700783,40.00211,24.350201,1.83677,1.77332297779403,2.87702318050197,0.3237668557404487
1.1474,44.801201,38.272358,23.265364,45.400471,40.498734,24.994703,1.20761,1.16589587221799,1.09211093566474,0.4180595758272018
1.1486,44.801201,38.272358,23.265364,47.417435,40.011112,24.19216,1.46743,1.41674098406675,2.60157435399653,0.4180595758272018
1.1480,44.801201,38.272358,23.265364,43.507164,38.228367,23.643114,1.3299,1.28396164362891,1.23168549913385,0.391412222123662
1.1483,44.801201,38.272358,23.265364,41.813801,36.422642,22.189848,1.61772,1.56183955946414,2.85032443663536,0.391412222123662
1.1480,44.801201,38.272358,23.265364,43.507164,38.228367,23.643114,1.3299,1.28396164362891,1.23168549913385,0.36962690621799094
1.1705,44.720165,37.766644,23.12565,41.036758,36.816265,22.133057,1.68676,1.6284947304365,3.41544089851318,0.36962690621799094
1.1480,44.801201,38.272358,23.265364,43.507164,38.228367,23.643114,1.3299,1.28396164362891,1.23168549913385,0.36170572161982695
1.1713,44.720165,37.766644,23.12565,47.835133,38.069309,22.399614,1.68676,1.6284947304365,3.05054135781852,0.36170572161982695
1.1480,44.801201,38.272358,23.265364,43.507164,38.228367,23.643114,1.3299,1.28396164362891,1.23168549913385,0.45541740216588744
1.1719,44.720165,37.766644,23.12565,41.696815,38.757702,22.729319,1.82541,1.7623553830338,2.84900831347832,0.45541740216588744
1.1480,44.801201,38.272358,23.265364,43.507164,38.228367,23.643114,1.3299,1.28396164362891,1.23168549913385,0.6144498578591846
1.1726,44.720165,37.766644,23.12565,41.614643,38.204678,23.429976,1.68676,1.6284947304365,2.86581021342006,0.6144498578591846
1.1480,44.801201,38.272358,23.265364,43.507164,38.228367,23.643114,1.3299,1.28396164362891,1.23168549913385,0.47078394268121443
1.1734,44.720165,37.766644,23.12565,42.057941,36.92165,25.099762,1.68676,1.6284947304365,2.83060569225389,0.47078394268121443
1.1481,44.801201,38.272358,23.265364,42.015461,37.237225,22.889879,1.63154,1.57518217914604,2.60426496004869,0.2961677984959277
1.1697,44.720165,37.766644,23.12565,43.624477,37.621201,22.009541,1.45565,1.40536789724673,1.19965295589464,0.2961677984959277
1.1481,44.801201,38.272358,23.265364,42.015461,37.237225,22.889879,1.63154,1.57518217914604,2.60426496004869,0.25685636211265805
1.1699,44.720165,37.766644,23.12565,45.043018000000004,39.622589,22.522366,1.17392,1.13336961627856,1.08585340272686,0.25685636211265805
1.1481,44.801201,38.272358,23.265364,42.015461,37.237225,22.889879,1.63154,1.57518217914604,2.60426496004869,0.36470599911180573
4.12,43.870068,35.629742,21.290045,44.072601,37.127289,22.695574,1.126994,1.0880645677118,0.769554419490261,0.36470599911180573
1.1481,44.801201,38.272358,23.265364,42.015461,37.237225,22.889879,1.63154,1.57518217914604,2.60426496004869,0.6413217846596335
4.106,43.86005,36.959896,22.410271,44.775291,36.950111,22.187439,1.229448,1.18697952841287,0.867505507831591,0.6413217846596335
1.1481,44.801201,38.272358,23.265364,42.015461,37.237225,22.889879,1.63154,1.57518217914604,2.60426496004869,0.29910518601871844
5.9,44.510017,36.00988,22.309853,44.396122,38.320248,22.87945,1.070955,1.03396130690473,0.908276829574393,0.29910518601871844
1.1481,44.801201,38.272358,23.265364,42.015461,37.237225,22.889879,1.63154,1.57518217914604,2.60426496004869,0.39745279509499126
5.10,44.489975,35.940083,22.349972,44.418793,38.393051,22.841824,1.308945,1.26373048621689,0.978364339257622,0.39745279509499126
1.1481,44.801201,38.272358,23.265364,42.015461,37.237225,22.889879,1.63154,1.57518217914604,2.60426496004869,0.25650574753446037
5.26,43.449951,35.7103,22.719934,44.406105,36.882622,22.633024,1.023357,0.988007471042298,1.0550257041602,0.25650574753446037
1.1481,44.801201,38.272358,23.265364,42.015461,37.237225,22.889879,1.63154,1.57518217914604,2.60426496004869,0.37938202201864457
5.27,43.449951,35.560188,22.639994,44.391842,37.037529,22.73987,1.237548,1.19479973242324,1.08913506367349,0.37938202201864457
1.1481,44.801201,38.272358,23.265364,42.015461,37.237225,22.889879,1.63154,1.57518217914604,2.60426496004869,0.5654979996019
5.29,44.330009,37.199749,23.160069,43.78183,37.969376,23.073114,1.070955,1.03396130690473,0.634188057383681,0.5654979996019
1.1481,44.801201,38.272358,23.265364,42.015461,37.237225,22.889879,1.63154,1.57518217914604,2.60426496004869,0.3092072523255677
5.30,45.350056,36.019573,23.100149,44.32386,37.201443,23.160089,1.42794,1.37861507587297,1.10060055129705,0.3092072523255677
1.1481,44.801201,38.272358,23.265364,42.015461,37.237225,22.889879,1.63154,1.57518217914604,2.60426496004869,0.2927789595873702
5.32,43.95993,37.0205,22.63007,44.376717,37.008488,23.037443,0.936094,0.903758771961172,0.459220089571616,0.2927789595873702
1.1481,44.801201,38.272358,23.265364,42.015461,37.237225,22.889879,1.63154,1.57518217914604,2.60426496004869,0.6107662297833607
5.33,43.899956,37.030128,22.490103,44.417511,36.98003,23.17672,1.102687,1.06459719747969,0.638802995769043,0.6107662297833607
1.1481,44.801201,38.272358,23.265364,42.015461,37.237225,22.889879,1.63154,1.57518217914604,2.60426496004869,0.7125789538406601
5.34,43.759983,37.000278,22.37995,44.56496,37.031937,23.284607,1.340677,1.29436637679185,0.91776648364448,0.7125789538406601
1.1481,44.801201,38.272358,23.265364,42.015461,37.237225,22.889879,1.63154,1.57518217914604,2.60426496004869,0.6706097086708357
5.42,43.86005,36.959896,22.410271,44.775291,36.950111,22.187439,1.26928,1.2254356229982,0.867505507831591,0.6706097086708357
1.1481,44.801201,38.272358,23.265364,42.015461,37.237225,22.889879,1.63154,1.57518217914604,2.60426496004869,0.28240380692720135
6.65,43.11,35.49,22.27,43.99727809141985,36.41270480287401,23.247455175121324,1.02,0.984766430935777,0.961519585938287,0.28240380692720135
1.1482,44.801201,38.272358,23.265364,43.330318,37.64455,22.841187,1.0489,1.01266814647896,1.39650850956276,0.3246172864682386
1.1705,44.720165,37.766644,23.12565,41.036758,36.816265,22.133057,1.68676,1.6284947304365,3.41544089851318,0.3246172864682386
1.1483,44.801201,38.272358,23.265364,41.813801,36.422642,22.189848,1.61772,1.56183955946414,2.85032443663536,0.2817018788658255
1.1496,44.801201,38.272358,23.265364,43.551208,38.391315,22.027452,1.69283,1.63435505615785,1.39099723183746,0.2817018788658255
1.1483,44.801201,38.272358,23.265364,41.813801,36.422642,22.189848,1.61772,1.56183955946414,2.85032443663536,0.5101414790021471
1.1691,44.720165,37.766644,23.12565,43.730396,35.689289,21.568848,1.35877,1.31183439545354,1.28922916156338,0.5101414790021471
1.1483,44.801201,38.272358,23.265364,41.813801,36.422642,22.189848,1.61772,1.56183955946414,2.85032443663536,0.6246133173069915
1.1697,44.720165,37.766644,23.12565,43.624477,37.621201,22.009541,1.45565,1.40536789724673,1.19965295589464,0.6246133173069915
1.1483,44.801201,38.272358,23.265364,41.813801,36.422642,22.189848,1.61772,1.56183955946414,2.85032443663536,0.3192808350081787
1.1711,44.720165,37.766644,23.12565,43.959206,34.881966,22.462944,1.45007,1.39998064559514,1.35756516042183,0.3192808350081787
1.1483,44.801201,38.272358,23.265364,41.813801,36.422642,22.189848,1.61772,1.56183955946414,2.85032443663536,0.5671165614643341
4.12,43.870068,35.629742,21.290045,44.072601,37.127289,22.695574,1.126994,1.0880645677118,0.769554419490261,0.5671165614643341
1.1483,44.801201,38.272358,23.265364,41.813801,36.422642,22.189848,1.61772,1.56183955946414,2.85032443663536,0.517257999776988
4.77,43.600025,37.299789,22.570135,44.974243,37.176563,22.39678,1.359844,1.31287129657787,1.29024390106441,0.517257999776988
1.1483,44.801201,38.272358,23.265364,41.813801,36.422642,22.189848,1.61772,1.56183955946414,2.85032443663536,0.712995465363972
4.106,43.86005,36.959896,22.410271,44.775291,36.950111,22.187439,1.229448,1.18697952841287,0.867505507831591,0.712995465363972
1.1483,44.801201,38.272358,23.265364,41.813801,36.422642,22.189848,1.61772,1.56183955946414,2.85032443663536,0.4127526085930579
5.9,44.510017,36.00988,22.309853,44.396122,38.320248,22.87945,1.070955,1.03396130690473,0.908276829574393,0.4127526085930579
1.1483,44.801201,38.272358,23.265364,41.813801,36.422642,22.189848,1.61772,1.56183955946414,2.85032443663536,0.5895694453391819
5.10,44.489975,35.940083,22.349972,44.418793,38.393051,22.841824,1.308945,1.26373048621689,0.978364339257622,0.5895694453391819
1.1483,44.801201,38.272358,23.265364,41.813801,36.422642,22.189848,1.61772,1.56183955946414,2.85032443663536,0.34646936444689097
5.13,44.440022,37.059891,21.320107,44.468494,37.088528,22.914507,1.047156,1.01098438897351,0.93706972375273,0.34646936444689097
1.1483,44.801201,38.272358,23.265364,41.813801,36.422642,22.189848,1.61772,1.56183955946414,2.85032443663536,0.3940824330060492
5.14,44.470062,37.049984,21.120243,44.441589,37.090839,23.134239,1.285146,1.24075356828568,1.18231127804555,0.3940824330060492
1.1483,44.801201,38.272358,23.265364,41.813801,36.422642,22.189848,1.61772,1.56183955946414,2.85032443663536,0.3783470186440173
5.22,44.449993,37.710121,21.169832,44.435749,36.423412,22.37541,1.158218,1.11821000598586,1.12715683194151,0.3783470186440173
1.1483,44.801201,38.272358,23.265364,41.813801,36.422642,22.189848,1.61772,1.56183955946414,2.85032443663536,0.2572902046983458
5.23,44.480019,37.719929,20.979906,44.394554,36.395611,22.567541,1.380342,1.33266124001054,1.35091214089471,0.2572902046983458
1.1483,44.801201,38.272358,23.265364,41.813801,36.422642,22.189848,1.61772,1.56183955946414,2.85032443663536,0.44869707328641195
5.26,43.449951,35.7103,22.719934,44.406105,36.882622,22.633024,1.023357,0.988007471042298,1.0550257041602,0.44869707328641195
1.1483,44.801201,38.272358,23.265364,41.813801,36.422642,22.189848,1.61772,1.56183955946414,2.85032443663536,0.7114205808842419
5.27,43.449951,35.560188,22.639994,44.391842,37.037529,22.73987,1.237548,1.19479973242324,1.08913506367349,0.7114205808842419
1.1483,44.801201,38.272358,23.265364,41.813801,36.422642,22.189848,1.61772,1.56183955946414,2.85032443663536,0.43516976700068394
5.29,44.330009,37.199749,23.160069,43.78183,37.969376,23.073114,1.070955,1.03396130690473,0.634188057383681,0.43516976700068394
1.1483,44.801201,38.272358,23.265364,41.813801,36.422642,22.189848,1.61772,1.56183955946414,2.85032443663536,0.2870443579199203
5.32,43.95993,37.0205,22.63007,44.376717,37.008488,23.037443,0.936094,0.903758771961172,0.459220089571616,0.2870443579199203
1.1483,44.801201,38.272358,23.265364,41.813801,36.422642,22.189848,1.61772,1.56183955946414,2.85032443663536,0.5858503437581022
5.33,43.899956,37.030128,22.490103,44.417511,36.98003,23.17672,1.102687,1.06459719747969,0.638802995769043,0.5858503437581022
1.1483,44.801201,38.272358,23.265364,41.813801,36.422642,22.189848,1.61772,1.56183955946414,2.85032443663536,0.8377027953113836
5.34,43.759983,37.000278,22.37995,44.56496,37.031937,23.284607,1.340677,1.29436637679185,0.91776648364448,0.8377027953113836
1.1483,44.801201,38.272358,23.265364,41.813801,36.422642,22.189848,1.61772,1.56183955946414,2.85032443663536,0.29588675157624766
5.37,45.219978,37.020203,22.339933,44.218014,37.151577,23.296185,1.023357,0.988007471042298,1.0849785346728,0.29588675157624766
1.1483,44.801201,38.272358,23.265364,41.813801,36.422642,22.189848,1.61772,1.56183955946414,2.85032443663536,0.4344980551136227
5.38,45.259933,37.10017,22.099951,44.173214,37.137138,23.219437,1.308945,1.26373048621689,1.21400281575858,0.4344980551136227
1.1483,44.801201,38.272358,23.265364,41.813801,36.422642,22.189848,1.61772,1.56183955946414,2.85032443663536,0.742483531927856
5.42,43.86005,36.959896,22.410271,44.775291,36.950111,22.187439,1.26928,1.2254356229982,0.867505507831591,0.742483531927856
1.1483,44.801201,38.272358,23.265364,41.813801,36.422642,22.189848,1.61772,1.56183955946414,2.85032443663536,0.4495171208514495
6.65,43.11,35.49,22.27,43.99727809141985,36.41270480287401,23.247455175121324,1.02,0.984766430935777,0.961519585938287,0.4495171208514495
1.1483,44.801201,38.272358,23.265364,41.813801,36.422642,22.189848,1.61772,1.56183955946414,2.85032443663536,0.27248073394529293
7.112,44.57517149224873,36.95897623838063,23.023442749720434,45.67525911468617,37.772985385557675,23.457170351200073,1.029851,0.99427715065259,1.08944222284532,0.27248073394529293
1.1483,44.801201,38.272358,23.265364,41.813801,36.422642,22.189848,1.61772,1.56183955946414,2.85032443663536,0.27612764410358004
7.113,44.57517149224873,36.95897623838063,23.023442749720434,45.90691825034913,37.77152031503201,23.52961375158339,1.219447,1.17732399010328,1.30608321910391,0.27612764410358004
1.1483,44.801201,38.272358,23.265364,41.813801,36.422642,22.189848,1.61772,1.56183955946414,2.85032443663536,0.4716309983837459
7.117,44.57517149224873,36.95897623838063,23.023442749720434,43.43360642568766,36.173492413329456,22.566770196731134,1.03416,0.99843730609465,1.10901620179134,0.4716309983837459
1.1483,44.801201,38.272358,23.265364,41.813801,36.422642,22.189848,1.61772,1.56183955946414,2.85032443663536,0.31387466371223477
7.118,44.57517149224873,36.95897623838063,23.023442749720434,43.10777397801501,35.995247030617236,22.45824415660518,1.197902,1.15652321289297,1.41769205273371,0.31387466371223477
1.1483,44.801201,38.272358,23.265364,41.813801,36.422642,22.189848,1.61772,1.56183955946414,2.85032443663536,0.4703751687953353
7.211,44.56098859042097,38.573724315756394,24.555576237150024,43.69756372940281,36.53801632030218,22.59692718339512,1.189284,1.14820290200885,1.28355966155084,0.4703751687953353
1.1483,44.801201,38.272358,23.265364,41.813801,36.422642,22.189848,1.61772,1.56183955946414,2.85032443663536,0.2566501787785688
7.404,45.06744545788468,37.23821468296523,23.194550007141924,44.11798295939927,36.44217685030859,22.849908142926267,0.926435,0.894433420043124,0.943647459411894,0.2566501787785688
1.1484,44.801201,38.272358,23.265364,46.096401,38.530846,23.947065,1.241,1.19813249097186,1.28290756644005,0.30638534623484437
1.1485,44.801201,38.272358,23.265364,47.700783,40.00211,24.350201,1.83677,1.77332297779403,2.87702318050197,0.30638534623484437
1.1484,44.801201,38.272358,23.265364,46.096401,38.530846,23.947065,1.241,1.19813249097186,1.28290756644005,0.5687661519361584
1.1713,44.720165,37.766644,23.12565,47.835133,38.069309,22.399614,1.68676,1.6284947304365,3.05054135781852,0.5687661519361584
1.1485,44.801201,38.272358,23.265364,47.700783,40.00211,24.350201,1.83677,1.77332297779403,2.87702318050197,0.3618122634608547
1.1492,44.801201,38.272358,23.265364,45.524429,39.906815,22.660521,1.31404,1.26864949108515,1.16870249225533,0.3618122634608547
1.1486,44.801201,38.272358,23.265364,47.417435,40.011112,24.19216,1.46743,1.41674098406675,2.60157435399653,0.27798776004503917
1.1492,44.801201,38.272358,23.265364,45.524429,39.906815,22.660521,1.31404,1.26864949108515,1.16870249225533,0.27798776004503917
1.1486,44.801201,38.272358,23.265364,47.417435,40.011112,24.19216,1.46743,1.41674098406675,2.60157435399653,0.27790581281091753
1.1699,44.720165,37.766644,23.12565,45.043018000000004,39.622589,22.522366,1.17392,1.13336961627856,1.08585340272686,0.27790581281091753
1.1486,44.801201,38.272358,23.265364,47.417435,40.011112,24.19216,1.46743,1.41674098406675,2.60157435399653,0.40162832146470234
1.1724,44.720165,37.766644,23.12565,45.248283,39.168568,24.355015,0.874304,0.844103166306739,0.81134984148713,0.40162832146470234
1.1489,44.801201,38.272358,23.265364,46.15033,39.788517,23.014376,1.19068,1.14955068037903,1.48893173807032,0.33760448166104234
1.1713,44.720165,37.766644,23.12565,47.835133,38.069309,22.399614,1.68676,1.6284947304365,3.05054135781852,0.33760448166104234
1.1492,44.801201,38.272358,23.265364,45.524429,39.906815,22.660521,1.31404,1.26864949108515,1.16870249225533,0.46329232331464965
1.1713,44.720165,37.766644,23.12565,47.835133,38.069309,22.399614,1.68676,1.6284947304365,3.05054135781852,0.46329232331464965
1.1494,44.801201,38.272358,23.265364,44.390274,39.248653,22.117399,1.43763,1.38797035696686,1.04082526099156,0.3999078127339187
1.1497,44.801201,38.272358,23.265364,41.969048,37.887436,21.214329,1.90597,1.84013262193202,2.84874093825247,0.3999078127339187
1.1494,44.801201,38.272358,23.265364,44.390274,39.248653,22.117399,1.43763,1.38797035696686,1.04082526099156,0.4967968538536928
1.1719,44.720165,37.766644,23.12565,41.696815,38.757702,22.729319,1.82541,1.7623553830338,2.84900831347832,0.4967968538536928
1.1494,44.801201,38.272358,23.265364,44.390274,39.248653,22.117399,1.43763,1.38797035696686,1.04082526099156,0.360394178255677
1.1726,44.720165,37.766644,23.12565,41.614643,38.204678,23.429976,1.68676,1.6284947304365,2.86581021342006,0.360394178255677
1.1494,44.801201,38.272358,23.265364,44.390274,39.248653,22.117399,1.43763,1.38797035696686,1.04082526099156,0.32236210314667896
7.361,44.60351738852064,38.78155571208269,21.746543197241397,44.489974232848624,35.28218457991533,24.28917730304483,1.620184,1.56421844621495,2.70544683885885,0.32236210314667896
1.1496,44.801201,38.272358,23.265364,43.551208,38.391315,22.027452,1.69283,1.63435505615785,1.39099723183746,0.38127380323403864
1.1497,44.801201,38.272358,23.265364,41.969048,37.887436,21.214329,1.90597,1.84013262193202,2.84874093825247,0.38127380323403864
1.1496,44.801201,38.272358,23.265364,43.551208,38.391315,22.027452,1.69283,1.63435505615785,1.39099723183746,0.3482374200786413
1.1499,44.801201,38.272358,23.265364,41.673363,36.111137,22.008919,2.03366,1.96341186268319,3.00546643221302,0.3482374200786413
1.1496,44.801201,38.272358,23.265364,43.551208,38.391315,22.027452,1.69283,1.63435505615785,1.39099723183746,0.5154269010683217
1.1705,44.720165,37.766644,23.12565,41.036758,36.816265,22.133057,1.68676,1.6284947304365,3.41544089851318,0.5154269010683217
1.1496,44.801201,38.272358,23.265364,43.551208,38.391315,22.027452,1.69283,1.63435505615785,1.39099723183746,0.3653768245425765
1.1719,44.720165,37.766644,23.12565,41.696815,38.757702,22.729319,1.82541,1.7623553830338,2.84900831347832,0.3653768245425765
1.1496,44.801201,38.272358,23.265364,43.551208,38.391315,22.027452,1.69283,1.63435505615785,1.39099723183746,0.3406822069617863
1.1726,44.720165,37.766644,23.12565,41.614643,38.204678,23.429976,1.68676,1.6284947304365,2.86581021342006,0.3406822069617863
1.1497,44.801201,38.272358,23.265364,41.969048,37.887436,21.214329,1.90597,1.84013262193202,2.84874093825247,0.5667988733078659
1.1697,44.720165,37.766644,23.12565,43.624477,37.621201,22.009541,1.45565,1.40536789724673,1.19965295589464,0.5667988733078659
1.1497,44.801201,38.272358,23.265364,41.969048,37.887436,21.214329,1.90597,1.84013262193202,2.84874093825247,0.32581430497568026
4.77,43.600025,37.299789,22.570135,44.974243,37.176563,22.39678,1.359844,1.31287129657787,1.29024390106441,0.32581430497568026
1.1497,44.801201,38.272358,23.265364,41.969048,37.887436,21.214329,1.90597,1.84013262193202,2.84874093825247,0.2632157902646441
4.106,43.86005,36.959896,22.410271,44.775291,36.950111,22.187439,1.229448,1.18697952841287,0.867505507831591,0.2632157902646441
1.1497,44.801201,38.272358,23.265364,41.969048,37.887436,21.214329,1.90597,1.84013262193202,2.84874093825247,0.2570763660951102
5.14,44.470062,37.049984,21.120243,44.441589,37.090839,23.134239,1.285146,1.24075356828568,1.18231127804555,0.2570763660951102
1.1497,44.801201,38.272358,23.265364,41.969048,37.887436,21.214329,1.90597,1.84013262193202,2.84874093825247,0.4823813194159811
5.34,43.759983,37.000278,22.37995,44.56496,37.031937,23.284607,1.340677,1.29436637679185,0.91776648364448,0.4823813194159811
1.1497,44.801201,38.272358,23.265364,41.969048,37.887436,21.214329,1.90597,1.84013262193202,2.84874093825247,0.32481873565373376
5.42,43.86005,36.959896,22.410271,44.775291,36.950111,22.187439,1.26928,1.2254356229982,0.867505507831591,0.32481873565373376
1.1498,44.801201,38.272358,23.265364,43.077972,37.676849,22.305689,1.25748,1.21404322703247,1.67479553240149,0.602772201749983
1.1705,44.720165,37.766644,23.12565,41.036758,36.816265,22.133057,1.68676,1.6284947304365,3.41544089851318,0.602772201749983
1.1499,44.801201,38.272358,23.265364,41.673363,36.111137,22.008919,2.03366,1.96341186268319,3.00546643221302,0.26607460899146657
1.1691,44.720165,37.766644,23.12565,43.730396,35.689289,21.568848,1.35877,1.31183439545354,1.28922916156338,0.26607460899146657
1.1499,44.801201,38.272358,23.265364,41.673363,36.111137,22.008919,2.03366,1.96341186268319,3.00546643221302,0.4050598709335459
1.1697,44.720165,37.766644,23.12565,43.624477,37.621201,22.009541,1.45565,1.40536789724673,1.19965295589464,0.4050598709335459
1.1499,44.801201,38.272358,23.265364,41.673363,36.111137,22.008919,2.03366,1.96341186268319,3.00546643221302,0.29410244200481567
1.1711,44.720165,37.766644,23.12565,43.959206,34.881966,22.462944,1.45007,1.39998064559514,1.35756516042183,0.29410244200481567
1.1499,44.801201,38.272358,23.265364,41.673363,36.111137,22.008919,2.03366,1.96341186268319,3.00546643221302,0.2678311980559011
5.34,43.759983,37.000278,22.37995,44.56496,37.031937,23.284607,1.340677,1.29436637679185,0.91776648364448,0.2678311980559011
1.1516,86.942886,-5.772712,47.495819,86.996864,-4.986082,46.125114,1.14205,1.10260049259824,0.630449046197159,0.25466351891436123
1.1559,86.942886,-5.772712,47.495819,83.730927,-4.788652,45.390114,1.14205,1.10260049259824,2.27792317402814,0.25466351891436123
1.1523,86.942886,-5.772712,47.495819,91.157318,-7.911195,48.407284,1.51965,1.46715716350152,2.99891320571362,0.2945661293744181
1.1548,86.942886,-5.772712,47.495819,87.930069,-6.99113,49.122559,1.20766,1.16594414508226,1.07243488306557,0.2945661293744181
1.1523,86.942886,-5.772712,47.495819,91.157318,-7.911195,48.407284,1.51965,1.46715716350152,2.99891320571362,0.3685004034321417
7.24,86.7658295591843,-6.886886761145572,46.098331195293184,88.5001508082956,-6.999465816761807,46.93454011216565,1.572785,1.51845673635228,1.14387831251439,0.3685004034321417
1.1523,86.942886,-5.772712,47.495819,91.157318,-7.911195,48.407284,1.51965,1.46715716350152,2.99891320571362,0.31166359884474276
7.25,86.7658295591843,-6.886886761145572,46.098331195293184,88.85627457640994,-7.076353457979634,46.836957225049545,1.960595,1.89287072613778,1.36025423097947,0.31166359884474276
1.1525,86.942886,-5.772712,47.495819,90.852867,-7.076853,48.666359,1.35722,1.31033793666143,2.62276527551165,0.30975687771433175
1.1548,86.942886,-5.772712,47.495819,87.930069,-6.99113,49.122559,1.20766,1.16594414508226,1.07243488306557,0.30975687771433175
1.1539,86.942886,-5.772712,47.495819,84.63295,-4.435321,47.322914,1.02671,0.991244649319678,1.75197462986477,0.41137648742198113
1.1541,86.942886,-5.772712,47.495819,82.217201,-3.9041,46.465809,1.43997,1.39022952701431,3.36320736569369,0.41137648742198113
1.1541,86.942886,-5.772712,47.495819,82.217201,-3.9041,46.465809,1.43997,1.39022952701431,3.36320736569369,0.2650208498878619
1.1555,86.942886,-5.772712,47.495819,84.220238,-6.195213,47.177876,1.62763,1.57140724116078,1.80854157162065,0.2650208498878619
1.1541,86.942886,-5.772712,47.495819,82.217201,-3.9041,46.465809,1.43997,1.39022952701431,3.36320736569369,0.25479739608460755
4.80,85.030022,-5.810035,45.76997,87.249275,-6.008614,45.565529,1.508868,1.45674760305216,1.45207014802838,0.25479739608460755
1.1542,86.942886,-5.772712,47.495819,83.431854,-4.192916,46.389454,1.21836,1.17627453803423,2.54007403204786,0.2610387724106842
4.111,85.480003,-6.330004,45.91003,86.772034,-6.72852,46.01907,0.707864,0.683412455752866,0.880016846155468,0.2610387724106842
1.1545,86.942886,-5.772712,47.495819,90.670273,-7.540106,51.110573,1.29673,1.25193742547779,2.76982829578079,0.25180621585197127
1.1548,86.942886,-5.772712,47.495819,87.930069,-6.99113,49.122559,1.20766,1.16594414508226,1.07243488306557,0.25180621585197127
1.1557,86.942886,-5.772712,47.495819,84.02301,-5.473374,46.072578,1.26056,1.21701683547098,1.96832640882811,0.2560943450973723
1.1562,86.942886,-5.772712,47.495819,82.049713,-3.953941,43.879051,1.29673,1.25193742547779,3.59739298790312,0.2560943450973723
1.1557,86.942886,-5.772712,47.495819,84.02301,-5.473374,46.072578,1.26056,1.21701683547098,1.96832640882811,0.29948294863983177
7.11,86.7658295591843,-6.886886761145572,46.098331195293184,86.67213705226933,-6.519359340795727,46.06245360662531,0.719603,0.694745958824194,0.250891896402348,0.29948294863983177
1.1557,86.942886,-5.772712,47.495819,84.02301,-5.473374,46.072578,1.26056,1.21701683547098,1.96832640882811,0.25597928899023814
7.12,86.7658295591843,-6.886886761145572,46.098331195293184,86.82491586201648,-6.180869257492006,45.907740261294535,1.016924,0.981796684326406,0.465222340880547,0.25597928899023814
1.1557,86.942886,-5.772712,47.495819,84.02301,-5.473374,46.072578,1.26056,1.21701683547098,1.96832640882811,0.25439719665916166
7.364,86.68200747504233,-7.280085367129763,46.03106856196435,86.86918606662296,-6.886655594286806,46.259313040461,0.857491,0.827870932970148,0.313768119000489,0.25439719665916166
1.1558,86.942886,-5.772712,47.495819,82.838913,-4.949241,45.06913,1.4256,1.37635590582553,2.84389222839826,0.33461024631744857
4.79,85.310013,-6.220155,45.670074,87.171516,-5.994797,45.503944,1.061796,1.0251186836293,1.2185176705218,0.33461024631744857
1.1558,86.942886,-5.772712,47.495819,82.838913,-4.949241,45.06913,1.4256,1.37635590582553,2.84389222839826,0.31599662291247194
4.113,85.349991,-6.309961,45.84,87.219841,-6.046001,45.76025,1.061796,1.0251186836293,1.226484587438,0.31599662291247194
1.1558,86.942886,-5.772712,47.495819,82.838913,-4.949241,45.06913,1.4256,1.37635590582553,2.84389222839826,0.28932236767465086
5.44,85.349991,-6.309961,45.84,87.219841,-6.046001,45.76025,0.991625,0.957371580467343,1.226484587438,0.28932236767465086
1.1558,86.942886,-5.772712,47.495819,82.838913,-4.949241,45.06913,1.4256,1.37635590582553,2.84389222839826,0.3022416409218388
7.29,86.7658295591843,-6.886886761145572,46.098331195293184,85.59476319960956,-6.778327863274869,45.48308240631989,1.081559,1.04419901595732,0.787693520177652,0.3022416409218388
1.1558,86.942886,-5.772712,47.495819,82.838913,-4.949241,45.06913,1.4256,1.37635590582553,2.84389222839826,0.42030953920555425
7.30,86.7658295591843,-6.886886761145572,46.098331195293184,85.15429599479369,-6.764778352915723,45.601047951278815,1.447824,1.39781222853251,1.06307867142585,0.42030953920555425
1.1559,86.942886,-5.772712,47.495819,83.730927,-4.788652,45.390114,1.14205,1.10260049259824,2.27792317402814,0.3337610977680297
4.78,85.979988,-6.429916,45.730019,87.029762,-6.35292,45.572887,0.819632,0.791319685608582,0.683268694651537,0.3337610977680297
1.1559,86.942886,-5.772712,47.495819,83.730927,-4.788652,45.390114,1.14205,1.10260049259824,2.27792317402814,0.27986174728941743
4.110,85.940002,-6.520092,45.909935,86.902222,-6.814412,46.087063,0.633352,0.611474302515722,0.653008822358796,0.27986174728941743
1.1559,86.942886,-5.772712,47.495819,83.730927,-4.788652,45.390114,1.14205,1.10260049259824,2.27792317402814,0.2631135918921446
7.12,86.7658295591843,-6.886886761145572,46.098331195293184,86.82491586201648,-6.180869257492006,45.907740261294535,1.016924,0.981796684326406,0.465222340880547,0.2631135918921446
1.1559,86.942886,-5.772712,47.495819,83.730927,-4.788652,45.390114,1.14205,1.10260049259824,2.27792317402814,0.36729737148976654
7.28,86.7658295591843,-6.886886761145572,46.098331195293184,85.98644320658008,-6.827538965164692,45.86240487816289,0.831637,0.802910000317781,0.511863279618235,0.36729737148976654
1.1559,86.942886,-5.772712,47.495819,83.730927,-4.788652,45.390114,1.14205,1.10260049259824,2.27792317402814,0.277410115302471
7.29,86.7658295591843,-6.886886761145572,46.098331195293184,85.59476319960956,-6.778327863274869,45.48308240631989,1.081559,1.04419901595732,0.787693520177652,0.277410115302471
1.1560,86.942886,-5.772712,47.495819,82.324951,-4.398858,44.314445,1.26056,1.21701683547098,3.30600150281327,0.27570081950973424
4.80,85.030022,-5.810035,45.76997,87.249275,-6.008614,45.565529,1.508868,1.45674760305216,1.45207014802838,0.27570081950973424
1.1561,86.942886,-5.772712,47.495819,83.247322,-4.40695,44.697357,1.0854,1.04790733738989,2.70392923945164,0.32702757664083504
4.111,85.480003,-6.330004,45.91003,86.772034,-6.72852,46.01907,0.707864,0.683412455752866,0.880016846155468,0.32702757664083504
1.1561,86.942886,-5.772712,47.495819,83.247322,-4.40695,44.697357,1.0854,1.04790733738989,2.70392923945164,0.28043484556986453
7.29,86.7658295591843,-6.886886761145572,46.098331195293184,85.59476319960956,-6.778327863274869,45.48308240631989,1.081559,1.04419901595732,0.787693520177652,0.28043484556986453
1.1561,86.942886,-5.772712,47.495819,83.247322,-4.40695,44.697357,1.0854,1.04790733738989,2.70392923945164,0.26760181115267223
7.30,86.7658295591843,-6.886886761145572,46.098331195293184,85.15429599479369,-6.764778352915723,45.601047951278815,1.447824,1.39781222853251,1.06307867142585,0.26760181115267223
1.1568,56.257603,-31.848982,0.211115,56.057743,-34.598171,0.686235,1.26062,1.2170747629081,1.16968990654695,0.29416354871387274
1.1609,56.257603,-31.848982,0.211115,58.714256,-35.151787,1.876305,1.75352,1.69294865879853,2.81238796729501,0.29416354871387274
1.1570,56.257603,-31.848982,0.211115,56.367054,-34.645134,1.645388,1.61088,1.55523583163316,1.46114024450506,0.26969476078760535
1.1607,56.257603,-31.848982,0.211115,59.78923,-34.581932,1.328877,2.01793,1.9482252195865,3.45707660589235,0.26969476078760535
1.1572,56.257603,-31.848982,0.211115,56.267567,-33.092522,1.670678,1.26062,1.2170747629081,1.08504493699924,0.2614555989377725
1.1609,56.257603,-31.848982,0.211115,58.714256,-35.151787,1.876305,1.75352,1.69294865879853,2.81238796729501,0.2614555989377725
1.1585,56.257603,-31.848982,0.211115,60.212593,-33.146515,0.381463,2.22664,2.1497258095871,3.60914787116616,0.2713556247877127
4.117,55.290039,-31.810183,0.120075,57.291088,-32.197414,0.297608,1.685834,1.62760071699038,1.86886070441783,0.2713556247877127
1.1585,56.257603,-31.848982,0.211115,60.212593,-33.146515,0.381463,2.22664,2.1497258095871,3.60914787116616,0.29299277512329447
4.118,55.420021,-31.67034,0.230093,57.577835,-31.70676,0.230432,1.788288,1.72651567769145,1.99746638810913,0.29299277512329447
1.1586,56.257603,-31.848982,0.211115,58.555466,-32.233517,0.428454,1.28922,1.24468684126571,2.10931688347567,0.40221629466374165
1.1938,56.386917,-31.219675,0.611009,56.177792,-31.891094,0.066793,0.803404,0.77565224478385,0.503835962847121,0.40221629466374165
1.1586,56.257603,-31.848982,0.211115,58.555466,-32.233517,0.428454,1.28922,1.24468684126571,2.10931688347567,0.3686009583428705
1.1941,56.386917,-31.219675,0.611009,56.65403,-31.816826,-0.177701,0.97032,0.936802513005494,0.639131269131954,0.3686009583428705
1.1586,56.257603,-31.848982,0.211115,58.555466,-32.233517,0.428454,1.28922,1.24468684126571,2.10931688347567,0.29230076021316076
1.1948,56.386917,-31.219675,0.611009,55.977489,-32.265121,0.636874,0.758947,0.732730910254329,0.58019340836477,0.29230076021316076
1.1594,56.257603,-31.848982,0.211115,56.167801,-29.397125,0.820818,1.01359,0.978577849737446,1.1404098768959,0.41071686967217713
7.247,56.15781146519707,-34.1114668264737,0.8295323992704606,56.05774503329822,-28.00815605770879,-0.19917430804949898,1.2927,1.24804663261831,2.68084625062854,0.41071686967217713
1.1596,56.257603,-31.848982,0.211115,55.664806,-29.462776,0.794798,1.32438,1.27863231941444,1.23442007464688,0.2831478883379479
7.247,56.15781146519707,-34.1114668264737,0.8295323992704606,56.05774503329822,-28.00815605770879,-0.19917430804949898,1.2927,1.24804663261831,2.68084625062854,0.2831478883379479
1.1597,56.257603,-31.848982,0.211115,54.490772,-28.099005,1.099506,1.8998,1.83417575048215,2.41855650642844,0.32490116280745424
1.1601,56.257603,-31.848982,0.211115,51.825905,-29.23259,0.471586,2.46476,2.37962049834634,4.40885244303038,0.32490116280745424
1.1600,56.257603,-31.848982,0.211115,54.4174,-30.098858,0.648465,1.11833,1.07969984579256,1.91186854379154,0.2572199253999594
1.1938,56.386917,-31.219675,0.611009,56.177792,-31.891094,0.066793,0.803404,0.77565224478385,0.503835962847121,0.2572199253999594
1.1600,56.257603,-31.848982,0.211115,54.4174,-30.098858,0.648465,1.11833,1.07969984579256,1.91186854379154,0.3622146583046973
4.114,54.70998,-32.010151,-0.019989,55.164921,-31.733152,0.03008,0.819632,0.791319685608582,0.44777025960406,0.3622146583046973
1.1600,56.257603,-31.848982,0.211115,54.4174,-30.098858,0.648465,1.11833,1.07969984579256,1.91186854379154,0.37127736796963495
5.45,54.70998,-32.010151,-0.019989,55.164921,-31.733152,0.03008,0.912295,0.880781854029956,0.44777025960406,0.37127736796963495
1.1601,56.257603,-31.848982,0.211115,51.825905,-29.23259,0.471586,2.46476,2.37962049834634,4.40885244303038,0.3297879501729449
7.403,56.6047126892946,-31.22902335191763,0.7513093373113344,54.385907130828855,-30.018998762146865,0.7161670710346124,1.848561,1.78470668464419,2.14922631113198,0.3297879501729449
1.1602,56.257603,-31.848982,0.211115,54.301788,-31.013969,0.312227,1.1569,1.11693753328392,1.87899093647592,0.3522848728972295
4.114,54.70998,-32.010151,-0.019989,55.164921,-31.733152,0.03008,0.819632,0.791319685608582,0.44777025960406,0.3522848728972295
1.1602,56.257603,-31.848982,0.211115,54.301788,-31.013969,0.312227,1.1569,1.11693753328392,1.87899093647592,0.36904405748267444
5.45,54.70998,-32.010151,-0.019989,55.164921,-31.733152,0.03008,0.912295,0.880781854029956,0.44777025960406,0.36904405748267444
1.1604,56.257603,-31.848982,0.211115,58.442974,-32.636562,-0.066317,1.18715,1.14614261616216,2.03230581877004,0.3458866751831014
1.1938,56.386917,-31.219675,0.611009,56.177792,-31.891094,0.066793,0.803404,0.77565224478385,0.503835962847121,0.3458866751831014
1.1604,56.257603,-31.848982,0.211115,58.442974,-32.636562,-0.066317,1.18715,1.14614261616216,2.03230581877004,0.2726633379003033
1.1941,56.386917,-31.219675,0.611009,56.65403,-31.816826,-0.177701,0.97032,0.936802513005494,0.639131269131954,0.2726633379003033
1.1604,56.257603,-31.848982,0.211115,58.442974,-32.636562,-0.066317,1.18715,1.14614261616216,2.03230581877004,0.2533030522522727
1.1951,56.386917,-31.219675,0.611009,56.811398,-31.301725,1.00078,0.582096,0.561988823903914,0.472640337260045,0.2533030522522727
1.1609,56.257603,-31.848982,0.211115,58.714256,-35.151787,1.876305,1.75352,1.69294865879853,2.81238796729501,0.4324419502963834
1.1612,56.257603,-31.848982,0.211115,56.781944,-33.363216,1.496262,1.32438,1.27863231941444,1.15123330821237,0.4324419502963834
1.1609,56.257603,-31.848982,0.211115,58.714256,-35.151787,1.876305,1.75352,1.69294865879853,2.81238796729501,0.32678474002921737
1.1614,56.257603,-31.848982,0.211115,56.077782,-33.351295,1.537231,1.41303,1.36422010775018,1.07599681746985,0.32678474002921737
1.1620,56.257603,-31.848982,0.211115,54.111782,-31.506578,0.517001,1.42634,1.3770703442166,2.04211541916358,0.35833859799437556
4.114,54.70998,-32.010151,-0.019989,55.164921,-31.733152,0.03008,0.819632,0.791319685608582,0.44777025960406,0.35833859799437556
1.1620,56.257603,-31.848982,0.211115,54.111782,-31.506578,0.517001,1.42634,1.3770703442166,2.04211541916358,0.4860552755021273
5.45,54.70998,-32.010151,-0.019989,55.164921,-31.733152,0.03008,0.912295,0.880781854029956,0.44777025960406,0.4860552755021273
1.1621,56.257603,-31.848982,0.211115,52.241817,-30.37277,0.615013,2.48771,2.40177774304239,3.90771064979641,0.3348688139622687
7.403,56.6047126892946,-31.22902335191763,0.7513093373113344,54.385907130828855,-30.018998762146865,0.7161670710346124,1.848561,1.78470668464419,2.14922631113198,0.3348688139622687
1.1623,56.257603,-31.848982,0.211115,54.217468,-30.920561,0.013155,1.18715,1.14614261616216,1.96901148462619,0.31412404335452104
1.1938,56.386917,-31.219675,0.611009,56.177792,-31.891094,0.066793,0.803404,0.77565224478385,0.503835962847121,0.31412404335452104
1.1623,56.257603,-31.848982,0.211115,54.217468,-30.920561,0.013155,1.18715,1.14614261616216,1.96901148462619,0.4977969962946343
4.114,54.70998,-32.010151,-0.019989,55.164921,-31.733152,0.03008,0.819632,0.791319685608582,0.44777025960406,0.4977969962946343
1.1623,56.257603,-31.848982,0.211115,54.217468,-30.920561,0.013155,1.18715,1.14614261616216,1.96901148462619,0.5309208854959465
5.45,54.70998,-32.010151,-0.019989,55.164921,-31.733152,0.03008,0.912295,0.880781854029956,0.44777025960406,0.5309208854959465
1.1646,35.868515,5.524495,-31.11552,33.135551,5.375396,-29.886528,1.19342,1.15219603334056,2.30385713672516,0.2764657028546593
1.1690,35.868515,5.524495,-31.11552,35.693874,4.004496,-29.981928,1.12595,1.08705663030602,0.801058004841936,0.2764657028546593
1.1646,35.868515,5.524495,-31.11552,33.135551,5.375396,-29.886528,1.19342,1.15219603334056,2.30385713672516,0.4567661219805924
1.2006,35.360737,5.327154,-31.007704,35.023216,5.395849,-30.815407,0.588445,0.568118512207847,0.316174743279402,0.4567661219805924
1.1646,35.868515,5.524495,-31.11552,33.135551,5.375396,-29.886528,1.19342,1.15219603334056,2.30385713672516,0.38856834237268595
1.2007,35.360737,5.327154,-31.007704,35.674397,5.292491,-31.342636,0.588445,0.568118512207847,0.327375700799314,0.38856834237268595
1.1646,35.868515,5.524495,-31.11552,33.135551,5.375396,-29.886528,1.19342,1.15219603334056,2.30385713672516,0.3461486680069283
1.2014,35.360737,5.327154,-31.007704,35.380451,5.457178,-30.503191,0.549378,0.530400992445721,0.358596836151528,0.3461486680069283
1.1646,35.868515,5.524495,-31.11552,33.135551,5.375396,-29.886528,1.19342,1.15219603334056,2.30385713672516,0.48296707188793797
1.2016,35.360737,5.327154,-31.007704,35.654903,5.079054,-31.241846,0.654537,0.631927515103344,0.39067207087253,0.48296707188793797
1.1646,35.868515,5.524495,-31.11552,33.135551,5.375396,-29.886528,1.19342,1.15219603334056,2.30385713672516,0.3415132372151717
7.142,35.53763914484171,5.136072695516108,-31.22238489725977,36.385512767554296,5.25762129876009,-31.828850579771373,0.814401,0.786269378549537,0.745839574131634,0.3415132372151717
1.1646,35.868515,5.524495,-31.11552,33.135551,5.375396,-29.886528,1.19342,1.15219603334056,2.30385713672516,0.35582562389440603
7.145,35.53763914484171,5.136072695516108,-31.22238489725977,35.00322419703488,5.1527974061138515,-30.949554405810563,0.551552,0.532499896583814,0.467202865854137,0.35582562389440603
1.1646,35.868515,5.524495,-31.11552,33.135551,5.375396,-29.886528,1.19342,1.15219603334056,2.30385713672516,0.5408315818451223
7.146,35.53763914484171,5.136072695516108,-31.22238489725977,34.82257371938761,5.1345464949746065,-30.839932869635113,0.702367,0.67810533705595,0.622290049813181,0.5408315818451223
1.1646,35.868515,5.524495,-31.11552,33.135551,5.375396,-29.886528,1.19342,1.15219603334056,2.30385713672516,0.40027734154171224
7.147,35.53763914484171,5.136072695516108,-31.22238489725977,34.57969032915931,5.144741481081877,-30.717818733242165,0.870418,0.840351399296331,0.833595987199042,0.40027734154171224
1.1646,35.868515,5.524495,-31.11552,33.135551,5.375396,-29.886528,1.19342,1.15219603334056,2.30385713672516,0.3756452275050626
7.191,35.57678662601249,5.757493504298966,-32.21535195242685,35.419838416026515,4.626176704201901,-30.080756741799732,0.629114,0.607382694540912,0.621114722425106,0.3756452275050626
1.1646,35.868515,5.524495,-31.11552,33.135551,5.375396,-29.886528,1.19342,1.15219603334056,2.30385713672516,0.25808995844644406
7.212,35.557220316613616,5.975243591066853,-32.493744251908616,35.57678662601249,4.464419822181265,-29.69214582396932,0.706676,0.682265492498011,0.79878127399432,0.25808995844644406
1.1646,35.868515,5.524495,-31.11552,33.135551,5.375396,-29.886528,1.19342,1.15219603334056,2.30385713672516,0.4636990924935444
7.216,35.557220316613616,5.975243591066853,-32.493744251908616,34.82257371938761,5.134249558292392,-30.839870083183918,0.844564,0.815390466643965,0.766336280906084,0.4636990924935444
1.1646,35.868515,5.524495,-31.11552,33.135551,5.375396,-29.886528,1.19342,1.15219603334056,2.30385713672516,0.4188110267580031
7.283,35.419838416026515,4.6260257716736755,-30.080792680643654,35.63539666124247,4.758901206278921,-31.129705495691727,0.616187,0.594902228214729,0.493555103974534,0.4188110267580031
1.1646,35.868515,5.524495,-31.11552,33.135551,5.375396,-29.886528,1.19342,1.15219603334056,2.30385713672516,0.3433580917935548
7.296,35.57678662601249,4.46427131826796,-29.692175766834307,35.49843210107085,4.607148200237776,-31.107982419107906,0.64635,0.624023316309157,0.645211454721766,0.3433580917935548
1.1646,35.868515,5.524495,-31.11552,33.135551,5.375396,-29.886528,1.19342,1.15219603334056,2.30385713672516,0.2731006478943181
7.313,35.51804308244129,4.116853881699828,-29.376494012582434,35.51804308244129,4.295201698439749,-31.150416923916435,0.767002,0.740507668686866,0.795391193371402,0.2731006478943181
1.1646,35.868515,5.524495,-31.11552,33.135551,5.375396,-29.886528,1.19342,1.15219603334056,2.30385713672516,0.29173317217440226
7.340,35.49843210107085,5.588868561528237,-31.369364388376873,35.00322419703488,5.152374133717968,-30.949522968196387,0.512771,0.495058497605264,0.454024676287232,0.29173317217440226
1.1646,35.868515,5.524495,-31.11552,33.135551,5.375396,-29.886528,1.19342,1.15219603334056,2.30385713672516,0.35065858186132354
7.356,35.49843210107085,5.971809674855249,-31.32460701512607,34.57969032915931,5.144569914743519,-30.71775901446768,0.874727,0.844511554738392,0.864359435507322,0.35065858186132354
1.1646,35.868515,5.524495,-31.11552,33.135551,5.375396,-29.886528,1.19342,1.15219603334056,2.30385713672516,0.4799433461452769
7.385,35.49843210107085,4.60785944060027,-31.107923242438318,34.82257371938761,5.134802057671695,-30.83984120186587,0.887654,0.856992021064575,0.774424434857478,0.4799433461452769
1.1658,35.868515,5.524495,-31.11552,33.477974,6.171166,-29.749645,1.22325,1.18099562415901,2.29743179492228,0.2902730368790964
1.1664,35.868515,5.524495,-31.11552,35.926468,6.436257,-31.063925,0.751075,0.725130830504989,0.739334556815735,0.2902730368790964
1.1658,35.868515,5.524495,-31.11552,33.477974,6.171166,-29.749645,1.22325,1.18099562415901,2.29743179492228,0.40582025287130913
1.2006,35.360737,5.327154,-31.007704,35.023216,5.395849,-30.815407,0.588445,0.568118512207847,0.316174743279402,0.40582025287130913
1.1658,35.868515,5.524495,-31.11552,33.477974,6.171166,-29.749645,1.22325,1.18099562415901,2.29743179492228,0.3502225073487671
1.2007,35.360737,5.327154,-31.007704,35.674397,5.292491,-31.342636,0.588445,0.568118512207847,0.327375700799314,0.3502225073487671
1.1658,35.868515,5.524495,-31.11552,33.477974,6.171166,-29.749645,1.22325,1.18099562415901,2.29743179492228,0.3141678682788546
1.2014,35.360737,5.327154,-31.007704,35.380451,5.457178,-30.503191,0.549378,0.530400992445721,0.358596836151528,0.3141678682788546
1.1658,35.868515,5.524495,-31.11552,33.477974,6.171166,-29.749645,1.22325,1.18099562415901,2.29743179492228,0.455832635017085
1.2016,35.360737,5.327154,-31.007704,35.654903,5.079054,-31.241846,0.654537,0.631927515103344,0.39067207087253,0.455832635017085
1.1658,35.868515,5.524495,-31.11552,33.477974,6.171166,-29.749645,1.22325,1.18099562415901,2.29743179492228,0.32861306470810014
7.142,35.53763914484171,5.136072695516108,-31.22238489725977,36.385512767554296,5.25762129876009,-31.828850579771373,0.814401,0.786269378549537,0.745839574131634,0.32861306470810014
1.1658,35.868515,5.524495,-31.11552,33.477974,6.171166,-29.749645,1.22325,1.18099562415901,2.29743179492228,0.29926988138205285
7.145,35.53763914484171,5.136072695516108,-31.22238489725977,35.00322419703488,5.1527974061138515,-30.949554405810563,0.551552,0.532499896583814,0.467202865854137,0.29926988138205285
1.1658,35.868515,5.524495,-31.11552,33.477974,6.171166,-29.749645,1.22325,1.18099562415901,2.29743179492228,0.48988934317208577
7.146,35.53763914484171,5.136072695516108,-31.22238489725977,34.82257371938761,5.1345464949746065,-30.839932869635113,0.702367,0.67810533705595,0.622290049813181,0.48988934317208577
1.1658,35.868515,5.524495,-31.11552,33.477974,6.171166,-29.749645,1.22325,1.18099562415901,2.29743179492228,0.37218324581391954
7.147,35.53763914484171,5.136072695516108,-31.22238489725977,34.57969032915931,5.144741481081877,-30.717818733242165,0.870418,0.840351399296331,0.833595987199042,0.37218324581391954
1.1658,35.868515,5.524495,-31.11552,33.477974,6.171166,-29.749645,1.22325,1.18099562415901,2.29743179492228,0.31868783723787053
7.191,35.57678662601249,5.757493504298966,-32.21535195242685,35.419838416026515,4.626176704201901,-30.080756741799732,0.629114,0.607382694540912,0.621114722425106,0.31868783723787053
1.1658,35.868515,5.524495,-31.11552,33.477974,6.171166,-29.749645,1.22325,1.18099562415901,2.29743179492228,0.4328959298573777
7.216,35.557220316613616,5.975243591066853,-32.493744251908616,34.82257371938761,5.134249558292392,-30.839870083183918,0.844564,0.815390466643965,0.766336280906084,0.4328959298573777
1.1658,35.868515,5.524495,-31.11552,33.477974,6.171166,-29.749645,1.22325,1.18099562415901,2.29743179492228,0.3537296046785693
7.283,35.419838416026515,4.6260257716736755,-30.080792680643654,35.63539666124247,4.758901206278921,-31.129705495691727,0.616187,0.594902228214729,0.493555103974534,0.3537296046785693
1.1658,35.868515,5.524495,-31.11552,33.477974,6.171166,-29.749645,1.22325,1.18099562415901,2.29743179492228,0.29026224255664496
7.296,35.57678662601249,4.46427131826796,-29.692175766834307,35.49843210107085,4.607148200237776,-31.107982419107906,0.64635,0.624023316309157,0.645211454721766,0.29026224255664496
1.1658,35.868515,5.524495,-31.11552,33.477974,6.171166,-29.749645,1.22325,1.18099562415901,2.29743179492228,0.32569240608135464
7.356,35.49843210107085,5.971809674855249,-31.32460701512607,34.57969032915931,5.144569914743519,-30.71775901446768,0.874727,0.844511554738392,0.864359435507322,0.32569240608135464
1.1658,35.868515,5.524495,-31.11552,33.477974,6.171166,-29.749645,1.22325,1.18099562415901,2.29743179492228,0.4516265357162932
7.385,35.49843210107085,4.60785944060027,-31.107923242438318,34.82257371938761,5.134802057671695,-30.83984120186587,0.887654,0.856992021064575,0.774424434857478,0.4516265357162932
1.1659,35.868515,5.524495,-31.11552,33.092415,5.455307,-29.247524,1.37126,1.32389295694607,2.46434037549508,0.3592986064909282
1.1690,35.868515,5.524495,-31.11552,35.693874,4.004496,-29.981928,1.12595,1.08705663030602,0.801058004841936,0.3592986064909282
1.1659,35.868515,5.524495,-31.11552,33.092415,5.455307,-29.247524,1.37126,1.32389295694607,2.46434037549508,0.2847120540481059
7.146,35.53763914484171,5.136072695516108,-31.22238489725977,34.82257371938761,5.1345464949746065,-30.839932869635113,0.702367,0.67810533705595,0.622290049813181,0.2847120540481059
1.1659,35.868515,5.524495,-31.11552,33.092415,5.455307,-29.247524,1.37126,1.32389295694607,2.46434037549508,0.4600553860186311
7.147,35.53763914484171,5.136072695516108,-31.22238489725977,34.57969032915931,5.144741481081877,-30.717818733242165,0.870418,0.840351399296331,0.833595987199042,0.4600553860186311
1.1659,35.868515,5.524495,-31.11552,33.092415,5.455307,-29.247524,1.37126,1.32389295694607,2.46434037549508,0.2983277747768687
7.148,35.53763914484171,5.136072695516108,-31.22238489725977,34.31390693780456,5.050787907316195,-30.634241814515594,0.986761,0.952675596231979,1.03733865501403,0.2983277747768687
1.1659,35.868515,5.524495,-31.11552,33.092415,5.455307,-29.247524,1.37126,1.32389295694607,2.46434037549508,0.42622190275638194
7.216,35.557220316613616,5.975243591066853,-32.493744251908616,34.82257371938761,5.134249558292392,-30.839870083183918,0.844564,0.815390466643965,0.766336280906084,0.42622190275638194
1.1659,35.868515,5.524495,-31.11552,33.092415,5.455307,-29.247524,1.37126,1.32389295694607,2.46434037549508,0.25371467714881357
7.313,35.51804308244129,4.116853881699828,-29.376494012582434,35.51804308244129,4.295201698439749,-31.150416923916435,0.767002,0.740507668686866,0.795391193371402,0.25371467714881357
1.1659,35.868515,5.524495,-31.11552,33.092415,5.455307,-29.247524,1.37126,1.32389295694607,2.46434037549508,0.2577037696113222
7.315,35.51804308244129,4.116853881699828,-29.376494012582434,34.57969032915931,5.14482487300233,-30.717737400797475,0.844564,0.815390466643965,0.902057784744368,0.2577037696113222
1.1659,35.868515,5.524495,-31.11552,33.092415,5.455307,-29.247524,1.37126,1.32389295694607,2.46434037549508,0.2553468933655865
7.325,35.51804308244129,3.81060505665054,-28.866590016798245,35.57678662601249,4.194412814751885,-31.076471565410834,0.896272,0.865312331948697,0.89528349453254,0.2553468933655865
1.1659,35.868515,5.524495,-31.11552,33.092415,5.455307,-29.247524,1.37126,1.32389295694607,2.46434037549508,0.4343222299777674
7.356,35.49843210107085,5.971809674855249,-31.32460701512607,34.57969032915931,5.144569914743519,-30.71775901446768,0.874727,0.844511554738392,0.864359435507322,0.4343222299777674
1.1659,35.868515,5.524495,-31.11552,33.092415,5.455307,-29.247524,1.37126,1.32389295694607,2.46434037549508,0.4799115465984835
7.385,35.49843210107085,4.60785944060027,-31.107923242438318,34.82257371938761,5.134802057671695,-30.83984120186587,0.887654,0.856992021064575,0.774424434857478,0.4799115465984835
1.1659,35.868515,5.524495,-31.11552,33.092415,5.455307,-29.247524,1.37126,1.32389295694607,2.46434037549508,0.3252116642144421
7.410,35.94575961594815,5.321258557000663,-31.672575251197166,34.82257371938761,5.134595315099633,-30.839797122276646,0.995379,0.960995907116101,0.982695388617982,0.3252116642144421
1.1660,35.868515,5.524495,-31.11552,33.157093,5.502381,-29.559862,1.47821,1.42714861360154,2.36437713019751,0.29724284504083964
1.1690,35.868515,5.524495,-31.11552,35.693874,4.004496,-29.981928,1.12595,1.08705663030602,0.801058004841936,0.29724284504083964
1.1660,35.868515,5.524495,-31.11552,33.157093,5.502381,-29.559862,1.47821,1.42714861360154,2.36437713019751,0.26988233710558784
7.147,35.53763914484171,5.136072695516108,-31.22238489725977,34.57969032915931,5.144741481081877,-30.717818733242165,0.870418,0.840351399296331,0.833595987199042,0.26988233710558784
1.1660,35.868515,5.524495,-31.11552,33.157093,5.502381,-29.559862,1.47821,1.42714861360154,2.36437713019751,0.2598966789037583
7.216,35.557220316613616,5.975243591066853,-32.493744251908616,34.82257371938761,5.134249558292392,-30.839870083183918,0.844564,0.815390466643965,0.766336280906084,0.2598966789037583
1.1660,35.868515,5.524495,-31.11552,33.157093,5.502381,-29.559862,1.47821,1.42714861360154,2.36437713019751,0.31869345745217054
7.385,35.49843210107085,4.60785944060027,-31.107923242438318,34.82257371938761,5.134802057671695,-30.83984120186587,0.887654,0.856992021064575,0.774424434857478,0.31869345745217054
1.1665,35.868515,5.524495,-31.11552,34.313908,5.863198,-30.047523,0.726221,0.701135355137854,1.51612441497148,0.2523636292247888
7.134,35.53763914484171,5.136072695516108,-31.22238489725977,35.49843210107085,5.028283215559898,-31.252502818445983,0.271467,0.262089792849846,0.103484024444721,0.2523636292247888
1.1691,44.720165,37.766644,23.12565,43.730396,35.689289,21.568848,1.35877,1.31183439545354,1.28922916156338,0.49114751265672674
1.1705,44.720165,37.766644,23.12565,41.036758,36.816265,22.133057,1.68676,1.6284947304365,3.41544089851318,0.49114751265672674
1.1692,44.720165,37.766644,23.12565,48.579742,36.674446,22.534721,1.82541,1.7623553830338,3.770297917356,0.2725064014087129
4.76,45.099937,36.750183,22.469835,46.181698,36.91983,22.239534,1.145622,1.10604910602109,1.05157489929332,0.2725064014087129
1.1692,44.720165,37.766644,23.12565,48.579742,36.674446,22.534721,1.82541,1.7623553830338,3.770297917356,0.39905086035922666
4.107,43.990017,37.080006,23.210077,45.608574,36.694283,22.471897,1.341216,1.29488675826859,1.57250682058097,0.39905086035922666
1.1692,44.720165,37.766644,23.12565,48.579742,36.674446,22.534721,1.82541,1.7623553830338,3.770297917356,0.8154663560711775
4.108,44.859974,36.539989,21.909847,46.673664,36.923515,22.141479,1.555438,1.50170894882538,1.74457849624982,0.8154663560711775
1.1692,44.720165,37.766644,23.12565,48.579742,36.674446,22.534721,1.82541,1.7623553830338,3.770297917356,0.4540469081337912
5.4,44.759933,37.080364,22.879847,46.325886,37.092598,22.812387,1.237548,1.19479973242324,1.49599526230479,0.4540469081337912
1.1692,44.720165,37.766644,23.12565,48.579742,36.674446,22.534721,1.82541,1.7623553830338,3.770297917356,0.799280850092969
5.5,44.699978,37.049923,22.97002,46.376072,37.150539,22.73093,1.594533,1.53945350139149,1.6093969416557,0.799280850092969
1.1692,44.720165,37.766644,23.12565,48.579742,36.674446,22.534721,1.82541,1.7623553830338,3.770297917356,0.30678734243112116
5.30,45.350056,36.019573,23.100149,44.32386,37.201443,23.160089,1.42794,1.37861507587297,1.10060055129705,0.30678734243112116
1.1692,44.720165,37.766644,23.12565,48.579742,36.674446,22.534721,1.82541,1.7623553830338,3.770297917356,0.32269479178642535
5.31,45.229973,36.590229,23.069777,43.780373,37.969959,23.060562,1.800791,1.7385867901287,1.49856678092753,0.32269479178642535
1.1692,44.720165,37.766644,23.12565,48.579742,36.674446,22.534721,1.82541,1.7623553830338,3.770297917356,0.2536182232698718
7.113,44.57517149224873,36.95897623838063,23.023442749720434,45.90691825034913,37.77152031503201,23.52961375158339,1.219447,1.17732399010328,1.30608321910391,0.2536182232698718
1.1692,44.720165,37.766644,23.12565,48.579742,36.674446,22.534721,1.82541,1.7623553830338,3.770297917356,0.2669305482318086
7.391,44.489974232848624,35.2820224543286,24.289254737085773,45.90691825034913,37.77121063361816,23.529440807682743,1.628802,1.57253875709907,1.97374457695559,0.2669305482318086
1.1692,44.720165,37.766644,23.12565,48.579742,36.674446,22.534721,1.82541,1.7623553830338,3.770297917356,0.27985101559352754
7.409,45.455625795399975,37.53390571428322,23.29452102077022,43.69756372940281,36.53766737160819,22.597154837595767,1.391807,1.34373020778572,1.70500293459707,0.27985101559352754
1.1693,44.720165,37.766644,23.12565,45.151043,35.480148,23.348991,1.0134,0.978394412853252,1.19385939335222,0.26081772734214925
7.361,44.60351738852064,38.78155571208269,21.746543197241397,44.489974232848624,35.28218457991533,24.28917730304483,1.620184,1.56421844621495,2.70544683885885,0.26081772734214925
1.1697,44.720165,37.766644,23.12565,43.624477,37.621201,22.009541,1.45565,1.40536789724673,1.19965295589464,0.6322165416574862
1.1705,44.720165,37.766644,23.12565,41.036758,36.816265,22.133057,1.68676,1.6284947304365,3.41544089851318,0.6322165416574862
1.1697,44.720165,37.766644,23.12565,43.624477,37.621201,22.009541,1.45565,1.40536789724673,1.19965295589464,0.5373026467350291
1.1719,44.720165,37.766644,23.12565,41.696815,38.757702,22.729319,1.82541,1.7623553830338,2.84900831347832,0.5373026467350291
1.1697,44.720165,37.766644,23.12565,43.624477,37.621201,22.009541,1.45565,1.40536789724673,1.19965295589464,0.5489892276071676
1.1726,44.720165,37.766644,23.12565,41.614643,38.204678,23.429976,1.68676,1.6284947304365,2.86581021342006,0.5489892276071676
1.1697,44.720165,37.766644,23.12565,43.624477,37.621201,22.009541,1.45565,1.40536789724673,1.19965295589464,0.3035022935400059
7.361,44.60351738852064,38.78155571208269,21.746543197241397,44.489974232848624,35.28218457991533,24.28917730304483,1.620184,1.56421844621495,2.70544683885885,0.3035022935400059
1.1697,44.720165,37.766644,23.12565,43.624477,37.621201,22.009541,1.45565,1.40536789724673,1.19965295589464,0.27677471737494275
7.417,45.90691825034913,37.77115311636092,23.52933956192629,43.10777397801501,35.99489637404085,22.457982490321005,2.055393,1.98439414586312,2.72332209281723,0.27677471737494275
1.1699,44.720165,37.766644,23.12565,45.043018000000004,39.622589,22.522366,1.17392,1.13336961627856,1.08585340272686,0.29486582036109243
1.1713,44.720165,37.766644,23.12565,47.835133,38.069309,22.399614,1.68676,1.6284947304365,3.05054135781852,0.29486582036109243
1.1699,44.720165,37.766644,23.12565,45.043018000000004,39.622589,22.522366,1.17392,1.13336961627856,1.08585340272686,0.3624105132360865
7.361,44.60351738852064,38.78155571208269,21.746543197241397,44.489974232848624,35.28218457991533,24.28917730304483,1.620184,1.56421844621495,2.70544683885885,0.3624105132360865
1.1700,44.720165,37.766644,23.12565,43.367249,38.831387,21.785275,1.35877,1.31183439545354,1.67902841734789,0.371840434131226
1.1705,44.720165,37.766644,23.12565,41.036758,36.816265,22.133057,1.68676,1.6284947304365,3.41544089851318,0.371840434131226
1.1703,44.720165,37.766644,23.12565,43.092876,38.027527,22.565903,1.00598,0.971230719796837,1.5681054444156,0.2611037559951681
1.1705,44.720165,37.766644,23.12565,41.036758,36.816265,22.133057,1.68676,1.6284947304365,3.41544089851318,0.2611037559951681
1.1704,44.720165,37.766644,23.12565,43.315536,39.345013,24.183273,1.35877,1.31183439545354,1.45309294742713,0.26922355607101034
1.1726,44.720165,37.766644,23.12565,41.614643,38.204678,23.429976,1.68676,1.6284947304365,2.86581021342006,0.26922355607101034
1.1705,44.720165,37.766644,23.12565,41.036758,36.816265,22.133057,1.68676,1.6284947304365,3.41544089851318,0.2730707628294004
1.1711,44.720165,37.766644,23.12565,43.959206,34.881966,22.462944,1.45007,1.39998064559514,1.35756516042183,0.2730707628294004
1.1705,44.720165,37.766644,23.12565,41.036758,36.816265,22.133057,1.68676,1.6284947304365,3.41544089851318,0.6383779721845624
1.1720,44.720165,37.766644,23.12565,43.00708,36.30534,23.155594,1.55978,1.50590096435785,1.72999649127773,0.6383779721845624
1.1705,44.720165,37.766644,23.12565,41.036758,36.816265,22.133057,1.68676,1.6284947304365,3.41544089851318,0.5775629871045861
1.1728,44.720165,37.766644,23.12565,42.755711,37.479897,22.81263,1.47957,1.42846163550946,1.83169844018474,0.5775629871045861
1.1705,44.720165,37.766644,23.12565,41.036758,36.816265,22.133057,1.68676,1.6284947304365,3.41544089851318,0.2625577166041317
4.12,43.870068,35.629742,21.290045,44.072601,37.127289,22.695574,1.126994,1.0880645677118,0.769554419490261,0.2625577166041317
1.1705,44.720165,37.766644,23.12565,41.036758,36.816265,22.133057,1.68676,1.6284947304365,3.41544089851318,0.6341644539147524
4.77,43.600025,37.299789,22.570135,44.974243,37.176563,22.39678,1.359844,1.31287129657787,1.29024390106441,0.6341644539147524
1.1705,44.720165,37.766644,23.12565,41.036758,36.816265,22.133057,1.68676,1.6284947304365,3.41544089851318,0.46793453993032547
4.106,43.86005,36.959896,22.410271,44.775291,36.950111,22.187439,1.229448,1.18697952841287,0.867505507831591,0.46793453993032547
1.1705,44.720165,37.766644,23.12565,41.036758,36.816265,22.133057,1.68676,1.6284947304365,3.41544089851318,0.368279314690429
4.107,43.990017,37.080006,23.210077,45.608574,36.694283,22.471897,1.341216,1.29488675826859,1.57250682058097,0.368279314690429
1.1705,44.720165,37.766644,23.12565,41.036758,36.816265,22.133057,1.68676,1.6284947304365,3.41544089851318,0.2546608817235159
5.26,43.449951,35.7103,22.719934,44.406105,36.882622,22.633024,1.023357,0.988007471042298,1.0550257041602,0.2546608817235159
1.1705,44.720165,37.766644,23.12565,41.036758,36.816265,22.133057,1.68676,1.6284947304365,3.41544089851318,0.5055284958755756
5.27,43.449951,35.560188,22.639994,44.391842,37.037529,22.73987,1.237548,1.19479973242324,1.08913506367349,0.5055284958755756
1.1705,44.720165,37.766644,23.12565,41.036758,36.816265,22.133057,1.68676,1.6284947304365,3.41544089851318,0.432477748316157
5.31,45.229973,36.590229,23.069777,43.780373,37.969959,23.060562,1.800791,1.7385867901287,1.49856678092753,0.432477748316157
1.1705,44.720165,37.766644,23.12565,41.036758,36.816265,22.133057,1.68676,1.6284947304365,3.41544089851318,0.32353321809022606
5.33,43.899956,37.030128,22.490103,44.417511,36.98003,23.17672,1.102687,1.06459719747969,0.638802995769043,0.32353321809022606
1.1705,44.720165,37.766644,23.12565,41.036758,36.816265,22.133057,1.68676,1.6284947304365,3.41544089851318,0.5863688283224422
5.34,43.759983,37.000278,22.37995,44.56496,37.031937,23.284607,1.340677,1.29436637679185,0.91776648364448,0.5863688283224422
1.1705,44.720165,37.766644,23.12565,41.036758,36.816265,22.133057,1.68676,1.6284947304365,3.41544089851318,0.6946235193314405
5.35,43.370056,37.029957,22.269957,44.965286,36.990047,23.413904,1.800791,1.7385867901287,1.64083021643964,0.6946235193314405
1.1705,44.720165,37.766644,23.12565,41.036758,36.816265,22.133057,1.68676,1.6284947304365,3.41544089851318,0.3127230981006637
5.38,45.259933,37.10017,22.099951,44.173214,37.137138,23.219437,1.308945,1.26373048621689,1.21400281575858,0.3127230981006637
1.1705,44.720165,37.766644,23.12565,41.036758,36.816265,22.133057,1.68676,1.6284947304365,3.41544089851318,0.49850767907503596
5.42,43.86005,36.959896,22.410271,44.775291,36.950111,22.187439,1.26928,1.2254356229982,0.867505507831591,0.49850767907503596
1.1705,44.720165,37.766644,23.12565,41.036758,36.816265,22.133057,1.68676,1.6284947304365,3.41544089851318,0.2796795509062205
6.65,43.11,35.49,22.27,43.99727809141985,36.41270480287401,23.247455175121324,1.02,0.984766430935777,0.961519585938287,0.2796795509062205
1.1705,44.720165,37.766644,23.12565,41.036758,36.816265,22.133057,1.68676,1.6284947304365,3.41544089851318,0.30430296886842845
7.117,44.57517149224873,36.95897623838063,23.023442749720434,43.43360642568766,36.173492413329456,22.566770196731134,1.03416,0.99843730609465,1.10901620179134,0.30430296886842845
1.1705,44.720165,37.766644,23.12565,41.036758,36.816265,22.133057,1.68676,1.6284947304365,3.41544089851318,0.6183333451608275
7.118,44.57517149224873,36.95897623838063,23.023442749720434,43.10777397801501,35.995247030617236,22.45824415660518,1.197902,1.15652321289297,1.41769205273371,0.6183333451608275
1.1705,44.720165,37.766644,23.12565,41.036758,36.816265,22.133057,1.68676,1.6284947304365,3.41544089851318,0.45185662424662687
7.211,44.56098859042097,38.573724315756394,24.555576237150024,43.69756372940281,36.53801632030218,22.59692718339512,1.189284,1.14820290200885,1.28355966155084,0.45185662424662687
1.1705,44.720165,37.766644,23.12565,41.036758,36.816265,22.133057,1.68676,1.6284947304365,3.41544089851318,0.593330720972935
7.353,44.518399976803536,38.519666028744126,21.880905505662586,43.43360642568766,36.17320578683514,22.566793419178723,1.370262,1.32292943057541,1.65164770528742,0.593330720972935
1.1705,44.720165,37.766644,23.12565,41.036758,36.816265,22.133057,1.68676,1.6284947304365,3.41544089851318,0.32001883591599894
7.392,44.489974232848624,35.2820224543286,24.289254737085773,43.10777397801501,35.99495132522856,22.458079114540197,1.37888,1.33124974145953,1.8241554310481,0.32001883591599894
1.1705,44.720165,37.766644,23.12565,41.036758,36.816265,22.133057,1.68676,1.6284947304365,3.41544089851318,0.5143828595170546
7.409,45.455625795399975,37.53390571428322,23.29452102077022,43.69756372940281,36.53766737160819,22.597154837595767,1.391807,1.34373020778572,1.70500293459707,0.5143828595170546
1.1713,44.720165,37.766644,23.12565,47.835133,38.069309,22.399614,1.68676,1.6284947304365,3.05054135781852,0.582009616559621
4.76,45.099937,36.750183,22.469835,46.181698,36.91983,22.239534,1.145622,1.10604910602109,1.05157489929332,0.582009616559621
1.1713,44.720165,37.766644,23.12565,47.835133,38.069309,22.399614,1.68676,1.6284947304365,3.05054135781852,0.41939376310297405
4.77,43.600025,37.299789,22.570135,44.974243,37.176563,22.39678,1.359844,1.31287129657787,1.29024390106441,0.41939376310297405
1.1713,44.720165,37.766644,23.12565,47.835133,38.069309,22.399614,1.68676,1.6284947304365,3.05054135781852,0.3021558149589599
4.106,43.86005,36.959896,22.410271,44.775291,36.950111,22.187439,1.229448,1.18697952841287,0.867505507831591,0.3021558149589599
1.1713,44.720165,37.766644,23.12565,47.835133,38.069309,22.399614,1.68676,1.6284947304365,3.05054135781852,0.29033501282879576
4.107,43.990017,37.080006,23.210077,45.608574,36.694283,22.471897,1.341216,1.29488675826859,1.57250682058097,0.29033501282879576
1.1713,44.720165,37.766644,23.12565,47.835133,38.069309,22.399614,1.68676,1.6284947304365,3.05054135781852,0.4088694192226233
5.3,44.880054,37.119598,22.940094,46.212364,37.041267,22.777866,1.070955,1.03396130690473,1.2749658582207,0.4088694192226233
1.1713,44.720165,37.766644,23.12565,47.835133,38.069309,22.399614,1.68676,1.6284947304365,3.05054135781852,0.455613574284944
5.4,44.759933,37.080364,22.879847,46.325886,37.092598,22.812387,1.237548,1.19479973242324,1.49599526230479,0.455613574284944
1.1713,44.720165,37.766644,23.12565,47.835133,38.069309,22.399614,1.68676,1.6284947304365,3.05054135781852,0.36142645914334137
5.5,44.699978,37.049923,22.97002,46.376072,37.150539,22.73093,1.594533,1.53945350139149,1.6093969416557,0.36142645914334137
1.1713,44.720165,37.766644,23.12565,47.835133,38.069309,22.399614,1.68676,1.6284947304365,3.05054135781852,0.358059907215322
5.30,45.350056,36.019573,23.100149,44.32386,37.201443,23.160089,1.42794,1.37861507587297,1.10060055129705,0.358059907215322
1.1713,44.720165,37.766644,23.12565,47.835133,38.069309,22.399614,1.68676,1.6284947304365,3.05054135781852,0.27874928211226835
5.31,45.229973,36.590229,23.069777,43.780373,37.969959,23.060562,1.800791,1.7385867901287,1.49856678092753,0.27874928211226835
1.1713,44.720165,37.766644,23.12565,47.835133,38.069309,22.399614,1.68676,1.6284947304365,3.05054135781852,0.5278662788648446
5.38,45.259933,37.10017,22.099951,44.173214,37.137138,23.219437,1.308945,1.26373048621689,1.21400281575858,0.5278662788648446
1.1713,44.720165,37.766644,23.12565,47.835133,38.069309,22.399614,1.68676,1.6284947304365,3.05054135781852,0.3218975757947793
5.42,43.86005,36.959896,22.410271,44.775291,36.950111,22.187439,1.26928,1.2254356229982,0.867505507831591,0.3218975757947793
1.1713,44.720165,37.766644,23.12565,47.835133,38.069309,22.399614,1.68676,1.6284947304365,3.05054135781852,0.31132716394701637
7.112,44.57517149224873,36.95897623838063,23.023442749720434,45.67525911468617,37.772985385557675,23.457170351200073,1.029851,0.99427715065259,1.08944222284532,0.31132716394701637
1.1713,44.720165,37.766644,23.12565,47.835133,38.069309,22.399614,1.68676,1.6284947304365,3.05054135781852,0.5606476162518788
7.113,44.57517149224873,36.95897623838063,23.023442749720434,45.90691825034913,37.77152031503201,23.52961375158339,1.219447,1.17732399010328,1.30608321910391,0.5606476162518788
1.1713,44.720165,37.766644,23.12565,47.835133,38.069309,22.399614,1.68676,1.6284947304365,3.05054135781852,0.3500933775414288
7.382,44.34744313390436,36.02371776774294,23.780033708416347,45.455625795399975,37.53417018065136,23.294493932593664,1.167739,1.12740212479854,1.36831160428229,0.3500933775414288
1.1719,44.720165,37.766644,23.12565,41.696815,38.757702,22.729319,1.82541,1.7623553830338,2.84900831347832,0.37087964876825946
4.77,43.600025,37.299789,22.570135,44.974243,37.176563,22.39678,1.359844,1.31287129657787,1.29024390106441,0.37087964876825946
1.1719,44.720165,37.766644,23.12565,41.696815,38.757702,22.729319,1.82541,1.7623553830338,2.84900831347832,0.32251465165002485
4.106,43.86005,36.959896,22.410271,44.775291,36.950111,22.187439,1.229448,1.18697952841287,0.867505507831591,0.32251465165002485
1.1719,44.720165,37.766644,23.12565,41.696815,38.757702,22.729319,1.82541,1.7623553830338,2.84900831347832,0.32568717179773554
5.30,45.350056,36.019573,23.100149,44.32386,37.201443,23.160089,1.42794,1.37861507587297,1.10060055129705,0.32568717179773554
1.1719,44.720165,37.766644,23.12565,41.696815,38.757702,22.729319,1.82541,1.7623553830338,2.84900831347832,0.47995465852767694
5.34,43.759983,37.000278,22.37995,44.56496,37.031937,23.284607,1.340677,1.29436637679185,0.91776648364448,0.47995465852767694
1.1719,44.720165,37.766644,23.12565,41.696815,38.757702,22.729319,1.82541,1.7623553830338,2.84900831347832,0.2608535598869962
5.38,45.259933,37.10017,22.099951,44.173214,37.137138,23.219437,1.308945,1.26373048621689,1.21400281575858,0.2608535598869962
1.1719,44.720165,37.766644,23.12565,41.696815,38.757702,22.729319,1.82541,1.7623553830338,2.84900831347832,0.3718429760845418
5.42,43.86005,36.959896,22.410271,44.775291,36.950111,22.187439,1.26928,1.2254356229982,0.867505507831591,0.3718429760845418
1.1726,44.720165,37.766644,23.12565,41.614643,38.204678,23.429976,1.68676,1.6284947304365,2.86581021342006,0.47433494037408197
4.77,43.600025,37.299789,22.570135,44.974243,37.176563,22.39678,1.359844,1.31287129657787,1.29024390106441,0.47433494037408197
1.1726,44.720165,37.766644,23.12565,41.614643,38.204678,23.429976,1.68676,1.6284947304365,2.86581021342006,0.49646071803161035
4.106,43.86005,36.959896,22.410271,44.775291,36.950111,22.187439,1.229448,1.18697952841287,0.867505507831591,0.49646071803161035
1.1726,44.720165,37.766644,23.12565,41.614643,38.204678,23.429976,1.68676,1.6284947304365,2.86581021342006,0.26513852780800173
5.27,43.449951,35.560188,22.639994,44.391842,37.037529,22.73987,1.237548,1.19479973242324,1.08913506367349,0.26513852780800173
1.1726,44.720165,37.766644,23.12565,41.614643,38.204678,23.429976,1.68676,1.6284947304365,2.86581021342006,0.41974733342478665
5.29,44.330009,37.199749,23.160069,43.78183,37.969376,23.073114,1.070955,1.03396130690473,0.634188057383681,0.41974733342478665
1.1726,44.720165,37.766644,23.12565,41.614643,38.204678,23.429976,1.68676,1.6284947304365,2.86581021342006,0.43934014276001565
5.30,45.350056,36.019573,23.100149,44.32386,37.201443,23.160089,1.42794,1.37861507587297,1.10060055129705,0.43934014276001565
1.1726,44.720165,37.766644,23.12565,41.614643,38.204678,23.429976,1.68676,1.6284947304365,2.86581021342006,0.36536606477189926
5.33,43.899956,37.030128,22.490103,44.417511,36.98003,23.17672,1.102687,1.06459719747969,0.638802995769043,0.36536606477189926
1.1726,44.720165,37.766644,23.12565,41.614643,38.204678,23.429976,1.68676,1.6284947304365,2.86581021342006,0.6094854967617067
5.34,43.759983,37.000278,22.37995,44.56496,37.031937,23.284607,1.340677,1.29436637679185,0.91776648364448,0.6094854967617067
1.1726,44.720165,37.766644,23.12565,41.614643,38.204678,23.429976,1.68676,1.6284947304365,2.86581021342006,0.41264828029646744
5.38,45.259933,37.10017,22.099951,44.173214,37.137138,23.219437,1.308945,1.26373048621689,1.21400281575858,0.41264828029646744
1.1726,44.720165,37.766644,23.12565,41.614643,38.204678,23.429976,1.68676,1.6284947304365,2.86581021342006,0.528897653793017
5.42,43.86005,36.959896,22.410271,44.775291,36.950111,22.187439,1.26928,1.2254356229982,0.867505507831591,0.528897653793017
1.1726,44.720165,37.766644,23.12565,41.614643,38.204678,23.429976,1.68676,1.6284947304365,2.86581021342006,0.2779266902165601
7.211,44.56098859042097,38.573724315756394,24.555576237150024,43.69756372940281,36.53801632030218,22.59692718339512,1.189284,1.14820290200885,1.28355966155084,0.2779266902165601
1.1734,44.720165,37.766644,23.12565,42.057941,36.92165,25.099762,1.68676,1.6284947304365,2.83060569225389,0.2803538775028545
4.77,43.600025,37.299789,22.570135,44.974243,37.176563,22.39678,1.359844,1.31287129657787,1.29024390106441,0.2803538775028545
1.1734,44.720165,37.766644,23.12565,42.057941,36.92165,25.099762,1.68676,1.6284947304365,2.83060569225389,0.3142249828397112
4.106,43.86005,36.959896,22.410271,44.775291,36.950111,22.187439,1.229448,1.18697952841287,0.867505507831591,0.3142249828397112
1.1734,44.720165,37.766644,23.12565,42.057941,36.92165,25.099762,1.68676,1.6284947304365,2.83060569225389,0.2543085581031822
5.14,44.470062,37.049984,21.120243,44.441589,37.090839,23.134239,1.285146,1.24075356828568,1.18231127804555,0.2543085581031822
1.1734,44.720165,37.766644,23.12565,42.057941,36.92165,25.099762,1.68676,1.6284947304365,2.83060569225389,0.3116551926878639
5.27,43.449951,35.560188,22.639994,44.391842,37.037529,22.73987,1.237548,1.19479973242324,1.08913506367349,0.3116551926878639
1.1734,44.720165,37.766644,23.12565,42.057941,36.92165,25.099762,1.68676,1.6284947304365,2.83060569225389,0.291594232099939
5.29,44.330009,37.199749,23.160069,43.78183,37.969376,23.073114,1.070955,1.03396130690473,0.634188057383681,0.291594232099939
1.1734,44.720165,37.766644,23.12565,42.057941,36.92165,25.099762,1.68676,1.6284947304365,2.83060569225389,0.37248525400472
5.34,43.759983,37.000278,22.37995,44.56496,37.031937,23.284607,1.340677,1.29436637679185,0.91776648364448,0.37248525400472
1.1734,44.720165,37.766644,23.12565,42.057941,36.92165,25.099762,1.68676,1.6284947304365,2.83060569225389,0.3678628133685255
5.38,45.259933,37.10017,22.099951,44.173214,37.137138,23.219437,1.308945,1.26373048621689,1.21400281575858,0.3678628133685255
1.1734,44.720165,37.766644,23.12565,42.057941,36.92165,25.099762,1.68676,1.6284947304365,2.83060569225389,0.33475529916244556
5.42,43.86005,36.959896,22.410271,44.775291,36.950111,22.187439,1.26928,1.2254356229982,0.867505507831591,0.33475529916244556
1.1813,44.730747,37.294174,23.309671,45.414268,37.658691,23.715281,0.842586,0.813480792133777,0.678541454913634,0.3330635588216097
7.351,44.518399976803536,38.519666028744126,21.880905505662586,44.518399976803536,35.472383338272905,24.026531908961612,1.409043,1.36037082955396,2.31925786195933,0.3330635588216097
1.1928,56.386917,-31.219675,0.611009,56.486076,-30.200165,0.980285,0.758947,0.732730910254329,0.516959814456411,0.43372406008481074
7.227,56.13782038190075,-33.58755338003938,0.6850252091039621,56.13782038190075,-28.591036933536095,0.059207860898990994,1.193593,1.15236305745091,2.15918551635632,0.43372406008481074
1.1928,56.386917,-31.219675,0.611009,56.486076,-30.200165,0.980285,0.758947,0.732730910254329,0.516959814456411,0.2660723283600418
7.247,56.15781146519707,-34.1114668264737,0.8295323992704606,56.05774503329822,-28.00815605770879,-0.19917430804949898,1.2927,1.24804663261831,2.68084625062854,0.2660723283600418
1.1938,56.386917,-31.219675,0.611009,56.177792,-31.891094,0.066793,0.803404,0.77565224478385,0.503835962847121,0.40447150059064807
7.227,56.13782038190075,-33.58755338003938,0.6850252091039621,56.13782038190075,-28.591036933536095,0.059207860898990994,1.193593,1.15236305745091,2.15918551635632,0.40447150059064807
1.1941,56.386917,-31.219675,0.611009,56.65403,-31.816826,-0.177701,0.97032,0.936802513005494,0.639131269131954,0.2985218483358605
7.227,56.13782038190075,-33.58755338003938,0.6850252091039621,56.13782038190075,-28.591036933536095,0.059207860898990994,1.193593,1.15236305745091,2.15918551635632,0.2985218483358605
1.1948,56.386917,-31.219675,0.611009,55.977489,-32.265121,0.636874,0.758947,0.732730910254329,0.58019340836477,0.34589240010884037
7.227,56.13782038190075,-33.58755338003938,0.6850252091039621,56.13782038190075,-28.591036933536095,0.059207860898990994,1.193593,1.15236305745091,2.15918551635632,0.34589240010884037
1.1960,56.386917,-31.219675,0.611009,56.703278,-30.134964,0.550736,0.59676,0.576146289534544,0.550432341692863,0.27567804864632717
7.227,56.13782038190075,-33.58755338003938,0.6850252091039621,56.13782038190075,-28.591036933536095,0.059207860898990994,1.193593,1.15236305745091,2.15918551635632,0.27567804864632717
1.1977,56.386917,-31.219675,0.611009,56.257603,-30.304417,-0.298011,0.758947,0.732730910254329,0.738311852389561,0.29318614973215434
7.247,56.15781146519707,-34.1114668264737,0.8295323992704606,56.05774503329822,-28.00815605770879,-0.19917430804949898,1.2927,1.24804663261831,2.68084625062854,0.29318614973215434
3.2,44.556732,-31.310787,-32.778877,49.093384,-32.89156,-37.24086,3.3096,3.19527743120103,4.7046156508872,0.39069330584447726
3.11,44.556732,-31.310787,-32.778877,46.983669,-33.135971,-37.338257,2.68277,2.59009984109958,2.85778498682944,0.39069330584447726
3.2,44.556732,-31.310787,-32.778877,49.093384,-32.89156,-37.24086,3.3096,3.19527743120103,4.7046156508872,0.2844522862342746
3.14,44.556732,-31.310787,-32.778877,50.701244,-31.401667,-35.834354,3.45645,3.33705483353722,6.16255455098425,0.2844522862342746
3.6,44.556732,-31.310787,-32.778877,43.741329,-30.462017,-37.943958,1.81564,1.75292286535709,2.3066712979698,0.4677611026844346
3.15,44.556732,-31.310787,-32.778877,41.379356,-28.858633,-38.752048,2.02924,1.95914454148247,4.08980453109801,0.4677611026844346
3.13,44.556732,-31.310787,-32.778877,46.817978,-31.787159,-33.695721,1.25493,1.21158131095513,2.19217398731256,0.6359410718860232
3.26,44.556732,-31.310787,-32.778877,45.029755,-31.304766,-33.686054,1.15639,1.11644515006845,0.579839051658129,0.6359410718860232
3.14,44.556732,-31.310787,-32.778877,50.701244,-31.401667,-35.834354,3.45645,3.33705483353722,6.16255455098425,0.3121014205881753
3.29,44.556732,-31.310787,-32.778877,47.821083,-32.323616,-35.424484,2.90655,2.80614987238861,3.29653691478076,0.3121014205881753
3.20,44.556732,-31.310787,-32.778877,42.054081,-29.020147,-38.65707,2.51558,2.42868503758179,3.62081496641725,0.5650990575333535
3.30,44.556732,-31.310787,-32.778877,39.575417,-27.711655,-38.417461,2.60585,2.5158368667196,5.47809112471121,0.5650990575333535
3.127,47.858109,-38.116409,-21.61812,45.170517,-34.077999,-29.504404,5.81564,5.61475200628171,5.35240116453429,0.36585100607381194
3.129,47.858109,-38.116409,-21.61812,43.1866,-33.936687,-30.632812,5.94749,5.74204754933944,6.83267691188316,0.36585100607381194
3.132,47.858109,-38.116409,-21.61812,52.597481,-33.751492,-27.481869,6.4049,6.18365736617702,6.16260572172613,0.47272757603482085
3.133,47.858109,-38.116409,-21.61812,49.960976,-34.471241,-27.454325,5.91715,5.71275557530553,4.25701199241142,0.47272757603482085
3.155,29.404896,8.760221,-38.928978,27.449245,7.645107,-38.960178,1.473,1.42211858114549,1.69886358678036,0.3912626924626072
3.173,29.404896,8.760221,-38.928978,29.329056,8.896725,-39.394382,1.88769,1.822484062758,0.164077007070288,0.3912626924626072
3.173,29.404896,8.760221,-38.928978,29.329056,8.896725,-39.394382,1.88769,1.822484062758,0.164077007070288,0.41968746645179883
3.177,29.404896,8.760221,-38.928978,28.247526,8.651392,-41.9328,1.71706,1.65774808617901,1.77030462779733,0.41968746645179883
3.212,31.967999,8.018895,30.25559,30.39275,15.84525,27.081135,4.43865,4.28532697909126,6.94994660490742,0.624137280555542
3.213,31.967999,8.018895,30.25559,30.669104,14.281133,28.919001,4.35474,4.20431545828752,5.23446359004943,0.624137280555542
3.263,39.193775,-23.298607,-22.621935,37.62981,-21.147163,-25.369637,4.97342,4.80162457151433,2.40942403708668,0.46449940704759185
3.266,39.193775,-23.298607,-22.621935,36.2677,-20.231119,-27.463577,5.27464,5.09243961497166,4.04037757885001,0.46449940704759185
3.271,42.509014,-36.088692,28.069487,40.486897,-36.406399,20.288202,3.71771,3.58929020387671,4.15933737557191,0.4395057989764052
3.272,42.509014,-36.088692,28.069487,38.131622,-37.655788,18.659786,3.84563,3.71279149980348,6.13891353470769,0.4395057989764052
3.297,51.274021,4.979618,-43.476879,49.487617,6.808735,-43.856709,1.62047,1.56449456699853,2.12507175830057,0.2915735643150024
3.298,51.274021,4.979618,-43.476879,47.614758,4.835011,-43.035583,2.01144,1.94195940180535,3.6568927355303,0.2915735643150024
3.297,51.274021,4.979618,-43.476879,49.487617,6.808735,-43.856709,1.62047,1.56449456699853,2.12507175830057,0.575705274256412
3.311,51.274021,4.979618,-43.476879,47.599327,6.004631,-43.850941,1.75715,1.69645326874392,3.71777005692401,0.575705274256412
3.298,51.274021,4.979618,-43.476879,47.614758,4.835011,-43.035583,2.01144,1.94195940180535,3.6568927355303,0.27090785672958834
3.306,51.274021,4.979618,-43.476879,50.26215,3.585742,-44.933136,2.10553,2.03279927777275,1.81704204602289,0.27090785672958834
3.300,51.274021,4.979618,-43.476879,49.837574,6.735552,-45.821995,1.61856,1.56265054358374,1.54096197080297,0.25859491695418424
3.304,51.274021,4.979618,-43.476879,48.669441,7.044069,-43.54488,1.7794,1.71793469334032,2.97421402640258,0.25859491695418424
3.300,51.274021,4.979618,-43.476879,49.837574,6.735552,-45.821995,1.61856,1.56265054358374,1.54096197080297,0.4652865508593407
3.311,51.274021,4.979618,-43.476879,47.599327,6.004631,-43.850941,1.75715,1.69645326874392,3.71777005692401,0.4652865508593407
3.314,51.274021,4.979618,-43.476879,50.763168,-2.78625,-41.302952,3.17737,3.06761501437491,4.77143467647703,0.32046553658110233
3.323,51.274021,4.979618,-43.476879,50.183846,-4.953394,-40.920509,3.32613,3.2112364401259,6.21992662682829,0.32046553658110233
3.407,61.055126,-45.734715,42.335033,57.96484,-41.877796,40.662785,1.528,1.4752187318332,3.00679651380053,0.5690880629638859
3.410,61.055126,-45.734715,42.335033,60.127399,-43.665443,41.178658,1.48838,1.43696731419235,1.04653925516803,0.5690880629638859
3.407,61.055126,-45.734715,42.335033,57.96484,-41.877796,40.662785,1.528,1.4752187318332,3.00679651380053,0.4152876773469548
3.434,61.055126,-45.734715,42.335033,60.569229,-41.537636,40.97982,1.48533,1.43402266947239,1.43819729227129,0.4152876773469548
3.442,40.730438,-44.325455,36.707211,42.806908,-42.821793,36.116009,1.78703,1.72530113242663,1.93656804240079,0.5519421952207808
3.455,40.730438,-44.325455,36.707211,40.8466,-44.562592,36.565002,1.43039,1.38098044622179,0.159634742155801,0.5519421952207808
3.446,40.730438,-44.325455,36.707211,42.736111,-43.461781,38.655361,1.88938,1.82411568557004,2.04125120006139,0.3862987773518743
3.455,40.730438,-44.325455,36.707211,40.8466,-44.562592,36.565002,1.43039,1.38098044622179,0.159634742155801,0.3862987773518743
3.468,66.627518,-1.538718,3.45059,67.116165,-0.845155,2.434649,1.88997,1.82468530536832,1.32596845681528,0.5642562098282968
3.486,66.627518,-1.538718,3.45059,65.99086,0.428235,0.125481,1.71328,1.65409865764083,4.17660785982174,0.5642562098282968
3.470,66.627518,-1.538718,3.45059,66.167717,-3.153082,3.696544,2.57453,2.48559874454616,2.11373025036933,0.459301237236168
3.475,66.627518,-1.538718,3.45059,67.064919,-1.275448,3.165702,2.16585,2.0910356612179,0.547559195488068,0.459301237236168
3.480,66.627518,-1.538718,3.45059,66.765228,-0.889762,2.203487,2.64444,2.55309386335667,1.37950885757285,0.3850908158164245
3.487,66.627518,-1.538718,3.45059,66.166168,0.258545,0.387836,3.27642,3.16324355847706,3.77819138400037,0.3850908158164245
3.521,38.298019,0.294544,0.205786,35.063156,0.147781,-0.635292,4.20323,4.05803902500214,2.85201355410673,0.376027189423609
3.525,38.298019,0.294544,0.205786,34.632511,-1.360838,-1.782767,4.5914,4.43280057941032,4.33563532684716,0.376027189423609
3.525,38.298019,0.294544,0.205786,34.632511,-1.360838,-1.782767,4.5914,4.43280057941032,4.33563532684716,0.4739074266863178
3.528,38.298019,0.294544,0.205786,36.009312,-0.178491,-1.611046,4.07527,3.93449911078397,2.71169717750239,0.4739074266863178
3.525,38.298019,0.294544,0.205786,34.632511,-1.360838,-1.782767,4.5914,4.43280057941032,4.33563532684716,0.31929963425489616
3.529,38.298019,0.294544,0.205786,36.288639,0.316602,-2.196318,4.94946,4.77849221496019,2.86047912695238,0.31929963425489616
3.530,38.298019,0.294544,0.205786,35.208408,-0.800012,-3.895722,6.70968,6.47790943756977,4.85517199135719,0.26628012829460307
3.540,38.298019,0.294544,0.205786,32.400509,-0.896283,-3.752385,6.52366,6.29831507337107,6.3305982043416,0.26628012829460307
3.532,38.298019,0.294544,0.205786,31.416723,0.689391,-4.383622,5.52473,5.33389082743511,7.05351569624777,0.3357520229592734
3.542,38.298019,0.294544,0.205786,33.838768,0.043181,-2.257201,5.90215,5.69827371602706,4.4200684917688,0.3357520229592734
3.540,38.298019,0.294544,0.205786,32.400509,-0.896283,-3.752385,6.52366,6.29831507337107,6.3305982043416,0.3915553151779075
3.542,38.298019,0.294544,0.205786,33.838768,0.043181,-2.257201,5.90215,5.69827371602706,4.4200684917688,0.3915553151779075
4.12,43.870068,35.629742,21.290045,44.072601,37.127289,22.695574,1.126994,1.0880645677118,0.769554419490261,0.3240422543755583
7.351,44.518399976803536,38.519666028744126,21.880905505662586,44.518399976803536,35.472383338272905,24.026531908961612,1.409043,1.36037082955396,2.31925786195933,0.3240422543755583
4.12,43.870068,35.629742,21.290045,44.072601,37.127289,22.695574,1.126994,1.0880645677118,0.769554419490261,0.30563994268456296
7.361,44.60351738852064,38.78155571208269,21.746543197241397,44.489974232848624,35.28218457991533,24.28917730304483,1.620184,1.56421844621495,2.70544683885885,0.30563994268456296
4.41,55.469971,-32.089752,-0.060098,55.612289,-29.953671,0.424135,0.83826,0.809304223917867,0.977009900456795,0.45248861243878225
7.247,56.15781146519707,-34.1114668264737,0.8295323992704606,56.05774503329822,-28.00815605770879,-0.19917430804949898,1.2927,1.24804663261831,2.68084625062854,0.45248861243878225
4.45,55.469971,-30.449732,0.209887,55.531033,-32.926296,0.238492,0.875516,0.845273300536439,1.03963541053434,0.4418985358542337
7.247,56.15781146519707,-34.1114668264737,0.8295323992704606,56.05774503329822,-28.00815605770879,-0.19917430804949898,1.2927,1.24804663261831,2.68084625062854,0.4418985358542337
4.76,45.099937,36.750183,22.469835,46.181698,36.91983,22.239534,1.145622,1.10604910602109,1.05157489929332,0.3259470210215398
7.361,44.60351738852064,38.78155571208269,21.746543197241397,44.489974232848624,35.28218457991533,24.28917730304483,1.620184,1.56421844621495,2.70544683885885,0.3259470210215398
4.103,60.460007,-0.239831,0.050053,63.133312,-0.252147,-0.026832,1.76966,1.70853113938216,2.29512472278671,0.403433144252609
7.53,62.650880690858955,0.13654519266420584,0.058882039320318214,63.26843012799614,0.12840079281817296,-0.13780099423930103,1.180666,1.13988259112473,0.557323554866912,0.403433144252609
4.103,60.460007,-0.239831,0.050053,63.133312,-0.252147,-0.026832,1.76966,1.70853113938216,2.29512472278671,0.5028979856438768
7.54,62.650880690858955,0.13654519266420584,0.058882039320318214,63.5160681944692,0.10352450549339087,0.08620181826528572,1.572785,1.51845673635228,0.731850287746402,0.5028979856438768
4.103,60.460007,-0.239831,0.050053,63.133312,-0.252147,-0.026832,1.76966,1.70853113938216,2.29512472278671,0.602698510258152
7.59,62.650880690858955,0.13654519266420584,0.058882039320318214,62.02347818323405,0.10704106282710679,0.2009869779234119,1.258228,1.21476538908182,0.554627507332884,0.602698510258152
4.103,60.460007,-0.239831,0.050053,63.133312,-0.252147,-0.026832,1.76966,1.70853113938216,2.29512472278671,0.4367884791773376
7.60,62.650880690858955,0.13654519266420584,0.058882039320318214,61.68871986942695,0.1668234227281129,-0.006548671054829036,1.615875,1.56005829077289,0.825226605499617,0.4367884791773376
4.103,60.460007,-0.239831,0.050053,63.133312,-0.252147,-0.026832,1.76966,1.70853113938216,2.29512472278671,0.4839916782826666
7.402,63.16063819673245,0.14105062760799703,0.13801795485133272,62.262057519931304,0.16800188416005168,-0.006586186807155947,1.503841,1.4518942492793,0.776144543590609,0.4839916782826666
4.106,43.86005,36.959896,22.410271,44.775291,36.950111,22.187439,1.229448,1.18697952841287,0.867505507831591,0.3073479706135999
7.351,44.518399976803536,38.519666028744126,21.880905505662586,44.518399976803536,35.472383338272905,24.026531908961612,1.409043,1.36037082955396,2.31925786195933,0.3073479706135999
4.106,43.86005,36.959896,22.410271,44.775291,36.950111,22.187439,1.229448,1.18697952841287,0.867505507831591,0.5243765619795658
7.361,44.60351738852064,38.78155571208269,21.746543197241397,44.489974232848624,35.28218457991533,24.28917730304483,1.620184,1.56421844621495,2.70544683885885,0.5243765619795658
4.143,47.429981,-0.299898,0.120069,49.905563,-0.318253,-0.006174,1.81623,1.75349248515538,2.46487616611888,0.357607313693523
4.181,49.679951,-0.899978,0.50999,50.158894,-0.464924,1.024953,1.378472,1.33085583488716,0.938682575018774,0.357607313693523
4.143,47.429981,-0.299898,0.120069,49.905563,-0.318253,-0.006174,1.81623,1.75349248515538,2.46487616611888,0.29283692287089014
4.199,49.709969,-0.040116,0.359962,50.330692,-0.45928,0.893318,1.434356,1.38480944981502,1.01281069672646,0.29283692287089014
5.7,44.330009,36.469742,22.610123,44.572052,37.892254,22.571035,0.753635,0.727602401155181,0.689281056719032,0.28493960889872005
7.351,44.518399976803536,38.519666028744126,21.880905505662586,44.518399976803536,35.472383338272905,24.026531908961612,1.409043,1.36037082955396,2.31925786195933,0.28493960889872005
5.8,44.419933,36.18005,22.549789,44.476891,38.165051,22.633118,0.936094,0.903758771961172,0.866811219141489,0.3084913272503388
7.351,44.518399976803536,38.519666028744126,21.880905505662586,44.518399976803536,35.472383338272905,24.026531908961612,1.409043,1.36037082955396,2.31925786195933,0.3084913272503388
5.8,44.419933,36.18005,22.549789,44.476891,38.165051,22.633118,0.936094,0.903758771961172,0.866811219141489,0.3019878140642384
7.361,44.60351738852064,38.78155571208269,21.746543197241397,44.489974232848624,35.28218457991533,24.28917730304483,1.620184,1.56421844621495,2.70544683885885,0.3019878140642384
5.9,44.510017,36.00988,22.309853,44.396122,38.320248,22.87945,1.070955,1.03396130690473,0.908276829574393,0.29531455655535677
7.351,44.518399976803536,38.519666028744126,21.880905505662586,44.518399976803536,35.472383338272905,24.026531908961612,1.409043,1.36037082955396,2.31925786195933,0.29531455655535677
5.9,44.510017,36.00988,22.309853,44.396122,38.320248,22.87945,1.070955,1.03396130690473,0.908276829574393,0.5082253919517351
7.361,44.60351738852064,38.78155571208269,21.746543197241397,44.489974232848624,35.28218457991533,24.28917730304483,1.620184,1.56421844621495,2.70544683885885,0.5082253919517351
5.10,44.489975,35.940083,22.349972,44.418793,38.393051,22.841824,1.308945,1.26373048621689,0.978364339257622,0.7083016799325157
7.361,44.60351738852064,38.78155571208269,21.746543197241397,44.489974232848624,35.28218457991533,24.28917730304483,1.620184,1.56421844621495,2.70544683885885,0.7083016799325157
5.13,44.440022,37.059891,21.320107,44.468494,37.088528,22.914507,1.047156,1.01098438897351,0.93706972375273,0.40164155029373
7.361,44.60351738852064,38.78155571208269,21.746543197241397,44.489974232848624,35.28218457991533,24.28917730304483,1.620184,1.56421844621495,2.70544683885885,0.40164155029373
5.14,44.470062,37.049984,21.120243,44.441589,37.090839,23.134239,1.285146,1.24075356828568,1.18231127804555,0.39507902158276226
7.361,44.60351738852064,38.78155571208269,21.746543197241397,44.489974232848624,35.28218457991533,24.28917730304483,1.620184,1.56421844621495,2.70544683885885,0.39507902158276226
5.22,44.449993,37.710121,21.169832,44.435749,36.423412,22.37541,1.158218,1.11821000598586,1.12715683194151,0.4211249810083776
7.361,44.60351738852064,38.78155571208269,21.746543197241397,44.489974232848624,35.28218457991533,24.28917730304483,1.620184,1.56421844621495,2.70544683885885,0.4211249810083776
5.26,43.449951,35.7103,22.719934,44.406105,36.882622,22.633024,1.023357,0.988007471042298,1.0550257041602,0.31842512244308396
7.361,44.60351738852064,38.78155571208269,21.746543197241397,44.489974232848624,35.28218457991533,24.28917730304483,1.620184,1.56421844621495,2.70544683885885,0.31842512244308396
5.27,43.449951,35.560188,22.639994,44.391842,37.037529,22.73987,1.237548,1.19479973242324,1.08913506367349,0.49336963135549367
7.361,44.60351738852064,38.78155571208269,21.746543197241397,44.489974232848624,35.28218457991533,24.28917730304483,1.620184,1.56421844621495,2.70544683885885,0.49336963135549367
5.29,44.330009,37.199749,23.160069,43.78183,37.969376,23.073114,1.070955,1.03396130690473,0.634188057383681,0.6555552884400541
7.351,44.518399976803536,38.519666028744126,21.880905505662586,44.518399976803536,35.472383338272905,24.026531908961612,1.409043,1.36037082955396,2.31925786195933,0.6555552884400541
5.29,44.330009,37.199749,23.160069,43.78183,37.969376,23.073114,1.070955,1.03396130690473,0.634188057383681,0.49580250876175863
7.361,44.60351738852064,38.78155571208269,21.746543197241397,44.489974232848624,35.28218457991533,24.28917730304483,1.620184,1.56421844621495,2.70544683885885,0.49580250876175863
5.30,45.350056,36.019573,23.100149,44.32386,37.201443,23.160089,1.42794,1.37861507587297,1.10060055129705,0.5465659214756898
7.361,44.60351738852064,38.78155571208269,21.746543197241397,44.489974232848624,35.28218457991533,24.28917730304483,1.620184,1.56421844621495,2.70544683885885,0.5465659214756898
5.30,45.350056,36.019573,23.100149,44.32386,37.201443,23.160089,1.42794,1.37861507587297,1.10060055129705,0.2848259362520865
7.417,45.90691825034913,37.77115311636092,23.52933956192629,43.10777397801501,35.99489637404085,22.457982490321005,2.055393,1.98439414586312,2.72332209281723,0.2848259362520865
5.32,43.95993,37.0205,22.63007,44.376717,37.008488,23.037443,0.936094,0.903758771961172,0.459220089571616,0.645804814916406
7.351,44.518399976803536,38.519666028744126,21.880905505662586,44.518399976803536,35.472383338272905,24.026531908961612,1.409043,1.36037082955396,2.31925786195933,0.645804814916406
5.32,43.95993,37.0205,22.63007,44.376717,37.008488,23.037443,0.936094,0.903758771961172,0.459220089571616,0.2587507459280726
7.361,44.60351738852064,38.78155571208269,21.746543197241397,44.489974232848624,35.28218457991533,24.28917730304483,1.620184,1.56421844621495,2.70544683885885,0.2587507459280726
5.33,43.899956,37.030128,22.490103,44.417511,36.98003,23.17672,1.102687,1.06459719747969,0.638802995769043,0.6737281126234762
7.351,44.518399976803536,38.519666028744126,21.880905505662586,44.518399976803536,35.472383338272905,24.026531908961612,1.409043,1.36037082955396,2.31925786195933,0.6737281126234762
5.33,43.899956,37.030128,22.490103,44.417511,36.98003,23.17672,1.102687,1.06459719747969,0.638802995769043,0.5413300934270868
7.361,44.60351738852064,38.78155571208269,21.746543197241397,44.489974232848624,35.28218457991533,24.28917730304483,1.620184,1.56421844621495,2.70544683885885,0.5413300934270868
5.33,43.899956,37.030128,22.490103,44.417511,36.98003,23.17672,1.102687,1.06459719747969,0.638802995769043,0.28443246021628404
7.413,45.67525911468617,37.772741228500664,23.45706086477872,43.43360642568766,36.17325707994268,22.566664899868705,1.732218,1.67238248770854,2.19823030545429,0.28443246021628404
5.34,43.759983,37.000278,22.37995,44.56496,37.031937,23.284607,1.340677,1.29436637679185,0.91776648364448,0.2787427210598397
7.351,44.518399976803536,38.519666028744126,21.880905505662586,44.518399976803536,35.472383338272905,24.026531908961612,1.409043,1.36037082955396,2.31925786195933,0.2787427210598397
5.34,43.759983,37.000278,22.37995,44.56496,37.031937,23.284607,1.340677,1.29436637679185,0.91776648364448,0.6680508010933965
7.361,44.60351738852064,38.78155571208269,21.746543197241397,44.489974232848624,35.28218457991533,24.28917730304483,1.620184,1.56421844621495,2.70544683885885,0.6680508010933965
5.34,43.759983,37.000278,22.37995,44.56496,37.031937,23.284607,1.340677,1.29436637679185,0.91776648364448,0.26565362025230793
7.417,45.90691825034913,37.77115311636092,23.52933956192629,43.10777397801501,35.99489637404085,22.457982490321005,2.055393,1.98439414586312,2.72332209281723,0.26565362025230793
5.37,45.219978,37.020203,22.339933,44.218014,37.151577,23.296185,1.023357,0.988007471042298,1.0849785346728,0.2949574355976551
7.361,44.60351738852064,38.78155571208269,21.746543197241397,44.489974232848624,35.28218457991533,24.28917730304483,1.620184,1.56421844621495,2.70544683885885,0.2949574355976551
5.38,45.259933,37.10017,22.099951,44.173214,37.137138,23.219437,1.308945,1.26373048621689,1.21400281575858,0.354279873035274
7.361,44.60351738852064,38.78155571208269,21.746543197241397,44.489974232848624,35.28218457991533,24.28917730304483,1.620184,1.56421844621495,2.70544683885885,0.354279873035274
5.42,43.86005,36.959896,22.410271,44.775291,36.950111,22.187439,1.26928,1.2254356229982,0.867505507831591,0.3073479706135999
7.351,44.518399976803536,38.519666028744126,21.880905505662586,44.518399976803536,35.472383338272905,24.026531908961612,1.409043,1.36037082955396,2.31925786195933,0.3073479706135999
5.42,43.86005,36.959896,22.410271,44.775291,36.950111,22.187439,1.26928,1.2254356229982,0.867505507831591,0.5464591312302607
7.361,44.60351738852064,38.78155571208269,21.746543197241397,44.489974232848624,35.28218457991533,24.28917730304483,1.620184,1.56421844621495,2.70544683885885,0.5464591312302607
7.35,62.650880690858955,0.13654519266420584,0.058882039320318214,62.692913020733926,-0.02540492486702295,1.846323252520654,1.960595,1.89287072613778,1.73571318545503,0.29715144528605897
7.358,62.701314100441266,1.4379908404002495,-0.1751158566154487,62.57510908259357,-1.0865975402239436,0.3160591521840894,2.658653,2.56681590775166,3.75318573006797,0.29715144528605897
7.45,62.650880690858955,0.13654519266420584,0.058882039320318214,62.701314100441266,1.4379665212792547,-0.1750687274854279,1.986449,1.91783165879014,1.86767086707263,0.37196381254674027
7.358,62.701314100441266,1.4379908404002495,-0.1751158566154487,62.57510908259357,-1.0865975402239436,0.3160591521840894,2.658653,2.56681590775166,3.75318573006797,0.37196381254674027
7.51,62.650880690858955,0.13654519266420584,0.058882039320318214,62.89404594163646,0.23980821689933984,-0.02036029978871312,0.749766,0.723867046918622,0.268404799399221,0.29659703402545445
7.178,62.625639713294134,-0.23944473055187432,1.0386475053027588,62.768458263626584,0.772576138392489,0.014121422550505969,1.370262,1.32292943057541,1.81597356395443,0.29659703402545445
7.52,62.650880690858955,0.13654519266420584,0.058882039320318214,63.16063819673245,0.1411038549282151,0.13800704133009045,0.995379,0.960995907116101,0.438120425945003,0.2617169800841342
7.178,62.625639713294134,-0.23944473055187432,1.0386475053027588,62.768458263626584,0.772576138392489,0.014121422550505969,1.370262,1.32292943057541,1.81597356395443,0.2617169800841342
7.53,62.650880690858955,0.13654519266420584,0.058882039320318214,63.26843012799614,0.12840079281817296,-0.13780099423930103,1.180666,1.13988259112473,0.557323554866912,0.27352726852505627
7.302,62.692913020733926,0.3938135420241684,-1.3157928490763915,62.60038251922951,-0.7737059741246832,0.23562677328083925,1.878724,1.81382777273862,2.27029099052526,0.27352726852505627
7.54,62.650880690858955,0.13654519266420584,0.058882039320318214,63.5160681944692,0.10352450549339087,0.08620181826528572,1.572785,1.51845673635228,0.731850287746402,0.5280281387981036
7.302,62.692913020733926,0.3938135420241684,-1.3157928490763915,62.60038251922951,-0.7737059741246832,0.23562677328083925,1.878724,1.81382777273862,2.27029099052526,0.5280281387981036
7.54,62.650880690858955,0.13654519266420584,0.058882039320318214,63.5160681944692,0.10352450549339087,0.08620181826528572,1.572785,1.51845673635228,0.731850287746402,0.2915619417848198
7.319,62.667699012913516,0.41939590876782784,-1.538020821793018,62.57510908259357,-1.0868373718551094,0.31602629685616446,2.275152,2.19656207340823,2.81435611036367,0.2915619417848198
7.54,62.650880690858955,0.13654519266420584,0.058882039320318214,63.5160681944692,0.10352450549339087,0.08620181826528572,1.572785,1.51845673635228,0.731850287746402,0.47607742744147447
7.342,62.549819377247616,0.9091953593812763,-0.05231501738753863,62.793607836939486,-0.6013004075661188,0.18273305728853106,2.003685,1.93447228055839,2.26140602605497,0.47607742744147447
7.54,62.650880690858955,0.13654519266420584,0.058882039320318214,63.5160681944692,0.10352450549339087,0.08620181826528572,1.572785,1.51845673635228,0.731850287746402,0.4374107045777886
7.349,62.7516829552152,1.1254295846548357,-0.015150175225198126,62.60038251922951,-0.7739016305569613,0.2356570313907902,2.219135,2.14248005266144,2.82294776955766,0.4374107045777886
7.55,62.650880690858955,0.13654519266420584,0.058882039320318214,63.78670046345174,0.03275433208632661,0.10033283052226505,1.917505,1.85126917171716,0.969591759766644,0.5313351720234541
7.222,62.692913020733926,0.018020805553853325,1.2857434604606643,62.692913020733926,0.393907302230434,-1.3157308521847488,2.400113,2.317206581228,2.60233151905256,0.5313351720234541
7.55,62.650880690858955,0.13654519266420584,0.058882039320318214,63.78670046345174,0.03275433208632661,0.10033283052226505,1.917505,1.85126917171716,0.969591759766644,0.7560214583278503
7.243,62.692913020733926,-0.025525748824417605,1.8463105034097316,62.701314100441266,1.437843959815388,-0.17508085917068428,2.313933,2.23400347238678,2.9214174492907,0.7560214583278503
7.55,62.650880690858955,0.13654519266420584,0.058882039320318214,63.78670046345174,0.03275433208632661,0.10033283052226505,1.917505,1.85126917171716,0.969591759766644,0.766934912727151
7.319,62.667699012913516,0.41939590876782784,-1.538020821793018,62.57510908259357,-1.0868373718551094,0.31602629685616446,2.275152,2.19656207340823,2.81435611036367,0.766934912727151
7.55,62.650880690858955,0.13654519266420584,0.058882039320318214,63.78670046345174,0.03275433208632661,0.10033283052226505,1.917505,1.85126917171716,0.969591759766644,0.909455727100899
7.349,62.7516829552152,1.1254295846548357,-0.015150175225198126,62.60038251922951,-0.7739016305569613,0.2356570313907902,2.219135,2.14248005266144,2.82294776955766,0.909455727100899
7.57,62.650880690858955,0.13654519266420584,0.058882039320318214,62.262057519931304,0.1680545686318924,-0.006596999817132243,0.840255,0.811230311201904,0.340283320119344,0.3138916329611563
7.178,62.625639713294134,-0.23944473055187432,1.0386475053027588,62.768458263626584,0.772576138392489,0.014121422550505969,1.370262,1.32292943057541,1.81597356395443,0.3138916329611563
7.58,62.650880690858955,0.13654519266420584,0.058882039320318214,62.19404048836513,0.13938089430126643,0.13632189460910382,0.99107,0.95683575167404,0.396285269126743,0.3217121203863361
7.178,62.625639713294134,-0.23944473055187432,1.0386475053027588,62.768458263626584,0.772576138392489,0.014121422550505969,1.370262,1.32292943057541,1.81597356395443,0.3217121203863361
7.59,62.650880690858955,0.13654519266420584,0.058882039320318214,62.02347818323405,0.10704106282710679,0.2009869779234119,1.258228,1.21476538908182,0.554627507332884,0.4125806200114685
7.302,62.692913020733926,0.3938135420241684,-1.3157928490763915,62.60038251922951,-0.7737059741246832,0.23562677328083925,1.878724,1.81382777273862,2.27029099052526,0.4125806200114685
7.60,62.650880690858955,0.13654519266420584,0.058882039320318214,61.68871986942695,0.1668234227281129,-0.006548671054829036,1.615875,1.56005829077289,0.825226605499617,0.2905984571344445
7.243,62.692913020733926,-0.025525748824417605,1.8463105034097316,62.701314100441266,1.437843959815388,-0.17508085917068428,2.313933,2.23400347238678,2.9214174492907,0.2905984571344445
7.60,62.650880690858955,0.13654519266420584,0.058882039320318214,61.68871986942695,0.1668234227281129,-0.006548671054829036,1.615875,1.56005829077289,0.825226605499617,0.3708481856808388
7.302,62.692913020733926,0.3938135420241684,-1.3157928490763915,62.60038251922951,-0.7737059741246832,0.23562677328083925,1.878724,1.81382777273862,2.27029099052526,0.3708481856808388
7.60,62.650880690858955,0.13654519266420584,0.058882039320318214,61.68871986942695,0.1668234227281129,-0.006548671054829036,1.615875,1.56005829077289,0.825226605499617,0.3738199377623876
7.319,62.667699012913516,0.41939590876782784,-1.538020821793018,62.57510908259357,-1.0868373718551094,0.31602629685616446,2.275152,2.19656207340823,2.81435611036367,0.3738199377623876
7.60,62.650880690858955,0.13654519266420584,0.058882039320318214,61.68871986942695,0.1668234227281129,-0.006548671054829036,1.615875,1.56005829077289,0.825226605499617,0.34351502894374547
7.342,62.549819377247616,0.9091953593812763,-0.05231501738753863,62.793607836939486,-0.6013004075661188,0.18273305728853106,2.003685,1.93447228055839,2.26140602605497,0.34351502894374547
7.60,62.650880690858955,0.13654519266420584,0.058882039320318214,61.68871986942695,0.1668234227281129,-0.006548671054829036,1.615875,1.56005829077289,0.825226605499617,0.5354842454167273
7.349,62.7516829552152,1.1254295846548357,-0.015150175225198126,62.60038251922951,-0.7739016305569613,0.2356570313907902,2.219135,2.14248005266144,2.82294776955766,0.5354842454167273
7.76,56.14781730835661,-31.032727213909705,0.3631351818572437,56.077780553594806,-31.211487653784953,0.2437909000341687,0.327484,0.316171813596639,0.128957454457784,0.2551624350729522
7.204,56.2775260131273,-33.137940113306726,0.6287774271269919,56.1777914776996,-29.437833451278873,0.1758934926628708,0.853182,0.823710777528087,1.59307803468244,0.2551624350729522
7.111,44.57517149224873,36.95897623838063,23.023442749720434,45.455625795399975,37.534170935574984,23.294607914993804,0.913508,0.881952953716941,0.8621086350459,0.25802028624726203
7.351,44.518399976803536,38.519666028744126,21.880905505662586,44.518399976803536,35.472383338272905,24.026531908961612,1.409043,1.36037082955396,2.31925786195933,0.25802028624726203
7.112,44.57517149224873,36.95897623838063,23.023442749720434,45.67525911468617,37.772985385557675,23.457170351200073,1.029851,0.99427715065259,1.08944222284532,0.274673274451267
7.361,44.60351738852064,38.78155571208269,21.746543197241397,44.489974232848624,35.28218457991533,24.28917730304483,1.620184,1.56421844621495,2.70544683885885,0.274673274451267
7.117,44.57517149224873,36.95897623838063,23.023442749720434,43.43360642568766,36.173492413329456,22.566770196731134,1.03416,0.99843730609465,1.10901620179134,0.26051525237628226
7.361,44.60351738852064,38.78155571208269,21.746543197241397,44.489974232848624,35.28218457991533,24.28917730304483,1.620184,1.56421844621495,2.70544683885885,0.26051525237628226
7.186,56.30739276281291,-32.338751143652644,0.7444675550189128,55.76596934302245,-30.757573471538848,0.39312889730163114,0.706676,0.682265492498011,0.864152761195807,0.29205716304208007
7.247,56.15781146519707,-34.1114668264737,0.8295323992704606,56.05774503329822,-28.00815605770879,-0.19917430804949898,1.2927,1.24804663261831,2.68084625062854,0.29205716304208007
7.199,62.64246883189739,0.15331603614493483,1.1799271839062042,62.776843239021375,0.1651024912898147,-0.856432257385209,2.094174,2.02183554484167,1.99843040513978,0.5211118057613974
7.358,62.701314100441266,1.4379908404002495,-0.1751158566154487,62.57510908259357,-1.0865975402239436,0.3160591521840894,2.658653,2.56681590775166,3.75318573006797,0.5211118057613974
7.201,62.64246883189739,0.15331603614493483,1.1799271839062042,62.793607836939486,-0.6012861263096081,0.18266227867760332,1.844252,1.78054652920213,1.48523760259898,0.26040578643173296
7.243,62.692913020733926,-0.025525748824417605,1.8463105034097316,62.701314100441266,1.437843959815388,-0.17508085917068428,2.313933,2.23400347238678,2.9214174492907,0.26040578643173296
7.202,62.64246883189739,0.15331603614493483,1.1799271839062042,63.26843012799614,0.12835782372727644,-0.13785898843652333,1.7236,1.66406217682442,1.39434212062045,0.3090880977352172
7.243,62.692913020733926,-0.025525748824417605,1.8463105034097316,62.701314100441266,1.437843959815388,-0.17508085917068428,2.313933,2.23400347238678,2.9214174492907,0.3090880977352172
7.202,62.64246883189739,0.15331603614493483,1.1799271839062042,63.26843012799614,0.12835782372727644,-0.13785898843652333,1.7236,1.66406217682442,1.39434212062045,0.2741730847040589
7.349,62.7516829552152,1.1254295846548357,-0.015150175225198126,62.60038251922951,-0.7739016305569613,0.2356570313907902,2.219135,2.14248005266144,2.82294776955766,0.2741730847040589
7.222,62.692913020733926,0.018020805553853325,1.2857434604606643,62.692913020733926,0.393907302230434,-1.3157308521847488,2.400113,2.317206581228,2.60233151905256,0.5768495061880449
7.407,63.26843012799614,0.12805498690454664,-0.13779436981593562,62.19404048836513,0.13904050928265077,0.13632816855941865,1.917505,1.85126917171716,0.950497521513414,0.5768495061880449
7.224,62.692913020733926,0.018020805553853325,1.2857434604606643,62.60038251922951,-0.7736128550041577,0.23568879240907226,2.064011,1.99271445674724,1.5510466537249,0.48697790279042397
7.358,62.701314100441266,1.4379908404002495,-0.1751158566154487,62.57510908259357,-1.0865975402239436,0.3160591521840894,2.658653,2.56681590775166,3.75318573006797,0.48697790279042397
7.225,62.692913020733926,0.018020805553853325,1.2857434604606643,63.5160681944692,0.1034883930461361,0.08617069990211057,1.814089,1.7514254411077,1.36270424474039,0.43857667033430714
7.243,62.692913020733926,-0.025525748824417605,1.8463105034097316,62.701314100441266,1.437843959815388,-0.17508085917068428,2.313933,2.23400347238678,2.9214174492907,0.43857667033430714
7.225,62.692913020733926,0.018020805553853325,1.2857434604606643,63.5160681944692,0.1034883930461361,0.08617069990211057,1.814089,1.7514254411077,1.36270424474039,0.2922961199605735
7.319,62.667699012913516,0.41939590876782784,-1.538020821793018,62.57510908259357,-1.0868373718551094,0.31602629685616446,2.275152,2.19656207340823,2.81435611036367,0.2922961199605735
7.225,62.692913020733926,0.018020805553853325,1.2857434604606643,63.5160681944692,0.1034883930461361,0.08617069990211057,1.814089,1.7514254411077,1.36270424474039,0.36692806059408867
7.349,62.7516829552152,1.1254295846548357,-0.015150175225198126,62.60038251922951,-0.7739016305569613,0.2356570313907902,2.219135,2.14248005266144,2.82294776955766,0.36692806059408867
7.226,62.692913020733926,0.018020805553853325,1.2857434604606643,62.02347818323405,0.10700566224686181,0.20095643499979943,1.710673,1.65158171049823,1.20327736956508,0.4400510213235469
7.243,62.692913020733926,-0.025525748824417605,1.8463105034097316,62.701314100441266,1.437843959815388,-0.17508085917068428,2.313933,2.23400347238678,2.9214174492907,0.4400510213235469
7.226,62.692913020733926,0.018020805553853325,1.2857434604606643,62.02347818323405,0.10700566224686181,0.20095643499979943,1.710673,1.65158171049823,1.20327736956508,0.38446944213829015
7.319,62.667699012913516,0.41939590876782784,-1.538020821793018,62.57510908259357,-1.0868373718551094,0.31602629685616446,2.275152,2.19656207340823,2.81435611036367,0.38446944213829015
7.226,62.692913020733926,0.018020805553853325,1.2857434604606643,62.02347818323405,0.10700566224686181,0.20095643499979943,1.710673,1.65158171049823,1.20327736956508,0.5114107554580778
7.349,62.7516829552152,1.1254295846548357,-0.015150175225198126,62.60038251922951,-0.7739016305569613,0.2356570313907902,2.219135,2.14248005266144,2.82294776955766,0.5114107554580778
7.242,62.692913020733926,-0.025525748824417605,1.8463105034097316,62.667699012913516,0.4194908636205863,-1.5379534700818098,2.805159,2.70826119278174,3.35141565262993,0.32519240171902536
7.245,62.692913020733926,-0.025525748824417605,1.8463105034097316,63.78670046345174,0.03263015525073465,0.1003204882227271,2.490602,2.40456984551128,1.91155600918827,0.32519240171902536
7.242,62.692913020733926,-0.025525748824417605,1.8463105034097316,62.667699012913516,0.4194908636205863,-1.5379534700818098,2.805159,2.70826119278174,3.35141565262993,0.2900819567027395
7.301,62.692913020733926,0.3938135420241684,-1.3157928490763915,62.7516829552152,1.1256263336569816,-0.015180796630831495,2.1545,2.08007772103052,1.6549692195214,0.2900819567027395
7.242,62.692913020733926,-0.025525748824417605,1.8463105034097316,62.667699012913516,0.4194908636205863,-1.5379534700818098,2.805159,2.70826119278174,3.35141565262993,0.2761699252320699
7.389,62.57510908259357,-1.0867619654819083,0.31610849917835804,63.78670046345174,0.0326107976550416,0.10033564418876484,2.503529,2.41705031183747,1.92728294378988,0.2761699252320699
7.242,62.692913020733926,-0.025525748824417605,1.8463105034097316,62.667699012913516,0.4194908636205863,-1.5379534700818098,2.805159,2.70826119278174,3.35141565262993,0.6809765997613093
7.412,63.5160681944692,0.10321987948291866,0.08609954516600737,62.02347818323405,0.10674243497249547,0.20088653655014888,2.344096,2.26312456048121,1.2692217359549,0.6809765997613093
7.242,62.692913020733926,-0.025525748824417605,1.8463105034097316,62.667699012913516,0.4194908636205863,-1.5379534700818098,2.805159,2.70826119278174,3.35141565262993,0.47992871892832173
7.416,63.78670046345174,0.03242080829907179,0.10035764877245335,61.68871986942695,0.16649838872390132,-0.006524398489138328,2.999064,2.89546818767449,1.7919385620168,0.47992871892832173
7.243,62.692913020733926,-0.025525748824417605,1.8463105034097316,62.701314100441266,1.437843959815388,-0.17508085917068428,2.313933,2.23400347238678,2.9214174492907,0.3309068921480034
7.288,62.776843239021375,0.16499491098698194,-0.856471086060373,62.549819377247616,0.9091041149971724,-0.05242490137724598,1.878724,1.81382777273862,1.36018005319696,0.3309068921480034
7.243,62.692913020733926,-0.025525748824417605,1.8463105034097316,62.701314100441266,1.437843959815388,-0.17508085917068428,2.313933,2.23400347238678,2.9214174492907,0.8057223562459987
7.407,63.26843012799614,0.12805498690454664,-0.13779436981593562,62.19404048836513,0.13904050928265077,0.13632816855941865,1.917505,1.85126917171716,0.950497521513414,0.8057223562459987
7.243,62.692913020733926,-0.025525748824417605,1.8463105034097316,62.701314100441266,1.437843959815388,-0.17508085917068428,2.313933,2.23400347238678,2.9214174492907,0.6702324887931035
7.412,63.5160681944692,0.10321987948291866,0.08609954516600737,62.02347818323405,0.10674243497249547,0.20088653655014888,2.344096,2.26312456048121,1.2692217359549,0.6702324887931035
7.244,62.692913020733926,-0.025525748824417605,1.8463105034097316,62.57510908259357,-1.0867430578487824,0.31609363421860603,2.503529,2.41705031183747,2.1382138103764,0.5067994751254018
7.358,62.701314100441266,1.4379908404002495,-0.1751158566154487,62.57510908259357,-1.0865975402239436,0.3160591521840894,2.658653,2.56681590775166,3.75318573006797,0.5067994751254018
7.245,62.692913020733926,-0.025525748824417605,1.8463105034097316,63.78670046345174,0.03263015525073465,0.1003204882227271,2.490602,2.40456984551128,1.91155600918827,0.7924862079688696
7.358,62.701314100441266,1.4379908404002495,-0.1751158566154487,62.57510908259357,-1.0865975402239436,0.3160591521840894,2.658653,2.56681590775166,3.75318573006797,0.7924862079688696
7.246,62.692913020733926,-0.025525748824417605,1.8463105034097316,61.68871986942695,0.16670242935062918,-0.00656065911108783,2.227753,2.15080036354556,2.00149536177778,0.6445701573977023
7.358,62.701314100441266,1.4379908404002495,-0.1751158566154487,62.57510908259357,-1.0865975402239436,0.3160591521840894,2.658653,2.56681590775166,3.75318573006797,0.6445701573977023
7.272,62.659290750877176,0.18280401052056527,-0.46365008627240467,62.768458263626584,0.7723688852379063,0.014129034614196456,1.516768,1.46437471560549,0.985494186790541,0.30535661104779793
7.349,62.7516829552152,1.1254295846548357,-0.015150175225198126,62.60038251922951,-0.7739016305569613,0.2356570313907902,2.219135,2.14248005266144,2.82294776955766,0.30535661104779793
7.288,62.776843239021375,0.16499491098698194,-0.856471086060373,62.549819377247616,0.9091041149971724,-0.05242490137724598,1.878724,1.81382777273862,1.36018005319696,0.32051852811652753
7.319,62.667699012913516,0.41939590876782784,-1.538020821793018,62.57510908259357,-1.0868373718551094,0.31602629685616446,2.275152,2.19656207340823,2.81435611036367,0.32051852811652753
7.288,62.776843239021375,0.16499491098698194,-0.856471086060373,62.549819377247616,0.9091041149971724,-0.05242490137724598,1.878724,1.81382777273862,1.36018005319696,0.3958278288175496
7.349,62.7516829552152,1.1254295846548357,-0.015150175225198126,62.60038251922951,-0.7739016305569613,0.2356570313907902,2.219135,2.14248005266144,2.82294776955766,0.3958278288175496
7.301,62.692913020733926,0.3938135420241684,-1.3157928490763915,62.7516829552152,1.1256263336569816,-0.015180796630831495,2.1545,2.08007772103052,1.6549692195214,0.6078719433308348
7.358,62.701314100441266,1.4379908404002495,-0.1751158566154487,62.57510908259357,-1.0865975402239436,0.3160591521840894,2.658653,2.56681590775166,3.75318573006797,0.6078719433308348
7.302,62.692913020733926,0.3938135420241684,-1.3157928490763915,62.60038251922951,-0.7737059741246832,0.23562677328083925,1.878724,1.81382777273862,2.27029099052526,0.439198186485993
7.402,63.16063819673245,0.14105062760799703,0.13801795485133272,62.262057519931304,0.16800188416005168,-0.006586186807155947,1.503841,1.4518942492793,0.776144543590609,0.439198186485993
7.303,62.692913020733926,0.3938135420241684,-1.3157928490763915,63.5160681944692,0.10339453922475483,0.08610783573297365,1.956286,1.88871057069571,1.58347930297319,0.30058692256757774
7.358,62.701314100441266,1.4379908404002495,-0.1751158566154487,62.57510908259357,-1.0865975402239436,0.3160591521840894,2.658653,2.56681590775166,3.75318573006797,0.30058692256757774
7.318,62.667699012913516,0.41939590876782784,-1.538020821793018,62.701314100441266,1.4377505524442724,-0.17514868249939308,2.296697,2.21736285061854,1.97826614737287,0.6339293650777834
7.358,62.701314100441266,1.4379908404002495,-0.1751158566154487,62.57510908259357,-1.0865975402239436,0.3160591521840894,2.658653,2.56681590775166,3.75318573006797,0.6339293650777834
7.319,62.667699012913516,0.41939590876782784,-1.538020821793018,62.57510908259357,-1.0868373718551094,0.31602629685616446,2.275152,2.19656207340823,2.81435611036367,0.8557508003925662
7.407,63.26843012799614,0.12805498690454664,-0.13779436981593562,62.19404048836513,0.13904050928265077,0.13632816855941865,1.917505,1.85126917171716,0.950497521513414,0.8557508003925662
7.319,62.667699012913516,0.41939590876782784,-1.538020821793018,62.57510908259357,-1.0868373718551094,0.31602629685616446,2.275152,2.19656207340823,2.81435611036367,0.5252660818748828
7.412,63.5160681944692,0.10321987948291866,0.08609954516600737,62.02347818323405,0.10674243497249547,0.20088653655014888,2.344096,2.26312456048121,1.2692217359549,0.5252660818748828
7.342,62.549819377247616,0.9091953593812763,-0.05231501738753863,62.793607836939486,-0.6013004075661188,0.18273305728853106,2.003685,1.93447228055839,2.26140602605497,0.35343831490417443
7.402,63.16063819673245,0.14105062760799703,0.13801795485133272,62.262057519931304,0.16800188416005168,-0.006586186807155947,1.503841,1.4518942492793,0.776144543590609,0.35343831490417443
7.349,62.7516829552152,1.1254295846548357,-0.015150175225198126,62.60038251922951,-0.7739016305569613,0.2356570313907902,2.219135,2.14248005266144,2.82294776955766,0.29892443063247875
7.402,63.16063819673245,0.14105062760799703,0.13801795485133272,62.262057519931304,0.16800188416005168,-0.006586186807155947,1.503841,1.4518942492793,0.776144543590609,0.29892443063247875
7.349,62.7516829552152,1.1254295846548357,-0.015150175225198126,62.60038251922951,-0.7739016305569613,0.2356570313907902,2.219135,2.14248005266144,2.82294776955766,0.940318141519643
7.407,63.26843012799614,0.12805498690454664,-0.13779436981593562,62.19404048836513,0.13904050928265077,0.13632816855941865,1.917505,1.85126917171716,0.950497521513414,0.940318141519643
7.349,62.7516829552152,1.1254295846548357,-0.015150175225198126,62.60038251922951,-0.7739016305569613,0.2356570313907902,2.219135,2.14248005266144,2.82294776955766,0.5955533528475897
7.412,63.5160681944692,0.10321987948291866,0.08609954516600737,62.02347818323405,0.10674243497249547,0.20088653655014888,2.344096,2.26312456048121,1.2692217359549,0.5955533528475897
7.358,62.701314100441266,1.4379908404002495,-0.1751158566154487,62.57510908259357,-1.0865975402239436,0.3160591521840894,2.658653,2.56681590775166,3.75318573006797,0.8648017802132515
7.389,62.57510908259357,-1.0867619654819083,0.31610849917835804,63.78670046345174,0.0326107976550416,0.10033564418876484,2.503529,2.41705031183747,1.92728294378988,0.8648017802132515
7.358,62.701314100441266,1.4379908404002495,-0.1751158566154487,62.57510908259357,-1.0865975402239436,0.3160591521840894,2.658653,2.56681590775166,3.75318573006797,0.7121066705819848
7.390,62.57510908259357,-1.0867619654819083,0.31610849917835804,61.68871986942695,0.16668355016141723,-0.006545889045983522,2.232062,2.15496051898762,2.00606973128767,0.7121066705819848
7.358,62.701314100441266,1.4379908404002495,-0.1751158566154487,62.57510908259357,-1.0865975402239436,0.3160591521840894,2.658653,2.56681590775166,3.75318573006797,0.9131769079337867
7.412,63.5160681944692,0.10321987948291866,0.08609954516600737,62.02347818323405,0.10674243497249547,0.20088653655014888,2.344096,2.26312456048121,1.2692217359549,0.9131769079337867
7.358,62.701314100441266,1.4379908404002495,-0.1751158566154487,62.57510908259357,-1.0865975402239436,0.3160591521840894,2.658653,2.56681590775166,3.75318573006797,0.8485166591885537
7.416,63.78670046345174,0.03242080829907179,0.10035764877245335,61.68871986942695,0.16649838872390132,-0.006524398489138328,2.999064,2.89546818767449,1.7919385620168,0.8485166591885537
