Pair,L1,a1,b1,L2,a2,b2,DV,DECIEDE2000,DV normF1,DV normF3,delta_L,delta_a,delta_b,L_med,a_med,b_med,ratio_V_E,abs_diff,norm_abs_diff
1.1,64.46,-30.1,40.245,65.685,-29.885,40.815,1.0630077231390345,1.04646197867181,0.826932138207015,0.595541889498709,1.2250000000000085,0.21499999999999986,0.5700000000000003,65.07249999999999,-29.9925,40.53,1.0158111271968175,0.016545744467224566,0.015565027507796819
1.2,64.46,-30.1,40.245,66.47,-30.35,40.805,1.1166518009222757,1.65530543833131,0.868662796567137,0.62559557103018,2.010000000000005,0.25,0.5600000000000023,65.465,-30.225,40.525,0.6745895798985394,0.5386536374090343,0.48238281305037206
1.3,64.46,-30.1,40.245,66.43,-30.19,40.02,0.7947873342228289,1.61547923608161,0.618278847184324,0.445273482401596,1.970000000000013,0.08999999999999986,0.22499999999999432,65.445,-30.145000000000003,40.1325,0.49198238886599704,0.820691901858781,1.0325930792904363
1.4,64.46,-30.1,40.245,65.835,-31.26,42.97,0.7411432564395877,1.46600064282006,0.576548188824202,0.415219800870125,1.375,1.1600000000000001,2.7250000000000014,65.1475,-30.68,41.6075,0.5055545231606031,0.7248573863804724,0.978026014679837
1.5,64.46,-30.1,40.245,66.34,-29.845,40.77,0.7947873342228289,1.5643426010491,0.618278847184324,0.445273482401596,1.8800000000000097,0.25500000000000256,0.5250000000000057,65.4,-29.9725,40.5075,0.5080647507660747,0.7695552668262711,0.9682530567884758
1.6,64.46,-30.1,40.245,66.555,-30.49,41.25,0.9557195675725523,1.74761464134554,0.743470822264689,0.535434526996009,2.095000000000013,0.389999999999997,1.0050000000000026,65.5075,-30.295,40.7475,0.5468708858434859,0.7918950737729877,0.828585183157597
1.7,64.46,-30.1,40.245,66.08,-30.315,41.25,1.1166518009222757,1.37619011826372,0.868662796567137,0.62559557103018,1.6200000000000045,0.21499999999999986,1.0050000000000026,65.27,-30.207500000000003,40.7475,0.8114080934687274,0.2595383173414443,0.2324254677193539
1.8,64.46,-30.1,40.245,66.455,-30.93,41.29,1.3848721898384815,1.68131634607193,1.07731608758983,0.775863978127292,1.9950000000000045,0.8299999999999983,1.0450000000000017,65.4575,-30.515,40.7675,0.8236832956809608,0.29644415623344855,0.21405885553522752
1.9,64.46,-30.1,40.245,66.125,-30.88,41.895,1.33122811205524,1.47986945987955,1.03558542922971,0.745810296595821,1.6650000000000063,0.7799999999999976,1.6500000000000057,65.29249999999999,-30.490000000000002,41.07,0.899557796985711,0.14864134782431004,0.1116573082904403
1.10,64.46,-30.1,40.245,66.56,-30.405,41.325,1.1166518009222757,1.75799684391927,0.868662796567137,0.62559557103018,2.1000000000000085,0.3049999999999997,1.0800000000000054,65.50999999999999,-30.2525,40.785,0.6351841894082318,0.6413450429969942,0.5743464900096359
1.11,64.46,-30.1,40.245,65.695,-31.045,41.785,1.1702958787055167,1.15507160129422,0.910393454927258,0.655649252561651,1.2349999999999994,0.9450000000000003,1.5399999999999991,65.07749999999999,-30.5725,41.015,1.013180374602802,0.015224277411296727,0.013008913109330637
1.12,64.46,-30.1,40.245,65.675,-30.11,39.375,0.8752534508976906,1.05802598628082,0.680874834724506,0.490354004698802,1.2150000000000034,0.00999999999999801,0.8699999999999974,65.0675,-30.105,39.81,0.8272513732362434,0.18277253538312932,0.20882241022511708
1.13,64.46,-30.1,40.245,65.93,-29.9,39.815,0.902075489789311,1.21573834048897,0.701740163904567,0.505380845464538,1.470000000000013,0.20000000000000284,0.4299999999999997,65.195,-30.0,40.03,0.7419980591255336,0.31366285069965893,0.3477124186415992
1.14,64.46,-30.1,40.245,65.925,-29.975,39.62,1.223939956488758,1.2236227384263,0.952124112509463,0.685702933532879,1.4650000000000034,0.125,0.625,65.1925,-30.0375,39.9325,1.0002592441708027,0.0003172180624579912,0.0002591777975031139
1.15,64.46,-30.1,40.245,65.775,-30.27,40.26,1.2507619953803784,1.08271906501259,0.972989441689524,0.700729774298615,1.315000000000012,0.16999999999999815,0.015000000000000568,65.1175,-30.185000000000002,40.2525,1.155204553649039,0.1680429303677884,0.1343524434337575
1.16,64.46,-30.1,40.245,65.64,-30.45,40.49,1.1702958787055167,0.980443430232347,0.910393454927258,0.655649252561651,1.1800000000000068,0.34999999999999787,0.24500000000000455,65.05,-30.275,40.3675,1.19363936911132,0.18985244847316962,0.16222602485872417
1.17,64.46,-30.1,40.245,65.49,-30.33,41.895,1.1702958787055167,1.0418459639596,0.910393454927258,0.655649252561651,1.0300000000000011,0.22999999999999687,1.6500000000000057,64.975,-30.215,41.07,1.1232906956172715,0.1284499147459166,0.10975849524330432
1.18,64.46,-30.1,40.245,65.165,-29.835,39.735,0.5802110230898643,0.60895249220153,0.451356214521754,0.325058756835955,0.7050000000000125,0.26500000000000057,0.509999999999998,64.8125,-29.9675,39.989999999999995,0.9528017859643546,0.02874146911166575,0.0495362340912954
1.19,64.46,-30.1,40.245,65.805,-29.795,39.215,1.3848721898384815,1.16414773665417,1.07731608758983,0.775863978127292,1.345000000000013,0.3049999999999997,1.029999999999994,65.1325,-29.9475,39.730000000000004,1.189601753321348,0.22072445318431155,0.1593825442120202
1.20,64.46,-30.1,40.245,65.66,-30.65,41.56,1.1971179175971374,1.08675459525911,0.931258784107319,0.670676093327386,1.2000000000000028,0.5499999999999972,1.3150000000000048,65.06,-30.375,40.9025,1.1015531213007301,0.11036332233802737,0.09219085323470763
1.21,64.46,-30.1,40.245,65.355,-30.625,41.325,1.0630077231390345,0.827982326498767,0.826932138207015,0.595541889498709,0.8950000000000102,0.5249999999999986,1.0800000000000054,64.9075,-30.3625,40.785,1.2838531546322376,0.23502539664026745,0.22109472142417627
1.22,64.46,-30.1,40.245,65.435,-29.87,39.6,0.8216093731144494,0.834265651337074,0.639144176364385,0.460300323167332,0.9750000000000085,0.23000000000000043,0.644999999999996,64.94749999999999,-29.985,39.9225,0.9848294374973129,0.012656278222624606,0.015404252460320152
1.23,64.46,-30.1,40.245,64.965,-31.335,42.2,0.7947873342228289,0.816404373852587,0.618278847184324,0.445273482401596,0.5050000000000097,1.2349999999999994,1.9550000000000054,64.7125,-30.7175,41.2225,0.9735216501826545,0.02161703962975814,0.02719852049944596
1.24,64.46,-30.1,40.245,65.33,-30.355,40.725,0.8752534508976906,0.736452902436725,0.680874834724506,0.490354004698802,0.8700000000000045,0.254999999999999,0.480000000000004,64.895,-30.2275,40.485,1.1884717227853134,0.13880054846096557,0.1585832631222689
1.25,64.46,-30.1,40.245,65.075,-29.845,40.095,0.6874991786563465,0.517783248298365,0.534817531241998,0.385166119898896,0.6150000000000091,0.25500000000000256,0.14999999999999858,64.7675,-29.9725,40.17,1.3277740822785582,0.1697159303579815,0.24685982962600153
1.26,64.46,-30.1,40.245,65.54,-30.795,41.145,1.2507619953803784,0.953461800583257,0.972989441689524,0.700729774298615,1.0800000000000125,0.6950000000000003,0.9000000000000057,65.0,-30.4475,40.695,1.311811331406716,0.29730019479712133,0.2376952574970204
1.27,64.46,-30.1,40.245,65.365,-30.73,41.36,1.3044060731636198,0.843557321425956,1.01472010004965,0.730783455830086,0.9050000000000011,0.629999999999999,1.115000000000002,64.9125,-30.415,40.802499999999995,1.5463158679155622,0.4608487517376638,0.35330159899259767
1.28,64.46,-30.1,40.245,65.18,-30.735,42.0,1.0898297620306552,0.849713585767785,0.847797467387076,0.610568730264444,0.7200000000000131,0.634999999999998,1.7550000000000026,64.82,-30.4175,41.1225,1.282584836822776,0.24011617626287018,0.22032448039879424
1.29,64.46,-30.1,40.245,65.365,-29.79,39.3,0.8484314120060701,0.817300970059799,0.660009505544446,0.475327163933067,0.9050000000000011,0.3100000000000023,0.9450000000000003,64.9125,-29.945,39.772499999999994,1.0380893233320208,0.031130441946271126,0.03669176019305217
1.30,64.46,-30.1,40.245,65.305,-30.41,41.13,1.0898297620306552,0.761631923594803,0.847797467387076,0.610568730264444,0.8450000000000131,0.3099999999999987,0.8850000000000051,64.8825,-30.255000000000003,40.6875,1.4309139714836103,0.32819783843585215,0.30114596753458317
1.31,64.46,-30.1,40.245,65.185,-30.13,40.965,0.9557195675725523,0.659425344810803,0.743470822264689,0.535434526996009,0.7250000000000085,0.029999999999997584,0.720000000000006,64.82249999999999,-30.115000000000002,40.605000000000004,1.4493218582574163,0.2962942227617493,0.3100221367281301
1.32,64.46,-30.1,40.245,64.865,-30.45,41.135,1.0630077231390345,0.455998988428762,0.826932138207015,0.595541889498709,0.40500000000000114,0.34999999999999787,0.8900000000000006,64.6625,-30.275,40.69,2.3311624538262308,0.6070087347102724,0.5710294675440002
1.33,64.46,-30.1,40.245,64.685,-29.285,40.005,0.6338551008731055,0.38795805710591,0.493086872881876,0.355112438367425,0.22500000000000853,0.8150000000000013,0.23999999999999488,64.57249999999999,-29.692500000000003,40.125,1.6338237797346309,0.24589704376719546,0.38793888862067216
1.34,64.46,-30.1,40.245,64.52,-30.335,41.31,0.8216093731144494,0.384536958181696,0.639144176364385,0.460300323167332,0.060000000000002274,0.23499999999999943,1.0650000000000048,64.49,-30.2175,40.7775,2.13662004001606,0.4370724149327534,0.531971066425381
1.35,64.46,-30.1,40.245,64.785,-30.535,41.505,0.9557195675725523,0.514521736064687,0.743470822264689,0.535434526996009,0.32500000000000284,0.4349999999999987,1.2600000000000051,64.6225,-30.317500000000003,40.875,1.8574911392954363,0.4411978315078653,0.46163942438348465
1.36,64.46,-30.1,40.245,64.58,-29.505,39.985,0.9825416064641728,0.261821913062231,0.764336150666832,0.550461367201502,0.12000000000000455,0.5950000000000024,0.259999999999998,64.52,-29.802500000000002,40.114999999999995,3.752709584999206,0.7207196934019418,0.7335258760817638
1.37,64.46,-30.1,40.245,64.645,-29.715,39.635,0.8484314120060701,0.270975514494835,0.660009505544446,0.475327163933067,0.18500000000000227,0.38500000000000156,0.6099999999999994,64.5525,-29.9075,39.94,3.1310261019588017,0.5774558975112352,0.6806158855731851
1.38,64.46,-30.1,40.245,64.805,-29.65,39.72,1.0898297620306552,0.356511212429624,0.847797467387076,0.610568730264444,0.3450000000000131,0.45000000000000284,0.5249999999999986,64.6325,-29.875,39.9825,3.0569298271056753,0.7333185496010312,0.6728744015595434
1.39,64.46,-30.1,40.245,64.42,-30.15,41.395,0.660677139764726,0.444303739156833,0.513952202061937,0.370139279133161,0.03999999999999204,0.04999999999999716,1.1500000000000057,64.44,-30.125,40.82,1.4869943240439887,0.21637340060789295,0.3275024777721889
1.40,64.46,-30.1,40.245,64.96,-29.915,40.775,0.7679652953312082,0.488203997971417,0.597413518004263,0.430246641635861,0.5,0.18500000000000227,0.5300000000000011,64.71,-30.0075,40.51,1.57304179594844,0.27976129735979116,0.3642889837552447
1.41,64.46,-30.1,40.245,65.045,-29.635,39.565,1.4385162676217225,0.545735342366942,1.11904674594995,0.805917659658763,0.585000000000008,0.46499999999999986,0.6799999999999997,64.7525,-29.8675,39.905,2.635922860972726,0.8927809252547805,0.6206262276826217
1.42,64.46,-30.1,40.245,64.945,-29.395,38.875,1.3848721898384815,0.632759684858548,1.07731608758983,0.775863978127292,0.48499999999999943,0.7050000000000018,1.3699999999999974,64.70249999999999,-29.747500000000002,39.56,2.1886226647948406,0.7521125049799334,0.5430916368712416
1.43,64.46,-30.1,40.245,64.64,-30.3,39.695,0.6338551008731055,0.311825179533679,0.493086872881876,0.355112438367425,0.18000000000000682,0.1999999999999993,0.5499999999999972,64.55,-30.200000000000003,39.97,2.032725836278784,0.3220299213394265,0.508049742579646
1.44,64.46,-30.1,40.245,64.675,-30.47,40.825,0.7679652953312082,0.275984661476642,0.597413518004263,0.430246641635861,0.2150000000000034,0.36999999999999744,0.5800000000000054,64.5675,-30.285,40.535,2.7826375873195666,0.49198063385456614,0.6406287317993399
1.45,64.46,-30.1,40.245,64.62,-29.945,39.16,0.8752534508976906,0.426595754694833,0.680874834724506,0.490354004698802,0.1600000000000108,0.15500000000000114,1.0850000000000009,64.53999999999999,-30.0225,39.7025,2.051716265840691,0.44865769620285756,0.5126031725211656
1.46,64.46,-30.1,40.245,64.505,-29.91,40.25,0.902075489789311,0.0953915496659332,0.701740163904567,0.505380845464538,0.045000000000001705,0.19000000000000128,0.005000000000002558,64.48249999999999,-30.005000000000003,40.2475,9.456555465257422,0.8066839401233777,0.8942532508199883
1.47,64.46,-30.1,40.245,64.555,-29.62,39.83,0.7679652953312082,0.218518180276339,0.597413518004263,0.430246641635861,0.09500000000001307,0.4800000000000004,0.41499999999999915,64.5075,-29.86,40.037499999999994,3.5144228770604493,0.5494471150548692,0.7154582605226261
1.48,64.46,-30.1,40.245,64.585,-30.57,41.295,1.1434738398138964,0.379739556479468,0.889528125747198,0.640622411795915,0.125,0.46999999999999886,1.0500000000000043,64.5225,-30.335,40.769999999999996,3.0112054888453974,0.7637342833344284,0.6679070880981599
1.49,64.46,-30.1,40.245,64.53,-30.51,41.08,0.9825416064641728,0.297996515047133,0.764336150666832,0.550461367201502,0.07000000000000739,0.41000000000000014,0.8350000000000009,64.495,-30.305,40.662499999999994,3.2971580322394365,0.6845450914170398,0.6967085019267247
1.50,64.46,-30.1,40.245,64.585,-30.23,40.66,1.33122811205524,0.17901840637785,1.03558542922971,0.745810296595821,0.125,0.129999999999999,0.41499999999999915,64.5225,-30.165,40.4525,7.43626385439486,1.1522097056773901,0.8655238680566976
2.1,65.31,-10.12,13.085,65.185,-10.085,12.9,1.0630077231390345,0.153290387488623,0.826932138207015,0.595541889498709,0.125,0.034999999999998366,0.1850000000000005,65.2475,-10.1025,12.9925,6.934601272916269,0.9097173356504115,0.8557956024141047
2.2,65.31,-10.12,13.085,64.985,-9.99,14.145,1.1166518009222757,0.762031247591366,0.868662796567137,0.62559557103018,0.32500000000000284,0.129999999999999,1.0599999999999987,65.14750000000001,-10.055,13.615,1.4653622183951573,0.3546205533309097,0.3175748722389945
2.3,65.31,-10.12,13.085,65.155,-10.185,13.38,0.7947873342228289,0.220904998656797,0.618278847184324,0.445273482401596,0.15500000000000114,0.06500000000000128,0.29499999999999993,65.2325,-10.1525,13.232500000000002,3.5978693803111224,0.5738823355660319,0.7220577255488558
2.4,65.31,-10.12,13.085,65.06,-10.17,13.14,0.7411432564395877,0.210605414776556,0.576548188824202,0.415219800870125,0.25,0.05000000000000071,0.054999999999999716,65.185,-10.145,13.1125,3.5191082513562297,0.5305378416630316,0.7158371021222939
2.5,65.31,-10.12,13.085,64.82,-10.23,13.68,0.7947873342228289,0.542411363614201,0.618278847184324,0.445273482401596,0.4900000000000091,0.11000000000000121,0.5949999999999989,65.065,-10.175,13.3825,1.4652851803504054,0.25237597060862793,0.31753899367038996
2.6,65.31,-10.12,13.085,65.14,-10.345,13.47,0.9557195675725523,0.300490855678751,0.743470822264689,0.535434526996009,0.1700000000000017,0.22500000000000142,0.3849999999999998,65.225,-10.2325,13.2775,3.180527947292232,0.6552287118938013,0.6855867907700588
2.7,65.31,-10.12,13.085,65.05,-9.975,12.74,1.1166518009222757,0.308212754841294,0.868662796567137,0.62559557103018,0.2600000000000051,0.14499999999999957,0.34500000000000064,65.18,-10.0475,12.912500000000001,3.622990222693008,0.8084390460809816,0.7239849026252256
2.8,65.31,-10.12,13.085,64.525,-10.145,11.905,1.3848721898384815,1.00626042816384,1.07731608758983,0.775863978127292,0.7849999999999966,0.025000000000000355,1.1800000000000015,64.9175,-10.1325,12.495000000000001,1.3762562351669256,0.3786117616746414,0.2733911217073454
2.9,65.31,-10.12,13.085,65.435,-10.13,12.39,1.33122811205524,0.462397523289962,1.03558542922971,0.745810296595821,0.125,0.010000000000001563,0.6950000000000003,65.3725,-10.125,12.7375,2.8789689436582027,0.8688305887652781,0.6526534259941861
2.10,65.31,-10.12,13.085,65.285,-9.995,12.715,1.1166518009222757,0.233168576063553,0.868662796567137,0.62559557103018,0.025000000000005684,0.125,0.370000000000001,65.2975,-10.0575,12.9,4.789032102803107,0.8834832248587227,0.791189539422977
2.11,65.31,-10.12,13.085,65.29,-9.995,12.795,1.1702958787055167,0.188311512176578,0.910393454927258,0.655649252561651,0.01999999999999602,0.125,0.2900000000000009,65.30000000000001,-10.0575,12.940000000000001,6.2146804460550475,0.9819843665289387,0.8390906808763925
2.12,65.31,-10.12,13.085,65.24,-10.26,13.985,0.8752534508976906,0.552017333222086,0.680874834724506,0.490354004698802,0.07000000000000739,0.14000000000000057,0.8999999999999986,65.275,-10.19,13.535,1.585554287223816,0.32323611767560456,0.36930573307054837
2.13,65.31,-10.12,13.085,64.86,-10.01,12.89,0.902075489789311,0.393501361413981,0.701740163904567,0.505380845464538,0.45000000000000284,0.10999999999999943,0.19500000000000028,65.08500000000001,-10.065,12.9875,2.2924329518338165,0.50857412837533,0.5637822261752512
2.14,65.31,-10.12,13.085,65.535,-10.065,12.64,1.223939956488758,0.332446463745755,0.952124112509463,0.685702933532879,0.22499999999999432,0.054999999999999716,0.4450000000000003,65.4225,-10.0925,12.8625,3.681615196073119,0.8914934927430032,0.7283800870200706
2.15,65.31,-10.12,13.085,65.29,-10.085,12.645,1.2507619953803784,0.276674334332012,0.972989441689524,0.700729774298615,0.01999999999999602,0.034999999999998366,0.4400000000000013,65.30000000000001,-10.1025,12.865,4.520701184226037,0.9740876610483664,0.7787953774317664
2.16,65.31,-10.12,13.085,65.265,-10.135,13.04,1.1702958787055167,0.0507680831237949,0.910393454927258,0.655649252561651,0.045000000000001705,0.015000000000000568,0.045000000000001705,65.2875,-10.1275,13.0625,23.051803094476067,1.1195277955817218,0.9566194455571613
2.17,65.31,-10.12,13.085,65.12,-10.11,12.885,1.1702958787055167,0.200584507678305,0.910393454927258,0.655649252561651,0.18999999999999773,0.009999999999999787,0.20000000000000107,65.215,-10.114999999999998,12.985,5.834428024461365,0.9697113710272116,0.828603593196638
2.18,65.31,-10.12,13.085,65.265,-10.365,13.64,0.5802110230898643,0.358005376062806,0.451356214521754,0.325058756835955,0.045000000000001705,0.245000000000001,0.5549999999999997,65.2875,-10.2425,13.3625,1.6206768396891311,0.22220564702705825,0.3829738453791298
2.19,65.31,-10.12,13.085,65.24,-10.265,12.69,1.3848721898384815,0.319012962662229,1.07731608758983,0.775863978127292,0.07000000000000739,0.14500000000000135,0.39500000000000135,65.275,-10.192499999999999,12.8875,4.34111571498638,1.0658592271762526,0.7696444727732744
2.20,65.31,-10.12,13.085,65.585,-10.085,12.86,1.1971179175971374,0.264428605525787,0.931258784107319,0.670676093327386,0.2749999999999915,0.034999999999998366,0.22500000000000142,65.44749999999999,-10.1025,12.9725,4.527187634218367,0.9326893120713504,0.7791123143193261
2.21,65.31,-10.12,13.085,65.075,-9.84,12.965,1.0630077231390345,0.304318909076213,0.826932138207015,0.595541889498709,0.23499999999999943,0.27999999999999936,0.120000000000001,65.1925,-9.98,13.025,3.4930715375946138,0.7586888140628214,0.7137190039492035
2.22,65.31,-10.12,13.085,65.36,-10.155,13.23,0.8216093731144494,0.0980047623553663,0.639144176364385,0.460300323167332,0.04999999999999716,0.03500000000000014,0.14499999999999957,65.33500000000001,-10.1375,13.1575,8.383361634528775,0.7236046107590831,0.8807161085996638
2.23,65.31,-10.12,13.085,65.44,-10.1,13.285,0.7947873342228289,0.171095311021558,0.618278847184324,0.445273482401596,0.12999999999999545,0.019999999999999574,0.1999999999999993,65.375,-10.11,13.185,4.645289954658055,0.6236920232012708,0.7847281852149931
2.24,65.31,-10.12,13.085,64.95,-9.95,13.465,0.8752534508976906,0.434714366293519,0.680874834724506,0.490354004698802,0.35999999999999943,0.16999999999999993,0.379999999999999,65.13,-10.035,13.275,2.013398950549798,0.44053908460417157,0.5033274460660645
2.25,65.31,-10.12,13.085,65.125,-10.135,13.175,0.6874991786563465,0.161541654867047,0.534817531241998,0.385166119898896,0.18500000000000227,0.015000000000000568,0.08999999999999986,65.2175,-10.1275,13.13,4.255863139239926,0.5259575237892995,0.7650300383663072
2.26,65.31,-10.12,13.085,65.33,-9.98,13.12,1.2507619953803784,0.131429840185488,0.972989441689524,0.700729774298615,0.01999999999999602,0.1399999999999988,0.034999999999998366,65.32,-10.05,13.1025,9.516575414674417,1.1193321551948903,0.8949201834035273
2.27,65.31,-10.12,13.085,63.98,-10.09,12.385,1.3044060731636198,1.18578418652278,1.01472010004965,0.730783455830086,1.3300000000000054,0.02999999999999936,0.7000000000000011,64.645,-10.105,12.735,1.100036656660646,0.11862188664083972,0.09093938535735478
2.28,65.31,-10.12,13.085,64.99,-9.885,13.045,1.0898297620306552,0.330134889356254,0.847797467387076,0.610568730264444,0.3200000000000074,0.23499999999999943,0.040000000000000924,65.15,-10.0025,13.065000000000001,3.3011650506088643,0.7596948726744012,0.6970766430178986
2.29,65.31,-10.12,13.085,65.12,-9.99,13.125,0.8484314120060701,0.198709999148083,0.660009505544446,0.475327163933067,0.18999999999999773,0.129999999999999,0.03999999999999915,65.215,-10.055,13.105,4.269696599938607,0.6497214128579871,0.7657913213702976
2.30,65.31,-10.12,13.085,64.835,-10.18,12.685,1.0898297620306552,0.47845939797979,0.847797467387076,0.610568730264444,0.4750000000000085,0.0600000000000005,0.40000000000000036,65.07249999999999,-10.149999999999999,12.885000000000002,2.277789430732218,0.6113703640508652,0.560977856166026
2.31,65.31,-10.12,13.085,64.965,-10.015,13.515,0.9557195675725523,0.422380698517312,0.743470822264689,0.535434526996009,0.34499999999999886,0.10499999999999865,0.4299999999999997,65.1375,-10.067499999999999,13.3,2.2626970613589323,0.5333388690552403,0.5580495436039118
2.32,65.31,-10.12,13.085,65.235,-10.04,12.86,1.0630077231390345,0.154407924946124,0.826932138207015,0.595541889498709,0.07500000000000284,0.08000000000000007,0.22500000000000142,65.27250000000001,-10.079999999999998,12.9725,6.884411642896746,0.9085997981929105,0.8547443048250809
2.33,65.31,-10.12,13.085,65.245,-10.085,13.275,0.6338551008731055,0.143739803233296,0.493086872881876,0.355112438367425,0.06499999999999773,0.034999999999998366,0.1899999999999995,65.2775,-10.1025,13.18,4.409739558600838,0.4901152976398095,0.7732292383408599
2.34,65.31,-10.12,13.085,64.935,-10.03,13.795,0.8216093731144494,0.570777387079447,0.639144176364385,0.460300323167332,0.375,0.08999999999999986,0.7099999999999991,65.1225,-10.075,13.440000000000001,1.4394567659363704,0.25083198603500234,0.30529348123048766
2.35,65.31,-10.12,13.085,65.28,-9.95,13.4,0.9557195675725523,0.283297568858979,0.743470822264689,0.535434526996009,0.030000000000001137,0.16999999999999993,0.3149999999999995,65.295,-10.035,13.2425,3.373553709085094,0.6724219987135733,0.7035766775372113
2.36,65.31,-10.12,13.085,65.285,-10.085,13.05,0.9825416064641728,0.0382732648285385,0.764336150666832,0.550461367201502,0.025000000000005684,0.034999999999998366,0.03500000000000014,65.2975,-10.1025,13.0675,25.671747241687946,0.9442683416356342,0.9610466716749865
2.37,65.31,-10.12,13.085,65.35,-10.19,13.12,0.8484314120060701,0.0671010681212773,0.660009505544446,0.475327163933067,0.03999999999999204,0.07000000000000028,0.034999999999998366,65.33,-10.155,13.1025,12.64408187703582,0.7813303438847928,0.9209116163161238
2.38,65.31,-10.12,13.085,65.23,-10.02,13.1,1.0898297620306552,0.11172538201069,0.847797467387076,0.610568730264444,0.0799999999999983,0.09999999999999964,0.014999999999998792,65.27000000000001,-10.07,13.092500000000001,9.754540397739152,0.9781043800199651,0.897483637536198
2.39,65.31,-10.12,13.085,65.155,-10.19,13.345,0.660677139764726,0.204218175511964,0.513952202061937,0.370139279133161,0.15500000000000114,0.07000000000000028,0.2599999999999998,65.2325,-10.155,13.215,3.2351534571949356,0.456458964252762,0.6908956524883185
2.40,65.31,-10.12,13.085,65.18,-10.23,13.205,0.7679652953312082,0.149008890681465,0.597413518004263,0.430246641635861,0.12999999999999545,0.11000000000000121,0.11999999999999922,65.245,-10.175,13.145,5.153821940860286,0.6189564046497431,0.8059692379417097
2.41,65.31,-10.12,13.085,65.21,-10.05,12.635,1.4385162676217225,0.290562435278466,1.11904674594995,0.805917659658763,0.10000000000000853,0.06999999999999851,0.45000000000000107,65.25999999999999,-10.085,12.86,4.950799167457053,1.1479538323432565,0.7980124086070567
2.42,65.31,-10.12,13.085,65.45,-10.025,12.355,1.3848721898384815,0.469292833150755,1.07731608758983,0.775863978127292,0.14000000000000057,0.09499999999999886,0.7300000000000004,65.38,-10.0725,12.72,2.950976637741728,0.9155793566877265,0.6611291372190685
2.43,65.31,-10.12,13.085,65.3,-10.125,13.11,0.6338551008731055,0.0174086166471392,0.493086872881876,0.355112438367425,0.010000000000005116,0.005000000000000782,0.02499999999999858,65.305,-10.122499999999999,13.0975,36.41042119029298,0.6164464842259663,0.9725353356063634
2.44,65.31,-10.12,13.085,65.37,-10.27,13.31,0.7679652953312082,0.171275761477151,0.597413518004263,0.430246641635861,0.060000000000002274,0.15000000000000036,0.22499999999999964,65.34,-10.195,13.197500000000002,4.483794345587329,0.5966895338540572,0.7769746064107523
2.45,65.31,-10.12,13.085,65.34,-10.215,13.39,0.8752534508976906,0.190219284510955,0.680874834724506,0.490354004698802,0.030000000000001137,0.09500000000000064,0.3049999999999997,65.325,-10.1675,13.2375,4.601286607436466,0.6850341663867356,0.7826694826526776
2.46,65.31,-10.12,13.085,65.46,-10.28,13.655,0.902075489789311,0.37045708447557,0.701740163904567,0.505380845464538,0.14999999999999147,0.16000000000000014,0.5699999999999985,65.38499999999999,-10.2,13.370000000000001,2.4350337060803735,0.5316184053137409,0.589328067043012
2.47,65.31,-10.12,13.085,65.16,-10.11,13.215,0.7679652953312082,0.150164996813235,0.597413518004263,0.430246641635861,0.15000000000000568,0.009999999999999787,0.129999999999999,65.235,-10.114999999999998,13.15,5.11414315262969,0.6178002985179731,0.8044638233906968
2.48,65.31,-10.12,13.085,65.27,-10.015,13.005,1.1434738398138964,0.0971603926119435,0.889528125747198,0.640622411795915,0.04000000000000625,0.10499999999999865,0.08000000000000007,65.28999999999999,-10.067499999999999,13.045000000000002,11.76892967705448,1.0463134472019529,0.9150305060386976
2.49,65.31,-10.12,13.085,65.465,-9.945,12.015,0.9825416064641728,0.679037218283667,0.764336150666832,0.550461367201502,0.15500000000000114,0.17499999999999893,1.0700000000000003,65.3875,-10.032499999999999,12.55,1.4469628152351943,0.30350438818050574,0.3088972374043434
2.50,65.31,-10.12,13.085,65.81,-9.595,11.49,1.33122811205524,1.09484739549437,1.03558542922971,0.745810296595821,0.5,0.5249999999999986,1.5950000000000006,65.56,-9.8575,12.287500000000001,1.2159028886744816,0.23638071656087,0.17756589891897906
3.1,50.595,-26.245,-17.51,50.625,-26.28,-17.93,1.3465549914218806,0.231895104951547,1.04750847414206,0.754397062507566,0.030000000000001137,0.03500000000000014,0.41999999999999815,50.61,-26.262500000000003,-17.72,5.806741741687445,1.1146598864703336,0.8277863828387237
3.2,50.595,-26.245,-17.51,50.465,-26.34,-17.665,0.8867486104226707,0.153951384007226,0.689817118214294,0.496794078992551,0.12999999999999545,0.09499999999999886,0.15499999999999758,50.53,-26.2925,-17.5875,5.759926163581117,0.7327972264154448,0.8263866635660908
3.3,50.595,-26.245,-17.51,50.345,-26.09,-18.15,1.3465549914218806,0.465869422713355,1.04750847414206,0.754397062507566,0.25,0.15500000000000114,0.639999999999997,50.47,-26.1675,-17.83,2.890412898723319,0.8806855687085255,0.654028668464959
3.4,50.595,-26.245,-17.51,50.795,-25.555,-18.69,1.2545937152220388,0.869385842915846,0.975970203112092,0.702876465916612,0.20000000000000284,0.6900000000000013,1.1799999999999997,50.695,-25.9,-18.1,1.443080450414465,0.3852078723061928,0.30703794170607696
3.5,50.595,-26.245,-17.51,50.81,-26.305,-17.325,0.42694222942346105,0.245330608213706,0.332125762286526,0.239191095477535,0.2150000000000034,0.05999999999999872,0.18500000000000227,50.7025,-26.275,-17.4175,1.7402729760946962,0.18161162120975505,0.4253775060612398
3.6,50.595,-26.245,-17.51,50.72,-25.47,-18.825,1.4385162676217225,0.952312348722069,1.11904674594995,0.805917659658763,0.125,0.7750000000000021,1.3149999999999977,50.6575,-25.8575,-18.1675,1.5105508902006273,0.4862039188996534,0.3379898646301006
3.7,50.595,-26.245,-17.51,50.265,-26.015,-17.625,0.610864781823145,0.362751112149697,0.475202305124384,0.342232289219687,0.3299999999999983,0.23000000000000043,0.11499999999999844,50.43,-26.130000000000003,-17.567500000000003,1.6839776907067918,0.24811366967344795,0.40616790597548785
3.8,50.595,-26.245,-17.51,50.73,-26.485,-17.745,0.8867486104226707,0.195751207614916,0.689817118214294,0.496794078992551,0.134999999999998,0.23999999999999844,0.23499999999999943,50.662499999999994,-26.365000000000002,-17.6275,4.529977703315706,0.6909974028077548,0.7792483618318172
3.9,50.595,-26.245,-17.51,50.895,-25.745,-18.1,1.3465549914218806,0.567338858937342,1.04750847414206,0.754397062507566,0.30000000000000426,0.5,0.5899999999999999,50.745000000000005,-25.995,-17.805,2.3734580627362574,0.7792161324845386,0.5786738283024443
3.10,50.595,-26.245,-17.51,50.54,-26.515,-16.8,0.7947873342228289,0.472945280877979,0.618278847184324,0.445273482401596,0.054999999999999716,0.2699999999999996,0.7100000000000009,50.567499999999995,-26.380000000000003,-17.155,1.68050589503055,0.3218420533448499,0.40494109440560894
3.11,50.595,-26.245,-17.51,50.31,-25.7,-17.625,1.3465549914218806,0.415668996966332,1.04750847414206,0.754397062507566,0.2849999999999966,0.5450000000000017,0.11499999999999844,50.4525,-25.9725,-17.567500000000003,3.2394886267918097,0.9308859944555485,0.691309303886119
3.12,50.595,-26.245,-17.51,50.52,-25.04,-19.08,1.4385162676217225,1.22979708992257,1.11904674594995,0.805917659658763,0.07499999999999574,1.2050000000000018,1.5699999999999967,50.557500000000005,-25.6425,-18.295,1.1697183854472897,0.20871917769915238,0.1450933731177968
3.13,50.595,-26.245,-17.51,50.45,-25.41,-18.55,1.4385162676217225,0.842219966690437,1.11904674594995,0.805917659658763,0.14499999999999602,0.8350000000000009,1.0399999999999991,50.5225,-25.8275,-18.03,1.7080054175947272,0.5962963009312855,0.4145217638050152
3.14,50.595,-26.245,-17.51,50.18,-25.92,-18.115,1.0706711628223546,0.594497571662985,0.832893661052152,0.599835272734702,0.41499999999999915,0.3249999999999993,0.6049999999999969,50.3875,-26.082500000000003,-17.8125,1.800968098198288,0.47617359115936964,0.4447430800876376
3.15,50.595,-26.245,-17.51,50.225,-26.34,-17.65,0.7028260580229869,0.377452217330332,0.546740576154354,0.393752885810641,0.36999999999999744,0.09499999999999886,0.13999999999999702,50.41,-26.2925,-17.58,1.8620265662550692,0.3253738406926549,0.46295073512920654
3.16,50.595,-26.245,-17.51,50.815,-25.98,-17.235,0.3349809532236191,0.27381352631515,0.260587491256556,0.187670498886581,0.21999999999999886,0.26500000000000057,0.27500000000000213,50.705,-26.1125,-17.372500000000002,1.2233908109224547,0.0611674269084691,0.18259971540840592
3.17,50.595,-26.245,-17.51,50.56,-26.48,-17.62,0.7947873342228289,0.115763279420376,0.618278847184324,0.445273482401596,0.03499999999999659,0.23499999999999943,0.10999999999999943,50.5775,-26.3625,-17.565,6.8656255363245124,0.6790240548024529,0.8543468481566578
3.18,50.595,-26.245,-17.51,50.615,-26.53,-17.735,1.2545937152220388,0.152730014253559,0.975970203112092,0.702876465916612,0.020000000000003126,0.28500000000000014,0.22499999999999787,50.605000000000004,-26.387500000000003,-17.622500000000002,8.214454199714378,1.1018637009684797,0.8782633666351563
3.19,50.595,-26.245,-17.51,50.125,-25.425,-18.035,1.3465549914218806,0.751771586627364,1.04750847414206,0.754397062507566,0.46999999999999886,0.8200000000000003,0.5249999999999986,50.36,-25.835,-17.7725,1.7911756889771382,0.5947834047945166,0.44170747436371227
3.20,50.595,-26.245,-17.51,50.39,-26.01,-17.41,0.3349809532236191,0.232576539921358,0.260587491256556,0.187670498886581,0.2049999999999983,0.23499999999999943,0.10000000000000142,50.4925,-26.1275,-17.46,1.4403041334116646,0.1024044133022611,0.30570219593410153
3.21,50.595,-26.245,-17.51,50.595,-26.38,-17.56,0.7947873342228289,0.0626125798801107,0.618278847184324,0.445273482401596,0.0,0.134999999999998,0.04999999999999716,50.595,-26.3125,-17.535,12.69373220287264,0.7321747543427182,0.921220963010745
3.22,50.595,-26.245,-17.51,50.705,-26.06,-17.53,0.8867486104226707,0.146573674157825,0.689817118214294,0.496794078992551,0.10999999999999943,0.18500000000000227,0.019999999999999574,50.65,-26.1525,-17.520000000000003,6.049849056918668,0.7401749362648458,0.8347066200389456
3.23,50.595,-26.245,-17.51,50.8,-26.05,-17.43,0.7947873342228289,0.224056904828069,0.618278847184324,0.445273482401596,0.2049999999999983,0.19500000000000028,0.08000000000000185,50.6975,-26.1475,-17.47,3.5472565832570777,0.5707304293947599,0.7180920028560197
3.24,50.595,-26.245,-17.51,50.67,-26.085,-17.285,0.3349809532236191,0.144102903430916,0.260587491256556,0.187670498886581,0.07500000000000284,0.16000000000000014,0.22500000000000142,50.6325,-26.165,-17.3975,2.324595430928399,0.1908780497927031,0.569817619139269
3.25,50.595,-26.245,-17.51,50.71,-26.255,-17.465,0.518903505623303,0.118109991246966,0.403664034094413,0.290711692628732,0.11500000000000199,0.00999999999999801,0.045000000000001705,50.6525,-26.25,-17.4875,4.393392089454079,0.40079351437633703,0.772385442111287
3.26,50.595,-26.245,-17.51,50.68,-26.16,-17.56,0.9787098866225127,0.103294274831005,0.761355390022181,0.548314676143748,0.08500000000000085,0.08500000000000085,0.04999999999999716,50.6375,-26.2025,-17.535,9.474967308195613,0.8754156117915077,0.894458738858838
3.27,50.595,-26.245,-17.51,50.96,-25.65,-18.115,1.4385162676217225,0.640322777182957,1.11904674594995,0.805917659658763,0.365000000000002,0.5950000000000024,0.6049999999999969,50.7775,-25.947499999999998,-17.8125,2.2465486417706364,0.7981934904387654,0.5548727587234964
3.28,50.595,-26.245,-17.51,50.775,-26.11,-17.44,0.7028260580229869,0.190933637687019,0.546740576154354,0.393752885810641,0.17999999999999972,0.13500000000000156,0.07000000000000028,50.685,-26.177500000000002,-17.475,3.6809965119612524,0.5118924203359679,0.7283344346217899
3.29,50.595,-26.245,-17.51,50.73,-26.23,-16.685,1.0706711628223546,0.486217707780336,0.832893661052152,0.599835272734702,0.134999999999998,0.015000000000000568,0.8250000000000028,50.662499999999994,-26.2375,-17.0975,2.2020406568656337,0.5844534550420186,0.5458757784747725
3.30,50.595,-26.245,-17.51,50.71,-25.965,-17.23,0.42694222942346105,0.204254560235216,0.332125762286526,0.239191095477535,0.11500000000000199,0.28000000000000114,0.28000000000000114,50.6525,-26.105,-17.37,2.090245754325172,0.22268766918824506,0.5215873561333418
3.31,50.595,-26.245,-17.51,50.435,-26.195,-17.36,0.610864781823145,0.178372570892421,0.475202305124384,0.342232289219687,0.1599999999999966,0.05000000000000071,0.15000000000000213,50.515,-26.22,-17.435000000000002,3.424656466755248,0.432492210930724,0.7079999094594022
3.32,50.595,-26.245,-17.51,50.395,-26.305,-17.33,0.518903505623303,0.231087536974406,0.403664034094413,0.290711692628732,0.19999999999999574,0.05999999999999872,0.18000000000000327,50.495000000000005,-26.275,-17.42,2.2454845906955567,0.287815968648897,0.5546618301383661
3.33,50.595,-26.245,-17.51,50.345,-26.49,-17.495,0.8867486104226707,0.279389962438239,0.689817118214294,0.496794078992551,0.25,0.24499999999999744,0.015000000000000568,50.47,-26.3675,-17.5025,3.173874249132404,0.6073586479844317,0.6849276561144034
3.34,50.595,-26.245,-17.51,50.6,-26.155,-18.345,1.4385162676217225,0.484683689617368,1.11904674594995,0.805917659658763,0.005000000000002558,0.08999999999999986,0.8349999999999973,50.5975,-26.200000000000003,-17.927500000000002,2.9679485723759464,0.9538325780043544,0.6630669383518649
3.35,50.595,-26.245,-17.51,50.65,-25.38,-18.585,1.4385162676217225,0.859913426033465,1.11904674594995,0.805917659658763,0.054999999999999716,0.865000000000002,1.0749999999999993,50.6225,-25.8125,-18.0475,1.672861735145043,0.5786028415882575,0.4022219659306536
3.36,50.595,-26.245,-17.51,50.31,-26.07,-18.125,1.2545937152220388,0.478901240822684,0.975970203112092,0.702876465916612,0.2849999999999966,0.1750000000000007,0.6149999999999984,50.4525,-26.1575,-17.817500000000003,2.6197336854819837,0.7756924743993547,0.618281810573067
3.37,50.595,-26.245,-17.51,50.46,-25.985,-17.19,0.610864781823145,0.225255073127399,0.475202305124384,0.342232289219687,0.134999999999998,0.26000000000000156,0.3200000000000003,50.5275,-26.115000000000002,-17.35,2.7118802281792513,0.38560970869574596,0.631252151930628
3.38,50.595,-26.245,-17.51,50.645,-25.76,-17.2,0.610864781823145,0.247589866722496,0.475202305124384,0.342232289219687,0.05000000000000426,0.48499999999999943,0.3100000000000023,50.620000000000005,-26.0025,-17.355,2.467244671368439,0.36327491510064897,0.5946895701234471
3.39,50.595,-26.245,-17.51,50.475,-26.02,-17.385,0.42694222942346105,0.161866928696432,0.332125762286526,0.239191095477535,0.11999999999999744,0.22500000000000142,0.125,50.535,-26.1325,-17.4475,2.6376124525507207,0.26507530072702906,0.6208692460900743
3.40,50.595,-26.245,-17.51,50.475,-26.335,-17.315,0.7028260580229869,0.179288800736281,0.546740576154354,0.393752885810641,0.11999999999999744,0.08999999999999986,0.19500000000000028,50.535,-26.29,-17.4125,3.920077836522026,0.5235372572867059,0.7449030248173863
3.41,50.595,-26.245,-17.51,50.47,-26.235,-17.205,0.610864781823145,0.211659621696046,0.475202305124384,0.342232289219687,0.125,0.010000000000001563,0.30500000000000327,50.5325,-26.240000000000002,-17.3575,2.8860713916152916,0.39920516012709895,0.6535082253099459
3.42,50.595,-26.245,-17.51,50.39,-26.425,-17.795,0.7028260580229869,0.255218690039294,0.546740576154354,0.393752885810641,0.2049999999999983,0.17999999999999972,0.28500000000000014,50.4925,-26.335,-17.652500000000003,2.753818911777031,0.44760736798369294,0.6368679166590966
3.43,50.595,-26.245,-17.51,50.365,-26.865,-17.335,0.610864781823145,0.423183565737451,0.475202305124384,0.342232289219687,0.22999999999999687,0.6199999999999974,0.1750000000000007,50.480000000000004,-26.555,-17.4225,1.4434983535221584,0.187681216085694,0.3072385597649205
3.44,50.595,-26.245,-17.51,50.3,-26.08,-17.42,0.7028260580229869,0.305319828232357,0.546740576154354,0.393752885810641,0.2950000000000017,0.1650000000000027,0.08999999999999986,50.4475,-26.1625,-17.465000000000003,2.301933876322577,0.39750622979062994,0.5655826568855623
3.45,50.595,-26.245,-17.51,50.645,-26.41,-17.615,0.7947873342228289,0.0957781262459254,0.618278847184324,0.445273482401596,0.05000000000000426,0.16499999999999915,0.10499999999999687,50.620000000000005,-26.3275,-17.5625,8.298213350758962,0.6990092079769035,0.8794921320442622
3.46,50.595,-26.245,-17.51,50.43,-25.94,-17.8,0.9787098866225127,0.308416281761803,0.761355390022181,0.548314676143748,0.16499999999999915,0.3049999999999997,0.28999999999999915,50.5125,-26.0925,-17.655,3.1733405184005563,0.6702936048607097,0.684874663409185
3.47,50.595,-26.245,-17.51,50.6,-26.6,-17.55,0.7028260580229869,0.169324530676207,0.546740576154354,0.393752885810641,0.005000000000002558,0.3550000000000004,0.03999999999999915,50.5975,-26.4225,-17.53,4.150763336330821,0.5335015273467799,0.7590804588099813
3.48,50.595,-26.245,-17.51,50.675,-26.435,-17.315,0.518903505623303,0.187310732054567,0.403664034094413,0.290711692628732,0.0799999999999983,0.18999999999999773,0.19500000000000028,50.635,-26.34,-17.4125,2.7702817514046942,0.331592773568736,0.6390258869640963
3.49,50.595,-26.245,-17.51,50.37,-25.915,-17.87,1.0706711628223546,0.378130525662577,0.832893661052152,0.599835272734702,0.22500000000000142,0.33000000000000185,0.35999999999999943,50.4825,-26.08,-17.69,2.8314856572734817,0.6925406371597777,0.6468285133293117
3.50,50.595,-26.245,-17.51,50.535,-26.025,-18.495,1.3465549914218806,0.60118459437465,1.04750847414206,0.754397062507566,0.060000000000002274,0.22000000000000242,0.9849999999999994,50.565,-26.134999999999998,-18.0025,2.2398361531248585,0.7453703970472306,0.5535387720828436
4.1,49.93,-16.24,-10.795,49.49,-16.285,-11.195,1.1702958787055167,0.510028337973891,0.910393454927258,0.655649252561651,0.4399999999999977,0.045000000000001705,0.40000000000000036,49.71,-16.2625,-10.995000000000001,2.294570299877838,0.6602675407316256,0.5641885545198789
4.2,49.93,-16.24,-10.795,48.9,-16.115,-10.645,1.0630077231390345,1.03487976023619,0.826932138207015,0.595541889498709,1.0300000000000011,0.125,0.15000000000000036,49.415,-16.1775,-10.719999999999999,1.027179932351991,0.02812796290284436,0.02646073237673427
4.3,49.93,-16.24,-10.795,49.44,-15.32,-10.605,1.0898297620306552,0.798791444223734,0.847797467387076,0.610568730264444,0.490000000000002,0.9199999999999982,0.1899999999999995,49.685,-15.78,-10.7,1.3643483146284874,0.29103831780692113,0.2670493389697733
4.4,49.93,-16.24,-10.795,49.34,-16.25,-11.115,1.036185684247414,0.626343407835638,0.806066809026954,0.580515048732973,0.5899999999999963,0.010000000000001563,0.3200000000000003,49.635000000000005,-16.244999999999997,-10.955,1.6543411643361363,0.40984227641177595,0.3955297609751445
4.5,49.93,-16.24,-10.795,50.19,-16.36,-10.53,1.0630077231390345,0.339470906105019,0.826932138207015,0.595541889498709,0.259999999999998,0.120000000000001,0.26500000000000057,50.06,-16.299999999999997,-10.6625,3.131366196309074,0.7235368170340155,0.6806505734659944
4.6,49.93,-16.24,-10.795,49.6,-16.53,-10.905,1.036185684247414,0.382312968686146,0.806066809026954,0.580515048732973,0.3299999999999983,0.2900000000000027,0.10999999999999943,49.765,-16.384999999999998,-10.85,2.7103074350264778,0.653872715561268,0.6310381670686179
4.7,49.93,-16.24,-10.795,50.48,-15.53,-10.515,1.0093636453557935,0.732185427835936,0.785201479846893,0.565488207967238,0.5499999999999972,0.7099999999999991,0.27999999999999936,50.205,-15.884999999999998,-10.655000000000001,1.3785628689176852,0.2771782175198575,0.27460689566201607
4.8,49.93,-16.24,-10.795,50.78,-16.09,-11.28,1.1971179175971374,0.926054753634451,0.931258784107319,0.670676093327386,0.8500000000000014,0.14999999999999858,0.48499999999999943,50.355000000000004,-16.165,-11.0375,1.2927074901415363,0.27106316396268637,0.22642979421804682
4.9,49.93,-16.24,-10.795,49.36,-16.085,-11.02,0.9825416064641728,0.607410729311128,0.764336150666832,0.550461367201502,0.5700000000000003,0.15499999999999758,0.22499999999999964,49.644999999999996,-16.1625,-10.907499999999999,1.6175901370081085,0.3751308771530447,0.38179642908071293
4.10,49.93,-16.24,-10.795,49.63,-16.565,-10.9,0.6874991786563465,0.369572156962627,0.534817531241998,0.385166119898896,0.29999999999999716,0.32500000000000284,0.10500000000000043,49.78,-16.4025,-10.8475,1.8602569588747802,0.31792702169371945,0.46243985607755717
4.11,49.93,-16.24,-10.795,49.955,-16.275,-10.845,1.1434738398138964,0.042956835279062,0.889528125747198,0.640622411795915,0.02499999999999858,0.03500000000000014,0.05000000000000071,49.942499999999995,-16.2575,-10.82,26.61913536615004,1.1005170045348345,0.9624330397899733
4.12,49.93,-16.24,-10.795,49.52,-16.08,-11.06,0.9288975286809318,0.473221524911691,0.722605493084628,0.520407686230273,0.4099999999999966,0.16000000000000014,0.26500000000000057,49.725,-16.159999999999997,-10.9275,1.9629232353523063,0.4556760037692408,0.4905557278484329
4.13,49.93,-16.24,-10.795,48.67,-16.21,-10.885,1.1434738398138964,1.25987228239543,0.889528125747198,0.640622411795915,1.259999999999998,0.029999999999997584,0.08999999999999986,49.3,-16.225,-10.84,0.9076109180941475,0.11639844258153365,0.10179370828342177
4.14,49.93,-16.24,-10.795,49.695,-16.175,-10.855,0.8484314120060701,0.244975628665693,0.660009505544446,0.475327163933067,0.23499999999999943,0.06499999999999773,0.0600000000000005,49.8125,-16.2075,-10.825,3.46332985515288,0.6034557833403771,0.7112605380820096
4.15,49.93,-16.24,-10.795,48.685,-16.2,-11.045,1.1702958787055167,1.25558254537558,0.910393454927258,0.655649252561651,1.2449999999999974,0.03999999999999915,0.25,49.307500000000005,-16.22,-10.92,0.9320740257848792,0.08528666667006335,0.07287615734537504
4.16,49.93,-16.24,-10.795,49.755,-15.995,-10.865,0.9825416064641728,0.259873282319079,0.764336150666832,0.550461367201502,0.17499999999999716,0.24499999999999922,0.07000000000000028,49.8425,-16.1175,-10.83,3.7808488580097057,0.7226683241450937,0.7355091312725349
4.17,49.93,-16.24,-10.795,49.455,-16.345,-10.995,0.7947873342228289,0.492645101470724,0.618278847184324,0.445273482401596,0.4750000000000014,0.10500000000000043,0.1999999999999993,49.692499999999995,-16.292499999999997,-10.895,1.6133060701035995,0.3021422327521049,0.3801548154606608
4.18,49.93,-16.24,-10.795,49.75,-16.005,-10.91,0.8216093731144494,0.270979405964219,0.639144176364385,0.460300323167332,0.17999999999999972,0.23499999999999943,0.11500000000000021,49.84,-16.1225,-10.8525,3.0319993032641674,0.5506299671502304,0.6701846211817055
4.19,49.93,-16.24,-10.795,49.335,-15.585,-10.855,1.0093636453557935,0.763693616286965,0.785201479846893,0.565488207967238,0.5949999999999989,0.6549999999999976,0.0600000000000005,49.6325,-15.9125,-10.825,1.321686632581238,0.2456700290688285,0.2433910018017744
4.20,49.93,-16.24,-10.795,49.605,-15.835,-10.72,0.7679652953312082,0.426032110546206,0.597413518004263,0.430246641635861,0.32500000000000284,0.4049999999999976,0.07499999999999929,49.7675,-16.0375,-10.7575,1.802599556507649,0.3419331847850022,0.44524562036659165
4.21,49.93,-16.24,-10.795,49.79,-16.06,-11.01,1.036185684247414,0.259278699053408,0.806066809026954,0.580515048732973,0.14000000000000057,0.17999999999999972,0.21499999999999986,49.86,-16.15,-10.9025,3.996416535696813,0.776906985194006,0.7497758328986189
4.22,49.93,-16.24,-10.795,49.665,-16.405,-10.63,1.0093636453557935,0.321652118544389,0.785201479846893,0.565488207967238,0.26500000000000057,0.1650000000000027,0.16499999999999915,49.7975,-16.322499999999998,-10.7125,3.138059984760952,0.6877115268114045,0.6813317770006064
4.23,49.93,-16.24,-10.795,49.795,-16.255,-10.925,1.0093636453557935,0.159068345312644,0.785201479846893,0.565488207967238,0.134999999999998,0.015000000000000568,0.13000000000000078,49.8625,-16.2475,-10.86,6.345471420014136,0.8502953000431495,0.8424072960355324
4.24,49.93,-16.24,-10.795,49.71,-16.08,-10.965,0.9288975286809318,0.285788634196954,0.722605493084628,0.520407686230273,0.21999999999999886,0.16000000000000014,0.16999999999999993,49.82,-16.159999999999997,-10.879999999999999,3.2502955481094378,0.6431088944839778,0.6923356709807164
4.25,49.93,-16.24,-10.795,49.875,-16.135,-10.92,0.9288975286809318,0.138454216362745,0.722605493084628,0.520407686230273,0.054999999999999716,0.10499999999999687,0.125,49.9025,-16.1875,-10.8575,6.70905911263977,0.7904433123181868,0.8509478032412221
4.26,49.93,-16.24,-10.795,50.575,-16.07,-11.11,1.2507619953803784,0.699574321336938,0.972989441689524,0.700729774298615,0.6450000000000031,0.16999999999999815,0.3149999999999995,50.2525,-16.155,-10.9525,1.7878900860771878,0.5511876740434404,0.4406815010677816
4.27,49.93,-16.24,-10.795,49.245,-16.245,-11.115,0.9825416064641728,0.716677294197406,0.764336150666832,0.550461367201502,0.6850000000000023,0.005000000000002558,0.3200000000000003,49.5875,-16.2425,-10.955,1.3709679559382937,0.26586431226676677,0.27058834989485286
4.28,49.93,-16.24,-10.795,49.305,-15.56,-10.995,1.0898297620306552,0.82500648214598,0.847797467387076,0.610568730264444,0.625,0.6799999999999979,0.1999999999999993,49.6175,-15.899999999999999,-10.895,1.32099539130266,0.26482327988467513,0.24299508865333314
4.29,49.93,-16.24,-10.795,49.8,-15.925,-10.375,0.9557195675725523,0.329136203418095,0.743470822264689,0.535434526996009,0.13000000000000256,0.3149999999999977,0.41999999999999993,49.864999999999995,-16.0825,-10.585,2.9037205714340715,0.6265833641544573,0.6556142458088541
4.30,49.93,-16.24,-10.795,50.705,-16.055,-11.34,1.1166518009222757,0.881375340182104,0.868662796567137,0.62559557103018,0.7749999999999986,0.18499999999999872,0.5449999999999999,50.317499999999995,-16.1475,-11.067499999999999,1.2669424123264195,0.23527646074017172,0.21069814272914061
4.31,49.93,-16.24,-10.795,49.475,-16.335,-10.91,1.1702958787055167,0.462727457976364,0.910393454927258,0.655649252561651,0.4549999999999983,0.09500000000000242,0.11500000000000021,49.7025,-16.2875,-10.8525,2.529125635410573,0.7075684207291526,0.6046064358589377
4.32,49.93,-16.24,-10.795,49.37,-16.405,-11.255,1.1702958787055167,0.631297423466139,0.910393454927258,0.655649252561651,0.5600000000000023,0.1650000000000027,0.46000000000000085,49.65,-16.322499999999998,-11.025,1.8537947936270853,0.5389984552393776,0.46056596847543085
4.33,49.93,-16.24,-10.795,49.78,-16.12,-10.89,0.7947873342228289,0.192062896872829,0.618278847184324,0.445273482401596,0.14999999999999858,0.11999999999999744,0.09500000000000064,49.855000000000004,-16.18,-10.842500000000001,4.138161732564731,0.6027244373499999,0.7583468062950681
4.34,49.93,-16.24,-10.795,49.705,-16.065,-11.01,0.9557195675725523,0.311531629213727,0.743470822264689,0.535434526996009,0.22500000000000142,0.17499999999999716,0.21499999999999986,49.817499999999995,-16.1525,-10.9025,3.0678090918629306,0.6441879383588253,0.6740344757416386
4.35,49.93,-16.24,-10.795,49.8,-16.05,-10.99,0.8752534508976906,0.249526310352824,0.680874834724506,0.490354004698802,0.13000000000000256,0.18999999999999773,0.19500000000000028,49.864999999999995,-16.145,-10.8925,3.50765995839254,0.6257271405448666,0.7149096518136424
4.36,49.93,-16.24,-10.795,49.215,-15.955,-10.445,1.1434738398138964,0.760167308616988,0.889528125747198,0.640622411795915,0.7149999999999963,0.28499999999999837,0.34999999999999964,49.572500000000005,-16.0975,-10.620000000000001,1.5042396921672918,0.3833065311969084,0.33521233063283745
4.37,49.93,-16.24,-10.795,49.425,-16.36,-11.075,0.9288975286809318,0.535846857932968,0.722605493084628,0.520407686230273,0.5050000000000026,0.120000000000001,0.27999999999999936,49.677499999999995,-16.299999999999997,-10.934999999999999,1.7335130610462952,0.39305067074796374,0.4231367381103632
4.38,49.93,-16.24,-10.795,49.56,-15.835,-10.17,0.8752534508976906,0.569269076439599,0.680874834724506,0.490354004698802,0.36999999999999744,0.4049999999999976,0.625,49.745000000000005,-16.0375,-10.4825,1.5375039424841364,0.30598437445809157,0.349595164457413
4.39,49.93,-16.24,-10.795,49.79,-15.98,-10.785,0.9288975286809318,0.229198947397079,0.722605493084628,0.520407686230273,0.14000000000000057,0.259999999999998,0.009999999999999787,49.86,-16.11,-10.79,4.0528001335837285,0.6996985812838528,0.7532570158994751
4.40,49.93,-16.24,-10.795,50.11,-16.255,-10.65,0.7143212175479672,0.206279766270629,0.555682860422059,0.400192960664632,0.17999999999999972,0.015000000000000568,0.14499999999999957,50.019999999999996,-16.2475,-10.7225,3.462875816661227,0.5080414512773381,0.7112226797771132
4.41,49.93,-16.24,-10.795,50.045,-16.205,-10.72,1.1434738398138964,0.124899021486571,0.889528125747198,0.640622411795915,0.11500000000000199,0.03500000000000014,0.07499999999999929,49.9875,-16.222499999999997,-10.7575,9.155186462222643,1.0185748183273253,0.8907722957635208
4.42,49.93,-16.24,-10.795,49.905,-16.05,-10.955,0.9557195675725523,0.196424564398923,0.743470822264689,0.535434526996009,0.02499999999999858,0.18999999999999773,0.16000000000000014,49.917500000000004,-16.145,-10.875,4.865580665185947,0.7592950031736293,0.7944746849828558
4.43,49.93,-16.24,-10.795,50.38,-16.39,-11.185,1.0093636453557935,0.513946136060559,0.785201479846893,0.565488207967238,0.45000000000000284,0.15000000000000213,0.39000000000000057,50.155,-16.314999999999998,-10.99,1.9639483061954777,0.49541750929523454,0.49082162913622845
4.44,49.93,-16.24,-10.795,49.985,-16.065,-10.92,0.9288975286809318,0.177191185060732,0.722605493084628,0.520407686230273,0.054999999999999716,0.17499999999999716,0.125,49.957499999999996,-16.1525,-10.8575,5.242346130933136,0.7517063436201998,0.8092457129026971
4.45,49.93,-16.24,-10.795,50.315,-16.145,-10.895,0.9825416064641728,0.399787631096855,0.764336150666832,0.550461367201502,0.384999999999998,0.09499999999999886,0.09999999999999964,50.1225,-16.1925,-10.844999999999999,2.45765883579444,0.5827539753673178,0.5931086998659925
4.46,49.93,-16.24,-10.795,49.785,-16.185,-10.855,0.9557195675725523,0.158301448291435,0.743470822264689,0.535434526996009,0.14500000000000313,0.054999999999999716,0.0600000000000005,49.8575,-16.2125,-10.825,6.037339341177226,0.7974181192811173,0.8343641225973101
4.47,49.93,-16.24,-10.795,49.8,-16.195,-10.96,0.6874991786563465,0.179219819467092,0.534817531241998,0.385166119898896,0.13000000000000256,0.04499999999999815,0.16500000000000092,49.864999999999995,-16.2175,-10.877500000000001,3.836066663076385,0.5082793591892545,0.7393163137202915
4.48,49.93,-16.24,-10.795,49.665,-16.09,-11.08,0.7679652953312082,0.359932799635064,0.597413518004263,0.430246641635861,0.26500000000000057,0.14999999999999858,0.28500000000000014,49.7975,-16.165,-10.9375,2.1336352062835426,0.40803249569614414,0.5313163207314616
4.49,49.93,-16.24,-10.795,49.535,-16.26,-10.87,0.8484314120060701,0.397779165184995,0.660009505544446,0.475327163933067,0.3950000000000031,0.020000000000003126,0.07499999999999929,49.7325,-16.25,-10.8325,2.1329206859755203,0.4506522468210751,0.5311593134256698
4.50,49.93,-16.24,-10.795,49.47,-16.27,-11.22,0.9825416064641728,0.536771431704734,0.764336150666832,0.550461367201502,0.46000000000000085,0.030000000000001137,0.4250000000000007,49.7,-16.255,-11.0075,1.830465532625778,0.4457701747594388,0.45369088837868204
4.51,49.93,-16.24,-10.795,49.44,-16.385,-11.175,1.1434738398138964,0.546323402427818,0.889528125747198,0.640622411795915,0.490000000000002,0.14500000000000313,0.3800000000000008,49.685,-16.3125,-10.985,2.093034698201385,0.5971504373860784,0.5222248345979139
4.52,49.93,-16.24,-10.795,49.075,-15.975,-11.1,1.0630077231390345,0.910514095721775,0.826932138207015,0.595541889498709,0.8549999999999969,0.2649999999999988,0.3049999999999997,49.5025,-16.107499999999998,-10.9475,1.1674807968007297,0.15249362741725947,0.14345486298396293
4.53,49.93,-16.24,-10.795,48.585,-16.905,-11.02,1.223939956488758,1.41241695839222,0.952124112509463,0.685702933532879,1.3449999999999989,0.6650000000000027,0.22499999999999964,49.2575,-16.572499999999998,-10.907499999999999,0.8665571086143246,0.18847700190346184,0.1539920326567106
4.54,49.93,-16.24,-10.795,49.745,-16.18,-10.885,0.9557195675725523,0.202834941533002,0.743470822264689,0.535434526996009,0.18500000000000227,0.05999999999999872,0.08999999999999986,49.8375,-16.21,-10.84,4.711809294974179,0.7528846260395503,0.7877673020382401
4.55,49.93,-16.24,-10.795,49.42,-16.34,-10.99,0.9825416064641728,0.525530062462488,0.764336150666832,0.550461367201502,0.509999999999998,0.10000000000000142,0.19500000000000028,49.675,-16.29,-10.8925,1.869620169758958,0.45701154400168476,0.46513200105711466
4.56,49.93,-16.24,-10.795,50.025,-16.135,-10.97,0.8484314120060701,0.182556240254878,0.660009505544446,0.475327163933067,0.09499999999999886,0.10499999999999687,0.1750000000000007,49.9775,-16.1875,-10.8825,4.6475070157778,0.6658751717511922,0.7848308791301533
4.57,49.93,-16.24,-10.795,49.72,-16.05,-10.98,0.7143212175479672,0.295346688116374,0.555682860422059,0.400192960664632,0.21000000000000085,0.18999999999999773,0.1850000000000005,49.825,-16.145,-10.8875,2.4185854924769674,0.4189745294315932,0.5865351869054954
4.58,49.93,-16.24,-10.795,49.76,-15.97,-11.095,0.8216093731144494,0.357999110890248,0.639144176364385,0.460300323167332,0.1700000000000017,0.2699999999999978,0.3000000000000007,49.845,-16.105,-10.945,2.2950039422620985,0.4636102622242014,0.5642709015143502
4.59,49.93,-16.24,-10.795,49.85,-16.155,-10.945,0.6338551008731055,0.153656362600498,0.493086872881876,0.355112438367425,0.0799999999999983,0.0849999999999973,0.15000000000000036,49.89,-16.197499999999998,-10.870000000000001,4.125147088090084,0.4801987382726075,0.7575844019454478
4.60,49.93,-16.24,-10.795,49.42,-16.445,-11.155,0.7947873342228289,0.562900037230728,0.618278847184324,0.445273482401596,0.509999999999998,0.20500000000000185,0.35999999999999943,49.675,-16.3425,-10.975,1.4119511107530822,0.23188729699210087,0.29176018126545544
5.1,60.79,34.78,62.19,60.725,34.33,62.635,0.9288975286809318,0.374963467613528,0.722605493084628,0.520407686230273,0.06499999999999773,0.45000000000000284,0.4450000000000003,60.7575,34.555,62.412499999999994,2.4773014078295166,0.5539340610674037,0.5963349490849387
5.2,60.79,34.78,62.19,60.075,35.215,62.52,1.1971179175971374,0.64971644253842,0.931258784107319,0.670676093327386,0.7149999999999963,0.4350000000000023,0.3300000000000054,60.432500000000005,34.9975,62.355000000000004,1.8425236570549375,0.5474014750587174,0.457266127717977
5.3,60.79,34.78,62.19,60.91,34.305,64.9,1.1971179175971374,1.1527992021612,0.931258784107319,0.670676093327386,0.11999999999999744,0.4750000000000014,2.710000000000008,60.849999999999994,34.542500000000004,63.545,1.0384444353486773,0.04431871543593746,0.03702117790357117
5.4,60.79,34.78,62.19,60.67,34.46,59.805,0.902075489789311,0.773400765968345,0.701740163904567,0.505380845464538,0.11999999999999744,0.3200000000000003,2.384999999999998,60.730000000000004,34.620000000000005,60.9975,1.166375220088491,0.128674723820966,0.1426429662869749
5.5,60.79,34.78,62.19,60.87,34.1,60.725,0.5802110230898643,0.399434301166017,0.451356214521754,0.325058756835955,0.0799999999999983,0.6799999999999997,1.4649999999999963,60.83,34.44,61.457499999999996,1.4525818637596901,0.18077672192384725,0.31157064312491967
5.6,60.79,34.78,62.19,61.155,33.89,62.305,0.9557195675725523,0.601806859923132,0.743470822264689,0.535434526996009,0.365000000000002,0.8900000000000006,0.11500000000000199,60.9725,34.335,62.2475,1.5880835358150314,0.3539127076494203,0.37031020320952385
5.7,60.79,34.78,62.19,61.03,34.29,59.52,0.660677139764726,0.848475092994905,0.513952202061937,0.370139279133161,0.240000000000002,0.490000000000002,2.6699999999999946,60.91,34.535,60.855000000000004,0.7786641522428628,0.187797953230179,0.2842507204242077
5.8,60.79,34.78,62.19,60.44,34.125,61.985,0.6874991786563465,0.435199753436074,0.534817531241998,0.385166119898896,0.3500000000000014,0.6550000000000011,0.2049999999999983,60.614999999999995,34.4525,62.0875,1.579732459976221,0.2522994252202725,0.36698142003076567
5.9,60.79,34.78,62.19,60.61,34.77,61.115,1.0898297620306552,0.417432022900453,0.847797467387076,0.610568730264444,0.17999999999999972,0.00999999999999801,1.0749999999999957,60.7,34.775000000000006,61.6525,2.61079576944617,0.6723977391302022,0.6169750193464745
5.10,60.79,34.78,62.19,60.07,34.88,64.445,0.9288975286809318,0.992238737181193,0.722605493084628,0.520407686230273,0.7199999999999989,0.10000000000000142,2.2549999999999955,60.43,34.83,63.317499999999995,0.9361633374480341,0.06334120850026126,0.06818966191245919
5.11,60.79,34.78,62.19,61.19,34.185,58.675,1.036185684247414,1.15564997160803,0.806066809026954,0.580515048732973,0.3999999999999986,0.5949999999999989,3.5150000000000006,60.989999999999995,34.4825,60.4325,0.8966258891600082,0.11946428736061598,0.11529235450892282
5.12,60.79,34.78,62.19,60.795,34.36,59.31,1.0630077231390345,0.9184925936398,0.826932138207015,0.595541889498709,0.005000000000002558,0.4200000000000017,2.8799999999999955,60.792500000000004,34.57,60.75,1.157339459613072,0.1445151294992345,0.13594927507820523
5.13,60.79,34.78,62.19,60.535,34.73,59.2,1.1702958787055167,1.10390099539957,0.910393454927258,0.655649252561651,0.25500000000000256,0.05000000000000426,2.989999999999995,60.662499999999994,34.754999999999995,60.695,1.0601456856389269,0.06639488330594667,0.056733416273031495
5.14,60.79,34.78,62.19,60.67,33.96,60.145,0.9288975286809318,0.563456121177026,0.722605493084628,0.520407686230273,0.11999999999999744,0.8200000000000003,2.0449999999999946,60.730000000000004,34.370000000000005,61.167500000000004,1.64857118792489,0.36544140750390575,0.39341412354647093
5.15,60.79,34.78,62.19,60.535,33.945,59.405,0.7411432564395877,0.819454025612766,0.576548188824202,0.415219800870125,0.25500000000000256,0.8350000000000009,2.7849999999999966,60.662499999999994,34.3625,60.7975,0.9044354318485958,0.07831076917317836,0.10566212184634448
5.16,60.79,34.78,62.19,61.19,33.705,59.725,0.7947873342228289,0.750930260468602,0.618278847184324,0.445273482401596,0.3999999999999986,1.0750000000000028,2.4649999999999963,60.989999999999995,34.2425,60.957499999999996,1.058403656111095,0.04385707375422687,0.05518089155501072
5.17,60.79,34.78,62.19,60.95,34.195,63.37,0.9825416064641728,0.690867835928788,0.764336150666832,0.550461367201502,0.1600000000000037,0.5850000000000009,1.1799999999999997,60.870000000000005,34.4875,62.78,1.4221846117949322,0.2916737705353848,0.2968564062016278
5.18,60.79,34.78,62.19,61.055,34.015,56.39,1.277584034271999,1.92406213599147,0.993854770869585,0.71575661506435,0.26500000000000057,0.7650000000000006,5.799999999999997,60.9225,34.3975,59.29,0.6640035213569939,0.646478101719471,0.5060161084290905
5.19,60.79,34.78,62.19,60.73,34.81,62.95,0.8752534508976906,0.267392095688157,0.680874834724506,0.490354004698802,0.060000000000002274,0.030000000000001137,0.7600000000000051,60.76,34.795,62.57,3.273295889214126,0.6078613552095335,0.6944975239932983
5.20,60.79,34.78,62.19,61.28,33.52,59.97,0.9288975286809318,0.747724125805414,0.722605493084628,0.520407686230273,0.490000000000002,1.259999999999998,2.219999999999999,61.035,34.150000000000006,61.08,1.242299793975574,0.18117340287551775,0.19504132273637248
5.21,60.79,34.78,62.19,60.965,34.585,64.695,1.2507619953803784,0.97498503434945,0.972989441689524,0.700729774298615,0.17500000000000426,0.19500000000000028,2.5049999999999955,60.8775,34.682500000000005,63.442499999999995,1.2828525054562356,0.2757769610309283,0.2204871604901719
5.22,60.79,34.78,62.19,60.665,34.465,63.065,0.9825416064641728,0.459624984858513,0.764336150666832,0.550461367201502,0.125,0.3149999999999977,0.875,60.7275,34.6225,62.6275,2.1377027722479602,0.5229166216056598,0.53220811987316
5.23,60.79,34.78,62.19,60.645,34.51,58.105,1.1434738398138964,1.42227897267333,0.889528125747198,0.640622411795915,0.14499999999999602,0.2700000000000031,4.085000000000001,60.7175,34.644999999999996,60.147499999999994,0.8039729623933329,0.27880513285943365,0.24382292179153572
5.24,60.79,34.78,62.19,60.935,34.37,59.195,0.8484314120060701,0.971945771592885,0.660009505544446,0.475327163933067,0.14500000000000313,0.4100000000000037,2.9949999999999974,60.8625,34.575,60.692499999999995,0.8729205228628009,0.12351435958681489,0.14557966347473184
5.25,60.79,34.78,62.19,60.645,34.345,59.03,0.9288975286809318,1.0250323849251,0.722605493084628,0.520407686230273,0.14499999999999602,0.4350000000000023,3.1599999999999966,60.7175,34.5625,60.61,0.9062128586723572,0.09613485624416818,0.10349349973746799
5.26,60.79,34.78,62.19,61.425,33.325,63.24,1.2507619953803784,1.21064592811082,0.972989441689524,0.700729774298615,0.634999999999998,1.4549999999999983,1.0500000000000043,61.1075,34.0525,62.715,1.0331360848824085,0.04011606726955841,0.03207330202360771
5.27,60.79,34.78,62.19,60.825,34.725,60.605,0.7411432564395877,0.55870223207128,0.576548188824202,0.415219800870125,0.035000000000003695,0.054999999999999716,1.5850000000000009,60.807500000000005,34.7525,61.397499999999994,1.3265442888341412,0.18244102436830767,0.24616161927800964
5.28,60.79,34.78,62.19,60.895,34.585,62.28,0.8752534508976906,0.15850707077845,0.680874834724506,0.490354004698802,0.10500000000000398,0.19500000000000028,0.09000000000000341,60.8425,34.682500000000005,62.235,5.521857422999133,0.7167463801192406,0.8189015176863559
5.29,60.79,34.78,62.19,60.08,35.31,64.355,1.036185684247414,0.874478683415297,0.806066809026954,0.580515048732973,0.7100000000000009,0.5300000000000011,2.1650000000000063,60.435,35.045,63.2725,1.184918172065268,0.16170700083211698,0.1560598675839703
5.30,60.79,34.78,62.19,61.345,33.345,58.25,0.7411432564395877,1.19195568971513,0.576548188824202,0.415219800870125,0.5549999999999997,1.4350000000000023,3.9399999999999977,61.067499999999995,34.0625,60.22,0.6217875901032266,0.4508124332755423,0.6082662545335091
5.31,60.79,34.78,62.19,61.555,33.415,59.12,0.7679652953312082,1.06334783497545,0.597413518004263,0.430246641635861,0.7650000000000006,1.365000000000002,3.0700000000000003,61.1725,34.0975,60.655,0.7222145654970219,0.29538253964424177,0.38463006213349665
5.32,60.79,34.78,62.19,60.995,34.235,61.76,0.6338551008731055,0.2850552095019,0.493086872881876,0.355112438367425,0.2049999999999983,0.5450000000000017,0.4299999999999997,60.8925,34.5075,61.974999999999994,2.2236222230671365,0.3487998913712055,0.5502833223878246
5.33,60.79,34.78,62.19,60.24,34.79,62.595,0.8216093731144494,0.500885983699068,0.639144176364385,0.460300323167332,0.5499999999999972,0.00999999999999801,0.40500000000000114,60.515,34.785,62.3925,1.6403121632721902,0.32072338941538137,0.39035994417793113
5.34,60.79,34.78,62.19,60.53,35.14,65.385,0.9557195675725523,1.03560195015058,0.743470822264689,0.535434526996009,0.259999999999998,0.35999999999999943,3.1950000000000074,60.66,34.96,63.7875,0.9228638151084242,0.07988238257802771,0.08358349583376093
5.35,60.79,34.78,62.19,60.15,35.815,63.49,1.1702958787055167,0.698396010826094,0.910393454927258,0.655649252561651,0.6400000000000006,1.0349999999999966,1.3000000000000043,60.47,35.2975,62.84,1.6756909531106106,0.4718998678794226,0.4032312478090305
5.36,60.79,34.78,62.19,61.34,32.85,62.165,0.8752534508976906,1.15022728697431,0.680874834724506,0.490354004698802,0.5500000000000043,1.9299999999999997,0.02499999999999858,61.065,33.815,62.177499999999995,0.7609395639005558,0.2749738360766194,0.31416481189583634
5.37,60.79,34.78,62.19,60.625,34.515,63.42,0.8484314120060701,0.5653951227574,0.660009505544446,0.475327163933067,0.16499999999999915,0.26500000000000057,1.230000000000004,60.707499999999996,34.6475,62.805,1.5005990967302991,0.2830362892486701,0.3335994930289611
5.38,60.79,34.78,62.19,60.22,34.495,63.585,1.0630077231390345,0.789585027919324,0.826932138207015,0.595541889498709,0.5700000000000003,0.2850000000000037,1.3950000000000031,60.504999999999995,34.6375,62.8875,1.346286573586551,0.2734226952197105,0.25721609449372973
5.39,60.79,34.78,62.19,59.8,34.78,63.64,0.9825416064641728,1.01029446601391,0.764336150666832,0.550461367201502,0.990000000000002,0.0,1.4500000000000028,60.295,34.78,62.915,0.9725299291881055,0.027752859549737163,0.028245989115274327
5.40,60.79,34.78,62.19,60.075,35.135,63.69,0.6070330619814848,0.759345477762566,0.472221543701815,0.34008559760169,0.7149999999999963,0.3549999999999969,1.5,60.432500000000005,34.957499999999996,62.94,0.7994161800643227,0.15231241578108123,0.25091288278926405
5.41,60.79,34.78,62.19,60.72,34.615,62.38,1.036185684247414,0.156835112651516,0.806066809026954,0.580515048732973,0.07000000000000028,0.16499999999999915,0.19000000000000483,60.754999999999995,34.697500000000005,62.285,6.606847536386492,0.879350571595898,0.8486418835113825
5.42,60.79,34.78,62.19,60.695,34.725,63.25,1.0630077231390345,0.408903722901138,0.826932138207015,0.595541889498709,0.09499999999999886,0.054999999999999716,1.0600000000000023,60.7425,34.7525,62.72,2.5996528302492083,0.6541040002378964,0.6153332524160886
5.43,60.79,34.78,62.19,60.31,34.46,62.72,1.1166518009222757,0.534961456553741,0.868662796567137,0.62559557103018,0.4799999999999969,0.3200000000000003,0.5300000000000011,60.55,34.620000000000005,62.455,2.0873500046685125,0.5816903443685346,0.52092366068561
5.44,60.79,34.78,62.19,60.57,34.4,60.725,0.8484314120060701,0.463597499076796,0.660009505544446,0.475327163933067,0.21999999999999886,0.38000000000000256,1.4649999999999963,60.68,34.59,61.457499999999996,1.8301035097590592,0.3848339129292741,0.4535828200487914
5.45,60.79,34.78,62.19,60.995,33.9,61.94,0.6874991786563465,0.458387437401413,0.534817531241998,0.385166119898896,0.2049999999999983,0.8800000000000026,0.25,60.8925,34.34,62.065,1.4998211579574279,0.22911174125493344,0.333253839472881
5.46,60.79,34.78,62.19,60.275,34.82,63.575,1.0093636453557935,0.658485624407557,0.785201479846893,0.565488207967238,0.5150000000000006,0.03999999999999915,1.3850000000000051,60.5325,34.8,62.8825,1.5328560053699993,0.3508780209482365,0.3476230020915123
5.47,60.79,34.78,62.19,61.31,33.585,58.935,0.902075489789311,1.00319446768438,0.701740163904567,0.505380845464538,0.5200000000000031,1.1950000000000003,3.2549999999999955,61.05,34.182500000000005,60.5625,0.8992030139204419,0.10111897789506907,0.1120959153946091
5.48,60.79,34.78,62.19,60.63,34.525,64.07,0.8484314120060701,0.781789086866572,0.660009505544446,0.475327163933067,0.1599999999999966,0.25500000000000256,1.8799999999999955,60.71,34.6525,63.129999999999995,1.0852433542163638,0.06664232513949808,0.07854768708218644
5.49,60.79,34.78,62.19,61.6,32.3,58.185,1.0898297620306552,1.35116244444854,0.847797467387076,0.610568730264444,0.8100000000000023,2.480000000000004,4.0049999999999955,61.195,33.54,60.1875,0.8065867769651256,0.26133268241788477,0.23979220542771493
5.50,60.79,34.78,62.19,61.225,33.815,59.01,1.036185684247414,0.976814679521619,0.806066809026954,0.580515048732973,0.4350000000000023,0.9650000000000034,3.1799999999999997,61.0075,34.2975,60.599999999999994,1.0607802123674992,0.05937100472579493,0.057297649997566494
6.1,63.155,13.505,21.46,62.925,13.675,20.875,0.9288975286809318,0.475320800056039,0.722605493084628,0.520407686230273,0.23000000000000398,0.16999999999999993,0.5850000000000009,63.04,13.59,21.1675,1.9542538988766396,0.4535767286248928,0.4882957636680253
6.2,63.155,13.505,21.46,62.88,13.405,20.985,0.9288975286809318,0.345008981839325,0.722605493084628,0.520407686230273,0.2749999999999986,0.10000000000000142,0.4750000000000014,63.0175,13.455,21.2225,2.6923865026248635,0.5838885468416068,0.6285823012600404
6.3,63.155,13.505,21.46,62.745,13.57,21.21,1.0898297620306552,0.390592399028167,0.847797467387076,0.610568730264444,0.4100000000000037,0.0649999999999995,0.25,62.95,13.537500000000001,21.335,2.7901970492822277,0.6992373630024882,0.641602373803788
6.4,63.155,13.505,21.46,63.105,13.935,20.82,0.9825416064641728,0.629133563194825,0.764336150666832,0.550461367201502,0.05000000000000426,0.4299999999999997,0.6400000000000006,63.129999999999995,13.72,21.14,1.5617377014714593,0.3534080432693477,0.3596876107684166
6.5,63.155,13.505,21.46,62.89,13.495,21.135,0.7679652953312082,0.293834357324074,0.597413518004263,0.430246641635861,0.26500000000000057,0.010000000000001563,0.3249999999999993,63.0225,13.5,21.2975,2.613599375210603,0.4741309380071342,0.617385890055442
6.6,63.155,13.505,21.46,63.01,12.74,22.255,1.3044060731636198,0.943255884965444,1.01472010004965,0.730783455830086,0.14500000000000313,0.7650000000000006,0.7949999999999982,63.082499999999996,13.1225,21.8575,1.3828761554225875,0.3611501881981758,0.2768694468321484
6.7,63.155,13.505,21.46,63.005,13.385,21.18,0.8216093731144494,0.193885716505927,0.639144176364385,0.460300323167332,0.14999999999999858,0.120000000000001,0.28000000000000114,63.08,13.445,21.32,4.237596165841009,0.6277236566085224,0.7640171550928302
6.8,63.155,13.505,21.46,62.925,13.42,21.01,0.9288975286809318,0.311493130711274,0.722605493084628,0.520407686230273,0.23000000000000398,0.08500000000000085,0.4499999999999993,63.04,13.4625,21.235,2.982080290431366,0.6174043979696577,0.6646636235341596
6.9,63.155,13.505,21.46,63.155,13.68,19.965,1.3044060731636198,0.983432057804284,1.01472010004965,0.730783455830086,0.0,0.17499999999999893,1.495000000000001,63.155,13.592500000000001,20.7125,1.326381483586772,0.3209740153593358,0.24606908976956665
6.10,63.155,13.505,21.46,63.125,13.315,22.4,0.902075489789311,0.6408524422666,0.701740163904567,0.505380845464538,0.030000000000001137,0.19000000000000128,0.9399999999999977,63.14,13.41,21.93,1.4076180862964114,0.26122304752271097,0.2895800298200567
6.11,63.155,13.505,21.46,63.615,12.785,19.965,1.223939956488758,0.89381118756467,0.952124112509463,0.685702933532879,0.46000000000000085,0.7200000000000006,1.495000000000001,63.385000000000005,13.145,20.7125,1.3693495585507567,0.33012876892408805,0.26972627775094127
6.12,63.155,13.505,21.46,62.89,13.72,20.575,1.1166518009222757,0.673310606303651,0.868662796567137,0.62559557103018,0.26500000000000057,0.21499999999999986,0.8850000000000016,63.0225,13.6125,21.0175,1.658449738960797,0.44334119461862465,0.3970272504422854
6.13,63.155,13.505,21.46,63.475,12.495,19.985,1.223939956488758,0.916737370210412,0.952124112509463,0.685702933532879,0.3200000000000003,1.0100000000000016,1.4750000000000014,63.315,13.0,20.7225,1.3351042456933242,0.30720258627834607,0.25099481751429603
6.14,63.155,13.505,21.46,63.18,13.415,20.995,0.49974490641500263,0.252236786605093,0.388760226981572,0.279978234538748,0.02499999999999858,0.09000000000000163,0.46499999999999986,63.167500000000004,13.46,21.2275,1.9812530565423043,0.2475081198099096,0.49526891847718557
6.15,63.155,13.505,21.46,63.395,13.06,21.38,0.9557195675725523,0.393432229741731,0.743470822264689,0.535434526996009,0.240000000000002,0.4450000000000003,0.08000000000000185,63.275000000000006,13.2825,21.42,2.4291847309274854,0.5622873378308213,0.5883392538154731
6.16,63.155,13.505,21.46,63.3,12.93,21.24,0.9825416064641728,0.434285549441542,0.764336150666832,0.550461367201502,0.14499999999999602,0.5750000000000011,0.22000000000000242,63.2275,13.217500000000001,21.35,2.262432184228128,0.5482560570226307,0.557997801678462
6.17,63.155,13.505,21.46,63.22,12.31,20.635,1.1434738398138964,0.85917883057924,0.889528125747198,0.640622411795915,0.06499999999999773,1.1950000000000003,0.8249999999999993,63.1875,12.9075,21.0475,1.3308915417668046,0.28429500923465634,0.24862397292123636
6.18,63.155,13.505,21.46,63.055,12.095,20.44,1.0630077231390345,1.02168765888628,0.826932138207015,0.595541889498709,0.10000000000000142,1.4100000000000001,1.0199999999999996,63.105000000000004,12.8,20.950000000000003,1.0404429503018109,0.041320064252754474,0.03887089746805083
6.19,63.155,13.505,21.46,63.2,12.595,21.255,0.8484314120060701,0.688808003366364,0.660009505544446,0.475327163933067,0.045000000000001705,0.9100000000000001,0.20500000000000185,63.1775,13.05,21.3575,1.2317386073156105,0.15962340863970603,0.1881394373107258
6.20,63.155,13.505,21.46,62.825,13.505,21.27,0.8484314120060701,0.300856308929364,0.660009505544446,0.475327163933067,0.3299999999999983,0.0,0.19000000000000128,62.99,13.505,21.365000000000002,2.820055235687985,0.5475751030767061,0.6453970169923311
6.21,63.155,13.505,21.46,62.91,13.825,21.465,0.9825416064641728,0.326742104888405,0.764336150666832,0.550461367201502,0.24500000000000455,0.3199999999999985,0.004999999999999005,63.0325,13.665,21.4625,3.0070859823611116,0.6557995015757678,0.6674521430886893
6.22,63.155,13.505,21.46,62.935,13.365,21.68,0.8216093731144494,0.279756282308299,0.639144176364385,0.460300323167332,0.21999999999999886,0.14000000000000057,0.21999999999999886,63.045,13.435,21.57,2.9368754953361083,0.5418530908061503,0.6595020795498746
6.23,63.155,13.505,21.46,62.64,13.49,21.135,0.8216093731144494,0.474566597283288,0.639144176364385,0.460300323167332,0.5150000000000006,0.015000000000000568,0.3249999999999993,62.8975,13.4975,21.2975,1.7312836092690989,0.3470427758311614,0.4223938854217828
6.24,63.155,13.505,21.46,63.07,13.545,20.8,0.9288975286809318,0.419022795887484,0.722605493084628,0.520407686230273,0.08500000000000085,0.03999999999999915,0.6600000000000001,63.1125,13.525,21.130000000000003,2.216818596937482,0.5098747327934479,0.548903099105652
6.25,63.155,13.505,21.46,62.955,13.675,20.68,1.0630077231390345,0.573937108237872,0.826932138207015,0.595541889498709,0.20000000000000284,0.16999999999999993,0.7800000000000011,63.055,13.59,21.07,1.852132761637589,0.48907061490116244,0.46008190137778826
6.26,63.155,13.505,21.46,63.0,13.915,21.65,1.0898297620306552,0.315779508033989,0.847797467387076,0.610568730264444,0.15500000000000114,0.40999999999999837,0.18999999999999773,63.0775,13.71,21.555,3.45123648258428,0.7740502539966662,0.7102487748583293
6.27,63.155,13.505,21.46,63.13,12.57,22.19,1.33122811205524,1.03227216649563,1.03558542922971,0.745810296595821,0.02499999999999858,0.9350000000000005,0.7300000000000004,63.1425,13.037500000000001,21.825000000000003,1.2896096145698663,0.29895594555961,0.2245715385873951
6.28,63.155,13.505,21.46,62.58,13.72,20.6,1.1702958787055167,0.788205897771655,0.910393454927258,0.655649252561651,0.5750000000000028,0.21499999999999986,0.8599999999999994,62.8675,13.6125,21.03,1.484759097247703,0.3820899809338617,0.32649006764853994
6.29,63.155,13.505,21.46,63.05,14.07,22.83,1.0630077231390345,0.708682990763302,0.826932138207015,0.595541889498709,0.10500000000000398,0.5649999999999995,1.3699999999999974,63.1025,13.787500000000001,22.145,1.4999763441396037,0.3543247323757325,0.33332282007895275
6.30,63.155,13.505,21.46,63.065,13.62,20.79,0.8752534508976906,0.460758700037076,0.680874834724506,0.490354004698802,0.09000000000000341,0.11499999999999844,0.6700000000000017,63.11,13.5625,21.125,1.8995918013651603,0.4144947508606146,0.47357111241540745
6.31,63.155,13.505,21.46,63.235,13.47,21.245,1.036185684247414,0.135282927940123,0.806066809026954,0.580515048732973,0.0799999999999983,0.03500000000000014,0.21499999999999986,63.195,13.4875,21.3525,7.659397178679031,0.900902756307291,0.8694414226463464
6.32,63.155,13.505,21.46,63.195,13.285,20.245,0.8484314120060701,0.666833657736291,0.660009505544446,0.475327163933067,0.03999999999999915,0.22000000000000064,1.2149999999999999,63.175,13.395,20.8525,1.2723284148762422,0.1815977542697791,0.2140394043477971
6.33,63.155,13.505,21.46,63.1,13.65,20.925,0.902075489789311,0.393449723758966,0.701740163904567,0.505380845464538,0.054999999999999716,0.14499999999999957,0.5350000000000001,63.1275,13.5775,21.192500000000003,2.2927338183854054,0.508625766030345,0.56383946933898
6.34,63.155,13.505,21.46,63.135,13.65,22.3,0.9557195675725523,0.451012742652774,0.743470822264689,0.535434526996009,0.020000000000003126,0.14499999999999957,0.8399999999999999,63.144999999999996,13.5775,21.880000000000003,2.1190522463559085,0.5047068249197783,0.5280909186296148
6.35,63.155,13.505,21.46,63.11,12.695,21.175,1.0898297620306552,0.594601456726648,0.847797467387076,0.610568730264444,0.045000000000001705,0.8100000000000005,0.28500000000000014,63.1325,13.100000000000001,21.317500000000003,1.832874352843708,0.4952283053040072,0.4544088646715342
6.36,63.155,13.505,21.46,63.51,12.485,19.74,1.1971179175971374,1.0175014354858,0.931258784107319,0.670676093327386,0.3549999999999969,1.0200000000000014,1.7200000000000024,63.332499999999996,12.995000000000001,20.6,1.176527004946242,0.1796164821113373,0.1500407598290934
6.37,63.155,13.505,21.46,62.935,13.565,21.215,0.8752534508976906,0.254999784132448,0.680874834724506,0.490354004698802,0.21999999999999886,0.05999999999999872,0.245000000000001,63.045,13.535,21.3375,3.432369366284289,0.6202536667652425,0.7086560646181201
6.38,63.155,13.505,21.46,62.95,13.35,20.84,0.660677139764726,0.372402110080813,0.513952202061937,0.370139279133161,0.2049999999999983,0.15500000000000114,0.620000000000001,63.0525,13.4275,21.15,1.774096118433002,0.288275029683913,0.43633268338940573
6.39,63.155,13.505,21.46,63.115,13.58,21.145,0.8752534508976906,0.2263093517239,0.680874834724506,0.490354004698802,0.03999999999999915,0.07499999999999929,0.3150000000000013,63.135000000000005,13.5425,21.302500000000002,3.8675089666555222,0.6489440991737906,0.7414356353200038
6.40,63.155,13.505,21.46,62.94,13.515,21.38,0.6338551008731055,0.188733015219318,0.493086872881876,0.355112438367425,0.2150000000000034,0.009999999999999787,0.08000000000000185,63.0475,13.510000000000002,21.42,3.3584749164212555,0.44512208565378747,0.7022458040306168
6.41,63.155,13.505,21.46,63.015,13.945,21.27,0.9557195675725523,0.4334237682045,0.743470822264689,0.535434526996009,0.14000000000000057,0.4399999999999995,0.19000000000000128,63.085,13.725000000000001,21.365000000000002,2.20504650524051,0.5222957993680523,0.5464948260378775
6.42,63.155,13.505,21.46,62.84,14.12,21.405,1.0630077231390345,0.569736703442597,0.826932138207015,0.595541889498709,0.3149999999999977,0.6149999999999984,0.054999999999999716,62.9975,13.8125,21.4325,1.865787678501476,0.4932710196964375,0.4640333353136772
6.43,63.155,13.505,21.46,63.01,13.84,20.615,0.6874991786563465,0.691772143545011,0.534817531241998,0.385166119898896,0.14500000000000313,0.3349999999999991,0.8450000000000024,63.082499999999996,13.6725,21.0375,0.9938231599488948,0.004272964888664577,0.0062152290724193475
6.44,63.155,13.505,21.46,63.26,14.17,20.88,1.1166518009222757,0.766675371398598,0.868662796567137,0.62559557103018,0.10499999999999687,0.6649999999999991,0.5800000000000018,63.207499999999996,13.8375,21.17,1.4564858101920657,0.3499764295236777,0.3134159000336595
6.45,63.155,13.505,21.46,63.12,13.825,21.875,0.6338551008731055,0.254771889939032,0.493086872881876,0.355112438367425,0.035000000000003695,0.3199999999999985,0.41499999999999915,63.1375,13.665,21.6675,2.487931845765472,0.3790832109340735,0.5980597297613359
6.46,63.155,13.505,21.46,63.205,13.435,22.19,1.0630077231390345,0.4623816161995,0.826932138207015,0.595541889498709,0.04999999999999716,0.07000000000000028,0.7300000000000004,63.18,13.47,21.825000000000003,2.2989835313465483,0.6006261069395344,0.5650251576732441
6.47,63.155,13.505,21.46,63.01,13.08,19.925,1.0898297620306552,0.829582749954931,0.847797467387076,0.610568730264444,0.14500000000000313,0.4250000000000007,1.5350000000000001,63.082499999999996,13.2925,20.692500000000003,1.3137083199670612,0.2602470120757242,0.23879602200624048
6.48,63.155,13.505,21.46,63.15,13.525,22.04,0.8216093731144494,0.335562986273759,0.639144176364385,0.460300323167332,0.005000000000002558,0.019999999999999574,0.5799999999999983,63.1525,13.515,21.75,2.4484505272453183,0.48604638684069035,0.5915784339298259
6.49,63.155,13.505,21.46,63.44,13.9,21.795,0.8484314120060701,0.366369958660885,0.660009505544446,0.475327163933067,0.2849999999999966,0.3949999999999996,0.33500000000000085,63.2975,13.7025,21.6275,2.3157777804473514,0.4820614533451851,0.5681796382776508
6.50,63.155,13.505,21.46,63.33,13.86,22.435,0.9557195675725523,0.522587567081236,0.743470822264689,0.535434526996009,0.17499999999999716,0.35499999999999865,0.9749999999999979,63.2425,13.682500000000001,21.947499999999998,1.8288218586630942,0.4331320004913163,0.45319988701103553
7.1,45.64,26.295,-26.63,46.66,25.13,-26.57,1.2507619953803784,1.15874763745904,0.972989441689524,0.700729774298615,1.019999999999996,1.1650000000000027,0.05999999999999872,46.15,25.7125,-26.6,1.0794084525977576,0.09201435792133839,0.0735666403261546
7.2,45.64,26.295,-26.63,46.14,26.355,-27.08,0.902075489789311,0.53548483496689,0.701740163904567,0.505380845464538,0.5,0.05999999999999872,0.4499999999999993,45.89,26.325000000000003,-26.854999999999997,1.6845957704114853,0.3665906548224209,0.40638578319166635
7.3,45.64,26.295,-26.63,45.595,25.145,-25.255,0.8216093731144494,0.693726804348742,0.639144176364385,0.460300323167332,0.045000000000001705,1.1500000000000021,1.375,45.6175,25.72,-25.9425,1.1843413960361815,0.12788256876570736,0.15564886769158678
7.4,45.64,26.295,-26.63,45.58,25.445,-26.655,0.9288975286809318,0.470344009808333,0.722605493084628,0.520407686230273,0.060000000000002274,0.8500000000000014,0.02500000000000213,45.61,25.87,-26.6425,1.9749321928954273,0.45855351887259876,0.4936535023729775
7.5,45.64,26.295,-26.63,45.52,26.655,-27.065,0.44610082863176137,0.242861958247906,0.347029569399367,0.249924553567519,0.11999999999999744,0.35999999999999943,0.4350000000000023,45.58,26.475,-26.8475,1.8368493361959393,0.20323887038385538,0.4555895369027245
7.6,45.64,26.295,-26.63,45.585,25.36,-25.51,0.8752534508976906,0.564542818186996,0.680874834724506,0.490354004698802,0.054999999999999716,0.9350000000000023,1.1199999999999974,45.6125,25.8275,-26.07,1.5503756688609593,0.31071063271069455,0.35499503833663704
7.7,45.64,26.295,-26.63,46.835,26.115,-26.63,1.0093636453557935,1.15712610667077,0.785201479846893,0.565488207967238,1.1950000000000003,0.18000000000000327,0.0,46.2375,26.205,-26.63,0.8723021965061231,0.1477624613149766,0.1463917011955584
7.8,45.64,26.295,-26.63,46.69,26.385,-25.74,1.1166518009222757,1.14183098479466,0.868662796567137,0.62559557103018,1.0499999999999972,0.08999999999999986,0.8900000000000006,46.165,26.340000000000003,-26.185,0.9779484133942461,0.02517918387238427,0.02254882303421641
7.9,45.64,26.295,-26.63,45.865,26.215,-27.31,0.6338551008731055,0.461300068513283,0.493086872881876,0.355112438367425,0.22500000000000142,0.08000000000000185,0.6799999999999997,45.7525,26.255000000000003,-26.97,1.3740624438706133,0.1725550323598225,0.27223103805570875
7.10,45.64,26.295,-26.63,45.875,26.325,-26.475,0.472922867523382,0.245094505303175,0.367894898579428,0.264951394333255,0.23499999999999943,0.029999999999997584,0.15499999999999758,45.7575,26.310000000000002,-26.552500000000002,1.929553112620116,0.22782836222020697,0.4817452852968619
7.11,45.64,26.295,-26.63,45.495,26.685,-25.78,1.1702958787055167,0.628912477019663,0.910393454927258,0.655649252561651,0.14500000000000313,0.389999999999997,0.8499999999999979,45.567499999999995,26.490000000000002,-26.205,1.8608247086948835,0.5413834016858536,0.46260386887979366
7.12,45.64,26.295,-26.63,47.55,26.775,-26.81,1.0898297620306552,1.86547032595917,0.847797467387076,0.610568730264444,1.9099999999999966,0.4799999999999969,0.17999999999999972,46.595,26.535,-26.72,0.5842117916756917,0.7756405639285149,0.7117080026990392
7.13,45.64,26.295,-26.63,46.565,27.15,-27.125,1.0093636453557935,0.969586555359653,0.785201479846893,0.565488207967238,0.9249999999999972,0.8549999999999969,0.495000000000001,46.1025,26.7225,-26.877499999999998,1.0410247942643565,0.03977708999614049,0.039408086609569994
7.14,45.64,26.295,-26.63,46.405,25.12,-26.47,1.223939956488758,0.944661788273488,0.952124112509463,0.685702933532879,0.7650000000000006,1.1750000000000007,0.16000000000000014,46.0225,25.707500000000003,-26.549999999999997,1.2956382595193723,0.2792781682152701,0.22817963128541396
7.15,45.64,26.295,-26.63,46.835,26.105,-26.69,0.8752534508976906,1.15968604596283,0.680874834724506,0.490354004698802,1.1950000000000003,0.19000000000000128,0.060000000000002274,46.2375,26.200000000000003,-26.66,0.7547331048691526,0.2844325950651394,0.3249716918550206
7.16,45.64,26.295,-26.63,47.155,26.1,-26.36,0.9825416064641728,1.47112088091304,0.764336150666832,0.550461367201502,1.5150000000000006,0.19500000000000028,0.2699999999999996,46.3975,26.1975,-26.494999999999997,0.6678863841470861,0.4885792744488673,0.49726064599934283
7.17,45.64,26.295,-26.63,47.665,26.69,-25.54,1.2507619953803784,2.10243080601791,0.972989441689524,0.700729774298615,2.0249999999999986,0.3949999999999996,1.0899999999999999,46.6525,26.4925,-26.085,0.5949123230145492,0.8516688106375319,0.6809199616731276
7.18,45.64,26.295,-26.63,47.435,25.99,-26.27,0.9825416064641728,1.74895714882996,0.764336150666832,0.550461367201502,1.7950000000000017,0.30500000000000327,0.35999999999999943,46.5375,26.1425,-26.45,0.5617871235780127,0.7664155423657872,0.7800336764809562
7.19,45.64,26.295,-26.63,46.26,27.225,-27.025,0.660677139764726,0.727168932507818,0.513952202061937,0.370139279133161,0.6199999999999974,0.9299999999999997,0.3949999999999996,45.95,26.76,-26.8275,0.9085607337179,0.06649179274309203,0.10064188487909324
7.20,45.64,26.295,-26.63,47.625,25.91,-25.32,1.223939956488758,2.03491395390317,0.952124112509463,0.685702933532879,1.9849999999999994,0.38500000000000156,1.3099999999999987,46.6325,26.1025,-25.975,0.60147012778582,0.8109739974144121,0.6625929584637005
7.21,45.64,26.295,-26.63,46.515,25.1,-26.575,1.2507619953803784,1.05275353291597,0.972989441689524,0.700729774298615,0.875,1.1950000000000003,0.054999999999999716,46.0775,25.6975,-26.6025,1.18808624724143,0.19800846246440829,0.15831026449271046
7.22,45.64,26.295,-26.63,46.535,26.26,-26.11,0.8752534508976906,0.907178891878691,0.680874834724506,0.490354004698802,0.894999999999996,0.03500000000000014,0.5199999999999996,46.0875,26.277500000000003,-26.369999999999997,0.9648079973733807,0.031925440981000475,0.03647565275153268
7.23,45.64,26.295,-26.63,46.655,26.01,-26.805,0.902075489789311,1.00307851847754,0.701740163904567,0.505380845464538,1.0150000000000006,0.28500000000000014,0.1750000000000007,46.1475,26.152500000000003,-26.7175,0.899306955809564,0.10100302868822897,0.11196737935962753
7.24,45.64,26.295,-26.63,45.7,25.015,-25.385,0.8484314120060701,0.678493693101905,0.660009505544446,0.475327163933067,0.060000000000002274,1.2800000000000011,1.2449999999999974,45.67,25.655,-26.0075,1.2504632237284163,0.1699377189041651,0.20029635430642556
7.25,45.64,26.295,-26.63,45.63,26.425,-28.035,1.2507619953803784,0.753489254286855,0.972989441689524,0.700729774298615,0.00999999999999801,0.129999999999999,1.4050000000000011,45.635000000000005,26.36,-27.3325,1.6599599617438614,0.4972727410935234,0.3975758317990133
7.26,45.64,26.295,-26.63,46.97,26.005,-26.28,0.9825416064641728,1.29635306709187,0.764336150666832,0.550461367201502,1.3299999999999983,0.2900000000000027,0.34999999999999787,46.305,26.15,-26.455,0.7579274741181404,0.31381146062769716,0.31938745213814257
7.27,45.64,26.295,-26.63,45.61,24.865,-25.395,0.8216093731144494,0.716177536441131,0.639144176364385,0.460300323167332,0.030000000000001137,1.4300000000000033,1.2349999999999994,45.625,25.58,-26.0125,1.147214664187907,0.10543183667331835,0.1283235561752875
7.28,45.64,26.295,-26.63,46.11,26.34,-25.305,1.0630077231390345,0.883979306990391,0.826932138207015,0.595541889498709,0.46999999999999886,0.04499999999999815,1.3249999999999993,45.875,26.317500000000003,-25.9675,1.2025255721829515,0.1790284161486435,0.16841685350277638
7.29,45.64,26.295,-26.63,47.09,25.95,-26.215,0.902075489789311,1.41690653736243,0.701740163904567,0.505380845464538,1.4500000000000028,0.3450000000000024,0.41499999999999915,46.365,26.122500000000002,-26.4225,0.6366513706908798,0.5148310475731191,0.5707183631855964
7.30,45.64,26.295,-26.63,46.53,28.195,-27.15,1.3580501509468608,1.22393821475721,1.05645075840977,0.760837137361557,0.8900000000000006,1.8999999999999986,0.5199999999999996,46.085,27.245,-26.89,1.1095741055088144,0.13411193618965078,0.09875330156061751
7.31,45.64,26.295,-26.63,46.715,25.155,-26.34,1.3044060731636198,1.17143520500993,1.01472010004965,0.730783455830086,1.0750000000000028,1.1400000000000006,0.28999999999999915,46.1775,25.725,-26.485,1.1135110729739863,0.13297086815368986,0.10193977994080583
7.32,45.64,26.295,-26.63,46.32,26.495,-26.95,0.7947873342228289,0.671032511460562,0.618278847184324,0.445273482401596,0.6799999999999997,0.1999999999999993,0.3200000000000003,45.980000000000004,26.395000000000003,-26.79,1.184424479386966,0.1237548227622669,0.1557080960878304
7.33,45.64,26.295,-26.63,47.015,25.64,-25.55,1.1166518009222757,1.42606282090854,0.868662796567137,0.62559557103018,1.375,0.6550000000000011,1.0799999999999983,46.3275,25.9675,-26.09,0.7830312828910504,0.3094110199862643,0.27708818402802415
7.34,45.64,26.295,-26.63,46.415,27.31,-26.96,0.9825416064641728,0.878127192400302,0.764336150666832,0.550461367201502,0.7749999999999986,1.014999999999997,0.33000000000000185,46.0275,26.802500000000002,-26.795,1.1189057961632587,0.10441441406387075,0.1062697124179325
7.35,45.64,26.295,-26.63,47.91,26.65,-25.61,1.3580501509468608,2.31355520373228,1.05645075840977,0.760837137361557,2.269999999999996,0.3549999999999969,1.0199999999999996,46.775,26.4725,-26.119999999999997,0.5869970805836083,0.9555050527854192,0.7035859842257189
7.36,45.64,26.295,-26.63,47.35,25.905,-26.165,0.9288975286809318,1.67244639747983,0.722605493084628,0.520407686230273,1.7100000000000009,0.39000000000000057,0.46499999999999986,46.495000000000005,26.1,-26.3975,0.5554124362522189,0.7435488687988983,0.8004638240929555
7.37,45.64,26.295,-26.63,48.145,25.135,-26.055,1.2507619953803784,2.49676249793865,0.972989441689524,0.700729774298615,2.5050000000000026,1.1600000000000001,0.5749999999999993,46.8925,25.715000000000003,-26.3425,0.5009535331903077,1.2460005025582714,0.9961931256019239
7.38,45.64,26.295,-26.63,46.545,26.32,-27.61,1.0898297620306552,1.02730758758266,0.847797467387076,0.610568730264444,0.9050000000000011,0.02499999999999858,0.9800000000000004,46.0925,26.3075,-27.119999999999997,1.0608602273971857,0.06252217444799513,0.057368752963885127
7.39,45.64,26.295,-26.63,47.09,23.885,-23.53,1.223939956488758,2.09990342266562,0.952124112509463,0.685702933532879,1.4500000000000028,2.41,3.099999999999998,46.365,25.090000000000003,-25.08,0.5828553554868879,0.875963466176862,0.7156915343904097
7.40,45.64,26.295,-26.63,47.63,24.175,-24.77,1.33122811205524,2.21121986830734,1.03558542922971,0.745810296595821,1.990000000000002,2.120000000000001,1.8599999999999994,46.635000000000005,25.235,-25.7,0.6020333529619759,0.8799917562521,0.6610375394134906
7.41,45.64,26.295,-26.63,45.93,26.2,-25.285,1.036185684247414,0.784672930339672,0.806066809026954,0.580515048732973,0.28999999999999915,0.09500000000000242,1.3449999999999989,45.785,26.247500000000002,-25.9575,1.320531960339621,0.25151275390774197,0.24272942339257206
7.42,45.64,26.295,-26.63,45.385,26.72,-26.94,0.9288975286809318,0.313418362431122,0.722605493084628,0.520407686230273,0.25500000000000256,0.42499999999999716,0.3100000000000023,45.5125,26.5075,-26.785,2.963762296860662,0.6154791662498098,0.6625910249338499
7.43,45.64,26.295,-26.63,47.545,26.285,-26.845,1.1971179175971374,1.85192156187912,0.931258784107319,0.670676093327386,1.9050000000000011,0.010000000000001563,0.21499999999999986,46.5925,26.29,-26.737499999999997,0.6464193417220211,0.6548036442819827,0.5469834125023584
7.44,45.64,26.295,-26.63,47.0,26.27,-26.345,0.8484314120060701,1.32289527580216,0.660009505544446,0.475327163933067,1.3599999999999994,0.02500000000000213,0.28500000000000014,46.32,26.2825,-26.487499999999997,0.6413443504439647,0.47446386379608985,0.5592247723537499
7.45,45.64,26.295,-26.63,46.485,26.155,-25.95,0.902075489789311,0.885196897082484,0.701740163904567,0.505380845464538,0.8449999999999989,0.14000000000000057,0.6799999999999997,46.0625,26.225,-26.29,1.0190676128027443,0.01687859270682701,0.018710842805471122
7.46,45.64,26.295,-26.63,46.865,26.1,-25.55,1.223939956488758,1.30891344805287,0.952124112509463,0.685702933532879,1.2250000000000014,0.19500000000000028,1.0799999999999983,46.2525,26.1975,-26.09,0.9350808927621618,0.08497349156411182,0.0694261928816
7.47,45.64,26.295,-26.63,46.915,25.985,-27.25,1.1971179175971374,1.31487168454561,0.931258784107319,0.670676093327386,1.2749999999999986,0.3100000000000023,0.620000000000001,46.2775,26.14,-26.939999999999998,0.9104446698161194,0.11775376694847273,0.09836438425920851
7.48,45.64,26.295,-26.63,45.93,26.54,-26.515,0.3656347119568998,0.327915091962295,0.284433581859185,0.204844031270313,0.28999999999999915,0.24499999999999744,0.11499999999999844,45.785,26.4175,-26.572499999999998,1.115028615041339,0.03771961999460477,0.1031620320990996
7.49,45.64,26.295,-26.63,46.935,24.625,-24.885,1.1971179175971374,1.55460544457979,0.931258784107319,0.670676093327386,1.2950000000000017,1.6700000000000017,1.7449999999999974,46.2875,25.46,-25.7575,0.7700461367872491,0.35748752698265274,0.29862348681705514
7.50,45.64,26.295,-26.63,47.36,26.34,-27.04,1.2507619953803784,1.68038207114538,0.972989441689524,0.700729774298615,1.7199999999999989,0.04499999999999815,0.41000000000000014,46.5,26.317500000000003,-26.835,0.7443319088637405,0.4296200757650017,0.3434866721313035
8.1,46.855,11.465,-13.315,46.89,11.335,-13.23,1.1873049765392274,0.110895138373823,0.923625127166118,0.665178468711653,0.035000000000003695,0.129999999999999,0.08499999999999908,46.8725,11.4,-13.2725,10.706555609591422,1.0764098381654044,0.906599280326727
8.2,46.855,11.465,-13.315,46.87,11.455,-13.36,0.8104880399154848,0.03761380165562,0.630492698601412,0.454069682010866,0.015000000000000568,0.009999999999999787,0.04499999999999993,46.8625,11.46,-13.337499999999999,21.547623018498165,0.7728742382598648,0.953591168830655
8.3,46.855,11.465,-13.315,46.53,11.19,-13.395,0.7476852171448609,0.41039974519001,0.581637293710975,0.418884884134028,0.32499999999999574,0.27500000000000036,0.08000000000000007,46.692499999999995,11.3275,-13.355,1.8218461977281337,0.3372854719548509,0.4511062460104745
8.4,46.855,11.465,-13.315,46.61,11.26,-13.415,0.998896508227356,0.318336515630493,0.777058912494807,0.559624075081138,0.24499999999999744,0.20500000000000007,0.09999999999999964,46.7325,11.3625,-13.364999999999998,3.137863411965453,0.6805599925968631,0.6813118138967915
8.5,46.855,11.465,-13.315,46.77,11.62,-13.085,0.6848823943742373,0.252413402032655,0.532781888820538,0.38370008625719,0.08499999999999375,0.15499999999999936,0.22999999999999865,46.8125,11.5425,-13.2,2.7133360833680977,0.43246899234158226,0.6314500055228754
8.6,46.855,11.465,-13.315,46.895,11.365,-13.25,1.1559035651539156,0.0899454400592889,0.899197424331941,0.647586069493113,0.04000000000000625,0.09999999999999964,0.0649999999999995,46.875,11.415,-13.282499999999999,12.851163455766304,1.0659581250946266,0.9221860337722046
8.7,46.855,11.465,-13.315,46.71,11.275,-13.075,1.0616993309979799,0.232411516873212,0.825914317385244,0.594808872957977,0.14499999999999602,0.1899999999999995,0.2400000000000002,46.7825,11.370000000000001,-13.195,4.568187242670009,0.8292878141247679,0.7810947875083958
8.8,46.855,11.465,-13.315,46.84,11.365,-13.32,0.8104880399154848,0.0884354940578063,0.630492698601412,0.454069682010866,0.014999999999993463,0.09999999999999964,0.005000000000000782,46.8475,11.415,-13.317499999999999,9.164736844472971,0.7220525458576785,0.8908861197286586
8.9,46.855,11.465,-13.315,47.005,11.49,-13.275,0.7790866285301729,0.151636494404473,0.606064996545153,0.436477283352568,0.15000000000000568,0.025000000000000355,0.03999999999999915,46.93,11.4775,-13.295,5.137856994465933,0.6274501341256998,0.8053663230032363
8.10,46.855,11.465,-13.315,46.92,11.205,-13.25,0.6220795716036134,0.221403344947799,0.483926484708018,0.348515288940594,0.06500000000000483,0.2599999999999998,0.0649999999999995,46.8875,11.335,-13.282499999999999,2.8097117003384544,0.40067622665581437,0.644091599051949
8.11,46.855,11.465,-13.315,46.77,11.415,-13.305,0.9674950968420443,0.0922756536468404,0.752631210438547,0.54203167642284,0.08499999999999375,0.05000000000000071,0.009999999999999787,46.8125,11.44,-13.309999999999999,10.48483590330369,0.8752194431952038,0.90462416310671
8.12,46.855,11.465,-13.315,46.775,11.42,-13.25,0.9674950968420443,0.0909081121136886,0.752631210438547,0.54203167642284,0.0799999999999983,0.04499999999999993,0.0649999999999995,46.815,11.442499999999999,-13.282499999999999,10.642560533976836,0.8765869847283556,0.9060376498894359
8.13,46.855,11.465,-13.315,46.795,11.525,-13.315,0.7790866285301729,0.0777595591203161,0.606064996545153,0.436477283352568,0.05999999999999517,0.0600000000000005,0.0,46.825,11.495000000000001,-13.315,10.019174842613626,0.7013270694098568,0.9001913815833178
8.14,46.855,11.465,-13.315,46.835,11.39,-13.265,0.6848823943742373,0.0639454585072728,0.532781888820538,0.38370008625719,0.01999999999999602,0.07499999999999929,0.049999999999998934,46.845,11.4275,-13.29,10.710414776147516,0.6209369358669644,0.9066329344436844
8.15,46.855,11.465,-13.315,46.98,11.37,-13.155,0.8732908626861087,0.164051254885873,0.67934810349185,0.489254479887704,0.125,0.09500000000000064,0.16000000000000014,46.9175,11.4175,-13.235,5.32328056844404,0.7092396078002356,0.8121459152871217
8.16,46.855,11.465,-13.315,46.98,11.54,-13.35,1.0931007423832917,0.135673964600181,0.850342019441504,0.612401271616274,0.125,0.07499999999999929,0.03500000000000014,46.9175,11.5025,-13.3325,8.056820168465935,0.9574267777831107,0.8758815539908498
8.17,46.855,11.465,-13.315,46.95,11.5,-13.35,0.9674950968420443,0.0975216464914533,0.752631210438547,0.54203167642284,0.09500000000000597,0.03500000000000014,0.03500000000000014,46.9025,11.4825,-13.3325,9.920823957848278,0.8699734503505909,0.8992019208066572
8.18,46.855,11.465,-13.315,46.75,11.33,-13.345,1.0616993309979799,0.161437614128444,0.825914317385244,0.594808872957977,0.10499999999999687,0.1349999999999998,0.030000000000001137,46.802499999999995,11.3975,-13.33,6.576530074191594,0.9002617168695358,0.8479441304492115
8.19,46.855,11.465,-13.315,46.85,11.675,-13.32,0.9046922740714205,0.177944421714585,0.70377580554811,0.506846878546002,0.0049999999999954525,0.21000000000000085,0.005000000000000782,46.8525,11.57,-13.317499999999999,5.084128292812565,0.7267478523568355,0.8033094482866704
8.20,46.855,11.465,-13.315,46.85,11.455,-13.34,0.9674950968420443,0.0221940388612848,0.752631210438547,0.54203167642284,0.0049999999999954525,0.009999999999999787,0.025000000000000355,46.8525,11.46,-13.3275,43.59256371931363,0.9453010579807595,0.9770603076844652
8.21,46.855,11.465,-13.315,47.04,11.51,-13.225,0.9480561278892321,0.198659022944147,0.737509299419552,0.531141143760015,0.18500000000000227,0.04499999999999993,0.08999999999999986,46.9475,11.4875,-13.27,4.772278193392203,0.7493971049450852,0.7904564741573886
8.22,46.855,11.465,-13.315,46.72,11.215,-13.475,0.8560948516893903,0.3047472977336,0.665971028389582,0.479620547169061,0.134999999999998,0.25,0.16000000000000014,46.787499999999994,11.34,-13.395,2.809195865712201,0.5513475539557903,0.644026245717694
8.23,46.855,11.465,-13.315,47.035,11.185,-13.17,0.8560948516893903,0.285590881588282,0.665971028389582,0.479620547169061,0.17999999999999972,0.27999999999999936,0.14499999999999957,46.94499999999999,11.325,-13.2425,2.9976266886767777,0.5705039701011083,0.6664027570179768
8.24,46.855,11.465,-13.315,46.825,11.45,-13.15,0.8560948516893903,0.112143726050366,0.665971028389582,0.479620547169061,0.02999999999999403,0.015000000000000568,0.16499999999999915,46.84,11.4575,-13.2325,7.633907613083886,0.7439511256390242,0.8690054884712007
8.25,46.855,11.465,-13.315,46.985,11.565,-13.235,0.7641335754895482,0.172303898834589,0.594432756581695,0.428099950017864,0.13000000000000256,0.09999999999999964,0.08000000000000007,46.92,11.515,-13.274999999999999,4.434801395807717,0.5918296766549592,0.7745107594588919
8.26,46.855,11.465,-13.315,47.045,11.365,-13.33,1.1626324390221967,0.205999058200293,0.904431932082122,0.651355869325657,0.19000000000000483,0.09999999999999964,0.015000000000000568,46.95,11.415,-13.3225,5.643872566873078,0.9566333808219037,0.8228166941597121
8.27,46.855,11.465,-13.315,47.01,11.545,-13.12,1.040017404089074,0.227256669268564,0.809047570449523,0.58266174035097,0.15500000000000114,0.08000000000000007,0.19500000000000028,46.9325,11.504999999999999,-13.2175,4.576399904390123,0.8127607348205099,0.7814876278449394
8.28,46.855,11.465,-13.315,46.83,11.47,-13.345,1.1013249215556353,0.0310320235107202,0.856739751654781,0.617008805118435,0.02499999999999858,0.005000000000000782,0.030000000000001137,46.8425,11.467500000000001,-13.33,35.489947527438176,1.0702928980449151,0.9718230071115523
8.29,46.855,11.465,-13.315,46.91,11.235,-13.47,0.8867486104226707,0.262091018754558,0.689817118214294,0.496794078992551,0.054999999999999716,0.23000000000000043,0.15500000000000114,46.88249999999999,11.35,-13.3925,3.3833612889640006,0.6246575916681127,0.7044359400416003
8.30,46.855,11.465,-13.315,46.77,11.47,-13.37,0.8867486104226707,0.0902225940791284,0.689817118214294,0.496794078992551,0.08499999999999375,0.005000000000000782,0.054999999999999716,46.8125,11.467500000000001,-13.3425,9.828453832933546,0.7965260163435424,0.8982545967178024
8.31,46.855,11.465,-13.315,46.715,11.625,-13.3,0.9787098866225127,0.195751246690585,0.761355390022181,0.548314676143748,0.13999999999999346,0.16000000000000014,0.014999999999998792,46.785,11.545,-13.307500000000001,4.999763210549311,0.7829586399319277,0.7999905281777576
8.32,46.855,11.465,-13.315,46.705,11.315,-13.345,1.0093636453557935,0.200690843282948,0.785201479846893,0.565488207967238,0.14999999999999858,0.15000000000000036,0.030000000000001137,46.78,11.39,-13.33,5.029445408743818,0.8086728020728455,0.8011709208990018
8.33,46.855,11.465,-13.315,46.6,11.565,-13.395,1.223939956488758,0.261320517447292,0.952124112509463,0.685702933532879,0.25499999999999545,0.09999999999999964,0.08000000000000007,46.7275,11.515,-13.355,4.683673382255382,0.9626194390414661,0.7864923709301382
8.34,46.855,11.465,-13.315,46.74,11.55,-13.34,0.7028260580229869,0.131112213344819,0.546740576154354,0.393752885810641,0.11499999999999488,0.08500000000000085,0.025000000000000355,46.7975,11.5075,-13.3275,5.36049262484872,0.5717138446781679,0.8134499814547559
8.35,46.855,11.465,-13.315,46.615,11.8,-13.51,0.8867486104226707,0.354303531837856,0.689817118214294,0.496794078992551,0.23999999999999488,0.33500000000000085,0.19500000000000028,46.735,11.6325,-13.4125,2.5027935886501127,0.5324450785848147,0.6004464757272945
8.36,46.855,11.465,-13.315,46.86,11.56,-13.18,0.9787098866225127,0.142985406493581,0.761355390022181,0.548314676143748,0.005000000000002558,0.09500000000000064,0.1349999999999998,46.8575,11.5125,-13.247499999999999,6.844823564715509,0.8357244801289316,0.8539041964305459
8.37,46.855,11.465,-13.315,46.935,11.565,-13.335,0.8254410929561096,0.112796349885592,0.642124937786953,0.462447014785328,0.0800000000000054,0.09999999999999964,0.02000000000000135,46.894999999999996,11.515,-13.325,7.317976924566865,0.7126447430705176,0.8633502115275236
8.38,46.855,11.465,-13.315,46.795,11.29,-13.375,0.7334798167562675,0.179652007013409,0.570586666756983,0.410926418194374,0.05999999999999517,0.1750000000000007,0.0600000000000005,46.825,11.3775,-13.344999999999999,4.082781065834352,0.5538278097428585,0.7550689144208919
8.39,46.855,11.465,-13.315,46.995,11.53,-13.315,0.8560948516893903,0.147338349347387,0.665971028389582,0.479620547169061,0.14000000000000057,0.0649999999999995,0.0,46.925,11.497499999999999,-13.315,5.810400684349545,0.7087565023420033,0.8278948297790496
8.40,46.855,11.465,-13.315,46.78,11.46,-13.4,0.8867486104226707,0.0941594194052804,0.689817118214294,0.496794078992551,0.07499999999999574,0.004999999999999005,0.08500000000000085,46.817499999999995,11.4625,-13.3575,9.417524094837594,0.7925891910173903,0.893814978459099
8.41,46.855,11.465,-13.315,46.765,11.655,-13.48,1.0616993309979799,0.182282025652938,0.825914317385244,0.594808872957977,0.0899999999999963,0.1899999999999995,0.16500000000000092,46.81,11.559999999999999,-13.3975,5.8244871998238095,0.8794173053450418,0.8283110658929143
8.42,46.855,11.465,-13.315,47.07,11.605,-13.26,0.7162838057595491,0.250774195103336,0.557209591654715,0.40129248547573,0.2150000000000034,0.14000000000000057,0.054999999999999716,46.9625,11.535,-13.2875,2.856289908968112,0.4655096106562131,0.6498954831356129
8.43,46.855,11.465,-13.315,46.9,11.455,-13.24,0.9674950968420443,0.0654151875023158,0.752631210438547,0.54203167642284,0.045000000000001705,0.009999999999999787,0.07499999999999929,46.8775,11.46,-13.2775,14.79006816295872,0.9020799093397285,0.9323870594815193
8.44,46.855,11.465,-13.315,46.83,11.495,-13.335,0.6534809829889254,0.0343910695842448,0.508354186764278,0.366107687598892,0.02499999999999858,0.02999999999999936,0.02000000000000135,46.8425,11.48,-13.325,19.00147253014849,0.6190899134046807,0.9473724998479411
8.45,46.855,11.465,-13.315,46.915,11.4,-13.31,0.7162838057595491,0.0800135929139431,0.557209591654715,0.40129248547573,0.060000000000002274,0.0649999999999995,0.004999999999999005,46.885,11.432500000000001,-13.3125,8.952026408536689,0.636270212845606,0.8882934485481074
8.46,46.855,11.465,-13.315,46.95,11.575,-13.27,1.1873049765392274,0.1429390036648,0.923625127166118,0.665178468711653,0.09500000000000597,0.10999999999999943,0.04499999999999993,46.9025,11.52,-13.2925,8.306375011659863,1.0443659728744275,0.8796105403676053
8.47,46.855,11.465,-13.315,46.675,11.305,-13.21,0.9046922740714205,0.218031526967713,0.70377580554811,0.506846878546002,0.17999999999999972,0.16000000000000014,0.10499999999999865,46.765,11.385,-13.2625,4.149364463498101,0.6866607471037075,0.7589992376684098
8.48,46.855,11.465,-13.315,46.85,11.3,-13.31,0.8418894513007967,0.14087402672764,0.654920400657672,0.471662080669164,0.0049999999999954525,0.16499999999999915,0.004999999999999005,46.8525,11.3825,-13.3125,5.976186419035813,0.7010154245731568,0.8326692093093152
8.49,46.855,11.465,-13.315,46.9,11.565,-13.45,0.7790866285301729,0.109142694558372,0.606064996545153,0.436477283352568,0.045000000000001705,0.09999999999999964,0.1349999999999998,46.8775,11.515,-13.3825,7.138238839936839,0.6699439339718009,0.859909422878698
8.50,46.855,11.465,-13.315,46.745,11.225,-13.5,0.8104880399154848,0.298860736864475,0.630492698601412,0.454069682010866,0.10999999999999943,0.2400000000000002,0.1850000000000005,46.8,11.344999999999999,-13.407499999999999,2.711925446302747,0.5116273030510098,0.6312583002126748
8.51,46.855,11.465,-13.315,46.92,11.44,-13.265,0.9674950968420443,0.0713753720942494,0.752631210438547,0.54203167642284,0.06500000000000483,0.025000000000000355,0.049999999999998934,46.8875,11.4525,-13.29,13.555026823670554,0.8961197247477949,0.9262266307566323
8.52,46.855,11.465,-13.315,46.83,11.595,-13.26,0.8418894513007967,0.131679533617355,0.654920400657672,0.471662080669164,0.02499999999999858,0.13000000000000078,0.054999999999999716,46.8425,11.530000000000001,-13.2875,6.393472256317027,0.7102099176834418,0.843590468727826
8.53,46.855,11.465,-13.315,46.85,11.43,-13.18,0.9046922740714205,0.085807945231796,0.70377580554811,0.506846878546002,0.0049999999999954525,0.03500000000000014,0.1349999999999998,46.8525,11.4475,-13.247499999999999,10.543222554558568,0.8188843288396245,0.9051523389817583
8.54,46.855,11.465,-13.315,46.92,11.42,-13.445,0.9674950968420443,0.125761360994033,0.752631210438547,0.54203167642284,0.06500000000000483,0.04499999999999993,0.13000000000000078,46.8875,11.442499999999999,-13.379999999999999,7.693102885510646,0.8417337358480113,0.8700134375103934
8.55,46.855,11.465,-13.315,46.62,11.34,-13.44,0.998896508227356,0.278672021188141,0.777058912494807,0.559624075081138,0.23499999999999943,0.125,0.125,46.7375,11.4025,-13.3775,3.584487959659498,0.7202244870392149,0.7210201260952517
8.56,46.855,11.465,-13.315,46.715,11.425,-13.295,1.1559035651539156,0.139872069210357,0.899197424331941,0.647586069493113,0.13999999999999346,0.03999999999999915,0.019999999999999574,46.785,11.445,-13.305,8.264005554615187,1.0160314959435586,0.878993305059384
8.57,46.855,11.465,-13.315,46.65,11.335,-13.555,0.8732908626861087,0.303818984663041,0.67934810349185,0.489254479887704,0.2049999999999983,0.129999999999999,0.2400000000000002,46.7525,11.4,-13.434999999999999,2.8743788370574586,0.5694718780230676,0.6520987470536
8.58,46.855,11.465,-13.315,46.82,11.515,-13.325,0.9674950968420443,0.0531704517952637,0.752631210438547,0.54203167642284,0.03499999999999659,0.05000000000000071,0.009999999999999787,46.8375,11.49,-13.32,18.196104151443798,0.9143246450467806,0.9450431811862839
8.59,46.855,11.465,-13.315,46.84,11.36,-13.275,1.0302979196126678,0.0854741120782812,0.801486615328984,0.577216474299679,0.014999999999993463,0.10500000000000043,0.03999999999999915,46.8475,11.4125,-13.295,12.053917642515607,0.9448238075343867,0.9170394199888766
8.60,46.855,11.465,-13.315,46.96,11.525,-13.18,0.8104880399154848,0.157939353889634,0.630492698601412,0.454069682010866,0.10500000000000398,0.0600000000000005,0.1349999999999998,46.9075,11.495000000000001,-13.247499999999999,5.131640815437314,0.6525486860258508,0.8051305547812476
9.1,35.47,6.815,-44.48,35.485,6.975,-45.02,1.3580501509468608,0.139130873904213,1.05645075840977,0.760837137361557,0.015000000000000568,0.15999999999999925,0.5400000000000063,35.4775,6.895,-44.75,9.760954582380318,1.2189192770426478,0.8975510037646555
9.2,35.47,6.815,-44.48,35.26,6.75,-44.75,1.223939956488758,0.234450070534379,0.952124112509463,0.685702933532879,0.21000000000000085,0.06500000000000039,0.2700000000000031,35.364999999999995,6.782500000000001,-44.614999999999995,5.2204716700599665,0.989489885954379,0.8084464273758849
9.3,35.47,6.815,-44.48,34.785,6.145,-44.785,1.3044060731636198,0.816564317563386,1.01472010004965,0.730783455830086,0.6850000000000023,0.6700000000000008,0.3049999999999997,35.1275,6.48,-44.63249999999999,1.5974321232386361,0.4878417556002338,0.37399531117105234
9.4,35.47,6.815,-44.48,35.45,7.035,-45.145,1.1166518009222757,0.16088094598443,0.868662796567137,0.62559557103018,0.01999999999999602,0.21999999999999975,0.6650000000000063,35.46,6.925000000000001,-44.8125,6.940857956476007,0.9557708549378456,0.8559255922862621
9.5,35.47,6.815,-44.48,35.965,6.43,-44.155,0.8484314120060701,0.440778400181859,0.660009505544446,0.475327163933067,0.49500000000000455,0.3850000000000007,0.32499999999999574,35.7175,6.6225000000000005,-44.317499999999995,1.9248479728842682,0.4076530118242111,0.4804784518525301
9.6,35.47,6.815,-44.48,33.995,6.935,-43.905,1.2507619953803784,1.25244368919109,0.972989441689524,0.700729774298615,1.4750000000000014,0.11999999999999922,0.5749999999999957,34.7325,6.875,-44.192499999999995,0.9986572691260435,0.001681693810711593,0.0013445354236683738
9.7,35.47,6.815,-44.48,35.38,7.11,-44.9,1.1702958787055167,0.117982228143935,0.910393454927258,0.655649252561651,0.0899999999999963,0.29499999999999993,0.4200000000000017,35.425,6.9625,-44.69,9.919255528540562,1.0523136505615818,0.8991859826306292
9.8,35.47,6.815,-44.48,35.41,6.92,-44.91,1.0093636453557935,0.13140708557256,0.785201479846893,0.565488207967238,0.060000000000002274,0.10499999999999954,0.4299999999999997,35.44,6.8675,-44.69499999999999,7.681196438355292,0.8779565597832335,0.8698119483032778
9.9,35.47,6.815,-44.48,35.19,7.15,-44.535,1.1166518009222757,0.31598392985757,0.868662796567137,0.62559557103018,0.28000000000000114,0.33499999999999996,0.054999999999999716,35.33,6.9825,-44.50749999999999,3.5338879350342887,0.8006678710647057,0.7170255487757105
9.10,35.47,6.815,-44.48,35.655,7.05,-44.915,0.9825416064641728,0.173752803884843,0.764336150666832,0.550461367201502,0.18500000000000227,0.23499999999999943,0.4350000000000023,35.5625,6.9325,-44.6975,5.654824433570241,0.8087888025793297,0.8231598503667655
9.11,35.47,6.815,-44.48,35.43,6.855,-44.44,1.1971179175971374,0.0552588434073854,0.931258784107319,0.670676093327386,0.03999999999999915,0.040000000000000036,0.03999999999999915,35.45,6.835000000000001,-44.459999999999994,21.663824686083036,1.141859074189752,0.9538400991673891
9.12,35.47,6.815,-44.48,35.955,6.635,-44.21,1.1702958787055167,0.406513791332048,0.910393454927258,0.655649252561651,0.48499999999999943,0.1800000000000006,0.269999999999996,35.7125,6.725,-44.345,2.878858973005268,0.7637820873734686,0.6526401576032723
9.13,35.47,6.815,-44.48,33.85,6.995,-45.44,1.3580501509468608,1.3604019529082,1.05645075840977,0.760837137361557,1.6199999999999974,0.17999999999999972,0.9600000000000009,34.66,6.905,-44.959999999999994,0.9982712440579911,0.002351801961339328,0.0017317489769931205
9.14,35.47,6.815,-44.48,34.92,7.195,-44.915,1.0093636453557935,0.471656250529573,0.785201479846893,0.565488207967238,0.5499999999999972,0.3799999999999999,0.4350000000000023,35.195,7.005000000000001,-44.6975,2.140040849840206,0.5377073948262205,0.5327192006246304
9.15,35.47,6.815,-44.48,35.945,6.885,-44.41,0.6070330619814848,0.401857586232807,0.472221543701815,0.34008559760169,0.4750000000000014,0.0699999999999994,0.07000000000000028,35.707499999999996,6.85,-44.44499999999999,1.5105676271076949,0.20517547574867778,0.3379972002528895
9.16,35.47,6.815,-44.48,35.605,7.07,-44.57,1.0898297620306552,0.183973205585157,0.847797467387076,0.610568730264444,0.134999999999998,0.2549999999999999,0.09000000000000341,35.537499999999994,6.942500000000001,-44.525,5.923850446810568,0.9058565564454981,0.8311908769370044
9.17,35.47,6.815,-44.48,35.41,6.955,-44.94,1.1702958787055167,0.12649166822869,0.910393454927258,0.655649252561651,0.060000000000002274,0.13999999999999968,0.46000000000000085,35.44,6.885,-44.709999999999994,9.25196011596373,1.0438042104768266,0.8919147957177125
9.18,35.47,6.815,-44.48,35.66,6.935,-44.71,1.1434738398138964,0.163321211273161,0.889528125747198,0.640622411795915,0.18999999999999773,0.11999999999999922,0.23000000000000398,35.565,6.875,-44.595,7.00137982016318,0.9801526285407354,0.8571710113132863
9.19,35.47,6.815,-44.48,35.26,7.46,-43.79,1.2507619953803784,0.757646173217982,0.972989441689524,0.700729774298615,0.21000000000000085,0.6449999999999996,0.6899999999999977,35.364999999999995,7.1375,-44.135,1.6508523872259695,0.49311582216239636,0.39425232265566157
9.20,35.47,6.815,-44.48,35.34,7.21,-44.975,0.9825416064641728,0.167043459809002,0.764336150666832,0.550461367201502,0.12999999999999545,0.3949999999999996,0.49500000000000455,35.405,7.0125,-44.7275,5.881951928591888,0.8154981466551707,0.8299884101192192
9.21,35.47,6.815,-44.48,36.06,6.39,-44.075,1.1971179175971374,0.516729809598429,0.931258784107319,0.670676093327386,0.5900000000000034,0.4250000000000007,0.40499999999999403,35.765,6.6025,-44.2775,2.3167192854825727,0.6803881079987084,0.5683551281197365
9.22,35.47,6.815,-44.48,35.295,7.635,-46.045,1.3580501509468608,0.327874642435196,1.05645075840977,0.760837137361557,0.17499999999999716,0.8199999999999994,1.5650000000000048,35.3825,7.225,-45.2625,4.141979802763484,1.0301755085116648,0.7585695616872731
9.23,35.47,6.815,-44.48,35.77,6.61,-44.14,1.0630077231390345,0.25726350720421,0.826932138207015,0.595541889498709,0.30000000000000426,0.20500000000000007,0.3399999999999963,35.620000000000005,6.7125,-44.31,4.1319802041074665,0.8057442159348245,0.7579852880066545
9.24,35.47,6.815,-44.48,35.275,7.34,-43.94,1.0898297620306552,0.611945491190824,0.847797467387076,0.610568730264444,0.19500000000000028,0.5249999999999995,0.5399999999999991,35.3725,7.077500000000001,-44.209999999999994,1.7809262032946094,0.4778842708398312,0.4384944209184614
9.25,35.47,6.815,-44.48,34.955,7.48,-45.15,1.1702958787055167,0.490202913610778,0.910393454927258,0.655649252561651,0.5150000000000006,0.665,0.6700000000000017,35.2125,7.147500000000001,-44.815,2.387370298756248,0.6800929650947387,0.5811290776020432
9.26,35.47,6.815,-44.48,35.215,7.11,-44.815,0.9825416064641728,0.233641610641851,0.764336150666832,0.550461367201502,0.25499999999999545,0.29499999999999993,0.33500000000000085,35.3425,6.9625,-44.647499999999994,4.205336538982234,0.7488999958223218,0.7622069031306947
9.27,35.47,6.815,-44.48,35.49,6.7,-44.315,0.7947873342228289,0.0394155060145271,0.618278847184324,0.445273482401596,0.020000000000003126,0.11500000000000021,0.16499999999999915,35.480000000000004,6.7575,-44.397499999999994,20.164331107802308,0.7553718282083017,0.9504074797524592
9.28,35.47,6.815,-44.48,35.1,6.84,-45.15,1.3044060731636198,0.407409444392079,1.01472010004965,0.730783455830086,0.36999999999999744,0.024999999999999467,0.6700000000000017,35.285,6.827500000000001,-44.815,3.201707981778128,0.8969966287715407,0.6876667063565244
9.29,35.47,6.815,-44.48,35.95,6.805,-44.535,0.8216093731144494,0.399613066451974,0.639144176364385,0.460300323167332,0.480000000000004,0.010000000000000675,0.054999999999999716,35.71,6.8100000000000005,-44.50749999999999,2.056012277959833,0.4219963066624754,0.5136215821750005
9.30,35.47,6.815,-44.48,35.19,6.755,-44.365,0.902075489789311,0.23233164576808,0.701740163904567,0.505380845464538,0.28000000000000114,0.0600000000000005,0.11499999999999488,35.33,6.785,-44.4225,3.8827060468855894,0.669743844021231,0.7424476674731612
9.31,35.47,6.815,-44.48,35.735,6.46,-44.165,1.33122811205524,0.261934432892497,1.03558542922971,0.745810296595821,0.26500000000000057,0.3550000000000004,0.3149999999999977,35.6025,6.6375,-44.3225,5.08229518460945,1.069293679162743,0.8032385048634951
9.32,35.47,6.815,-44.48,35.795,6.63,-43.935,0.9825416064641728,0.29920401938006,0.764336150666832,0.550461367201502,0.32500000000000284,0.1850000000000005,0.5449999999999946,35.6325,6.7225,-44.207499999999996,3.2838516180902646,0.6833375870841127,0.6954795419277243
9.33,35.47,6.815,-44.48,35.315,6.865,-44.21,0.9557195675725523,0.196115137246095,0.743470822264689,0.535434526996009,0.15500000000000114,0.04999999999999982,0.269999999999996,35.3925,6.84,-44.345,4.873257496182003,0.7596044303264573,0.7947984485250109
9.34,35.47,6.815,-44.48,34.495,7.105,-44.305,1.1702958787055167,0.847517977954703,0.910393454927258,0.655649252561651,0.9750000000000014,0.29000000000000004,0.17499999999999716,34.9825,6.960000000000001,-44.3925,1.3808507993528538,0.3227779007508137,0.27580879873902897
9.35,35.47,6.815,-44.48,35.47,6.82,-44.045,0.8484314120060701,0.190125431530397,0.660009505544446,0.475327163933067,0.0,0.004999999999999893,0.43499999999999517,35.47,6.817500000000001,-44.2625,4.4624824817712065,0.6583059804756731,0.7759094847080624
9.36,35.47,6.815,-44.48,35.53,6.54,-44.045,1.0093636453557935,0.0995905726055752,0.785201479846893,0.565488207967238,0.060000000000002274,0.27500000000000036,0.43499999999999517,35.5,6.6775,-44.2625,10.135132360551923,0.9097730727502182,0.9013333064202014
9.37,35.47,6.815,-44.48,36.05,6.415,-43.945,0.902075489789311,0.498245778036302,0.701740163904567,0.505380845464538,0.5799999999999983,0.40000000000000036,0.5349999999999966,35.76,6.615,-44.2125,1.8105030242987488,0.40382971175300897,0.4476673137407383
9.38,35.47,6.815,-44.48,35.26,7.055,-44.89,1.1971179175971374,0.190262248962665,0.931258784107319,0.670676093327386,0.21000000000000085,0.23999999999999932,0.4100000000000037,35.364999999999995,6.9350000000000005,-44.685,6.29193609258824,1.0068556686344723,0.8410664087413986
9.39,35.47,6.815,-44.48,36.01,6.435,-44.1,0.7143212175479672,0.470364212339018,0.555682860422059,0.400192960664632,0.5399999999999991,0.3800000000000008,0.37999999999999545,35.739999999999995,6.625,-44.29,1.5186555381778495,0.2439570052089492,0.3415228315698805
9.40,35.47,6.815,-44.48,35.695,6.715,-44.385,0.7143212175479672,0.190403767550108,0.555682860422059,0.400192960664632,0.22500000000000142,0.10000000000000053,0.09499999999999886,35.582499999999996,6.765000000000001,-44.4325,3.7516128120120764,0.5239174499978592,0.733447973256135
9.41,35.47,6.815,-44.48,35.9,6.53,-44.365,1.277584034271999,0.390440488157941,0.993854770869585,0.71575661506435,0.4299999999999997,0.28500000000000014,0.11499999999999488,35.685,6.6725,-44.4225,3.2721607255112075,0.887143546114058,0.6943915402990959
9.42,35.47,6.815,-44.48,34.83,7.245,-44.625,1.2507619953803784,0.583165989629195,0.972989441689524,0.700729774298615,0.6400000000000006,0.4299999999999997,0.14500000000000313,35.15,7.03,-44.552499999999995,2.1447787001963103,0.6675960057511834,0.5337514312740246
9.43,35.47,6.815,-44.48,36.095,6.325,-44.055,1.0093636453557935,0.556451234326058,0.785201479846893,0.565488207967238,0.625,0.4900000000000002,0.42499999999999716,35.7825,6.57,-44.2675,1.8139301007470081,0.45291241102973545,0.448710841394903
9.44,35.47,6.815,-44.48,34.72,6.925,-45.715,1.3848721898384815,0.767631374858751,1.07731608758983,0.775863978127292,0.75,0.10999999999999943,1.2350000000000065,35.095,6.87,-45.0975,1.8040849206941572,0.6172408149797305,0.4457023681051876
9.45,35.47,6.815,-44.48,36.075,6.725,-44.385,0.8752534508976906,0.503703227581765,0.680874834724506,0.490354004698802,0.605000000000004,0.09000000000000075,0.09499999999999886,35.7725,6.77,-44.4325,1.7376371665555301,0.3715502233159256,0.42450586457025086
9.46,35.47,6.815,-44.48,35.17,7.245,-44.815,1.2507619953803784,0.309164708935691,0.972989441689524,0.700729774298615,0.29999999999999716,0.4299999999999997,0.33500000000000085,35.32,7.03,-44.647499999999994,4.045616964628815,0.9415972864446873,0.7528189129263656
9.47,35.47,6.815,-44.48,34.335,7.545,-44.675,1.1702958787055167,1.03138374712343,0.910393454927258,0.655649252561651,1.134999999999998,0.7299999999999995,0.19500000000000028,34.9025,7.18,-44.5775,1.1346852040618565,0.1389121315820867,0.11869830014016743
9.48,35.47,6.815,-44.48,34.665,7.23,-45.24,1.3580501509468608,0.677985141486487,1.05645075840977,0.760837137361557,0.8049999999999997,0.41500000000000004,0.7600000000000051,35.067499999999995,7.022500000000001,-44.86,2.0030677161541606,0.6800650094603737,0.5007657548474572
9.49,35.47,6.815,-44.48,35.23,6.995,-44.03,1.036185684247414,0.370659581604525,0.806066809026954,0.580515048732973,0.240000000000002,0.17999999999999972,0.44999999999999574,35.349999999999994,6.905,-44.254999999999995,2.795518402536409,0.6655261026428889,0.6422845944681996
9.50,35.47,6.815,-44.48,34.63,7.16,-43.83,1.1166518009222757,0.860194494791295,0.868662796567137,0.62559557103018,0.8399999999999963,0.34499999999999975,0.6499999999999986,35.05,6.987500000000001,-44.155,1.2981387423260191,0.2564573061309807,0.2296663164734958
9.51,35.47,6.815,-44.48,33.975,6.56,-44.59,1.3580501509468608,1.24555576416962,1.05645075840977,0.760837137361557,1.4949999999999974,0.2550000000000008,0.11000000000000654,34.7225,6.6875,-44.535,1.0903166192337612,0.11249438677724077,0.08283522270217497
9.52,35.47,6.815,-44.48,35.495,6.57,-44.25,0.7143212175479672,0.0972506582717581,0.555682860422059,0.400192960664632,0.02499999999999858,0.2450000000000001,0.22999999999999687,35.4825,6.692500000000001,-44.364999999999995,7.34515552796266,0.6170705592762091,0.8638558441964753
9.53,35.47,6.815,-44.48,35.39,6.83,-44.3,0.9557195675725523,0.109168278436797,0.743470822264689,0.535434526996009,0.0799999999999983,0.01499999999999968,0.17999999999999972,35.43,6.8225,-44.39,8.754553726624101,0.8465512891357553,0.8857737321421084
9.54,35.47,6.815,-44.48,34.8,6.96,-44.49,1.1702958787055167,0.560816909741955,0.910393454927258,0.655649252561651,0.6700000000000017,0.14499999999999957,0.010000000000005116,35.135,6.8875,-44.485,2.0867699534188926,0.6094789689635617,0.5207904936971374
9.55,35.47,6.815,-44.48,35.285,6.84,-44.635,1.1166518009222757,0.161221632751221,0.868662796567137,0.62559557103018,0.18500000000000227,0.024999999999999467,0.15500000000000114,35.3775,6.827500000000001,-44.5575,6.926190827748132,0.9554301681710546,0.855620495597926
9.56,35.47,6.815,-44.48,36.13,6.405,-43.785,0.9557195675725523,0.564457376510136,0.743470822264689,0.535434526996009,0.6600000000000037,0.41000000000000014,0.6950000000000003,35.8,6.61,-44.13249999999999,1.6931651629540272,0.3912621910624162,0.409390164153277
9.57,35.47,6.815,-44.48,35.02,6.72,-45.02,1.3044060731636198,0.47196284238987,1.01472010004965,0.730783455830086,0.44999999999999574,0.09500000000000064,0.5400000000000063,35.245000000000005,6.7675,-44.75,2.763789758945284,0.8324432307737497,0.6381779779027088
9.58,35.47,6.815,-44.48,35.96,6.465,-44.145,0.7679652953312082,0.428392337867135,0.597413518004263,0.430246641635861,0.490000000000002,0.35000000000000053,0.33499999999999375,35.715,6.640000000000001,-44.3125,1.7926681353874327,0.3395729574640732,0.44217226883338506
9.59,35.47,6.815,-44.48,35.795,6.57,-44.055,0.9825416064641728,0.28135578133481,0.764336150666832,0.550461367201502,0.32500000000000284,0.2450000000000001,0.42499999999999716,35.6325,6.692500000000001,-44.2675,3.4921678108429988,0.7011858251293628,0.7136449182432518
9.60,35.47,6.815,-44.48,35.38,6.96,-44.76,1.036185684247414,0.0913522357694813,0.806066809026954,0.580515048732973,0.0899999999999963,0.14499999999999957,0.28000000000000114,35.425,6.8875,-44.62,11.342751101564488,0.9448334484779327,0.9118379668141537
10.1,36.405,5.805,-31.82,36.715,5.945,-31.665,1.1702958787055167,0.318473192026057,0.910393454927258,0.655649252561651,0.3100000000000023,0.14000000000000057,0.15500000000000114,36.56,5.875,-31.7425,3.6747076499143985,0.8518226866794596,0.7278695084304706
10.2,36.405,5.805,-31.82,36.17,6.17,-31.985,0.8484314120060701,0.2907506915645,0.660009505544446,0.475327163933067,0.23499999999999943,0.3650000000000002,0.16499999999999915,36.2875,5.9875,-31.9025,2.9180718522892404,0.5576807204415701,0.6573079590083262
10.3,36.405,5.805,-31.82,36.73,5.935,-31.58,0.7411432564395877,0.350137536152937,0.576548188824202,0.415219800870125,0.32499999999999574,0.1299999999999999,0.240000000000002,36.567499999999995,5.869999999999999,-31.7,2.1167203678475146,0.39100572028665065,0.5275710415789925
10.4,36.405,5.805,-31.82,36.555,5.865,-31.94,0.5533889841982438,0.13038191696506,0.430490885341693,0.310031916070219,0.14999999999999858,0.0600000000000005,0.120000000000001,36.480000000000004,5.835,-31.880000000000003,4.244369102980538,0.4230070672331838,0.7643937240305705
10.5,36.405,5.805,-31.82,36.225,6.02,-31.895,0.8752534508976906,0.202285929220321,0.680874834724506,0.490354004698802,0.17999999999999972,0.21499999999999986,0.07499999999999929,36.315,5.9125,-31.8575,4.326813288222284,0.6729675216773696,0.7688830249321126
10.6,36.405,5.805,-31.82,37.005,5.71,-31.67,1.1166518009222757,0.506425548314033,0.868662796567137,0.62559557103018,0.6000000000000014,0.09499999999999975,0.14999999999999858,36.705,5.7575,-31.745,2.2049673489712567,0.6102262526082427,0.546478545557138
10.7,36.405,5.805,-31.82,36.725,6.17,-32.085,0.8216093731144494,0.323493613941449,0.639144176364385,0.460300323167332,0.3200000000000003,0.3650000000000002,0.26500000000000057,36.565,5.9875,-31.9525,2.5398008961109086,0.4981157591730004,0.6062683494937989
10.8,36.405,5.805,-31.82,36.17,5.97,-31.78,0.660677139764726,0.245205102771248,0.513952202061937,0.370139279133161,0.23499999999999943,0.16500000000000004,0.03999999999999915,36.2875,5.887499999999999,-31.8,2.694385759527551,0.415472036993478,0.628857896479624
10.9,36.405,5.805,-31.82,36.37,5.865,-32.27,0.7679652953312082,0.200646550206869,0.597413518004263,0.430246641635861,0.035000000000003695,0.0600000000000005,0.45000000000000284,36.3875,5.835,-32.045,3.8274532540528283,0.5673187451243391,0.7387296637420786
10.10,36.405,5.805,-31.82,36.49,6.095,-32.23,1.0093636453557935,0.141009644235026,0.785201479846893,0.565488207967238,0.08500000000000085,0.29000000000000004,0.4099999999999966,36.447500000000005,5.949999999999999,-32.025,7.158117756224759,0.8683540011207675,0.8602984704827371
10.11,36.405,5.805,-31.82,36.595,6.015,-32.045,1.036185684247414,0.182334082720846,0.806066809026954,0.580515048732973,0.18999999999999773,0.20999999999999996,0.22500000000000142,36.5,5.91,-31.9325,5.682896269870295,0.853851601526568,0.8240333886900691
10.12,36.405,5.805,-31.82,36.14,5.83,-31.965,0.8752534508976906,0.229802642406025,0.680874834724506,0.490354004698802,0.26500000000000057,0.025000000000000355,0.14499999999999957,36.2725,5.8175,-31.8925,3.808717941295636,0.6454508084916656,0.7374444591931905
10.13,36.405,5.805,-31.82,36.31,5.95,-31.545,0.8752534508976906,0.261019047394334,0.680874834724506,0.490354004698802,0.09499999999999886,0.14500000000000046,0.2749999999999986,36.3575,5.8774999999999995,-31.6825,3.3532167720395756,0.6142344035033566,0.7017788986396996
10.14,36.405,5.805,-31.82,36.36,6.095,-31.695,0.8484314120060701,0.286239816747197,0.660009505544446,0.475327163933067,0.045000000000001705,0.29000000000000004,0.125,36.3825,5.949999999999999,-31.7575,2.964057966091191,0.5621915952588731,0.6626246820199371
10.15,36.405,5.805,-31.82,36.415,6.025,-31.69,0.8216093731144494,0.23241722733532,0.639144176364385,0.460300323167332,0.00999999999999801,0.22000000000000064,0.129999999999999,36.41,5.915,-31.755000000000003,3.535062262807266,0.5891921457791294,0.7171195513855657
10.16,36.405,5.805,-31.82,36.975,5.165,-32.275,1.3848721898384815,0.855500735111321,1.07731608758983,0.775863978127292,0.5700000000000003,0.6399999999999997,0.4549999999999983,36.69,5.484999999999999,-32.0475,1.6187855034858518,0.5293714547271605,0.3822529315190079
10.17,36.405,5.805,-31.82,36.995,5.8,-31.89,0.8484314120060701,0.497803227517091,0.660009505544446,0.475327163933067,0.5899999999999963,0.004999999999999893,0.07000000000000028,36.7,5.8025,-31.855,1.704350963197783,0.3506281844889791,0.4132663867862593
10.18,36.405,5.805,-31.82,36.82,5.73,-31.735,0.7947873342228289,0.350015508611499,0.618278847184324,0.445273482401596,0.41499999999999915,0.07499999999999929,0.08500000000000085,36.6125,5.7675,-31.7775,2.2707203320933007,0.4447718256113299,0.5596111134390842
10.19,36.405,5.805,-31.82,36.77,5.6,-31.555,0.7143212175479672,0.318177162811598,0.555682860422059,0.400192960664632,0.365000000000002,0.20500000000000007,0.26500000000000057,36.587500000000006,5.7025,-31.6875,2.245042381391449,0.39614405473636916,0.5545741109883716
10.20,36.405,5.805,-31.82,36.54,5.98,-32.255,0.7411432564395877,0.175899336444393,0.576548188824202,0.415219800870125,0.134999999999998,0.1750000000000007,0.4350000000000023,36.4725,5.8925,-32.0375,4.213451097698904,0.5652439199951946,0.7626648617811503
10.21,36.405,5.805,-31.82,36.85,5.625,-31.46,1.036185684247414,0.387953677196431,0.806066809026954,0.580515048732973,0.4450000000000003,0.17999999999999972,0.35999999999999943,36.6275,5.715,-31.64,2.67090052880686,0.648232007050983,0.6255944434285465
10.22,36.405,5.805,-31.82,36.65,5.93,-31.67,0.9288975286809318,0.266598805853871,0.722605493084628,0.520407686230273,0.24499999999999744,0.125,0.14999999999999858,36.5275,5.8675,-31.745,3.484252385233224,0.6622987228270607,0.7129943849183823
10.23,36.405,5.805,-31.82,36.655,5.915,-31.85,0.7947873342228289,0.221965803427559,0.618278847184324,0.445273482401596,0.25,0.11000000000000032,0.030000000000001137,36.53,5.859999999999999,-31.835,3.5806746731666794,0.5728215307952699,0.7207230228884711
10.24,36.405,5.805,-31.82,36.675,5.905,-31.775,0.902075489789311,0.247144071794437,0.701740163904567,0.505380845464538,0.269999999999996,0.10000000000000053,0.045000000000001705,36.54,5.855,-31.7975,3.649998478982806,0.654931417994874,0.7260272833948883
10.25,36.405,5.805,-31.82,36.91,5.825,-31.48,0.902075489789311,0.466406232387524,0.701740163904567,0.505380845464538,0.5049999999999955,0.020000000000000462,0.33999999999999986,36.6575,5.8149999999999995,-31.65,1.9340982714521344,0.43566925740178697,0.4829631908307129
10.26,36.405,5.805,-31.82,36.66,5.755,-31.51,0.8216093731144494,0.25171788513277,0.639144176364385,0.460300323167332,0.25499999999999545,0.04999999999999982,0.3099999999999987,36.5325,5.779999999999999,-31.665,3.264008711248619,0.5698914879816794,0.6936282690249517
10.27,36.405,5.805,-31.82,36.69,5.885,-31.745,0.9288975286809318,0.258513498015991,0.722605493084628,0.520407686230273,0.2849999999999966,0.08000000000000007,0.07499999999999929,36.5475,5.845,-31.7825,3.5932263971386362,0.6703840306649408,0.7216985827222642
10.28,36.405,5.805,-31.82,36.605,5.77,-31.66,0.6070330619814848,0.179242557184274,0.472221543701815,0.34008559760169,0.19999999999999574,0.03500000000000014,0.16000000000000014,36.504999999999995,5.7875,-31.740000000000002,3.3866569866594514,0.42779050479721076,0.7047235659555152
10.29,36.405,5.805,-31.82,36.64,5.87,-31.63,0.6874991786563465,0.245217517622865,0.534817531241998,0.385166119898896,0.23499999999999943,0.06500000000000039,0.19000000000000128,36.5225,5.8375,-31.725,2.803629946658474,0.44228166103348143,0.6433195473114026
10.30,36.405,5.805,-31.82,36.7,5.915,-31.8,0.6874991786563465,0.26506811565534,0.534817531241998,0.385166119898896,0.2950000000000017,0.11000000000000032,0.019999999999999574,36.5525,5.859999999999999,-31.810000000000002,2.5936698360077783,0.42243106300100647,0.6144459157204566
10.31,36.405,5.805,-31.82,36.275,5.97,-31.63,1.0630077231390345,0.245570427192474,0.826932138207015,0.595541889498709,0.13000000000000256,0.16500000000000004,0.19000000000000128,36.34,5.887499999999999,-31.725,4.3287285483163584,0.8174372959465604,0.7689852833464876
10.32,36.405,5.805,-31.82,36.24,5.765,-31.4,0.9557195675725523,0.240285192739789,0.743470822264689,0.535434526996009,0.16499999999999915,0.040000000000000036,0.4200000000000017,36.322500000000005,5.785,-31.61,3.9774384459473837,0.7154343748327633,0.7485819045238603
10.33,36.405,5.805,-31.82,36.27,6.02,-31.945,0.7679652953312082,0.162203920990029,0.597413518004263,0.430246641635861,0.134999999999998,0.21499999999999986,0.125,36.337500000000006,5.9125,-31.8825,4.734566747272711,0.6057613743411792,0.7887874324986768
10.34,36.405,5.805,-31.82,36.785,5.81,-31.56,0.8484314120060701,0.348804637455634,0.660009505544446,0.475327163933067,0.37999999999999545,0.004999999999999893,0.26000000000000156,36.595,5.807499999999999,-31.689999999999998,2.432397160091051,0.4996267745504361,0.5888829278258484
10.35,36.405,5.805,-31.82,36.245,5.465,-32.72,1.3044060731636198,0.717768523339018,1.01472010004965,0.730783455830086,0.1600000000000037,0.33999999999999986,0.8999999999999986,36.325,5.635,-32.269999999999996,1.8173074312012043,0.5866375498246018,0.44973537109657474
10.36,36.405,5.805,-31.82,36.31,6.03,-31.945,0.9557195675725523,0.147135195292761,0.743470822264689,0.535434526996009,0.09499999999999886,0.22500000000000053,0.125,36.3575,5.9175,-31.8825,6.495519710123724,0.8085843722797913,0.8460477308081912
10.37,36.405,5.805,-31.82,36.465,5.77,-31.45,0.5265669453066231,0.180452590136517,0.409625556161633,0.295005075304484,0.060000000000002274,0.03500000000000014,0.370000000000001,36.435,5.7875,-31.634999999999998,2.9180348256028186,0.3461143551701061,0.6573036108661512
10.38,36.405,5.805,-31.82,36.42,6.195,-32.04,0.902075489789311,0.213286229245692,0.701740163904567,0.505380845464538,0.015000000000000568,0.39000000000000057,0.21999999999999886,36.4125,6.0,-31.93,4.229412694622518,0.688789260543619,0.7635605529432269
10.39,36.405,5.805,-31.82,36.635,6.025,-31.94,0.8216093731144494,0.228205849469224,0.639144176364385,0.460300323167332,0.22999999999999687,0.22000000000000064,0.120000000000001,36.519999999999996,5.915,-31.880000000000003,3.6002993412530944,0.5934035236452253,0.7222453179588051
10.40,36.405,5.805,-31.82,36.75,5.78,-31.765,0.44610082863176137,0.290125546330125,0.347029569399367,0.249924553567519,0.34499999999999886,0.024999999999999467,0.054999999999999716,36.5775,5.7925,-31.7925,1.5376130531661067,0.15597528230163638,0.3496413186014198
10.41,36.405,5.805,-31.82,36.575,5.955,-31.44,1.1702958787055167,0.33831164905923,0.910393454927258,0.655649252561651,0.1700000000000017,0.15000000000000036,0.379999999999999,36.49,5.88,-31.630000000000003,3.459224293637617,0.8319842296462867,0.7109178491302901
10.42,36.405,5.805,-31.82,36.56,6.035,-31.98,0.8752534508976906,0.174166428049353,0.680874834724506,0.490354004698802,0.15500000000000114,0.23000000000000043,0.16000000000000014,36.4825,5.92,-31.9,5.025385521624679,0.7010870228483376,0.8010102917369454
10.43,36.405,5.805,-31.82,36.81,5.99,-32.055,0.8216093731144494,0.348607129600454,0.639144176364385,0.460300323167332,0.40500000000000114,0.1850000000000005,0.23499999999999943,36.6075,5.8975,-31.9375,2.356834674320283,0.4730022435139954,0.5757021017728878
10.44,36.405,5.805,-31.82,36.805,5.635,-31.815,0.7143212175479672,0.360247451285775,0.555682860422059,0.400192960664632,0.3999999999999986,0.16999999999999993,0.004999999999999005,36.605000000000004,5.72,-31.817500000000003,1.9828626490363477,0.35407376626219217,0.4956786345811396
10.45,36.405,5.805,-31.82,36.76,5.915,-32.15,0.8216093731144494,0.318079810784436,0.639144176364385,0.460300323167332,0.3549999999999969,0.11000000000000032,0.3299999999999983,36.582499999999996,5.859999999999999,-31.985,2.5830289841571505,0.5035295623300133,0.6128576160328377
10.46,36.405,5.805,-31.82,36.825,5.8,-31.21,0.7679652953312082,0.476567215427955,0.597413518004263,0.430246641635861,0.4200000000000017,0.004999999999999893,0.6099999999999994,36.615,5.8025,-31.515,1.6114522125281465,0.29139807990325317,0.37944172906685486
10.47,36.405,5.805,-31.82,36.515,5.865,-31.575,0.9288975286809318,0.194252183131272,0.722605493084628,0.520407686230273,0.10999999999999943,0.0600000000000005,0.245000000000001,36.46,5.835,-31.697499999999998,4.781915492148085,0.7346453455496598,0.7908787805712048
10.48,36.405,5.805,-31.82,36.34,5.535,-32.27,0.8752534508976906,0.431011095246231,0.680874834724506,0.490354004698802,0.06499999999999773,0.2699999999999996,0.45000000000000284,36.3725,5.67,-32.045,2.0306981850826173,0.4442423556514596,0.507558530261458
10.49,36.405,5.805,-31.82,37.285,5.355,-31.13,0.7411432564395877,0.768088673130246,0.576548188824202,0.415219800870125,0.8799999999999955,0.4499999999999993,0.6900000000000013,36.845,5.58,-31.475,0.9649188712212555,0.026945416690658308,0.036356556468915446
10.50,36.405,5.805,-31.82,37.345,5.485,-31.25,0.9288975286809318,0.808592934592493,0.722605493084628,0.520407686230273,0.9399999999999977,0.3199999999999994,0.5700000000000003,36.875,5.645,-31.535,1.1487826417878435,0.12030459408843874,0.12951331039685543
10.51,36.405,5.805,-31.82,36.2,5.95,-31.98,1.1702958787055167,0.181951772696521,0.910393454927258,0.655649252561651,0.2049999999999983,0.14500000000000046,0.16000000000000014,36.3025,5.8774999999999995,-31.9,6.4319014589957435,0.9883441060089957,0.8445249813728253
10.52,36.405,5.805,-31.82,36.34,5.965,-31.57,0.8752534508976906,0.252845032858402,0.680874834724506,0.490354004698802,0.06499999999999773,0.16000000000000014,0.25,36.3725,5.885,-31.695,3.4616200980551945,0.6224084180392886,0.7111179244021338
10.53,36.405,5.805,-31.82,36.645,5.97,-31.51,0.7411432564395877,0.346114083474186,0.576548188824202,0.415219800870125,0.240000000000002,0.16500000000000004,0.3099999999999987,36.525000000000006,5.887499999999999,-31.665,2.141326486512466,0.3950291729654017,0.5329997527469936
10.54,36.405,5.805,-31.82,36.825,5.815,-31.555,0.6338551008731055,0.382131027160058,0.493086872881876,0.355112438367425,0.4200000000000017,0.010000000000000675,0.26500000000000057,36.615,5.8100000000000005,-31.6875,1.6587375904152208,0.2517240737130475,0.397131888611731
10.55,36.405,5.805,-31.82,36.87,5.925,-32.125,0.902075489789311,0.402219326006154,0.701740163904567,0.505380845464538,0.4649999999999963,0.1200000000000001,0.3049999999999997,36.6375,5.865,-31.9725,2.2427452616554873,0.49985616378315695,0.5541178857944423
10.56,36.405,5.805,-31.82,37.03,5.59,-31.29,0.9557195675725523,0.551012631843794,0.743470822264689,0.535434526996009,0.625,0.21499999999999986,0.5300000000000011,36.7175,5.6975,-31.555,1.734478504857598,0.40470693572875827,0.4234578311849596
10.57,36.405,5.805,-31.82,36.85,5.69,-31.465,0.472922867523382,0.393160066878276,0.367894898579428,0.264951394333255,0.4450000000000003,0.11499999999999932,0.3550000000000004,36.6275,5.7475000000000005,-31.6425,1.2028761467957647,0.07976280064510599,0.16865921687008123
10.58,36.405,5.805,-31.82,36.5,5.855,-32.005,0.7679652953312082,0.104557569835246,0.597413518004263,0.430246641635861,0.09499999999999886,0.05000000000000071,0.18500000000000227,36.4525,5.83,-31.9125,7.344903761596665,0.6634077254959622,0.8638511774754046
10.59,36.405,5.805,-31.82,36.92,5.84,-31.555,0.7679652953312082,0.462873271491237,0.597413518004263,0.430246641635861,0.5150000000000006,0.03500000000000014,0.26500000000000057,36.6625,5.8225,-31.6875,1.6591264628392364,0.30509202383997114,0.3972731909859518
10.60,36.405,5.805,-31.82,36.565,5.85,-31.66,0.9557195675725523,0.177177448452841,0.743470822264689,0.535434526996009,0.1599999999999966,0.04499999999999993,0.16000000000000014,36.485,5.8275,-31.740000000000002,5.394137744526763,0.7785421191197113,0.8146135589569747
11.1,85.83,-9.91,69.905,84.845,-9.63,73.195,0.9787098866225129,1.07808254228353,0.761355390022181,0.548314676143748,0.9849999999999994,0.27999999999999936,3.289999999999992,85.3375,-9.77,71.55,0.9078246306091214,0.09937265566101716,0.10153433302121197
11.2,85.83,-9.91,69.905,85.575,-9.335,66.885,1.0706711628223546,0.770661080168592,0.832893661052152,0.599835272734702,0.25499999999999545,0.5749999999999993,3.019999999999996,85.7025,-9.6225,68.39500000000001,1.3892892595521267,0.3000100826537626,0.28020749301093545
11.3,85.83,-9.91,69.905,85.005,-9.69,69.95,0.7334798167562675,0.555491461233119,0.570586666756983,0.410926418194374,0.8250000000000028,0.22000000000000064,0.045000000000001705,85.41749999999999,-9.8,69.92750000000001,1.3204160038889194,0.1779883555231485,0.24266292161605646
11.4,85.83,-9.91,69.905,85.465,-9.45,70.93,0.8867486104226707,0.475124449955458,0.689817118214294,0.496794078992551,0.3649999999999949,0.46000000000000085,1.0250000000000057,85.64750000000001,-9.68,70.4175,1.8663501923326646,0.41162416046721273,0.4641948745843721
11.5,85.83,-9.91,69.905,85.585,-9.775,68.52,0.8867486104226707,0.37321908705772,0.689817118214294,0.496794078992551,0.24500000000000455,0.1349999999999998,1.3850000000000051,85.7075,-9.842500000000001,69.2125,2.375946565427358,0.5135295233649507,0.579115114193481
11.6,85.83,-9.91,69.905,83.775,-9.695,73.835,1.3159012326886,1.6837978919828,1.02366238431735,0.737223530684076,2.0549999999999926,0.21499999999999986,3.9299999999999926,84.80250000000001,-9.8025,71.87,0.7815078271404167,0.3678966592942001,0.27957771440258455
11.7,85.83,-9.91,69.905,85.62,-9.755,67.535,0.7947873342228289,0.599754483841411,0.618278847184324,0.445273482401596,0.20999999999999375,0.15499999999999936,2.3700000000000045,85.725,-9.8325,68.72,1.3251878131982442,0.19503285038141793,0.24538998262565162
11.8,85.83,-9.91,69.905,85.375,-9.485,67.395,0.9480561278892321,0.686744201558385,0.737509299419552,0.531141143760015,0.4549999999999983,0.4250000000000007,2.510000000000005,85.60249999999999,-9.6975,68.65,1.38050838195264,0.2613119263308471,0.2756291725438315
11.9,85.83,-9.91,69.905,85.095,-9.47,68.215,1.0706711628223546,0.648650910140237,0.832893661052152,0.599835272734702,0.7349999999999994,0.4399999999999995,1.6899999999999977,85.4625,-9.690000000000001,69.06,1.6506122853358296,0.4220202526821176,0.3941642092754999
11.10,85.83,-9.91,69.905,85.215,-9.335,68.225,1.0093636453557935,0.614549714440504,0.785201479846893,0.565488207967238,0.6149999999999949,0.5749999999999993,1.6800000000000068,85.52250000000001,-9.6225,69.065,1.6424442481960801,0.3948139309152895,0.3911513282063661
11.11,85.83,-9.91,69.905,84.805,-10.01,69.655,1.1932861977554774,0.678635106523476,0.928278022684751,0.668529401709389,1.0249999999999915,0.09999999999999964,0.25,85.3175,-9.96,69.78,1.7583620188912759,0.5146510912320014,0.4312888993174899
11.12,85.83,-9.91,69.905,85.35,-9.94,71.635,0.8560948516893903,0.528202283947461,0.665971028389582,0.479620547169061,0.480000000000004,0.02999999999999936,1.730000000000004,85.59,-9.925,70.77000000000001,1.6207708222514485,0.3278925677419292,0.3830096241226856
11.13,85.83,-9.91,69.905,85.225,-9.76,72.875,1.131978680288916,0.855128278807669,0.880585841479493,0.634182336941925,0.605000000000004,0.15000000000000036,2.969999999999999,85.5275,-9.835,71.39,1.3237530637432724,0.27685040148124707,0.24457209844801509
11.14,85.83,-9.91,69.905,85.58,-9.65,69.03,0.8560948516893903,0.282734174704835,0.665971028389582,0.479620547169061,0.25,0.2599999999999998,0.875,85.705,-9.780000000000001,69.4675,3.027914292834286,0.5733606769845553,0.6697396616547383
11.15,85.83,-9.91,69.905,85.175,-10.025,70.45,0.9480561278892321,0.449133057415612,0.737509299419552,0.531141143760015,0.6550000000000011,0.11500000000000021,0.5450000000000017,85.5025,-9.967500000000001,70.17750000000001,2.1108580411195965,0.4989230704736201,0.5262590001481998
11.16,85.83,-9.91,69.905,85.09,-9.57,71.155,0.8867486104226707,0.632632150965401,0.689817118214294,0.496794078992551,0.7399999999999949,0.33999999999999986,1.25,85.46000000000001,-9.74,70.53,1.4016812260771208,0.2541164594572697,0.2865710260877358
11.17,85.83,-9.91,69.905,85.205,-9.725,69.845,0.7028260580229869,0.421612518856682,0.546740576154354,0.393752885810641,0.625,0.1850000000000005,0.060000000000002274,85.5175,-9.817499999999999,69.875,1.66699522647453,0.2812135391663049,0.40011825907142046
11.18,85.83,-9.91,69.905,85.3,-9.535,68.14,1.0093636453557935,0.560996925135587,0.785201479846893,0.565488207967238,0.5300000000000011,0.375,1.7650000000000006,85.565,-9.7225,69.02250000000001,1.7992320426936548,0.4483667202202065,0.44420731996737717
11.19,85.83,-9.91,69.905,85.295,-9.435,71.07,0.9174023691559514,0.566200934508643,0.713663208816923,0.513967611376283,0.5349999999999966,0.47499999999999964,1.164999999999992,85.5625,-9.6725,70.4875,1.6202770282105043,0.35120143464730846,0.3828215906915598
11.20,85.83,-9.91,69.905,85.6,-10.13,70.445,0.7028260580229869,0.217699323807903,0.546740576154354,0.393752885810641,0.23000000000000398,0.22000000000000064,0.539999999999992,85.715,-10.02,70.175,3.228425529767526,0.4851267342150839,0.6902514896636995
11.21,85.83,-9.91,69.905,84.81,-9.055,68.135,0.998896508227356,0.88051267021669,0.777058912494807,0.559624075081138,1.019999999999996,0.8550000000000004,1.769999999999996,85.32,-9.4825,69.02000000000001,1.1344487602286104,0.11838383801066599,0.11851461779782933
11.22,85.83,-9.91,69.905,85.395,-9.81,69.435,0.8732908626861092,0.307304421416737,0.67934810349185,0.489254479887704,0.4350000000000023,0.09999999999999964,0.46999999999999886,85.6125,-9.86,69.67,2.8417777258728654,0.5659864412693723,0.6481075948514758
11.23,85.83,-9.91,69.905,85.325,-9.58,71.78,0.7162838057595486,0.636749362470273,0.557209591654715,0.40129248547573,0.5049999999999955,0.33000000000000007,1.875,85.5775,-9.745000000000001,70.8425,1.1249069835826992,0.07953444328927561,0.11103761182189445
11.24,85.83,-9.91,69.905,85.57,-9.695,71.33,0.7162838057595491,0.437981866816525,0.557209591654715,0.40129248547573,0.2600000000000051,0.21499999999999986,1.4249999999999972,85.69999999999999,-9.8025,70.6175,1.635418857247322,0.2783019389430241,0.3885358517346015
11.25,85.83,-9.91,69.905,85.115,-9.295,68.605,0.8104880399154848,0.625087588213734,0.630492698601412,0.454069682010866,0.7150000000000034,0.6150000000000002,1.2999999999999972,85.4725,-9.6025,69.255,1.2965991549039657,0.1854004517017508,0.22875161920012066
11.26,85.83,-9.91,69.905,85.02,-9.4,71.52,1.0302979196126678,0.765854172326727,0.801486615328984,0.577216474299679,0.8100000000000023,0.5099999999999998,1.6149999999999949,85.425,-9.655000000000001,70.7125,1.3452925576382861,0.2644437472859408,0.2566672629298223
11.27,85.83,-9.91,69.905,85.48,-9.64,69.35,1.0616993309979799,0.290230952314507,0.825914317385244,0.594808872957977,0.3499999999999943,0.2699999999999996,0.5550000000000068,85.655,-9.775,69.6275,3.658118883851357,0.7714683786834728,0.7266354564165259
11.28,85.83,-9.91,69.905,84.88,-9.265,73.37,0.9360936854567323,1.18459292620292,0.72820350760437,0.5244392772043,0.9500000000000028,0.6449999999999996,3.4650000000000034,85.35499999999999,-9.5875,71.6375,0.7902239359701833,0.24849924074618768,0.2654640708952946
11.29,85.83,-9.91,69.905,84.86,-9.28,71.48,0.998896508227356,0.870690327951347,0.777058912494807,0.559624075081138,0.9699999999999989,0.6300000000000008,1.5750000000000028,85.345,-9.594999999999999,70.6925,1.1472465870046122,0.12820618027600894,0.1283478109010273
11.30,85.83,-9.91,69.905,85.34,-9.28,72.44,0.998896508227356,0.858507310603151,0.777058912494807,0.559624075081138,0.4899999999999949,0.6300000000000008,2.5349999999999966,85.58500000000001,-9.594999999999999,71.1725,1.1635270832604168,0.140389197624205,0.14054428694799995
11.31,85.83,-9.91,69.905,85.425,-9.49,71.855,0.9557195675725523,0.648193900702667,0.743470822264689,0.535434526996009,0.40500000000000114,0.41999999999999993,1.9500000000000028,85.6275,-9.7,70.88,1.474434679286678,0.30752566686988525,0.32177395648516516
11.32,85.83,-9.91,69.905,85.435,-9.515,71.29,0.7947873342228289,0.525366845126231,0.618278847184324,0.445273482401596,0.394999999999996,0.3949999999999996,1.3850000000000051,85.6325,-9.7125,70.5975,1.5128235443160487,0.2694204890965979,0.3389843762684799
11.33,85.83,-9.91,69.905,84.395,-9.875,70.975,0.9879060142424969,0.9810963316598,0.768509216658428,0.553466735466698,1.4350000000000023,0.03500000000000014,1.0699999999999932,85.1125,-9.8925,70.44,1.0069408898555716,0.006809682582696874,0.006893046987901306
11.34,85.83,-9.91,69.905,85.095,-10.14,72.455,1.2132111409321098,0.77552939856345,0.943777981304189,0.67969219756273,0.7349999999999994,0.23000000000000043,2.549999999999997,85.4625,-10.025,71.18,1.5643651183501661,0.43768174236865975,0.3607630421788131
11.35,85.83,-9.91,69.905,85.635,-9.79,72.2,0.9879060142424969,0.602468450922005,0.768509216658428,0.553466735466698,0.19499999999999318,0.120000000000001,2.2950000000000017,85.7325,-9.85,71.05250000000001,1.6397638931812324,0.38543756332049195,0.39015610531117206
11.36,85.83,-9.91,69.905,85.235,-9.58,74.38,0.9557195675725523,1.21851884386146,0.743470822264689,0.535434526996009,0.5949999999999989,0.33000000000000007,4.474999999999994,85.5325,-9.745000000000001,72.1425,0.7843289183444784,0.26279927628890776,0.2749753012606205
11.37,85.83,-9.91,69.905,85.235,-9.69,72.85,0.8591602275627183,0.860319072555266,0.668355637527637,0.481337900463458,0.5949999999999989,0.22000000000000064,2.944999999999993,85.5325,-9.8,71.3775,0.998653004416421,0.001158844992547703,0.001348811262465355
11.38,85.83,-9.91,69.905,85.155,-9.38,72.75,1.0522789075823862,0.940867005614205,0.818586007001741,0.58953115352856,0.6749999999999972,0.5299999999999994,2.844999999999999,85.4925,-9.645,71.3275,1.1184140799761988,0.11141190196818118,0.10587677949211541
11.39,85.83,-9.91,69.905,85.38,-9.69,71.595,0.9879060142424969,0.552582038350986,0.768509216658428,0.553466735466698,0.45000000000000284,0.22000000000000064,1.6899999999999977,85.60499999999999,-9.8,70.75,1.787799718215243,0.43532397589151095,0.44065322933037704
11.40,85.83,-9.91,69.905,85.39,-9.845,71.18,0.8269737808927735,0.436763468783525,0.64331724235598,0.463305691432527,0.4399999999999977,0.0649999999999995,1.2750000000000057,85.61,-9.877500000000001,70.5425,1.8934133417857728,0.3902103121092485,0.47185330496952044
11.41,85.83,-9.91,69.905,85.055,-9.6,72.39,1.0302979196126678,0.849093416221745,0.801486615328984,0.577216474299679,0.7749999999999915,0.3100000000000005,2.4849999999999994,85.4425,-9.754999999999999,71.14750000000001,1.213409383132222,0.18120450339092287,0.17587583141308233
11.42,85.83,-9.91,69.905,84.875,-9.26,70.825,0.998896508227356,0.79118829290659,0.777058912494807,0.559624075081138,0.9549999999999983,0.6500000000000004,0.9200000000000017,85.35249999999999,-9.585,70.36500000000001,1.262526905315018,0.207708215320766,0.20793767262379143
11.43,85.83,-9.91,69.905,85.47,-9.545,69.905,0.998896508227356,0.314565969022823,0.777058912494807,0.559624075081138,0.35999999999999943,0.3650000000000002,0.0,85.65,-9.7275,69.905,3.175475427793038,0.6843305392045329,0.6850865258642869
11.44,85.83,-9.91,69.905,85.33,-9.795,73.32,1.1559035651539156,0.918374377059188,0.899197424331941,0.647586069493113,0.5,0.11500000000000021,3.414999999999992,85.58,-9.8525,71.6125,1.258640912431269,0.23752918809472756,0.205492218425338
11.45,85.83,-9.91,69.905,85.705,-9.86,70.3,0.7790866285301729,0.13677002768766,0.606064996545153,0.436477283352568,0.125,0.05000000000000071,0.394999999999996,85.7675,-9.885,70.10249999999999,5.696325693616423,0.6423166008425129,0.8244482404092354
11.46,85.83,-9.91,69.905,84.565,-9.415,72.73,0.8418894513007967,1.16332370168035,0.654920400657672,0.471662080669164,1.2650000000000006,0.495000000000001,2.825000000000003,85.19749999999999,-9.6625,71.3175,0.7236931985147776,0.3214342503795532,0.38180101853171655
11.47,85.83,-9.91,69.905,85.175,-9.79,69.57,0.8732908626861087,0.438607402194703,0.67934810349185,0.489254479887704,0.6550000000000011,0.120000000000001,0.33500000000000796,85.5025,-9.85,69.7375,1.9910536309357378,0.43468346049140566,0.4977533586652134
11.48,85.83,-9.91,69.905,84.84,-9.315,71.25,0.6848823943742373,0.840501442388305,0.532781888820538,0.38370008625719,0.9899999999999949,0.5950000000000006,1.3449999999999989,85.33500000000001,-9.6125,70.5775,0.8148497539912338,0.15561904801406778,0.22722010240755797
11.49,85.83,-9.91,69.905,84.92,-9.28,71.885,1.0302979196126678,0.902623202433342,0.801486615328984,0.577216474299679,0.9099999999999966,0.6300000000000008,1.980000000000004,85.375,-9.594999999999999,70.89500000000001,1.1414485199291184,0.12767471717932577,0.12392019300922577
11.50,85.83,-9.91,69.905,84.705,-9.31,68.185,0.9360936854567323,0.879593024526773,0.72820350760437,0.5244392772043,1.125,0.5999999999999996,1.7199999999999989,85.2675,-9.61,69.045,1.0642350022001619,0.05650066092995931,0.0603579126185794
12.1,85.385,-6.55,47.16,85.61,-6.665,47.375,0.7679652953312086,0.173606686670906,0.597413518004263,0.430246641635861,0.22499999999999432,0.11500000000000021,0.2150000000000034,85.4975,-6.6075,47.2675,4.423592809897891,0.5943586086603025,0.773939410413107
12.2,85.385,-6.55,47.16,85.54,-6.74,48.315,0.8484314120060703,0.383448347250221,0.660009505544446,0.475327163933067,0.15500000000000114,0.1900000000000004,1.1550000000000011,85.4625,-6.645,47.7375,2.2126354589286756,0.46498306475584933,0.5480502697423375
12.3,85.385,-6.55,47.16,85.495,-6.905,49.26,1.1434738398138964,0.672408849242261,0.889528125747198,0.640622411795915,0.10999999999999943,0.3550000000000004,2.1000000000000014,85.44,-6.7275,48.209999999999994,1.7005633394056552,0.4710649905716354,0.41195956895379693
12.4,85.385,-6.55,47.16,85.095,-6.3,48.375,0.6874991786563465,0.497719942227284,0.534817531241998,0.385166119898896,0.29000000000000625,0.25,1.2150000000000034,85.24000000000001,-6.425,47.7675,1.3812972295192916,0.18977923642906247,0.27604285509682436
12.5,85.385,-6.55,47.16,85.57,-7.475,46.42,1.223939956488758,0.721966927992923,0.952124112509463,0.685702933532879,0.18499999999998806,0.9249999999999998,0.7399999999999949,85.47749999999999,-7.012499999999999,46.79,1.6952853480367045,0.5019730284958351,0.4101288020090199
12.6,85.385,-6.55,47.16,85.36,-6.845,47.77,1.0630077231390345,0.247361189599444,0.826932138207015,0.595541889498709,0.025000000000005684,0.29499999999999993,0.6100000000000065,85.3725,-6.6975,47.465,4.297390874304046,0.8156465335395905,0.7673006649130512
12.7,85.385,-6.55,47.16,85.04,-5.78,48.205,1.0898297620306552,0.707932892102884,0.847797467387076,0.610568730264444,0.34499999999999886,0.7699999999999996,1.0450000000000017,85.2125,-6.165,47.6825,1.5394534886688336,0.38189686992777117,0.3504188295112922
12.8,85.385,-6.55,47.16,85.43,-5.535,44.555,0.8752534508976906,0.991106423319415,0.680874834724506,0.490354004698802,0.045000000000001705,1.0149999999999997,2.604999999999997,85.4075,-6.0425,45.8575,0.8831074336933294,0.11585297242172443,0.1323650562823106
12.9,85.385,-6.55,47.16,84.97,-6.09,47.9,0.6070330619814848,0.507171662027418,0.472221543701815,0.34008559760169,0.41500000000000625,0.45999999999999996,0.740000000000002,85.17750000000001,-6.32,47.53,1.1968986168469515,0.09986139995406673,0.1645073490125737
12.10,85.385,-6.55,47.16,85.575,-6.94,48.59,1.0093636453557935,0.495369057620183,0.785201479846893,0.565488207967238,0.18999999999999773,0.39000000000000057,1.4300000000000068,85.48,-6.745,47.875,2.0375992965069467,0.5139945877356105,0.50922637207248
12.11,85.385,-6.55,47.16,85.28,-6.415,46.255,0.9557195675725523,0.301115614951066,0.743470822264689,0.535434526996009,0.10500000000000398,0.1349999999999998,0.904999999999994,85.33250000000001,-6.4825,46.707499999999996,3.1739289394006893,0.6546039526214863,0.6849330851299743
12.12,85.385,-6.55,47.16,85.24,-6.01,47.935,0.49974490641500263,0.489945532607498,0.388760226981572,0.279978234538748,0.14500000000001023,0.54,0.7750000000000057,85.3125,-6.279999999999999,47.5475,1.0200009432382233,0.009799373807504619,0.019608751709333447
12.13,85.385,-6.55,47.16,85.51,-6.675,47.55,1.036185684247414,0.159006177223699,0.806066809026954,0.580515048732973,0.125,0.125,0.39000000000000057,85.4475,-6.6125,47.355,6.51663788050832,0.8771795070237149,0.8465466368745168
12.14,85.385,-6.55,47.16,84.845,-5.545,50.76,1.33122811205524,1.48013293576957,1.03558542922971,0.745810296595821,0.5400000000000063,1.005,3.6000000000000014,85.11500000000001,-6.047499999999999,48.959999999999994,0.8993976682666633,0.14890482371433,0.11185522770593044
12.15,85.385,-6.55,47.16,84.81,-5.875,45.92,0.7411432564395877,0.662128720653166,0.576548188824202,0.415219800870125,0.5750000000000028,0.6749999999999998,1.2399999999999949,85.0975,-6.2125,46.54,1.1193340995526408,0.0790145357864217,0.10661169078079667
12.16,85.385,-6.55,47.16,85.44,-5.88,46.265,0.8216093731144494,0.4844934298463,0.639144176364385,0.460300323167332,0.05499999999999261,0.6699999999999999,0.894999999999996,85.4125,-6.215,46.7125,1.6958111726701521,0.33711594326814937,0.4103117051597679
12.17,85.385,-6.55,47.16,84.84,-6.67,46.365,0.9557195675725523,0.461286821794263,0.743470822264689,0.535434526996009,0.5450000000000017,0.1200000000000001,0.7949999999999946,85.11250000000001,-6.609999999999999,46.7625,2.0718553410722715,0.4944327457782893,0.5173408205052935
12.18,85.385,-6.55,47.16,85.05,-6.525,47.325,1.2507619953803784,0.227838287980844,0.972989441689524,0.700729774298615,0.33500000000000796,0.024999999999999467,0.16500000000000625,85.2175,-6.5375,47.2425,5.489691837904993,1.0229237073995343,0.8178404127722197
12.19,85.385,-6.55,47.16,85.18,-6.945,47.24,0.9825416064641724,0.290722840607191,0.764336150666832,0.550461367201502,0.2049999999999983,0.39500000000000046,0.0800000000000054,85.2825,-6.7475000000000005,47.2,3.3796505325568105,0.6918187658569814,0.7041114194059289
12.20,85.385,-6.55,47.16,85.275,-7.52,46.415,1.3044060731636198,0.744358830212071,1.01472010004965,0.730783455830086,0.10999999999999943,0.9699999999999998,0.7449999999999974,85.33000000000001,-7.035,46.787499999999994,1.7523887921630488,0.5600472429515487,0.4293503794902587
12.21,85.385,-6.55,47.16,84.8,-5.58,46.98,1.1434738398138964,0.746409948007544,0.889528125747198,0.640622411795915,0.585000000000008,0.9699999999999998,0.17999999999999972,85.0925,-6.0649999999999995,47.06999999999999,1.5319648958783363,0.3970638918063524,0.3472435290025805
12.22,85.385,-6.55,47.16,85.075,-5.775,47.23,1.0093636453557935,0.56116237583108,0.785201479846893,0.565488207967238,0.3100000000000023,0.7749999999999995,0.07000000000000028,85.23,-6.1625,47.19499999999999,1.7987015648763465,0.4482012695247135,0.44404340412189336
12.23,85.385,-6.55,47.16,84.705,-5.86,47.84,0.8216093731144494,0.708927258469279,0.639144176364385,0.460300323167332,0.6800000000000068,0.6899999999999995,0.6800000000000068,85.045,-6.205,47.5,1.1589473562203365,0.11268211464517042,0.13714803919639057
12.24,85.385,-6.55,47.16,84.825,-5.45,47.765,0.7679652953312082,0.878833995565558,0.597413518004263,0.430246641635861,0.5600000000000023,1.0999999999999996,0.605000000000004,85.105,-6.0,47.4625,0.8738456845460923,0.1108687002343498,0.14436681027645595
12.25,85.385,-6.55,47.16,84.85,-5.7,48.02,0.7143212175479672,0.766627856325601,0.555682860422059,0.400192960664632,0.5350000000000108,0.8499999999999996,0.8600000000000065,85.1175,-6.125,47.59,0.931770494278532,0.05230663877763386,0.07322565453670818
12.26,85.385,-6.55,47.16,84.695,-5.95,49.24,1.1702958787055167,0.962000556665359,0.910393454927258,0.655649252561651,0.6900000000000119,0.5999999999999996,2.0800000000000054,85.03999999999999,-6.25,48.2,1.2165230772273785,0.20829532204015766,0.17798517934846642
12.27,85.385,-6.55,47.16,85.11,-5.77,47.485,0.5802110230898643,0.581145422641872,0.451356214521754,0.325058756835955,0.2750000000000057,0.7800000000000002,0.32500000000000284,85.2475,-6.16,47.3225,0.9983921398775679,0.000934399552007692,0.0016104477736758245
12.28,85.385,-6.55,47.16,85.525,-6.125,47.49,0.660677139764726,0.336386099379951,0.513952202061937,0.370139279133161,0.14000000000000057,0.4249999999999998,0.3300000000000054,85.45500000000001,-6.3375,47.325,1.964044111865756,0.32429104038477496,0.4908464670192947
12.29,85.385,-6.55,47.16,85.45,-6.41,47.775,0.8484314120060701,0.242649123404004,0.660009505544446,0.475327163933067,0.06499999999999773,0.13999999999999968,0.615000000000002,85.4175,-6.48,47.4675,3.496536054230534,0.6057822886020661,0.7140026634041331
12.30,85.385,-6.55,47.16,84.915,-5.66,48.875,1.3044060731636198,0.941460789046751,1.01472010004965,0.730783455830086,0.46999999999999886,0.8899999999999997,1.7150000000000034,85.15,-6.105,48.0175,1.3855129039403178,0.36294528411686877,0.2782456255806597
12.31,85.385,-6.55,47.16,85.09,-5.995,47.15,0.7947873342228289,0.417410871879043,0.618278847184324,0.445273482401596,0.2950000000000017,0.5549999999999997,0.00999999999999801,85.23750000000001,-6.2725,47.155,1.9040887189662203,0.37737646234378586,0.4748143882262335
12.32,85.385,-6.55,47.16,84.965,-5.605,48.45,0.8752534508976906,0.868287160062729,0.680874834724506,0.490354004698802,0.4200000000000017,0.9449999999999994,1.2900000000000063,85.17500000000001,-6.077500000000001,47.805,1.0080230252701599,0.006966290834961586,0.00795916979231278
12.33,85.385,-6.55,47.16,85.025,-6.16,48.005,0.472922867523382,0.478632445824211,0.367894898579428,0.264951394333255,0.35999999999999943,0.3899999999999997,0.845000000000006,85.20500000000001,-6.355,47.582499999999996,0.98807105673944,0.005709578300829021,0.012072958786400348
12.34,85.385,-6.55,47.16,84.955,-6.205,48.765,1.1702958787055167,0.67304886106426,0.910393454927258,0.655649252561651,0.4300000000000068,0.34499999999999975,1.605000000000004,85.17,-6.3774999999999995,47.9625,1.7387977971111725,0.4972470176412567,0.424890001122092
12.35,85.385,-6.55,47.16,85.4,-6.505,47.985,0.7947873342228289,0.277389025871213,0.618278847184324,0.445273482401596,0.015000000000000568,0.04499999999999993,0.8250000000000028,85.39250000000001,-6.5275,47.5725,2.865244321981904,0.5173983083516158,0.6509896237923275
12.36,85.385,-6.55,47.16,85.58,-6.56,48.215,0.7679652953312082,0.365404288588816,0.597413518004263,0.430246641635861,0.19499999999999318,0.009999999999999787,1.0550000000000068,85.4825,-6.555,47.6875,2.1016865899286183,0.40256100674239215,0.5241916642139199
12.37,85.385,-6.55,47.16,84.8,-5.795,46.395,0.7679652953312082,0.643653057912259,0.597413518004263,0.430246641635861,0.585000000000008,0.7549999999999999,0.7649999999999935,85.0925,-6.172499999999999,46.7775,1.1931354705732784,0.12431223741894915,0.16187220700313487
12.38,85.385,-6.55,47.16,85.28,-5.87,45.98,0.9557195675725523,0.539175917012569,0.743470822264689,0.535434526996009,0.10500000000000398,0.6799999999999997,1.1799999999999997,85.33250000000001,-6.21,46.56999999999999,1.7725561095076081,0.4165436505599833,0.4358429650887303
12.39,85.385,-6.55,47.16,85.67,-6.67,46.625,1.1434738398138964,0.28011743115327,0.889528125747198,0.640622411795915,0.2849999999999966,0.1200000000000001,0.5349999999999966,85.5275,-6.609999999999999,46.8925,4.082123097530857,0.8633564086606265,0.7550294356065992
12.40,85.385,-6.55,47.16,85.4,-6.41,48.03,0.9288975286809318,0.317112896372333,0.722605493084628,0.520407686230273,0.015000000000000568,0.13999999999999968,0.8700000000000045,85.39250000000001,-6.48,47.595,2.9292328895418014,0.6117846323085988,0.6586136928566723
12.41,85.385,-6.55,47.16,85.035,-5.885,46.855,1.1971179175971374,0.491887481733187,0.931258784107319,0.670676093327386,0.3500000000000085,0.665,0.3049999999999997,85.21000000000001,-6.217499999999999,47.00749999999999,2.433723076150092,0.7052304358639503,0.5891069082738201
12.42,85.385,-6.55,47.16,85.33,-6.71,47.5,0.7947873342228289,0.140827870893222,0.618278847184324,0.445273482401596,0.05500000000000682,0.16000000000000014,0.3400000000000034,85.3575,-6.63,47.33,5.643679220157852,0.6539594633296069,0.8228106241102356
12.43,85.385,-6.55,47.16,84.735,-5.175,47.85,1.3044060731636198,1.07684763657985,1.01472010004965,0.730783455830086,0.6500000000000057,1.375,0.6900000000000048,85.06,-5.8625,47.504999999999995,1.211319064686991,0.22755843658376973,0.17445367749431812
12.44,85.385,-6.55,47.16,85.54,-6.715,46.215,0.7679652953312082,0.367855006433477,0.597413518004263,0.430246641635861,0.15500000000000114,0.16500000000000004,0.9449999999999932,85.4625,-6.6325,46.6875,2.0876847665858866,0.40011028889773115,0.5210004811534759
12.45,85.385,-6.55,47.16,84.845,-5.955,49.81,1.223939956488758,1.07020440110203,0.952124112509463,0.685702933532879,0.5400000000000063,0.5949999999999998,2.6500000000000057,85.11500000000001,-6.2524999999999995,48.485,1.1436506466285974,0.15373555538672812,0.12560710551697155
12.46,85.385,-6.55,47.16,84.81,-6.445,48.615,1.277584034271999,0.620423398371295,0.993854770869585,0.71575661506435,0.5750000000000028,0.10499999999999954,1.4550000000000054,85.0975,-6.4975000000000005,47.8875,2.0592131688885957,0.6571606359007041,0.5143776203815773
12.47,85.385,-6.55,47.16,85.49,-6.635,47.695,0.6338551008731055,0.185070995734448,0.493086872881876,0.355112438367425,0.10499999999998977,0.08499999999999996,0.5350000000000037,85.4375,-6.592499999999999,47.427499999999995,3.424929416588178,0.4487841051386575,0.7080231803963641
12.48,85.385,-6.55,47.16,85.685,-6.15,47.59,0.7947873342228289,0.380874311570002,0.618278847184324,0.445273482401596,0.29999999999999716,0.39999999999999947,0.4300000000000068,85.535,-6.35,47.375,2.086744387826765,0.41391302265282687,0.5207846228913311
12.49,85.385,-6.55,47.16,84.64,-5.615,48.485,1.1166518009222757,0.95951847900641,0.868662796567137,0.62559557103018,0.7450000000000045,0.9349999999999996,1.3250000000000028,85.0125,-6.0825,47.8225,1.1637626832521413,0.1571333219158657,0.14071828088699304
12.50,85.385,-6.55,47.16,85.235,-6.515,45.91,0.6338551008731055,0.421451494642281,0.493086872881876,0.355112438367425,0.15000000000000568,0.03500000000000014,1.25,85.31,-6.5325,46.535,1.503981140005511,0.2124036062308245,0.33509804623036166
12.51,85.385,-6.55,47.16,85.705,-5.96,46.665,0.7143212175479672,0.446252391604824,0.555682860422059,0.400192960664632,0.3199999999999932,0.5899999999999999,0.49499999999999744,85.545,-6.255,46.912499999999994,1.6007112328931081,0.2680688259431432,0.3752777027792325
12.52,85.385,-6.55,47.16,85.315,-6.41,48.135,1.0630077231390345,0.352643697546516,0.826932138207015,0.595541889498709,0.07000000000000739,0.13999999999999968,0.9750000000000014,85.35,-6.48,47.647499999999994,3.0143959115685623,0.7103640255925185,0.668258573725667
12.53,85.385,-6.55,47.16,85.4,-6.215,48.815,1.1702958787055167,0.622411480903585,0.910393454927258,0.655649252561651,0.015000000000000568,0.33499999999999996,1.6550000000000011,85.39250000000001,-6.3825,47.9875,1.880260748285492,0.5478843978019317,0.4681588710196917
12.54,85.385,-6.55,47.16,84.995,-6.345,49.355,1.2507619953803784,0.791945383271468,0.972989441689524,0.700729774298615,0.39000000000000057,0.20500000000000007,2.1950000000000003,85.19,-6.4475,48.25749999999999,1.5793538547244494,0.45881661210891034,0.36682967138168165
12.55,85.385,-6.55,47.16,85.01,-6.71,45.975,0.8484314120060701,0.494699351572249,0.660009505544446,0.475327163933067,0.375,0.16000000000000014,1.1849999999999952,85.1975,-6.63,46.567499999999995,1.7150445166231743,0.3537320604338211,0.41692475668777523
12.56,85.385,-6.55,47.16,84.775,-5.795,45.615,0.8752534508976906,0.756404589805095,0.680874834724506,0.490354004698802,0.6099999999999994,0.7549999999999999,1.5449999999999946,85.08000000000001,-6.172499999999999,46.3875,1.1571233986907674,0.11884886109259563,0.1357879375795801
12.57,85.385,-6.55,47.16,85.135,-5.83,47.1,0.6874991786563465,0.504824719698204,0.534817531241998,0.385166119898896,0.25,0.7199999999999998,0.05999999999999517,85.26,-6.1899999999999995,47.129999999999995,1.361857196108567,0.1826744589581425,0.26570862098985226
12.58,85.385,-6.55,47.16,85.505,-5.99,45.66,1.1434738398138964,0.562123325508754,0.889528125747198,0.640622411795915,0.11999999999999034,0.5599999999999996,1.5,85.445,-6.27,46.41,2.0342045702244826,0.5813505143051424,0.5084073579605034
12.59,85.385,-6.55,47.16,84.8,-5.405,47.3,1.223939956488758,0.866587105741186,0.952124112509463,0.685702933532879,0.585000000000008,1.1449999999999996,0.14000000000000057,85.0925,-5.9775,47.23,1.4123680666002554,0.35735285074757206,0.29196926578063315
12.60,85.385,-6.55,47.16,85.35,-6.065,48.605,0.4192787897401409,0.622240336552636,0.326164240219307,0.234897712801784,0.0350000000000108,0.48499999999999943,1.4450000000000003,85.3675,-6.3075,47.88249999999999,0.673821294500493,0.20296154681249512,0.48407301131119196
13.1,57.83,-37.285,-0.005,57.275,-36.605,0.025,1.1166518009222757,0.56753453942936,0.868662796567137,0.62559557103018,0.5549999999999997,0.6799999999999997,0.030000000000000002,57.552499999999995,-36.94499999999999,0.01,1.967548618410941,0.5491172614929156,0.4917533474155776
13.2,57.83,-37.285,-0.005,57.14,-36.3,-0.52,1.1166518009222757,0.805124789481441,0.868662796567137,0.62559557103018,0.6899999999999977,0.9849999999999994,0.515,57.485,-36.7925,-0.2625,1.3869300934760074,0.3115270114408347,0.27898312697346855
13.3,57.83,-37.285,-0.005,57.745,-37.905,0.265,1.1751726130494478,0.298627280558124,0.914187150858936,0.658381405224423,0.08500000000000085,0.6200000000000045,0.27,57.787499999999994,-37.595,0.13,3.9352486715809833,0.8765453324913237,0.7458864527747081
13.4,57.83,-37.285,-0.005,57.54,-36.865,0.485,1.0581309887951036,0.441293095694866,0.823138442275337,0.592809736835936,0.28999999999999915,0.4199999999999946,0.49,57.685,-37.075,0.24,2.397796377781891,0.6168378931002376,0.5829504088332976
13.5,57.83,-37.285,-0.005,58.16,-36.545,-0.505,1.1751726130494478,0.522694413995271,0.914187150858936,0.658381405224423,0.3299999999999983,0.7399999999999949,0.5,57.995,-36.915,-0.255,2.2482976273241415,0.6524781990541768,0.5552190301694032
13.6,57.83,-37.285,-0.005,58.05,-36.92,-0.115,0.6192248978413124,0.252366501099273,0.481705784308926,0.346915979818865,0.21999999999999886,0.3649999999999949,0.11,57.94,-37.1025,-0.060000000000000005,2.4536731011857067,0.3668583967420394,0.5924477478675377
13.7,57.83,-37.285,-0.005,57.3,-36.195,-0.27,0.9410893645407592,0.658703360836101,0.732089733691739,0.527238068447448,0.5300000000000011,1.0899999999999963,0.265,57.565,-36.739999999999995,-0.1375,1.428699804897795,0.28238600370465816,0.30006289949137444
13.8,57.83,-37.285,-0.005,57.505,-36.71,0.35,0.7070061160320705,0.432776293152608,0.549992315746625,0.39609473111023,0.32499999999999574,0.5749999999999957,0.355,57.667500000000004,-36.9975,0.1725,1.633652595081287,0.2742298228794625,0.3878747528106934
13.9,57.83,-37.285,-0.005,57.08,-37.5,0.565,1.0581309887951036,0.779784736860316,0.823138442275337,0.592809736835936,0.75,0.2150000000000034,0.57,57.455,-37.3925,0.27999999999999997,1.3569526786309687,0.27834625193478757,0.263054626146699
13.10,57.83,-37.285,-0.005,57.835,-36.04,-1.05,1.321474643367378,0.832377557707527,1.02799803658843,0.740345990710033,0.005000000000002558,1.2449999999999974,1.0450000000000002,57.832499999999996,-36.662499999999994,-0.5275,1.5875904264157432,0.4890970856598511,0.37011461986392763
13.11,57.83,-37.285,-0.005,57.555,-37.595,-0.395,1.2668552187153508,0.372151285459839,0.985508639664311,0.709745879094201,0.2749999999999986,0.3100000000000023,0.39,57.692499999999995,-37.44,-0.2,3.4041403719615095,0.8947039332555118,0.7062400812119182
13.12,57.83,-37.285,-0.005,57.715,-36.83,-0.395,1.0093636453557935,0.322703925340441,0.785201479846893,0.565488207967238,0.11499999999999488,0.4549999999999983,0.39,57.7725,-37.0575,-0.2,3.1278319318958365,0.6866597200153525,0.680289727586751
13.13,57.83,-37.285,-0.005,57.75,-36.505,-0.075,0.8377025964494218,0.307118439807737,0.651663373561254,0.469316427402676,0.0799999999999983,0.779999999999994,0.06999999999999999,57.79,-36.894999999999996,-0.04,2.727620634717413,0.5305841566416848,0.6333801020280589
13.14,57.83,-37.285,-0.005,58.095,-37.045,0.14,0.751872071996236,0.272945438680857,0.584894320807393,0.421230537400516,0.26500000000000057,0.23999999999999488,0.14500000000000002,57.9625,-37.165,0.0675,2.7546606855764524,0.47892663331537894,0.6369788831321264
13.15,57.83,-37.285,-0.005,57.53,-37.055,0.35,0.7804822468139646,0.366419876864813,0.607150671984653,0.437259167587984,0.29999999999999716,0.22999999999999687,0.355,57.68,-37.17,0.1725,2.1300215789655272,0.41406236994915163,0.5305211888020384
13.16,57.83,-37.285,-0.005,58.185,-37.4,-0.395,1.3526857431685366,0.409786413929545,1.05227769241817,0.757831769096361,0.355000000000004,0.11500000000000199,0.39,58.0075,-37.3425,-0.2,3.300953115786196,0.9428993292389916,0.6970571940333186
13.17,57.83,-37.285,-0.005,58.255,-37.34,0.605,1.2954653935330793,0.549001945939774,1.00776499084157,0.725774509281669,0.42500000000000426,0.05500000000000682,0.61,58.042500000000004,-37.3125,0.3,2.359673587232639,0.7464634475933053,0.576212572519045
13.18,57.83,-37.285,-0.005,58.16,-37.245,0.055,0.6660415475430501,0.301591059117344,0.518125268053533,0.373144647398357,0.3299999999999983,0.03999999999999915,0.06,57.995,-37.265,0.025,2.2084260298826646,0.3644504884257061,0.5471888191103585
13.19,57.83,-37.285,-0.005,57.42,-36.985,-0.205,0.6374313727253216,0.410751270842061,0.495868916876273,0.357116017210889,0.4099999999999966,0.29999999999999716,0.19999999999999998,57.625,-37.135,-0.105,1.5518670699829797,0.2266801018832606,0.35561491201551737
13.20,57.83,-37.285,-0.005,57.295,-36.475,-0.325,1.0665839949912506,0.61218697870299,0.829714182201412,0.597545468342172,0.5349999999999966,0.8099999999999952,0.32,57.5625,-36.879999999999995,-0.165,1.7422520085427444,0.45439701628826057,0.42603022171353494
13.21,57.83,-37.285,-0.005,57.335,-36.245,-0.4,1.1166518009222757,0.652001532627494,0.868662796567137,0.62559557103018,0.49499999999999744,1.0399999999999991,0.395,57.582499999999996,-36.765,-0.2025,1.7126521079017105,0.4646502682947816,0.4161102570155737
13.22,57.83,-37.285,-0.005,57.75,-36.675,-0.355,1.262953831240206,0.331519161000585,0.982473682296635,0.707560156515789,0.0799999999999983,0.6099999999999994,0.35,57.79,-36.98,-0.18,3.8095952693014388,0.931434670239621,0.7375049241407804
13.23,57.83,-37.285,-0.005,57.18,-37.25,0.535,0.7070061160320705,0.686880650232144,0.549992315746625,0.39609473111023,0.6499999999999986,0.03499999999999659,0.54,57.504999999999995,-37.2675,0.265,1.029299798682384,0.02012546579992658,0.02846575908623103
13.24,57.83,-37.285,-0.005,57.155,-37.7,-0.16,0.9410893645407592,0.642559814115696,0.732089733691739,0.527238068447448,0.6749999999999972,0.41500000000000625,0.155,57.4925,-37.4925,-0.0825,1.464594178475527,0.29852955042506324,0.3172170054790973
13.25,57.83,-37.285,-0.005,57.41,-37.42,0.575,1.2044330191130337,0.535657463536877,0.936949328004836,0.674774322321545,0.4200000000000017,0.13500000000000512,0.58,57.62,-37.3525,0.285,2.248513460284497,0.6687755555761566,0.5552617243202062
13.26,57.83,-37.285,-0.005,57.25,-36.69,0.61,1.23369342517662,0.698715356216356,0.959711505150735,0.691167239418667,0.5799999999999983,0.5949999999999989,0.615,57.54,-36.9875,0.3025,1.7656595242039441,0.534978068960264,0.43363939339308316
13.27,57.83,-37.285,-0.005,57.175,-37.085,0.19,1.0288705827315174,0.614958703831906,0.800376265129438,0.576416819738814,0.6550000000000011,0.19999999999999574,0.195,57.5025,-37.185,0.0925,1.6730726382883725,0.41391187889961145,0.40229732042530747
13.28,57.83,-37.285,-0.005,57.78,-37.74,0.335,0.472922867523382,0.279589831021899,0.367894898579428,0.264951394333255,0.04999999999999716,0.4550000000000054,0.34,57.805,-37.5125,0.165,1.6914880777436143,0.19333303650148298,0.40880458393803454
13.29,57.83,-37.285,-0.005,57.255,-36.205,-0.525,1.1166518009222757,0.746777683018132,0.868662796567137,0.62559557103018,0.5749999999999957,1.0799999999999983,0.52,57.542500000000004,-36.745,-0.265,1.495293478661533,0.3698741179041437,0.33123496265122104
13.30,57.83,-37.285,-0.005,57.795,-35.87,-1.1,1.4092558615581363,0.899123520570868,1.09628456880405,0.789524742561641,0.03499999999999659,1.4149999999999991,1.0950000000000002,57.8125,-36.5775,-0.5525,1.5673662491845513,0.5101323409872683,0.36198702772203206
13.31,57.83,-37.285,-0.005,57.855,-35.755,-0.075,1.23369342517662,0.584683856950539,0.959711505150735,0.691167239418667,0.02499999999999858,1.529999999999994,0.06999999999999999,57.8425,-36.519999999999996,-0.04,2.110017932598686,0.649009568226081,0.5260703789574757
13.32,57.83,-37.285,-0.005,57.65,-37.295,-0.095,1.0873913948586895,0.173538891640967,0.845900619421237,0.609202653933058,0.17999999999999972,0.010000000000005116,0.09,57.739999999999995,-37.29,-0.05,6.265980947039829,0.9138525032177225,0.8404080689787625
13.33,57.83,-37.285,-0.005,56.75,-35.46,-0.075,1.262953831240206,1.20969962669799,0.982473682296635,0.707560156515789,1.0799999999999983,1.8249999999999957,0.06999999999999999,57.29,-36.3725,-0.04,1.0440226667206276,0.053254204542215966,0.042166390554241054
13.34,57.83,-37.285,-0.005,57.04,-36.0,-0.495,1.3507350494309645,0.928040129710744,1.05076021373433,0.756738907807155,0.7899999999999991,1.2849999999999966,0.49,57.435,-36.6425,-0.25,1.4554705176342941,0.42269491972022044,0.3129369594617062
13.35,57.83,-37.285,-0.005,57.09,-35.52,-0.475,1.2922142373037921,1.00267414267968,1.00523585944253,0.723953073612911,0.7399999999999949,1.7649999999999935,0.47,57.46,-36.4025,-0.24,1.2887678868047188,0.28954009462411223,0.22406508614560167
13.36,57.83,-37.285,-0.005,58.18,-36.87,0.445,1.2922142373037921,0.457467193241035,1.00523585944253,0.723953073612911,0.3500000000000014,0.41499999999999915,0.45,58.004999999999995,-37.0775,0.22,2.8247145447175757,0.8347470440627571,0.6459819272371404
13.37,57.83,-37.285,-0.005,58.035,-38.05,0.555,1.2922142373037921,0.492583146636641,1.00523585944253,0.723953073612911,0.2049999999999983,0.7650000000000006,0.56,57.9325,-37.6675,0.275,2.623342360581542,0.7996310906671511,0.6188069028838253
13.38,57.83,-37.285,-0.005,57.24,-37.16,0.445,0.7362665220956568,0.612525130945718,0.572754492892525,0.412487648207352,0.5899999999999963,0.125,0.45,57.535,-37.2225,0.22,1.202018470257486,0.12374139114993876,0.16806602944496787
13.39,57.83,-37.285,-0.005,57.61,-37.045,0.35,0.8240477402864149,0.316999112580301,0.641041024330223,0.461666399498718,0.21999999999999886,0.23999999999999488,0.355,57.72,-37.165,0.1725,2.599526954442635,0.5070486277061139,0.6153146259639812
13.40,57.83,-37.285,-0.005,57.32,-36.59,0.385,1.0288705827315174,0.590485555459503,0.800376265129438,0.576416819738814,0.509999999999998,0.6949999999999932,0.39,57.575,-36.9375,0.19,1.7424144781805175,0.43838502727201445,0.4260837409522153
13.41,57.83,-37.285,-0.005,57.56,-36.94,1.02,1.4385162676217225,0.716337690673536,1.11904674594995,0.805917659658763,0.269999999999996,0.34499999999999886,1.025,57.695,-37.1125,0.5075000000000001,2.0081538139658752,0.7221785769481864,0.5020301769962764
13.42,57.83,-37.285,-0.005,57.325,-37.825,0.115,1.1751726130494478,0.50809527843288,0.914187150858936,0.658381405224423,0.5049999999999955,0.5400000000000063,0.12000000000000001,57.5775,-37.555,0.055,2.3128981130490693,0.6670773346165677,0.5676420013889968
13.43,57.83,-37.285,-0.005,57.38,-37.725,-0.155,1.1751726130494478,0.451819160663087,0.914187150858936,0.658381405224423,0.44999999999999574,0.44000000000000483,0.15,57.605000000000004,-37.504999999999995,-0.08,2.6009800220154267,0.7233534523863607,0.6155295347581373
13.44,57.83,-37.285,-0.005,57.355,-38.265,-0.105,1.1459122069858618,0.569365201239137,0.891424973713036,0.641988488127302,0.4750000000000014,0.980000000000004,0.09999999999999999,57.5925,-37.775,-0.055,2.012613701152343,0.5765470057467248,0.5031336621852607
13.45,57.83,-37.285,-0.005,57.15,-37.83,0.205,1.3507350494309645,0.666370344023125,1.05076021373433,0.756738907807155,0.6799999999999997,0.5450000000000017,0.21,57.489999999999995,-37.5575,0.09999999999999999,2.027003541677849,0.6843647054078394,0.506660951153586
13.46,57.83,-37.285,-0.005,57.575,-37.68,0.21,0.882568552413587,0.307392971516367,0.686565378622023,0.494452233692962,0.25499999999999545,0.3950000000000031,0.215,57.7025,-37.4825,0.1025,2.871140954162818,0.57517558089722,0.6517064070236397
13.47,57.83,-37.285,-0.005,57.16,-38.335,1.01,1.3507350494309645,0.968563156472364,1.05076021373433,0.756738907807155,0.6700000000000017,1.0500000000000043,1.015,57.495,-37.81,0.5025000000000001,1.3945761192857524,0.38217189295860043,0.28293623744839147
13.48,57.83,-37.285,-0.005,57.455,-37.98,-0.235,1.3799954554945504,0.452975830487007,1.07352239088023,0.773131824904277,0.375,0.6950000000000003,0.22999999999999998,57.6425,-37.63249999999999,-0.12,3.046510121664479,0.9270196250075433,0.671755563139569
13.49,57.83,-37.285,-0.005,57.505,-36.88,-0.155,0.882568552413587,0.346560908002433,0.686565378622023,0.494452233692962,0.32499999999999574,0.40499999999999403,0.15,57.667500000000004,-37.082499999999996,-0.08,2.5466477305649926,0.536007644411154,0.6073269236004283
13.50,57.83,-37.285,-0.005,57.275,-36.415,0.395,0.911828958477173,0.657013729450048,0.709327555767922,0.510845150790084,0.5549999999999997,0.8699999999999974,0.4,57.552499999999995,-36.849999999999994,0.195,1.3878385126785389,0.25481522902712506,0.2794550736502509
14.1,56.47,-31.985,0.38,56.45,-32.045,0.19,1.2507619953803784,0.131435092319265,0.972989441689524,0.700729774298615,0.01999999999999602,0.060000000000002274,0.19,56.46,-32.015,0.28500000000000003,9.51619513322968,1.1193269030611133,0.8949159842562937
14.2,56.47,-31.985,0.38,56.41,-30.66,0.36,1.0093636453557935,0.562650295970003,0.785201479846893,0.565488207967238,0.060000000000002274,1.3249999999999993,0.020000000000000018,56.44,-31.322499999999998,0.37,1.7939449259894489,0.44671334938579044,0.4425692870935111
14.3,56.47,-31.985,0.38,56.635,-31.72,0.37,0.8216093731144494,0.188590198821708,0.639144176364385,0.460300323167332,0.16499999999999915,0.26500000000000057,0.010000000000000009,56.552499999999995,-31.8525,0.375,4.356585728692126,0.6330191742927413,0.7704624536143163
14.4,56.47,-31.985,0.38,56.365,-32.86,1.18,1.2507619953803784,0.643986718486902,0.972989441689524,0.700729774298615,0.10499999999999687,0.875,0.7999999999999999,56.417500000000004,-32.4225,0.78,1.9422170636949254,0.6067752768934763,0.4851244910298229
14.5,56.47,-31.985,0.38,56.21,-30.615,0.755,0.9288975286809318,0.680394343944276,0.722605493084628,0.520407686230273,0.259999999999998,1.370000000000001,0.375,56.34,-31.299999999999997,0.5675,1.365234052256869,0.24850318473665578,0.26752486339587367
14.6,56.47,-31.985,0.38,56.515,-32.695,0.63,0.7411432564395877,0.33788590176224,0.576548188824202,0.415219800870125,0.045000000000001705,0.7100000000000009,0.25,56.4925,-32.34,0.505,2.1934719690306452,0.4032573546773477,0.5441017652517984
14.7,56.47,-31.985,0.38,56.41,-31.91,0.59,0.7947873342228289,0.155015363107823,0.618278847184324,0.445273482401596,0.060000000000002274,0.07499999999999929,0.20999999999999996,56.44,-31.947499999999998,0.485,5.127152000688164,0.6397719711150058,0.8049599468462058
14.8,56.47,-31.985,0.38,56.195,-32.885,1.34,1.3044060731636198,0.774013802937793,1.01472010004965,0.730783455830086,0.2749999999999986,0.8999999999999986,0.9600000000000001,56.332499999999996,-32.435,0.8600000000000001,1.6852491086430987,0.5303922702258268,0.4066159156502796
14.9,56.47,-31.985,0.38,56.63,-32.395,0.63,0.8216093731144494,0.279028669452853,0.639144176364385,0.460300323167332,0.1600000000000037,0.4100000000000037,0.25,56.55,-32.19,0.505,2.944533878117286,0.5425807036615964,0.6603876741869007
14.10,56.47,-31.985,0.38,56.145,-32.77,0.44,0.8484314120060701,0.444276010110732,0.660009505544446,0.475327163933067,0.32499999999999574,0.7850000000000037,0.06,56.307500000000005,-32.3775,0.41000000000000003,1.9096944034518348,0.4041554018953381,0.4763560091008165
14.11,56.47,-31.985,0.38,56.47,-31.625,0.15,0.9288975286809318,0.214818060174702,0.722605493084628,0.520407686230273,0.0,0.35999999999999943,0.23,56.47,-31.805,0.265,4.324112803185113,0.7140794685062297,0.768738688272225
14.12,56.47,-31.985,0.38,56.67,-31.615,0.27,0.6070330619814848,0.251703941111435,0.472221543701815,0.34008559760169,0.20000000000000284,0.370000000000001,0.10999999999999999,56.57,-31.799999999999997,0.325,2.4116946953208127,0.35532912087004975,0.5853538176731697
14.13,56.47,-31.985,0.38,56.425,-32.65,0.6,0.8216093731144494,0.312574254066008,0.639144176364385,0.460300323167332,0.045000000000001705,0.6649999999999991,0.21999999999999997,56.4475,-32.317499999999995,0.49,2.6285254137163205,0.5090351190484415,0.6195585579790784
14.14,56.47,-31.985,0.38,56.39,-31.7,0.21,0.660677139764726,0.180140966188856,0.513952202061937,0.370139279133161,0.0799999999999983,0.28500000000000014,0.17,56.43,-31.8425,0.295,3.6675563036812497,0.48053617357587,0.7273388829824732
14.15,56.47,-31.985,0.38,56.28,-33.05,0.51,1.1434738398138964,0.479344755880959,0.889528125747198,0.640622411795915,0.18999999999999773,1.0649999999999977,0.13,56.375,-32.5175,0.445,2.3854935793067784,0.6641290839329375,0.5807995427864154
14.16,56.47,-31.985,0.38,56.27,-30.905,0.145,1.036185684247414,0.515156952873062,0.806066809026954,0.580515048732973,0.19999999999999574,1.0799999999999983,0.23500000000000001,56.370000000000005,-31.445,0.2625,2.0113980340499045,0.521028731374352,0.502833361618911
14.17,56.47,-31.985,0.38,56.495,-31.815,1.16,1.277584034271999,0.529242378922194,0.993854770869585,0.71575661506435,0.02499999999999858,0.16999999999999815,0.7799999999999999,56.4825,-31.9,0.77,2.4139866396561476,0.7483416553498051,0.5857475005082404
14.18,56.47,-31.985,0.38,56.395,-32.585,0.33,0.8752534508976906,0.260328204254066,0.680874834724506,0.490354004698802,0.07499999999999574,0.6000000000000014,0.04999999999999999,56.432500000000005,-32.285,0.355,3.362115334538919,0.6149252466436246,0.7025682050272039
14.19,56.47,-31.985,0.38,56.495,-31.75,-0.31,0.902075489789311,0.47482758226755,0.701740163904567,0.505380845464538,0.02499999999999858,0.23499999999999943,0.69,56.4825,-31.8675,0.035,1.8997958871336682,0.42724790752176095,0.4736276640749007
14.20,56.47,-31.985,0.38,56.62,-31.655,0.855,1.1971179175971374,0.376151959016408,0.931258784107319,0.670676093327386,0.14999999999999858,0.3299999999999983,0.475,56.545,-31.82,0.6174999999999999,3.18253802943076,0.8209659585807294,0.6857853732093426
14.21,56.47,-31.985,0.38,56.38,-32.245,-0.08,1.1166518009222757,0.337905346617714,0.868662796567137,0.62559557103018,0.0899999999999963,0.259999999999998,0.46,56.425,-32.114999999999995,0.15,3.3046289701978586,0.7787464543045617,0.6973941679617386
14.22,56.47,-31.985,0.38,56.705,-32.165,-0.1,0.8484314120060701,0.395968043751149,0.660009505544446,0.475327163933067,0.23499999999999943,0.17999999999999972,0.48,56.5875,-32.075,0.14,2.1426764691056754,0.45246336825492106,0.5332939838375408
14.23,56.47,-31.985,0.38,55.59,-31.825,0.055,0.902075489789311,0.851449288489037,0.701740163904567,0.505380845464538,0.8799999999999955,0.16000000000000014,0.325,56.03,-31.905,0.2175,1.0594588555363704,0.050626201300273954,0.05612191198762791
14.24,56.47,-31.985,0.38,55.785,-31.475,0.17,0.6338551008731055,0.686747046873101,0.493086872881876,0.355112438367425,0.6850000000000023,0.509999999999998,0.21,56.1275,-31.73,0.275,0.9229819084569709,0.05289194599999547,0.0834448533169402
14.25,56.47,-31.985,0.38,55.94,-31.3,-0.375,0.9825416064641728,0.764408951738175,0.764336150666832,0.550461367201502,0.5300000000000011,0.6849999999999987,0.755,56.205,-31.6425,0.0025000000000000022,1.2853611969674463,0.21813265472599774,0.2220085674427296
14.26,56.47,-31.985,0.38,56.43,-31.435,0.055,1.1702958787055167,0.318685676556835,0.910393454927258,0.655649252561651,0.03999999999999915,0.5500000000000007,0.325,56.45,-31.71,0.2175,3.6722575287268873,0.8516102021486817,0.7276879436360774
14.27,56.47,-31.985,0.38,56.32,-32.825,0.74,0.9288975286809318,0.4408307699159,0.722605493084628,0.520407686230273,0.14999999999999858,0.8400000000000034,0.36,56.394999999999996,-32.405,0.56,2.107152199813527,0.4880667587650318,0.5254258334960569
14.28,56.47,-31.985,0.38,56.43,-32.69,1.38,1.33122811205524,0.721042367544766,1.03558542922971,0.745810296595821,0.03999999999999915,0.7049999999999983,0.9999999999999999,56.45,-32.3375,0.8799999999999999,1.8462550470397088,0.610185744510474,0.4583630247336536
14.29,56.47,-31.985,0.38,56.25,-32.835,0.9,0.7143212175479672,0.529296060866014,0.555682860422059,0.400192960664632,0.21999999999999886,0.8500000000000014,0.52,56.36,-32.41,0.64,1.3495683588305074,0.18502515668195318,0.2590223443985916
14.30,56.47,-31.985,0.38,56.425,-31.835,-0.735,1.1166518009222757,0.754663232234875,0.868662796567137,0.62559557103018,0.045000000000001705,0.14999999999999858,1.115,56.4475,-31.91,-0.1775,1.4796690122768157,0.3619885686874007,0.3241731827811055
14.31,56.47,-31.985,0.38,56.76,-32.4,0.485,1.0898297620306552,0.325599354400815,0.847797467387076,0.610568730264444,0.28999999999999915,0.41499999999999915,0.10499999999999998,56.614999999999995,-32.192499999999995,0.4325,3.347149630222908,0.7642304076298402,0.7012383342372928
14.32,56.47,-31.985,0.38,56.965,-31.165,-0.37,0.902075489789311,0.76353158842938,0.701740163904567,0.505380845464538,0.49500000000000455,0.8200000000000003,0.75,56.7175,-31.575,0.0050000000000000044,1.1814514321057377,0.138543901359931,0.15358348915865774
14.33,56.47,-31.985,0.38,56.215,-32.81,0.385,0.902075489789311,0.414644689857956,0.701740163904567,0.505380845464538,0.25499999999999545,0.8250000000000028,0.0050000000000000044,56.3425,-32.3975,0.3825,2.175538502429139,0.48743079993135496,0.5403436906426266
14.34,56.47,-31.985,0.38,56.245,-32.855,0.61,1.1971179175971374,0.440749906551789,0.931258784107319,0.670676093327386,0.22500000000000142,0.8699999999999974,0.22999999999999998,56.3575,-32.42,0.495,2.7160934060013924,0.7563680110453483,0.6318241497309729
14.35,56.47,-31.985,0.38,56.3,-32.46,0.425,0.7679652953312082,0.253639587551887,0.597413518004263,0.430246641635861,0.1700000000000017,0.4750000000000014,0.044999999999999984,56.385,-32.2225,0.40249999999999997,3.027781663405851,0.5143257077793212,0.669725194922744
14.36,56.47,-31.985,0.38,56.57,-32.365,0.555,0.7143212175479672,0.21579352211085,0.555682860422059,0.400192960664632,0.10000000000000142,0.38000000000000256,0.17500000000000004,56.519999999999996,-32.175,0.4675,3.3102069387922763,0.49852769543711717,0.6979040836145073
14.37,56.47,-31.985,0.38,56.88,-32.04,0.9,0.9825416064641728,0.514451615240705,0.764336150666832,0.550461367201502,0.4100000000000037,0.054999999999999716,0.52,56.675,-32.0125,0.64,1.9098814649353821,0.4680899912234677,0.47640729681825317
14.38,56.47,-31.985,0.38,56.835,-31.59,0.05,0.8216093731144494,0.435474566018115,0.639144176364385,0.460300323167332,0.365000000000002,0.3949999999999996,0.33,56.6525,-31.7875,0.215,1.8866988690989885,0.38613480709633435,0.4699737116710966
14.39,56.47,-31.985,0.38,56.77,-32.18,0.045,0.8484314120060701,0.366273830397154,0.660009505544446,0.475327163933067,0.30000000000000426,0.19500000000000028,0.335,56.620000000000005,-32.082499999999996,0.2125,2.316385554408085,0.4821575816089161,0.5682929394381895
14.40,56.47,-31.985,0.38,56.785,-31.43,-0.065,1.0630077231390345,0.477222871537781,0.826932138207015,0.595541889498709,0.3149999999999977,0.5549999999999997,0.445,56.6275,-31.7075,0.1575,2.2274869548606513,0.5857848516012535,0.5510635890023284
14.41,56.47,-31.985,0.38,56.405,-32.52,0.54,1.0898297620306552,0.251899517318997,0.847797467387076,0.610568730264444,0.06499999999999773,0.5350000000000037,0.16000000000000003,56.4375,-32.2525,0.46,4.326446391416007,0.8379302447116581,0.7688634254046229
14.42,56.47,-31.985,0.38,56.525,-31.56,0.54,1.1434738398138964,0.215229259421894,0.889528125747198,0.640622411795915,0.054999999999999716,0.4250000000000007,0.16000000000000003,56.4975,-31.7725,0.46,5.312817771953732,0.9282445803920024,0.8117759648365028
14.43,56.47,-31.985,0.38,56.55,-32.385,-0.195,1.0093636453557935,0.426753604136187,0.785201479846893,0.565488207967238,0.0799999999999983,0.3999999999999986,0.575,56.51,-32.185,0.0925,2.365214102956862,0.5826100412196065,0.5772052949628825
14.44,56.47,-31.985,0.38,56.595,-32.07,0.595,0.9557195675725523,0.187664391788828,0.743470822264689,0.535434526996009,0.125,0.08500000000000085,0.21499999999999997,56.5325,-32.0275,0.4875,5.0927059383502185,0.7680551757837243,0.8036407342070849
14.45,56.47,-31.985,0.38,56.565,-32.41,1.045,1.1434738398138964,0.482327755357851,0.889528125747198,0.640622411795915,0.09499999999999886,0.42499999999999716,0.6649999999999999,56.5175,-32.1975,0.7124999999999999,2.3707402792832943,0.6611460844560454,0.5781908259356925
14.46,56.47,-31.985,0.38,56.575,-32.465,-0.17,1.1166518009222757,0.430661884219771,0.868662796567137,0.62559557103018,0.10500000000000398,0.480000000000004,0.55,56.5225,-32.225,0.105,2.5928735261826974,0.6859899167025048,0.6143275061407665
14.47,56.47,-31.985,0.38,56.65,-31.56,0.16,0.5265669453066231,0.28414250826054,0.409625556161633,0.295005075304484,0.17999999999999972,0.4250000000000007,0.22,56.56,-31.7725,0.27,1.853179049755613,0.24242443704608307,0.4603867347665189
14.48,56.47,-31.985,0.38,56.47,-31.785,0.245,0.7679652953312082,0.122602095236643,0.597413518004263,0.430246641635861,0.0,0.1999999999999993,0.135,56.47,-31.884999999999998,0.3125,6.263883888648232,0.6453632000945652,0.8403546399526794
14.49,56.47,-31.985,0.38,55.655,-31.875,0.605,1.1166518009222757,0.775765223232533,0.868662796567137,0.62559557103018,0.8149999999999977,0.10999999999999943,0.22499999999999998,56.0625,-31.93,0.4925,1.4394197703654257,0.3408865776897426,0.30527562585124446
14.50,56.47,-31.985,0.38,56.395,-32.31,0.405,0.660677139764726,0.152455831490727,0.513952202061937,0.370139279133161,0.07499999999999574,0.32500000000000284,0.025000000000000022,56.432500000000005,-32.1475,0.3925,4.3335642131298,0.508221308273999,0.769243064298757
15.1,43.9,57.235,35.55,44.205,57.66,36.12,1.0093636453557935,0.358545103992094,0.785201479846893,0.565488207967238,0.3049999999999997,0.42499999999999716,0.5700000000000003,44.052499999999995,57.4475,35.834999999999994,2.815165041447296,0.6508185413636995,0.64478103973074
15.2,43.9,57.235,35.55,44.0,58.705,34.82,1.1702958787055167,0.803139318537861,0.910393454927258,0.655649252561651,0.10000000000000142,1.4699999999999989,0.7299999999999969,43.95,57.97,35.185,1.4571517671167231,0.36715656016765563,0.3137296871113002
15.3,43.9,57.235,35.55,44.39,56.365,35.37,0.472922867523382,0.531600858068632,0.367894898579428,0.264951394333255,0.490000000000002,0.8699999999999974,0.17999999999999972,44.144999999999996,56.8,35.459999999999994,0.8896202093276256,0.058677990545250025,0.12407518107225746
15.4,43.9,57.235,35.55,44.15,56.825,33.665,1.1971179175971374,0.87914191569182,0.931258784107319,0.670676093327386,0.25,0.4099999999999966,1.884999999999998,44.025,57.03,34.6075,1.361689045725234,0.3179760019053174,0.26561794537161626
15.5,43.9,57.235,35.55,44.28,55.78,35.095,0.8484314120060701,0.555630399020194,0.660009505544446,0.475327163933067,0.38000000000000256,1.4549999999999983,0.4549999999999983,44.09,56.5075,35.3225,1.526970828045468,0.29280101298587613,0.3451086422512992
15.6,43.9,57.235,35.55,44.21,56.51,34.85,1.3044060731636193,0.397894725827253,1.01472010004965,0.730783455830086,0.3100000000000023,0.7250000000000014,0.6999999999999957,44.055,56.8725,35.2,3.2782693140086034,0.9065113473363664,0.694960998182731
15.7,43.9,57.235,35.55,43.935,57.085,36.18,0.7679652953312082,0.347524677158448,0.597413518004263,0.430246641635861,0.035000000000003695,0.14999999999999858,0.6300000000000026,43.917500000000004,57.16,35.864999999999995,2.2098151400375294,0.4204406181727602,0.5474734602999984
15.8,43.9,57.235,35.55,44.285,55.49,34.885,0.6606771397647256,0.61735668893699,0.513952202061937,0.370139279133161,0.384999999999998,1.7449999999999974,0.6649999999999991,44.0925,56.3625,35.2175,1.0701708599483342,0.04332045082773561,0.06556977403152275
15.9,43.9,57.235,35.55,44.27,54.655,34.94,0.9020754897893107,0.867004982341451,0.701740163904567,0.505380845464538,0.37000000000000455,2.5799999999999983,0.6099999999999994,44.085,55.945,35.245,1.0404501786283828,0.03507050744785978,0.038877574888076485
15.10,43.9,57.235,35.55,44.085,54.68,35.84,1.0898297620306552,1.05485079000348,0.847797467387076,0.610568730264444,0.18500000000000227,2.5549999999999997,0.29000000000000625,43.9925,55.957499999999996,35.695,1.033160112620193,0.03497897202717515,0.0320958127716239
15.11,43.9,57.235,35.55,44.02,58.135,37.48,1.0093636453557935,0.7837621082905,0.785201479846893,0.565488207967238,0.12000000000000455,0.8999999999999986,1.9299999999999997,43.96,57.685,36.515,1.287844402518411,0.2256015370652935,0.2235086808206391
15.12,43.9,57.235,35.55,44.185,58.0,36.025,1.036185684247414,0.346605477468234,0.806066809026954,0.580515048732973,0.2850000000000037,0.7650000000000006,0.4750000000000014,44.042500000000004,57.6175,35.787499999999994,2.989524830440264,0.68958020677918,0.6654986809767848
15.13,43.9,57.235,35.55,44.015,54.985,36.335,1.0630077231390345,1.12254870830501,0.826932138207015,0.595541889498709,0.11500000000000199,2.25,0.7850000000000037,43.957499999999996,56.11,35.942499999999995,0.9469591068321315,0.05954098516597561,0.05601180858229402
15.14,43.9,57.235,35.55,44.145,57.565,36.195,0.9288975286809318,0.34462099123009,0.722605493084628,0.520407686230273,0.24500000000000455,0.3299999999999983,0.6450000000000031,44.0225,57.4,35.8725,2.695417718665098,0.5842765374508418,0.6289999906141809
15.15,43.9,57.235,35.55,43.845,57.185,36.615,0.49974490641500263,0.535785441370317,0.388760226981572,0.279978234538748,0.054999999999999716,0.04999999999999716,1.0650000000000048,43.8725,57.21,36.082499999999996,0.9327332676381223,0.036040534955314396,0.07211786337501443
15.16,43.9,57.235,35.55,44.065,57.545,35.2,0.8752534508976906,0.299594116339702,0.680874834724506,0.490354004698802,0.16499999999999915,0.3100000000000023,0.3499999999999943,43.9825,57.39,35.375,2.921464075028093,0.5756593345579886,0.6577058717219182
15.17,43.9,57.235,35.55,44.07,56.99,35.25,0.6338551008731055,0.195826734196212,0.493086872881876,0.355112438367425,0.1700000000000017,0.24499999999999744,0.29999999999999716,43.985,57.1125,35.4,3.2368159548695092,0.4380283666768935,0.691054415090256
15.18,43.9,57.235,35.55,44.1,56.71,34.49,0.7947873342228289,0.469257340490063,0.618278847184324,0.445273482401596,0.20000000000000284,0.5249999999999986,1.0599999999999952,44.0,56.9725,35.019999999999996,1.693713158965376,0.32552999373276587,0.40958125438863385
15.19,43.9,57.235,35.55,43.76,59.55,37.375,1.277584034271999,0.748271486038597,0.993854770869585,0.71575661506435,0.14000000000000057,2.3149999999999977,1.8250000000000028,43.83,58.3925,36.4625,1.7073803511186034,0.5293125482334021,0.4143074221498947
15.20,43.9,57.235,35.55,43.485,58.86,35.83,1.1166518009222757,0.636562340105053,0.868662796567137,0.62559557103018,0.41499999999999915,1.625,0.28000000000000114,43.692499999999995,58.0475,35.69,1.7541907976896685,0.4800894608172227,0.42993658362505305
15.21,43.9,57.235,35.55,44.51,53.615,34.205,1.277584034271999,1.20114795880618,0.993854770869585,0.71575661506435,0.6099999999999994,3.6199999999999974,1.3449999999999989,44.205,55.425,34.8775,1.063635852554046,0.0764360754658191,0.05982860880814448
15.22,43.9,57.235,35.55,44.385,55.485,35.695,1.0898297620306552,0.825193202664541,0.847797467387076,0.610568730264444,0.48499999999999943,1.75,0.14500000000000313,44.1425,56.36,35.6225,1.3206964831883112,0.2646365593661142,0.24282375866685738
15.23,43.9,57.235,35.55,44.04,57.335,34.42,0.9020754897893107,0.594043129872144,0.701740163904567,0.505380845464538,0.14000000000000057,0.10000000000000142,1.1299999999999955,43.97,57.285,34.985,1.5185353434942161,0.3080323599171667,0.34147071177783606
15.24,43.9,57.235,35.55,44.21,57.285,34.68,0.9825416064641728,0.526341401723817,0.764336150666832,0.550461367201502,0.3100000000000023,0.04999999999999716,0.8699999999999974,44.055,57.26,35.114999999999995,1.8667382071399277,0.4562002047403557,0.46430624542990717
15.25,43.9,57.235,35.55,44.405,57.33,34.265,0.9557195675725523,0.807254000896532,0.743470822264689,0.535434526996009,0.5050000000000026,0.09499999999999886,1.2849999999999966,44.1525,57.2825,34.9075,1.1839143136202743,0.1484655666760203,0.1553442783407335
15.26,43.9,57.235,35.55,44.26,57.67,34.245,1.0898297620306552,0.821243880009428,0.847797467387076,0.610568730264444,0.35999999999999943,0.4350000000000023,1.3049999999999997,44.08,57.4525,34.897499999999994,1.3270476495862547,0.26858588202122713,0.24644755642783103
15.27,43.9,57.235,35.55,43.8,58.515,34.9,1.1702958787055167,0.707785881993877,0.910393454927258,0.655649252561651,0.10000000000000142,1.2800000000000011,0.6499999999999986,43.849999999999994,57.875,35.224999999999994,1.6534603286452392,0.4625099967116396,0.39520774594884645
15.28,43.9,57.235,35.55,44.415,57.755,33.465,1.1166518009222757,1.24847924808864,0.868662796567137,0.62559557103018,0.5150000000000006,0.5200000000000031,2.0849999999999937,44.1575,57.495000000000005,34.5075,0.8944095800850552,0.1318274471663643,0.11805600182566142
15.29,43.9,57.235,35.55,44.065,57.89,35.42,0.5802110230898643,0.319505923310085,0.451356214521754,0.325058756835955,0.16499999999999915,0.6550000000000011,0.12999999999999545,43.9825,57.5625,35.485,1.8159632699854458,0.2607050997797793,0.4493280702288083
15.30,43.9,57.235,35.55,43.855,58.16,34.54,0.8752534508976906,0.749368404021284,0.680874834724506,0.490354004698802,0.045000000000001705,0.9249999999999972,1.009999999999998,43.8775,57.6975,35.045,1.1679881951692788,0.12588504687640656,0.1438269641821663
15.31,43.9,57.235,35.55,44.16,58.065,36.41,1.2239399564887576,0.408014855090371,0.952124112509463,0.685702933532879,0.259999999999998,0.8299999999999983,0.8599999999999994,44.03,57.65,35.98,2.9997436079084037,0.8159251013983866,0.6666381764939487
15.32,43.9,57.235,35.55,43.93,57.395,35.02,0.9288975286809318,0.301325631855773,0.722605493084628,0.520407686230273,0.030000000000001137,0.1600000000000037,0.529999999999994,43.915,57.315,35.285,3.082703319586292,0.6275718968251588,0.675609393687078
15.33,43.9,57.235,35.55,44.085,58.86,37.385,1.1434738398138964,0.712193209446809,0.889528125747198,0.640622411795915,0.18500000000000227,1.625,1.8350000000000009,43.9925,58.0475,36.4675,1.6055668925803361,0.4312806303670874,0.3771670282025101
15.34,43.9,57.235,35.55,43.83,58.395,37.185,0.9825416064641728,0.62606178308128,0.764336150666832,0.550461367201502,0.07000000000000028,1.1600000000000037,1.6350000000000051,43.864999999999995,57.815,36.3675,1.5694003873851081,0.35647982338289275,0.36281397212574673
15.35,43.9,57.235,35.55,43.8,58.7,37.35,0.8752534508976906,0.684757708668797,0.680874834724506,0.490354004698802,0.10000000000000142,1.4650000000000034,1.8000000000000043,43.849999999999994,57.9675,36.45,1.2781943723145992,0.19049574222889354,0.21764637639059642
15.36,43.9,57.235,35.55,43.96,57.49,35.225,0.8484314120060701,0.235486068181742,0.660009505544446,0.475327163933067,0.060000000000002274,0.25500000000000256,0.32499999999999574,43.93,57.3625,35.3875,3.6028942814076736,0.6129453438243281,0.7224453673309982
15.37,43.9,57.235,35.55,43.71,58.0,37.035,0.8484314120060701,0.615769684449938,0.660009505544446,0.475327163933067,0.18999999999999773,0.7650000000000006,1.4849999999999994,43.805,57.6175,36.2925,1.3778388771868952,0.23266172755613213,0.2742257346787648
15.38,43.9,57.235,35.55,44.025,57.465,36.05,0.7143212175479672,0.234238032182822,0.555682860422059,0.400192960664632,0.125,0.23000000000000398,0.5,43.9625,57.35,35.8,3.0495526616313495,0.48008318536514516,0.6720830529730474
15.39,43.9,57.235,35.55,43.89,57.305,35.07,0.7947873342228289,0.252745389369951,0.618278847184324,0.445273482401596,0.00999999999999801,0.07000000000000028,0.4799999999999969,43.894999999999996,57.269999999999996,35.31,3.1446165370591914,0.5420419448528779,0.6819962030483406
15.40,43.9,57.235,35.55,44.18,57.995,35.87,0.472922867523382,0.337380938744209,0.367894898579428,0.264951394333255,0.28000000000000114,0.759999999999998,0.3200000000000003,44.04,57.614999999999995,35.709999999999994,1.401747436834862,0.13554192877917298,0.286604725211066
15.41,43.9,57.235,35.55,44.36,55.375,33.1,0.8752534508976906,1.05022258098538,0.680874834724506,0.490354004698802,0.46000000000000085,1.8599999999999994,2.4499999999999957,44.129999999999995,56.305,34.325,0.8333980490526862,0.17496913008768944,0.19990681522972364
15.42,43.9,57.235,35.55,43.97,57.06,36.19,0.7947873342228289,0.363381510386368,0.618278847184324,0.445273482401596,0.07000000000000028,0.17499999999999716,0.6400000000000006,43.935,57.1475,35.87,2.1871980530615533,0.43140582383646087,0.542794033973265
15.43,43.9,57.235,35.55,44.51,56.31,35.52,0.7411432564395873,0.658206432633012,0.576548188824202,0.415219800870125,0.6099999999999994,0.9249999999999972,0.02999999999999403,44.205,56.7725,35.535,1.1260042724723918,0.0829368238065753,0.11190390383243244
15.44,43.9,57.235,35.55,44.245,56.895,36.105,0.7143212175479672,0.485561860597755,0.555682860422059,0.400192960664632,0.34499999999999886,0.3399999999999963,0.5549999999999997,44.0725,57.065,35.8275,1.4711229897617433,0.22875935695021216,0.3202471815344105
15.45,43.9,57.235,35.55,43.74,56.705,35.635,0.8752534508976906,0.266675670054754,0.680874834724506,0.490354004698802,0.1599999999999966,0.5300000000000011,0.08500000000000085,43.82,56.97,35.5925,3.2820896163339284,0.6085777808429366,0.695316059049458
15.46,43.9,57.235,35.55,44.385,56.14,35.77,0.7947873342228289,0.657090397017,0.618278847184324,0.445273482401596,0.48499999999999943,1.0949999999999989,0.22000000000000597,44.1425,56.6875,35.66,1.2095555445968738,0.13769693720582887,0.17325003948033943
15.47,43.9,57.235,35.55,44.15,56.93,35.065,0.8484314120060701,0.300922085434071,0.660009505544446,0.475327163933067,0.25,0.3049999999999997,0.48499999999999943,44.025,57.082499999999996,35.3075,2.8194388190643918,0.547509326571999,0.6453194898007412
15.48,43.9,57.235,35.55,44.68,56.155,33.76,0.7947873342228289,1.02015731363709,0.618278847184324,0.445273482401596,0.7800000000000011,1.0799999999999983,1.7899999999999991,44.29,56.695,34.655,0.7790831108293977,0.22536997941426118,0.2835601039755821
15.49,43.9,57.235,35.55,44.055,56.26,32.885,1.2507619953803788,1.14742195724144,0.972989441689524,0.700729774298615,0.15500000000000114,0.9750000000000014,2.664999999999999,43.9775,56.7475,34.2175,1.090062802438712,0.10334003813893888,0.0826216645836682
15.50,43.9,57.235,35.55,44.305,54.875,35.175,0.8484314120060701,0.853459372783188,0.660009505544446,0.475327163933067,0.40500000000000114,2.3599999999999994,0.375,44.1025,56.055,35.3625,0.9941087274549109,0.005027960777117868,0.005926184132319362
15.51,43.9,57.235,35.55,44.15,57.03,34.875,1.0093636453557937,0.373515064284694,0.785201479846893,0.565488207967238,0.25,0.2049999999999983,0.6749999999999972,44.025,57.1325,35.2125,2.7023371723613194,0.6358485810710996,0.6299499524940958
15.52,43.9,57.235,35.55,44.395,55.625,35.705,1.1434738398138964,0.790658379756454,0.889528125747198,0.640622411795915,0.49500000000000455,1.6099999999999994,0.15500000000000114,44.1475,56.43,35.6275,1.4462299618197811,0.35281546005744235,0.3085470322664461
15.53,43.9,57.235,35.55,44.01,56.96,37.305,1.036185684247414,0.931256404809252,0.806066809026954,0.580515048732973,0.10999999999999943,0.2749999999999986,1.7550000000000026,43.955,57.0975,36.427499999999995,1.1126749601759567,0.104929279438162,0.10126493825583745
15.54,43.9,57.235,35.55,44.23,56.12,36.82,1.0093636453557935,0.987301652684137,0.785201479846893,0.565488207967238,0.3299999999999983,1.115000000000002,1.2700000000000031,44.065,56.677499999999995,36.185,1.022345745689103,0.022061992671656427,0.02185732837843828
15.55,43.9,57.235,35.55,44.355,56.665,35.75,0.5802110230898643,0.509026478533265,0.451356214521754,0.325058756835955,0.4549999999999983,0.5700000000000003,0.20000000000000284,44.1275,56.95,35.65,1.1398444804322747,0.07118454455659928,0.12268733547119587
15.56,43.9,57.235,35.55,43.67,55.35,35.855,1.0630077231390345,0.824724147997578,0.826932138207015,0.595541889498709,0.22999999999999687,1.884999999999998,0.3049999999999997,43.785,56.292500000000004,35.7025,1.2889251811421814,0.23828357514145648,0.2241597777047672
16.1,45.405,37.055,22.165,45.75,37.435,22.28,1.036185684247414,0.360216226808256,0.806066809026954,0.580515048732973,0.34499999999999886,0.38000000000000256,0.11500000000000199,45.5775,37.245000000000005,22.2225,2.876565807576493,0.6759694574391579,0.6523632463401133
16.2,45.405,37.055,22.165,45.685,37.17,23.84,1.277584034271999,0.994094891368645,0.993854770869585,0.71575661506435,0.28000000000000114,0.11500000000000199,1.6750000000000007,45.545,37.1125,23.002499999999998,1.2851731198697542,0.28348914290335403,0.2218947130495403
16.3,45.405,37.055,22.165,45.58,37.22,23.435,1.0093636453557935,0.729618389056068,0.785201479846893,0.565488207967238,0.17499999999999716,0.16499999999999915,1.2699999999999996,45.4925,37.1375,22.799999999999997,1.3834131089791037,0.27974525629972546,0.2771501205831196
16.4,45.405,37.055,22.165,45.185,38.015,21.58,1.1166518009222757,0.705215716377632,0.868662796567137,0.62559557103018,0.21999999999999886,0.9600000000000009,0.5850000000000009,45.295,37.535,21.8725,1.5834187659268038,0.41143608454464364,0.3684551297337015
16.5,45.405,37.055,22.165,45.415,37.615,21.83,0.6874991786563465,0.39142718919628,0.534817531241998,0.385166119898896,0.00999999999999801,0.5600000000000023,0.33500000000000085,45.41,37.335,21.9975,1.7563909607597827,0.29607198946006646,0.4306506803514458
16.6,45.405,37.055,22.165,45.425,36.36,24.155,1.2507619953803784,1.36975128956609,0.972989441689524,0.700729774298615,0.01999999999999602,0.6950000000000003,1.990000000000002,45.415,36.707499999999996,23.16,0.913130729640316,0.11898929418571158,0.09513344227763447
16.7,45.405,37.055,22.165,45.46,36.605,23.625,1.277584034271999,0.987173303156019,0.993854770869585,0.71575661506435,0.054999999999999716,0.45000000000000284,1.4600000000000009,45.432500000000005,36.83,22.895,1.2941841406097037,0.29041073111598004,0.2273124296314107
16.8,45.405,37.055,22.165,45.41,36.28,23.785,1.3044060731636198,1.18402993293926,1.01472010004965,0.730783455830086,0.0049999999999954525,0.7749999999999986,1.620000000000001,45.4075,36.667500000000004,22.975,1.1016664661710611,0.12037614022435972,0.09228425304715361
16.9,45.405,37.055,22.165,45.595,36.735,22.51,0.5265669453066231,0.355816524886481,0.409625556161633,0.295005075304484,0.18999999999999773,0.3200000000000003,0.3450000000000024,45.5,36.894999999999996,22.3375,1.4798833303055121,0.17075042042014205,0.32427105730391415
16.10,45.405,37.055,22.165,45.36,36.975,22.76,0.472922867523382,0.374305207605672,0.367894898579428,0.264951394333255,0.045000000000001705,0.0799999999999983,0.5950000000000024,45.3825,37.015,22.4625,1.263468572305129,0.09861765991770999,0.20852799997941776
16.11,45.405,37.055,22.165,45.425,37.475,22.825,1.0898297620306552,0.329815841632094,0.847797467387076,0.610568730264444,0.01999999999999602,0.4200000000000017,0.6600000000000001,45.415,37.265,22.494999999999997,3.3043584363118312,0.7600139203985612,0.6973693930739008
16.12,45.405,37.055,22.165,45.37,38.11,21.43,1.3044060731636198,0.786310896004731,1.01472010004965,0.730783455830086,0.035000000000003695,1.0549999999999997,0.7349999999999994,45.3875,37.582499999999996,21.7975,1.658893547237425,0.5180951771588888,0.3971885652948139
16.13,45.405,37.055,22.165,45.43,37.52,22.025,0.8752534508976906,0.261495197484611,0.680874834724506,0.490354004698802,0.02499999999999858,0.4650000000000034,0.14000000000000057,45.417500000000004,37.2875,22.095,3.3471109831838817,0.6137582534130797,0.7012348846866617
16.14,45.405,37.055,22.165,45.455,37.295,21.785,0.9557195675725523,0.299506049179216,0.743470822264689,0.535434526996009,0.04999999999999716,0.240000000000002,0.379999999999999,45.43,37.175,21.975,3.190985848201318,0.6562135183933362,0.6866172253576919
16.15,45.405,37.055,22.165,45.64,37.605,21.78,0.8484314120060701,0.469582738391991,0.660009505544446,0.475327163933067,0.23499999999999943,0.5499999999999972,0.384999999999998,45.5225,37.33,21.9725,1.8067772531516104,0.3788486736140791,0.446528343725256
16.16,45.405,37.055,22.165,45.41,37.665,22.47,0.6070330619814848,0.232733448445521,0.472221543701815,0.34008559760169,0.0049999999999954525,0.6099999999999994,0.3049999999999997,45.4075,37.36,22.3175,2.608275963028602,0.37429961353596375,0.6166049863866812
16.17,45.405,37.055,22.165,45.285,39.285,20.54,1.4116942287301018,1.68110159989537,1.09818141676989,0.790890818893028,0.12000000000000455,2.229999999999997,1.625,45.345,38.17,21.3525,0.8397435514773293,0.26940737116526825,0.19083974807829
16.18,45.405,37.055,22.165,45.075,37.78,22.52,0.7143212175479672,0.417579414688634,0.555682860422059,0.400192960664632,0.3299999999999983,0.7250000000000014,0.3550000000000004,45.24,37.417500000000004,22.3425,1.7106236339977954,0.29674180285933316,0.41541787525580376
16.19,45.405,37.055,22.165,45.48,37.05,21.84,0.6338551008731055,0.204245669406232,0.493086872881876,0.355112438367425,0.07499999999999574,0.005000000000002558,0.3249999999999993,45.442499999999995,37.052499999999995,22.002499999999998,3.1033955315302735,0.42960943146687347,0.6777723018988637
16.20,45.405,37.055,22.165,45.54,37.245,20.96,1.0630077231390345,0.773534322907002,0.826932138207015,0.595541889498709,0.134999999999998,0.18999999999999773,1.2049999999999983,45.4725,37.15,21.5625,1.3742217898876772,0.2894734002320325,0.2723154250515787
16.21,45.405,37.055,22.165,45.16,38.995,22.845,1.2507619953803784,0.761817884174061,0.972989441689524,0.700729774298615,0.24500000000000455,1.9399999999999977,0.6799999999999997,45.2825,38.025,22.505,1.641812327751537,0.4889441112063173,0.3909169871016939
16.22,45.405,37.055,22.165,45.355,37.095,23.35,0.902075489789311,0.690098974786193,0.701740163904567,0.505380845464538,0.05000000000000426,0.03999999999999915,1.1850000000000023,45.379999999999995,37.075,22.7575,1.3071682779439346,0.21197651500311798,0.23498755610535405
16.23,45.405,37.055,22.165,45.15,37.965,23.2,0.8484314120060701,0.573092803411365,0.660009505544446,0.475327163933067,0.25500000000000256,0.9100000000000037,1.0350000000000001,45.2775,37.510000000000005,22.682499999999997,1.4804433164668869,0.27533860859470505,0.3245266551590248
16.24,45.405,37.055,22.165,45.5,37.045,23.55,1.33122811205524,0.822764892016489,1.03558542922971,0.745810296595821,0.09499999999999886,0.00999999999999801,1.3850000000000016,45.4525,37.05,22.8575,1.6179933336418635,0.5084632200387511,0.38195048245473173
16.25,45.405,37.055,22.165,45.415,37.215,23.305,0.8752534508976906,0.635575608574749,0.680874834724506,0.490354004698802,0.00999999999999801,0.1600000000000037,1.1400000000000006,45.41,37.135000000000005,22.735,1.3771035856509743,0.23967784232294154,0.27383821429470667
16.26,45.405,37.055,22.165,45.205,38.06,22.45,1.1702958787055167,0.428491902363205,0.910393454927258,0.655649252561651,0.20000000000000284,1.0050000000000026,0.28500000000000014,45.305,37.557500000000005,22.307499999999997,2.7311971813701508,0.7418039763423117,0.6338601965589872
16.27,45.405,37.055,22.165,45.635,37.385,21.68,1.036185684247414,0.443429577420302,0.806066809026954,0.580515048732973,0.22999999999999687,0.3299999999999983,0.48499999999999943,45.519999999999996,37.22,21.9225,2.3367536462921104,0.592756106827112,0.5720558730606062
16.28,45.405,37.055,22.165,45.04,37.465,23.54,0.9825416064641728,0.804405193739442,0.764336150666832,0.550461367201502,0.365000000000002,0.4100000000000037,1.375,45.2225,37.260000000000005,22.8525,1.2214510956538909,0.1781364127247308,0.18130164806402496
16.29,45.405,37.055,22.165,45.145,37.815,25.43,1.2507619953803784,1.75588836194785,0.972989441689524,0.700729774298615,0.259999999999998,0.759999999999998,3.2650000000000006,45.275000000000006,37.435,23.7975,0.712324326405668,0.5051263665674717,0.40385490447365174
16.30,45.405,37.055,22.165,45.145,38.37,24.175,0.7947873342228289,1.01931728943639,0.618278847184324,0.445273482401596,0.259999999999998,1.3149999999999977,2.0100000000000016,45.275000000000006,37.7125,23.17,0.7797251569063098,0.22452995521356112,0.2825031870325554
16.31,45.405,37.055,22.165,45.65,36.33,20.695,1.036185684247414,0.794229305319348,0.806066809026954,0.580515048732973,0.24499999999999744,0.7250000000000014,1.4699999999999989,45.5275,36.692499999999995,21.43,1.3046429740163465,0.24195637892806598,0.2335067762206087
16.32,45.405,37.055,22.165,45.715,36.795,22.055,0.5533889841982438,0.312166548357028,0.430490885341693,0.310031916070219,0.3100000000000023,0.259999999999998,0.10999999999999943,45.56,36.925,22.11,1.7727363336592712,0.24122243584121578,0.4359003201966538
16.33,45.405,37.055,22.165,45.565,37.28,21.225,0.9825416064641728,0.634405173410697,0.764336150666832,0.550461367201502,0.1599999999999966,0.22500000000000142,0.9399999999999977,45.485,37.167500000000004,21.695,1.5487603917746446,0.34813643305347575,0.3543223313992534
16.34,45.405,37.055,22.165,45.645,36.32,22.465,1.0898297620306552,0.507200473123034,0.847797467387076,0.610568730264444,0.240000000000002,0.7349999999999994,0.3000000000000007,45.525000000000006,36.6875,22.314999999999998,2.148715976488402,0.5826292889076212,0.5346057785093109
16.35,45.405,37.055,22.165,45.465,37.145,21.93,0.5533889841982438,0.173653751345127,0.430490885341693,0.310031916070219,0.060000000000002274,0.09000000000000341,0.23499999999999943,45.435,37.1,22.0475,3.186737843121377,0.3797352328531168,0.6861994781429956
16.36,45.405,37.055,22.165,45.555,36.73,22.04,0.5265669453066231,0.189090736386138,0.409625556161633,0.295005075304484,0.14999999999999858,0.32500000000000284,0.125,45.480000000000004,36.8925,22.1025,2.784731566366111,0.3374762089204851,0.6408989612575695
16.37,45.405,37.055,22.165,45.72,37.675,22.02,0.6338551008731055,0.44582045982834,0.493086872881876,0.355112438367425,0.3149999999999977,0.6199999999999974,0.14499999999999957,45.5625,37.364999999999995,22.0925,1.4217721180750535,0.18803464104476547,0.29665240602955506
16.38,45.405,37.055,22.165,45.475,36.36,21.665,0.8216093731144494,0.303450023017914,0.639144176364385,0.460300323167332,0.07000000000000028,0.6950000000000003,0.5,45.44,36.707499999999996,21.915,2.707560745046921,0.5181593500965354,0.6306638731514232
16.39,45.405,37.055,22.165,45.5,36.74,21.505,0.7411432564395877,0.351178046766243,0.576548188824202,0.415219800870125,0.09499999999999886,0.3149999999999977,0.6600000000000001,45.4525,36.8975,21.835,2.110448705873893,0.3899652096733447,0.526167115141207
16.40,45.405,37.055,22.165,45.685,36.26,21.505,0.6874991786563465,0.452866182682721,0.534817531241998,0.385166119898896,0.28000000000000114,0.7950000000000017,0.6600000000000001,45.545,36.6575,21.835,1.5181066801358032,0.23463299597362547,0.3412847650100604
16.41,45.405,37.055,22.165,45.97,37.3,22.655,1.036185684247414,0.595092950548145,0.806066809026954,0.580515048732973,0.5649999999999977,0.24499999999999744,0.490000000000002,45.6875,37.177499999999995,22.41,1.7412165302105467,0.44109273369926894,0.42568888952943557
16.42,45.405,37.055,22.165,45.4,36.58,22.45,0.7143212175479672,0.335803944403899,0.555682860422059,0.400192960664632,0.005000000000002558,0.4750000000000014,0.28500000000000014,45.4025,36.817499999999995,22.307499999999997,2.127197215294163,0.3785172731440682,0.5298978433169006
16.43,45.405,37.055,22.165,45.73,36.795,22.69,0.6874991786563465,0.495174730076575,0.534817531241998,0.385166119898896,0.32499999999999574,0.259999999999998,0.5250000000000021,45.567499999999995,36.925,22.427500000000002,1.388397136424213,0.1923244485797715,0.2797449862789754
16.44,45.405,37.055,22.165,45.64,36.33,21.805,0.5265669453066231,0.358475177959684,0.409625556161633,0.295005075304484,0.23499999999999943,0.7250000000000014,0.35999999999999943,45.5225,36.692499999999995,21.985,1.4689076851422496,0.1680917673469391,0.3192220258524512
16.45,45.405,37.055,22.165,45.315,38.2,23.095,0.6070330619814848,0.516629176916675,0.472221543701815,0.34008559760169,0.09000000000000341,1.1450000000000031,0.9299999999999997,45.36,37.6275,22.63,1.1749879564088241,0.09040388506480979,0.14892744823615517
16.46,45.405,37.055,22.165,45.545,36.495,22.885,1.036185684247414,0.615313192386728,0.806066809026954,0.580515048732973,0.14000000000000057,0.5600000000000023,0.7200000000000024,45.475,36.775,22.525,1.6839971828723086,0.420872491860686,0.4061747791470335
16.47,45.405,37.055,22.165,45.475,37.345,23.4,1.1971179175971374,0.668969867387233,0.931258784107319,0.670676093327386,0.07000000000000028,0.28999999999999915,1.2349999999999994,45.44,37.2,22.7825,1.7894945260885595,0.5281480502099044,0.44118297955879193
16.48,45.405,37.055,22.165,45.63,35.78,22.615,0.7143212175479672,0.78660864398708,0.555682860422059,0.400192960664632,0.22500000000000142,1.2749999999999986,0.4499999999999993,45.5175,36.417500000000004,22.39,0.9081024243761012,0.07228742643911279,0.10119736690176262
16.49,45.405,37.055,22.165,45.745,36.54,22.47,0.6070330619814848,0.486518364810768,0.472221543701815,0.34008559760169,0.3399999999999963,0.5150000000000006,0.3049999999999997,45.575,36.7975,22.3175,1.2477084209758098,0.12051469717071678,0.1985306971234821
16.50,45.405,37.055,22.165,45.505,36.47,22.04,0.5802110230898643,0.251201481738092,0.451356214521754,0.325058756835955,0.10000000000000142,0.5850000000000009,0.125,45.455,36.7625,22.1025,2.309743623984913,0.3290095413517723,0.5670515169336298
17.1,61.905,-0.165,-0.25,61.58,-0.11,-0.24,1.3044060731636198,0.290914807844452,1.01472010004965,0.730783455830086,0.32500000000000284,0.05500000000000001,0.010000000000000009,61.7425,-0.1375,-0.245,4.483807745452611,1.0134912653191677,0.7769752728029992
17.2,61.905,-0.165,-0.25,61.58,-0.125,-0.345,1.036185684247414,0.300429439496432,0.806066809026954,0.580515048732973,0.32500000000000284,0.04000000000000001,0.09499999999999997,61.7425,-0.14500000000000002,-0.2975,3.4490151249332035,0.735756244750982,0.7100621589607298
17.3,61.905,-0.165,-0.25,61.905,-0.23,-0.115,0.9825416064641728,0.165406134888139,0.764336150666832,0.550461367201502,0.0,0.065,0.135,61.905,-0.1975,-0.1825,5.940176289038315,0.8171354715760337,0.8316548280178859
17.4,61.905,-0.165,-0.25,61.9,-0.275,-0.38,0.9825416064641728,0.205897449512694,0.764336150666832,0.550461367201502,0.005000000000002558,0.11000000000000001,0.13,61.9025,-0.22000000000000003,-0.315,4.771995010222805,0.7766441569514788,0.7904440392666
17.5,61.905,-0.165,-0.25,61.35,-0.08,-0.605,1.0898297620306552,0.604621641104731,0.847797467387076,0.610568730264444,0.5549999999999997,0.085,0.355,61.6275,-0.1225,-0.4275,1.802498763089062,0.48520812092592414,0.44521459899996874
17.6,61.905,-0.165,-0.25,61.55,-0.135,0.18,1.1702958787055167,0.52734205957022,0.910393454927258,0.655649252561651,0.355000000000004,0.03,0.43,61.7275,-0.15000000000000002,-0.035,2.2192348500327563,0.6429538191352967,0.5493942431866753
17.7,61.905,-0.165,-0.25,61.995,-0.34,-0.095,0.5533889841982438,0.311167571943103,0.430490885341693,0.310031916070219,0.0899999999999963,0.17500000000000002,0.155,61.95,-0.2525,-0.1725,1.778427549388094,0.24222141225514077,0.43770551769903476
17.8,61.905,-0.165,-0.25,62.05,-0.025,-0.465,1.0093636453557935,0.322310918681363,0.785201479846893,0.565488207967238,0.14499999999999602,0.14,0.21500000000000002,61.9775,-0.095,-0.35750000000000004,3.1316458230880033,0.6870527266744304,0.6806790884087865
17.9,61.905,-0.165,-0.25,62.15,0.025,-0.015,0.660677139764726,0.422584766732786,0.513952202061937,0.370139279133161,0.24499999999999744,0.19,0.235,62.0275,-0.07,-0.1325,1.56341920062413,0.23809237303193997,0.3603762841807284
17.10,61.905,-0.165,-0.25,61.845,-0.21,-0.23,0.5802110230898643,0.0865926010344668,0.451356214521754,0.325058756835955,0.060000000000002274,0.044999999999999984,0.01999999999999999,61.875,-0.1875,-0.24,6.700468740492641,0.49361842205539747,0.8507567101636884
17.11,61.905,-0.165,-0.25,62.265,-0.1,-0.285,0.8752534508976906,0.324382040199291,0.680874834724506,0.490354004698802,0.35999999999999943,0.065,0.034999999999999976,62.085,-0.1325,-0.26749999999999996,2.6982179644154836,0.5508714106983996,0.6293850192810112
17.12,61.905,-0.165,-0.25,61.935,-0.045,-0.08,0.660677139764726,0.246419666442273,0.513952202061937,0.370139279133161,0.030000000000001137,0.12000000000000001,0.16999999999999998,61.92,-0.10500000000000001,-0.165,2.681105557126434,0.414257473322453,0.6270195345989342
17.13,61.905,-0.165,-0.25,62.21,-0.15,0.13,0.7411432564395877,0.459907361168113,0.576548188824202,0.415219800870125,0.3049999999999997,0.015000000000000013,0.38,62.057500000000005,-0.1575,-0.06,1.6115055278647021,0.2812358952714747,0.3794622597567096
17.14,61.905,-0.165,-0.25,62.435,-0.06,-0.265,1.1166518009222757,0.478880551737579,0.868662796567137,0.62559557103018,0.5300000000000011,0.10500000000000001,0.015000000000000013,62.17,-0.1125,-0.2575,2.3317960909851103,0.6377712491846967,0.5711460350368813
17.15,61.905,-0.165,-0.25,61.94,-0.26,-0.345,0.9288975286809318,0.170665634134801,0.722605493084628,0.520407686230273,0.03499999999999659,0.095,0.09499999999999997,61.9225,-0.21250000000000002,-0.2975,5.442791854067388,0.7582318945461308,0.8162707621868441
17.16,61.905,-0.165,-0.25,62.265,0.29,-0.4,1.3580501509468608,0.759287943865976,1.05645075840977,0.760837137361557,0.35999999999999943,0.45499999999999996,0.15000000000000002,62.085,0.062499999999999986,-0.325,1.7885838437571586,0.5987622070808848,0.44089845004804634
17.17,61.905,-0.165,-0.25,62.155,-0.145,-0.155,0.9288975286809318,0.235408986168312,0.722605493084628,0.520407686230273,0.25,0.020000000000000018,0.095,62.03,-0.155,-0.2025,3.945888132201136,0.6934885425126198,0.7465716296509337
17.18,61.905,-0.165,-0.25,61.79,-0.475,-0.2,0.6874991786563465,0.469001823318402,0.534817531241998,0.385166119898896,0.11500000000000199,0.30999999999999994,0.04999999999999999,61.8475,-0.32,-0.225,1.4658774081646389,0.21849735533794445,0.31781471426215024
17.19,61.905,-0.165,-0.25,62.045,0.095,-0.275,1.1702958787055167,0.406851168543795,0.910393454927258,0.655649252561651,0.14000000000000057,0.26,0.025000000000000022,61.975,-0.035,-0.2625,2.876471708359048,0.7634447101617217,0.6523518739157045
17.20,61.905,-0.165,-0.25,61.91,-0.605,-0.335,1.0093636453557935,0.647867404416778,0.785201479846893,0.565488207967238,0.0049999999999954525,0.43999999999999995,0.08500000000000002,61.9075,-0.385,-0.2925,1.557978742126195,0.36149624093901545,0.3581427191717885
17.21,61.905,-0.165,-0.25,61.47,-0.145,-0.385,1.1971179175971374,0.397947687500579,0.931258784107319,0.670676093327386,0.4350000000000023,0.020000000000000018,0.135,61.6875,-0.155,-0.3175,3.0082293532291633,0.7991702300965584,0.6675785381552716
17.22,61.905,-0.165,-0.25,62.08,-0.205,-0.095,1.036185684247414,0.222921604134649,0.806066809026954,0.580515048732973,0.17499999999999716,0.03999999999999998,0.155,61.9925,-0.185,-0.1725,4.648206635788117,0.813264080112765,0.784863265041708
17.23,61.905,-0.165,-0.25,62.54,-0.19,-0.415,0.9825416064641728,0.566683039772962,0.764336150666832,0.550461367201502,0.634999999999998,0.024999999999999994,0.16499999999999998,62.2225,-0.1775,-0.3325,1.7338468522438488,0.4158585666912108,0.42324779279779723
17.24,61.905,-0.165,-0.25,62.435,-0.265,-0.17,0.902075489789311,0.482769656164599,0.701740163904567,0.505380845464538,0.5300000000000011,0.1,0.07999999999999999,62.17,-0.21500000000000002,-0.21000000000000002,1.8685422258875535,0.41930583362471197,0.46482344094929545
17.25,61.905,-0.165,-0.25,62.335,0.145,-0.145,0.6338551008731055,0.600716397940771,0.493086872881876,0.355112438367425,0.4299999999999997,0.31,0.10500000000000001,62.120000000000005,-0.010000000000000009,-0.1975,1.0551653026132917,0.03313870293233445,0.052281196182544336
17.26,61.905,-0.165,-0.25,61.99,0.085,-0.285,1.2507619953803784,0.381601308936981,0.972989441689524,0.700729774298615,0.08500000000000085,0.25,0.034999999999999976,61.947500000000005,-0.04,-0.26749999999999996,3.277666933551495,0.8691606864433974,0.6949049371172855
17.27,61.905,-0.165,-0.25,62.22,-0.135,0.1,0.5802110230898643,0.442456837878685,0.451356214521754,0.325058756835955,0.3149999999999977,0.03,0.35,62.0625,-0.15000000000000002,-0.075,1.3113392586727524,0.13775418521117927,0.23742083395823865
17.28,61.905,-0.165,-0.25,62.115,0.295,-0.475,1.277584034271999,0.741799674487814,0.993854770869585,0.71575661506435,0.21000000000000085,0.45999999999999996,0.22499999999999998,62.010000000000005,0.06499999999999999,-0.3625,1.7222763456075234,0.535784359784185,0.41937308622529545
17.29,61.905,-0.165,-0.25,61.98,0.005,-0.26,0.902075489789311,0.261342693584876,0.701740163904567,0.505380845464538,0.07499999999999574,0.17,0.010000000000000009,61.942499999999995,-0.08,-0.255,3.4516958326391816,0.6407327962044349,0.710287334870164
17.30,61.905,-0.165,-0.25,61.93,-0.45,0.025,0.7411432564395877,0.501691998369261,0.576548188824202,0.415219800870125,0.02499999999999858,0.28500000000000003,0.275,61.917500000000004,-0.3075,-0.1125,1.477287374268217,0.23945125807032663,0.32308363554106123
17.31,61.905,-0.165,-0.25,62.08,-0.125,-0.16,1.0898297620306552,0.183921038932512,0.847797467387076,0.610568730264444,0.17499999999999716,0.04000000000000001,0.09,61.9925,-0.14500000000000002,-0.20500000000000002,5.925530664847031,0.9059087230981432,0.8312387437272268
17.32,61.905,-0.165,-0.25,62.325,0.28,0.27,1.036185684247414,0.915444505644386,0.806066809026954,0.580515048732973,0.4200000000000017,0.44500000000000006,0.52,62.115,0.05750000000000001,0.010000000000000009,1.1318934973411023,0.12074117860302802,0.11652465414458817
17.33,61.905,-0.165,-0.25,62.01,-0.22,0.36,1.0093636453557935,0.617943459567443,0.785201479846893,0.565488207967238,0.10499999999999687,0.05499999999999999,0.61,61.957499999999996,-0.1925,0.05499999999999999,1.6334239453378445,0.39142018578835047,0.38778906611262837
17.34,61.905,-0.165,-0.25,62.155,-0.235,0.14,0.660677139764726,0.455135475241981,0.513952202061937,0.370139279133161,0.25,0.06999999999999998,0.39,62.03,-0.2,-0.05499999999999999,1.4516054543141457,0.20554166452274497,0.31110757712130455
17.35,61.905,-0.165,-0.25,62.1,-0.095,-0.235,1.1702958787055167,0.197099162614029,0.910393454927258,0.655649252561651,0.19500000000000028,0.07,0.015000000000000013,62.0025,-0.13,-0.2425,5.937599415679196,0.9731967160914876,0.8315817674555724
17.36,61.905,-0.165,-0.25,62.14,-0.03,-0.385,1.2507619953803784,0.31409483354072,0.972989441689524,0.700729774298615,0.23499999999999943,0.135,0.135,62.0225,-0.0975,-0.3175,3.9821157747127054,0.9366671618396584,0.7488772160893203
17.37,61.905,-0.165,-0.25,62.52,0.075,-0.28,0.8216093731144494,0.635923842511786,0.639144176364385,0.460300323167332,0.615000000000002,0.24,0.030000000000000027,62.212500000000006,-0.045000000000000005,-0.265,1.2919933440099451,0.18568553060266335,0.2260022054918735
17.38,61.905,-0.165,-0.25,62.065,0.32,0.21,1.1702958787055167,0.867984668981967,0.910393454927258,0.655649252561651,0.1599999999999966,0.485,0.45999999999999996,61.985,0.0775,-0.020000000000000004,1.3482909539517909,0.30231120972354963,0.2583203230619086
17.39,61.905,-0.165,-0.25,61.48,0.035,-0.435,1.223939956488758,0.505464790966582,0.952124112509463,0.685702933532879,0.42500000000000426,0.2,0.185,61.692499999999995,-0.065,-0.3425,2.421414856071077,0.718475165522176,0.5870183101108334
17.40,61.905,-0.165,-0.25,62.02,-0.075,-0.355,1.0898297620306552,0.196082871429562,0.847797467387076,0.610568730264444,0.11500000000000199,0.09000000000000001,0.10499999999999998,61.962500000000006,-0.12,-0.3025,5.558005900908811,0.8937468906010932,0.8200793563535239
17.41,61.905,-0.165,-0.25,62.24,-0.575,-0.105,1.0630077231390345,0.681510363181186,0.826932138207015,0.595541889498709,0.33500000000000085,0.4099999999999999,0.14500000000000002,62.072500000000005,-0.37,-0.1775,1.5597821823534643,0.3814973599578485,0.3588848427859129
17.42,61.905,-0.165,-0.25,61.865,0.03,-0.07,0.8484314120060701,0.34273276424218,0.660009505544446,0.475327163933067,0.03999999999999915,0.195,0.18,61.885000000000005,-0.0675,-0.16,2.475489646887294,0.5056986477638901,0.596039514817295
17.43,61.905,-0.165,-0.25,61.445,0.015,-0.235,1.1702958787055167,0.477879345871325,0.910393454927258,0.655649252561651,0.46000000000000085,0.18,0.015000000000000013,61.675,-0.07500000000000001,-0.2425,2.44893587966804,0.6924165328341916,0.591659378488477
17.44,61.905,-0.165,-0.25,62.095,-0.315,-0.4,1.0898297620306552,0.310643466569232,0.847797467387076,0.610568730264444,0.18999999999999773,0.15,0.15000000000000002,62.0,-0.24,-0.325,3.508297697545398,0.7791862954614233,0.7149614755378139
17.45,61.905,-0.165,-0.25,61.475,-0.07,-0.505,1.1971179175971374,0.468710100355611,0.931258784107319,0.670676093327386,0.4299999999999997,0.095,0.255,61.69,-0.11750000000000001,-0.3775,2.5540689525035054,0.7284078172415264,0.6084678926994286
17.46,61.905,-0.165,-0.25,61.905,-0.13,-0.495,1.33122811205524,0.246793601012476,1.03558542922971,0.745810296595821,0.0,0.035,0.245,61.905,-0.14750000000000002,-0.3725,5.394094908456919,1.084434511042764,0.8146120866948403
17.47,61.905,-0.165,-0.25,61.95,-0.13,-0.255,1.1702958787055167,0.0648880183714646,0.910393454927258,0.655649252561651,0.045000000000001705,0.035,0.0050000000000000044,61.9275,-0.14750000000000002,-0.2525,18.03562337148744,1.105407860334052,0.9445541760022323
17.48,61.905,-0.165,-0.25,62.1,0.24,-0.41,1.1166518009222757,0.64600403953624,0.868662796567137,0.62559557103018,0.19500000000000028,0.405,0.15999999999999998,62.0025,0.03749999999999999,-0.32999999999999996,1.728552347745932,0.4706477613860357,0.4214812178477056
17.49,61.905,-0.165,-0.25,61.61,-0.11,-0.305,1.2507619953803784,0.271676796485084,0.972989441689524,0.700729774298615,0.2950000000000017,0.05500000000000001,0.05499999999999999,61.7575,-0.1375,-0.27749999999999997,4.603860200645398,0.9790851988952943,0.782790972006426
17.50,61.905,-0.165,-0.25,61.51,-0.145,-0.34,1.2507619953803784,0.352060822406783,0.972989441689524,0.700729774298615,0.3950000000000031,0.020000000000000018,0.09000000000000002,61.707499999999996,-0.155,-0.29500000000000004,3.552687241020298,0.8987011729735954,0.7185229288820547
