Pair,L1,a1,b1,L2,a2,b2,DV,DECIEDE2000,DV normF1,DV normF3,delta_L,delta_a,delta_b,L_med,a_med,b_med,ratio_V_E,abs_diff,norm_abs_diff
1.1,23.67144196289938,16.349602964549128,-43.363049185896905,17.82882319925926,28.757412725792907,-44.48674923961444,7.74,8.43362801433289,9.97194037180947,8.81497745667659,5.842618763640118,12.40780976124378,1.1237000537175348,20.75013258107932,22.55350784517102,-43.924899212755676,0.9177544926013066,0.693628014332889,0.08961602251205077
1.2,23.67144196289938,16.349602964549128,-43.363049185896905,21.062821996801112,20.67930665870757,-43.28774232287863,3.77,3.45293401135002,4.85713374699247,4.29360013070682,2.608619966098267,4.329703694158443,0.07530686301827672,22.367131979850246,18.514454811628347,-43.32539575438777,1.0918250932441622,0.31706598864998004,0.0841023842349808
1.3,23.67144196289938,16.349602964549128,-43.363049185896905,25.532240820308722,8.520025092051991,-42.76778267249593,5.04,5.40604384170762,6.49335652117826,5.73998532062662,1.8607988574093426,7.829577872497136,0.595266513400972,24.60184139160405,12.43481402830056,-43.06541592919642,0.932289886401608,0.3660438417076204,0.07262774635614933
1.4,23.67144196289938,16.349602964549128,-43.363049185896905,31.485669653905248,-0.9596820297139153,-38.734852228451665,8.62,12.0153164930494,11.1057010342374,9.81719711583362,7.814227691005868,17.30928499426304,4.62819695744524,27.578555808402314,7.694960467417606,-41.048950707174285,0.7174176397491538,3.3953164930494015,0.3938882242059761
1.5,23.67144196289938,16.349602964549128,-43.363049185896905,21.43151859362319,19.03501329776813,-44.14071464862786,1.74,2.17457383602382,2.24175403707345,1.98166159878776,2.239923369276191,2.6854103332190036,0.7776654627309583,22.551480278261284,17.69230813115863,-43.75188191726238,0.8001567803194995,0.43457383602382005,0.2497550780310718
1.6,23.67144196289938,16.349602964549128,-43.363049185896905,18.583401631959156,24.00244511418667,-45.98114983074435,3.75,5.32520566752092,4.83136645921002,4.27082241118052,5.088040330940224,7.652842149637543,2.618100644847445,21.127421797429268,20.1760240393679,-44.67209950832063,0.7041981537290681,1.5752056675209198,0.4200548445602307
1.7,23.67144196289938,16.349602964549128,-43.363049185896905,29.316355299151013,2.953651940777624,-40.14131485714789,6.3,9.18868866414739,8.11669565147283,7.17498165078327,5.6449133362516335,13.395951023771504,3.221734328749015,26.493898631025196,9.651627452663377,-41.7521820215224,0.6856255804917888,2.8886886641473906,0.45852201010934424
1.8,23.67144196289938,16.349602964549128,-43.363049185896905,24.580963919504768,11.310958336900962,-43.60201377844424,2.97,3.66905463763132,3.82644223569433,3.38249134965497,0.9095219566053885,5.038644627648166,0.23896459254733315,24.126202941202074,13.830280650725044,-43.48253148217057,0.8094728186189971,0.6990546376313196,0.23537193178314733
1.9,23.67144196289938,16.349602964549128,-43.363049185896905,18.277280909633582,27.00507506560265,-44.108118609226466,8.83,7.51948830694372,11.3762575559532,10.0563631708597,5.3941610532657975,10.655472101053522,0.7450694233295607,20.97436143626648,21.677339015075887,-43.73558389756168,1.1742820306897521,1.31051169305628,0.14841582026136627
1.10,23.67144196289938,16.349602964549128,-43.363049185896905,18.89043809956666,26.23130625988518,-44.129720957831765,7.41,6.90298241468329,9.54678012339899,8.43914508449271,4.781003863332721,9.881703295336052,0.7666717719348597,21.28094003123302,21.290454612217154,-43.74638507186434,1.0734490621278112,0.50701758531671,0.06842342580948538
1.11,23.67144196289938,16.349602964549128,-43.363049185896905,20.245997279636406,24.133832474023816,-43.92762944005894,6.03,5.40649555822276,7.76883726640971,6.86748243717828,3.425444683262974,7.784229509474688,0.5645802541620384,21.958719621267893,20.24171771928647,-43.645339312977924,1.1153250629631286,0.6235044417772402,0.10340040492103478
1.12,23.67144196289938,16.349602964549128,-43.363049185896905,17.32021103049515,30.20990595360051,-44.96584092549717,7.34,9.16648610352821,9.45659461616041,8.35942306615067,6.351230932404228,13.860302989051384,1.6027917396002636,20.495826496697266,23.27975445907482,-44.16444505569704,0.8007430455138165,1.826486103528211,0.2488400685666718
1.13,23.67144196289938,16.349602964549128,-43.363049185896905,24.130367614856,12.919885373127743,-43.50391714263625,3.26,2.45635848337252,4.20006790853991,3.71276828278627,0.45892565195661916,3.429717591421385,0.14086795673934205,23.90090478887769,14.634744168838434,-43.433483164266576,1.3271678465257772,0.8036415166274797,0.24651580257084785
1.14,23.67144196289938,16.349602964549128,-43.363049185896905,24.543376194157446,14.153697221018419,-42.3414843746447,2.03,1.26340198092087,2.61537970991902,2.31193853191905,0.8719342312580665,2.1959057435307088,1.0215648112522047,24.107409078528413,15.251650092783773,-42.8522667802708,1.6067728474777265,0.7665980190791297,0.37763449197117993
1.15,23.67144196289938,16.349602964549128,-43.363049185896905,21.54231167391373,18.8985251729116,-43.94149838223721,2.0,2.11034982266646,2.57672877824534,2.27777195262961,2.1291302889856496,2.548922208362473,0.5784491963403013,22.606876818406555,17.624064068730362,-43.652273784067056,0.9477101746691733,0.1103498226664601,0.05517491130564259
1.16,23.67144196289938,16.349602964549128,-43.363049185896905,20.520772482637376,20.903721750663824,-44.75849265704455,3.03,3.3172378889597,3.90374409904169,3.45082450823386,3.150669480262003,4.554118786114696,1.3954434711476438,22.096107222768378,18.626662357606477,-44.06077092147073,0.9134105242107946,0.28723788895970026,0.09479798312373013
1.17,23.67144196289938,16.349602964549128,-43.363049185896905,33.54100013606794,-4.349630508141411,-37.550599341137904,11.11,14.5837492821503,14.3137283631529,12.6530231968575,9.869558173168564,20.699233472690537,5.812449844759001,28.60622104948366,5.999986228203858,-40.456824263517404,0.7618068429656986,3.473749282150301,0.3126687022356105
1.18,23.67144196289938,16.349602964549128,-43.363049185896905,24.036621143264796,14.07174972129427,-43.40791432027231,1.79,1.60926833909296,2.30617225652958,2.0386058976035,0.3651791803654163,2.2778532432548584,0.04486513437540651,23.854031553082088,15.210676342921698,-43.385481753084605,1.1123067268548885,0.18073166090703996,0.1009674082715489
1.19,23.67144196289938,16.349602964549128,-43.363049185896905,21.801147616940526,21.29770045440432,-42.862411328323994,3.66,3.74784306782416,4.71541366418898,4.16832267331219,1.870294345958854,4.9480974898551935,0.5006378575729116,22.736294789919953,18.823651709476724,-43.11273025711045,0.9765617003671075,0.08784306782415996,0.024000838196764785
1.20,23.67144196289938,16.349602964549128,-43.363049185896905,18.547339364875995,26.696787033699433,-44.19248044478733,7.01,7.23907375146764,9.03143436774992,7.98359069396679,5.124102598023384,10.347184069150305,0.8294312588904234,21.109390663887687,21.52319499912428,-43.77776481534212,0.9683559305650734,0.22907375146764064,0.032678138578453995
1.21,23.67144196289938,16.349602964549128,-43.363049185896905,26.534867268829608,8.533879978483705,-41.766473233953064,4.82,5.2379676020938,6.20991635557127,5.48943040583736,2.863425305930228,7.815722986065422,1.5965759519438407,25.103154615864494,12.441741471516416,-42.56476120992498,0.920204240506007,0.4179676020937997,0.08671527012595112
1.22,23.67144196289938,16.349602964549128,-43.363049185896905,19.316316650165334,22.54797112252521,-45.07777394119768,5.17,4.561910338234,6.66084389176421,5.88804049754754,4.355125312734046,6.198368157976084,1.7147247553007716,21.493879306532357,19.44878704353717,-44.22041156354729,1.1332971530668237,0.6080896617659999,0.1176188900673851
1.23,23.67144196289938,16.349602964549128,-43.363049185896905,28.98159561193605,4.002478486655248,-40.587335026495275,8.11,8.552094221166,10.4486351957849,9.23636526791307,5.310153649036671,12.34712447789388,2.7757141594016304,26.326518787417715,10.176040725602189,-41.97519210619609,0.9483057353343763,0.44209422116600017,0.05451223441571985
1.24,23.67144196289938,16.349602964549128,-43.363049185896905,24.769002739044332,10.310783976963029,-43.02801843388533,5.03,4.14426576414469,6.48047287728704,5.72859646086347,1.0975607761449524,6.038818987586099,0.3350307520115763,24.220222350971856,13.330193470756079,-43.19553380989112,1.2137252495495754,0.8857342358553106,0.17609030530401992
1.25,23.67144196289938,16.349602964549128,-43.363049185896905,22.515175186992224,18.944390864014032,-43.058670840163124,2.36,2.05434291233861,3.0405399583295,2.68777090410294,1.1562667759071559,2.5947878994649045,0.304378345733781,23.0933085749458,17.64699691428158,-43.210860013030015,1.1487858159788191,0.30565708766138977,0.12951571505587883
1.26,23.67144196289938,16.349602964549128,-43.363049185896905,20.20940640357773,23.34144711164482,-43.75719622376627,5.29,5.04399166084132,6.81544761845893,6.02470681470532,3.4620355593216487,6.991844147095691,0.39414703786936656,21.940424183238555,19.845525038096973,-43.560122704831585,1.0487725505217973,0.24600833915868048,0.046504411930468066
1.27,23.67144196289938,16.349602964549128,-43.363049185896905,26.990216595395836,8.17716202725033,-41.40640483323242,5.12,5.47792265386916,6.59642567230808,5.8310961987318,3.3187746324964564,8.172440937298799,1.9566443526644832,25.330829279147608,12.263382495899728,-42.38472700956466,0.9346608783256526,0.35792265386916,0.06990676832016665
1.28,23.67144196289938,16.349602964549128,-43.363049185896905,28.093810169619815,5.617385179791795,-40.97903998756054,6.14,7.34356641584681,7.9105573492132,6.99275989457291,4.422368206720435,10.732217784757331,2.384009198336365,25.882626066259597,10.983494072170462,-42.171044586728726,0.8361060078266985,1.2035664158468107,0.19602058886820686
1.29,23.67144196289938,16.349602964549128,-43.363049185896905,30.207473593007386,1.350868116623799,-40.14225884243871,8.43,10.5392989010468,10.8609118003041,9.60080878033381,6.536031630108006,14.998734847925329,3.220790343458198,26.939457777953383,8.850235540586464,-41.7526540141678,0.7998634518623282,2.1092989010468006,0.2502133927398087
1.30,23.67144196289938,16.349602964549128,-43.363049185896905,22.515175186992224,20.163609478781098,-42.474492877158475,3.6,3.06272229126437,4.63811180084162,4.0999895147333,1.1562667759071559,3.81400651423197,0.8885563087384298,23.0933085749458,18.256606221665113,-42.91877103152769,1.1754248855969254,0.5372777087356302,0.1492438079406629
1.31,23.67144196289938,16.349602964549128,-43.363049185896905,24.74078817842613,10.75332627465278,-42.96926695688301,3.81,3.80701148446626,4.90866832255738,4.33915556975941,1.0693462155267497,5.596276689896348,0.3937822290138939,24.206115070662754,13.551464619600953,-43.16615807138996,1.0007850027627048,0.0029885155337399105,0.000784387278990951
1.32,23.67144196289938,16.349602964549128,-43.363049185896905,30.54342040362289,0.29555988672577693,-39.01764473119499,7.68,10.9546748277382,9.89463850846211,8.74664429809771,6.87197844072351,16.05404307782335,4.345404454701914,27.107431183261134,8.322581425637452,-41.190346958545945,0.7010705584662809,3.2746748277382007,0.42638995147289205
1.33,23.67144196289938,16.349602964549128,-43.363049185896905,18.3672188066923,24.71400665580528,-46.66736919292287,4.65,5.57030125129592,5.99089440942042,5.29581978986385,5.30422315620708,8.364403691256154,3.3043200070259644,21.01933038479584,20.531804810177206,-45.01520918940989,0.8347842943114436,0.9203012512959194,0.19791424754795808
1.34,23.67144196289938,16.349602964549128,-43.363049185896905,20.60331369673009,20.58956194208772,-44.30218240980848,2.77,3.2595112434839,3.5687693578698,3.15471415439201,3.068128266169289,4.239958977538592,0.9391332239115755,22.137377829814735,18.469582453318424,-43.8326157978527,0.8498206609005248,0.48951124348389996,0.17671886039970436
1.35,23.67144196289938,16.349602964549128,-43.363049185896905,24.064740274225223,14.70064135699825,-42.54622518678733,2.03,0.851492488324097,2.61537970991902,2.31193853191905,0.39329831132584303,1.648961607550877,0.8168239991095732,23.8680911185623,15.52512216077369,-42.95463718634212,2.384049214117421,1.1785075116759027,0.5805455719681563
1.36,23.67144196289938,16.349602964549128,-43.363049185896905,23.83990117030047,13.011658490286433,-43.22720702459477,2.36,2.25046368273068,3.0405399583295,2.68777090410294,0.16845920740109221,3.337944474262695,0.13584216130213633,23.755671566599926,14.68063072741778,-43.29512810524584,1.0486727766642905,0.10953631726932,0.046413693738519626
1.37,23.67144196289938,16.349602964549128,-43.363049185896905,22.088224933310073,22.040601300519075,-42.037823242975456,6.23,4.49651566799377,8.02651014423424,7.09525963244124,1.5832170295893064,5.690998335969947,1.325225942921449,22.879833448104726,19.195102132534103,-42.70043621443618,1.385517244598894,1.7334843320062303,0.2782478863126777
1.38,23.67144196289938,16.349602964549128,-43.363049185896905,26.790902071794847,8.027616832855827,-41.66870809317559,5.88,5.61011989854543,7.57558260804131,6.69664954073106,3.119460108895467,8.3219861316933,1.6943410927213165,25.231172017347113,12.188609898702477,-42.51587863953625,1.0481059416353005,0.26988010145456975,0.04589797643004622
1.39,23.67144196289938,16.349602964549128,-43.363049185896905,25.50392512391312,10.769663648352578,-42.46131739962576,3.56,3.74338539470147,4.58657722527671,4.05443407568071,1.8324831610137409,5.579939316196549,0.9017317862711423,24.58768354340625,13.559633306450852,-42.912183292761334,0.9510108160618322,0.18338539470147008,0.05151275130616779
1.40,23.67144196289938,16.349602964549128,-43.363049185896905,26.534867268829608,8.935135763479623,-42.024945602329275,4.15,5.07397610708085,5.34671221485909,4.72637680170644,2.863425305930228,7.414467201069504,1.33810358356763,25.103154615864494,12.642369364014375,-42.69399739411309,0.8178990029911022,0.9239761070808497,0.22264484502607343
1.41,23.67144196289938,16.349602964549128,-43.363049185896905,28.618537511707807,4.554041943390458,-40.94287968776536,6.1,8.19791779717624,7.85902277364829,6.94720445552031,4.947095548808427,11.795561021158669,2.4201694981315427,26.144989737303593,10.451822453969793,-42.152964436831134,0.7440913839556971,2.0979177971762404,0.3439209503003802
1.42,23.67144196289938,16.349602964549128,-43.363049185896905,21.94925074565257,23.742202452181395,-40.95988904001663,7.25,6.03459782364877,9.34064182113936,8.25692332828234,1.7221912172468095,7.392599487632268,2.4031601458802783,22.810346354275975,20.04590270836526,-42.161469112956766,1.2014056629236878,1.2154021763512297,0.16764167947359834
1.43,23.67144196289938,16.349602964549128,-43.363049185896905,24.32738059727655,11.974928908874249,-43.48943283138652,3.6,3.12733134551109,4.63811180084162,4.0999895147333,0.655938634377172,4.374674055674879,0.1263836454896179,23.999411280087966,14.162265936711687,-43.42624100864171,1.1511412131036989,0.47266865448891027,0.1312968484326704
1.44,23.67144196289938,16.349602964549128,-43.363049185896905,24.98545448335411,13.205407092284071,-42.19468683696873,2.26,1.93418130492276,2.91170351941724,2.57388230647146,1.3140125204547317,3.1441958722650565,1.1683623489281771,24.328448223126745,14.777505028416599,-42.77886801143282,1.168453026135416,0.3258186950772397,0.14416756412967796
1.45,23.67144196289938,16.349602964549128,-43.363049185896905,18.4572405878433,25.36569598256791,-46.99975171356454,5.38,5.74480302216971,6.93140041347997,6.12720655257365,5.214201375056078,9.016093018018783,3.6367025276676372,21.06434127537134,20.857649473558517,-45.181400449730724,0.9364986020063001,0.36480302216970983,0.0678072531787923
2.1,20.043897069064762,-17.323029845872945,-9.475182938098081,21.245236115578493,-19.25940626673922,-11.023085553006606,1.66,1.607499442276,2.13868488594363,1.89055072068258,1.2013390465137306,1.9363764208662744,1.5479026149085247,20.644566592321627,-18.291218056306082,-10.249134245552344,1.032659766660327,0.05250055772399986,0.03162684198335724
2.2,20.043897069064762,-17.323029845872945,-9.475182938098081,21.284352230926416,-19.988581879283483,-9.298679651950813,1.84,1.95139177485335,2.37059047598572,2.09555019641924,1.2404551618616537,2.6655520334105383,0.17650328614726796,20.66412464999559,-18.655805862578212,-9.386931295024446,0.9429167544766155,0.11139177485334995,0.06053900803957116
2.3,20.043897069064762,-17.323029845872945,-9.475182938098081,23.272848649082526,-22.752857038736586,-9.552432674372302,3.4,4.00294315773616,4.38043892301708,3.87221231947034,3.228951580017764,5.429827192863641,0.07724973627422038,21.658372859073644,-20.037943442304766,-9.513807806235192,0.8493750386087106,0.6029431577361604,0.17733622281141886
2.4,20.043897069064762,-17.323029845872945,-9.475182938098081,27.62143217387967,-29.429089691118403,-9.292784431752343,4.64,8.57160372865462,5.97801076552919,5.2844309301007,7.577535104814906,12.106059845245458,0.18239850634573784,23.832664621472215,-23.376059768495672,-9.383983684925212,0.5413222713443102,3.931603728654621,0.8473283896136407
2.5,20.043897069064762,-17.323029845872945,-9.475182938098081,26.418960778155487,-28.53852252431749,-8.585930965160548,4.57,7.83236746732823,5.88782525829061,5.20470891175866,6.375063709090725,11.215492678444544,0.889251972937533,23.231428923610125,-22.93077618509522,-9.030556951629315,0.5834761990521671,3.2623674673282297,0.7138659664364034
2.6,20.043897069064762,-17.323029845872945,-9.475182938098081,24.35289153637987,-24.721010217993168,-9.459095411692452,3.7,5.31665995022216,4.76694823975388,4.21387811236478,4.3089944673151095,7.397980372120223,0.01608752640562905,22.198394302722317,-21.022020031933057,-9.467139174895266,0.695925643909099,1.61665995022216,0.4369351215635742
2.7,20.043897069064762,-17.323029845872945,-9.475182938098081,28.74632142462636,-32.24972720299837,-8.696479256231648,5.59,10.1174143286803,7.20195693519573,6.36637260759976,8.702424355561597,14.926697357125427,0.7787036818664337,24.39510924684556,-24.78637852443566,-9.085831097164863,0.5525127090625572,4.527414328680301,0.8099131176870104
2.8,20.043897069064762,-17.323029845872945,-9.475182938098081,29.536379757020406,-33.522128299735584,-8.838893327559427,5.93,10.86521398069,7.64000082749744,6.7535938395468,9.492482687955643,16.19909845386264,0.636289610538654,24.790138413042584,-25.422579072804265,-9.157038132828754,0.5457784825952995,4.9352139806899995,0.832245190532505
2.9,20.043897069064762,-17.323029845872945,-9.475182938098081,18.271992667690057,-14.713463278179296,-6.484666728020782,2.74,2.718143603027,3.53011842619612,3.12054757510257,1.7719044013747052,2.6095665676936495,2.990516210077299,19.15794486837741,-16.01824656202612,-7.979924833059432,1.00804092761715,0.021856396973000347,0.007976787213512247
2.10,20.043897069064762,-17.323029845872945,-9.475182938098081,17.224257903286855,-10.57240506409557,-3.4486626049268776,4.07,6.3408508732656,5.24364306372927,4.63526592360126,2.8196391657779074,6.7506247817773755,6.026520333171204,18.63407748617581,-13.947717454984257,-6.461922771512479,0.6418696923654413,2.2708508732655996,0.5579486173728871
2.11,20.043897069064762,-17.323029845872945,-9.475182938098081,18.271992667690057,-13.04226703350314,-4.645625598113479,3.54,4.28857384925756,4.56080993749426,4.03165635615441,1.7719044013747052,4.2807628123698045,4.829557339984603,19.15794486837741,-15.182648439688043,-7.0604042681057795,0.8254492340821874,0.7485738492575598,0.21146153927855882
2.12,20.043897069064762,-17.323029845872945,-9.475182938098081,17.776853990906496,-11.904444957436949,-4.648872552147676,4.12,4.94653722567201,5.3080612831854,4.692210222417,2.2670430781582667,5.418584888435996,4.826310385950405,18.91037552998563,-14.613737401654948,-7.062027745122879,0.8329058917791472,0.82653722567201,0.20061583142509568
2.13,20.043897069064762,-17.323029845872945,-9.475182938098081,18.495498480733964,-15.07994821743061,-7.384947478523419,2.62,2.1329135474995,3.3755146995014,2.98388125794479,1.548398588330798,2.2430816284423347,2.0902354595746626,19.269697774899363,-16.20148903165178,-8.43006520831075,1.228366710804179,0.4870864525005003,0.18591085966205703
2.14,20.043897069064762,-17.323029845872945,-9.475182938098081,17.505295808572015,-13.16283390339143,-6.156584336238613,3.42,3.77212348153672,4.40620621079954,3.89499003899663,2.5386012604927473,4.160195942481515,3.3185986018594686,18.77459643881839,-15.242931874632188,-7.815883637168347,0.9066511252436731,0.35212348153672,0.10296008229057307
2.15,20.043897069064762,-17.323029845872945,-9.475182938098081,17.456825084747557,-10.07830172811594,-2.52885379713933,4.67,7.02948816667291,6.01666169720287,5.31859750939014,2.5870719843172054,7.244728117757004,6.946329140958751,18.75036107690616,-13.700665786994442,-6.002018367618706,0.6643442436501019,2.35948816667291,0.5052437186654531
2.16,20.043897069064762,-17.323029845872945,-9.475182938098081,21.391928470936833,-19.47569886409631,-10.746285300821135,2.53,1.68809775350097,3.25956190448036,2.88138152007646,1.3480314018720705,2.1526690182233637,1.2711023627230542,20.717912770000797,-18.399364354984627,-10.110734119459607,1.4987283723672211,0.8419022464990298,0.33276768623172415
2.17,20.043897069064762,-17.323029845872945,-9.475182938098081,12.794109490760288,-3.3479612506142065,-10.766429062578537,6.7,13.1952717562527,8.6320414071219,7.6305360413092,7.249787578304474,13.975068595258739,1.2912461244804554,16.419003279912523,-10.335495548243575,-10.120806000338309,0.507757636466819,6.495271756252699,0.969443545564665
2.18,20.043897069064762,-17.323029845872945,-9.475182938098081,13.767251552875578,-6.949441761687061,-8.47285316940991,5.49,9.41475480749351,7.07312049628346,6.25248400996828,6.276645516189184,10.373588084185883,1.0023297686881705,16.90557431097017,-12.136235803780004,-8.974018053753996,0.5831272414069884,3.9247548074935104,0.7148915859341746
2.19,20.043897069064762,-17.323029845872945,-9.475182938098081,20.707704341238184,-19.663926644202302,-9.519783194682951,2.36,1.57245937162977,3.0405399583295,2.68777090410294,0.6638072721734218,2.340896798329357,0.04460025658486977,20.375800705151473,-18.493478245037622,-9.497483066390515,1.5008336883471607,0.78754062837023,0.33370365594768064
2.20,20.043897069064762,-17.323029845872945,-9.475182938098081,16.5952110851222,-12.359942477555508,-8.15393852627796,3.72,4.26094745665992,4.79271552753634,4.23665583189108,3.4486859839425605,4.963087368317437,1.3212444118201212,18.319554077093482,-14.841486161714226,-8.81456073218802,0.8730452644546327,0.5409474566599202,0.14541598293400648
2.21,20.043897069064762,-17.323029845872945,-9.475182938098081,15.167766421225682,-9.12297184313951,-8.383589072151409,4.89,7.14997023172358,6.30010186280986,5.5691524241794,4.87613064783908,8.200058002733435,1.0915938659466722,17.605831745145224,-13.223000844506227,-8.929386005124744,0.6839189312452972,2.25997023172358,0.46216160148495267
2.22,20.043897069064762,-17.323029845872945,-9.475182938098081,13.709884620395698,-6.076263359938508,-8.74797114567355,6.05,10.2385461833866,7.79460455419216,6.89026015670457,6.334012448669064,11.246766485934437,0.7272117924245318,16.87689084473023,-11.699646602905727,-9.111577041885816,0.5909042056406429,4.1885461833866,0.6923216830899633
2.23,20.043897069064762,-17.323029845872945,-9.475182938098081,12.537337897481173,-2.2566943503774253,-11.29595690009631,5.33,14.3394490456493,6.86698219402384,6.07026225375791,7.506559171583589,15.066335495495519,1.8207739619982295,16.290617483272968,-9.789862098125186,-10.385569919097197,0.3717018682280169,9.0094490456493,1.69032815083658
2.24,20.043897069064762,-17.323029845872945,-9.475182938098081,16.498543492760646,-11.465951860136048,-8.412260048718833,3.9,4.92666864518025,5.02462111757842,4.44165530762774,3.545353576304116,5.857077985736897,1.062922889379248,18.271220280912704,-14.394490853004497,-8.943721493408457,0.7916099661022975,1.02666864518025,0.2632483704915389
2.25,20.043897069064762,-17.323029845872945,-9.475182938098081,21.49952936543803,-19.711333653430724,-10.837025770480501,2.53,1.8438106868552,3.25956190448036,2.88138152007646,1.4556322963732669,2.3883038075577794,1.36184283238242,20.771713217251396,-18.517181749651833,-10.15610435428929,1.3721582246293433,0.6861893131447998,0.27122107228204695
2.26,20.043897069064762,-17.323029845872945,-9.475182938098081,22.655041002712686,-22.018371269046185,-8.384326262348797,3.7,3.67964201705289,4.76694823975388,4.21387811236478,2.6111439336479236,4.6953414231732395,1.0908566757492846,21.349469035888724,-19.670700557459565,-8.92975460022344,1.0055325985101895,0.02035798294711011,0.005502157551785933
2.27,20.043897069064762,-17.323029845872945,-9.475182938098081,24.667382744231645,-25.86756438896981,-6.797769563035483,4.4,6.55719863685933,5.66880331213975,5.01109829578514,4.623485675166883,8.544534543096866,2.6774133750625984,22.355639906648204,-21.595297117421378,-8.136476250566782,0.6710182568811777,2.15719863685933,0.49027241735660393
2.28,20.043897069064762,-17.323029845872945,-9.475182938098081,27.12843853845974,-29.93894082821022,-5.027459239462139,5.36,9.52327976419771,6.90563312569752,6.10442883304736,7.084541469394978,12.615910982337276,4.447723698635942,23.58616780376225,-23.630985337041583,-7.25132108878011,0.5628313072968641,4.16327976419771,0.7767312991457048
2.29,20.043897069064762,-17.323029845872945,-9.475182938098081,28.775938754424182,-33.49200070718483,-2.8494009305102486,5.67,11.9568819651044,7.30502608632555,6.45748348570495,8.73204168535942,16.168970861311884,6.625782007587833,24.409917911744472,-25.407515276528887,-6.162291934304164,0.4742038949680549,6.286881965104399,1.1087975245142154
2.30,20.043897069064762,-17.323029845872945,-9.475182938098081,26.448509313798247,-28.98413244233003,-5.932359194136794,5.93,8.65584661904371,7.64000082749744,6.7535938395468,6.404612244733485,11.661102596457084,3.5428237439612875,23.246203191431505,-23.153581144101487,-7.7037710661174374,0.6850860765333263,2.725846619043711,0.4596705933531266
2.31,20.043897069064762,-17.323029845872945,-9.475182938098081,27.680607792421142,-31.64249892594448,-4.025806298414425,5.79,10.5993880071804,7.45962981302027,6.59414980286272,7.63671072335638,14.319469080071535,5.449376639683656,23.862252430742952,-24.482764385908713,-6.750494618256253,0.5462579533395128,4.8093880071804,0.830636961373016
2.32,20.043897069064762,-17.323029845872945,-9.475182938098081,23.930497116610056,-24.766593211596494,-7.68690336063581,5.05,5.57027271239731,6.50624016506949,5.75137418038977,3.8866000475452935,7.4435633657235485,1.788279577462271,21.98719709283741,-21.04481152873472,-8.581043149366945,0.9065983408413776,0.5202727123973103,0.10302429946421506
2.33,20.043897069064762,-17.323029845872945,-9.475182938098081,15.697396185895684,-10.207813731837877,-12.350308698032764,5.33,6.92605864731752,6.86698219402384,6.07026225375791,4.346500883169078,7.115216114035068,2.875125759934683,17.870646627480223,-13.765421788855411,-10.912745818065423,0.7695574453870334,1.5960586473175198,0.29944815141052
2.34,20.043897069064762,-17.323029845872945,-9.475182938098081,15.379494049307791,-6.894401478891754,-16.690564496119343,5.49,10.6995288843334,7.07312049628346,6.25248400996828,4.664403019756971,10.42862836698119,7.215381558021262,17.711695559186275,-12.10871566238235,-13.082873717108711,0.5131067039339957,5.2095288843334,0.9489123649152071
2.35,20.043897069064762,-17.323029845872945,-9.475182938098081,14.946598969993616,-5.598786034562569,-17.75669631791831,5.91,11.9914059775467,7.61423353971499,6.7308161200205,5.097298099071146,11.724243811310377,8.281513379820227,17.49524801952919,-11.460907940217757,-13.615939628008196,0.49285296574674586,6.0814059775467,1.0290027033024867
2.36,20.043897069064762,-17.323029845872945,-9.475182938098081,17.030575727670154,-12.618930925432121,-10.986784146406347,4.42,4.40254972075122,5.69457059992221,5.03387601531144,3.013321341394608,4.704098920440824,1.5116012083082655,18.537236398367458,-14.970980385652533,-10.230983542252215,1.0039636754498342,0.017450279248779843,0.003948026978468737
2.37,20.043897069064762,-17.323029845872945,-9.475182938098081,16.353595435859468,-11.248757565586354,-11.820816517864252,4.84,5.82294346430511,6.23568364335373,5.51220812536366,3.6903016332052943,6.074272280286591,2.3456335797661705,18.198746252462115,-14.285893705729649,-10.647999727981166,0.8311947434898191,0.9829434643051105,0.2030874925830626
2.38,20.043897069064762,-17.323029845872945,-9.475182938098081,15.79380115798159,-9.563791117570913,-13.605242146268681,5.25,7.7554512113315,6.76391304289402,5.97915137565273,4.2500959110831715,7.759238728302032,4.1300592081706,17.918849113523176,-13.44341048172193,-11.540212542183381,0.6769432050133041,2.5054512113314997,0.4772288020674802
2.39,20.043897069064762,-17.323029845872945,-9.475182938098081,21.431054406361667,-19.595746041204592,-10.927026678628271,2.19,1.78546288397214,2.82151801217865,2.49416028812942,1.3871573372969053,2.272716195331647,1.4518437405301903,20.737475737713215,-18.45938794353877,-10.201104808363176,1.226572682318273,0.4045371160278599,0.18472014422061175
2.40,20.043897069064762,-17.323029845872945,-9.475182938098081,17.873887334631334,-13.336296244688683,-10.967863332256778,3.24,3.65652278816121,4.17430062075745,3.68999056325997,2.170009734433428,3.9867336011842625,1.4926803941586968,18.958892201848048,-15.329663045280814,-10.22152313517743,0.8860877360327465,0.4165227881612097,0.1285564160594609
2.41,20.043897069064762,-17.323029845872945,-9.475182938098081,23.66540106604061,-22.117760761706656,-13.396267402692896,4.62,4.12577160210662,5.95224347774674,5.2616532105744,3.6215039969758465,4.794730915833711,3.9210844645948146,21.854649067552685,-19.7203953037898,-11.43572517039549,1.1197905372467143,0.49422839789338013,0.10697584367671088
2.42,20.043897069064762,-17.323029845872945,-9.475182938098081,23.832301189594595,-22.185804963562898,-13.69985879640957,4.08,4.29330914614208,5.2565267076205,4.64665478336441,3.788404120529833,4.862775117689953,4.224675858311489,21.93809912932968,-19.75441740471792,-11.587520867253826,0.9503159125440401,0.21330914614207952,0.05228165345338183
2.43,20.043897069064762,-17.323029845872945,-9.475182938098081,20.47331794211258,-17.699987954433393,-12.51699017364828,2.03,1.97830428133025,2.61537970991902,2.31193853191905,0.4294208730478175,0.37695810856044787,3.0418072355501984,20.25860750558867,-17.511508900153167,-10.99608655587318,1.0261313277899076,0.05169571866974976,0.025465871253341817
2.44,20.043897069064762,-17.323029845872945,-9.475182938098081,21.91055412841363,-19.773875223024373,-13.351927370653371,3.27,2.85236744689391,4.21295155243113,3.72415714254941,1.8666570593488672,2.4508453771514276,3.8767444325552898,20.977225598739196,-18.548452534448657,-11.413555154375725,1.146416112136764,0.41763255310609004,0.12771637705760663
2.45,20.043897069064762,-17.323029845872945,-9.475182938098081,21.91055412841363,-19.859327799455706,-13.62923134457935,3.24,2.99015479211988,4.17430062075745,3.68999056325997,1.8666570593488672,2.5362979535827606,4.1540484064812695,20.977225598739196,-18.591178822664325,-11.552207141338716,1.0835559441454319,0.24984520788012032,0.07711271845771839
2.46,20.043897069064762,-17.323029845872945,-9.475182938098081,20.239041585726646,-17.737253132870944,-11.635497138828654,1.74,1.39589410012998,2.24175403707345,1.98166159878776,0.19514451666188393,0.4142232869979985,2.160314200730573,20.141469327395704,-17.530141489371942,-10.555340038463367,1.246512897068241,0.34410589987001994,0.19776201130589535
2.47,20.043897069064762,-17.323029845872945,-9.475182938098081,21.431054406361667,-19.27201214138552,-10.712457482270333,1.59,1.61520624572351,2.04849937870505,1.81082870234054,1.3871573372969053,1.9489822955125753,1.2372745441722515,20.737475737713215,-18.297520993629234,-10.093820210184207,0.9843944098317837,0.025206245723509824,0.01585298472179675
2.48,20.043897069064762,-17.323029845872945,-9.475182938098081,19.51741240145528,-16.503609152972498,-11.119364979625622,1.17,1.43219134951895,1.50738633527353,1.33249659228832,0.5264846676094805,0.8194206929004473,1.6441820415275412,19.780654735260022,-16.91331949942272,-10.297273958861851,0.8169299441558937,0.26219134951895007,0.22409517033748283
3.1,54.02700454685316,-20.12756814617139,-27.127244338499512,55.66551909743153,-21.556351888160354,-25.43289006183358,1.85,1.9855884978248,2.38347411987694,2.10693905618239,1.638514550578364,1.428783741988962,1.6943542766659334,54.846261822142345,-20.841960017165874,-26.280067200166545,0.9317136965161462,0.13558849782479987,0.07329107986568043
3.2,54.02700454685316,-20.12756814617139,-27.127244338499512,51.11068922773383,-7.527396044795632,-28.221164634274842,4.96,8.2817780909383,6.39028737004845,5.64887444252144,2.9163153191193345,12.60017210137576,1.0939202957753302,52.568846887293496,-13.82748209548351,-27.674204486387175,0.598905204285562,3.3217780909382997,0.6697133246509247
3.3,54.02700454685316,-20.12756814617139,-27.127244338499512,52.95417086173656,-13.197516956121092,-27.13683495573378,5.16,4.08400074319899,6.64796024787298,5.8766516377844,1.0728336851166063,6.9300511900503,0.009590617234266574,53.49058770429486,-16.66254255114624,-27.132039647116645,1.263466958797543,1.0759992568010102,0.20852698771172154
3.4,54.02700454685316,-20.12756814617139,-27.127244338499512,49.03181763784961,-15.502508337462418,-30.503537554672032,6.2,5.90999544093364,7.98785921256056,7.06109305315179,4.99518690900355,4.625059808708974,3.3762932161725203,51.52941109235139,-17.815038241816904,-28.815390946585772,1.0490701830340965,0.29000455906636,0.046774928874126626
3.5,54.02700454685316,-20.12756814617139,-27.127244338499512,50.80663014024445,-17.34559679786124,-29.431297208287987,5.21,3.75415734096937,6.71237846732912,5.93359593660014,3.2203744066087125,2.781971348310151,2.3040528697884746,52.41681734354881,-18.736582472016316,-28.279270773393748,1.3877947899932501,1.4558426590306301,0.2794323721211512
3.6,54.02700454685316,-20.12756814617139,-27.127244338499512,57.019903764718066,-8.797433341923288,-22.812723721202268,6.71,7.3734486355818,8.64492505101312,7.64192490107234,2.9928992178649025,11.330134804248104,4.314520617297244,55.523454155785615,-14.46250074404734,-24.96998402985089,0.9100219355580452,0.6634486355818003,0.09887461035513051
3.7,54.02700454685316,-20.12756814617139,-27.127244338499512,56.282166934244216,-27.269586463725847,-26.01557788976978,5.12,4.29973045305797,6.59642567230808,5.8310961987318,2.255162387391053,7.142018317554456,1.111666448729732,55.15458574054869,-23.69857730494862,-26.571411114134648,1.1907723181037735,0.82026954694203,0.16020889585582443
3.8,54.02700454685316,-20.12756814617139,-27.127244338499512,56.05978916665818,-11.470825502065463,-24.22422079184725,5.39,5.30500318259983,6.9442840573712,6.1385954123368,2.032784619805014,8.656742644105929,2.9030235466522605,55.04339685675567,-15.799196824118427,-25.675732565173384,1.0160220104415647,0.08499681740017007,0.015769353874656906
3.9,54.02700454685316,-20.12756814617139,-27.127244338499512,53.328718773637206,-14.018252356132631,-27.01000886538567,4.85,3.50100719381047,6.24856728724495,5.52359698512681,0.6982857732159573,6.10931579003876,0.11723547311384053,53.677861660245185,-17.07291025115201,-27.06862660194259,1.3853156335094474,1.3489928061895298,0.2781428465796674
3.10,54.02700454685316,-20.12756814617139,-27.127244338499512,49.05211201230337,-15.991741361716604,-30.229056879966933,7.59,5.72640720110565,9.77868571344107,8.64414456022937,4.974892534549795,4.135826784454787,3.101812541467421,51.539558279578266,-18.059654753944,-28.67815060923322,1.3254384000510984,1.8635927988943495,0.24553264804332237
3.11,54.02700454685316,-20.12756814617139,-27.127244338499512,51.77942493411341,-9.730428529195867,-26.97248416689284,6.34,6.55963830415624,8.16823022703773,7.22053708983587,2.247579612739756,10.397139616975524,0.15476017160667155,52.903214740483286,-14.92899833768363,-27.049864252696175,0.9665167048945987,0.21963830415624042,0.03464326563432132
3.12,54.02700454685316,-20.12756814617139,-27.127244338499512,52.113697854476214,-11.906435015038685,-27.195203033953554,5.82,5.11701576639979,7.49828074469395,6.62831638215217,1.913306692376949,8.221133131132706,0.06795869545404187,53.07035120066469,-16.01700158060504,-27.161223686226535,1.1373816819324423,0.7029842336002101,0.12078766898271863
3.13,54.02700454685316,-20.12756814617139,-27.127244338499512,56.45399001583223,-27.228607140254546,-26.160500987693382,5.27,4.3380389406837,6.78968033067648,6.00192909517902,2.426985468979069,7.101038994083154,0.96674335080613,55.2404972813427,-23.67808764321297,-26.643872663096445,1.2148346455263914,0.9319610593162997,0.17684270571906205
3.14,54.02700454685316,-20.12756814617139,-27.127244338499512,54.35076384757767,-27.65399163902532,-27.639242514476248,5.53,3.63598503699724,7.12465507184837,6.29803944902087,0.3237593007245039,7.5264234928539295,0.5119981759767356,54.188884197215415,-23.890779892598356,-27.38324342648788,1.5209083486894694,1.89401496300276,0.34249818492952294
3.15,54.02700454685316,-20.12756814617139,-27.127244338499512,50.74581242855109,-7.069577593145304,-27.75964887317095,7.44,8.69957816082339,9.58543105507267,8.47331166378215,3.281192118302073,13.057990553026087,0.6324045346714371,52.38640848770213,-13.598572869658348,-27.44344660583523,0.8552138806740269,1.2595781608233905,0.16929813987286185
3.16,54.02700454685316,-20.12756814617139,-27.127244338499512,46.756943133257266,-14.562670275624857,-32.63398729813068,8.04,8.40170580673891,10.3584496885463,9.15664324957104,7.270061413595897,5.564897870546535,5.506742959631165,50.391973840055215,-17.345119210898126,-29.880615818315093,0.9569485273567019,0.36170580673891095,0.044988284414667006
3.17,54.02700454685316,-20.12756814617139,-27.127244338499512,51.89085659313449,-24.56870437286979,-28.88601462191913,5.47,2.96910176064562,7.04735320850101,6.22970629044199,2.1361479537186767,4.441136226698397,1.7587702834196186,52.958930569993825,-22.34813625952059,-28.00662948020932,1.8423080241507992,2.5008982393543797,0.45720260308906346
3.18,54.02700454685316,-20.12756814617139,-27.127244338499512,56.9289620983364,-9.346322737300905,-23.21408364659625,6.65,6.96497784047628,8.56762318766576,7.57359174249346,2.9019575514832354,10.781245408870486,3.9131606919032613,55.47798332259478,-14.736945441736149,-25.17066399254788,0.9547769068839539,0.3149778404762795,0.04736508878630292
3.19,54.02700454685316,-20.12756814617139,-27.127244338499512,55.4835242745111,-27.088833319909522,-26.43679024974459,5.16,3.82226331819927,6.64796024787298,5.8766516377844,1.456519727657934,6.961265173738131,0.6904540887549224,54.75526441068213,-23.608200733040455,-26.78201729412205,1.3499854847993502,1.3377366818007301,0.25925129487237963
3.20,54.02700454685316,-20.12756814617139,-27.127244338499512,55.73628996441376,-11.982986796702733,-24.20678322604697,5.39,4.89140996646183,6.9442840573712,6.1385954123368,1.7092854175605936,8.144581349468659,2.920461112452543,54.88164725563346,-16.055277471437062,-25.66701378227324,1.1019317611598378,0.49859003353816966,0.09250278913648737
3.21,54.02700454685316,-20.12756814617139,-27.127244338499512,51.840206407207305,-25.549205690592714,-28.81145310612625,6.04,3.33139731207441,7.78172091030093,6.87887129694142,2.186798139645859,5.421637544421323,1.684208767626739,52.933605477030234,-22.838386918382053,-27.96934872231288,1.8130530322202643,2.7086026879255902,0.4484441535558189
3.22,54.02700454685316,-20.12756814617139,-27.127244338499512,48.27055002376915,-15.652706535497163,-30.80059875078154,5.74,6.57297337128714,7.39521159356413,6.53720550404698,5.756454523084017,4.474861610674228,3.673354412282027,51.148777285311155,-17.89013734083428,-28.963921544640527,0.8732729732636514,0.8329733712871397,0.14511731204564848
3.23,54.02700454685316,-20.12756814617139,-27.127244338499512,49.55940056881151,-2.664366381969707,-29.03491450765725,8.92,12.1938450124304,11.4922103509742,10.1588629087281,4.467603978041652,17.463201764201685,1.9076701691577362,51.79320255783234,-11.39596726407055,-28.08107942307838,0.7315165962971844,3.2738450124303995,0.36702298341517675
3.24,54.02700454685316,-20.12756814617139,-27.127244338499512,54.684587722261895,-25.677032947544586,-27.225559519453803,4.42,2.83172620979301,5.69457059992221,5.03387601531144,0.6575831754087318,5.549464801373194,0.09831518095429104,54.35579613455753,-22.902300546857987,-27.17640192897666,1.5608853649598429,1.58827379020699,0.3593379615039937
3.25,54.02700454685316,-20.12756814617139,-27.127244338499512,55.52396842844263,-26.69953907414946,-26.924500047395107,5.5,3.58525062016323,7.08600414017469,6.26387286973143,1.4969638815894655,6.571970927978068,0.2027442911044055,54.775486487647896,-23.413553610160427,-27.02587219294731,1.5340629097263867,1.91474937983677,0.3481362508161152
3.26,54.02700454685316,-20.12756814617139,-27.127244338499512,54.65424179708428,-27.01644876115189,-27.40363682838285,4.55,3.41563811103709,5.86205797050815,5.18193119223236,0.6272372502311185,6.888880614980497,0.27639248988333875,54.34062317196872,-23.57200845366164,-27.265440583441183,1.3321083354718672,1.1343618889629097,0.24931030521178008
3.27,54.02700454685316,-20.12756814617139,-27.127244338499512,49.914403043139615,-5.727224853096291,-28.354235271595265,9.02,9.93733707322326,11.6210467898865,10.2727515063595,4.112601503713549,14.4003432930751,1.2269909330957525,51.97070379499639,-12.927396499633842,-27.74073980504739,0.907687837559343,0.9173370732232602,0.10170034070083812
3.28,54.02700454685316,-20.12756814617139,-27.127244338499512,50.056380994360524,-26.291684707764105,-30.109944519581354,9.28,4.86965696805397,11.9560215310584,10.5688618602014,3.97062355249264,6.164116561592714,2.9827001810818423,52.04169277060684,-23.20962642696775,-28.618594429040435,1.9056783791903986,4.410343031946029,0.47525248183952334
3.29,54.02700454685316,-20.12756814617139,-27.127244338499512,51.840206407207305,-23.95682557346929,-28.785411723203303,4.91,2.81723791104272,6.32586915059232,5.5919301437057,2.186798139645859,3.8292574272978968,1.6581673847037912,52.933605477030234,-22.04219685982034,-27.95632803085141,1.7428418022529955,2.09276208895728,0.42622445794929853
3.30,54.02700454685316,-20.12756814617139,-27.127244338499512,56.231628481874026,-13.83777730079827,-24.37213921988213,4.44,4.04973562308757,5.72033788770466,5.05665373483774,2.2046239350208623,6.289790845373121,2.755105118617383,55.129316514363595,-16.982672723484832,-25.74969177919082,1.0963678650011528,0.3902643769124303,0.0878973821676876
3.31,54.02700454685316,-20.12756814617139,-27.127244338499512,57.65639470646465,-27.784822489877403,-25.48203399233269,5.4,5.31782904830462,6.95716770126242,6.14998427209995,3.6293901596114893,7.657254343706011,1.6452103461668237,55.84169962665891,-23.9561953180244,-26.3046391654161,1.01545197296369,0.08217095169537991,0.0152168429037339
3.32,54.02700454685316,-20.12756814617139,-27.127244338499512,57.19167131405726,-13.286441222918388,-23.75338140964034,5.14,4.84873670092222,6.62219296009053,5.8538739182581,3.1646667672040962,6.841126923253004,3.3738629288591717,55.60933793045521,-16.70700468454489,-25.440312874069924,1.0600699349095015,0.29126329907777926,0.05666601148270686
3.33,54.02700454685316,-20.12756814617139,-27.127244338499512,52.67068064941493,-23.063593395311166,-28.085278586420202,4.45,1.9392106831188,5.73322153159589,5.06804259460088,1.3563238974382301,2.9360252491397745,0.9580342479206898,53.34884259813405,-21.59558077074128,-27.606261462459855,2.294748083043969,2.5107893168812003,0.5642223182734781
3.34,54.02700454685316,-20.12756814617139,-27.127244338499512,51.01947756139272,-25.529040442241246,-29.625434303083598,6.89,3.90072666631957,8.8768306410552,7.84692437680901,3.0075269854604443,5.401472296069855,2.4981899645840855,52.52324105412294,-22.82830429420632,-28.376339320791555,1.7663375539036534,2.98927333368043,0.43385679727816734
3.35,54.02700454685316,-20.12756814617139,-27.127244338499512,51.66798701024575,-18.246070488233734,-28.443546571584744,4.56,2.64625196227608,5.87494161439938,5.19332005199551,2.3590175366074106,1.8814976579376577,1.3163022330852314,52.84749577854946,-19.186819317202563,-27.785395455042128,1.723191919470391,1.9137480377239195,0.41968158712812237
3.36,54.02700454685316,-20.12756814617139,-27.127244338499512,54.33053050522176,-25.432310431104554,-27.138600033516937,3.21,2.67372898669932,4.13564968908377,3.65582398397053,0.30352595836859564,5.3047422849331625,0.01135569501742495,54.17876752603746,-22.779939288637973,-27.132922186008223,1.2005704447862264,0.5362710133006798,0.16706262091389945
3.37,54.02700454685316,-20.12756814617139,-27.127244338499512,54.836307468262106,-27.89385989797871,-27.252821957316552,3.49,3.86663450910039,4.49639171803812,3.97471205733867,0.8093029214089427,7.766291751807319,0.1255776188170401,54.431656007557635,-24.01071402207505,-27.190033147908032,0.9025937131847998,0.37663450910039,0.10791819741904635
3.38,54.02700454685316,-20.12756814617139,-27.127244338499512,49.539112735005986,-16.225343295177996,-30.238738595566605,6.77,5.24536658468233,8.72222691436048,7.71025805965123,4.487891811847177,3.9022248509933952,3.1114942570670934,51.783058640929575,-18.176455720674696,-28.68299146703306,1.2906628906508242,1.5246334153176697,0.2252043449176463
3.39,54.02700454685316,-20.12756814617139,-27.127244338499512,49.95496888127539,-26.524673097205962,-30.54275072816157,8.26,5.02134236127401,10.6418898541533,9.40719816436029,4.072035665577772,6.397104951034571,3.4155063896620597,51.99098671406428,-23.326120621688677,-28.834997533330544,1.6449784547770414,3.23865763872599,0.39208930246173135
3.40,54.02700454685316,-20.12756814617139,-27.127244338499512,55.15994028623916,-24.591240718412287,-26.569160320409544,3.58,2.58965761221777,4.61234451305916,4.077211795207,1.1329357393859993,4.463672572240895,0.5580840180899678,54.59347241654616,-22.35940443229184,-26.84820232945453,1.3824221324577666,0.9903423877822299,0.2766319518172061
3.41,54.02700454685316,-20.12756814617139,-27.127244338499512,56.009245020596836,-15.729052140028067,-24.50433942664518,3.76,3.05199950614584,4.84425010310124,4.28221127094367,1.9822404737436727,4.398516006143325,2.622904911854331,55.018124783725,-17.92831014309973,-25.81579188257235,1.2319792290911167,0.70800049385416,0.18829800363453778
3.42,54.02700454685316,-20.12756814617139,-27.127244338499512,55.54419115307597,-16.88977095170796,-25.403314677325994,2.44,2.24627862963407,3.14360910945932,2.77888178220813,1.5171866062228077,3.2377971944634325,1.7239296611735178,54.78559784996457,-18.508669548939675,-26.26527950791275,1.0862410240314877,0.19372137036592996,0.07939400421579343
3.43,54.02700454685316,-20.12756814617139,-27.127244338499512,50.76608563943398,-25.69526491341828,-29.629941032088645,6.46,4.14099828878056,8.32283395373245,7.35720340699364,3.260918907419182,5.56769676724689,2.502696693589133,52.39654509314357,-22.911416529794835,-28.37859268529408,1.5600103037816826,2.31900171121944,0.3589785930124553
3.44,54.02700454685316,-20.12756814617139,-27.127244338499512,54.73516189959399,-29.289473715311154,-27.561114259834206,5.15,4.42282930061343,6.63507660398176,5.86526277802125,0.7081573527408267,9.161905569139762,0.4338699213346935,54.38108322322358,-24.708520930741273,-27.34417929916686,1.164413014565428,0.7271706993865701,0.14119819402822753
3.45,54.02700454685316,-20.12756814617139,-27.127244338499512,49.71155468902056,-17.032623519712075,-29.632338683891124,5.26,4.81476576715046,6.77679668678525,5.99054023541588,4.315449857832604,3.0949446264593163,2.505094345391612,51.86927961793686,-18.580095832941733,-28.379791511195318,1.0924726670598914,0.4452342328495398,0.08464529140017006
3.46,54.02700454685316,-20.12756814617139,-27.127244338499512,54.86664999703888,-26.46001358310224,-27.196471141182844,4.49,3.2354545321172,5.78475610716079,5.11359803365348,0.8396454501857136,6.332445436930847,0.06922680268333181,54.44682727194602,-23.293790864636815,-27.161857739841178,1.3877493730916712,1.2545454678828003,0.2794087901121139
4.1,20.043897069064762,2.6531209380629974,-21.62241478773269,15.114361244881835,11.319742614631451,-27.227069560356476,4.22,6.47568314145392,5.43689772209767,4.80609882004848,4.929535824182928,8.666621676568454,5.604654772623785,17.5791291569733,6.986431776347224,-24.42474217404458,0.6516686976751702,2.25568314145392,0.5345220713079142
4.2,20.043897069064762,2.6531209380629974,-21.62241478773269,27.953434729570674,-12.969677457758566,-20.87881030734835,6.37,14.7503998892509,8.20688115871142,7.25470366912531,7.909537660505912,15.622798395821563,0.7436044803843416,23.998665899317718,-5.158278259847784,-21.25061254754052,0.43185269873328486,8.3803998892509,1.3156043780118203
4.3,20.043897069064762,2.6531209380629974,-21.62241478773269,28.219510439286495,-13.07937753699931,-15.49281363588948,4.3,15.5896976407635,5.53996687322749,4.89720969815366,8.175613370221733,15.732498475062307,6.129601151843211,24.13170375417563,-5.213128299468156,-18.557614211811085,0.2758231813605325,11.2896976407635,2.6255110786367415
4.4,20.043897069064762,2.6531209380629974,-21.62241478773269,26.761927427271125,-9.570837554410073,-17.223968135092015,4.99,12.559690400078,6.42893830172213,5.68304102181088,6.718030358206363,12.22395849247307,4.398446652640676,23.402912248167944,-3.4588583081735376,-19.42319146141235,0.39730278698364313,7.5696904000780005,1.516972023759725
4.5,20.043897069064762,2.6531209380629974,-21.62241478773269,29.837136782870104,-14.520665122384314,-14.97300189532622,5.95,17.0008037106508,7.66576811527989,6.77637155907309,9.793239713805342,17.173786060447313,6.64941289240647,24.940516925967433,-5.933772092160658,-18.297708341529457,0.34998345377768303,11.0508037106508,1.8572779342510122
4.6,20.043897069064762,2.6531209380629974,-21.62241478773269,27.56922855220018,-11.088441473570077,-16.537650159386896,5.33,13.9530756790892,6.86698219402384,6.07026225375791,7.525331483135417,13.741562411633074,5.084764628345795,23.80656281063247,-4.21766026775354,-19.080032473559793,0.3819946313059721,8.6230756790892,1.6178378381747394
4.7,20.043897069064762,2.6531209380629974,-21.62241478773269,25.13979375335549,-6.868636038196457,-18.870306769188407,4.87,9.84301283691533,6.27433457502741,5.5463747046531,5.095896684290729,9.521756976259454,2.752108018544284,22.591845411210127,-2.10775755006673,-20.24636077846055,0.49476721001934876,4.97301283691533,1.0211525330378186
4.8,20.043897069064762,2.6531209380629974,-21.62241478773269,20.277557473064128,1.0291015792355251,-23.93576956612543,2.03,2.52622010399876,2.61537970991902,2.31193853191905,0.23366040399936594,1.6240193588274723,2.313354778392739,20.160727271064445,1.8411112586492613,-22.779092176929062,0.8035721020441313,0.4962201039987604,0.24444340086419558
4.9,20.043897069064762,2.6531209380629974,-21.62241478773269,21.68198599738041,-0.8124225894027004,-22.32783950673356,2.57,3.84273674893016,3.31109648004526,2.92693695912905,1.6380889283156463,3.465543527465698,0.7054247190008702,20.862941533222585,0.9203491743301485,-21.975127147233124,0.6687941868634921,1.2727367489301602,0.4952283067840202
4.10,20.043897069064762,2.6531209380629974,-21.62241478773269,20.199657512952783,1.1823116598474182,-22.23972852958176,1.44,1.6923230679115,1.85524472033665,1.63999580589332,0.15576044388802046,1.4708092782155793,0.6173137418490704,20.121777291008772,1.9177162989552077,-21.931071658657224,0.8509013594704503,0.25232306791150005,0.1752243525946359
4.11,20.043897069064762,2.6531209380629974,-21.62241478773269,20.745244516445375,0.05692965420733831,-23.858914450321688,2.5,3.37925930967299,3.22091097280668,2.84721494078701,0.7013474473806127,2.596191283855659,2.2364996625889972,20.39457079275507,1.3550252961351679,-22.74066461902719,0.7398070908923876,0.8792593096729902,0.35170372372851455
4.12,20.043897069064762,2.6531209380629974,-21.62241478773269,21.24267046642182,-0.07105945761093357,-25.53413775107225,3.34,4.21044606970477,4.30313705966972,3.80387916089145,1.1987733973570585,2.724180395673931,3.9117229633395603,20.64328376774329,1.291030740226032,-23.578276269402473,0.7932651182113182,0.8704460697047702,0.2606125956419634
4.13,20.043897069064762,2.6531209380629974,-21.62241478773269,24.060286142412266,-5.798916345268912,-21.065315015672216,5.4,8.64126506665325,6.95716770126242,6.14998427209995,4.016389073347504,8.45203728333191,0.5570997720604751,22.052091605738514,-1.5728977036029574,-21.343864901702453,0.6249085009802279,3.2412650666532503,0.6002342714912993
4.14,20.043897069064762,2.6531209380629974,-21.62241478773269,29.659476872880518,-14.597790632865564,-21.29785790985371,5.72,16.1721942060524,7.36944430578168,6.51442778452069,9.615579803815756,17.25091157092856,0.3245568778789796,24.85168697097264,-5.972334847401283,-21.4601363487932,0.3536935017454596,10.4521942060524,1.8273066790603312
4.15,20.043897069064762,2.6531209380629974,-21.62241478773269,26.761927427271125,-10.098004950217065,-21.10014548513217,5.49,12.587201917703,7.07312049628346,6.25248400996828,6.718030358206363,12.751125888280063,0.5222693026005203,23.402912248167944,-3.722442006077034,-21.36128013643243,0.4361572997285878,7.097201917703,1.2927508044463112
4.16,20.043897069064762,2.6531209380629974,-21.62241478773269,26.00452831719472,-8.437771766616226,-21.45140137371936,5.04,11.2086513367403,6.49335652117826,5.73998532062662,5.960631248129957,11.090892704679224,0.1710134140133306,23.02421269312974,-2.8923254142766144,-21.536908080726025,0.4496526699006127,6.168651336740299,1.223938757046897
4.17,20.043897069064762,2.6531209380629974,-21.62241478773269,19.87846236061725,4.145507970685053,-16.836421313384864,3.34,3.99605887996974,4.30313705966972,3.80387916089145,0.1654347084475134,1.4923870326220552,4.785993474347826,19.961179714841006,3.399314454374025,-19.229418050558778,0.8358235199951479,0.65605887996974,0.1964248143033878
4.18,20.043897069064762,2.6531209380629974,-21.62241478773269,18.27628893498683,7.625366361967339,-11.905441675901296,5.51,10.2965986506444,7.09888778406592,6.27526172949458,1.767608134077932,4.972245423904342,9.716973111831395,19.160093002025796,5.139243650015168,-16.763928231816994,0.5351281706138983,4.7865986506444,0.8687111887070217
4.19,20.043897069064762,2.6531209380629974,-21.62241478773269,19.30481182136115,6.851701032789426,-13.333251204449192,4.8,8.67541992644934,6.18414906778882,5.46665268631107,0.7390852477036134,4.198580094726428,8.289163583283498,19.674354445212956,4.752410985426211,-17.477832996090942,0.5532873382662005,3.8754199264493403,0.8073791511754086
4.20,20.043897069064762,2.6531209380629974,-21.62241478773269,19.0911152526718,6.221392629080391,-14.019336899372114,3.77,7.67984441597951,4.85713374699247,4.29360013070682,0.9527818163929638,3.5682716910173937,7.603077888360577,19.56750616086828,4.437256783571694,-17.8208758435524,0.49089536132591927,3.9098444159795096,1.0370940092685452
4.21,20.043897069064762,2.6531209380629974,-21.62241478773269,19.013438612397607,9.09328835967993,-10.842846146054852,5.6,12.1072882606604,7.21484057908696,6.37776146736291,1.030458456667155,6.440167421616932,10.77956864167784,19.528667840731185,5.8732046488714635,-16.23263046689377,0.4625313182418614,6.507288260660401,1.1620157606247117
4.22,20.043897069064762,2.6531209380629974,-21.62241478773269,22.992300886575443,-3.7120989602842935,-21.0535216977774,3.41,6.58895213023695,4.39332256690831,3.88360117923349,2.9484038175106804,6.365219898347291,0.5688930899552922,21.518098977820102,-0.5294890111106481,-21.337968242755046,0.517532975210709,3.17895213023695,0.9322440261890632
4.23,20.043897069064762,2.6531209380629974,-21.62241478773269,21.867587991359223,-0.5681240582563196,-21.857516225398854,3.06,3.55208483732537,3.94239503071537,3.4849910875233,1.8236909222944604,3.2212449963193173,0.2351014376661631,20.955742530211992,1.0424984399033388,-21.739965506565774,0.8614659106629436,0.4920848373253701,0.16081203828907126
4.24,20.043897069064762,2.6531209380629974,-21.62241478773269,21.506214063810084,-0.26764402048329305,-22.69646078797727,2.39,3.40190537170971,3.07919089000318,2.72193748339239,1.462316994745322,2.9207649585462905,1.0740460002445786,20.775055566437423,1.1927384587898522,-22.15943778785498,0.7025474662442772,1.0119053717097097,0.4233913687390453
4.25,20.043897069064762,2.6531209380629974,-21.62241478773269,16.045749984835844,7.699565292032751,-17.222289651785516,5.38,7.6842956294771,6.93140041347997,6.12720655257365,3.9981470842289184,5.046444353969753,4.4001251359471745,18.044823526950303,5.1763431150478745,-19.422352219759105,0.7001292322307449,2.3042956294771004,0.4283077377414113
4.26,20.043897069064762,2.6531209380629974,-21.62241478773269,17.36668658587552,5.442753510870036,-18.767229038251244,3.26,4.53589470173787,4.20006790853991,3.71276828278627,2.677210483189242,2.7896325728070384,2.8551857494814463,18.70529182747014,4.047937224466517,-20.19482191299197,0.718711569303463,1.2758947017378706,0.39137874274432266
4.27,20.043897069064762,2.6531209380629974,-21.62241478773269,21.535506883593975,-0.43086532410036016,-22.7890168531097,3.03,3.58361849528652,3.90374409904169,3.45082450823386,1.4916098145292125,3.0839862621633576,1.1666020653770097,20.78970197632937,1.1111278069813186,-22.205715820421197,0.8455141090324764,0.5536184952865204,0.18271237462171883
4.28,20.043897069064762,2.6531209380629974,-21.62241478773269,14.951493184138759,10.210747367256467,-17.233101431602694,5.86,10.0421679980628,7.54981532025885,6.67387182120476,5.092403884926004,7.557626429193469,4.389313356129996,17.497695126601762,6.431934152659732,-19.427758109667693,0.5835393314020333,4.182167998062799,0.7136805456227164
4.29,20.043897069064762,2.6531209380629974,-21.62241478773269,22.992300886575443,-3.850363481980257,-19.333825063543543,3.0,6.66866171903691,3.86509316736801,3.41665792894442,2.9484038175106804,6.503484420043254,2.2885897241891477,21.518098977820102,-0.5986212719586297,-20.47811992563812,0.4498653741853613,3.66866171903691,1.222887239271341
4.30,20.043897069064762,2.6531209380629974,-21.62241478773269,22.16077431986706,-0.9146462641191622,-22.090192653098363,3.17,3.99542448909524,4.08411511351887,3.61026854491793,2.116877250802297,3.56776720218216,0.46777786536567234,21.10233569446591,0.8692373369719176,-21.856303720415525,0.7934075610385107,0.8254244890952402,0.26038627408039555
4.31,20.043897069064762,2.6531209380629974,-21.62241478773269,16.59460382481703,5.984530135606791,-17.07682227519438,4.39,6.08653122476367,5.65591966824853,4.999709436022,3.449293244247734,3.3314091975437936,4.54559251253831,18.319250446940895,4.318825536834894,-19.349618531463534,0.7212646805158207,1.6965312247636701,0.38645358186269174
4.32,20.043897069064762,2.6531209380629974,-21.62241478773269,13.938642850611462,14.541680428041659,-19.201601181252826,6.59,12.3901031688443,8.4903213243184,7.50525858391457,6.1052542184533,11.888559489978661,2.4208136064798644,16.991269959838114,8.597400683052328,-20.41200798449276,0.5318761199696138,5.8001031688443,0.880137051284395
4.33,20.043897069064762,2.6531209380629974,-21.62241478773269,14.568729738794595,12.807592731145235,-18.273807065522806,5.63,11.5448213676718,7.25349151076064,6.41192804665235,5.4751673302701676,10.154471793082237,3.3486077222098842,17.30631340392968,7.730356834604116,-19.94811092662775,0.487664539815025,5.9148213676718,1.0505899407852948
4.34,20.043897069064762,2.6531209380629974,-21.62241478773269,14.673925145660178,10.555796404208312,-16.687708625933475,5.04,10.6580618478352,6.49335652117826,5.73998532062662,5.369971923404584,7.902675466145315,4.934706161799216,17.35891110736247,6.604458671135655,-19.15506170683308,0.4728814742758143,5.618061847835199,1.114694810857243
4.35,20.043897069064762,2.6531209380629974,-21.62241478773269,21.281705865901863,-1.157169991051088,-21.669726249764455,3.0,3.95475251892124,3.86509316736801,3.41665792894442,1.2378087968371005,3.8102909291140854,0.047311462031764506,20.662801467483312,0.7479754735059547,-21.646070518748573,0.7585809693244082,0.9547525189212398,0.31825083953432964
4.36,20.043897069064762,2.6531209380629974,-21.62241478773269,22.121675556225426,-0.39083994046040793,-23.255548465782894,3.24,3.82553224253005,4.17430062075745,3.68999056325997,2.077778487160664,3.0439608785234054,1.6331336780502035,21.082786312645094,1.1311404988012947,-22.438981626757794,0.8469409728488541,0.58553224253005,0.1807198278855957
4.37,20.043897069064762,2.6531209380629974,-21.62241478773269,19.557510758991157,3.61745348446163,-18.503286028910072,3.11,2.57061074927762,4.00681325017151,3.54193538633904,0.48638631007360544,0.9643325463986328,3.119128758822619,19.80070391402796,3.135287211262314,-20.06285040832138,1.2098292204154701,0.5393892507223801,0.17343705805432252
4.38,20.043897069064762,2.6531209380629974,-21.62241478773269,18.092233465274767,4.5657750825400525,-21.543341135583038,3.09,2.36802810013516,3.98104596238905,3.51915766681275,1.9516636037899957,1.912654144477055,0.07907365214965267,19.068065267169764,3.609448010301525,-21.582877961657864,1.3048831635565257,0.7219718998648399,0.23364786395831458
4.39,20.043897069064762,2.6531209380629974,-21.62241478773269,22.7573974726577,-2.8354595257724933,-25.294557790027117,4.45,6.60720896211634,5.73322153159589,5.06804259460088,2.7135004035929384,5.488580463835491,3.672143002294426,21.40064727086123,-0.09116929385474792,-23.458486288879904,0.6735067749243886,2.15720896211634,0.4847660587936121
4.40,20.043897069064762,2.6531209380629974,-21.62241478773269,21.828509517666348,-1.230137105850737,-26.06872689899098,4.12,5.42062348944487,5.3080612831854,4.692210222417,1.7846124486015853,3.8832580439137345,4.44631211125829,20.936203293365555,0.7114919161061302,-23.845570843361834,0.7600601678501511,1.3006234894448703,0.3156853128954332
4.41,20.043897069064762,2.6531209380629974,-21.62241478773269,21.535506883593975,-0.4749423388844265,-25.984207212503573,3.53,4.75257577995784,4.54792629360303,4.02026749639126,1.4916098145292125,3.128063276947424,4.361792424770883,20.78970197632937,1.0890892995892854,-23.803311000118132,0.7427551211584382,1.22257577995784,0.3463387477652978
4.42,20.043897069064762,2.6531209380629974,-21.62241478773269,15.795762105611608,7.615690471964753,-23.284055576406793,3.63,5.04172355024227,4.6767627325153,4.13415609402274,4.248134963453154,4.962569533901756,1.6616407886741023,17.919829587338185,5.134405705013876,-22.45323518206974,0.7199918764101169,1.4117235502422698,0.3889045591882549
4.43,20.043897069064762,2.6531209380629974,-21.62241478773269,16.59460382481703,5.516952589947027,-21.648397397997176,3.85,3.68978667718273,4.96020289812228,4.384711008812,3.449293244247734,2.8638316518840297,0.025982610264485118,18.319250446940895,4.085036764005013,-21.635406092864933,1.0434207545830745,0.16021332281726997,0.04161385007159899
4.44,20.043897069064762,2.6531209380629974,-21.62241478773269,15.690072068451542,8.109747754318025,-23.637852250233927,4.32,5.31830367286069,5.56573416100994,4.91998741767996,4.35382500061322,5.456626816255028,2.015437462501236,17.866984568758152,5.381434346190511,-22.630133518983307,0.8122890803006748,0.9983036728606898,0.2310888131087039
4.45,20.043897069064762,2.6531209380629974,-21.62241478773269,15.21980417659923,12.742311226858538,-28.719007980411604,4.72,6.81775308704057,6.08107991665901,5.37554180820588,4.824092892465533,10.08919028879554,7.096593192678913,17.631850622831998,7.697716082460768,-25.17071138407215,0.6923101994232727,2.0977530870405703,0.4444392132618922
4.46,20.043897069064762,2.6531209380629974,-21.62241478773269,24.12893310039248,-5.445810075378504,-19.699661580250762,3.76,8.34895844552828,4.84425010310124,4.28221127094367,4.085036031327718,8.0989310134415,1.9227532074819287,22.08641508472862,-1.3963445686577534,-20.661038183991728,0.45035557717543895,4.588958445528281,1.220467671358461
4.47,20.043897069064762,2.6531209380629974,-21.62241478773269,19.05227550172973,4.643317169489403,-15.168605085685726,4.35,5.5024783835713,5.60438509268362,4.9541539969694,0.9916215673350308,1.9901962314264052,6.453809702046964,19.548086285397247,3.6482190537762,-18.39550993670921,0.790552855636326,1.1524783835713004,0.26493755938077307
4.48,20.043897069064762,2.6531209380629974,-21.62241478773269,17.221773710923898,4.971749195028546,-21.32101086889403,2.5,3.11353482535159,3.22091097280668,2.84721494078701,2.822123358140864,2.3186282569655488,0.301403918838659,18.63283538999433,3.812435066545772,-21.47171282831336,0.8029458925081225,0.6135348253515902,0.2454139300424705
5.1,50.68720611576005,-23.386520281352187,-15.163931924496543,53.48117974846413,-11.162689804723014,-5.120275602877156,7.65,9.42553879496782,9.85598757678844,8.71247771880826,2.7939736327040805,12.223830476629173,10.043656321619387,52.08419293211209,-17.2746050430376,-10.14210376368685,0.811624689643484,1.7755387949678205,0.23209657447525803
5.2,50.68720611576005,-23.386520281352187,-15.163931924496543,52.07364378997464,-23.73955673187622,-14.708074455324649,1.66,1.43029310590535,2.13868488594363,1.89055072068258,1.3864376742145907,0.35303645052403354,0.4558574691718942,51.380424952867344,-23.563038506614205,-14.936003189910597,1.160601272554305,0.22970689409464984,0.13837764696160976
5.3,50.68720611576005,-23.386520281352187,-15.163931924496543,55.31393616370981,-36.284536164033824,-17.910523611876084,7.33,7.18505103261488,9.44371097226918,8.34803420638752,4.6267300479497635,12.898015882681637,2.7465916873795404,53.00057113973493,-29.835528222693007,-16.537227768186312,1.0201736864090434,0.14494896738511986,0.01977475680291202
5.4,50.68720611576005,-23.386520281352187,-15.163931924496543,47.683757659691636,-15.383741102480752,-13.40875945824438,4.22,5.52353850364435,5.43689772209767,4.80609882004848,3.003448456068412,8.002779178871435,1.755172466252164,49.18548188772584,-19.38513069191647,-14.28634569137046,0.764003002142866,1.3035385036443499,0.3088953799373115
5.5,50.68720611576005,-23.386520281352187,-15.163931924496543,47.47793702496022,-22.627096805837297,-17.1849811916853,3.07,3.48369304140725,3.9552786746066,3.49637994728645,3.209269090799829,0.7594234755148896,2.021049267188756,49.08257157036013,-23.006808543594744,-16.17445655809092,0.8812487100983541,0.41369304140724994,0.1347534336392497
5.6,50.68720611576005,-23.386520281352187,-15.163931924496543,49.09616480618695,-31.864386332071476,-22.62612292169277,8.4,4.83878839759487,10.8222608686304,9.56664220104437,1.5910413095731002,8.477866050719289,7.462190997196226,49.8916854609735,-27.625453306711833,-18.895027423094657,1.7359717574009366,3.5612116024051303,0.42395376214061625
5.7,50.68720611576005,-23.386520281352187,-15.163931924496543,51.81787919614709,-16.298771262812263,-8.914384788235274,5.85,5.0030766243613,7.53693167636763,6.66248296144161,1.1306730803870408,7.087749018539924,6.249547136261269,51.25254265595357,-19.842645772082225,-12.03915835636591,1.169280512384225,0.8469233756387,0.14477322658015843
5.8,50.68720611576005,-23.386520281352187,-15.163931924496543,53.12670523514443,-31.691356896149657,-15.504817765151667,5.63,4.64747310877115,7.25349151076064,6.41192804665235,2.4394991193843794,8.30483661479747,0.3408858406551243,51.90695567545224,-27.538938588750923,-15.334374844824104,1.211410989805002,0.9825268912288498,0.17451632167927772
5.9,50.68720611576005,-23.386520281352187,-15.163931924496543,54.25934739616042,-33.8446803781095,-17.276664572215417,6.77,5.83565665056806,8.72222691436048,7.71025805965123,3.5721412804003734,10.458160096757315,2.1127326477188735,52.473276755960235,-28.615600329730846,-16.22029824835598,1.1601093765824757,0.9343433494319395,0.13801231156483415
5.10,50.68720611576005,-23.386520281352187,-15.163931924496543,46.79216713406788,-8.9482273867742,-13.744890267964305,9.27,10.2394086131562,11.9431378871672,10.5574730004382,3.895038981692167,14.438292894577987,1.4190416565322383,48.739686624913965,-16.16737383406319,-14.454411096230423,0.9053257223453341,0.969408613156201,0.1045748234144149
5.11,50.68720611576005,-23.386520281352187,-15.163931924496543,48.62516047957216,-23.669649097317002,-15.564223161953073,3.33,2.07436398460447,4.2902534157785,3.7924903011283,2.0620456361878894,0.2831288159648153,0.40029123745653017,49.656183297666104,-23.528084689334595,-15.36407754322481,1.6053113258373686,1.2556360153955302,0.37706787237791656
5.12,50.68720611576005,-23.386520281352187,-15.163931924496543,50.68720611576005,-29.487516540700476,-19.90218855872985,5.07,3.22130892185565,6.53200745285194,5.77415189991606,0.0,6.100996259348289,4.7382566342333075,50.68720611576005,-26.43701841102633,-17.533060241613196,1.5738943769185318,1.8486910781443502,0.3646333486745003
5.13,50.68720611576005,-23.386520281352187,-15.163931924496543,53.22516196893939,-12.024196030672563,-6.547643833454586,9.27,8.33749933327247,11.9431378871672,10.5574730004382,2.5379558531793407,11.362324250679624,8.616288091041957,51.95618404234972,-17.705358156012373,-10.855787878975566,1.111844166738863,0.9325006667275293,0.10059338367065113
5.14,50.68720611576005,-23.386520281352187,-15.163931924496543,51.4343250530371,-30.73730772468869,-16.363669326189665,5.37,3.50313428172899,6.91851676958874,6.11581769281051,0.747118937277051,7.350787443336504,1.1997374016931222,51.060765584398574,-27.06191400302044,-15.763800625343105,1.5329129763808813,1.86686571827101,0.3476472472855424
5.15,50.68720611576005,-23.386520281352187,-15.163931924496543,53.25469987519382,-36.038694369904704,-18.58287711468001,8.03,6.02245832964391,10.345566044655,9.14525438980789,2.5674937594337734,12.652174088552517,3.418945190183466,51.970952995476935,-29.712607325628447,-16.873404519588277,1.3333425586593386,2.0075416703560895,0.2500051893033729
5.16,50.68720611576005,-23.386520281352187,-15.163931924496543,47.28195498746138,-12.90422069265118,-13.230544331705897,7.22,7.22326332617605,9.30199088946569,8.2227567489929,3.4052511282986657,10.482299588701007,1.9333875927906465,48.98458055161072,-18.145370487001685,-14.197238128101219,0.9995482198241655,0.0032633261760501853,0.00045198423484739625
5.17,50.68720611576005,-23.386520281352187,-15.163931924496543,46.89010532339891,-19.68731975078447,-19.554673785498224,8.22,5.30557805044185,10.5903552785884,9.3616427253077,3.7971007923611353,3.6992005305677154,4.390741861001681,48.78865571957948,-21.53692001606833,-17.359302854997384,1.5493128025448846,2.9144219495581503,0.3545525485649145
5.18,50.68720611576005,-23.386520281352187,-15.163931924496543,49.429911492399384,-31.085603647719505,-21.186074727861627,8.86,4.18685505802254,11.4149084876269,10.0905297501492,1.2572946233606643,7.699083366367319,6.0221428033650835,50.058558804079716,-27.236061964535846,-18.175003326179084,2.1161468154735807,4.673144941977459,0.5274429956489861
5.19,50.68720611576005,-23.386520281352187,-15.163931924496543,51.02138999037825,-21.477871325784825,-12.611695765424024,3.34,1.6043831399969,4.30313705966972,3.80387916089145,0.33418387461820487,1.9086489555673616,2.5522361590725193,50.85429805306915,-22.432195803568504,-13.887813844960284,2.081796993905493,1.7356168600031,0.5196457663124114
5.20,50.68720611576005,-23.386520281352187,-15.163931924496543,55.71821077372577,-33.40447224501253,-14.585702468145389,7.47,6.93556772179585,9.62408198674635,8.5074782430716,5.031004657965724,10.017951963660341,0.5782294563511545,53.20270844474291,-28.39549626318236,-14.874817196320965,1.077056745541908,0.5344322782041502,0.07154381233368225
5.21,50.68720611576005,-23.386520281352187,-15.163931924496543,53.71754245329717,-33.54579683802539,-17.68755389144674,5.46,5.41377674250249,7.03446956460978,6.21831743067884,3.030336337537122,10.159276556673202,2.5236219669501967,52.20237428452861,-28.466158559688786,-16.425742907971642,1.0085380795491772,0.046223257497509884,0.008465798074916498
5.22,50.68720611576005,-23.386520281352187,-15.163931924496543,49.01765043713489,-15.328989656844094,-13.408672407514333,6.35,4.96580542120707,8.18111387092896,7.23192594959901,1.6695556786251586,8.057530624508093,1.7552595169822105,49.85242827644747,-19.35775496909814,-14.286302166005438,1.278745230653383,1.38419457879293,0.217983398200779
5.23,50.68720611576005,-23.386520281352187,-15.163931924496543,45.27540381067019,-19.422385932840513,-19.98416653968338,10.29,6.69610676215851,13.2572695640723,11.7191366962793,5.411802305089857,3.9641343485116742,4.820234615186836,47.98130496321512,-21.40445310709635,-17.574049232089962,1.5367138493990011,3.593893237841489,0.34926076166105235
5.24,50.68720611576005,-23.386520281352187,-15.163931924496543,51.52282713107694,-24.687863893757765,-15.452905318304433,2.97,1.05523890775631,3.82644223569433,3.38249134965497,0.8356210153168888,1.301343612405578,0.2889733938078898,51.10501662341849,-24.037192087554978,-15.308418621400488,2.814528516106747,1.9147610922436902,0.6447007042420839
5.25,50.68720611576005,-23.386520281352187,-15.163931924496543,51.316329804415574,-19.27093171648231,-10.604078332362942,3.91,3.13251475783028,5.03750476146964,4.45304416739089,0.6291236886555254,4.115588564869878,4.559853592133601,51.00176796008781,-21.32872599891725,-12.884005128429742,1.2481984287474013,0.7774852421697203,0.19884533042733374
5.26,50.68720611576005,-23.386520281352187,-15.163931924496543,56.71451367375816,-33.53851019648169,-13.30850384304072,8.34,7.89255553518165,10.7449590052831,9.49830904246548,6.027307557998114,10.151989915129501,1.8554280814558233,53.700859894759105,-28.462515238916936,-14.236217883768632,1.0566919626687632,0.44744446481835,0.053650415439412416
5.27,50.68720611576005,-23.386520281352187,-15.163931924496543,52.35897514725454,-27.751380461655316,-15.937731387787156,4.18,2.67890086998854,5.38536314653276,4.76054338099589,1.6717690314944917,4.364860180303129,0.7737994632906133,51.523090631507294,-25.568950371503753,-15.550831656141849,1.5603414240772335,1.5010991300114598,0.35911462431874286
5.28,50.68720611576005,-23.386520281352187,-15.163931924496543,48.223003180223614,-11.663809443009542,-12.848391906959122,8.33,7.69279001757038,10.7320753613919,9.48692018270233,2.4642029355364343,11.722710838342644,2.315540017537421,49.45510464799183,-17.525164862180866,-14.006161915727834,1.0828321038129725,0.6372099824296198,0.07649579620085523
5.29,50.68720611576005,-23.386520281352187,-15.163931924496543,47.105603927657896,-21.427792130086054,-18.284314173858384,6.46,4.29241949077222,8.32283395373245,7.35720340699364,3.5816021881021527,1.9587281512661328,3.1203822493618407,48.89640502170897,-22.40715620571912,-16.724123049177464,1.5049787217634796,2.16758050922778,0.3355387784662912
5.30,50.68720611576005,-23.386520281352187,-15.163931924496543,50.25486407796109,-27.658935137428397,-19.19421671003507,5.96,2.55631357153465,7.67865175917112,6.78776041883624,0.43234203779896063,4.27241485607621,4.030284785538528,50.47103509686057,-25.522727709390292,-17.17907431726581,2.331482359611504,3.40368642846535,0.5710883268278962
5.31,50.68720611576005,-23.386520281352187,-15.163931924496543,51.70968672612011,-17.981121618459717,-9.751345519082232,5.78,3.99911489635149,7.44674616912904,6.58276094309958,1.0224806103600628,5.40539866289247,5.412586405414311,51.19844642094008,-20.68382094990595,-12.457638721789387,1.4453198140988508,1.7808851036485103,0.30811160957446343
5.32,50.68720611576005,-23.386520281352187,-15.163931924496543,55.037902568957264,-32.01802651320129,-15.472186012225887,7.41,5.92216616043827,9.54678012339899,8.43914508449271,4.350696453197216,8.631506231849105,0.3082540877293436,52.862554342358656,-27.70227339727674,-15.318058968361214,1.2512313565684203,1.4878338395617305,0.2007872927612609
5.33,50.68720611576005,-23.386520281352187,-15.163931924496543,51.5719986932351,-29.301426519190986,-16.582199565539902,5.86,2.90360570050865,7.54981532025885,6.67387182120476,0.8847925774750536,5.9149062378387995,1.418267641043359,51.129602404497575,-26.343973400271587,-15.873065745018224,2.0181803600107524,2.9563942994913504,0.504504146584786
5.34,50.68720611576005,-23.386520281352187,-15.163931924496543,48.11513175018156,-17.019631159031267,-13.721493742225155,4.94,4.40902160100312,6.364520082266,5.62609672299514,2.5720743655784872,6.36688912232092,1.4424381822713883,49.401168932970805,-20.203075720191727,-14.442712833360849,1.1204299833222964,0.5309783989968802,0.10748550584805558
5.35,50.68720611576005,-23.386520281352187,-15.163931924496543,45.42207759313212,-17.288222190834617,-23.095059712410304,11.99,8.16204424525061,15.4474890255808,13.6552428560145,5.265128522627926,6.09829809051757,7.931127787913761,48.05464185444609,-20.337371236093404,-19.129495818453425,1.4689947319885988,3.8279557547493894,0.31926236483987713
5.36,50.68720611576005,-23.386520281352187,-15.163931924496543,50.06821824512055,-30.26135743240488,-20.806259744262114,7.26,3.72339686166775,9.35352546503059,8.26831218804549,0.6189878706395007,6.8748371510526916,5.642327819765571,50.3777121804403,-26.823938856878534,-17.98509583437933,1.9498324427330407,3.5366031383322496,0.48713541843596614
5.37,50.68720611576005,-23.386520281352187,-15.163931924496543,52.71326088226256,-14.180275663711384,-7.1701505479406125,7.22,6.85192952532104,9.30199088946569,8.2227567489929,2.0260547665025115,9.206244617640802,7.993781376555931,51.700233499011304,-18.783397972531787,-11.167041236218578,1.0537177844963308,0.3680704746789596,0.050979290114678714
5.38,50.68720611576005,-23.386520281352187,-15.163931924496543,53.569811871132984,-30.603324061084457,-15.993998888884796,5.37,4.43893904223845,6.91851676958874,6.11581769281051,2.8826057553729356,7.21680377973227,0.8300669643882532,52.128508993446516,-26.99492217121832,-15.57896540669067,1.2097485339835372,0.9310609577615505,0.17338192878736844
5.39,50.68720611576005,-23.386520281352187,-15.163931924496543,53.99334676257179,-31.39196015179524,-16.411726069545995,7.43,4.93099190059214,9.57254741118145,8.461922804019,3.306140646811741,8.005439870443052,1.2477941450494523,52.34027643916592,-27.38924021657371,-15.787828997021268,1.5067962284831513,2.4990080994078596,0.3363402555950901
5.40,50.68720611576005,-23.386520281352187,-15.163931924496543,48.94895543522354,-20.53043573854618,-13.910855781980235,2.64,2.31206645187964,3.40128198728385,3.00665897747109,1.7382506805365097,2.8560845428060055,1.2530761425163082,49.818080775491794,-21.958478009949182,-14.537393853238388,1.1418356927898523,0.32793354812036,0.12421725302884194
5.41,50.68720611576005,-23.386520281352187,-15.163931924496543,58.580347507762184,-39.35789052403843,-13.37060288671854,10.62,10.6865720776736,13.6824298124828,12.0949690684632,7.893141392002136,15.971370242686245,1.793329037778003,54.633776811761116,-31.372205402695307,-14.26726740560754,0.9937704927095888,0.06657207767360163,0.00626855721914624
5.42,50.68720611576005,-23.386520281352187,-15.163931924496543,49.00783695778988,-32.28956351312559,-23.07618173643302,8.41,5.07926438135792,10.8351445125217,9.57803106080751,1.6793691579701715,8.903043231773406,7.912249811936478,49.84752153677496,-27.838041897238888,-19.120056830464783,1.6557515748167988,3.3307356186420805,0.3960446632872813
5.43,50.68720611576005,-23.386520281352187,-15.163931924496543,51.83755184150908,-19.703796333041147,-10.939777210222523,5.81,3.01613549022567,7.48539710080272,6.61692752238902,1.150345725749034,3.6827239483110397,4.22415471427402,51.262378978634565,-21.545158307196665,-13.051854567359534,1.9263060352898749,2.7938645097743295,0.4808716883465504
5.44,50.68720611576005,-23.386520281352187,-15.163931924496543,58.580347507762184,-34.43612668454771,-12.259522195993554,10.29,9.64579910987207,13.2572695640723,11.7191366962793,7.893141392002136,11.049606403195522,2.904409728502989,54.633776811761116,-28.911323482949946,-13.71172706024505,1.0667856423011992,0.6442008901279284,0.06260455685766024
5.45,50.68720611576005,-23.386520281352187,-15.163931924496543,51.05088039732226,-24.133233256872945,-15.444471909166936,2.03,0.520929462675678,2.61537970991902,2.31193853191905,0.3636742815622114,0.746712975520758,0.28053998467039243,50.869043256541154,-23.759876769112566,-15.30420191683174,3.8968807517169815,1.5090705373243218,0.7433845007787869
5.46,50.68720611576005,-23.386520281352187,-15.163931924496543,48.379925309006225,-18.32490646653001,-14.644276745716024,4.95,3.66099716813923,6.37740372615722,5.63748558275829,2.3072808067538233,5.061613814822177,0.5196551787805195,49.53356571238314,-20.8557133739411,-14.904104335106283,1.3520906385086986,1.28900283186077,0.26040461244451824
5.47,50.68720611576005,-23.386520281352187,-15.163931924496543,45.823111037424425,-19.50762181552987,-20.35328911933252,7.68,6.36588555475707,9.89463850846211,8.74664429809771,4.864095078335623,3.878898465822317,5.189357194835976,48.25515857659224,-21.44707104844103,-17.75861052191453,1.206430736577489,1.3141144452429296,0.17110865170206002
5.48,50.68720611576005,-23.386520281352187,-15.163931924496543,49.55754474298766,-28.682361994312178,-19.67584432573002,5.29,3.14374987496741,6.81544761845893,6.02470681470532,1.1296613727723894,5.295841712959991,4.5119124012334755,50.122375429373854,-26.034441137832182,-17.41988812511328,1.6827038437248876,2.14625012503259,0.40571836004288686
6.1,42.763245421570275,-43.70661263394299,11.080605123325926,37.30676379216888,-30.155453161941903,13.071434966655959,7.23,7.46592890532694,9.31487453335691,8.23414560875604,5.456481629401395,13.551159472001086,1.990829843330033,40.03500460686958,-36.931032897942444,12.076020044990942,0.9683992562362864,0.23592890532694,0.032631937108479676
6.2,42.763245421570275,-43.70661263394299,11.080605123325926,45.32165661221964,-52.993360569692896,11.574497335393207,4.98,3.80741746987161,6.4160546578309,5.67165216204773,2.558411190649366,9.286747935749908,0.49389221206728173,44.04245101689496,-48.349986601817946,11.327551229359567,1.3079731965562362,1.1725825301283903,0.23545833933593008
6.3,42.763245421570275,-43.70661263394299,11.080605123325926,41.490579983872415,-48.73060791276534,8.49931366087472,3.97,2.68045918594738,5.114806624817,4.52137732596978,1.2726654376978601,5.023995278822355,2.5812914624512064,42.12691270272134,-46.218610273354166,9.789959392100322,1.4810895160545994,1.28954081405262,0.3248213636593951
6.4,42.763245421570275,-43.70661263394299,11.080605123325926,40.61322902516348,-49.590029773111304,-2.548018669438701,10.72,8.45658117424793,13.811266251395,12.2088576660947,2.150016396406798,5.883417139168316,13.628623792764627,41.688237223366876,-46.648321203527146,4.2662932269436125,1.2676517587718552,2.263418825752071,0.21113981581538535
6.5,42.763245421570275,-43.70661263394299,11.080605123325926,38.093118408916084,-41.43529957181657,8.343666271572891,5.03,4.4158246367097,6.48047287728704,5.72859646086347,4.670127012654191,2.271313062126417,2.7369388517530346,40.42818191524318,-42.57095610287978,9.712135697449408,1.1390850888972002,0.6141753632903004,0.12210245788632165
6.6,42.763245421570275,-43.70661263394299,11.080605123325926,39.16546230293239,-41.69650204524511,10.450153407325358,3.47,3.28562424535233,4.47062443025567,3.95193433781238,3.597783118637885,2.010110588697877,0.630451716000568,40.96435386225133,-42.701557339594046,10.765379265325642,1.0561158975656948,0.1843757546476703,0.053134223226091085
6.7,42.763245421570275,-43.70661263394299,11.080605123325926,37.39519889316728,-39.68692493822401,4.764321147203798,6.98,5.96419390654765,8.99278343607625,7.94942411467734,5.368046528402992,4.019687695718979,6.316283976122127,40.079222157368775,-41.696768786083496,7.922463135264862,1.1703174155969098,1.0158060934523503,0.1455309589264784
6.8,42.763245421570275,-43.70661263394299,11.080605123325926,38.41766256091736,-41.68169166967295,9.806559623828083,4.27,3.95211955037853,5.50131594155381,4.86304311886422,4.345582860652918,2.024920964270038,1.2740454994978432,40.59045399124382,-42.69415215180797,10.443582373577005,1.0804329030255653,0.31788044962146955,0.07444507015152799
6.9,42.763245421570275,-43.70661263394299,11.080605123325926,41.1553429266138,-49.633757014873545,1.2870858688368791,8.56,6.29236139913618,11.0283991708901,9.74886395725473,1.6079024949564769,5.927144380930557,9.793519254489047,41.95929417409204,-46.67018482440827,6.183845496081402,1.3603795865594663,2.2676386008638207,0.26491105147183525
6.10,42.763245421570275,-43.70661263394299,11.080605123325926,43.770318026036065,-49.82686272948375,8.285905751518852,5.15,2.93938533871855,6.63507660398176,5.86526277802125,1.0070726044657903,6.1202500955407615,2.7946993718070736,43.26678172380317,-46.766737681713366,9.683255437422389,1.7520669816272267,2.2106146612814506,0.42924556521402035
6.11,42.763245421570275,-43.70661263394299,11.080605123325926,45.48971950285816,-52.03332957295911,9.975117164621139,4.59,3.87166119263852,5.91359254607306,5.22748663128496,2.7264740812878827,8.326716939016123,1.1054879587047868,44.12648246221421,-47.86997110345105,10.527861143973531,1.1855376207871118,0.71833880736148,0.1565008294564225
6.12,42.763245421570275,-43.70661263394299,11.080605123325926,38.37831938396771,-37.336474059538716,14.09080207341782,5.64,5.04678535478807,7.26637515465187,6.4233169064155,4.384926037602568,6.3701385744042724,3.0101969500918937,40.57078240276899,-40.521543346740856,12.585703598371872,1.1175430699725681,0.5932146452119298,0.10517990161467197
6.13,42.763245421570275,-43.70661263394299,11.080605123325926,38.75214266696523,-33.326089103890595,14.891289812153941,7.38,6.12466922136987,9.50812919172531,8.40497850520326,4.011102754605048,10.380523530052393,3.8106846888280153,40.75769404426775,-38.51635086891679,12.985947467739933,1.2049630326230736,1.25533077863013,0.1700990214715489
6.14,42.763245421570275,-43.70661263394299,11.080605123325926,43.1679701167744,-51.24631416850356,10.258302964111888,3.9,2.64375217502002,5.02462111757842,4.44165530762774,0.40472469520412346,7.539701534560571,0.822302159214038,42.96560776917234,-47.47646340122327,10.669454043718908,1.4751760907753355,1.25624782497998,0.32211482683535003
6.15,42.763245421570275,-43.70661263394299,11.080605123325926,44.1753052568828,-52.07638111936086,6.424640304401786,5.89,4.27852379583607,7.58846625193253,6.7080384004942,1.412059835312526,8.369768485417872,4.65596481892414,43.46927533922654,-47.89149687665193,8.752622713863856,1.3766430385067865,1.61147620416393,0.27359528079632167
6.16,42.763245421570275,-43.70661263394299,11.080605123325926,40.69206841678004,-47.981433542323316,4.0435943398420715,7.32,4.80411533497433,9.43082732837795,8.33664534662438,2.0711770047902363,4.2748209083803275,7.037010783483854,41.72765691917516,-45.844023088133156,7.562099731583999,1.5236936434864796,2.51588466502567,0.34370009080354774
6.17,42.763245421570275,-43.70661263394299,11.080605123325926,37.18886337321194,-39.83452878242599,5.312808859884887,7.32,5.91795355581901,9.43082732837795,8.33664534662438,5.574382048358338,3.8720838515169973,5.7677962634410385,39.97605439739111,-41.77057070818449,8.196706991605407,1.2369140666143739,1.4020464441809901,0.19153639945211115
6.18,42.763245421570275,-43.70661263394299,11.080605123325926,37.79816432492366,-40.70450327114059,6.670177110646636,6.38,5.04581860224982,8.21976480260264,7.26609252888846,4.965081096646614,3.0021093628024005,4.41042801267929,40.28070487324697,-42.20555795254179,8.87539111698628,1.2644132700075432,1.3341813977501795,0.2091193413073762
6.19,42.763245421570275,-43.70661263394299,11.080605123325926,37.59174674267981,-39.830813530181395,6.3330009799310805,7.15,5.33233381988656,9.2118053822271,8.14303473065086,5.171498678890465,3.8757991037615938,4.747604143394845,40.177496082125046,-41.76871308206219,8.706803051628503,1.3408762917268433,1.8176661801134406,0.25421904613415686
6.20,42.763245421570275,-43.70661263394299,11.080605123325926,35.12799263556732,-36.79550554757458,-0.9599785179570608,9.54,9.88964804329599,12.2909962722303,10.8649722140432,7.635252786002958,6.9111070863684105,12.040583641282986,38.9456190285688,-40.25105909075879,5.060313302684433,0.9646450467468702,0.349648043295991,0.03665073828714258
6.21,42.763245421570275,-43.70661263394299,11.080605123325926,40.711779223916515,-49.87049316540934,-0.12579372831177382,9.73,7.15690006824697,12.5357855061636,11.0813605495431,2.0514661976537596,6.163880531466354,11.206398851637699,41.7375123227434,-46.78855289967616,5.477405697507076,1.3595271564304188,2.5730999317530303,0.26445014712112846
6.22,42.763245421570275,-43.70661263394299,11.080605123325926,44.03700545718422,-53.392947207753366,5.721260311998511,8.61,4.8049526227752,11.0928173903462,9.80580825607047,1.2737600356139467,9.686334573810377,5.359344811327415,43.40012543937725,-48.54977992084818,8.400932717662219,1.7919011224787507,3.805047377224799,0.44193349323842807
6.23,42.763245421570275,-43.70661263394299,11.080605123325926,44.195062853655095,-52.3720144579351,12.36706072962347,4.64,3.04426518093319,5.97801076552919,5.2844309301007,1.43181743208482,8.665401823992113,1.2864556062975439,43.47915413761268,-48.039313545939045,11.723832926474698,1.524177337617308,1.5957348190668097,0.3439083661040736
6.24,42.763245421570275,-43.70661263394299,11.080605123325926,38.71278734973013,-39.12949313902042,13.524914718149573,5.62,4.32431769260954,7.24060786686941,6.40053918688921,4.050458071840147,4.57711949492257,2.444309594823647,40.7380163856502,-41.4180528864817,12.30275992073775,1.2996269927866804,1.29568230739046,0.23054845323130096
6.25,42.763245421570275,-43.70661263394299,11.080605123325926,37.88664186622401,-35.65277934155464,14.954882103804634,6.38,5.97684207875566,8.21976480260264,7.26609252888846,4.876603555346264,8.053833292388347,3.874276980478708,40.32494364389714,-39.679695987748815,13.01774361356528,1.0674533331924374,0.4031579212443397,0.06319089673685718
6.26,42.763245421570275,-43.70661263394299,11.080605123325926,43.79007197326366,-50.98509538044704,9.307589209741396,4.84,2.92981179078949,6.23568364335373,5.51220812536366,1.0268265516933823,7.278482746504054,1.7730159135845298,43.27665869741696,-47.345854007195015,10.19409716653366,1.651983248058331,1.91018820921051,0.3946669852925296
6.27,42.763245421570275,-43.70661263394299,11.080605123325926,41.9738603810857,-47.28059184326136,10.437292131712084,3.38,1.5189694425547,4.35467163523463,3.84943459994404,0.789385040484575,3.5739792093183738,0.6433129916138416,42.36855290132799,-45.49360223860218,10.758948627519004,2.225192886099214,1.8610305574452999,0.5506007564777217
6.28,42.763245421570275,-43.70661263394299,11.080605123325926,40.21910912560931,-49.12148721264772,2.8075230709192933,7.34,5.72025428028193,9.45659461616041,8.35942306615067,2.5441362959609677,5.414874578704733,8.273082052406632,41.49117727358979,-46.41404992329535,6.9440640971226095,1.2831597406461936,1.61974571971807,0.22067380374623927
6.29,42.763245421570275,-43.70661263394299,11.080605123325926,43.3654351718686,-40.84676444085969,16.583204983860533,5.84,3.4074670432106,7.5240480324764,6.65109410167846,0.6021897502983222,2.8598481930833017,5.502599860534607,43.064340296719436,-42.27668853740134,13.831905053593228,1.7138830469167279,2.4325329567894,0.4165296158172723
6.30,42.763245421570275,-43.70661263394299,11.080605123325926,42.73363643057243,-30.165752994454508,25.33660918560524,11.31,10.3341482769809,14.5714012409774,12.8808003921204,0.02960899099784342,13.540859639488481,14.256004062279315,42.74844092607135,-36.936182814198744,18.208607154465582,1.0944298161560504,0.9758517230191011,0.08628220361917054
6.31,42.763245421570275,-43.70661263394299,11.080605123325926,42.41783682697908,-36.89137005948265,18.30601953084837,6.88,5.19543847649299,8.86394699716398,7.83553551704586,0.34540859459119844,6.815242574460342,7.225414407522445,42.59054112427468,-40.29899134671282,14.693312327087149,1.3242385661584966,1.6845615235070097,0.24484905861368614
6.32,42.763245421570275,-43.70661263394299,11.080605123325926,43.6616812889147,-38.07723871542776,19.262110103437426,6.56,5.36647071571641,8.45167039264472,7.47109200462512,0.8984358673444248,5.629373918515228,8.1815049801115,43.21246335524249,-40.891925674685375,15.171357613381677,1.2224048813991992,1.1935292842835894,0.18194043964964163
6.33,42.763245421570275,-43.70661263394299,11.080605123325926,40.288071412955794,-47.64783744147055,5.4850623265813585,6.44,4.24284492351414,8.29706666595,7.33442568746735,2.4751740086144807,3.9412248075275613,5.595542796744567,41.52565841726303,-45.67722503770677,8.282833724953642,1.517849488863292,2.1971550764858607,0.34117314846967195
6.34,42.763245421570275,-43.70661263394299,11.080605123325926,42.81259673101359,-50.16988000733025,6.9651819219791244,5.32,3.40669380625595,6.85409855013261,6.05887339399477,0.04935130944331689,6.463267373387261,4.115423201346801,42.78792107629194,-46.93824632063662,9.022893522652526,1.5616313942476663,1.91330619374405,0.3596440213128583
6.35,42.763245421570275,-43.70661263394299,11.080605123325926,41.1553429266138,-44.55973774000668,13.489843872827478,2.88,1.91322599352976,3.71048944067329,3.27999161178664,1.6079024949564769,0.8531251060636933,2.4092387495015526,41.95929417409204,-44.13317518697484,12.285224498076701,1.5053109294115865,0.9667740064702399,0.3356854187967203
6.36,42.763245421570275,-43.70661263394299,11.080605123325926,36.049899203022974,-26.361611229363426,11.616759714566705,9.73,9.21049715618524,12.5357855061636,11.0813605495431,6.713346218547301,17.345001404579563,0.5361545912407788,39.406572312296625,-35.03411193165321,11.348682418946314,1.0564033443525347,0.5195028438147613,0.0533918647236762
6.37,42.763245421570275,-43.70661263394299,11.080605123325926,37.69986623042898,-34.264591494427314,15.203103649302252,6.87,6.51386435275872,8.85106335327275,7.82414665728271,5.063379191141294,9.442021139515674,4.122498525976326,40.23155582599963,-38.98560206418515,13.141854386314089,1.0546734821144652,0.3561356472412802,0.0518392499547949
6.38,42.763245421570275,-43.70661263394299,11.080605123325926,44.97569254949553,-52.00043812198052,10.465955916664427,6.05,3.48207637174662,7.79460455419216,6.89026015670457,2.2124471279252518,8.293825488037534,0.6146492066614986,43.869468985532905,-47.85352537796176,10.773280519995176,1.7374690708543628,2.56792362825338,0.4244501864180049
6.39,42.763245421570275,-43.70661263394299,11.080605123325926,43.4641780152553,-52.6162744158562,5.73448102495785,7.09,4.52500460373482,9.13450351887974,8.07470157207197,0.7009325936850246,8.909661781913215,5.346124098368076,43.11371171841279,-48.161443524899596,8.407543074141888,1.566849234270668,2.5649953962651795,0.36177650153785657
6.40,42.763245421570275,-43.70661263394299,11.080605123325926,40.051645753859724,-47.240272693008286,7.191997741131894,5.45,3.61081649760082,7.02158592071856,6.20692857091569,2.7115996677105514,3.533660059065298,3.8886073821940315,41.407445587715,-45.47344266347564,9.13630143222891,1.5093539098738078,1.8391835023991803,0.3374648627636175
6.41,42.763245421570275,-43.70661263394299,11.080605123325926,41.89494583250362,-38.36046295555734,17.98191777738308,6.77,4.69749422005676,8.72222691436048,7.71025805965123,0.8682995890666518,5.34614967838565,6.901312654057156,42.32909562703695,-41.03353779475016,14.531261450354503,1.4411938964508195,2.0725057799432394,0.3061308389419658
6.42,42.763245421570275,-43.70661263394299,11.080605123325926,42.19089782733073,-35.042906000225585,20.363354473219562,9.15,6.67493652475006,11.7885341604724,10.4208066832805,0.5723475942395453,8.663706633717403,9.282749349893637,42.4770716244505,-39.37475931708428,15.721979798272745,1.370799552130845,2.4750634752499403,0.2704987404349116
6.43,42.763245421570275,-43.70661263394299,11.080605123325926,41.61877992840208,-31.04781927927319,23.832423107907353,9.86,9.47516502262756,12.7032728767495,11.229415726464,1.1444654931681981,12.658793354669797,12.751817984581427,42.191012674986176,-37.37721595660809,17.45651411561664,1.0406151212578147,0.38483497737243866,0.03902991656525444
6.44,42.763245421570275,-43.70661263394299,11.080605123325926,42.73363643057243,-33.23004718107303,22.09979531112145,8.83,7.97334203773458,11.3762575559532,10.0563631708597,0.02960899099784342,10.476565452869956,11.019190187795525,42.74844092607135,-38.46832990750801,16.59020021722369,1.1074402624525284,0.8566579622654205,0.09701675675746362
6.45,42.763245421570275,-43.70661263394299,11.080605123325926,41.53988721352176,-33.57653341309913,21.363987282520537,7.17,7.62767500222836,9.23757267000955,8.16581245017716,1.2233582080485164,10.13007922084386,10.28338215919461,42.15156631754601,-38.64157302352106,16.222296202923232,0.9399980986297066,0.4576750022283598,0.06383193893508059
6.46,42.763245421570275,-43.70661263394299,11.080605123325926,44.106154261709854,-53.57993664849184,2.959708405977679,7.32,6.01466614177689,9.43082732837795,8.33664534662438,1.3429088401395788,9.87332401454885,8.120896717348247,43.43469984164007,-48.64327464121742,7.020156764651802,1.2170251558834577,1.3053338582231104,0.1783242975471019
6.47,42.763245421570275,-43.70661263394299,11.080605123325926,42.86194794868107,-51.138427320259446,8.269445644179774,4.77,3.14509086295016,6.14549813611514,5.43248610702162,0.0987025271107953,7.431814686316457,2.811159479146152,42.81259668512567,-47.42251997710122,9.67502538375285,1.5166493453893386,1.6249091370498396,0.34065181063085703
6.48,42.763245421570275,-43.70661263394299,11.080605123325926,36.462124686161566,-29.407905122960432,13.629888093769615,9.94,8.29154655999705,12.8063420278794,11.3205266045692,6.301120735408709,14.298707510982556,2.5492829704436897,39.61268505386592,-36.55725887845171,12.35524660854777,1.1988113347583644,1.6484534400029496,0.16584038630152004
7.1,71.55497084573587,-12.309538378719287,-10.231975743046151,72.17784758696354,-17.100115137066386,-11.413224062628458,3.45,3.44662555933121,4.44485714247322,3.92915661828608,0.622876741227671,4.790576758347099,1.1812483195823074,71.8664092163497,-14.704826757892835,-10.822599902837304,1.000979056067949,0.003374440668790335,0.0009780987442934018
7.2,71.55497084573587,-12.309538378719287,-10.231975743046151,70.97222399824072,-10.28316700351195,-10.010791078773229,2.03,1.74999663745266,2.61537970991902,2.31193853191905,0.5827468474951445,2.0263713752073365,0.22118466427292205,71.2635974219883,-11.296352691115619,-10.12138341090969,1.1600022282299454,0.2800033625473397,0.13793269084207244
7.3,71.55497084573587,-12.309538378719287,-10.231975743046151,70.59039384176273,-15.084023569981564,-12.390139099637487,3.02,2.31295217874058,3.89086045515047,3.43943564847071,0.9645770039731332,2.7744851912622774,2.158163356591336,71.0726823437493,-13.696780974350425,-11.311057421341818,1.3056906348745707,0.7070478212594202,0.23412179504148953
7.4,71.55497084573587,-12.309538378719287,-10.231975743046151,67.89677237655246,-11.805815442183343,-12.421842634222745,2.96,3.26685964219375,3.81355859180311,3.37110248989182,3.6581984691834037,0.5037229365359437,2.189866891176594,69.72587161114416,-12.057676910451315,-11.326909188634449,0.9060689234589345,0.30685964219374995,0.1036687980034058
7.5,71.55497084573587,-12.309538378719287,-10.231975743046151,72.46917164284379,-8.27133219365911,-7.729776442176073,3.25,3.6510142582165,4.18718426464868,3.70137942302312,0.9142007971079238,4.038206185060178,2.5021993008700782,72.01207124428983,-10.290435286189197,-8.980876092611112,0.8901636009215267,0.40101425821650016,0.12338900249018804
7.6,71.55497084573587,-12.309538378719287,-10.231975743046151,70.73107104761955,-19.921305192166283,-13.389373769361912,5.06,5.12562212771801,6.51912380896072,5.76276304015291,0.8238997981163152,7.611766813446996,3.157398026315761,71.14302094667771,-16.115421785442784,-11.810674756204032,0.9871972363412549,0.06562212771801068,0.012968799941707883
7.7,71.55497084573587,-12.309538378719287,-10.231975743046151,71.59515845393533,-16.869956941122588,-12.162453643565296,3.92,3.25511789835951,5.05038840536087,4.46443302715404,0.0401876081994601,4.560418562403301,1.9304779005191453,71.5750646498356,-14.589747659920938,-11.197214693305725,1.2042574558578398,0.6648821016404898,0.16961278098746863
7.8,71.55497084573587,-12.309538378719287,-10.231975743046151,70.2688341960851,-3.9678496233300775,-8.654258185269349,6.29,7.89472781110198,8.1038120075816,7.16359279102013,1.2861366496507713,8.34168875538921,1.5777175577768023,70.91190252091047,-8.138694001024682,-9.443116964157749,0.7967342446382937,1.6047278111019798,0.25512365832223466
7.9,71.55497084573587,-12.309538378719287,-10.231975743046151,65.90583421349052,-10.475881349063354,-16.750576599425713,6.98,6.45626707611599,8.99278343607625,7.94942411467734,5.6491366322453445,1.8336570296559334,6.518600856379562,68.7304025296132,-11.39270986389132,-13.491276171235931,1.081120083266128,0.52373292388401,0.07503337017320583
7.10,71.55497084573587,-12.309538378719287,-10.231975743046151,66.9215117412918,-11.023819506028653,-13.910492944656362,4.68,4.61514577442871,6.0295453410941,5.32998636915329,4.633459104444071,1.2857188726906337,3.6785172016102106,69.23824129351382,-11.66667894237397,-12.071234343851255,1.0140524758538674,0.06485422557129006,0.013857740503724856
7.11,71.55497084573587,-12.309538378719287,-10.231975743046151,73.49372904737494,-6.398416703459198,-6.147908569198446,4.39,5.76372584919195,5.65591966824853,4.999709436022,1.9387582016390752,5.911121675260089,4.084067173847705,72.5243499465554,-9.353977541089243,-8.1899421561223,0.7616600987109404,1.37372584919195,0.31292160566720467
7.12,71.55497084573587,-12.309538378719287,-10.231975743046151,66.96173303033801,-10.646997496094157,-15.413065082462785,6.11,5.28998621675344,7.87190641753952,6.95859331528346,4.593237815397856,1.6625408826251302,5.1810893394166335,69.25835193803694,-11.478267937406722,-12.822520412754468,1.155012460995561,0.8200137832465604,0.1342084751411378
7.13,71.55497084573587,-12.309538378719287,-10.231975743046151,73.27275916472269,-5.06214759262158,-5.5461203705555295,5.07,7.10047416317508,6.53200745285194,5.77415189991606,1.7177883189868197,7.247390786097707,4.685855372490622,72.41386500522927,-8.685842985670433,-7.88904805680084,0.7140368210309549,2.0304741631750796,0.4004880005472567
7.14,71.55497084573587,-12.309538378719287,-10.231975743046151,70.52005448591356,-12.538957729237632,-10.618691158649064,1.79,0.837523402724769,2.30617225652958,2.0386058976035,1.0349163598223043,0.22941935051834506,0.38671541560291267,71.03751266582472,-12.42424805397846,-10.425333450847607,2.1372537078238336,0.952476597275231,0.5321098305827493
7.15,71.55497084573587,-12.309538378719287,-10.231975743046151,69.4648574663401,-0.6526875849242053,-9.074126233079927,7.43,11.7566962896035,9.57254741118145,8.461922804019,2.09011337939576,11.656850793795082,1.1578495099662245,70.50991415603798,-6.481112981821746,-9.65305098806304,0.6319802618307323,4.3266962896035,0.5823278989261336
7.16,71.55497084573587,-12.309538378719287,-10.231975743046151,72.26825952483514,-17.416084885543526,-10.702201110809595,4.66,3.74104434198367,6.00377805331165,5.30720864962699,0.7132886790992785,5.106546506824239,0.4702253677634438,71.91161518528551,-14.862811632131407,-10.467088426927873,1.2456414767549686,0.9189556580163303,0.19720078493972734
7.17,71.55497084573587,-12.309538378719287,-10.231975743046151,70.71097455980083,-18.13823817334731,-12.228492123484425,4.96,4.09368472932614,6.39028737004845,5.64887444252144,0.8439962859350345,5.828699794628024,1.9965163804382744,71.13297270276834,-15.2238882760333,-11.23023393326529,1.2116223712236975,0.8663152706738604,0.17466033679419354
7.18,71.55497084573587,-12.309538378719287,-10.231975743046151,71.66548584237974,-17.167480636766985,-12.252686297361205,4.14,3.44490757061334,5.33382857096786,4.71498794194329,0.11051499664387165,4.857942258047698,2.0207105543150536,71.6102283440578,-14.738509507743135,-11.242331020203679,1.2017738978294648,0.6950924293866598,0.16789672203351766
7.19,71.55497084573587,-12.309538378719287,-10.231975743046151,70.29898112217677,-18.633091876847196,-13.959408909796057,5.9,4.52863425010825,7.60134989582376,6.71942726025735,1.2559897235590967,6.323553498127909,3.727433166749906,70.92697598395631,-15.471315127783242,-12.095692326421105,1.3028210433545497,1.3713657498917504,0.23243487282361278
7.20,71.55497084573587,-12.309538378719287,-10.231975743046151,71.69562546614583,-15.441776926113981,-11.202120326070485,3.35,2.30577204522764,4.31602070356095,3.8152680206546,0.14065462040996124,3.132238547394694,0.970144583024334,71.62529815594084,-13.875657652416635,-10.717048034558317,1.4528756237984453,1.04422795477236,0.3117098371524329
7.21,71.55497084573587,-12.309538378719287,-10.231975743046151,71.18322518055007,-0.9470801398797635,-8.226735704149357,7.25,11.3054247962465,9.34064182113936,8.25692332828234,0.37174566518579866,11.362458238839523,2.005240038896794,71.36909801314297,-6.628309259299526,-9.229355723597754,0.6412850582815586,4.0554247962465,0.559368937336156
7.22,71.55497084573587,-12.309538378719287,-10.231975743046151,69.04272483617646,-18.06719355946579,-14.235221766521367,5.56,4.59587323429102,7.16330600352205,6.33220602831032,2.512246009559405,5.757655180746502,4.003246023475215,70.29884784095617,-15.188365969092537,-12.23359875478376,1.209780974223918,0.96412676570898,0.17340409452078706
7.23,71.55497084573587,-12.309538378719287,-10.231975743046151,72.25821406725677,-7.519651629072477,-6.815174327933637,4.33,4.45841433690084,5.57861780490117,4.93137627744311,0.703243221520907,4.78988674964681,3.4168014151125137,71.90659245649633,-9.914595003895883,-8.523575035489895,0.97119730734553,0.12841433690083992,0.029656890732374833
7.24,71.55497084573587,-12.309538378719287,-10.231975743046151,70.14824489562406,-12.10194787384239,-10.877981552083217,1.79,1.19278592412789,2.30617225652958,2.0386058976035,1.406725950111806,0.20759050487689734,0.6460058090370655,70.85160787067997,-12.205743126280838,-10.554978647564685,1.5006883987234145,0.5972140758721101,0.33363914834551445
7.25,71.55497084573587,-12.309538378719287,-10.231975743046151,73.6845605490785,-1.902940989145674,-2.633176982100549,7.76,11.203210144578,9.99770765959193,8.83775517620289,2.1295897033426314,10.406597389573612,7.598798760945602,72.61976569740719,-7.106239683932481,-6.43257636257335,0.6926586129479091,3.443210144578,0.44371264743998545
7.26,71.55497084573587,-12.309538378719287,-10.231975743046151,68.0375164388206,-20.91959072640448,-16.25253679110561,7.99,6.47002259129618,10.2940314690901,9.0996989507553,3.517454406915263,8.610052347685192,6.020561048059458,69.79624364227823,-16.614564552561884,-13.24225626707588,1.2349261360406452,1.51997740870382,0.19023496977641866
7.27,71.55497084573587,-12.309538378719287,-10.231975743046151,71.9266949493369,-4.740818098307398,-8.011555064698284,4.5,7.01287631863856,5.79763975105202,5.12498689341662,0.37172410360103925,7.568720280411889,2.2204206783478675,71.7408328975364,-8.525178238513343,-9.121765403872217,0.641676794926269,2.5128763186385603,0.5584169595733652
7.28,71.55497084573587,-12.309538378719287,-10.231975743046151,71.66548584237974,-15.059157042397075,-11.54279311262525,2.99,2.05131794121513,3.85220952347679,3.40526906918127,0.11051499664387165,2.749618663677788,1.3108173695790981,71.6102283440578,-13.684347710558182,-10.8873844278357,1.4575994966295804,0.9386820587848703,0.31394048778291966
7.29,71.55497084573587,-12.309538378719287,-10.231975743046151,70.44971405283393,-15.66310337091087,-12.539490512837382,3.16,2.69186229093234,4.07123146962764,3.59887968515479,1.1052567929019403,3.3535649921915827,2.307514769791231,71.0023424492849,-13.986320874815078,-11.385733127941766,1.1739084905905828,0.46813770906766017,0.14814484459478333
7.30,71.55497084573587,-12.309538378719287,-10.231975743046151,68.45972625273775,-10.93665877557809,-12.725019705195951,4.3,3.28336375740963,5.53996687322749,4.89720969815366,3.095244592998114,1.3728796031411967,2.4930439621498,70.00734854923681,-11.623098577148689,-11.478497724121052,1.3096325343137734,1.0166362425903697,0.23642703310556806
7.31,71.55497084573587,-12.309538378719287,-10.231975743046151,73.65442954937791,-2.8098359511912196,-3.844225856998662,7.07,9.85948129899298,9.10873623109728,8.05192385254567,2.0994587036420427,9.499702427528067,6.387749886047489,72.6047001975569,-7.559687164955253,-7.038100800022407,0.7170762624201168,2.78948129899298,0.3945518102685188
7.32,71.55497084573587,-12.309538378719287,-10.231975743046151,70.96217615079672,-15.846188614098311,-10.698416616061813,3.27,2.66576528261815,4.21295155243113,3.72415714254941,0.592794694939144,3.5366502353790246,0.46644087301566195,71.25857349826629,-14.0778634964088,-10.465196179553981,1.2266646355157507,0.6042347173818499,0.18478125908167234
7.33,71.55497084573587,-12.309538378719287,-10.231975743046151,69.01257145395536,1.666895990634354,-9.875124067660867,8.17,14.8453477998272,10.5259370591322,9.30469842649196,2.5423993917805063,13.97643436935364,0.3568516753852844,70.28377114984562,-5.321321194042467,-10.05354990535351,0.5503407605946934,6.6753477998272,0.8170560341505685
7.34,71.55497084573587,-12.309538378719287,-10.231975743046151,70.16834331733443,-16.7657663772528,-13.329005733206012,5.19,3.48507930320782,6.68661117954666,5.91081821707384,1.3866275284014336,4.456227998533512,3.097029990159861,70.86165708153516,-14.537652377986042,-11.780490738126081,1.4892057101064216,1.7049206967921804,0.3285010975845239
7.35,71.55497084573587,-12.309538378719287,-10.231975743046151,70.59039384176273,3.5532792907843613,-10.005267080485636,8.9,17.49069962566,11.4664430631918,10.1360851892018,0.9645770039731332,15.862817669503649,0.22670866256051525,71.0726823437493,-4.378129543967463,-10.118621411765893,0.5088418525256861,8.59069962566,0.9652471488421069
7.36,71.55497084573587,-12.309538378719287,-10.231975743046151,73.35311231984421,-4.5233255795347205,-4.562270787012546,5.63,7.88201535018003,7.25349151076064,6.41192804665235,1.7981414741083483,7.786212799184566,5.6697049560336055,72.45404158279004,-8.416431979127005,-7.397123265029348,0.7142843231277294,2.25201535018003,0.4000027264262926
7.37,71.55497084573587,-12.309538378719287,-10.231975743046151,74.79931509866532,-16.635863310484776,-8.639045185961013,3.84,4.44420241083169,4.94731925423106,4.37332214904885,3.2443442529294515,4.326324931765489,1.592930557085138,73.17714297220058,-14.47270084460203,-9.435510464503583,0.8640470537023387,0.6042024108316904,0.1573443777797776
7.38,71.55497084573587,-12.309538378719287,-10.231975743046151,71.43440731850018,-10.32790830680086,-7.994403393725302,2.24,1.98820310157674,2.88593623163478,2.55110458694516,0.12056352723568864,1.9816300719184277,2.237572349320849,71.49468908211801,-11.318723342760073,-9.113189568385726,1.126645460464742,0.25179689842326014,0.11240932960305838
7.39,71.55497084573587,-12.309538378719287,-10.231975743046151,67.65548785745781,-10.801638059998842,-13.272709311769916,3.68,4.01147700031377,4.74118095197143,4.19110039283848,3.899482988278052,1.507900318720445,3.0407335687237644,69.60522935159685,-11.555588219359064,-11.752342527408032,0.9173678420179874,0.3314770003137695,0.0900752717999169
7.40,71.55497084573587,-12.309538378719287,-10.231975743046151,70.12814620972767,-17.119940843263237,-12.938011859780918,5.37,3.63250582517418,6.91851676958874,6.11581769281051,1.4268246360081918,4.81040246454395,2.706036116734767,70.84155852773176,-14.714739610991263,-11.584993801413535,1.4783183446826786,1.73749417482582,0.32355571219781454
7.41,71.55497084573587,-12.309538378719287,-10.231975743046151,70.52005448591356,-21.443750679504102,-13.998654012068922,6.01,5.96401316642378,7.74306997862725,6.84470471765198,1.0349163598223043,9.134212300784815,3.766678269022771,71.03751266582472,-16.876644529111694,-12.115314877557537,1.0077107194912656,0.04598683357621969,0.007651719395768381
7.42,71.55497084573587,-12.309538378719287,-10.231975743046151,70.19849053811033,-19.925537552292205,-14.489111649740384,6.63,5.26235431443152,8.54185589988331,7.55081402296716,1.3564803076255316,7.615999173572918,4.2571359066942325,70.8767306919231,-16.117537965505747,-12.360543696393268,1.2598923604512804,1.3676456855684798,0.2062814005071189
7.43,71.55497084573587,-12.309538378719287,-10.231975743046151,73.00155939345076,-8.488627992833397,-8.503645445462071,3.21,3.46442761087372,4.13564968908377,3.65582398397053,1.4465885477148959,3.82091038588589,1.7283302975840797,72.27826511959331,-10.399083185776341,-9.367810594254111,0.9265599861282383,0.25442761087372023,0.07926093794219916
7.44,71.55497084573587,-12.309538378719287,-10.231975743046151,71.67553220434091,-18.870292394245702,-12.592269129902078,4.67,4.48021930833501,6.01666169720287,5.31859750939014,0.12056135860504469,6.560754015526415,2.3602933868559273,71.61525152503839,-15.589915386482495,-11.412122436474114,1.0423596876763515,0.18978069166499,0.04063826373112457
8.1,54.02700454685316,0.4307985723591701,-14.950171279285351,56.808447317289534,-10.108694186242495,-15.935966804177548,7.21,10.9182236589242,9.28910724557446,8.21136788922975,2.781442770436371,10.539492758601664,0.9857955248921968,55.41772593207135,-4.838947806941663,-15.44306904173145,0.6603638306535713,3.7082236589242,0.5143167348696093
8.2,54.02700454685316,0.4307985723591701,-14.950171279285351,51.079393256016346,3.2223346858616386,-17.21812179324744,5.32,4.33946539656902,6.85409855013261,6.05887339399477,2.947611290836818,2.7915361135024686,2.2679505139620897,52.553198901434754,1.8265666291104043,-16.084146536266395,1.225957465401217,0.9805346034309803,0.18431101564787017
8.3,54.02700454685316,0.4307985723591701,-14.950171279285351,55.504153528051134,-1.0001275561055123,-13.81978538587212,2.3,2.29644945161323,2.96323809498214,2.61943774552405,1.4771489811979706,1.4309261284646824,1.1303858934132318,54.76557903745215,-0.2846644918731711,-14.384978332578736,1.0015461029994497,0.003550548386769936,0.0015437166892287911
8.4,54.02700454685316,0.4307985723591701,-14.950171279285351,53.925790260338275,13.646036990787758,-6.68852108744713,11.64,17.0865380592564,14.9965614893879,13.2566327643043,0.10121428651488884,13.215238418428587,8.261650191838221,53.97639740359572,7.0384177815734645,-10.81934618336624,0.6812380576422823,5.446538059256401,0.46791564078938874
8.5,54.02700454685316,0.4307985723591701,-14.950171279285351,53.865058919616885,-9.560783375682668,-19.869104107674175,7.44,10.2769882290205,9.58543105507267,8.47331166378215,0.16194562723627826,9.991581948041837,4.918932828388824,53.946031733235024,-4.564992401661749,-17.409637693479763,0.7239475061639883,2.8369882290204993,0.3813156221289225
8.6,54.02700454685316,0.4307985723591701,-14.950171279285351,58.334235119006166,-11.470258496453557,-15.76911208330829,6.98,12.3073473595417,8.99278343607625,7.94942411467734,4.307230572153003,11.901057068812726,0.8189408040229385,56.180619832929665,-5.519729962047194,-15.359641681296822,0.5671408952329091,5.327347359541699,0.7632302806272877
8.7,54.02700454685316,0.4307985723591701,-14.950171279285351,48.97947545305924,13.67117458808309,-13.10272097576508,12.76,15.5198656287905,16.4395296052053,14.5321850577769,5.047529093793926,13.240376015723921,1.8474503035202705,51.5032399999562,7.05098658022113,-14.026446127525215,0.8221720667160342,2.7598656287905,0.2162904097628691
8.8,54.02700454685316,0.4307985723591701,-14.950171279285351,46.36805764475464,7.007276121796968,-24.561733517194728,9.49,9.91823270924289,12.2265780527741,10.8080279152275,7.658946902098521,6.576477549437798,9.611562237909377,50.1975310958039,3.719037347078069,-19.75595239824004,0.9568236879741046,0.4282327092428897,0.045124626891229196
8.9,54.02700454685316,0.4307985723591701,-14.950171279285351,55.26140700382868,5.9622424544963915,-11.261460404155077,4.8,8.23492324622377,6.18414906778882,5.46665268631107,1.2344024569755163,5.531443882137221,3.6887108751302744,54.64420577534092,3.1965205134277808,-13.105815841720215,0.5828833925827078,3.4349232462237707,0.715609009480867
8.10,54.02700454685316,0.4307985723591701,-14.950171279285351,59.49562374980829,-15.54352530947961,-16.06582097859379,11.53,15.1668888767918,14.8548414065844,13.1313553069097,5.468619202955125,15.974323881838782,1.11564969930844,56.761314148330726,-7.55636336856022,-15.50799612893957,0.7602086421878428,3.636888876791801,0.31542835008468106
8.11,54.02700454685316,0.4307985723591701,-14.950171279285351,59.727839516045165,-12.823282495386612,-14.365296345063783,10.64,13.7772178119404,13.7081971002652,12.1177467879895,5.700834969192002,13.254081067745783,0.5848749342215687,56.877422031449164,-6.196241961513721,-14.657733812174566,0.7722894523745039,3.137217811940399,0.29485129808698757
8.12,54.02700454685316,0.4307985723591701,-14.950171279285351,54.492523767077074,-12.111818942856123,-20.846532820396146,10.3,12.1220905730436,13.2701532079635,11.7305255560425,0.4655192202239107,12.542617515215294,5.896361541110794,54.25976415696512,-5.840510185248476,-17.89835204984075,0.8496884210760521,1.8220905730435994,0.17690199736569875
8.13,54.02700454685316,0.4307985723591701,-14.950171279285351,54.97816793039496,-1.2489224811958466,-15.479446754029237,1.82,2.26638271597964,2.34482318820326,2.07277247689295,0.9511633835417967,1.6797210535550167,0.5292754747438853,54.50258623862406,-0.40906195441833826,-15.214809016657295,0.8030417750561896,0.4463827159796401,0.24526522842548065
8.14,54.02700454685316,0.4307985723591701,-14.950171279285351,64.0758640929516,-16.145844014829436,-11.15777583582136,10.65,17.8275882715364,13.7210807441564,12.1291356477527,10.048859546098441,16.576642587188605,3.7923954434639917,59.051434319902384,-7.857522721235133,-13.053973557553356,0.5973887122133309,7.177588271536399,0.6739519503157226
8.15,54.02700454685316,0.4307985723591701,-14.950171279285351,54.63418197020016,-8.614841331647972,-19.056550360069036,7.05,9.50313465344142,9.08296894331483,8.02914613301938,0.6071774233469966,9.045639904007142,4.106379080783684,54.33059325852666,-4.0920213796444,-17.003360819677194,0.7418604761856222,2.4531346534414196,0.3479623621409159
8.16,54.02700454685316,0.4307985723591701,-14.950171279285351,49.365183764579015,12.055780316008068,-13.735304309839647,11.55,13.9756377809317,14.8806086943669,13.154133026436,4.661820782274148,11.624981743648899,1.2148669694457048,51.69609415571609,6.243289444183619,-14.342737794562499,0.8264381332873647,2.4256377809317,0.2100119290668128
8.17,54.02700454685316,0.4307985723591701,-14.950171279285351,50.22759402302597,2.514694782784488,-18.189107991304176,5.05,4.59449567250163,6.50624016506949,5.75137418038977,3.7994105238271914,2.083896210425318,3.238936712018825,52.12729928493957,1.472746677571829,-16.569639635294763,1.099141311444791,0.4555043274983701,0.09019887671448935
8.18,54.02700454685316,0.4307985723591701,-14.950171279285351,50.024717051050075,10.656108523862006,-14.542108832164867,9.23,12.333460071668,11.8916033116023,10.5119175613857,4.002287495803088,10.225309951502837,0.4080624471204839,52.02586079895162,5.5434535481105875,-14.74614005572511,0.7483706879997502,3.1034600716679996,0.33623619407711414
8.19,54.02700454685316,0.4307985723591701,-14.950171279285351,57.778597531264765,-9.559678910194602,-15.756387231372404,6.78,10.7627984810666,8.73511055825171,7.72164691941438,3.7515929844116016,9.990477482553771,0.8062159520870527,55.902801039058964,-4.5644401689177165,-15.353279255328879,0.6299476861243016,3.9827984810665997,0.587433404200467
8.20,54.02700454685316,0.4307985723591701,-14.950171279285351,53.41963849624618,-15.110978785239759,-22.937443726507567,10.74,14.0574602676924,13.8370335391775,12.231635385621,0.6073660506069842,15.541777357598928,7.987272447222216,53.72332152154967,-7.340090106440295,-18.94380750289646,0.764007138894017,3.3174602676924003,0.3088882930524685
8.21,54.02700454685316,0.4307985723591701,-14.950171279285351,62.08926958328931,-15.454864569786842,-12.215033629546346,11.19,16.4894956430991,14.4167975142827,12.7441340749627,8.062265036436145,15.885663142146011,2.7351376497390056,58.058137065071236,-7.512032998713837,-13.582602454415849,0.6786138425042995,5.299495643099101,0.47359210389861567
8.22,54.02700454685316,0.4307985723591701,-14.950171279285351,53.81444875557061,7.705902379668617,-10.422888065823233,9.97,10.4680161536405,12.844992959553,11.3546931838586,0.2125557912825542,7.2751038073094465,4.527283213462118,53.920726651211886,4.068350476013894,-12.686529672554293,0.9524249726707072,0.4980161536404992,0.04995146976835985
8.23,54.02700454685316,0.4307985723591701,-14.950171279285351,58.35443770137671,-11.64744966338571,-14.965773344232968,6.71,12.5009092372449,8.64492505101312,7.64192490107234,4.327433154523547,12.07824823574488,0.015602064947616512,56.19072112411494,-5.608325545513271,-14.95797231175916,0.5367609565127975,5.790909237244899,0.8630267118303834
8.24,54.02700454685316,0.4307985723591701,-14.950171279285351,50.28845181408434,9.144200581385375,-13.590244589674839,8.36,11.2587334227276,10.7707262930655,9.52108676199177,3.7385527327688237,8.713402009026204,1.3599266896105124,52.15772818046875,4.787499576872273,-14.270207934480094,0.7425346782242338,2.8987334227276005,0.34673844765321316
8.25,54.02700454685316,0.4307985723591701,-14.950171279285351,55.60528908585255,-1.288799323653722,-15.476162155084294,2.74,2.59799668014811,3.53011842619612,3.12054757510257,1.5782845389993838,1.7195978960128921,0.5259908757989429,54.816146816352855,-0.429000375647276,-15.213166717184823,1.0546587760801664,0.1420033198518902,0.051826029124111
8.26,54.02700454685316,0.4307985723591701,-14.950171279285351,52.73105426643967,4.031719083313289,-14.62117901536033,4.28,4.73075468942426,5.51419958544503,4.87443197862737,1.2959502804134928,3.6009205109541194,0.3289922639250218,53.37902940664642,2.2312588278362298,-14.785675147322841,0.9047182278682399,0.4507546894242598,0.10531651619601477
8.27,54.02700454685316,0.4307985723591701,-14.950171279285351,54.8972346641075,-1.0765788955923172,-15.699640758965527,2.1,2.0891534118144,2.70556521715761,2.39166055026109,0.8702301172543372,1.5073774679514873,0.749469479680176,54.46211960548033,-0.3228901616165736,-15.32490601912544,1.0051918576774064,0.010846588185600137,0.005165041990683378
8.28,54.02700454685316,0.4307985723591701,-14.950171279285351,52.88296974088185,0.41409034858674865,-16.482243220490634,1.71,1.4347120973528,2.20310310539977,1.94749501949832,1.144034805971316,0.016708223772421427,1.5320719412052828,53.454987143867505,0.42244446047295936,-15.716207249887994,1.191876754899648,0.27528790264719993,0.16098707747731744
8.29,54.02700454685316,0.4307985723591701,-14.950171279285351,61.3527941378657,-21.03568616045304,-16.38753202040075,11.44,18.3457384643868,14.7388886115634,13.0288555690414,7.325789591012537,21.46648473281221,1.4373607411154001,57.68989934235943,-10.302443794046935,-15.668851649843052,0.6235780599175134,6.905738464386799,0.6036484671139117
8.30,54.02700454685316,0.4307985723591701,-14.950171279285351,52.38666487221647,2.1492199081703522,-16.3491260625541,2.93,2.60241148401574,3.77490766012943,3.33693591060238,1.6403396746366923,1.7184213358111822,1.3989547832687474,53.20683470953482,1.2900092402647612,-15.649648670919724,1.1258788307961525,0.3275885159842602,0.11180495422268096
8.31,54.02700454685316,0.4307985723591701,-14.950171279285351,54.28001781696783,8.604329992979165,-9.747423312989522,8.14,11.6848806977641,10.4872861274585,9.27053184720252,0.2530132701146641,8.173531420619994,5.20274796629583,54.153511181910496,4.517564282669168,-12.348797296137437,0.6966267101777908,3.5448806977641,0.435489029155849
8.32,54.02700454685316,0.4307985723591701,-14.950171279285351,48.46165406439668,4.606980785213932,-20.044873337255243,8.06,7.19888587954394,10.3842169763287,9.17942096909733,5.565350482456481,4.176182212854762,5.094702057969892,51.24432930562492,2.518889678786551,-17.497522308270298,1.1196176927576182,0.8611141204560608,0.10683798019221126
8.33,54.02700454685316,0.4307985723591701,-14.950171279285351,58.758455890026866,-10.579414449113255,-15.875388830395654,8.97,11.810466554035,11.5566285704304,10.2158072075438,4.731451343173703,11.010213021472424,0.9252175511103022,56.392730218440015,-5.074307938377043,-15.412780054840503,0.7594958216257715,2.8404665540349985,0.31666293798420686
8.34,54.02700454685316,0.4307985723591701,-14.950171279285351,60.898709162820225,-13.852280252248717,-12.959331414719966,11.09,15.0139274076209,14.2879610753704,12.6302454773312,6.871704615967062,14.283078824607887,1.9908398645653858,57.462856854836694,-6.710740839944773,-13.95475134700266,0.7386475036260128,3.9239274076208996,0.35382573555158464
8.35,54.02700454685316,0.4307985723591701,-14.950171279285351,54.33061675902347,12.074417799734505,-7.138235242503854,10.65,15.7843875931015,13.7210807441564,12.1291356477527,0.3036122121703073,11.643619227375336,7.811936036781497,54.17881065293832,6.252608186046837,-11.044203260894603,0.6747173393017681,5.134387593101499,0.4821021213727133
8.36,54.02700454685316,0.4307985723591701,-14.950171279285351,54.15857559719035,-10.911958831931411,-20.543181495287534,9.61,11.2946543808714,12.3811817794689,10.9446942323853,0.13157105033718608,11.34275740429058,5.593010216002183,54.09279007202176,-5.240580129786121,-17.746676387286442,0.8508449816246372,1.6846543808714003,0.17530222483830366
8.37,54.02700454685316,0.4307985723591701,-14.950171279285351,54.4824046896874,4.623438182122963,-12.36441525704899,5.34,6.08172968232988,6.87986583791506,6.08165111352106,0.455400142834236,4.192639609763793,2.585756022236362,54.25470461827028,2.5271183772410666,-13.65729326816717,0.8780396824668197,0.74172968232988,0.13890068954887252
8.38,54.02700454685316,0.4307985723591701,-14.950171279285351,58.930144078751795,-13.466296654094101,-15.490889805195597,9.03,13.8186624285152,11.6339304337777,10.2841403661227,4.903139531898631,13.89709522645327,0.5407185259102452,56.47857431280248,-6.517749040867466,-15.220530542240475,0.6534641139154593,4.788662428515201,0.5303059167203649
8.39,54.02700454685316,0.4307985723591701,-14.950171279285351,51.302409776251054,7.685899615902992,-14.772028041685381,6.92,9.11445698068256,8.91548157272888,7.88109095609845,2.72459477060211,7.255101043543822,0.1781432375999703,52.66470716155211,4.058349094131081,-14.861099660485365,0.7592333820772003,2.19445698068256,0.3171180607464511
8.40,54.02700454685316,0.4307985723591701,-14.950171279285351,54.74547805545585,10.473643583222502,-9.158834220350887,7.62,13.6894463228156,9.81733664511475,8.67831113951882,0.7184735086026848,10.042845010863331,5.791337058934465,54.386241301154506,5.452221077790837,-12.05450274981812,0.556633177102528,6.0694463228156,0.7965152653568353
8.41,54.02700454685316,0.4307985723591701,-14.950171279285351,48.47180850053894,4.074281801331625,-19.632864412214147,6.47,6.90598405597166,8.33571759762368,7.36859226675679,5.555196046314222,3.643483228972455,4.6826931329287955,51.24940652369605,2.2525401868453976,-17.29151784574975,0.9368686557375512,0.43598405597166057,0.06738548004702861
8.42,54.02700454685316,0.4307985723591701,-14.950171279285351,56.66693299535453,-8.379912304194882,-15.816836422374546,7.09,9.5334335836471,9.13450351887974,8.07470157207197,2.639928448501365,8.810710876554051,0.866665143089195,55.346968771103846,-3.974556865917856,-15.38350385082995,0.7436984730682897,2.4434335836470993,0.3446309708466105
8.43,54.02700454685316,0.4307985723591701,-14.950171279285351,46.80534847411352,6.107457545184158,-22.941888533071484,9.01,9.2364023026963,11.6081631459953,10.2613626465964,7.221656072739641,5.676658972824988,7.991717253786133,50.41617651048334,3.2691280587716642,-18.946029906178417,0.9754880421778839,0.22640230269630024,0.025127891528432002
8.44,54.02700454685316,0.4307985723591701,-14.950171279285351,54.492523767077074,1.391256621550374,-13.95368456016568,1.61,1.52449954684604,2.0742666664875,1.83360642186684,0.4655192202239107,0.960458049191204,0.9964867191196713,54.25976415696512,0.9110275969547721,-14.451927919725517,1.0560842751805097,0.08550045315396004,0.05310587149121376
8.45,54.02700454685316,0.4307985723591701,-14.950171279285351,52.01181228259428,6.277794996008945,-14.426611468942552,6.75,7.54938378870048,8.69645962657803,7.68748034012494,2.0151922642588858,5.846996423649775,0.5235598103427996,53.01940841472372,3.3542967841840574,-14.688391374113952,0.8941127101272731,0.7993837887004798,0.11842722793808186
8.46,54.02700454685316,0.4307985723591701,-14.950171279285351,56.8893084444548,-10.810579587741842,-15.674668342065745,8.24,11.4739965912202,10.6161225663708,9.384420444834,2.8623038976016346,11.24137816010101,0.7244970627803937,55.45815649565398,-5.189890507691336,-15.312419810675548,0.7181455854350723,3.2339965912201993,0.39247531442084027
8.47,54.02700454685316,0.4307985723591701,-14.950171279285351,56.70736592562497,-6.928699718776576,-15.157154988183862,5.82,8.34940486844946,7.49828074469395,6.62831638215217,2.6803613787718064,7.359498291135746,0.2069837088985107,55.36718523623907,-3.248950573208703,-15.053663133734606,0.697055669356199,2.5294048684494594,0.4346056474252326
8.48,54.02700454685316,0.4307985723591701,-14.950171279285351,54.61394587826126,-5.390802685826146,-17.49565138768654,4.42,6.62135761799807,5.69457059992221,5.03387601531144,0.5869413314080987,5.821601258185316,2.545480108401188,54.32047521255721,-2.480002056733488,-16.222911333485946,0.6675368186303801,2.2013576179980703,0.49804470984163474
9.1,77.28083759926615,-1.1542638880540634,-4.941451337546021,71.87639621881709,2.4693595483058495,-11.010762522332707,5.05,7.58526381634803,6.50624016506949,5.75137418038977,5.404441380449057,3.623623436359913,6.069311184786685,74.57861690904161,0.657547830125893,-7.976106929939364,0.6657645826965564,2.5352638163480306,0.5020324387813858
9.2,77.28083759926615,-1.1542638880540634,-4.941451337546021,79.4418186118139,-8.80396337260958,-5.609064460254065,5.02,8.63137112964984,6.46758923339581,5.71720760110032,2.160981012547751,7.649699484555517,0.667613122708044,78.36132810554003,-4.979113630331822,-5.275257898900043,0.5815993686303293,3.611371129649841,0.7193966392291723
9.3,77.28083759926615,-1.1542638880540634,-4.941451337546021,77.58951101724189,5.12761305166981,-2.466504685802473,4.65,9.20423949135075,5.99089440942042,5.29581978986385,0.30867341797574,6.281876939723873,2.474946651743548,77.43517430825402,1.9866745818078733,-3.703978011674247,0.5052019782692982,4.554239491350749,0.9794063420153425
9.4,77.28083759926615,-1.1542638880540634,-4.941451337546021,75.8173127159581,-0.22822164774027875,-5.643123188216204,1.82,1.76058192371333,2.34482318820326,2.07277247689295,1.4635248833080539,0.9260422403137847,0.7016718506701825,76.54907515761212,-0.6912427678971711,-5.292287262881112,1.0337491112754351,0.05941807628667006,0.03264729464506745
9.5,77.28083759926615,-1.1542638880540634,-4.941451337546021,78.94384184030143,-11.895024448281276,-6.237815157085058,6.71,11.1422496040761,8.64492505101312,7.64192490107234,1.6630042410352814,10.740760560227212,1.296363819539037,78.11233971978379,-6.52464416816767,-5.58963324731554,0.6022123213738731,4.432249604076101,0.6605439051289951
9.6,77.28083759926615,-1.1542638880540634,-4.941451337546021,77.4301938859124,1.4995825831108367,-4.067951539308501,3.34,3.89581349366332,4.30313705966972,3.80387916089145,0.14935628664625256,2.6538464711649,0.8734997982375203,77.35551574258928,0.17265934752838663,-4.5047014384272615,0.8573305689749519,0.5558134936633201,0.1664112255978769
9.7,77.28083759926615,-1.1542638880540634,-4.941451337546021,75.06078402505611,10.015727914952032,-4.956467844065382,7.41,14.0456093672128,9.54678012339899,8.43914508449271,2.2200535742100413,11.169991803006095,0.015016506519360817,76.17081081216114,4.430732013448985,-4.948959590805702,0.5275670001737254,6.635609367212799,0.8954938416082733
9.8,77.28083759926615,-1.1542638880540634,-4.941451337546021,74.0754376107981,1.0276951258821332,-7.085994897323,4.69,4.17655194409734,6.04242898498533,5.34137522891644,3.205399988468045,2.1819590139361966,2.144543559776979,75.67813760503213,-0.06328438108596512,-6.013723117434511,1.1229358718991567,0.5134480559026606,0.10947719739726725
9.9,77.28083759926615,-1.1542638880540634,-4.941451337546021,79.33226108342812,-9.301958871966942,-5.716770115690495,5.53,9.05563893149496,7.12465507184837,6.29803944902087,2.0514234841619725,8.147694983912878,0.7753187781444737,78.30654934134714,-5.228111380010503,-5.329110726618258,0.6106692240297179,3.525638931494959,0.6375477270989894
9.10,77.28083759926615,-1.1542638880540634,-4.941451337546021,77.26092386906973,-4.9708497981577615,-6.747345511394953,4.13,4.68729694403518,5.32094492707663,4.70359908218015,0.019913730196421398,3.816585910103698,1.805894173848932,77.27088073416795,-3.0625568431059125,-5.844398424470487,0.881104834711726,0.5572969440351798,0.13493872733662013
9.11,77.28083759926615,-1.1542638880540634,-4.941451337546021,76.49427946036789,8.401037876934526,-0.6981094296367063,6.55,13.1703468779808,8.4387867487535,7.45970314486198,0.7865581388982577,9.555301764988588,4.243341907909315,76.88755852981703,3.623386994440231,-2.8197803835913637,0.49732934600632767,6.6203468779808,1.010739981216803
9.12,77.28083759926615,-1.1542638880540634,-4.941451337546021,71.12035861816766,3.7684818413120658,-11.04297871277511,5.93,8.92311435788587,7.64000082749744,6.7535938395468,6.160478981098493,4.922745729366129,6.101527375229089,74.2005981087169,1.3071089766290012,-7.992215025160565,0.6645661774013634,2.9931143578858705,0.504741038344204
9.13,77.28083759926615,-1.1542638880540634,-4.941451337546021,79.05339426000518,-11.495359383472515,-6.207173360884144,6.01,10.837039119378,7.74306997862725,6.84470471765198,1.7725566607390277,10.34109549541845,1.2657220233381228,78.16711592963566,-6.3248116357632895,-5.574312349215083,0.5545795242815704,4.827039119378,0.8031679065848306
9.14,77.28083759926615,-1.1542638880540634,-4.941451337546021,73.00069104672032,14.47124007818873,-7.647721037500155,8.91,17.4564030589168,11.479326707083,10.1474740489649,4.28014655254583,15.625503966242793,2.7062696999541336,75.14076432299323,6.658488095067334,-6.2945861875230875,0.5104144289873236,8.546403058916798,0.9591922623970377
9.15,77.28083759926615,-1.1542638880540634,-4.941451337546021,81.44399418623333,-7.844937036629307,-3.059584050185604,3.89,8.51702718214889,5.01173747368719,4.43026644786459,4.163156586967176,6.690673148575244,1.881867287360417,79.36241589274974,-4.499600462341686,-4.000517693865813,0.4567321339183281,4.62702718214889,1.189467141634813
9.16,77.28083759926615,-1.1542638880540634,-4.941451337546021,79.39201917110755,-9.716670451555832,-5.757830935094743,5.09,9.42222565224208,6.5577747406344,5.79692961944236,2.1111815718413993,8.562406563501767,0.816379597548722,78.33642838518685,-5.435467169804948,-5.349641136320383,0.5402120674374413,4.33222565224208,0.8511248823950797
9.17,77.28083759926615,-1.1542638880540634,-4.941451337546021,76.81287481786708,-6.97172899243359,-7.566371940114425,4.54,6.77524358797799,5.84917432661693,5.17054233246922,0.46796278139906633,5.817465104379527,2.6249206025684035,77.04685620856662,-4.062996440243827,-6.253911638830223,0.6700866087509681,2.2352435879779904,0.49234440252987793
9.18,77.28083759926615,-1.1542638880540634,-4.941451337546021,73.23950746969524,2.359861602548141,-8.902801207854605,4.13,6.32306790791611,5.32094492707663,4.70359908218015,4.041330129570909,3.5141254906022046,3.9613498703085837,75.26017253448069,0.6027988572470389,-6.9221262727003126,0.6531639481803316,2.1930679079161104,0.5310091785436081
9.19,77.28083759926615,-1.1542638880540634,-4.941451337546021,74.20481743570124,7.780243265084364,-5.366229046742466,6.28,11.9079626209757,8.09092836369037,7.15220393125698,3.0760201635649054,8.934507153138426,0.4247777091964444,75.7428275174837,3.31298968851515,-5.153840192144243,0.5273782089650243,5.6279626209757,0.8961723917324088
9.20,77.28083759926615,-1.1542638880540634,-4.941451337546021,77.01200374124235,7.483494499181842,-1.7545186354032571,5.6,11.9981539133219,7.21484057908696,6.37776146736291,0.2688338580237968,8.637758387235905,3.186932702142764,77.14642067025426,3.1646153055638893,-3.347984986474639,0.4667384699337302,6.3981539133219005,1.1425274843177453
9.21,77.28083759926615,-1.1542638880540634,-4.941451337546021,79.18286653163878,-3.3095292452135494,-4.94631438058617,2.59,3.05013061017096,3.33686376782772,2.94971467865535,1.9020289323726303,2.155265357159486,0.004863043040148618,78.23185206545247,-2.2318965666338064,-4.943882859066095,0.849143964692609,0.46013061017096035,0.17765660617502074
9.22,77.28083759926615,-1.1542638880540634,-4.941451337546021,78.7745370285751,-6.446953558426283,-5.387836560744241,4.09,6.30445062736551,5.26941035151172,4.65804364312755,1.493699429308947,5.292689670372219,0.44638522319822016,78.02768731392062,-3.800608723240173,-5.164643949145131,0.648748041835387,2.21445062736551,0.541430471106132
9.23,77.28083759926615,-1.1542638880540634,-4.941451337546021,78.78449626204798,-6.935087731600287,-5.36211888792022,4.05,6.79945999867833,5.21787577594682,4.61248820407496,1.503658662781831,5.780823843546224,0.42066755037419856,78.03266693065706,-4.044675809827176,-5.151785112733121,0.5956355357913126,2.74945999867833,0.6788790118517164
9.24,77.28083759926615,-1.1542638880540634,-4.941451337546021,80.67693443218161,-7.60810343837176,-3.527998578565983,4.02,8.02901891865947,5.17922484427314,4.57832162478552,3.396096832915461,6.453839550317697,1.4134527589800383,78.97888601572387,-4.381183663212912,-4.2347249580560025,0.5006838369949311,4.00901891865947,0.9972683874781596
9.25,77.28083759926615,-1.1542638880540634,-4.941451337546021,76.64361874828543,-8.15612090733997,-7.961804400203176,5.3,7.90547088989878,6.82833126235016,6.03609567446847,0.637218850980716,7.001857019285906,3.020353062657155,76.9622281737758,-4.655192397697016,-6.451627868874599,0.6704217968978491,2.60547088989878,0.49159828102022296
9.26,77.28083759926615,-1.1542638880540634,-4.941451337546021,72.84148560266213,2.192722710661954,-8.424291501410618,4.53,6.17953050943045,5.8362906827257,5.15915347270607,4.439351996604017,3.3469865987160174,3.482840163864597,75.06116160096414,0.5192294113039453,-6.682871419478319,0.7330653991195284,1.6495305094304493,0.3641347702133144
9.27,77.28083759926615,-1.1542638880540634,-4.941451337546021,75.40917490995861,4.7220712093367645,-4.934961079277933,5.08,8.3242331269453,6.54489109674317,5.78554075967921,1.8716626893075414,5.876335097390828,0.006490258268088134,76.34500625461237,1.7839036606413505,-4.938206208411977,0.6102664259781386,3.2442331269453,0.6386285681706045
9.28,77.28083759926615,-1.1542638880540634,-4.941451337546021,77.28083759926615,4.463042119903338,-2.8230932377448115,4.46,8.29596108774459,5.74610517548711,5.07943145436403,0.0,5.617306007957401,2.1183580998012097,77.28083759926615,1.654389115924637,-3.8822722876454163,0.537611007608393,3.8359610877445904,0.8600809611848675
9.29,77.28083759926615,-1.1542638880540634,-4.941451337546021,75.31958702301499,4.5898839244756235,-4.881350826513708,4.28,8.17645214278432,5.51419958544503,4.87443197862737,1.9612505762511603,5.744147812529687,0.06010051103231273,76.30021231114057,1.71781001821078,-4.911401082029865,0.5234544182165397,3.8964521427843204,0.9103860144565267
9.30,77.28083759926615,-1.1542638880540634,-4.941451337546021,76.97217778744937,-6.506082263989354,-7.698496522170739,4.3,6.34105228661701,5.53996687322749,4.89720969815366,0.30865981181678137,5.351818375935291,2.757045184624718,77.12650769335775,-3.8301730760217088,-6.31997392985838,0.6781208867173615,2.0410522866170098,0.47466332235868525
9.31,77.28083759926615,-1.1542638880540634,-4.941451337546021,80.9757805791606,-7.305484044029587,-3.893805952997531,4.05,7.7388066849918,5.21787577594682,4.61248820407496,3.6949429798944493,6.1512201559755235,1.04764538454849,79.12830908921337,-4.229873966041826,-4.417628645271776,0.523336499325019,3.6888066849917998,0.9108164652051811
9.32,77.28083759926615,-1.1542638880540634,-4.941451337546021,78.8442505618993,-5.99580358197227,-5.292289866101441,4.09,5.8561504574617,5.26941035151172,4.65804364312755,1.5634129626331514,4.8415396939182065,0.3508385285554194,78.06254408058273,-3.5750337350131667,-5.116870601823731,0.6984110174441053,1.7661504574617002,0.4318216276356671
9.33,77.28083759926615,-1.1542638880540634,-4.941451337546021,79.631057636881,-7.29595143728512,-3.8693322728317714,3.98,7.47646201509525,5.12769026870823,4.53276618573293,2.3502200376148465,6.141687549231056,1.0721190647142498,78.45594761807357,-4.225107662669592,-4.405391805188897,0.5323373530731377,3.49646201509525,0.8785080437730508
9.34,77.28083759926615,-1.1542638880540634,-4.941451337546021,78.06748184016347,-9.803804437349461,-7.56563805321977,5.08,9.33606052935789,6.54489109674317,5.78554075967921,0.7866442408973171,8.649540549295399,2.6241867156737486,77.67415971971481,-5.479034162701762,-6.253544695382896,0.544126720631412,4.256060529357891,0.8378071906535597
9.35,77.28083759926615,-1.1542638880540634,-4.941451337546021,74.27448518307732,1.6403853245626765,-8.027109409519873,3.87,5.00683993764582,4.98597018590474,4.4074887283383,3.0063524161888324,2.79464921261674,3.0856580719738522,75.77766139117173,0.24306071825430653,-6.484280373532947,0.7729426239750543,1.1368399376458198,0.29375708975505493
9.36,77.28083759926615,-1.1542638880540634,-4.941451337546021,74.58302109463983,6.625540693469767,-4.780473638379057,6.11,10.6876832306189,7.87190641753952,6.95859331528346,2.697816504626317,7.77980458152383,0.16097769916696425,75.93192934695298,2.7356384027078517,-4.860962487962539,0.571686105172346,4.5776832306188995,0.7492116579164791
9.37,77.28083759926615,-1.1542638880540634,-4.941451337546021,74.58302109463983,6.625540693469767,-4.780473638379057,4.6,10.6876832306189,5.92647618996429,5.23887549104811,2.697816504626317,7.77980458152383,0.16097769916696425,75.93192934695298,2.7356384027078517,-4.860962487962539,0.43040197770749444,6.0876832306189,1.3234093976729329
9.38,77.28083759926615,-1.1542638880540634,-4.941451337546021,77.75878858548211,2.614900742434867,-3.336906110794513,3.24,5.71062628670146,4.17430062075745,3.68999056325997,0.47795098621595855,3.7691646304889304,1.6045452267515081,77.51981309237414,0.7303184271904017,-4.139178724170267,0.5673633392851745,2.47062628670146,0.7625389771416422
9.39,77.28083759926615,-1.1542638880540634,-4.941451337546021,76.84274382993345,5.929397303488903,-4.020889833614971,4.2,9.82547150304091,5.41113043431522,4.78332110052218,0.4380937693326956,7.083661191542967,0.92056150393105,77.0617907145998,2.38756670771742,-4.481170585580497,0.4274604021061657,5.62547150304091,1.3393979765955981
9.40,77.28083759926615,-1.1542638880540634,-4.941451337546021,81.3941834489727,-7.909739769879742,-2.850788796386583,4.48,8.61403193829963,5.77187246326957,5.10220917389033,4.113345849706548,6.755475881825679,2.090662541159438,79.33751052411942,-4.532001828966903,-3.896120066966302,0.5200816564843442,4.13403193829963,0.9227749860216193
9.41,77.28083759926615,-1.1542638880540634,-4.941451337546021,78.6450718232454,-5.438714143761681,-5.153603616306857,3.54,5.25396781372322,4.56080993749426,4.03165635615441,1.3642342239792526,4.284450255707617,0.21215227876083542,77.96295471125578,-3.296489015907872,-5.047527476926438,0.6737764913747359,1.7139678137232197,0.4841716986550983
9.42,77.28083759926615,-1.1542638880540634,-4.941451337546021,77.6492552641592,3.172460734258975,-3.4219129931083447,4.02,6.45488091111166,5.17922484427314,4.57832162478552,0.3684176648930446,4.326724622313039,1.5195383444376764,77.46504643171266,1.0090984231024558,-4.181682165327183,0.6227845338644505,2.4348809111116605,0.6056917687825794
9.43,77.28083759926615,-1.1542638880540634,-4.941451337546021,76.03632403731503,-10.651047698986948,-9.501815437042582,5.91,10.1347585558193,7.61423353971499,6.7308161200205,1.2445135619511234,9.496783810932886,4.560364099496561,76.65858081829059,-5.9026557935205055,-7.221633387294302,0.5831416670526781,4.2247585558192995,0.7148491633002454
9.44,77.28083759926615,-1.1542638880540634,-4.941451337546021,74.73231833155242,0.860650223411974,-7.193716659426896,3.42,3.79076604369474,4.40620621079954,3.89499003899663,2.548519267713729,2.0149141114660374,2.2522653218808752,76.00657796540929,-0.14680683232104474,-6.067583998486459,0.9021923167182435,0.37076604369474,0.10841112385565171
9.45,77.28083759926615,-1.1542638880540634,-4.941451337546021,77.51980892622662,6.15475484302247,-2.15192178136534,5.25,10.4710693937981,6.76391304289402,5.97915137565273,0.23897132696046697,7.3090187310765335,2.789529556180681,77.40032326274638,2.5002454774842033,-3.5466865594556807,0.5013814541815697,5.2210693937981,0.9944894081530686
9.46,77.28083759926615,-1.1542638880540634,-4.941451337546021,72.64248538955191,11.328601550989415,-6.298751677000358,7.51,15.3360215143085,9.67561656231126,8.55303368212419,4.638352209714242,12.48286543904348,1.357300339454337,74.96166149440903,5.087168831467675,-5.62010150727319,0.4896967569133544,7.826021514308501,1.0420800949755553
10.1,74.189769129174,-10.957821272808976,6.524345794943476,74.85035187720989,-15.169501007296194,4.254144655244563,3.49,3.98682742609008,4.49639171803812,3.97471205733867,0.6605827480358926,4.211679734487218,2.270201139698913,74.52006050319194,-13.063661140052584,5.389245225094019,0.8753827608102149,0.4968274260900798,0.14235742863831585
10.2,74.189769129174,-10.957821272808976,6.524345794943476,75.0204998545346,-16.19408292185226,2.7754541419621415,4.65,5.2509481182749,5.99089440942042,5.29581978986385,0.8307307253606098,5.236261649043284,3.7488916529813343,74.6051344918543,-13.575952097330617,4.649899968452809,0.8855543597795279,0.6009481182748999,0.12923615443992767
10.3,74.189769129174,-10.957821272808976,6.524345794943476,72.98867630208115,-11.253987507896523,7.2162612568053675,1.47,1.02698726752424,1.89389565201033,1.67416238518276,1.2010928270928503,0.29616623508754714,0.6919154618618917,73.58922271562757,-11.10590439035275,6.870303525874421,1.4313712010396782,0.44301273247576,0.30136920556081004
10.4,74.189769129174,-10.957821272808976,6.524345794943476,71.55731508428195,-19.58140799564062,-3.3043917857678906,7.13,10.0134556424149,9.18603809444464,8.12025701112456,2.632454044892043,8.623586722831645,9.828737580711365,72.87354210672797,-15.269614634224798,1.6099770045877926,0.7120419018072813,2.8834556424149005,0.4044117309972635
10.5,74.189769129174,-10.957821272808976,6.524345794943476,71.72748052817926,3.6968551735274136,6.905117379459824,8.26,18.1020119022719,10.6418898541533,9.40719816436029,2.4622886009947393,14.65467644633639,0.3807715845163484,72.95862482867662,-3.630483049640781,6.7147315872016495,0.45630287087078,9.842011902271901,1.1915268645375756
10.6,74.189769129174,-10.957821272808976,6.524345794943476,73.42908229065533,-14.52794490338466,2.3793876193020758,4.37,4.51950691432988,5.63015238046607,4.9769317164957,0.7606868385186658,3.570123630575683,4.1449581756414,73.80942570991466,-12.742883088096818,4.451866707122775,0.9669196400999494,0.14950691432987995,0.034212108534477766
10.7,74.189769129174,-10.957821272808976,6.524345794943476,69.26499099849431,-8.513860027473951,-0.471875513389608,4.94,6.84909540328145,6.364520082266,5.62609672299514,4.924778130679684,2.443961245335025,6.996221308333084,71.72738006383415,-9.735840650141464,3.026235140776934,0.7212631316117962,1.9090954032814498,0.38645655929048445
10.8,74.189769129174,-10.957821272808976,6.524345794943476,71.68744188762278,-3.520636084882456,11.810255438395023,6.23,9.19368028371942,8.02651014423424,7.09525963244124,2.502327241551214,7.43718518792652,5.285909643451547,72.93860550839838,-7.239228678845716,9.16730061666925,0.6776394008778751,2.9636802837194196,0.4757111209058922
10.9,74.189769129174,-10.957821272808976,6.524345794943476,70.10586555178952,1.909976918773315,8.777699808134143,7.58,15.5872090776928,9.76580206954985,8.63275570046623,4.083903577384476,12.867798191582292,2.253354013190667,72.14781734048177,-4.52392217701783,7.65102280153881,0.4862961651269315,8.0072090776928,1.0563600364955725
10.10,74.189769129174,-10.957821272808976,6.524345794943476,72.78849009781344,-16.442955033236785,0.2569614688970878,5.96,6.69776905948316,7.67865175917112,6.78776041883624,1.4012790313605592,5.485133760427809,6.267384326046388,73.48912961349372,-13.700388153022882,3.390653631920282,0.8898485370545249,0.7377690594831599,0.1237867549260693
10.11,74.189769129174,-10.957821272808976,6.524345794943476,74.03963482458931,-17.493731704554705,-2.7972876653108214,6.59,8.78361960420569,8.4903213243184,7.50525858391457,0.15013430458468235,6.535910431745728,9.321633460254297,74.11470197688166,-14.225776488681841,1.8635290648163272,0.7502601770338937,2.19361960420569,0.33287095658161137
10.12,74.189769129174,-10.957821272808976,6.524345794943476,74.51005328635667,-17.96761329229346,1.5788883281974586,4.62,6.72872186039693,5.95224347774674,5.2616532105744,0.32028415718266956,7.009792019484484,4.945457466746017,74.34991120776533,-14.462717282551218,4.051617061570467,0.6866088530877179,2.1087218603969298,0.45643330301742346
10.13,74.189769129174,-10.957821272808976,6.524345794943476,72.9586531804394,-15.8109620730556,1.0725171537272926,5.09,5.93729835841459,6.5577747406344,5.79692961944236,1.2311159487345975,4.853140800246624,5.451828641216183,73.5742111548067,-13.384391672932288,3.798431474335384,0.8572922719857837,0.8472983584145899,0.16646333167939617
10.14,74.189769129174,-10.957821272808976,6.524345794943476,76.41167925861109,-15.021046906071645,5.679337935068207,3.47,3.7552982085253,4.47062443025567,3.95193433781238,2.2219101294370915,4.063225633262668,0.8450078598752686,75.30072419389253,-12.98943408944031,6.1018418650058415,0.9240278152074203,0.28529820852529975,0.0822185038740868
10.15,74.189769129174,-10.957821272808976,6.524345794943476,73.5291738783893,-0.3305794823205144,9.995266582644224,7.38,12.2856723169285,9.50812919172531,8.40497850520326,0.660595250784695,10.627241790488462,3.4709207877007477,73.85947150378165,-5.644200377564745,8.25980618879385,0.6006997263983962,4.9056723169284995,0.6647252461062024
10.16,74.189769129174,-10.957821272808976,6.524345794943476,70.96673394840067,-0.20214905627985447,10.731310163426212,7.66,12.8386476796895,9.86887122067966,8.72386657857141,3.223035180773323,10.755672216529122,4.206964368482736,72.57825153878733,-5.579985164544415,8.627827979184843,0.5966360469195943,5.178647679689499,0.6760636656675503
10.17,74.189769129174,-10.957821272808976,6.524345794943476,74.61014112525875,-15.950793641362537,-1.7694564438984983,6.87,7.61554552916972,8.85106335327275,7.82414665728271,0.4203719960847536,4.992972368553561,8.293802238841973,74.39995512721637,-13.454307457085758,2.3774446755224887,0.9021021505004245,0.7455455291697195,0.10852191107149892
10.18,74.189769129174,-10.957821272808976,6.524345794943476,72.10784680825807,-17.684740641912445,-0.653692296041819,6.56,7.82262154781645,8.45167039264472,7.47109200462512,2.081922320915922,6.726919369103468,7.178038090985295,73.14880796871603,-14.32128095736071,2.9353267494508284,0.8385935532050016,1.2626215478164502,0.192472796893899
10.19,74.189769129174,-10.957821272808976,6.524345794943476,75.07054320699378,-18.312416829501686,0.08944064949463204,6.52,7.60778459752415,8.40013581707981,7.42553656557253,0.8807740778197797,7.3545955566927095,6.434905145448844,74.63015616808389,-14.635119051155332,3.306893222219054,0.8570169036153873,1.0877845975241502,0.16683812842903561
10.20,74.189769129174,-10.957821272808976,6.524345794943476,74.65017659388936,-13.67459491294265,5.529687935528305,3.16,2.47681384503656,4.07123146962764,3.59887968515479,0.46040746471535954,2.716773640133674,0.9946578594151712,74.41997286153168,-12.316208092875813,6.02701686523589,1.2758326610038482,0.6831861549634399,0.2161981502364689
10.21,74.189769129174,-10.957821272808976,6.524345794943476,74.42998215113582,-19.11305758959986,-0.48883689055059243,6.11,8.22703078334347,7.87190641753952,6.95859331528346,0.24021302196182148,8.155236316790882,7.013182685494068,74.3098756401549,-15.035439431204416,3.0177544521964417,0.742673773827089,2.117030783343469,0.3464862165297844
10.22,74.189769129174,-10.957821272808976,6.524345794943476,75.07054320699378,-4.488568428164363,13.888937421722325,5.74,8.92740171346751,7.39521159356413,6.53720550404698,0.8807740778197797,6.469252844644613,7.364591626778849,74.63015616808389,-7.72319485048667,10.2066416083329,0.6429642334452037,3.1874017134675103,0.5552964656641487
10.23,74.189769129174,-10.957821272808976,6.524345794943476,75.78115155048378,-15.050449892796525,5.056707836515528,3.8,3.7721302129818,4.89578467866615,4.32776670999626,1.5913824213097882,4.092628619987549,1.4676379584279475,74.98546033982889,-13.00413558280275,5.790526815729502,1.0073883414509122,0.027869787018199865,0.007334154476543608
10.24,74.189769129174,-10.957821272808976,6.524345794943476,73.97958077423469,-3.9626780404307116,15.77876877116684,5.8,10.2063533380528,7.47251345691149,6.60553866262587,0.2101883549393051,6.995143232378265,9.254422976223363,74.08467495170434,-7.460249656619844,11.151557283055158,0.568273486849346,4.4063533380528,0.7597160926367387
10.25,74.189769129174,-10.957821272808976,6.524345794943476,74.34991173939501,-7.507715102390122,11.695884459373861,3.27,5.31572965892773,4.21295155243113,3.72415714254941,0.1601426102210155,3.450106170418854,5.171538664430385,74.2698404342845,-9.23276818759955,9.110115127158668,0.6151554366375466,2.0457296589277303,0.625605400092393
10.26,74.189769129174,-10.957821272808976,6.524345794943476,77.29239880449757,-14.611035397126326,6.72961672571204,3.12,3.66640756482572,4.01969689406273,3.55332424610219,3.10262967532357,3.6532141243173495,0.20527093076856406,75.74108396683579,-12.78442833496765,6.626981260327758,0.850969223684039,0.5464075648257198,0.17513062969570165
10.27,74.189769129174,-10.957821272808976,6.524345794943476,74.15974257126621,-13.793491424350268,5.514183284399721,2.62,2.54597996977329,3.3755146995014,2.98388125794479,0.030026557907788742,2.835670151541292,1.010162510543755,74.1747558502201,-12.375656348579621,6.019264539671598,1.0290732959710707,0.07402003022671,0.0282519199230756
10.28,74.189769129174,-10.957821272808976,6.524345794943476,71.76751980402139,-10.242282864787233,5.362930505391006,1.42,2.04964668511229,1.82947743255419,1.61721808636702,2.422249325152606,0.7155384080217431,1.1614152895524699,72.9786444665977,-10.600052068798105,5.94363815016724,0.6928023300900773,0.6296466851122902,0.44341315821751903
10.29,74.189769129174,-10.957821272808976,6.524345794943476,75.10056929481176,-16.606106133037535,2.1139598274259486,5.19,5.78942431394148,6.68661117954666,5.91081821707384,0.9108001656377667,5.648284860228559,4.410385967517527,74.64516921199288,-13.781963702923257,4.319152811184712,0.8964621899634353,0.5994243139414799,0.11549601422465969
10.30,74.189769129174,-10.957821272808976,6.524345794943476,71.90765451716463,-4.937254873659924,11.61091295802541,4.93,7.68027436114279,6.35163643837477,5.61470786323199,2.282114612009366,6.020566399149052,5.086567163081933,73.04871182316931,-7.94753807323445,9.067629376484442,0.6419041517970634,2.7502743611427904,0.5578649818630681
10.31,74.189769129174,-10.957821272808976,6.524345794943476,72.90860203473173,-10.873875223336215,6.813651969001278,1.54,0.979696970322365,1.98408115924891,1.7538844035248,1.2811670944422673,0.08394604947276108,0.2893061740578018,73.54918558195286,-10.915848248072596,6.668998881972376,1.5719146277663338,0.560303029677635,0.36383313591805316
10.32,74.189769129174,-10.957821272808976,6.524345794943476,72.55827418963963,-6.382965441338984,10.761210464388471,2.92,5.89576576316172,3.7620240162382,3.32554705083923,1.6314949395343632,4.574855831469993,4.236864669444995,73.37402165940682,-8.67039335707398,8.642778129665974,0.4952706937154202,2.9757657631617205,1.0190978637474735
10.33,74.189769129174,-10.957821272808976,6.524345794943476,76.34162095105118,-14.882402395901329,4.632341002692741,4.0,3.94593953160202,5.15345755649068,4.55554390525922,2.1518518218771874,3.924581123092352,1.8920047922507344,75.26569504011259,-12.920111834355152,5.578343398818109,1.0137002777035287,0.05406046839798018,0.013515117096116264
10.34,74.189769129174,-10.957821272808976,6.524345794943476,72.55827418963963,-5.113204354059986,10.840237754121219,4.74,7.10048887265841,6.10684720444146,5.39831952773218,1.6314949395343632,5.84461691874899,4.315891959177743,73.37402165940682,-8.035512813434481,8.682291774532347,0.667559668684868,2.3604888726584097,0.49799343294523546
10.35,74.189769129174,-10.957821272808976,6.524345794943476,73.77940075748981,-1.4901863607660881,18.992265234652717,8.17,13.6660515999594,10.5259370591322,9.30469842649196,0.4103683716841857,9.467634912042888,12.467919439709242,73.9845849433319,-6.2240038167875325,12.758305514798096,0.5978317833533161,5.496051599959401,0.6727113340620183
10.36,74.189769129174,-10.957821272808976,6.524345794943476,75.08055180298406,-14.204473803340722,0.8794451990380425,5.09,5.28317603449531,6.5577747406344,5.79692961944236,0.8907826738100653,3.2466525305317457,5.644900595905433,74.63516046607903,-12.581147538074848,3.701895496990759,0.9634356239130693,0.19317603449530996,0.0379520696379878
10.37,74.189769129174,-10.957821272808976,6.524345794943476,69.57531718538475,-9.890464667607624,3.8404507645099395,2.71,4.06117610968716,3.49146749452244,3.08638099581312,4.614451943789248,1.0673566052013523,2.6838950304335363,71.88254315727937,-10.424142970208301,5.182398279726708,0.6672943812676623,1.3511761096871604,0.49858897018028464
10.38,74.189769129174,-10.957821272808976,6.524345794943476,74.68020262508551,-1.9257909415547614,16.65407920800497,7.83,12.4424948200984,10.0878931668305,8.91747719454493,0.4904334959115175,9.032030331254216,10.129733413061494,74.43498587712975,-6.441806107181868,11.589212501474222,0.6292950178064677,4.6124948200984,0.5890797981493384
10.39,74.189769129174,-10.957821272808976,6.524345794943476,75.22067250838613,-15.122376806959714,3.1109603543943765,4.7,4.49695639167535,6.05531262887655,5.35276408867959,1.030903379212134,4.164555534150738,3.4133854405490993,74.70522081878006,-13.040099039884346,4.817653074668926,1.0451513400608838,0.2030436083246503,0.04320076771945734
10.40,74.189769129174,-10.957821272808976,6.524345794943476,74.80030778385454,-6.385549235090271,11.574022197739264,4.5,6.16796978197106,5.79763975105202,5.12498689341662,0.6105386546805391,4.572272037718705,5.0496764027957886,74.49503845651427,-8.671685253949624,9.04918399634137,0.7295755586260975,1.6679697819710597,0.3706599514667555
10.41,74.189769129174,-10.957821272808976,6.524345794943476,74.8603605108055,-5.284133059136941,13.101130236118452,4.72,7.84859286559447,6.08107991665901,5.37554180820588,0.6705913816315103,5.673688213672035,6.5767844411749765,74.52506481998975,-8.12097716597296,9.812738015530964,0.6013816846188409,3.12859286559447,0.6628374713838205
10.42,74.189769129174,-10.957821272808976,6.524345794943476,74.35992065617702,-6.292087854499917,13.163121329337368,5.72,7.0179858953495,7.36944430578168,6.51442778452069,0.1701515270030285,4.66573341830906,6.638775534393893,74.2748448926755,-8.624954563654446,9.843733562140422,0.8150486598976118,1.2979858953495,0.226920611035416
10.43,74.189769129174,-10.957821272808976,6.524345794943476,74.71022901939526,-3.5599924494217894,15.786523144884779,6.2,10.5742848301043,7.98785921256056,7.06109305315179,0.5204598902212609,7.3978288233871865,9.262177349941304,74.44999907428462,-7.258906861115383,11.155434469914127,0.5863280684252684,4.3742848301043,0.70552981119335
10.44,74.189769129174,-10.957821272808976,6.524345794943476,74.57010640067196,-7.213886672715885,10.995934779838045,4.21,5.18336775167247,5.42401407820645,4.79470996028533,0.3803372714979645,3.743934600093091,4.471588984894569,74.37993776492297,-9.08585397276243,8.76014028739076,0.8122132561073608,0.9733677516724697,0.23120374143498004
10.45,74.189769129174,-10.957821272808976,6.524345794943476,76.95212314050131,-15.364019724724399,5.07650921808962,3.45,4.2950473003555,4.44485714247322,3.92915661828608,2.762354011327318,4.406198451915422,1.447836576853856,75.57094613483765,-13.160920498766687,5.800427506516548,0.8032507578929792,0.8450473003554997,0.2449412464088575
10.46,74.189769129174,-10.957821272808976,6.524345794943476,74.85035187720989,-14.71869568340811,4.325807492986455,3.94,3.66535452481556,5.07615569314332,4.48721074668033,0.6605827480358926,3.7608744105991345,2.1985383019570204,74.52006050319194,-12.838258478108543,5.425076643964966,1.0749301253807992,0.2746454751844398,0.06970697337937382
10.47,74.189769129174,-10.957821272808976,6.524345794943476,70.36613057052227,-9.411708073673974,5.195572717238162,1.66,3.26537007203996,2.13868488594363,1.89055072068258,3.823638558651723,1.546113199135002,1.3287730777053142,72.27794984984814,-10.184764673241474,5.859959256090819,0.5083650437374746,1.6053700720399602,0.967090404260765
11.1,52.94949465205231,0.19904096652190173,1.5191338140406518,49.89331949711833,5.893771046774409,3.612976605829221,6.13,7.88354004615135,7.89767370532197,6.98137103480976,3.0561751549339817,5.694730080252508,2.0938427917885694,51.42140707458532,3.0464060066481555,2.5660552099349365,0.7775694628728401,1.7535400461513504,0.2860587350514342
11.2,52.94949465205231,0.19904096652190173,1.5191338140406518,52.84029074375127,-7.53807446563698,-2.6698668900756894,6.63,9.99108971674981,8.54185589988331,7.55081402296716,0.10920390830104054,7.737115432158881,4.189000704116341,52.89489269790179,-3.669516749557539,-0.5753665380175188,0.6635912785590725,3.3610897167498104,0.5069516917410043
11.3,52.94949465205231,0.19904096652190173,1.5191338140406518,53.40620489533106,5.49951958510797,7.208128178011064,7.58,7.76766902813346,9.76580206954985,8.63275570046623,0.4567102432787493,5.300478618586069,5.688994363970412,53.17784977369168,2.849280275814936,4.363630996025858,0.9758397238052255,0.18766902813345965,0.024758446980039737
11.4,52.94949465205231,0.19904096652190173,1.5191338140406518,53.39627537507775,-14.030026318715528,-6.451992336889156,12.38,15.5582908864454,15.9499511373387,14.0994083867773,0.4467807230254408,14.22906728523743,7.971126150929808,53.17288501356503,-6.915492676096813,-2.4664292614242522,0.7957172217412333,3.1782908864453994,0.25672785833511075
11.5,52.94949465205231,0.19904096652190173,1.5191338140406518,54.55818996930303,-6.059534672447853,-1.8694608805427393,5.33,8.56827984824575,6.86698219402384,6.07026225375791,1.6086953172507208,6.258575638969755,3.388594694583391,53.75384231067767,-2.9302468529629757,-0.17516353325104372,0.6220618483264398,3.2382798482457495,0.6075571946788353
11.6,52.94949465205231,0.19904096652190173,1.5191338140406518,56.76390130734205,-8.601064644804646,0.4934645734405496,6.6,11.0565886338786,8.50320496820963,7.51664744367772,3.814406655289744,8.800105611326547,1.0256692406001022,54.85669797969718,-4.201011839141373,1.0062991937406007,0.596929144960675,4.456588633878601,0.6752407020005092
11.7,52.94949465205231,0.19904096652190173,1.5191338140406518,47.77193163128765,3.423258568557408,-3.3644036201857963,7.4,8.10667284202404,9.53389647950777,8.42775622472956,5.177563020764659,3.2242176020355062,4.883537434226448,50.360713141669976,1.8111497675396548,-0.9226349030725722,0.912828251897183,0.7066728420240391,0.09549632999034362
11.8,52.94949465205231,0.19904096652190173,1.5191338140406518,53.32677239089837,-12.332351471543323,-6.470454715710616,10.68,14.4926634108083,13.7597316758301,12.1633022270421,0.3772777388460611,12.531392438065225,7.989588529751268,53.13813352147534,-6.06665525251071,-2.475660450834982,0.7369245870498982,3.8126634108083,0.35699095603476677
11.9,52.94949465205231,0.19904096652190173,1.5191338140406518,49.88340197199689,7.480217533434363,3.425087277972727,9.03,9.356036076722,11.6339304337777,10.2841403661227,3.0660926800554194,7.281176566912461,1.9059534639320752,51.4164483120246,3.8396292499781324,2.4721105460066894,0.9651523278647527,0.3260360767220014,0.036105877816821216
11.10,52.94949465205231,0.19904096652190173,1.5191338140406518,56.942798864607155,-12.47152850882699,-0.22823490326142615,9.59,14.1886510679735,12.3554144916864,10.921916512859,3.993304212554847,12.670569475348891,1.747368717302078,54.94614675832973,-6.136243771152545,0.6454494553896128,0.6758922996542336,4.598651067973501,0.47952565875849584
11.11,52.94949465205231,0.19904096652190173,1.5191338140406518,55.72049481489124,-11.637735239074853,1.2809189926308973,9.17,13.2256352310456,11.8143014482549,10.4435844028068,2.7710001628389307,11.836776205596756,0.23821482140975458,54.334994733471774,-5.719347136276475,1.4000264033357745,0.6933504394390955,4.055635231045599,0.4422721080265351
11.12,52.94949465205231,0.19904096652190173,1.5191338140406518,47.13786637310938,3.786979884459807,-5.107551817276379,10.65,9.51947504453215,13.7210807441564,12.1291356477527,5.811628278942926,3.587938917937905,6.626685631317031,50.04368051258085,1.9930104254908543,-1.7942090016178636,1.1187591699185606,1.13052495546785,0.1061525779682345
11.13,52.94949465205231,0.19904096652190173,1.5191338140406518,49.35784475204211,4.106215808408809,-0.7165566523724021,6.57,6.68903965887486,8.46455403653595,7.48248086438827,3.5916499000101965,3.9071748418869072,2.235690466413054,51.15366970204721,2.1526283874653553,0.4012885808341249,0.982203774244465,0.11903965887485946,0.01811866953679464
11.14,52.94949465205231,0.19904096652190173,1.5191338140406518,57.65847094600167,-9.03297727915897,-0.49449461472170775,7.61,11.7956810979443,9.80445300122353,8.66692227975567,4.7089762939493625,9.232018245680873,2.0136284287623596,55.30398279902699,-4.416968156318534,0.512319599659472,0.645151385169364,4.1856810979442995,0.5500237972922832
11.15,52.94949465205231,0.19904096652190173,1.5191338140406518,56.97261608404489,-10.910178665333781,-0.4556360699885298,9.65,13.0624517306996,12.4327163550338,10.9902496714379,4.023121431992578,11.109219631855684,1.9747698840291816,54.9610553680486,-5.355568849405939,0.531748872026061,0.7387587107083156,3.4124517306995994,0.35362194096849503
11.16,52.94949465205231,0.19904096652190173,1.5191338140406518,52.3042565413829,3.007990203580946,3.717981762973155,5.06,4.22131040909942,6.51912380896072,5.76276304015291,0.6452381106694105,2.808949237059044,2.198847948932503,52.6268755967176,1.6035155850514238,2.6185577885069033,1.1986799141550992,0.8386895909005796,0.165748930975263
11.17,52.94949465205231,0.19904096652190173,1.5191338140406518,49.92307093598225,1.8819724311480157,-3.277122924310616,6.1,5.90326058263535,7.85902277364829,6.94720445552031,3.026423716070056,1.682931464626114,4.796256738351268,51.43628279401728,1.0405066988349587,-0.878994555134982,1.033327245778382,0.1967394173646495,0.032252363497114286
11.18,52.94949465205231,0.19904096652190173,1.5191338140406518,49.228951135228726,9.375310223146915,3.358887333212923,10.71,11.221012100487,13.7983826075038,12.1974688063316,3.7205435168235823,9.176269256625012,1.8397535191722714,51.08922289364052,4.787175594834409,2.4390105736267875,0.9544593574211295,0.5110121004869992,0.04771354812691742
11.19,52.94949465205231,0.19904096652190173,1.5191338140406518,58.81175828934086,-14.543433325586442,2.8306500040249594,12.11,16.000241789128,15.6020927522755,13.7919091731723,5.8622636372885495,14.742474292108344,1.3115161899843075,55.88062647069658,-7.1721961795322695,2.1748919090328056,0.7568635623663985,3.8902417891280017,0.32124209651583485
11.20,52.94949465205231,0.19904096652190173,1.5191338140406518,58.18536579340443,-13.931507127969311,-0.5961910343944554,11.42,15.5392303589198,14.7131213237809,13.0060778495151,5.235871141352121,14.130548094491214,2.1153248484351073,55.56743022272837,-6.866233080723704,0.4614713898230982,0.7349141325207138,4.1192303589198005,0.3607031837617423
11.21,52.94949465205231,0.19904096652190173,1.5191338140406518,53.94242439837964,-1.722762756116547,0.15060341850956505,1.88,3.20516566219831,2.42212505155062,2.14110563547183,0.9929297463273343,1.9218037226384488,1.3685303955310868,53.445959525215976,-0.7618608947973227,0.8348686162751084,0.5865531450015663,1.3251656621983101,0.70487535185821
11.22,52.94949465205231,0.19904096652190173,1.5191338140406518,52.96935076553437,-1.2895190894633424,1.2898930190103908,1.79,2.17097781998751,2.30617225652958,2.0386058976035,0.01985611348206362,1.488560055985244,0.22924079503026107,52.95942270879334,-0.5452390614707203,1.4045134165255213,0.8245132597373955,0.38097781998751,0.21283677082383978
11.23,52.94949465205231,0.19904096652190173,1.5191338140406518,52.899855782071356,5.986379460175106,7.232009064165945,7.71,8.17251052906549,9.93328944013579,8.78081087738715,0.049638869980952904,5.787338493653205,5.712875250125293,52.92467521706183,3.092710213348504,4.3755714391032985,0.9434065544040623,0.4625105290654892,0.05998839546115445
11.24,52.94949465205231,0.19904096652190173,1.5191338140406518,52.88992884943639,12.85610537052756,11.944062654724497,12.0,14.2344693508989,15.4603726694721,13.6666317157777,0.05956580261592137,12.65706440400566,10.424928840683846,52.91971175074435,6.5275731685247305,6.731598234382575,0.843024049814627,2.2344693508989,0.18620577922605785
11.25,52.94949465205231,0.19904096652190173,1.5191338140406518,54.35954297533955,-9.433797869111638,-4.578881732608098,9.23,12.0929645200852,11.8916033116023,10.5119175613857,1.410048323287242,9.632838835633539,6.09801554664875,53.65451881369593,-4.617378451294869,-1.529873959283723,0.7632537070547626,2.8629645200851996,0.3101803380037941
11.26,52.94949465205231,0.19904096652190173,1.5191338140406518,45.781191609518665,5.469957516455127,-8.573011140874321,12.75,12.71034117367,16.4266459613141,14.5207961980138,7.168303042533644,5.270916549933225,10.092144954914973,49.36534313078549,2.834499241488514,-3.5269386634168347,1.0031202014788583,0.039658826329999286,0.0031104961825010814
11.27,52.94949465205231,0.19904096652190173,1.5191338140406518,49.24878089837526,10.114994111598163,3.6176889287323766,10.1,11.8259035282218,13.012480330139,11.5027483607795,3.70071375367705,9.915953145076262,2.0985551146917247,51.099137775213784,5.157017539060032,2.568411371386514,0.8540573644155735,1.7259035282218012,0.17088153743078413
11.28,52.94949465205231,0.19904096652190173,1.5191338140406518,53.793465286917524,-1.319130334306362,1.0651208416881275,1.79,2.39224621759296,2.30617225652958,2.0386058976035,0.8439706348652152,1.5181713008282638,0.45401297235252436,53.371479969484916,-0.5600446838922302,1.2921273278643897,0.7482507386103503,0.6022462175929602,0.33645040070196075
11.29,52.94949465205231,0.19904096652190173,1.5191338140406518,47.13786637310938,13.793262350071501,5.69914302578709,12.22,15.2863473625574,15.743812835079,13.9171866305669,5.811628278942926,13.594221383549598,4.180009211746438,50.04368051258085,6.996151658296702,3.609138419913871,0.7994061438857812,3.0663473625573996,0.2509285893867816
11.30,52.94949465205231,0.19904096652190173,1.5191338140406518,53.61472351472773,-1.114145155710733,4.126631048449481,2.29,3.01333248931824,2.95035445109092,2.6080488857609,0.6652288626754199,1.3131861222326346,2.6074972344088287,53.28210908339002,-0.4575520945944156,2.822882431245066,0.759955964818921,0.7233324893182398,0.3158657157215607
11.31,52.94949465205231,0.19904096652190173,1.5191338140406518,52.02635088056847,10.474467505621366,11.558030144897202,10.11,12.6948152092792,13.0253639740302,11.5141372205427,0.9231437714838364,10.275426539099463,10.03889633085655,52.48792276631039,5.336754236071634,6.538581979468927,0.796388118498469,2.584815209279201,0.2556691601408043
11.32,52.94949465205231,0.19904096652190173,1.5191338140406518,52.770799677277125,8.977238865123581,10.162047827004962,7.85,11.3127738188045,10.113660454613,8.94025491407122,0.17869497477518337,8.778197898601679,8.64291401296431,52.86014716466472,4.588139915822742,5.840590820522807,0.6939058558969455,3.4627738188045,0.4411176838679468
11.33,52.94949465205231,0.19904096652190173,1.5191338140406518,47.36571330530032,2.885115475238287,-2.439909912195515,8.18,7.65814484246802,10.5388207030234,9.31608728625511,5.583781346751991,2.686074508716385,3.9590437262361666,50.15760397867631,1.5420782208800943,-0.46038804907743147,1.0681438086114412,0.5218551575319799,0.06379647401811533
11.34,52.94949465205231,0.19904096652190173,1.5191338140406518,53.694163361691935,9.711978241899677,10.859719484304865,9.98,12.0143514993733,12.8578766034443,11.3660820436218,0.7446687096396261,9.512937275377777,9.340585670264213,53.32182900687212,4.955509604210789,6.189426649172758,0.8306732160857713,2.034351499373299,0.20384283558812186
11.35,52.94949465205231,0.19904096652190173,1.5191338140406518,53.73388340622755,-12.883814394448246,-7.513898628608118,12.56,15.0774214127843,16.1818567273807,14.304407862514,0.7843887541752395,13.082855360970147,9.03303244264877,53.34168902913993,-6.342386713963172,-2.997382407283733,0.8330336902646506,2.5174214127842998,0.20043164112928885
11.36,52.94949465205231,0.19904096652190173,1.5191338140406518,50.08175393560724,1.5141727557947404,-2.428460497694407,7.07,5.0820603372297,9.10873623109728,8.05192385254567,2.86774071644507,1.3151317892728387,3.9475943117350587,51.515624293829774,0.8566068611583211,-0.4546633418268775,1.3911680557619637,1.9879396627702999,0.28117958451048375
11.37,52.94949465205231,0.19904096652190173,1.5191338140406518,45.56341448274691,6.131403816445058,-11.192977293579819,13.05,14.2191272925544,16.8131552780509,14.8624619909082,7.3860801693054015,5.932362849923156,12.712111107620471,49.25645456739961,3.16522239148348,-4.836921739769584,0.9177778446301433,1.1691272925543998,0.08958829827316563
11.38,52.94949465205231,0.19904096652190173,1.5191338140406518,51.28208614221114,3.982104630713579,2.5057148805348595,6.1,5.3245952570902,7.85902277364829,6.94720445552031,1.6674085098411666,3.783063664191677,0.9865810664942076,52.115790397131725,2.0905727986177403,2.0124243472877557,1.1456269827705021,0.7754047429097994,0.1271155316037187
11.39,52.94949465205231,0.19904096652190173,1.5191338140406518,55.36282261842288,-6.681915962535756,-3.3464319774108464,7.38,9.70295387957979,9.50812919172531,8.40497850520326,2.4133279663705736,6.880956929057658,4.865565791451498,54.156158635237595,-3.241437498006927,-0.9136490816850973,0.760593123581766,2.3229538795797895,0.31476339827439376
11.40,52.94949465205231,0.19904096652190173,1.5191338140406518,58.88136322840954,-14.167771979946565,0.2089360699059517,10.08,15.8513722628156,12.9867130423565,11.4799706412532,5.931868576357232,14.366812946468468,1.3101977441347001,55.915428940230925,-6.984365506712331,0.8640349419733018,0.6359070894454935,5.7713722628156,0.5725567720479209
11.41,52.94949465205231,0.19904096652190173,1.5191338140406518,57.539183714688505,-13.100884220386966,0.466459960335186,8.41,14.7406144420751,10.8351445125217,9.57803106080751,4.589689062636197,13.299925186908869,1.0526738537054658,55.24433918337041,-6.450921626932532,0.9927968871879189,0.5705325264748974,6.330614442075101,0.7527484472440371
11.42,52.94949465205231,0.19904096652190173,1.5191338140406518,58.364325536987536,-15.73683379929408,0.17644198740129902,10.41,16.6744294516605,13.411873290767,11.8558030134371,5.414830884935228,15.935874765815981,1.3426918266393528,55.65691009451992,-7.76889641638609,0.8477879007209754,0.6243092172691417,6.264429451660501,0.6017703603322507
11.43,52.94949465205231,0.19904096652190173,1.5191338140406518,56.25706798389214,-9.932522857216853,0.36300884700448677,8.27,12.0423613638937,10.6547734980445,9.41858702412344,3.3075733318398335,10.131563823738755,1.156124967036165,54.603281317972225,-4.866740945347475,0.9410713305225693,0.6867423879264231,3.772361363893701,0.4561501044059917
11.44,52.94949465205231,0.19904096652190173,1.5191338140406518,52.40351547691999,3.66078362908423,5.469805374323622,6.19,5.50907384157265,7.97497556866933,7.04970419338865,0.5459791751323166,3.461742662562328,3.95067156028297,52.67650506448615,1.9299122978030658,3.494469594182137,1.1236008405197504,0.6809261584273507,0.11000422589940977
11.45,52.94949465205231,0.19904096652190173,1.5191338140406518,52.88992884943639,7.09849919998301,8.822031922210538,8.99,9.55856446349756,11.5823958582128,10.2385849270701,0.05956580261592137,6.899458233461108,7.302898108169886,52.91971175074435,3.648770083252456,5.170582868125595,0.9405177977708552,0.5685644634975606,0.06324410049324988
11.46,52.94949465205231,0.19904096652190173,1.5191338140406518,61.04958820448236,-16.26013464284992,4.167492111696225,14.13,17.7772569913993,18.2045888183033,16.0924588453282,8.100093552430053,16.459175609371822,2.648358297655573,56.999541428267335,-8.030546838164009,2.8433129628684384,0.7948357840605729,3.647256991399301,0.2581215138811875
11.47,52.94949465205231,0.19904096652190173,1.5191338140406518,48.90178879590782,11.944949597308629,5.567431100786724,11.66,13.4164295022239,15.0223287771703,13.2794104838306,4.047705856144489,11.745908630786726,4.048297286746072,50.925641723980064,6.071995281915266,3.543282457413688,0.8690836855810379,1.7564295022239005,0.15063717856545997
11.48,52.94949465205231,0.19904096652190173,1.5191338140406518,53.65444303169066,-10.99729427798607,-5.611610945255219,9.31,13.4196224618472,11.9946724627321,10.6030284394908,0.7049483796383527,11.19633524450797,7.130744759295871,53.301968841871485,-5.3991266557320845,-2.0462385656072835,0.6937602027013154,4.1096224618472,0.44142024290072823
12.1,50.68720611576005,-17.243438663876788,19.088589323181992,53.55985696235166,-26.78187673914101,15.881908667557877,6.04,6.66058995589551,7.78172091030093,6.87887129694142,2.872650846591611,9.53843807526422,3.2066806556241154,52.123531539055854,-22.0126577015089,17.485248995369936,0.9068265782893553,0.6205899558955101,0.10274668142264295
12.2,50.68720611576005,-17.243438663876788,19.088589323181992,49.24574260814828,-28.597081631411612,7.728616111178943,8.48,10.2900837503805,10.9253300197603,9.65775307914955,1.4414635076117719,11.353642967534824,11.359973212003048,49.96647436195416,-22.9202601476442,13.408602717180468,0.8240943616092861,1.8100837503804996,0.21345327242535922
12.3,50.68720611576005,-17.243438663876788,19.088589323181992,54.55069685163413,-32.0089734817251,13.37690830746765,7.29,9.79751712607686,9.39217639670427,8.30247876733493,3.8634907358740804,14.765534817848312,5.711681015714342,52.61895148369709,-24.626206072800944,16.232748815324822,0.7440660634165188,2.50751712607686,0.3439666839139771
12.4,50.68720611576005,-17.243438663876788,19.088589323181992,51.908373836488664,-26.773400681091353,14.791900652960255,4.99,6.51788029466869,6.42893830172213,5.68304102181088,1.2211677207286158,9.529962017214565,4.296688670221737,51.297789976124356,-22.00841967248407,16.94024498807112,0.7655863215708321,1.52788029466869,0.3061884357439883
12.5,50.68720611576005,-17.243438663876788,19.088589323181992,50.456978969409505,-22.88090649906399,14.726943310581941,5.89,4.70262597804704,7.58846625193253,6.7080384004942,0.23022714635054342,5.637467835187202,4.361646012600051,50.57209254258478,-20.06217258147039,16.90776631688197,1.2524916985198074,1.1873740219529596,0.2015915147285854
12.6,50.68720611576005,-17.243438663876788,19.088589323181992,47.603951931060706,-8.249779617565734,21.00988967593047,8.6,7.60091174939945,11.079933746455,9.79441939630733,3.083254184699342,8.993659046311054,1.921300352748478,49.14557902341038,-12.746609140721262,20.04923949955623,1.131443211342119,0.9990882506005496,0.11617305238190426
12.7,50.68720611576005,-17.243438663876788,19.088589323181992,53.60990048049577,-31.080836997757988,13.712380414268122,10.64,9.03416861904815,13.7081971002652,12.1177467879895,2.922694364735719,13.8373983338812,5.3762089089138705,52.14855329812791,-24.162137830817386,16.40048486872506,1.177750875314445,1.6058313809518499,0.1509240019549742
12.8,50.68720611576005,-17.243438663876788,19.088589323181992,49.485992964011146,-14.832165627418625,19.90020851738723,3.91,2.14348211888002,5.03750476146964,4.45304416739089,1.2012131517489024,2.4112730364581623,0.8116191942052389,50.0865995398856,-16.037802145647706,19.49439892028461,1.824134646954209,1.76651788111998,0.45179485439084016
12.9,50.68720611576005,-17.243438663876788,19.088589323181992,52.91929468093518,-26.86767135352497,14.538832778528432,8.05,6.90130268313524,10.3713333324375,9.16803210933419,2.2320885651751325,9.624232689648181,4.54975654465356,51.803250398347615,-22.05555500870088,16.81371105085521,1.1664464476402974,1.1486973168647605,0.1426953188474615
12.10,50.68720611576005,-17.243438663876788,19.088589323181992,50.34686963772313,-19.01941787427175,18.14529822581753,2.86,1.40038005091398,3.68472215289084,3.25721389226034,0.34033647803691736,1.7759792103949614,0.9432910973644617,50.51703787674159,-18.13142826907427,18.61694377449976,2.042302727813834,1.4596199490860198,0.510356625376106
12.11,50.68720611576005,-17.243438663876788,19.088589323181992,43.25847686760917,-12.965560110246049,4.228353060057211,12.11,11.6549479846009,15.6020927522755,13.7919091731723,7.42872924815088,4.277878553630739,14.860236263124781,46.972841491684605,-15.104499387061418,11.6584711916196,1.0390436761246205,0.4550520153990991,0.03757654957568312
12.12,50.68720611576005,-17.243438663876788,19.088589323181992,50.627146425123414,-5.1016154790415325,30.12376554282985,12.77,11.6877550049753,16.4524132490965,14.5435739175401,0.060059690636634855,12.141823184835255,11.035176219647859,50.65717627044173,-11.172527071459161,24.60617743300592,1.0925964818283245,1.0822449950247002,0.0847490207470596
12.13,50.68720611576005,-17.243438663876788,19.088589323181992,49.325826601844355,-23.20152353059196,13.821714712907418,7.82,5.41949519362162,10.0750095229393,8.90608833478178,1.3613795139156935,5.958084866715172,5.266874610274574,50.0065163588022,-20.222481097234372,16.455152018044707,1.442938819792787,2.4005048063783807,0.3069699240500525
12.14,50.68720611576005,-17.243438663876788,19.088589323181992,50.88740204091576,-15.132021003758267,21.977049704671316,3.98,2.42705530823491,5.12769026870823,4.53276618573293,0.20019592515571105,2.111417660118521,2.888460381489324,50.787304078337904,-16.187729833817528,20.532819513926654,1.6398472605284924,1.5529446917650902,0.390187108385654
12.15,50.68720611576005,-17.243438663876788,19.088589323181992,57.8832794383182,-29.91690173447037,23.21905635841763,8.79,9.22281052475809,11.3247229803883,10.0108077318071,7.196073322558149,12.67346307059358,4.13046703523564,54.28524277703912,-23.58017019917358,21.153822840799812,0.9530717318165316,0.4328105247580911,0.049238967543669195
12.16,50.68720611576005,-17.243438663876788,19.088589323181992,45.8018212819208,-5.139302166581539,23.99140252378854,13.31,11.2908835918054,17.1481300192228,15.1585723447501,4.885384833839247,12.104136497295249,4.902813200606548,48.24451369884042,-11.191370415229162,21.539995923485264,1.1788271387795717,2.0191164081946003,0.1516992042105861
12.17,50.68720611576005,-17.243438663876788,19.088589323181992,49.7963123956265,-24.941128254686305,11.721474324830151,11.08,7.00229636729874,14.2750774314792,12.618856617568,0.8908937201335476,7.697689590809517,7.367114998351841,50.241759255693275,-21.092283459281546,15.405031824006072,1.5823380527225481,4.07770363270126,0.3680237935318805
12.18,50.68720611576005,-17.243438663876788,19.088589323181992,46.152250099767,-3.4899343688840623,23.22116122836905,12.77,12.3574182737069,16.4524132490965,14.5435739175401,4.534956015993046,13.753504294992725,4.132571905187056,48.419728107763525,-10.366686516380424,21.15487527577552,1.0333873723557265,0.41258172629309975,0.032308670811338376
12.19,50.68720611576005,-17.243438663876788,19.088589323181992,52.078532023628114,-25.760270365742855,14.282489019719268,7.26,6.31163538859848,9.35352546503059,8.26831218804549,1.3913259078680653,8.516831701866067,4.806100303462724,51.38286906969408,-21.50185451480982,16.68553917145063,1.1502565582233117,0.9483646114015194,0.13062873433483344
12.20,50.68720611576005,-17.243438663876788,19.088589323181992,47.30360998215753,-16.408548232350995,14.472081130043913,5.12,4.22757589730721,6.59642567230808,5.8310961987318,3.3835961336025164,0.8348904315257926,4.616508193138079,48.995408048958794,-16.82599344811389,16.78033522661295,1.2110959384668012,0.8924241026927904,0.17430158252314235
12.21,50.68720611576005,-17.243438663876788,19.088589323181992,50.827342981663364,-18.614689693384477,18.422050047295645,2.6,1.0402813816238,3.34974741171895,2.96110353841849,0.1401368659033153,1.3712510295076896,0.6665392758863469,50.757274548711706,-17.929064178630632,18.755319685238817,2.4993237824195935,1.5597186183762002,0.5998917760678109
12.22,50.68720611576005,-17.243438663876788,19.088589323181992,47.18347191524837,-7.273585809552674,21.926954952489442,10.61,8.69473886116204,13.6695461685915,12.0835802087001,3.50373420051168,9.969852854324113,2.83836562930745,48.93533901550421,-12.258512236714731,20.507772137835715,1.2202781668547673,1.915261138837959,0.18051471617883547
12.23,50.68720611576005,-17.243438663876788,19.088589323181992,50.927440811531156,-18.80287120222235,18.553361235668486,2.32,1.11897442513777,2.9890053827646,2.64221546505035,0.24023469577110745,1.5594325383455612,0.5352280875135058,50.8073234636456,-18.023154933049568,18.82097527942524,2.0733270982855845,1.2010255748622298,0.5176834372174769
12.24,50.68720611576005,-17.243438663876788,19.088589323181992,49.35585808800418,-16.146426207057974,18.888681094681303,1.9,1.49007178037526,2.44789233933308,2.16388335499813,1.3313480277558654,1.0970124568188133,0.19990822850068923,50.021532101882116,-16.69493243546738,18.988635208931647,1.2751063564510947,0.40992821962474,0.21575169442578332
12.25,50.68720611576005,-17.243438663876788,19.088589323181992,49.646158413647484,-26.968789485233735,9.567509867042068,10.42,8.79943036052125,13.4247569346582,11.8671918732003,1.0410477021125644,9.725350821356948,9.521079456139924,50.166682264703766,-22.10611407455526,14.32804959511203,1.1841675622055363,1.6205696394787505,0.15552491740146118
12.26,50.68720611576005,-17.243438663876788,19.088589323181992,44.97077469115865,-15.354644839341736,12.724429429894691,7.8,6.66210909248954,10.0492422351568,8.88331061525548,5.716431424601396,1.8887938245350515,6.364159893287301,47.82899040345935,-16.299041751609263,15.906509376538342,1.1708004012756934,1.1378909075104602,0.14588344966212521
12.27,50.68720611576005,-17.243438663876788,19.088589323181992,50.807323767321535,-12.830867803389157,23.444462208578365,6.71,4.35652870213729,8.64492505101312,7.64192490107234,0.12011765156148613,4.41257086048763,4.355872885396373,50.74726494154079,-15.037153233632973,21.26652576588018,1.5402170988034334,2.3534712978627104,0.35074087891385536
12.28,50.68720611576005,-17.243438663876788,19.088589323181992,57.17275820395649,-29.582061823443972,21.310426800165526,9.73,8.74227838472152,12.5357855061636,11.0813605495431,6.485552088196442,12.338623159567184,2.2218374769835343,53.92998215985827,-23.41275024366038,20.19950806167376,1.1129821736049603,0.9877216152784811,0.10151301286505324
12.29,50.68720611576005,-17.243438663876788,19.088589323181992,50.75727454026871,-6.6968808529319634,28.77403526514132,11.97,10.2148964762495,15.4217217377984,13.6324651364882,0.07006842450866202,10.546557810944824,9.685445941959326,50.72224032801438,-11.970159758404375,23.931312294161657,1.1718180430569656,1.7551035237505008,0.14662518994184423
12.30,50.68720611576005,-17.243438663876788,19.088589323181992,44.65035894434977,-14.814805735267889,11.888223246191131,9.85,7.19928098018919,12.6903892328583,11.2180268667008,6.03684717141028,2.4286329286088986,7.200366076990861,47.66878253005491,-16.02912219957234,15.488406284686562,1.368192188322251,2.6507190198108095,0.2691085299027108
12.31,50.68720611576005,-17.243438663876788,19.088589323181992,43.74915628028353,-13.682660341423958,7.30756334529159,10.75,9.73738055523606,13.8499171830687,12.2430242453842,6.938049835476519,3.5607783224528298,11.781025977890401,47.21818119802179,-15.463049502650373,13.198076334236791,1.1039930028323104,1.0126194447639403,0.09419715764369703
12.32,50.68720611576005,-17.243438663876788,19.088589323181992,53.83008925504784,-28.336635135633557,15.227454871505941,9.05,7.58629544560474,11.6596977215602,10.306918085649,3.1428831392877896,11.09319647175677,3.861134451676051,52.25864768540394,-22.790036899755172,17.158022097343967,1.1929406208468118,1.4637045543952611,0.1617353098600581
12.33,50.68720611576005,-17.243438663876788,19.088589323181992,47.83421155774846,-9.45870668750376,22.05755336761377,7.92,6.85672702486739,10.2038459618516,9.01997693241326,2.852994558011588,7.784731976373028,2.968964044431779,49.260708836754254,-13.351072675690274,20.57307134539788,1.1550700458281848,1.0632729751326098,0.13425163825736844
12.34,50.68720611576005,-17.243438663876788,19.088589323181992,50.19671825509862,-25.38415423860346,10.628807096593773,7.13,7.66013625204074,9.18603809444464,8.12025701112456,0.4904878606614318,8.140715574726674,8.459782226588219,50.44196218542933,-21.313796451240123,14.858698209887883,0.9307928429040281,0.53013625204074,0.07435291051421979
12.35,50.68720611576005,-17.243438663876788,19.088589323181992,55.27128663928123,-28.498856958612983,20.370690756969445,7.11,7.28813430736751,9.16027080666219,8.09747929159827,4.58408052352118,11.255418294736195,1.282101433787453,52.97924637752064,-22.871147811244885,19.72964004007572,0.9755583115197269,0.17813430736750924,0.02505405166560551
12.36,50.68720611576005,-17.243438663876788,19.088589323181992,51.84831805143101,-25.065328731762094,17.068079282141678,5.6,4.98920265062649,7.21484057908696,6.37776146736291,1.1611119356709594,7.821890067885306,2.020510041040314,51.26776208359553,-21.15438369781944,18.078334302661837,1.1224238402451718,0.6107973493735095,0.1090709552257926
12.37,50.68720611576005,-17.243438663876788,19.088589323181992,56.061912337295496,-29.18965434788534,20.56707145751846,8.55,7.97756687829088,11.0155155269988,9.73747509749159,5.3747062215354475,11.946215684008553,1.478482134336467,53.37455922652777,-23.216546505881063,19.827830390350226,1.0717553521481733,0.5724331217091203,0.06695124229732971
12.38,50.68720611576005,-17.243438663876788,19.088589323181992,48.885361339788005,-12.671771319739566,20.33378054754056,3.96,3.83001570694017,5.10192298092578,4.50998846620663,1.801844775972043,4.5716673441372215,1.2451912243585674,49.78628372777403,-14.957604991808177,19.711184935361274,1.033938318265994,0.12998429305983006,0.03282431642096104
12.39,50.68720611576005,-17.243438663876788,19.088589323181992,52.138587413806704,-26.664215757054798,15.176192157728607,8.05,6.3823205571016,10.3713333324375,9.16803210933419,1.4513812980466554,9.42077709317801,3.9123971654533847,51.412896764783376,-21.953827210465793,17.1323907404553,1.2612967222057623,1.6676794428984003,0.20716514816040185
12.40,50.68720611576005,-17.243438663876788,19.088589323181992,51.09760598223461,-10.01201231163068,25.88670784875733,7.77,7.06726870556402,10.0105913034832,8.84914403596604,0.41039986647456317,7.231426352246107,6.798118525575337,50.89240604899733,-13.627725487753734,22.48764858596966,1.0994346362949647,0.7027312944359796,0.09044160802387877
12.41,50.68720611576005,-17.243438663876788,19.088589323181992,51.277779237043205,-18.61067700117236,18.043229835655193,2.97,1.31665492955164,3.82644223569433,3.38249134965497,0.5905731212831569,1.3672383372955714,1.0453594875267989,50.98249267640163,-17.927057832524575,18.565909579418594,2.2557163088704315,1.65334507044836,0.5566818417143697
12.42,50.68720611576005,-17.243438663876788,19.088589323181992,47.18347191524837,-15.201212059547387,17.29165318404845,4.42,3.75235991851935,5.69457059992221,5.03387601531144,3.50373420051168,2.0422266043294,1.7969361391335426,48.93533901550421,-16.222325361712087,18.19012125361522,1.1779253842382396,0.6676400814806498,0.1510497921560181
12.43,50.68720611576005,-17.243438663876788,19.088589323181992,51.02753775072448,-8.512787721897341,27.24408044284007,9.28,8.51643012145305,11.9560215310584,10.5688618602014,0.34033163496442853,8.730650941979446,8.155491119658077,50.85737193324226,-12.878113192887064,23.166334883011032,1.0896584445087907,0.7635698785469494,0.08228123690352028
12.44,50.68720611576005,-17.243438663876788,19.088589323181992,51.988448441794134,-23.716447864933375,16.66956538263078,4.3,4.51748532216126,5.53996687322749,4.89720969815366,1.3012423260340853,6.473009201056588,2.419023940551213,51.33782727877709,-20.47994326440508,17.879077352906386,0.9518569939682576,0.21748532216126026,0.05057798188620518
12.45,50.68720611576005,-17.243438663876788,19.088589323181992,48.31474377977597,-11.183718029032397,21.48209999409606,5.84,5.33640900021177,7.5240480324764,6.65109410167846,2.372462335984082,6.059720634844391,2.3935106709140683,49.50097494776801,-14.213578346454593,20.285344658639026,1.0943688908915858,0.50359099978823,0.08623133556541072
12.46,50.68720611576005,-17.243438663876788,19.088589323181992,48.95543513840977,-17.483452592120805,16.798135995387796,2.97,2.2009567307452,3.82644223569433,3.38249134965497,1.7317709773502798,0.2400139282440179,2.2904533277941965,49.82132062708491,-17.363445627998797,17.943362659284894,1.3494131698104779,0.7690432692548002,0.25893712760803467
12.47,50.68720611576005,-17.243438663876788,19.088589323181992,50.677196852796584,-12.134688705715712,24.212056514063306,5.23,5.08328368192045,6.73814575511157,5.95637365612643,0.010009262963464494,5.108749958161075,5.123467190881314,50.682201484278316,-14.689063684796249,21.65032291862265,1.0288625082193443,0.14671631807955077,0.02805283327944511
12.48,50.68720611576005,-17.243438663876788,19.088589323181992,49.636147935117236,-27.995281905094316,8.503089407596342,9.76,9.66748933033241,12.5744364378373,11.1155271288325,1.051058180642812,10.751843241217529,10.58549991558565,50.16167702543864,-22.619360284485552,13.795839365389167,1.0095692547979094,0.0925106696675897,0.009478552219068764
13.1,74.189769129174,14.878296791982159,-2.810230599148067,82.71666040339689,2.045229306278651,1.8026342335941026,7.93,14.1163346060489,10.2167296057428,9.03136579217641,8.52689127422289,12.833067485703507,4.6128648327421695,78.45321476628544,8.461763049130404,-0.5037981827769822,0.5617605575912181,6.1863346060489,0.78011785690653
13.2,74.189769129174,14.878296791982159,-2.810230599148067,70.26841193221965,19.79599367370366,-6.218524039994655,4.39,4.75379289343573,5.65591966824853,4.999709436022,3.9213571969543466,4.9176968817215005,3.408293440846588,72.22909053069682,17.337145232842907,-4.514377319571361,0.9234731292434833,0.36379289343572996,0.0828685406270755
13.3,74.189769129174,14.878296791982159,-2.810230599148067,66.94633283999993,26.853664836829992,-4.9954478935569036,6.72,8.88715062015262,8.65780869490435,7.65331376083549,7.2434362891740705,11.975368044847833,2.1852172944088366,70.56805098458696,20.865980814406075,-3.9028392463524852,0.7561478685874291,2.1671506201526194,0.3224926517604355
13.4,74.189769129174,14.878296791982159,-2.810230599148067,73.64222553468153,16.519655363599895,-1.6399759576202877,2.03,1.50205001723448,2.61537970991902,2.31193853191905,0.5475435944924669,1.6413585716177366,1.1702546415277792,73.91599733192777,15.698976077791027,-2.2251032783841773,1.3514862856471823,0.5279499827655199,0.26007388300760886
13.5,74.189769129174,14.878296791982159,-2.810230599148067,77.0277293039777,7.950888686989455,-4.266886054846086,4.26,6.35744834875427,5.48843229766258,4.85165425910107,2.8379601748036976,6.927408104992704,1.4566554556980194,75.60874921657584,11.414592739485807,-3.5385583269970766,0.6700801588367853,2.09744834875427,0.4923587671976317
13.6,74.189769129174,14.878296791982159,-2.810230599148067,81.4211342916447,2.2447834504533137,-0.7291224256781748,7.33,13.0287562245958,9.44371097226918,8.34803420638752,7.231365162470709,12.633513341528845,2.081108173469892,77.80545171040936,8.561540121217735,-1.7696765124131209,0.5626016691907828,5.698756224595799,0.7774565107528435
13.7,74.189769129174,14.878296791982159,-2.810230599148067,78.37240209281721,7.012906279619758,-0.9717987065614775,5.29,7.41620919253633,6.81544761845893,6.02470681470532,4.182632963643215,7.865390512362401,1.8384318925865895,76.2810856109956,10.945601535800957,-1.8910146528547722,0.7133024247226671,2.1262091925363302,0.4019299039951607
13.8,74.189769129174,14.878296791982159,-2.810230599148067,69.95998837278687,19.799919596725,-5.283118485694915,4.84,4.72412226181429,6.23568364335373,5.51220812536366,4.229780756387129,4.921622804742842,2.4728878865468484,72.07487875098043,17.339108194353578,-4.046674542421491,1.024528945429257,0.11587773818571012,0.02394168143838191
13.9,74.189769129174,14.878296791982159,-2.810230599148067,72.60699481387546,17.716692344097005,-2.8508057224451377,2.65,2.28097015923718,3.41416563117508,3.01804783723423,1.5827743152985363,2.8383955521148465,0.0405751232970708,73.39838197152473,16.297494568039582,-2.8305181607966023,1.1617863513499218,0.3690298407628201,0.13925654363153342
13.10,74.189769129174,14.878296791982159,-2.810230599148067,70.35795748110682,22.247082665096617,0.2870209586135042,5.9,5.90052929420847,7.60134989582376,6.71942726025735,3.8318116480671733,7.368785873114458,3.097251557761571,72.27386330514041,18.56268972853939,-1.2616048202672814,0.9999102969950681,0.0005292942084693664,8.971088277621279e-05
13.11,74.189769129174,14.878296791982159,-2.810230599148067,79.72726100384654,4.2009553449864345,-3.252156217814939,5.8,10.5194283724702,7.47251345691149,6.60553866262587,5.53749187467254,10.677341446995724,0.44192561866687186,76.95851506651027,9.539626068484296,-3.031193408481503,0.5513607578361853,4.7194283724702,0.8136945468373286
13.12,74.189769129174,14.878296791982159,-2.810230599148067,82.16853256183944,0.1773842110063817,-0.4980395395279391,8.24,15.6806040433644,10.6161225663708,9.384420444834,7.9787634326654455,14.700912580975777,2.312191059620128,78.17915084550671,7.52784050149427,-1.654135069338003,0.5254899605070668,7.4406040433644005,0.9029859274831813
13.13,74.189769129174,14.878296791982159,-2.810230599148067,79.45826470681745,5.374537955529446,0.4601817346911119,5.7,9.46036857966095,7.34367701799923,6.49165006499439,5.268495577643449,9.503758836452713,3.270412333839179,76.82401691799572,10.126417373755803,-1.1750244322284775,0.6025135227449847,3.760368579660949,0.6597137857896904
13.14,74.189769129174,14.878296791982159,-2.810230599148067,72.1690632418182,17.986199119296607,-4.782208649399888,2.92,2.82205743523656,3.7620240162382,3.32554705083923,2.0207058873558026,3.1079023273144486,1.9719780502518214,73.1794161854961,16.432247955639383,-3.7962196242739776,1.0347060844707874,0.09794256476343977,0.03354197422256774
13.15,74.189769129174,14.878296791982159,-2.810230599148067,66.64804945925125,27.673843871787064,-5.6631873776337605,8.04,9.34314179950065,10.3584496885463,9.15664324957104,7.541719669922742,12.795547079804905,2.8529567784856935,70.41890929421263,21.27607033188461,-4.236708988390914,0.8605242403116666,1.3031417995006507,0.16208231335056822
13.16,74.189769129174,14.878296791982159,-2.810230599148067,71.05447110900562,20.866458339566186,-0.5586277865371025,4.64,4.83459469150093,5.97801076552919,5.2844309301007,3.1352980201683778,5.988161547584028,2.2516028126109644,72.6221201190898,17.872377565774173,-1.6844291928425847,0.95974953333673,0.19459469150093067,0.041938511090300036
13.17,74.189769129174,14.878296791982159,-2.810230599148067,77.05760837556237,5.617586476237224,-4.549253453064672,5.83,8.66635046092342,7.51116438858517,6.63970524191532,2.867839246388371,9.260710315744934,1.7390228539166053,75.62368875236818,10.247941634109692,-3.6797420261063696,0.6727168518760875,2.83635046092342,0.48650951293943573
13.18,74.189769129174,14.878296791982159,-2.810230599148067,80.76347494997299,3.893003353278357,-1.0021488546788637,6.92,11.0768201685614,8.91548157272888,7.88109095609845,6.573705820798992,10.985293438703803,1.8080817444692032,77.4766220395735,9.385650072630257,-1.9061897269134653,0.6247280261004731,4.156820168561399,0.6006965560636853
13.19,74.189769129174,14.878296791982159,-2.810230599148067,81.87953116712421,3.149712216559575,1.226734517751793,7.73,12.5172393814639,9.95905672791825,8.80358859691345,7.689762037950217,11.728584575422584,4.03696511689986,78.0346501481491,9.014004504270867,-0.791748040698137,0.6175483078824384,4.7872393814639,0.619306517573686
13.20,74.189769129174,14.878296791982159,-2.810230599148067,70.77585544234051,19.433265836038714,-5.577370413870297,4.31,4.22986415649815,5.55285051711871,4.90859855791681,3.4139136868334816,4.554969044056556,2.7671398147222304,72.48281228575726,17.155781314010436,-4.193800506509183,1.0189452520265445,0.08013584350184999,0.01859300312836589
13.21,74.189769129174,14.878296791982159,-2.810230599148067,79.99626656179929,5.655087714203311,-0.5034955215239556,6.26,9.1895187282787,8.06516107590792,7.12942621173068,5.806497432625292,9.223209077778847,2.3067350776241113,77.09301784548664,10.266692253092735,-1.6568630603360113,0.6812108647273368,2.9295187282786994,0.4679742376694449
13.22,74.189769129174,14.878296791982159,-2.810230599148067,68.31867102582986,21.61820116292146,-6.509477865723512,5.86,6.46755026666467,7.54981532025885,6.67387182120476,5.8710981033441385,6.7399043709393,3.699247266575445,71.25422007750193,18.24824897745181,-4.659854232435789,0.9060617633384013,0.6075502666646697,0.10367751989095429
13.23,74.189769129174,14.878296791982159,-2.810230599148067,69.8008084544967,22.93302739993175,-3.5439556910993764,5.79,5.99997770624153,7.45962981302027,6.59414980286272,4.388960674677293,8.05473060794959,0.7337250919513094,71.99528879183535,18.905662095956956,-3.1770931451237217,0.9650035854319755,0.20997770624152956,0.036265579655486005
13.24,74.189769129174,14.878296791982159,-2.810230599148067,72.56718181768191,19.65701514876078,-0.932359919874548,3.61,3.67392214269663,4.65099544473284,4.11137837449645,1.622587311492083,4.778718356778622,1.877870679273519,73.37847547342795,17.26765597037147,-1.8712952595113075,0.9826011164100736,0.06392214269663032,0.0177069647310037
13.25,74.189769129174,14.878296791982159,-2.810230599148067,76.1413696383268,9.41053004086262,-3.92938532512932,3.61,4.81319005184024,4.65099544473284,4.11137837449645,1.9516005091527973,5.467766751119539,1.1191547259812529,75.1655693837504,12.144413416422388,-3.3698079621386934,0.7500223262261909,1.2031900518402403,0.33329364307671655
13.26,74.189769129174,14.878296791982159,-2.810230599148067,76.56959799838918,10.481757673183267,-2.1607502923632227,3.24,3.89964717206426,4.17430062075745,3.68999056325997,2.3798288692151885,4.396539118798891,0.6494803067848443,75.37968356378158,12.680027232582713,-2.485490445755645,0.8308443959698223,0.6596471720642598,0.20359480612983485
13.27,74.189769129174,14.878296791982159,-2.810230599148067,79.31878776141,6.5619001237876,-1.6464885507843308,4.73,8.05398085784216,6.09396356055023,5.38693066796903,5.129018632235997,8.316396668194558,1.1637420483637362,76.75427844529199,10.72009845788488,-2.228359574966199,0.5872872164585682,3.323980857842159,0.7027443672599184
13.28,74.189769129174,14.878296791982159,-2.810230599148067,70.89526085904534,20.922696656776264,-3.496837936818653,5.18,4.61969561683718,6.67372753565544,5.89942935731069,3.2945082701286594,6.044399864794105,0.6866073376705861,72.54251499410967,17.90049672437921,-3.15353426798336,1.1212859955533476,0.56030438316282,0.10816686931557011
13.29,74.189769129174,14.878296791982159,-2.810230599148067,73.33362940384141,17.975904841646017,-1.6878890423753123,2.32,2.38429440705425,2.9890053827646,2.64221546505035,0.8561397253325822,3.097608049663858,1.1223415567727546,73.7616992665077,16.42710081681409,-2.2490598207616896,0.9730341992007946,0.06429440705425016,0.027713106476955626
13.30,74.189769129174,14.878296791982159,-2.810230599148067,77.8046233335408,10.41777318657755,-2.6960064390936678,2.69,4.4057792432779,3.46570020673999,3.06360327628683,3.6148542043668073,4.4605236054046085,0.11422416005439917,75.9971962313574,12.648034989279854,-2.7531185191208674,0.6105616851987523,1.7157792432779,0.6378361496803211
13.31,74.189769129174,14.878296791982159,-2.810230599148067,78.14329384282064,8.1542983221356,-1.460056314755076,4.0,6.31271253826816,5.15345755649068,4.55554390525922,3.953524713646644,6.723998469846558,1.350174284392991,76.16653148599733,11.51629755705888,-2.1351434569515715,0.6336420318710924,2.31271253826816,0.5781781344224954
13.32,74.189769129174,14.878296791982159,-2.810230599148067,78.46205492601496,7.624081383920456,-1.7593004889180364,4.18,6.84474168268659,5.38536314653276,4.76054338099589,4.272285796840961,7.254215408061703,1.0509301102300306,76.32591202759448,11.251189087951307,-2.2847655440330517,0.6106877648812372,2.66474168268659,0.6374980100595915
13.33,74.189769129174,14.878296791982159,-2.810230599148067,69.36308769653503,21.128079401148693,-6.718308226501013,6.41,5.79130533400628,8.25841573427632,7.3002591081779,4.8266814326389635,6.249782609166534,3.908077627352946,71.77642841285451,18.003188096565424,-4.7642694128245395,1.10683164316237,0.6186946659937202,0.09652022868911077
13.34,74.189769129174,14.878296791982159,-2.810230599148067,69.89034657907776,22.350840175644425,-3.5350280064953443,4.96,5.70519210136925,6.39028737004845,5.64887444252144,4.299422550096239,7.472543383662266,0.7247974073472774,72.04005785412588,18.614568483813294,-3.1726293028217056,0.8693835213612199,0.7451921013692502,0.15024034298770358
13.35,74.189769129174,14.878296791982159,-2.810230599148067,72.20887324739809,20.324510038496445,-0.8317772501712506,4.08,4.13659537652112,5.2565267076205,4.64665478336441,1.9808958817759077,5.4462132465142865,1.9784533489768164,73.19932118828604,17.601403415239304,-1.8210039246596588,0.9863183675568881,0.05659537652111979,0.01387141581060009
13.36,74.189769129174,14.878296791982159,-2.810230599148067,76.6791489161865,9.59273077583539,-3.90742460213771,3.56,4.78642698386864,4.58657722527671,4.05443407568071,2.48937978701251,5.285566016146769,1.0971940029896432,75.43445902268024,12.235513783908775,-3.3588276006428885,0.743769833166629,1.2264269838686404,0.3445019616640838
13.37,74.189769129174,14.878296791982159,-2.810230599148067,71.01466817569957,20.29152484766733,-3.3210537818635144,4.01,4.26386576253844,5.16634120038191,4.56693276502237,3.175100953474427,5.41322805568517,0.5108231827154475,72.60221865243679,17.584910819824742,-3.0656421905057907,0.9404611266824296,0.2538657625384406,0.06330817019329986
13.38,74.189769129174,14.878296791982159,-2.810230599148067,69.2636104537998,25.330195071518624,-5.170397682034866,6.9,7.27999456988274,8.88971428494643,7.85831323657216,4.926158675374197,10.451898279536465,2.3601670828867993,71.7266897914869,20.10424593175039,-3.9903141405914666,0.9478029046336688,0.37999456988274005,0.055071676786618604
13.39,74.189769129174,14.878296791982159,-2.810230599148067,76.93809298923112,7.383810486101428,-4.5498347359539615,4.66,6.91707154738119,6.00377805331165,5.30720864962699,2.748323860057127,7.494486305880731,1.7396041368058945,75.56393105920256,11.131053639041793,-3.680032667551014,0.6736955035676312,2.25707154738119,0.48435011735983685
13.40,74.189769129174,14.878296791982159,-2.810230599148067,77.47592799379117,9.766755476653344,-2.1855096792567474,3.09,4.7549634403505,3.98104596238905,3.51915766681275,3.286158864617178,5.1115413153288145,0.6247209198913195,75.83284856148259,12.322526134317751,-2.497870139202407,0.6498472676211325,1.6649634403505003,0.5388231196801544
13.41,74.189769129174,14.878296791982159,-2.810230599148067,77.9540349004855,8.359157758787095,-2.142293672387896,3.56,6.04783118448147,4.58657722527671,4.05443407568071,3.7642657713115,6.519139033195064,0.6679369267601709,76.07190201482975,11.618727275384627,-2.4762621357679815,0.5886407690324094,2.4878311844814696,0.6988289842086068
13.42,74.189769129174,14.878296791982159,-2.810230599148067,67.37390472925394,23.831562036785712,-10.202167682352425,7.81,8.4265834126792,10.0621258790481,8.89469947501863,6.815864399920059,8.953265244803553,7.391937083204358,70.78183692921397,19.354929414383935,-6.506199140750246,0.9268287770488005,0.6165834126792005,0.0789479401536815
13.43,74.189769129174,14.878296791982159,-2.810230599148067,69.05471504359119,23.89511501182784,-3.7307422190168804,6.42,6.73719446218136,8.27129937816755,7.31164796794105,5.135054085582809,9.016818219845682,0.9205116198688135,71.62224208638258,19.386705901905,-3.2704864090824737,0.9529189093598497,0.3171944621813605,0.049407237092204556
13.44,74.189769129174,14.878296791982159,-2.810230599148067,72.27854371518957,18.701345549159477,-0.8412416501418107,3.24,3.28795208155106,4.17430062075745,3.68999056325997,1.9112254139844254,3.823048757177318,1.9689889490062562,73.23415642218178,16.789821170570818,-1.8257361246449388,0.9854158207458259,0.04795208155105968,0.014800025165512237
13.45,74.189769129174,14.878296791982159,-2.810230599148067,75.61358803014473,11.823158919237075,-2.7070947152560754,1.94,2.58058451892996,2.49942691489798,2.20943879405072,1.4238189009707298,3.0551378727450835,0.10313588389199158,74.90167857965936,13.350727855609616,-2.758662657202071,0.7517676654328895,0.6405845189299599,0.3301982054637947
13.46,74.189769129174,14.878296791982159,-2.810230599148067,78.11341063745502,8.710744089713007,-1.6426494728152274,3.35,5.83294782917631,4.31602070356095,3.8152680206546,3.9236415082810225,6.167552702269152,1.1675811263328395,76.1515898833145,11.794520440847583,-2.226440035981647,0.57432366918645,2.4829478291763096,0.7411784562492928
13.47,74.189769129174,14.878296791982159,-2.810230599148067,78.2628276801532,7.606864068162245,-1.5649056243300707,3.93,6.8083938271902,5.0632720492521,4.47582188691719,4.073058550979198,7.271432723819914,1.2453249748179962,76.2262984046636,11.242580430072202,-2.187568111739069,0.577228653214479,2.8783938271901994,0.7324157319231002
13.48,74.189769129174,14.878296791982159,-2.810230599148067,69.1740830770275,21.84818103226782,-9.197783798676152,7.38,6.73989442169898,9.50812919172531,8.40497850520326,5.015686052146492,6.969884240285662,6.387553199528085,71.68192610310075,18.36323891212499,-6.0040071989121095,1.0949726415810368,0.6401055783010197,0.08673517319976755
14.1,20.043897069064762,-17.323029845872945,20.26111766567224,24.888298331344252,-28.541045393274235,25.72626779097365,3.85,6.47862451416774,4.96020289812228,4.384711008812,4.84440126227949,11.21801554740129,5.46515012530141,22.466097700204507,-22.93203761957359,22.993692728322948,0.5942619441806496,2.6286245141677402,0.6827596138922027
14.2,20.043897069064762,-17.323029845872945,20.26111766567224,23.73963229609319,-25.756512765474664,24.524334824236355,3.3,5.0188827293094,4.25160248410481,3.75832372183886,3.695735227028429,8.433482919601719,4.263217158564114,21.891764682578977,-21.539771305673803,22.392726244954297,0.6575168573019367,1.7188827293094002,0.5208735541783415
14.3,20.043897069064762,-17.323029845872945,20.26111766567224,22.5458933010688,-23.331347017831433,23.42530105432774,3.07,3.62211955111427,3.9552786746066,3.49637994728645,2.501996232004039,6.008317171958488,3.1641833886554984,21.294895185066782,-20.32718843185219,21.84320935999999,0.847570036225891,0.55211955111427,0.17984350193303797
14.4,20.043897069064762,-17.323029845872945,20.26111766567224,21.202267409487725,-20.75468498387015,21.992257799025683,1.84,2.04513058503543,2.37059047598572,2.09555019641924,1.1583703404229624,3.431655137997204,1.731140133353442,20.623082239276243,-19.038857414871547,21.126687732348962,0.8996980498770574,0.20513058503543014,0.11148401354562289
14.5,20.043897069064762,-17.323029845872945,20.26111766567224,26.389318897866723,-31.92155800745486,27.565468037971936,5.2,8.23084502541767,6.69949482343789,5.92220707683699,6.34542182880196,14.598528161581914,7.3043503722996945,23.216607983465742,-24.6222939266639,23.91329285182209,0.6317698830812768,3.03084502541767,0.5828548124682337
14.6,20.043897069064762,-17.323029845872945,20.26111766567224,27.06980764610747,-33.48130028766416,28.67606007207139,7.13,9.02159562505666,9.18603809444464,8.12025701112456,7.025910577042708,16.158270441791217,8.414942406399149,23.556852357586116,-25.402165066768553,24.468588868871816,0.790325824337188,1.8915956250566603,0.26530092914324815
14.7,20.043897069064762,-17.323029845872945,20.26111766567224,25.350164040525044,-29.254382156603114,26.374304878821953,4.87,6.92106064617068,6.27433457502741,5.5463747046531,5.306266971460282,11.931352310730169,6.113187213149711,22.697030554794903,-23.28870600123803,23.317711272247095,0.7036493751851242,2.05106064617068,0.4211623502565745
14.8,20.043897069064762,-17.323029845872945,20.26111766567224,19.43493334940424,-13.128847123550475,21.286278229976773,3.38,3.04446862539279,4.35467163523463,3.84943459994404,0.6089637196605224,4.19418272232247,1.0251605643045316,19.7394152092345,-15.22593848471171,20.77369794782451,1.1102101597298313,0.3355313746072097,0.09926963742838464
14.9,20.043897069064762,-17.323029845872945,20.26111766567224,19.224142727831726,-11.675562105479182,21.73892778750869,3.95,4.20611627847456,5.08903933703455,4.49859960644348,0.8197543412330361,5.647467740393763,1.4778101218364483,19.634019898448244,-14.499295975676063,21.000022726590466,0.9391086069768488,0.2561162784745594,0.06483956415435946
14.10,20.043897069064762,-17.323029845872945,20.26111766567224,19.013896966639336,-9.518753808294978,22.307774080819375,4.4,5.97190504765756,5.66880331213975,5.01109829578514,1.0300001024254257,7.804276037577967,2.046656415147133,19.52889701785205,-13.420891827083961,21.284445873245808,0.7367833152318937,1.5719050476575598,0.3572511471137065
14.11,20.043897069064762,-17.323029845872945,20.26111766567224,18.795484006577816,-8.232579264754097,22.408331028273825,4.73,7.02367046267033,6.09396356055023,5.38693066796903,1.2484130624869465,9.090450581118848,2.1472133626015832,19.41969053782129,-12.777804555313521,21.334724346973033,0.6734370617849665,2.2936704626703293,0.4849197594472324
14.12,20.043897069064762,-17.323029845872945,20.26111766567224,18.970163474995225,-6.966144576492916,23.14595830518904,4.99,8.19796068159826,6.42893830172213,5.68304102181088,1.0737335940695374,10.35688526938003,2.884840639516799,19.507030272029994,-12.14458721118293,21.703537985430643,0.608687964385122,3.2079606815982604,0.6428778919750265
14.13,20.043897069064762,-17.323029845872945,20.26111766567224,19.136474431199417,-5.610323059714845,24.26686107833074,5.18,9.54178771281673,6.67372753565544,5.89942935731069,0.9074226378653449,11.712706786158101,4.0057434126585,19.59018575013209,-11.466676452793894,22.26398937200149,0.5428752090658273,4.36178771281673,0.8420439598406729
14.14,20.043897069064762,-17.323029845872945,20.26111766567224,21.7594099817735,-21.780903689935684,22.07267238054071,2.65,2.67529133305565,3.41416563117508,3.01804783723423,1.7155129127087392,4.457873844062739,1.8115547148684676,20.901653525419132,-19.551966767904315,21.166895023106477,0.9905463252791579,0.0252913330556499,0.00954389926268151
14.15,20.043897069064762,-17.323029845872945,20.26111766567224,19.34703872741813,-13.869562673853697,21.085263749477136,3.36,2.49866062598246,4.32890434745217,3.82665688041775,0.6968583416466316,3.4534671720192485,0.8241460838048944,19.695467898241446,-15.59629625986332,20.67319070757469,1.3447204329055873,0.8613393740175397,0.25635100409559186
14.16,20.043897069064762,-17.323029845872945,20.26111766567224,17.22514872807662,-13.457794021756426,16.129038450938072,3.77,3.44241858808916,4.85713374699247,4.29360013070682,2.8187483409881438,3.8652358241165192,4.132079214734169,18.63452289857069,-15.390411933814686,18.195078058305157,1.0951602492355572,0.32758141191084,0.08689162117346111
14.17,20.043897069064762,-17.323029845872945,20.26111766567224,16.454269247254125,-12.28316761957171,14.500629747148485,3.68,4.64073028550411,4.74118095197143,4.19110039283848,3.5896278218106374,5.039862226301235,5.760487918523756,18.249083158159443,-14.803098732722328,17.380873706410362,0.7929786418965035,0.9607302855041095,0.26106801229430476
14.18,20.043897069064762,-17.323029845872945,20.26111766567224,15.644351937366928,-10.740928071492794,11.607511617503018,4.55,6.51689320355766,5.86205797050815,5.18193119223236,4.399545131697835,6.582101774380151,8.653606048169223,17.844124503215845,-14.03197895868287,15.93431464158763,0.6981854477556741,1.9668932035576603,0.4322842204671156
14.19,20.043897069064762,-17.323029845872945,20.26111766567224,15.536790247117771,-10.440662545756762,10.712001014229944,4.59,7.02535539520346,5.91359254607306,5.22748663128496,4.507106821946991,6.882367300116183,9.549116651442297,17.790343658091267,-13.881846195814854,15.486559339951093,0.6533477299213162,2.4353553952034606,0.5305785173579264
14.20,20.043897069064762,-17.323029845872945,20.26111766567224,22.01194874858229,-24.88220652483289,19.915985084775333,3.5,4.47528227806146,4.50927536192935,3.98610091710182,1.9680516795175294,7.559176678959943,0.3451325808969088,21.027922908823527,-21.102618185352917,20.088551375223787,0.7820735725152977,0.9752822780614601,0.27865207936651654
14.21,20.043897069064762,-17.323029845872945,20.26111766567224,18.499446378614515,-14.60142338301762,18.056313393511815,3.13,2.0700910564888,4.03258053795396,3.56471310586534,1.5444506904502475,2.721606462855325,2.204804272160427,19.27167172383964,-15.962226614445282,19.15871552959203,1.512010782654634,1.0599089435112,0.33862905532669996
14.22,20.043897069064762,-17.323029845872945,20.26111766567224,21.13058877605497,-21.444874284841347,21.04013373513956,2.16,2.39673679821322,2.78286708050497,2.45999370883998,1.0866917069902087,4.121844438968402,0.7790160694673176,20.587242922559867,-19.383952065357146,20.6506257004059,0.9012253663852727,0.23673679821322002,0.1096003694924165
14.23,20.043897069064762,-17.323029845872945,20.26111766567224,16.504779050394284,-12.22087751423162,14.054800072852213,5.1,4.78922704901482,6.57065838452562,5.80831847920551,3.5391180186704787,5.102152331641324,6.206317592820028,18.274338059729523,-14.771953680052283,17.157958869262227,1.0648900014010023,0.31077295098517954,0.06093587273024386
14.24,20.043897069064762,-17.323029845872945,20.26111766567224,20.55899319959841,-21.114149406147558,19.128377395093725,1.88,2.53281406120115,2.42212505155062,2.14110563547183,0.5150961305336494,3.7911195602746126,1.1327402705785161,20.301445134331587,-19.21858962601025,19.694747530382983,0.7422574077017638,0.6528140612011502,0.34724152173080247
14.25,20.043897069064762,-17.323029845872945,20.26111766567224,20.674834203005688,-22.448858892627626,19.18067732938634,2.21,3.22892809534097,2.8472852999611,2.51693800765572,0.6309371339409253,5.125829046754681,1.0804403362858999,20.359365636035225,-19.885944369250286,19.720897497529293,0.6844376629211341,1.01892809534097,0.46105343659724735
14.26,20.043897069064762,-17.323029845872945,20.26111766567224,21.202267409487725,-23.303390224442555,18.762017587489765,2.29,3.84610015999633,2.95035445109092,2.6080488857609,1.1583703404229624,5.9803603785696104,1.499100078182476,20.623082239276243,-20.313210035157752,19.511567626581005,0.5954083107931274,1.5561001599963298,0.6795197202256812
14.27,20.043897069064762,-17.323029845872945,20.26111766567224,21.202267409487725,-23.540708184742854,18.573981368074428,2.81,4.01862478694343,3.62030393343471,3.2002695934446,1.1583703404229624,6.217678338869909,1.6871362975978137,20.623082239276243,-20.4318690153079,19.417549516873336,0.6992441813504178,1.2086247869434303,0.43011558238908
14.28,20.043897069064762,-17.323029845872945,20.26111766567224,21.50744198394934,-21.219004506217942,21.06682464363233,1.66,2.37982057892104,2.13868488594363,1.89055072068258,1.4635449148845794,3.895974660344997,0.8057069779600887,20.775669526507052,-19.271017176045444,20.663971154652288,0.697531576122044,0.7198205789210401,0.43362685451048993
14.29,20.043897069064762,-17.323029845872945,20.26111766567224,20.079329421184262,-19.98062512979096,18.954699227015006,1.61,1.95670210503112,2.0742666664875,1.83360642186684,0.03543235211949991,2.6575952839180133,1.3064184386572357,20.061613245124512,-18.65182748783195,19.60790844634362,0.8228130357899222,0.34670210503111987,0.21534292224582416
14.30,20.043897069064762,-17.323029845872945,20.26111766567224,21.247088864608727,-21.564740924625568,21.398620761501547,2.46,2.45287676956815,3.16937639724177,2.80165950173442,1.2031917955439653,4.241711078752623,1.137503095829306,20.645492966836745,-19.443885385249256,20.829869213586896,1.00290403069462,0.007123230431850036,0.002895622125591225
14.31,20.043897069064762,-17.323029845872945,20.26111766567224,19.681533397805772,-18.4835022549861,19.782068049328416,2.26,0.87333786132518,2.91170351941724,2.57388230647146,0.36236367125898994,1.1604724091131544,0.4790496163438256,19.862715233435267,-17.903266050429522,20.02159285750033,2.587772839692261,1.38666213867482,0.613567317726218
14.32,20.043897069064762,-17.323029845872945,20.26111766567224,18.00582796594953,-11.816065149157174,18.37399237458859,3.85,3.81387809040227,4.96020289812228,4.384711008812,2.038069103115234,5.506964696715771,1.8871252910836525,19.024862517507145,-14.56954749751506,19.317555020130413,1.0094711754628867,0.036121909597730095,0.009382314178791632
14.33,20.043897069064762,-17.323029845872945,20.26111766567224,21.31884786517123,-21.186950562542663,21.000442620782454,1.88,2.31658407805112,2.42212505155062,2.14110563547183,1.2749507961064666,3.8639207166697176,0.739324955110213,20.681372467117995,-19.254990204207804,20.630780143227348,0.8115397222146384,0.4365840780511201,0.23222557330792262
14.34,20.043897069064762,-17.323029845872945,20.26111766567224,15.273062935770795,-5.199614327849877,15.2680339906705,6.18,9.66709100528557,7.96209192477811,7.0383153336255,4.770834133293967,12.123415518023068,4.993083675001742,17.65848000241778,-11.261322086861412,17.76457582817137,0.6392822821241412,3.4870910052855706,0.5642542078837082
14.35,20.043897069064762,-17.323029845872945,20.26111766567224,15.487228608870872,-3.3021714060093856,14.991890758999277,6.47,11.4679685759943,8.33571759762368,7.36859226675679,4.55666846019389,14.02085843986356,5.269226906672964,17.765562838967817,-10.312600625941165,17.62650421233576,0.564180129772884,4.9979685759943004,0.7724835510389207
14.36,20.043897069064762,-17.323029845872945,20.26111766567224,21.3547452941516,-21.439918946931453,21.03889071018105,2.62,2.44854925922725,3.3755146995014,2.98388125794479,1.3108482250868363,4.116889101058508,0.7777730445088089,20.69932118160818,-19.381474396402197,20.650004187926648,1.0700213561383844,0.1714507407727499,0.06543921401042392
14.37,20.043897069064762,-17.323029845872945,20.26111766567224,17.507168140728126,-10.308640489581633,18.67048728437955,4.12,5.0100217235082,5.3080612831854,4.692210222417,2.536728928336636,7.014389356291312,1.5906303812926907,18.775532604896444,-13.81583516772729,19.465802475025896,0.8223517235156166,0.8900217235082,0.21602469011946002
14.38,20.043897069064762,-17.323029845872945,20.26111766567224,14.620480005581314,-1.7985031136977803,13.464503190656806,6.05,13.3436388529888,7.79460455419216,6.89026015670457,5.423417063483448,15.524526732175165,6.796614475015435,17.332188537323038,-9.560766479785363,16.862810428164522,0.4533995611093356,7.2936388529888,1.2055601407906182
14.39,20.043897069064762,-17.323029845872945,20.26111766567224,15.536790247117771,-4.87771087455241,15.711875141620911,4.78,9.88825899896312,6.15838178000637,5.44387496678477,4.507106821946991,12.445318971320535,4.54924252405133,17.790343658091267,-11.100370360212677,17.986496403646576,0.4834015775697044,5.10825899896312,1.0686734305218508
14.40,20.043897069064762,-17.323029845872945,20.26111766567224,16.55533364056189,-8.422768827295368,17.396982415777916,4.5,6.6174822431549,5.79763975105202,5.12498689341662,3.4885634285028715,8.900261018577577,2.864135249894325,18.299615354813326,-12.872899336584156,18.82905004072508,0.6800169360446365,2.1174822431548996,0.47055160948541064
14.41,20.043897069064762,-17.323029845872945,20.26111766567224,27.705790184814603,-29.91624449967012,33.85040510931454,5.53,9.00719381498623,7.12465507184837,6.29803944902087,7.661893115749841,12.593214653797176,13.589287443642302,23.874843626939683,-23.619637172771533,27.05576138749339,0.6139537033371254,3.4771938149862303,0.6287873082020692
14.42,20.043897069064762,-17.323029845872945,20.26111766567224,26.156837657898997,-27.653518142041893,30.655465385013624,4.31,7.2998874146225,5.55285051711871,4.90859855791681,6.112940588834235,10.330488296168948,10.394347719341383,23.10036736348188,-22.48827399395742,25.458291525342933,0.590420064667869,2.9898874146225003,0.693709376781622
14.43,20.043897069064762,-17.323029845872945,20.26111766567224,24.482965378878745,-25.44035314618792,27.406227874278628,3.73,5.50864918887554,4.80559917142756,4.24804469165422,4.439068309813983,8.117323300314975,7.145110208606386,22.263431223971754,-21.381691496030435,23.833672769975436,0.6771169975491349,1.7786491888755402,0.4768496483642602
14.44,20.043897069064762,-17.323029845872945,20.26111766567224,22.3736854363925,-22.578571262611064,23.701069501186016,2.62,3.2944437958744,3.3755146995014,2.98388125794479,2.329788367327737,5.255541416738119,3.4399518355137744,21.20879125272863,-19.950800554242004,21.98109358342913,0.7952784025290467,0.6744437958743998,0.2574212960370147
14.45,20.043897069064762,-17.323029845872945,20.26111766567224,17.919587113202823,-14.326197195348556,17.08066347219787,3.84,2.60916270713962,4.94731925423106,4.37332214904885,2.124309955861939,2.9968326505243894,3.1804541934743717,18.981742091133793,-15.82461352061075,18.670890568935057,1.4717365030630798,1.2308372928603797,0.32053054493225236
14.46,20.043897069064762,-17.323029845872945,20.26111766567224,23.501849899625363,-24.635811992235386,25.22581801015884,3.32,4.58587312694032,4.27736977188727,3.78110144136515,3.4579528305606004,7.312782146362441,4.964700344486598,21.772873484345062,-20.979420919054164,22.74346783791554,0.7239624619731098,1.26587312694032,0.38128708631296176
14.47,20.043897069064762,-17.323029845872945,20.26111766567224,26.65004252300868,-28.834742111623207,32.168310413951296,4.7,8.02840793553075,6.05531262887655,5.35276408867959,6.606145453943917,11.511712265750262,11.907192748279055,23.34696979603672,-23.078885978748076,26.214714039811767,0.5854211740554595,3.328407935530749,0.7081719010260802
14.48,20.043897069064762,-17.323029845872945,20.26111766567224,25.683505232128788,-26.8483870808979,29.55394428255305,4.12,6.72323500489957,5.3080612831854,4.692210222417,5.639608163064025,9.525357235024956,9.29282661688081,22.863701150596775,-22.085708463385423,24.907530974112646,0.6128002362530451,2.6032350048995703,0.6318531563756594
15.1,73.54553450059505,9.415566335528979,5.413596435324597,77.28459080605694,3.2504348823355067,4.799943867565748,4.39,7.16031368130639,5.65591966824853,4.999709436022,3.7390563054618866,6.165131453193473,0.6136525677588489,75.415062653326,6.333000608932243,5.106770151445172,0.613101631405895,2.7703136813063907,0.631050952317845
15.2,73.54553450059505,9.415566335528979,5.413596435324597,74.69879577910451,3.091372987214569,1.5538462110307183,4.55,7.09791898728532,5.86205797050815,5.18193119223236,1.1532612785094614,6.3241933483144095,3.8597502242938786,74.12216513984978,6.253469661371774,3.4837213231776576,0.6410329573371428,2.5479189872853203,0.5599821948846897
15.3,73.54553450059505,9.415566335528979,5.413596435324597,68.33950303421744,15.425746523072881,0.18852910877926732,5.77,7.6882033032282,7.43386252523781,6.57137208333643,5.20603146637761,6.010180187543902,5.22506732654533,70.94251876740626,12.42065642930093,2.801062772051932,0.75050044486034,1.9182033032282,0.33244424660238403
15.4,73.54553450059505,9.415566335528979,5.413596435324597,79.16498421544269,0.459461892088453,6.297351517792027,6.98,11.6374014233037,8.99278343607625,7.94942411467734,5.619449714847633,8.956104443440527,0.8837550824674301,76.35525935801887,4.9375141138087155,5.8554739765583115,0.5997902577651809,4.6574014233037,0.667249487483732
15.5,73.54553450059505,9.415566335528979,5.413596435324597,67.56511061000926,16.549664114485275,-2.6638887723010374,6.99,9.60375280739004,9.00566707996747,7.96081297444049,5.980423890585797,7.134097778956296,8.077485207625635,70.55532255530215,12.982615225007127,1.3748538315117798,0.7278404743917805,2.613752807390039,0.37392744020259105
15.6,73.54553450059505,9.415566335528979,5.413596435324597,79.17493485459843,-2.004554188137775,4.2753396549658484,7.36,15.0467707306569,9.48236190394286,8.38220078567697,5.62940035400338,11.420120523666753,1.1382567803587484,76.36023467759674,3.7055060736956023,4.844468045145223,0.4891414996119597,7.6867707306569,1.0443981969582203
15.7,73.54553450059505,9.415566335528979,5.413596435324597,81.01607130420606,-2.007379415621513,9.41373167225632,7.92,16.1773776501407,10.2038459618516,9.01997693241326,7.470536803611012,11.422945751150491,4.000135236931723,77.28080290240055,3.704093459953733,7.413664053790459,0.4895725482084882,8.257377650140699,1.0425981880174369
15.8,73.54553450059505,9.415566335528979,5.413596435324597,72.0049563918019,14.477087340412087,8.131599012448909,4.42,4.39963347881811,5.69457059992221,5.03387601531144,1.5405781087931558,5.061521004883108,2.718002577124312,72.77524544619848,11.946326837970533,6.7725977238867525,1.0046291401943626,0.020366521181889752,0.004607810221104512
15.9,73.54553450059505,9.415566335528979,5.413596435324597,68.55794979931127,18.00232558484849,5.974384311724235,6.5,7.61416433538617,8.37436852929736,7.40275884604624,4.9875847012837795,8.58675924931951,0.5607878763996377,71.05174214995316,13.708945960188734,5.693990373524416,0.8536721448128116,1.11416433538617,0.17140989772534773
15.10,73.54553450059505,9.415566335528979,5.413596435324597,71.7465857100855,14.991246013007109,8.200814123785438,4.59,4.78886576803255,5.91359254607306,5.22748663128496,1.7989487905095558,5.57567967747813,2.7872176884608413,72.64606010534027,12.203406174268043,6.807205279555017,0.9584733048233413,0.19886576803255007,0.04332587537891595
15.11,73.54553450059505,9.415566335528979,5.413596435324597,69.57090128546902,16.873080722018543,5.629176146838311,5.23,6.61856133304561,6.73814575511157,5.95637365612643,3.9746332151260333,7.457514386489564,0.2155797115137137,71.55821789303204,13.14432352877376,5.521386291081454,0.7902019390674969,1.38856133304561,0.2654992988107286
15.12,73.54553450059505,9.415566335528979,5.413596435324597,69.08425569715934,18.260138384112835,11.491663722991818,5.46,7.83942852236938,7.03446956460978,6.21831743067884,4.461278803435718,8.844572048583856,6.0780672876672215,71.3148950988772,13.837852359820907,8.452630079158208,0.696479339498244,2.3794285223693796,0.43579276958490604
15.13,73.54553450059505,9.415566335528979,5.413596435324597,75.86225450566575,5.246003570980095,4.41344896275393,2.76,4.52253998135336,3.55588571397857,3.14332529462886,2.3167200050706924,4.169562764548884,1.0001474725706672,74.7038945031304,7.330784953254537,4.913522699039263,0.610276528404244,1.7625399813533607,0.6386014422879562
15.14,73.54553450059505,9.415566335528979,5.413596435324597,77.68250924515597,-0.5893674193792053,0.4813329417688639,6.38,12.631069843581,8.21976480260264,7.26609252888846,4.136974744560916,10.004933754908183,4.932263493555733,75.61402187287551,4.413099458074887,2.9474646885467304,0.5051036910176818,6.251069843581001,0.9797915113794999
15.15,73.54553450059505,9.415566335528979,5.413596435324597,67.55518347906133,15.641559155033624,1.4826968049943323,5.38,7.68934207746338,6.93140041347997,6.12720655257365,5.990351021533726,6.225992819504645,3.9308996303302646,70.5503589898282,12.528562745281302,3.4481466201594646,0.6996697435361241,2.3093420774633797,0.42924573922567544
15.16,73.54553450059505,9.415566335528979,5.413596435324597,75.29541018859459,5.2945388500742485,4.369510043054237,3.24,4.3323351076216,4.17430062075745,3.68999056325997,1.749875687999534,4.12102748545473,1.0440863922703603,74.42047234459483,7.355052592801614,4.891553239189417,0.7478645854408194,1.0923351076216,0.3371404652112529
15.17,73.54553450059505,9.415566335528979,5.413596435324597,79.99094317915414,-1.0247136183531014,8.109227297777434,6.64,14.3392424263727,8.55473954377454,7.56220288273031,6.44540867855909,10.44027995388208,2.6956308624528367,76.7682388398746,4.195426358587939,6.761411866551015,0.4630649097141048,7.6992424263727,1.1595244616284903
15.18,73.54553450059505,9.415566335528979,5.413596435324597,69.70995340914465,16.199930171092557,5.438900916239953,4.69,6.18375363111165,6.04242898498533,5.34137522891644,3.8355810914504076,6.784363835563578,0.025304480915355754,71.62774395486986,12.807748253310768,5.426248675782275,0.758439012777817,1.49375363111165,0.3184975758620794
15.19,73.54553450059505,9.415566335528979,5.413596435324597,70.53442722477966,13.150982357471975,2.259906642843723,4.06,4.84973218333249,5.23075941983804,4.62387706383811,3.011107275815391,3.7354160219429957,3.1536897924808738,72.03998086268736,11.283274346500477,3.83675153908416,0.837159629786611,0.7897321833324904,0.19451531604383623
15.20,73.54553450059505,9.415566335528979,5.413596435324597,78.737119799045,0.8889236476339879,6.7047272261432145,6.44,11.0485399190131,8.29706666595,7.33442568746735,5.191585298449951,8.526642687894991,1.2911307908186176,76.14132714982003,5.152244991581483,6.059161830733906,0.5828824484160767,4.6085399190131,0.7156117885555106
15.21,73.54553450059505,9.415566335528979,5.413596435324597,72.76027500901634,12.319766647119756,7.202824948248576,3.09,2.6641700630199,3.98104596238905,3.51915766681275,0.7852594915787137,2.9042003115907775,1.7892285129239793,73.15290475480569,10.867666491324368,6.308210691786586,1.159835868487155,0.42582993698009997,0.1378090410492851
15.22,73.54553450059505,9.415566335528979,5.413596435324597,76.29985845558069,3.093650052763852,4.522871543989582,4.61,7.07589187985719,5.93935983385551,5.25026435081125,2.7543239549856366,6.321916282765127,0.8907248913350152,74.92269647808787,6.254608194146416,4.968233989657089,0.6515079763261638,2.46589187985719,0.5349006245818414
15.23,73.54553450059505,9.415566335528979,5.413596435324597,69.70995340914465,13.348572792394986,2.674110990795797,4.12,5.1261594800588,5.3080612831854,4.692210222417,3.8355810914504076,3.933006456866007,2.7394854445287997,71.62774395486986,11.382069563961982,4.043853713060197,0.8037206051086457,1.0061594800588,0.2442134659744142
15.24,73.54553450059505,9.415566335528979,5.413596435324597,68.2203554932051,21.375457818894937,2.907805793584184,7.8,9.94298006537828,10.0492422351568,8.88331061525548,5.3251790073899485,11.959891483365958,2.505790641740413,70.88294499690008,15.395512077211958,4.16070111445439,0.7844730601819603,2.1429800653782793,0.2747410339876331
15.25,73.54553450059505,9.415566335528979,5.413596435324597,72.55155646187083,13.343271492205378,7.393207956457326,3.6,3.43821603377649,4.63811180084162,4.0999895147333,0.9939780387242223,3.9277051566763994,1.9796115211327292,73.04854548123294,11.379418913867179,6.403402195890962,1.0470546247202372,0.16178396622350988,0.0449399906051583
15.26,73.54553450059505,9.415566335528979,5.413596435324597,70.832468497909,16.27531148229672,9.41752409359895,5.05,5.94787354910904,6.50624016506949,5.75137418038977,2.7130660026860483,6.8597451467677395,4.003927658274352,72.18900149925203,12.845438908912849,7.415560264461773,0.8490429323110643,0.8978735491090406,0.17779674236262255
15.27,73.54553450059505,9.415566335528979,5.413596435324597,70.69337971922417,16.710137760312715,5.216624372730272,5.03,6.21974983917386,6.48047287728704,5.72859646086347,2.852154781370885,7.2945714247837365,0.19697206259432498,72.1194571099096,13.062852047920847,5.315110404027434,0.8087141973959835,1.1897498391738601,0.23653078308893227
15.28,73.54553450059505,9.415566335528979,5.413596435324597,70.96162574290693,12.245996429416095,3.430956057936574,3.01,3.68329943517134,3.87797681125924,3.42804678870756,2.5839087576881212,2.8304300938871165,1.982640377388023,72.25358012175099,10.830781382472537,4.422276246630585,0.8172020907235249,0.6732994351713404,0.22368751991616376
15.29,73.54553450059505,9.415566335528979,5.413596435324597,78.88637141889542,-0.8743079926468722,5.134236055150687,7.41,13.3089281076023,9.54678012339899,8.43914508449271,5.3408369183003686,10.289874328175852,0.27936038017390974,76.21595295974524,4.270629171441053,5.273916245237642,0.5567691056359757,5.8989281076023,0.7960766675851854
15.30,73.54553450059505,9.415566335528979,5.413596435324597,77.28459080605694,1.448042613177436,0.9710439949976557,5.51,9.5295503833621,7.09888778406592,6.27526172949458,3.7390563054618866,7.967523722351543,4.442552440326941,75.415062653326,5.431804474353207,3.1923202151611263,0.5782014657314637,4.0195503833621,0.7295009768843193
15.31,73.54553450059505,9.415566335528979,5.413596435324597,65.84812112577434,18.112648769215422,-3.2244234122950077,7.82,11.1106910386209,10.0750095229393,8.90608833478178,7.697413374820712,8.697082433686443,8.638019847619605,69.6968278131847,13.7641075523722,1.0945865115147946,0.703826609174331,3.290691038620899,0.4208044805882474
15.32,73.54553450059505,9.415566335528979,5.413596435324597,75.18602575860037,4.627340689018711,2.199390867563644,3.67,5.36256762839924,4.7282973080802,4.17971153307534,1.6404912580053121,4.788225646510268,3.2142055677609527,74.36578012959771,7.021453512273845,3.8064936514441206,0.6843736533745393,1.6925676283992397,0.4611900893564168
15.33,73.54553450059505,9.415566335528979,5.413596435324597,70.69337971922417,15.873470476106155,10.026203390475752,5.25,5.88301957188446,6.76391304289402,5.97915137565273,2.852154781370885,6.457904140577176,4.612606955151155,72.1194571099096,12.644518405817568,7.719899912900175,0.8923988667652709,0.6330195718844598,0.12057515652645422
15.34,73.54553450059505,9.415566335528979,5.413596435324597,75.31529865968311,2.5560275670299393,0.8682686903831005,4.71,7.98518672314733,6.06819627276778,5.36415294844273,1.769764159088055,6.859538768499039,4.545327744941496,74.43041658013908,5.985796951279459,3.1409325628538487,0.5898421868779706,3.27518672314733,0.6953687308815205
15.35,73.54553450059505,9.415566335528979,5.413596435324597,70.71324909619526,16.871371939225334,9.998122352951277,5.21,6.40018581586471,6.71237846732912,5.93359593660014,2.832285404399798,7.455805603696355,4.584525917626681,72.12939179839515,13.143469137377156,7.705859394137937,0.8140388652891094,1.1901858158647096,0.22844257497817025
15.36,73.54553450059505,9.415566335528979,5.413596435324597,67.87286351800266,19.16217211945137,5.891831938388603,6.24,8.51823377565488,8.03939378812547,7.10664849220439,5.672670982592393,9.74660578392239,0.4782355030640062,70.70919900929886,14.288869227490174,5.6527141868566,0.7325462253808273,2.278233775654879,0.365101566552849
15.37,73.54553450059505,9.415566335528979,5.413596435324597,75.06670001413413,3.916685559767097,1.8076997591177868,4.2,6.18322688659715,5.41113043431522,4.78332110052218,1.5211655135390743,5.498880775761882,3.60589667620681,74.30611725736459,6.6661259476480375,3.610648097221192,0.679256976389581,1.9832268865971496,0.47219687764879825
15.38,73.54553450059505,9.415566335528979,5.413596435324597,78.36898030035684,0.43680079026409135,4.623187640562287,5.96,11.1370471133579,7.67865175917112,6.78776041883624,4.823445799761785,8.978765545264888,0.7904087947623095,75.95725740047595,4.926183562896535,5.018392037943443,0.5351508293716705,5.1770471133579,0.868632065853904
15.39,73.54553450059505,9.415566335528979,5.413596435324597,78.52817279874215,0.48424886319881066,6.8624753089671975,5.44,11.6036938624478,7.00870227682733,6.19553971115254,4.982638298147094,8.931317472330168,1.4488788736426006,76.0368536496686,4.949907599363895,6.138035872145897,0.4688162290403287,6.1636938624478,1.1330319598005087
15.40,73.54553450059505,9.415566335528979,5.413596435324597,77.98096525512865,1.6842650093645273,5.022105631700469,4.99,9.3625431193223,6.42893830172213,5.68304102181088,4.4354307545335985,7.731301326164452,0.39149080362412825,75.76324987786185,5.549915672446753,5.217851033512533,0.5329748483794671,4.3725431193223,0.87626114598117
15.41,73.54553450059505,9.415566335528979,5.413596435324597,74.5595951142742,6.203614748266972,3.1466570487229895,2.35,3.48689778995526,3.02765631443828,2.67638204433979,1.014060613679149,3.211951587262007,2.2669393866016074,74.05256480743463,7.809590541897975,4.280126742023793,0.6739515009862682,1.1368977899552597,0.4837862933921163
15.42,73.54553450059505,9.415566335528979,5.413596435324597,75.49429604567875,-0.07166295634414288,-0.06361563134711368,6.65,11.5287039520458,8.56762318766576,7.57359174249346,1.9487615450836984,9.487229291873122,5.477212066671711,74.5199152731369,4.671951689592418,2.6749904019887416,0.5768211263888963,4.8787039520458,0.7336396919266406
15.43,73.54553450059505,9.415566335528979,5.413596435324597,78.12025007399316,1.5122441509350937,6.121886237134544,5.27,9.89282336665745,6.78968033067648,6.00192909517902,4.574715573398109,7.903322184593885,0.708289801809947,75.8328922872941,5.463905243232036,5.76774133622957,0.5327093999503903,4.62282336665745,0.8771960845882835
15.44,73.54553450059505,9.415566335528979,5.413596435324597,77.1851151853016,2.275350032836798,4.9874477545083895,4.72,8.38583112569809,6.08107991665901,5.37554180820588,3.6395806847065444,7.140216302692181,0.4261486808162074,75.36532484294833,5.845458184182888,5.200522094916494,0.562854167784618,3.66583112569809,0.7766591366358964
15.45,73.54553450059505,9.415566335528979,5.413596435324597,71.38886548969934,13.617813148126823,5.745871614407405,3.8,3.88461399503659,4.89578467866615,4.32776670999626,2.156669010895712,4.202246812597844,0.33227517908280824,72.4671999951472,11.5166897418279,5.579734024866001,0.9782181714520618,0.08461399503659006,0.022266840793242954
15.46,73.54553450059505,9.415566335528979,5.413596435324597,80.25965093728716,-4.123821383730575,4.669278394684495,6.68,18.4022988694533,8.60627411933944,7.6077583217829,6.714116436692109,13.539387719259555,0.7443180406401018,76.90259271894111,2.645872475899202,5.0414374150045465,0.3629981257790241,11.7222988694533,1.7548351598350997
15.47,73.54553450059505,9.415566335528979,5.413596435324597,65.3024313031562,23.16897697053483,4.220888768444708,8.24,11.6884042833763,10.6161225663708,9.384420444834,8.243103197438856,13.75341063500585,1.1927076668798886,69.42398290187563,16.292271653031904,4.817242601884653,0.7049721929121047,3.4484042833763002,0.41849566540750055
15.48,73.54553450059505,9.415566335528979,5.413596435324597,68.98494764966975,14.61032810936308,1.7213320080782912,5.53,6.45175347688801,7.12465507184837,6.29803944902087,4.560586850925304,5.1947617738341005,3.6922644272463057,71.2652410751324,12.01294722244603,3.567464221701444,0.8571313239033201,0.9217534768880098,0.16668236468740097
16.1,77.28083759926615,6.866220455586436,10.758328555762485,78.64593203983527,2.1984940101783534,10.005594626922498,4.02,5.6510781749331,5.17922484427314,4.57832162478552,1.3650944405691234,4.667726445408083,0.7527339288399872,77.96338481955071,4.532357232882395,10.381961591342492,0.711368676002473,1.6310781749331005,0.4057408394346666
16.2,77.28083759926615,6.866220455586436,10.758328555762485,73.08735020142365,12.87929150173872,12.150209156651325,5.02,6.29001718597575,6.46758923339581,5.71720760110032,4.193487397842503,6.013071046152284,1.3918806008888396,75.18409390034489,9.872755978662578,11.454268856206905,0.7980900291329129,1.2700171859757505,0.25299147125951377
16.3,77.28083759926615,6.866220455586436,10.758328555762485,74.10313702415117,10.129194683516584,8.948083343200697,3.58,4.63414828862585,4.61234451305916,4.077211795207,3.177700575114983,3.2629742279301475,1.8102452125617887,75.69198731170866,8.49770756955151,9.853205949481591,0.772525991024996,1.05414828862585,0.2944548291428478
16.4,77.28083759926615,6.866220455586436,10.758328555762485,77.82884243713642,2.790532058066064,7.387403313699492,3.77,4.85363870395936,4.85713374699247,4.29360013070682,0.5480048378702662,4.075688397520372,3.3709252420629934,77.55484001820128,4.8283762568262505,9.072865934730988,0.7767368420207879,1.0836387039593602,0.287437321928892
16.5,77.28083759926615,6.866220455586436,10.758328555762485,80.96806038338691,-2.0673883005896676,9.397413303919656,5.32,11.8048596104771,6.85409855013261,6.05887339399477,3.687222784120763,8.933608756176104,1.3609152518428296,79.12444899132653,2.399416077498384,10.07787092984107,0.45066186088547033,6.4848596104771,1.2189585731688235
16.6,77.28083759926615,6.866220455586436,10.758328555762485,77.99823267538844,1.7237897841900218,6.8018481376072915,4.51,6.2812237823186,5.81052339494325,5.13637575317977,0.7173950761222869,5.142430671396415,3.956480418155194,77.6395351373273,4.295005119888229,8.780088346684888,0.7180129470912119,1.7712237823186001,0.3927325458815671
16.7,77.28083759926615,6.866220455586436,10.758328555762485,71.85267060219783,14.424368278934562,19.346227650109093,6.01,7.99455391083497,7.74306997862725,6.84470471765198,5.428166997068317,7.558147823348126,8.587899094346607,74.566754100732,10.6452943672605,15.052278102935789,0.7517617701098896,1.9845539108349701,0.33020863735520156
16.8,77.28083759926615,6.866220455586436,10.758328555762485,69.12525924007593,19.10033905884273,11.233443027006441,7.06,11.8637011149169,9.09585258720606,8.04053499278253,8.155578359190216,12.234118603256295,0.47511447124395545,73.20304841967103,12.983279757214584,10.995885791384463,0.5950925373977916,4.8037011149169,0.6804109226963866
16.9,77.28083759926615,6.866220455586436,10.758328555762485,81.06773524189518,-0.7472605693455425,9.40657651015111,5.51,9.99316559559327,7.09888778406592,6.27526172949458,3.786897642629029,7.613481024931978,1.3517520456113754,79.17428642058067,3.059479943120447,10.082452532956797,0.5513768331707013,4.48316559559327,0.8136416687440342
16.10,77.28083759926615,6.866220455586436,10.758328555762485,68.58788564841552,19.463711077501834,10.919972376215824,6.57,12.3377519615316,8.46455403653595,7.48248086438827,8.692951950850627,12.597490621915398,0.1616438204533388,72.93436162384083,13.164965766544135,10.839150465989155,0.5325119211305568,5.7677519615316,0.8778922314541411
16.11,77.28083759926615,6.866220455586436,10.758328555762485,79.63251747539627,1.2342235467916463,10.845388775876618,4.15,7.19021633310959,5.34671221485909,4.72637680170644,2.3516798761301203,5.63199690879479,0.08706022011413239,78.45667753733122,4.0502220011890415,10.801858665819552,0.5771731763219501,3.0402163331095897,0.7325822487655439
16.12,77.28083759926615,6.866220455586436,10.758328555762485,78.34698832492087,-0.2981196945673892,5.278388946070067,5.33,9.37824228389397,6.86698219402384,6.07026225375791,1.0661507256547225,7.1643401501538255,5.479939609692418,77.81391296209351,3.2840503805095236,8.018358750916276,0.568336777626796,4.04824228389397,0.7595201281678142
16.13,77.28083759926615,6.866220455586436,10.758328555762485,69.503441593499,18.423290269323434,10.386741692570345,6.03,11.5226332594885,7.76883726640971,6.86748243717828,7.7773960057671445,11.557069813736998,0.3715868631921406,73.39213959638258,12.644755362454935,10.572535124166414,0.5233178791411399,5.492633259488501,0.9108844541588086
16.14,77.28083759926615,6.866220455586436,10.758328555762485,80.36006640266677,0.1388332018686378,9.777776457889509,4.91,8.66452018498265,6.32586915059232,5.5919301437057,3.0792288034006248,6.727387253717799,0.9805520978729767,78.82045200096647,3.502526828727537,10.268052506825997,0.5666788113603031,3.754520184982649,0.7646680619588556
16.15,77.28083759926615,6.866220455586436,10.758328555762485,69.25463474961421,21.748439291085162,5.421763146855296,7.36,14.6611111859916,9.48236190394286,8.38220078567697,8.026202849651938,14.882218835498726,5.336565408907189,73.26773617444019,14.3073298733358,8.09004585130889,0.5020083338928857,7.3011111859916005,0.9919988023097285
16.16,77.28083759926615,6.866220455586436,10.758328555762485,79.54282364505016,1.0153423032205344,5.978860986042656,4.36,7.51764131278593,5.61726873657485,4.96554285673255,2.2619860457840133,5.850878152365902,4.77946756971983,78.41183062215816,3.9407813794034854,8.36859477090257,0.5799691443118716,3.1576413127859295,0.7242296587297476
16.17,77.28083759926615,6.866220455586436,10.758328555762485,78.76551254365195,2.8673201455217123,10.941939375317622,3.34,4.96192714589279,4.30313705966972,3.80387916089145,1.4846749443858016,3.998900310064724,0.18361081955513647,78.02317507145905,4.866770300554075,10.850133965540053,0.6731255621299362,1.6219271458927897,0.4856069297626296
16.18,77.28083759926615,6.866220455586436,10.758328555762485,69.56315619559047,15.122102186300058,3.522455929572188,6.61,11.8710795702329,8.51608861210086,7.52803630344086,7.717681403675684,8.255881730713622,7.2358726261902975,73.4219968974283,10.994161320943247,7.140392242667337,0.556815406748512,5.2610795702329005,0.7959273176152758
16.19,77.28083759926615,6.866220455586436,10.758328555762485,77.20113099587194,5.1622034178290255,9.488123860777709,2.29,1.86645918420786,2.95035445109092,2.6080488857609,0.07970660339421443,1.7040170377574109,1.270204694984777,77.24098429756904,6.014211936707731,10.123226208270097,1.2269220876345988,0.4235408157921401,0.18495232122584618
16.20,77.28083759926615,6.866220455586436,10.758328555762485,79.47306180533737,2.1456719669546986,10.393803550786451,3.13,5.90039777975035,4.03258053795396,3.56471310586534,2.1922242060712165,4.720548488631738,0.36452500497603424,78.37694970230176,4.505946211270567,10.576066053274468,0.5304727098588867,2.7703977797503505,0.8851111114585429
16.21,77.28083759926615,6.866220455586436,10.758328555762485,74.6110834607564,11.39284089799969,15.091303392941802,4.04,4.7400487345617,5.20499213205559,4.60109934431181,2.669754138509745,4.526620442413254,4.332974837179316,75.94596053001128,9.129530676793063,12.924815974352143,0.8523119118354922,0.7000487345617001,0.17327938970010415
16.22,77.28083759926615,6.866220455586436,10.758328555762485,77.69931080410358,1.9754159878788702,7.246920693147452,3.84,5.87511066142298,4.94731925423106,4.37332214904885,0.4184732048374258,4.890804467707566,3.511407862615034,77.49007420168486,4.420818221732653,9.002624624454969,0.6536047098755973,2.03511066142298,0.5299767346075529
16.23,77.28083759926615,6.866220455586436,10.758328555762485,78.0978760668988,3.683121348079077,11.06851454306681,2.96,3.88426421636971,3.81355859180311,3.37110248989182,0.8170384676326563,3.1830991075073594,0.31018598730432423,77.68935683308248,5.274670901832756,10.913421549414647,0.7620490868678367,0.9242642163697101,0.31225142434373604
16.24,77.28083759926615,6.866220455586436,10.758328555762485,71.21550551076359,13.383438583434437,4.248118738026441,6.38,9.99043023900055,8.21976480260264,7.26609252888846,6.065332088502558,6.517218127848,6.510209817736045,74.24817155501486,10.124829519510437,7.5032236468944635,0.6386111355299998,3.610430239000551,0.5658981564944597
16.25,77.28083759926615,6.866220455586436,10.758328555762485,72.43015461170513,13.822844180591598,12.007224587732136,5.35,7.21830061967603,6.89274948180629,6.09303997328421,4.850682987561015,6.956623725005162,1.2488960319696503,74.85549610548564,10.344532318089017,11.38277657174731,0.7411716803087297,1.8683006196760301,0.34921506903304955
16.26,77.28083759926615,6.866220455586436,10.758328555762485,74.47164369463472,11.94105919441063,14.761016669579075,4.21,5.08995041014203,5.42401407820645,4.79470996028533,2.809193904631428,5.0748387388241945,4.002688113816589,75.87624064695044,9.403639824998534,12.75967261267078,0.8271200424240291,0.8799504101420297,0.20901434915273523
16.27,77.28083759926615,6.866220455586436,10.758328555762485,77.26091070845946,-3.1858086728131507,17.684751249362375,7.39,13.5909466288977,9.52101283561654,8.41636736496641,0.01992689080668697,10.052029128399587,6.926422693599889,77.2708741538628,1.8402058913866428,14.22153990256243,0.5437443175402731,6.200946628897701,0.8390996790336402
16.28,77.28083759926615,6.866220455586436,10.758328555762485,70.80735469175116,12.98269513009026,8.39267135744417,5.21,8.20816952031327,6.71237846732912,5.93359593660014,6.473482907514992,6.116474674503824,2.3656571983183152,74.04409614550866,9.924457792838348,9.575499956603327,0.6347334794282397,2.9981695203132697,0.5754643991819204
16.29,77.28083759926615,6.866220455586436,10.758328555762485,81.855200821569,-0.30078519676635107,11.179355507213206,5.27,9.67774788200281,6.78968033067648,6.00192909517902,4.57436322230285,7.167005652352787,0.42102695145072033,79.56801921041757,3.2827176294100426,10.968842031487846,0.5445481803938897,4.407747882002811,0.8363847971852801
16.30,77.28083759926615,6.866220455586436,10.758328555762485,73.84419749444348,11.187483711696977,16.31725308869081,3.51,5.13725162777635,4.52215900582058,3.99748977686497,3.436640104822672,4.321263256110541,5.558924532928323,75.56251754685482,9.026852083641707,13.537790822226647,0.6832447101361964,1.6272516277763502,0.4636044522258535
16.31,77.28083759926615,6.866220455586436,10.758328555762485,72.73882952875408,11.544354872627949,8.047169872807004,4.51,6.55826170840838,5.81052339494325,5.13637575317977,4.542008070512068,4.6781344170415124,2.7111586829554817,75.00983356401011,9.205287664107193,9.402749214284745,0.6876822243202073,2.04826170840838,0.4541600239366342
16.32,77.28083759926615,6.866220455586436,10.758328555762485,82.21406603431033,-3.3817392963918502,8.363848374985938,6.44,13.8507787215661,8.29706666595,7.33442568746735,4.933228435044185,10.247959751978286,2.3944801807765472,79.74745181678824,1.742240579597293,9.561088465374212,0.4649558071061926,7.410778721566099,1.150742037331577
16.33,77.28083759926615,6.866220455586436,10.758328555762485,71.6834175372744,12.589375025442662,7.483984404743893,5.24,7.90741442978616,6.7510293990028,5.96776251588958,5.597420061991755,5.723154569856225,3.2743441510185924,74.48212756827027,9.72779774051455,9.12115648025319,0.6626692006427487,2.6674144297861595,0.5090485552055555
16.34,77.28083759926615,6.866220455586436,10.758328555762485,71.21550551076359,17.169655705377707,10.716902338639066,6.11,10.0925194686567,7.87190641753952,6.95859331528346,6.065332088502558,10.30343524979127,0.04142621712341921,74.24817155501486,12.017938080482072,10.737615447200776,0.6053988816538626,3.9825194686567,0.6518035135850894
16.35,77.28083759926615,6.866220455586436,10.758328555762485,73.02760257667262,13.65331155938848,17.138028500026813,5.02,6.8463300429833,6.46758923339581,5.71720760110032,4.253235022593529,6.7870911038020445,6.379699944264328,75.15422008796938,10.259766007487459,13.94817852789465,0.7332395557546458,1.8263300429833,0.36381076546204966
16.36,77.28083759926615,6.866220455586436,10.758328555762485,78.23737761945243,2.890885003597965,7.686704545651346,3.61,4.71587411835312,4.65099544473284,4.11137837449645,0.9565400201862815,3.9753354519884714,3.0716240101111394,77.75910760935929,4.878552729592201,9.222516550706915,0.765499652585126,1.1058741183531198,0.3063363207885827
16.37,77.28083759926615,6.866220455586436,10.758328555762485,80.0610670258202,1.1186565556767225,10.888405268165835,4.92,7.42216473755266,6.33875279448354,5.60331900346884,2.780229426554044,5.747563899909714,0.1300767124033495,78.67095231254316,3.992438505631579,10.823366911964161,0.6628793853691007,2.5021647375526603,0.5085700685048964
16.38,77.28083759926615,6.866220455586436,10.758328555762485,74.47164369463472,10.674602744362605,14.758492395437294,3.7,4.29415570408776,4.76694823975388,4.21387811236478,2.809193904631428,3.808382288776169,4.0001638396748085,75.87624064695044,8.770411599974521,12.75841047559989,0.8616361990824418,0.5941557040877594,0.16058262268302073
16.39,77.28083759926615,6.866220455586436,10.758328555762485,72.45006812643683,11.552884487987248,9.04452293258795,3.9,6.31147626795558,5.02462111757842,4.44165530762774,4.830769472829317,4.686664032400811,1.7138056231745349,74.8654528628515,9.209552471786843,9.901425744175217,0.617921993810391,2.4114762679555803,0.6183272480351931
16.40,77.28083759926615,6.866220455586436,10.758328555762485,73.12718201061467,12.835426618296674,17.327352443124845,4.95,6.4196092419548,6.37740372615722,5.63748558275829,4.153655588651475,5.969206162710238,6.569023887362359,75.20400980494041,9.850823536941554,14.042840499443665,0.7710749693110025,1.4696092419547995,0.2968907558904866
16.41,77.28083759926615,6.866220455586436,10.758328555762485,78.6359668573075,4.515904031409779,9.482776915218615,2.55,2.75684108954456,3.28532919226281,2.90415923960275,1.3551292580413445,2.3503164241766576,1.2755516405438705,77.95840222828681,5.6910622434981075,10.12055273549055,0.9249717035726195,0.20684108954456004,0.0811141527307631
16.42,77.28083759926615,6.866220455586436,10.758328555762485,80.36006640266677,1.0739832965366292,10.713553695296273,4.92,7.51102503649687,6.33875279448354,5.60331900346884,3.0792288034006248,5.792237159049807,0.044774860466212374,78.82045200096647,3.9701018760615328,10.73594112552938,0.6550370921995545,2.5910250364968697,0.5266311048719997
16.43,77.28083759926615,6.866220455586436,10.758328555762485,73.58526665034887,12.852933376103548,15.788055184416482,4.62,6.04286093682881,5.95224347774674,5.2616532105744,3.695570948917279,5.986712920517112,5.029726628653997,75.43305212480752,9.859576915844993,13.273191870089484,0.7645385269547438,1.42286093682881,0.30797855768849164
16.44,77.28083759926615,6.866220455586436,10.758328555762485,73.00768660218984,10.710162013664593,9.180118766891198,3.45,5.42190693845693,4.44485714247322,3.92915661828608,4.273150997076314,3.843941558078157,1.5782097888712876,75.14426210072799,8.788191234625515,9.969223661326842,0.6363074908005631,1.9719069384569297,0.5715672283725688
16.45,77.28083759926615,6.866220455586436,10.758328555762485,82.17419139950769,-1.703893116305255,13.649666842838926,6.25,11.8075644485882,8.0522774320167,7.11803735196753,4.893353800241542,8.570113571891692,2.89133828707644,79.72751449938693,2.5811636696405906,12.203997699300706,0.5293216926051142,5.5575644485882005,0.8892103116318384
16.46,77.28083759926615,6.866220455586436,10.758328555762485,71.21550551076359,14.936168789112692,12.651543613764193,5.95,8.33388733835538,7.66576811527989,6.77637155907309,6.065332088502558,8.069948333526256,1.893215058001708,74.24817155501486,10.901194622349564,11.70493608476334,0.7139525359194774,2.38388733835538,0.40065333411003806
16.47,77.28083759926615,6.866220455586436,10.758328555762485,78.41674084897488,1.3496703652796094,12.196954906667834,4.59,7.16244838174331,5.91359254607306,5.22748663128496,1.1359032497087327,5.516550090306827,1.4386263509053485,77.84878922412051,4.107945410433023,11.47764173121516,0.6408423146278885,2.5724483817433104,0.56044627041021
17.1,76.06926101415557,1.3219469604012213,24.397236991029313,80.26791522004456,-6.987717743068278,20.40259155100528,5.93,8.98021861034523,7.64000082749744,6.7535938395468,4.198654205888985,8.3096647034695,3.9946454400240334,78.16858811710006,-2.8328853913335283,22.399914271017295,0.6603402719515411,3.0502186103452296,0.5143707605111061
17.2,76.06926101415557,1.3219469604012213,24.397236991029313,70.7608451257557,7.030532031365999,15.444042276895109,5.85,9.5135864473039,7.53693167636763,6.66248296144161,5.308415888399878,5.708585070964777,8.953194714134204,73.41505306995563,4.17623949588361,19.92063963396221,0.6149100585555669,3.663586447303901,0.6262540934491705
17.3,76.06926101415557,1.3219469604012213,24.397236991029313,78.12843271407766,-4.316042658822184,16.61457100331205,4.65,7.60019159692947,5.99089440942042,5.29581978986385,2.0591716999220893,5.637989619223405,7.782665987717262,77.09884686411661,-1.4970478492104813,20.505903997170684,0.6118266809572019,2.9501915969294696,0.6344498056548429
17.4,76.06926101415557,1.3219469604012213,24.397236991029313,74.18980303028016,3.3917230635290285,22.04462716368585,2.47,2.82656116640092,3.182260041133,2.81304836149757,1.8794579838754117,2.0697761031278072,2.352609827343464,75.12953202221786,2.356835011965125,23.22093207735758,0.8738533694182231,0.35656116640091984,0.14435674747229274
17.5,76.06926101415557,1.3219469604012213,24.397236991029313,73.14594997194214,6.299286094526346,27.48734306919578,4.66,4.93163089128947,6.00377805331165,5.30720864962699,2.9233110422134274,4.977339134125125,3.0901060781664675,74.60760549304885,3.8106165274637838,25.942290030112545,0.9449206767047063,0.2716308912894698,0.058289890822141616
17.6,76.06926101415557,1.3219469604012213,24.397236991029313,81.00445510451115,-2.9747797468285264,13.351962089107094,6.1,8.61548396746617,7.85902277364829,6.94720445552031,4.93519409035558,4.296726707229748,11.04527490192222,78.53685805933335,-0.8264163932136526,18.874599540068203,0.7080275492737053,2.515483967466171,0.41237442082849124
17.7,76.06926101415557,1.3219469604012213,24.397236991029313,75.59187714249856,4.632111246447968,28.61339364000952,4.2,3.31031796919993,5.41113043431522,4.78332110052218,0.4773838716570111,3.3101642860467466,4.216156648980206,75.83056907832707,2.9770291034245946,26.505315315519418,1.2687602936663926,0.8896820308000701,0.21182905490196216
17.8,76.06926101415557,1.3219469604012213,24.397236991029313,69.83695372681173,12.136497806292724,26.01373623768859,7.44,10.3730404629189,9.58543105507267,8.47331166378215,6.232307287343843,10.814550845891503,1.6164992466592771,72.95310737048365,6.729222383346972,25.205486614358954,0.7172439002700269,2.933040462918899,0.3942258686189076
17.9,76.06926101415557,1.3219469604012213,24.397236991029313,78.95428783747539,-3.9906980735980313,21.78709527873426,3.9,5.77222959482932,5.02462111757842,4.44165530762774,2.8850268233198193,5.312645033999253,2.6101417122950537,77.51177442581547,-1.334375556598405,23.092166134881786,0.6756488000439058,1.8722295948293204,0.4800588703459645
17.10,76.06926101415557,1.3219469604012213,24.397236991029313,80.70584818340991,-8.109890027449552,18.14113295170403,5.69,10.7116536521548,7.330793374108,6.48026120523124,4.636587169254341,9.431836987850772,6.256104039325283,78.38755459878274,-3.3939715335241654,21.26918497136667,0.5311971600504634,5.021653652154799,0.8825401847578662
17.11,76.06926101415557,1.3219469604012213,24.397236991029313,74.41848492372085,5.106381550239181,30.497013090214843,4.03,4.14755282688449,5.19210848816436,4.58971048454867,1.650776090434718,3.78443458983796,6.099776099185529,75.2438729689382,3.2141642553202012,27.447125040622076,0.9716573042556159,0.11755282688448965,0.02916943594424819
17.12,76.06926101415557,1.3219469604012213,24.397236991029313,79.66082759451037,-4.527134598802718,21.120087828606525,4.15,6.57187066282477,5.34671221485909,4.72637680170644,3.591566580354794,5.849081559203939,3.2771491624227878,77.86504430433297,-1.6025938192007483,22.75866240981792,0.6314792564077543,2.4218706628247695,0.5835832921063099
17.13,76.06926101415557,1.3219469604012213,24.397236991029313,78.21797817351874,-3.3535487341266323,22.444242575063967,4.02,4.90508046124702,5.17922484427314,4.57832162478552,2.148717159363173,4.675495694527854,1.952994415965346,77.14361959383716,-1.0158008868627055,23.420739783046642,0.8195584213023155,0.8850804612470204,0.22016926891215205
17.14,76.06926101415557,1.3219469604012213,24.397236991029313,77.45191105966556,-3.283723928121929,18.59704380557914,4.1,5.79844344982206,5.28229399540295,4.6694325028907,1.3826500455099904,4.60567088852315,5.800193185450173,76.76058603691057,-0.9808884838603538,21.497140398304225,0.7070863128653487,1.6984434498220606,0.4142544998555625
17.15,76.06926101415557,1.3219469604012213,24.397236991029313,73.25529587258417,3.934133515185678,22.961326572839624,2.56,3.41205211009723,3.29821283615404,2.9155480993659,2.8139651415714013,2.612186554784457,1.435910418189689,74.66227844336987,2.6280402377934498,23.67928178193447,0.7502816242676811,0.85205211009723,0.33283285537671764
17.16,76.06926101415557,1.3219469604012213,24.397236991029313,72.12219408537035,8.302015136788798,27.398142322519938,5.37,6.71381098876044,6.91851676958874,6.11581769281051,3.947066928785219,6.980068176387577,3.0009053314906247,74.09572754976296,4.81198104859501,25.897689656774624,0.7998437859198074,1.3438109887604401,0.25024413193858397
17.17,76.06926101415557,1.3219469604012213,24.397236991029313,77.2330527379483,-1.750885533274571,20.6003202175421,3.45,3.72908782808012,4.44485714247322,3.92915661828608,1.1637917237927269,3.0728324936757923,3.7969167734872116,76.65115687605194,-0.21446928643667484,22.498778604285707,0.9251592234155117,0.27908782808011967,0.08089502260847091
17.18,76.06926101415557,1.3219469604012213,24.397236991029313,70.85026432225601,14.011286762983023,18.64698992507201,7.92,13.673335330077,10.2038459618516,9.01997693241326,5.218996691899562,12.689339802581802,5.7502470659573035,73.4597626682058,7.6666168616921215,21.52211345805066,0.5792295594476706,5.753335330077,0.7264312284533547
17.19,76.06926101415557,1.3219469604012213,24.397236991029313,80.76556873117923,-5.4657795404273735,24.010305127991693,5.08,7.12463009979514,6.54489109674317,5.78554075967921,4.696307717023657,6.787726500828595,0.3869318630376206,78.4174148726674,-2.071916290013076,24.2037710595105,0.7130194730296313,2.04463009979514,0.40248624003792394
17.20,76.06926101415557,1.3219469604012213,24.397236991029313,80.34753705300254,-6.882190020776113,19.416363173384088,5.41,9.20879158838695,6.97005134515365,6.1613731318631,4.278276038846968,8.204136981177335,4.980873817645225,78.20839903357906,-2.780121530187446,21.9068000822067,0.587482075958259,3.7987915883869494,0.7021795910692735
17.21,76.06926101415557,1.3219469604012213,24.397236991029313,80.46697215372886,-8.920315275528779,18.798075588545938,6.46,11.0712467335018,8.32283395373245,7.35720340699364,4.397711139573289,10.24226223593,5.599161402483375,78.26811658394222,-3.799184157563779,21.597656289787626,0.5834934542528463,4.6112467335018,0.7138152837133104
17.22,76.06926101415557,1.3219469604012213,24.397236991029313,75.1244780490399,4.637308235022896,28.005407206680122,3.68,3.27042630243733,4.74118095197143,4.19110039283848,0.944782965115678,3.315361274621675,3.6081702156508086,75.59686953159773,2.9796275977120588,26.201322098854718,1.1252355682597692,0.40957369756267026,0.11129720039439485
17.23,76.06926101415557,1.3219469604012213,24.397236991029313,79.68073081768888,-6.235151259216365,13.66702242423312,5.25,10.8466863501912,6.76391304289402,5.97915137565273,3.6114698035333106,7.557098219617586,10.730214566796192,77.87499591592223,-2.456602149407572,19.032129707631217,0.4840187897037731,5.5966863501912005,1.06603549507146
17.24,76.06926101415557,1.3219469604012213,24.397236991029313,74.97531705539593,2.3757823675409906,23.250790247723717,1.66,1.44723838787484,2.13868488594363,1.89055072068258,1.0939439587596382,1.0538354071397693,1.1464467433055958,75.52228903477575,1.848864663971106,23.824013619376515,1.1470121389542272,0.21276161212515987,0.12816964578131942
17.25,76.06926101415557,1.3219469604012213,24.397236991029313,71.80417871096797,10.684014968971589,24.248723749801716,6.44,9.0613824438571,8.29706666595,7.33442568746735,4.265082303187597,9.362068008570368,0.14851324122759735,73.93671986256177,6.0029809646864045,24.322980370415515,0.7107083316690934,2.6213824438571,0.40704696326864176
17.26,76.06926101415557,1.3219469604012213,24.397236991029313,80.19824621470416,-1.7330086999207128,12.066069799125811,5.21,8.2325767657013,6.71237846732912,5.93359593660014,4.128985200548584,3.054955660321934,12.331167191903502,78.13375361442986,-0.20553086975974577,18.23165339507756,0.6328516754405666,3.0225767657012996,0.5801490911940788
17.27,76.06926101415557,1.3219469604012213,24.397236991029313,73.66287932457934,7.707494588915898,32.171920860613845,6.58,6.08962966972165,8.47743768042718,7.49386972415142,2.4063816895762358,6.385547628514677,7.774683869584532,74.86607016936745,4.51472077465856,28.284578925821577,1.0805254762265764,0.49037033027835,0.07452436629237472
17.28,76.06926101415557,1.3219469604012213,24.397236991029313,74.66706306624941,4.168380687785412,25.46375717811682,2.79,2.81886957305292,3.59453664565225,3.17749187391831,1.40219794790616,2.8464337273841904,1.0665201870875052,75.36816204020249,2.7451638240933165,24.930497084573066,0.9897584569649273,0.02886957305292004,0.010347517219560043
17.29,76.06926101415557,1.3219469604012213,24.397236991029313,81.13385523710193,-5.873702353799192,25.564753558378285,4.99,7.38494984011831,6.42893830172213,5.68304102181088,5.064594222946354,7.195649314200414,1.1675165673489722,78.60155812562874,-2.2758776966989855,24.9809952747038,0.6756985636133123,2.3949498401183096,0.4799498676629979
17.30,76.06926101415557,1.3219469604012213,24.397236991029313,74.5378010029055,6.40246719938059,30.81613188787482,5.06,4.94694516516097,6.51912380896072,5.76276304015291,1.5314600112500756,5.080520238979369,6.418894896845508,75.30353100853054,3.8622070798909056,27.606684439452067,1.022853464116071,0.1130548348390299,0.022342852730570562
17.31,76.06926101415557,1.3219469604012213,24.397236991029313,79.15330527151151,-4.515517668613578,21.966480920513632,4.17,6.2376049218495,5.37247950264154,4.74915452123274,3.0840442573559415,5.837464629014799,2.430756070515681,77.61128314283354,-1.5967853541061783,23.181858955771474,0.668525828675766,2.0676049218495,0.495828518310233
17.32,76.06926101415557,1.3219469604012213,24.397236991029313,72.47998739267359,4.887239449104353,21.47595478865496,3.57,4.81827444763967,4.59946086916794,4.06582293544386,3.589273621481979,3.5652924887031316,2.9212822023743534,74.27462420341459,3.104593204752787,22.93659588984214,0.7409291517231668,1.24827444763967,0.34965670792437353
17.33,76.06926101415557,1.3219469604012213,24.397236991029313,72.93720592252353,8.553836561555118,33.92639091144161,6.94,6.96894973065998,8.94124886051134,7.90386867562475,3.13205509163204,7.231889601153896,9.529153920412295,74.50323346833954,4.93789176097817,29.16181395123546,0.995845897477426,0.028949730659979522,0.004171430930231713
17.34,76.06926101415557,1.3219469604012213,24.397236991029313,77.18331340661366,-2.9253969652501266,20.06175073270091,3.67,4.93957303857903,4.7282973080802,4.17971153307534,1.1140523924580918,4.247343925651348,4.335486258328402,76.62628721038462,-0.8017250024244527,22.229493861865112,0.74297919488053,1.26957303857903,0.34593270796542164
17.35,76.06926101415557,1.3219469604012213,24.397236991029313,77.97919386375928,-1.9384656721126436,22.494294258207436,2.92,3.5864784086661,3.7620240162382,3.32554705083923,1.909932849603706,3.260412632513865,1.9029427328218773,77.02422743895742,-0.3082593558557112,23.445765624618375,0.8141691281704525,0.6664784086661002,0.22824603028693635
17.36,76.06926101415557,1.3219469604012213,24.397236991029313,72.63901482579192,5.228846726521685,19.502391959793684,3.75,5.66369664654508,4.83136645921002,4.27082241118052,3.430246188363654,3.906899766120464,4.894845031235629,74.35413791997374,3.2753968434614533,21.9498144754115,0.6621117325599405,1.9136966465450804,0.5103191056092696
17.37,76.06926101415557,1.3219469604012213,24.397236991029313,74.70683710256426,6.072369149243306,30.058656321741207,4.51,4.59957907492235,5.81052339494325,5.13637575317977,1.362423911591307,4.750422188842085,5.661419330711894,75.38804905835991,3.6971580548222636,27.22794665638526,0.9805245057333019,0.08957907492235062,0.019862322594786763
17.38,76.06926101415557,1.3219469604012213,24.397236991029313,79.62102018261393,-4.776689679283519,14.613986207497586,4.88,9.14553838893709,6.28721821891863,5.55776356441625,3.5517591684583607,6.098636639684741,9.783250783531727,77.84514059838475,-1.727371359441149,19.50561159926345,0.5335935176183288,4.265538388937091,0.8740857352588125
17.39,76.06926101415557,1.3219469604012213,24.397236991029313,78.65577375634761,-3.421373915182435,22.295159299143876,3.61,5.09690106136804,4.65099544473284,4.11137837449645,2.586512742192042,4.743320875583656,2.1020776918854374,77.36251738525159,-1.049713477390607,23.346198145086596,0.7082735089079363,1.4869010613680405,0.41188395040336745
17.40,76.06926101415557,1.3219469604012213,24.397236991029313,71.93336987043688,5.871973381806617,15.056051576875685,5.12,8.39048353433247,6.59642567230808,5.8310961987318,4.135891143718695,4.550026421405396,9.341185414153628,74.00131544229623,3.596960171103919,19.7266442839525,0.6102151298479512,3.2704835343324694,0.6387663151745514
17.41,76.06926101415557,1.3219469604012213,24.397236991029313,79.21301207323313,-3.070418798735264,17.13467709431862,4.21,6.50718757499216,5.42401407820645,4.79470996028533,3.143751059077559,4.392365759136485,7.262559896710695,77.64113654369436,-0.8742359191670213,20.765957042673968,0.6469768929871513,2.2971875749921598,0.5456502552129476
17.42,76.06926101415557,1.3219469604012213,24.397236991029313,75.30347721352999,2.570851637829663,22.174673691145163,1.74,1.8172144889565,2.24175403707345,1.98166159878776,0.7657838006255844,1.2489046774284418,2.2225632998841505,75.68636911384277,1.9463992991154422,23.285955341087238,0.9575094242406418,0.07721448895650007,0.04437614305294479
17.43,76.06926101415557,1.3219469604012213,24.397236991029313,72.42035287956834,8.098616954692828,27.039219856543028,5.06,6.49249119698361,6.51912380896072,5.76276304015291,3.6489081345872307,6.776669994291606,2.6419828655137145,74.24480694686196,4.710281957547025,25.718228423786172,0.7793618575211156,1.4324911969836105,0.283101027015911
17.44,76.06926101415557,1.3219469604012213,24.397236991029313,81.10399349773563,-5.923832423280706,24.827458453846084,4.89,7.48252478221497,6.30010186280986,5.5691524241794,5.034732483580058,7.245779383681927,0.4302214628167711,78.5866272559456,-2.300942731439742,24.612347722437697,0.6535227268434043,2.59252478221497,0.5301686670112069
17.45,76.06926101415557,1.3219469604012213,24.397236991029313,74.03072605554567,6.769754379431614,31.26475656431973,5.36,5.33137610043066,6.90563312569752,6.10442883304736,2.038534958609901,5.447807419030393,6.867519573290416,75.04999353485061,4.045850669916417,27.83099677767452,1.0053689512847648,0.028623899569340416,0.00534027976940301
17.46,76.06926101415557,1.3219469604012213,24.397236991029313,73.56346532308933,6.464477197658081,25.992302990294093,4.11,4.97115610163404,5.29517763929418,4.68082136265385,2.50579569106624,5.142530237256859,1.5950659992647793,74.81636316862244,3.893212079029651,25.194769990661705,0.8267694506358906,0.8611561016340401,0.20952703197676714
17.47,76.06926101415557,1.3219469604012213,24.397236991029313,80.51673724743851,-5.269740846783111,23.84075230152236,5.4,6.91636755795576,6.95716770126242,6.14998427209995,4.447476233282941,6.591687807184332,0.5564846895069522,78.29299913079704,-1.9738969431909448,24.118994646275837,0.7807566549883155,1.5163675579557596,0.28080880697684274
18.1,50.68720611576005,28.58463852427029,-2.381363662325331,53.25363348924246,22.653517050304384,-5.158909599220962,5.42,4.33415196038194,6.98293498904488,6.17276199162625,2.566427373482412,5.931121473965906,2.7775459368956312,51.970419802501254,25.61907778728734,-3.7701366307731465,1.2505329873740372,1.0858480396180603,0.20034096668223605
18.2,50.68720611576005,28.58463852427029,-2.381363662325331,52.96719261809001,26.160518144871524,-0.9711583940583024,3.09,2.65487350582314,3.98104596238905,3.51915766681275,2.2799865023299617,2.424120379398765,1.4102052682670285,51.82719936692503,27.372578334570907,-1.6762610281918167,1.1638972599103368,0.4351264941768598,0.14081763561036964
18.3,50.68720611576005,28.58463852427029,-2.381363662325331,44.41833949171593,39.78657067376956,0.3255172977005838,11.1,7.79076868772099,14.3008447192616,12.6416343370943,6.268866624044115,11.201932149499271,2.7068809600259147,47.552772803737994,34.185604599019925,-1.0279231823123736,1.424763132304251,3.3092313122790094,0.29812894702530457
18.4,50.68720611576005,28.58463852427029,-2.381363662325331,58.8818791420707,15.653998354341836,-2.97493481958202,6.28,10.5925041537605,8.09092836369037,7.15220393125698,8.194673026310653,12.930640169928454,0.5935711572566893,54.784542628915375,22.119318439306063,-2.6781492409536756,0.5928720827716298,4.312504153760499,0.6867044829735341
18.5,50.68720611576005,28.58463852427029,-2.381363662325331,46.39310496135254,31.806434210053027,-6.29174073117833,8.62,4.9854728132243,11.1057010342374,9.81719711583362,4.294101154407507,3.2217956857827375,3.9103770688529993,48.54015553855629,30.195536367161658,-4.33655219675183,1.7290235693204161,3.634527186775699,0.4216388847278493
18.6,50.68720611576005,28.58463852427029,-2.381363662325331,50.056078122540114,34.46299136777364,4.387206890443629,5.59,4.79231665923614,7.20195693519573,6.36637260759976,0.6311279932199341,5.87835284350335,6.76857055276896,50.37164211915008,31.523814946021965,1.002921614059149,1.1664504656761463,0.7976833407638599,0.14269827202525254
18.7,50.68720611576005,28.58463852427029,-2.381363662325331,54.261459567528576,21.022260319281227,-6.1514951949367624,5.65,5.8416761500289,7.27925879854309,6.43470576617865,3.574253451768527,7.562378204989063,3.7701315326114315,52.47433284164431,24.80344942177576,-4.266429428631047,0.9671881586597129,0.1916761500288997,0.03392498229999552
18.8,50.68720611576005,28.58463852427029,-2.381363662325331,56.674372415064965,16.936597247941943,-2.8327511749224765,5.53,8.56538326984933,7.12465507184837,6.29803944902087,5.987166299304917,11.648041276328346,0.4513875125971456,53.68078926541251,22.760617886106118,-2.6070574186239037,0.6456220142326048,3.035383269849329,0.5488939004159918
18.9,50.68720611576005,28.58463852427029,-2.381363662325331,47.14064107981791,35.67725750513151,-0.2623487019622006,7.66,4.79509271555931,9.86887122067966,8.72386657857141,3.5465650359421375,7.092618980861218,2.1190149603631303,48.91392359778898,32.1309480147009,-1.3218561821437658,1.5974665043591456,2.86490728444069,0.37400878382071556
18.10,50.68720611576005,28.58463852427029,-2.381363662325331,51.78240453921961,26.53358521381216,-2.2004211047261135,2.19,1.44738290570438,2.82151801217865,2.49416028812942,1.0951984234595642,2.05105331045813,0.1809425575992174,51.23480532748983,27.559111869041224,-2.290892383525722,1.5130757658224128,0.7426170942956198,0.3390945634504682
18.11,50.68720611576005,28.58463852427029,-2.381363662325331,47.4161595045538,31.087749558852074,-5.205928002522686,4.89,3.78742741645896,6.30010186280986,5.5691524241794,3.271046611206252,2.503111034581785,2.8245643401973552,49.05168281015692,29.836194041561182,-3.7936458324240085,1.2911138514387086,1.1025725835410398,0.22547496591320346
18.12,50.68720611576005,28.58463852427029,-2.381363662325331,50.51953807723801,33.037064495998195,4.089660582378474,5.01,4.36067115191342,6.45470558950458,5.70581874133718,0.16766803852203793,4.452425971727905,6.471024244703805,50.60337209649903,30.810851510134242,0.8541484600265714,1.1489057129778648,0.6493288480865802,0.12960655647843786
18.13,50.68720611576005,28.58463852427029,-2.381363662325331,52.35495321342934,26.402050667271805,-2.5561755573449974,2.79,1.94859601222765,3.59453664565225,3.17749187391831,1.6677470976692916,2.1825878569984845,0.17481189501966643,51.521079664594694,27.49334459577105,-2.468769609835164,1.4318001171410848,0.84140398777235,0.301578490132893
18.14,50.68720611576005,28.58463852427029,-2.381363662325331,56.34787755642468,16.662723552003765,-2.18739654068163,6.95,8.47560948241248,8.95413250440256,7.9152575353879,5.660671440664629,11.921914972266524,0.1939671216437011,53.51754183609236,22.62368103813703,-2.2843801015034804,0.820000026381792,1.52560948241248,0.21951215571121838
18.15,50.68720611576005,28.58463852427029,-2.381363662325331,43.6039243226548,41.849800344750946,-1.15087987616318,10.13,8.69251713754499,13.0511312618127,11.536914940069,7.08328179310525,13.265161820480657,1.230483786162151,47.14556521920743,35.21721943451062,-1.7661217692442555,1.165370149813202,1.4374828624550116,0.141903540208599
18.16,50.68720611576005,28.58463852427029,-2.381363662325331,54.05392276452099,20.500272993917047,-2.7396383053561735,4.48,5.29485858917268,5.77187246326957,5.10220917389033,3.366716648760942,8.084365530353242,0.35827464303084255,52.37056444014052,24.54245575909367,-2.560500983840752,0.8461038049845058,0.8148585891726796,0.18188807789973024
18.17,50.68720611576005,28.58463852427029,-2.381363662325331,47.29807198423568,30.569040096995625,-4.9143782987949525,5.19,3.77380058764569,6.68661117954666,5.91081821707384,3.389134131524365,1.9844015727253357,2.5330146364696215,48.99263904999786,29.576839310632955,-3.6478709805601417,1.3752713950003765,1.4161994123543105,0.27287079230856254
18.18,50.68720611576005,28.58463852427029,-2.381363662325331,50.44064099658465,32.88912486553003,2.4832685111052966,5.47,3.49709835821886,7.04735320850101,6.22970629044199,0.24656511917540058,4.304486341259739,4.8646321734306275,50.56392355617235,30.73688169490016,0.05095242438998282,1.5641538893466589,1.9729016417811396,0.3606767168958799
18.19,50.68720611576005,28.58463852427029,-2.381363662325331,54.212044287599966,19.43058474669862,-6.124828539271987,5.71,6.4898868939808,7.35656066189045,6.50303892475754,3.5248381718399173,9.154053777571669,3.743464876946656,52.44962520168001,24.007611635484455,-4.253096100798659,0.8798304334727381,0.7798868939807999,0.136582643405292
18.20,50.68720611576005,28.58463852427029,-2.381363662325331,58.42635526209975,14.426545504927779,-1.1107756655929224,8.73,10.8852234245648,11.2474211170409,9.94247457322825,7.739149146339699,14.15809301934251,1.2705879967324085,54.5567806889299,21.505592014599035,-1.7460696639591267,0.8020046680435527,2.1552234245647988,0.2468755354316063
18.21,50.68720611576005,28.58463852427029,-2.381363662325331,44.67358654457349,40.09635956409524,-1.3393641873881812,12.44,7.51888173946631,16.027253000686,14.1677415453562,6.01361957118656,11.511721039824948,1.0419994749371497,47.68039633016677,34.340499044182764,-1.860363924856756,1.6545013513177678,4.92111826053369,0.3955882845770178
18.22,50.68720611576005,28.58463852427029,-2.381363662325331,51.861365409495306,21.20170729310805,-4.846632295704567,6.3,4.30105210239124,8.11669565147283,7.17498165078327,1.1741592937352578,7.382931231162239,2.465268633379236,51.27428576262768,24.89317290868917,-3.613997979014949,1.4647578891296513,1.99894789760876,0.31729331703039154
18.23,50.68720611576005,28.58463852427029,-2.381363662325331,46.49143897969938,32.821066416011405,-10.059761658178212,8.29,6.1918062999372,10.6805407858269,9.44136474364974,4.195767136060667,4.236427891741116,7.678397995852881,48.589322547729715,30.702852470140847,-6.220562660251772,1.3388661720159452,2.098193700062799,0.2530993606525573
18.24,50.68720611576005,28.58463852427029,-2.381363662325331,51.861365409495306,26.545663890123194,-2.801175678753709,2.36,1.53574781674265,3.0405399583295,2.68777090410294,1.1741592937352578,2.0389746341470953,0.41981201642837807,51.27428576262768,27.56515120719674,-2.59126967053952,1.5367106322631106,0.82425218325735,0.3492593995373265
18.25,50.68720611576005,28.58463852427029,-2.381363662325331,54.814996713569826,16.988061018259337,-7.329820776942619,6.36,8.3325452374359,8.19399751482019,7.24331480936216,4.127790597809778,11.596577506010952,4.948457114617288,52.75110141466494,22.786349771264813,-4.855592219633975,0.7632721837096001,1.9725452374358996,0.31014862218958344
18.26,50.68720611576005,28.58463852427029,-2.381363662325331,51.63436248659761,26.836743971387854,-3.1537908884046173,2.71,1.34854344476943,3.49146749452244,3.08638099581312,0.9471563708375612,1.7478945528824354,0.7724272260792864,51.16078430117883,27.71069124782907,-2.767577275364974,2.009575596916547,1.36145655523057,0.5023824925196264
18.27,50.68720611576005,28.58463852427029,-2.381363662325331,45.76395672470998,37.186919513021444,0.9774837271113723,8.58,6.35221861413842,11.0541664586725,9.77164167678103,4.923249391050071,8.602280988751154,3.3588473894367032,48.22558142023502,32.88577901864586,-0.7019399676069793,1.3507091804983533,2.2277813858615803,0.25964818014008534
18.28,50.68720611576005,28.58463852427029,-2.381363662325331,58.772941648367436,14.844807148857553,-2.1417080016275625,7.91,10.8793356326061,10.1909623179603,9.00858807265011,8.085735532607387,13.739831375412736,0.23965566069776845,54.73007388206374,21.714722836563922,-2.2615358319764467,0.7270664557462619,2.9693356326061,0.3753900925702541
18.29,50.68720611576005,28.58463852427029,-2.381363662325331,48.44986559811541,30.06804963805687,-4.676703052211995,4.18,2.67880441295049,5.38536314653276,4.76054338099589,2.2373405176446397,1.4834111137865804,2.2953393898866636,49.56853585693773,29.32634408116358,-3.5290333572686627,1.560397608064138,1.5011955870495095,0.3591377001651607
18.30,50.68720611576005,28.58463852427029,-2.381363662325331,51.091653687614425,30.695190305041862,1.1013088691639528,4.62,2.37373610903417,5.95224347774674,5.2616532105744,0.4044475718543765,2.110551780771573,3.4826725314892837,50.88942990168724,29.639914414656076,-0.6400273965806891,1.9462989084888187,2.24626389096583,0.48620430529862024
18.31,50.68720611576005,28.58463852427029,-2.381363662325331,53.89581479486263,18.733677496025557,-7.090782727363765,6.45,6.96561620283573,8.30995030984123,7.34581454723049,3.208608679102582,9.850961028244733,4.709419065038434,52.29151045531134,23.659158010147923,-4.736073194844548,0.9259769432097339,0.5156162028357301,0.0799404965512852
18.32,50.68720611576005,28.58463852427029,-2.381363662325331,57.72342831849522,15.88235114249581,-2.043586263542374,6.96,9.70696633521222,8.96701614829379,7.92664639515105,7.036222202735175,12.702287381774479,0.3377773987829569,54.205317217127636,22.233494833383048,-2.2124749629338525,0.7170108310807102,2.7469663352122202,0.3946790710944743
18.33,50.68720611576005,28.58463852427029,-2.381363662325331,48.04613369480437,33.87065850226117,-0.7603208802049233,5.37,3.61738251761003,6.91851676958874,6.11581769281051,2.6410724209556804,5.2860199779908825,1.6210427821204076,49.36666990528221,31.22764851326573,-1.570842271265127,1.4844987977835997,1.75261748238997,0.3263719705891244
18.34,50.68720611576005,28.58463852427029,-2.381363662325331,54.923745767832344,20.60717684888641,-2.6335301749296214,5.01,5.80300790724291,6.45470558950458,5.70581874133718,4.236539652072295,7.9774616753838785,0.25216651260429046,52.805475941796196,24.59590768657835,-2.507446918627476,0.8633453683362247,0.7930079072429104,0.1582850113941368
18.35,50.68720611576005,28.58463852427029,-2.381363662325331,46.13747366372145,33.75437825136463,-12.131705920526192,7.87,7.2558916766864,10.1394277423954,8.96303263359752,4.549732452038597,5.169739727094338,9.750342258200861,48.41233988974075,31.16950838781746,-7.256534791425762,1.0846358172906756,0.6141083233135998,0.0780315531430201
18.36,50.68720611576005,28.58463852427029,-2.381363662325331,50.11523564726852,31.419592269546047,2.24373406055447,4.99,3.14642037187599,6.42893830172213,5.68304102181088,0.5719704684915285,2.834953745275758,4.625097722879801,50.401220881514284,30.002115396908167,-0.06881480088543057,1.5859292175377326,1.8435796281240102,0.36945483522135375
18.37,50.68720611576005,28.58463852427029,-2.381363662325331,55.27968893510362,15.409257348396821,-8.345595849318288,7.27,9.70428201032057,9.36640910892182,8.27970104780864,4.592482819343573,13.175381175873468,5.964232186992957,52.983447525431835,21.996947936333555,-5.3634797558218095,0.7491538262716553,2.4342820103205707,0.3348393411259603
18.38,50.68720611576005,28.58463852427029,-2.381363662325331,59.44644460035076,12.9973828437554,-0.26166833436356285,7.45,12.3050392591134,9.5983146989639,8.4847005235453,8.75923848459071,15.58725568051489,2.119695327961768,55.066825358055404,20.791010684012846,-1.3215159983444469,0.6054430093652008,4.8550392591134,0.65168312194117
18.39,50.68720611576005,28.58463852427029,-2.381363662325331,46.18662984701609,37.860144404140705,0.6151552493494972,9.03,6.12736885500952,11.6339304337777,10.2841403661227,4.500576268743956,9.275505879870416,2.996518911674828,48.43691798138807,33.2223914642055,-0.8831042064879169,1.4737157517689954,2.9026311449904796,0.32144309464773385
18.40,50.68720611576005,28.58463852427029,-2.381363662325331,56.7634246949346,17.689460834187376,-3.0793133721547905,6.69,8.28878556166265,8.61915776323067,7.61914718154605,6.076218579174551,10.895177690082914,0.6979497098294596,53.725315405347324,23.13704967922883,-2.7303385172400607,0.8071146188333694,1.5987855616626492,0.23898139931594434
18.41,50.68720611576005,28.58463852427029,-2.381363662325331,52.13775700879454,26.271115034500358,-2.449953946489769,2.03,1.8020545244146,2.61537970991902,2.31193853191905,1.4505508930344888,2.3135234897699313,0.06859028416443813,51.41248156227729,27.427876779385322,-2.41565880440755,1.1264919964244458,0.2279454755853998,0.11228841156310906
18.42,50.68720611576005,28.58463852427029,-2.381363662325331,48.952232447086885,35.768011859549475,6.335163973065927,8.07,6.19798289725352,10.39710062022,9.19080982886048,1.7349736686731632,7.183373335279185,8.716527635391259,49.81971928142347,32.17632519190988,1.976900155370298,1.3020365064695452,1.8720171027464803,0.23197237949374322
18.43,50.68720611576005,28.58463852427029,-2.381363662325331,52.503057081401636,26.206154596837006,-3.2596386538392252,2.22,2.2022597786538,2.86016894385233,2.52832686741887,1.8158509656415873,2.378483927433283,0.8782749915138943,51.59513159858084,27.39539656055365,-2.820501158082278,1.0080554621712199,0.017740221346200347,0.00799109069288705
18.44,50.68720611576005,28.58463852427029,-2.381363662325331,57.604643667942014,15.13446003446306,-1.441701292312958,6.35,10.0113104985093,8.18111387092896,7.23192594959901,6.9174375521819655,13.450178489807229,0.939662370012373,54.14592489185103,21.859549279366675,-1.9115324773191444,0.6342825947023861,3.6613104985093,0.5765843303831049
18.45,50.68720611576005,28.58463852427029,-2.381363662325331,47.88861207596459,35.36095775852333,-0.351649906699536,6.98,4.18029670436961,8.99278343607625,7.94942411467734,2.7985940397954607,6.776319234253037,2.029713755625795,49.28790909586232,31.972798141396808,-1.3665067845124335,1.6697379377483323,2.7997032956303904,0.40110362395835053
18.46,50.68720611576005,28.58463852427029,-2.381363662325331,55.63569253278273,19.861295678357205,-2.1501753928120593,6.01,6.57512383656947,7.74306997862725,6.84470471765198,4.9484864170226786,8.723342845913084,0.23118826951327165,53.16144932427139,24.22296710131375,-2.265769527568695,0.9140512252650785,0.5651238365694704,0.09403058843185355
18.47,50.68720611576005,28.58463852427029,-2.381363662325331,46.334108111317555,31.432147119529684,-5.269953444829234,7.36,4.77489360862586,9.48236190394286,8.38220078567697,4.353098004442494,2.847508595259395,2.888589782503903,48.5106571135388,30.00839282189999,-3.8256585535772825,1.5413955999276594,2.58510639137414,0.3512372813889813
18.48,50.68720611576005,28.58463852427029,-2.381363662325331,49.9673459136399,35.98499624042856,6.017460210627701,10.16,5.87018700606558,13.0897821934863,11.5710815193584,0.7198602021201452,7.400357716158268,8.398823872953031,50.327276014699976,32.284817382349424,1.818048274151185,1.7307796136257736,4.2898129939344205,0.42222568833781443
19.1,54.02700454685316,45.994927375457074,-9.40565876743944,50.85684531574054,48.217025555219784,-6.0743523745822925,4.26,3.63647770753071,5.48843229766258,4.85165425910107,3.1701592311126205,2.2220981797627104,3.3313063928571482,52.44192493129685,47.10597646533843,-7.740005571010867,1.1714632513782737,0.6235222924692896,0.1463667352870711
19.2,54.02700454685316,45.994927375457074,-9.40565876743944,56.39703787993088,42.21082900145989,-11.188548062490122,2.55,2.80854299236846,3.28532919226281,2.90415923960275,2.370033333077714,3.784098373997182,1.7828892950506816,55.21202121339202,44.10287818845848,-10.29710341496478,0.907944085606333,0.2585429923684601,0.10138940873218459
19.3,54.02700454685316,45.994927375457074,-9.40565876743944,57.908832125491315,40.4607782149875,-8.624600631138101,3.15,4.08080096083602,4.05834782573641,3.58749082539164,3.881827578638152,5.534149160469575,0.7810581363013398,55.96791833617224,43.22785279522229,-9.01512969928877,0.771907287186769,0.9308009608360197,0.29549236842556426
19.4,54.02700454685316,45.994927375457074,-9.40565876743944,47.44932703108047,52.08857931332239,-8.003586999890322,7.87,6.90364065195056,10.1394277423954,8.96303263359752,6.577677515772692,6.093651937865317,1.4020717675491188,50.73816578896682,49.04175334438973,-8.704622883664882,1.1399782224522979,0.9663593480494397,0.12279026021939636
19.5,54.02700454685316,45.994927375457074,-9.40565876743944,63.09431986812237,33.907979194287954,-6.95193927434592,6.63,9.23573411149419,8.54185589988331,7.55081402296716,9.067315321269206,12.08694818116912,2.453719493093521,58.560662207487766,39.951453284872514,-8.17879902089268,0.7178638881592392,2.6057341114941908,0.3930217362143543
19.6,54.02700454685316,45.994927375457074,-9.40565876743944,52.06886827108575,46.91484043656141,-8.74982110893896,3.61,1.96731029419951,4.65099544473284,4.11137837449645,1.9581362757674157,0.9199130611043387,0.6558376585004808,53.047936408969456,46.45488390600924,-9.0777399381892,1.8349926845850721,1.64268970580049,0.45503869954167625
19.7,54.02700454685316,45.994927375457074,-9.40565876743944,51.422536893872945,47.580212593503255,-9.352230537211327,3.74,2.60324163170136,4.81848281531879,4.25943355141737,2.604467652980219,1.585285218046181,0.05342823022811416,52.724770720363054,46.787569984480164,-9.378944652325384,1.4366703240371261,1.1367583682986404,0.30394608769911613
19.8,54.02700454685316,45.994927375457074,-9.40565876743944,62.24900827009783,35.013650735856274,-7.437930471237064,5.8,8.39372995212707,7.47251345691149,6.60553866262587,8.222003723244669,10.9812766396008,1.9677282962023765,58.1380064084755,40.50428905565667,-8.421794619338252,0.6909919704813973,2.5937299521270694,0.4471948192551508
19.9,54.02700454685316,45.994927375457074,-9.40565876743944,48.97686666616083,50.463336748439446,-8.001310779098493,8.4,5.28577701312155,10.8222608686304,9.56664220104437,5.050137880692333,4.4684093729823715,1.4043479883409482,51.501935606507,48.22913206194826,-8.703484773268967,1.5891703296522826,3.114222986878451,0.3707408317271083
19.10,54.02700454685316,45.994927375457074,-9.40565876743944,63.808678660625134,32.81908622561919,-7.260336236057197,6.22,9.95307656698928,8.01362650034301,7.08387077267809,9.78167411377197,13.175841149837886,2.145322531382244,58.91784160373915,39.40700680053813,-8.332997501748318,0.6249323972855324,3.73307656698928,0.6001730814130397
19.11,54.02700454685316,45.994927375457074,-9.40565876743944,55.71144478830833,43.058644872692454,-10.278995650882816,2.46,1.97129940701882,3.16937639724177,2.80165950173442,1.6844402414551638,2.9362825027646196,0.8733368834433755,54.869224667580745,44.52678612407476,-9.842327209161128,1.2479078469730431,0.48870059298118007,0.19865877755387043
19.12,54.02700454685316,45.994927375457074,-9.40565876743944,52.291003028778604,46.90370585971332,-7.469268691511255,2.92,1.98387014615388,3.7620240162382,3.32554705083923,1.7360015180745592,0.9087784842562456,1.9363900759281858,53.159003787815884,46.4493166175852,-8.437463729475347,1.4718705275086275,0.93612985384612,0.3205924155909341
19.13,54.02700454685316,45.994927375457074,-9.40565876743944,48.602683356157215,50.33557369699571,-3.493258878888983,6.65,6.3489034410803,8.56762318766576,7.57359174249346,5.424321190695949,4.340646321538635,5.912399888550458,51.31484395150519,48.165250536226395,-6.449458823164212,1.0474249704167877,0.3010965589197001,0.04527767802622893
19.14,54.02700454685316,45.994927375457074,-9.40565876743944,58.47305276346157,38.156542649716464,-12.286391974984156,4.48,5.33416285231238,5.77187246326957,5.10220917389033,4.446048216608403,7.83838472574061,2.880733207544715,56.250028655157365,42.07573501258677,-10.846025371211798,0.8398693709206936,0.8541628523123794,0.19066135092002634
19.15,54.02700454685316,45.994927375457074,-9.40565876743944,64.84479760629222,32.027862900933904,-8.430223741615928,6.45,10.858174593835,8.30995030984123,7.34581454723049,10.817793059439055,13.96706447452317,0.9754350258235132,59.43590107657269,39.01139513819549,-8.917941254527683,0.5940224983182832,4.4081745938350005,0.6834379214188468
19.16,54.02700454685316,45.994927375457074,-9.40565876743944,50.24048007827086,49.512968151460335,-8.830448143385915,5.05,3.92588577640691,6.50624016506949,5.75137418038977,3.7865244685823,3.518040776003261,0.5752106240535255,52.13374231256201,47.753947763458704,-9.118053455412678,1.286333909423004,1.1241142235930899,0.22259687591494912
19.17,54.02700454685316,45.994927375457074,-9.40565876743944,63.79861764929318,33.26049424638905,-7.186369200930631,5.95,9.86531874331863,7.66576811527989,6.77637155907309,9.771613102440014,12.734433129068023,2.2192895665088095,58.91281109807317,39.62771081092306,-8.296013984185036,0.6031229354273591,3.91531874331863,0.6580367634723685
19.18,54.02700454685316,45.994927375457074,-9.40565876743944,48.248658477775294,50.98885813917992,-11.166503557379869,7.89,5.98864473311273,10.1651950301779,8.98581035312381,5.77834606907787,4.993930763722844,1.7608447899404283,51.13783151231423,48.491892757318496,-10.286081162409655,1.3174934146713866,1.9013552668872693,0.24098292352931386
19.19,54.02700454685316,45.994927375457074,-9.40565876743944,49.28020559035117,50.13324388576501,-5.1369700530012885,6.7,5.38025166457341,8.6320414071219,7.6305360413092,4.746798956501991,4.138316510307938,4.268688714438152,51.65360506860217,48.064085630611046,-7.271314410220365,1.2452949074615334,1.3197483354265902,0.1969773634671064
19.20,54.02700454685316,45.994927375457074,-9.40565876743944,57.58637754422065,38.84531276720515,-11.76518283654493,3.61,4.46737527274138,4.65099544473284,4.11137837449645,3.5593729973674897,7.149614608251923,2.3595240691054897,55.80669104553691,42.42012007133111,-10.585420801992186,0.8080807585651211,0.8573752727413804,0.23750007548583943
19.21,54.02700454685316,45.994927375457074,-9.40565876743944,60.33633838746421,37.50072327216858,-8.339662775984413,4.78,6.49027610548878,6.15838178000637,5.44387496678477,6.309333840611046,8.494204103288496,1.0659959914550274,57.18167146715869,41.747825323812826,-8.872660771711928,0.7364863869537233,1.7102761054887798,0.3577983483537618
19.22,54.02700454685316,45.994927375457074,-9.40565876743944,46.50788092937422,52.908946432770556,-7.551932029874742,9.21,7.91049209013519,11.8658360238198,10.4891398418594,7.519123617478947,6.914019057313482,1.853726737564699,50.26744273811369,49.451936904113815,-8.478795398657091,1.1642764942930783,1.2995079098648112,0.14109749291245532
19.23,54.02700454685316,45.994927375457074,-9.40565876743944,55.126545272135445,44.12243974458535,-8.809803281992057,1.85,1.23121112474477,2.38347411987694,2.10693905618239,1.0995407252822815,1.8724876308717242,0.5958554854473839,54.576774909494304,45.05868356002121,-9.107731024715749,1.5025855121971217,0.6187888752552302,0.33448047293013494
19.24,54.02700454685316,45.994927375457074,-9.40565876743944,47.09507944115795,52.95253064167243,-15.082378973340372,9.59,7.57335157479902,12.3554144916864,10.921916512859,6.931925105695214,6.957603266215358,5.676720205900931,50.561041994005556,49.47372900856475,-12.244018870389906,1.2662821610771735,2.01664842520098,0.21028659280403478
19.25,54.02700454685316,45.994927375457074,-9.40565876743944,50.038354092143834,49.348015564681106,-10.40384723729475,6.08,4.09035607072383,7.83325548586584,6.92442673599402,3.9886504547093296,3.3530881892240316,0.9981884698553092,52.0326793194985,47.67147147006909,-9.904753002367094,1.4864231605728297,1.9896439292761698,0.3272440672613365
19.26,54.02700454685316,45.994927375457074,-9.40565876743944,56.35671343714746,42.944990800485805,-8.146682995265198,2.79,2.46596013386956,3.59453664565225,3.17749187391831,2.329708890294299,3.0499365749712695,1.2589757721742423,55.19185899200031,44.46995908797144,-8.77617088135232,1.1314051515060606,0.3240398661304402,0.11614332115207773
19.27,54.02700454685316,45.994927375457074,-9.40565876743944,45.22139151623025,54.51662488558934,-8.28294435026098,10.97,9.22908627529531,14.1333573486757,12.4935791601734,8.805613030622915,8.521697510132263,1.1227144171784609,49.62419803154171,50.2557761305232,-8.84430155885021,1.1886333783850505,1.74091372470469,0.15869769594767477
19.28,54.02700454685316,45.994927375457074,-9.40565876743944,62.3798415511028,34.83696656501384,-7.586403748637349,5.41,8.52001769812012,6.97005134515365,6.1613731318631,8.352837004249636,11.157960810443235,1.8192550188020915,58.20342304897798,40.41594697023545,-8.496031258038395,0.6349752067485379,3.110017698120119,0.5748646391026349
19.29,54.02700454685316,45.994927375457074,-9.40565876743944,49.5733903318238,49.68529043253073,-5.640012711589604,5.23,4.98032204018111,6.73814575511157,5.95637365612643,4.453614215029361,3.690363057073654,3.765646055849837,51.80019743933848,47.8401089039939,-7.522835739514522,1.0501328943699548,0.2496779598188903,0.0477395716579638
19.30,54.02700454685316,45.994927375457074,-9.40565876743944,56.50792845986068,40.85892266477009,-11.416253113769748,2.83,3.21014230088842,3.64607122121716,3.2230473129709,2.4809239130075156,5.136004710686983,2.0105943463303078,55.26746650335692,43.426925020113586,-10.410955940604595,0.8815808565044625,0.3801423008884197,0.1343259013265349
19.31,54.02700454685316,45.994927375457074,-9.40565876743944,49.59360738986109,49.31400523614388,-9.487610340974562,5.45,4.51581439647094,7.02158592071856,6.20692857091569,4.433397156992072,3.3190778606868037,0.08195157353512172,51.81030596835713,47.654466305800476,-9.446634554207002,1.2068697958561463,0.9341856035290599,0.17141020245094488
19.32,54.02700454685316,45.994927375457074,-9.40565876743944,65.60916424061845,30.645557544779045,-5.100754610981917,7.32,11.7615399084318,9.43082732837795,8.33664534662438,11.582159693765291,15.349369830678029,4.304904156457524,59.81808439373581,38.32024246011806,-7.253206689210678,0.6223674838810822,4.4415399084318,0.6067677469706327
19.33,54.02700454685316,45.994927375457074,-9.40565876743944,48.997090680280635,50.765788227323526,-8.79605348075696,6.12,5.24223862864359,7.88479006143075,6.96998217504661,5.029913866572528,4.770860851866452,0.6096052866824806,51.5120476135669,48.3803578013903,-9.1008561240982,1.1674401782080048,0.8777613713564101,0.1434250606557165
19.34,54.02700454685316,45.994927375457074,-9.40565876743944,61.333056994568096,36.60691165280333,-8.454858674554222,5.1,7.41252784598797,6.57065838452562,5.80831847920551,7.306052447714933,9.38801572265374,0.9508000928852187,57.68003077071063,41.3009195141302,-8.930258720996832,0.6880243967073054,2.3125278459879706,0.45343683245775174
19.35,54.02700454685316,45.994927375457074,-9.40565876743944,56.75993589852712,40.677141228370296,-11.709835429690084,4.01,3.48463174074103,5.16634120038191,4.56693276502237,2.7329313516739546,5.317786147086778,2.3041766622506437,55.39347022269014,43.336034301913685,-10.557747098564763,1.15076722511759,0.5253682592589697,0.1310145284608367
19.36,54.02700454685316,45.994927375457074,-9.40565876743944,49.401528137242906,49.69360085645741,-5.0659732122917855,6.37,5.24997235593582,8.20688115871142,7.25470366912531,4.625476409610258,3.698673481000334,4.339685555147655,51.714266342048035,47.844264115957245,-7.235815989865613,1.213339721986249,1.12002764406418,0.17582851552407402
19.37,54.02700454685316,45.994927375457074,-9.40565876743944,46.659762031736044,53.65665680988807,-15.298643593200545,10.22,8.04739634394236,13.1670840568337,11.6394146779373,7.36724251511712,7.661729434430995,5.892984825761104,50.34338328929461,49.82579209267257,-12.352151180319993,1.2699759725918163,2.1726036560576407,0.21258352796918367
19.38,54.02700454685316,45.994927375457074,-9.40565876743944,42.33034815768697,57.89357325623534,-10.376730312360461,12.36,12.113484826244,15.9241838495562,14.076630667251,11.696656389166193,11.898645880778268,0.9710715449210205,48.17867635227007,51.944250315846205,-9.891194539899951,1.0203504752159818,0.2465151737560003,0.019944593344341077
19.39,54.02700454685316,45.994927375457074,-9.40565876743944,58.10027570427815,40.26837488764434,-8.996292129224992,3.61,4.26755347612799,4.65099544473284,4.11137837449645,4.073271157424983,5.726552487812732,0.40936663821444874,56.063640125565655,43.13165113155071,-9.200975448332215,0.8459179291713257,0.65755347612799,0.1821477772703164
19.40,54.02700454685316,45.994927375457074,-9.40565876743944,55.51985313911324,42.63032296854807,-9.35709157750435,2.37,1.8178125588428,3.05342360222073,2.69915976386609,1.4928485922600743,3.3646044069090024,0.04856718993509013,54.7734288429832,44.31262517200257,-9.381375172471895,1.3037647843102986,0.5521874411572001,0.23299048140262008
19.41,54.02700454685316,45.994927375457074,-9.40565876743944,52.260713242481046,46.877623422266645,-7.057407819970374,2.74,2.11536813923987,3.53011842619612,3.12054757510257,1.7662913043721176,0.8826960468095706,2.348250947469067,53.143858894667105,46.43627539886186,-8.231533293704906,1.2952828152594285,0.6246318607601302,0.22796783231100815
19.42,54.02700454685316,45.994927375457074,-9.40565876743944,51.27102638938604,48.322182380021395,-7.200638657773073,3.48,3.04486162371465,4.4835080741469,3.96332319757552,2.7559781574671263,2.3272550045643214,2.2050201096663677,52.6490154681196,47.158554877739235,-8.303148712606257,1.1429090805813313,0.4351383762853498,0.1250397632644569
19.43,54.02700454685316,45.994927375457074,-9.40565876743944,55.408925106691456,42.57096860085158,-10.39765099310912,2.32,1.87970190935788,2.9890053827646,2.64221546505035,1.3819205598382922,3.423958774605495,0.99199222566968,54.71796482677231,44.282947988154326,-9.90165488027428,1.2342382519355373,0.4402980906421199,0.18978365967773114
19.44,54.02700454685316,45.994927375457074,-9.40565876743944,59.03717889537185,39.47709729518822,-8.48665502567394,3.45,5.14406749787261,4.44485714247322,3.92915661828608,5.010174348518689,6.517830080268851,0.9190037417655006,56.53209172111251,42.73601233532265,-8.94615689655669,0.670675491866332,1.6940674978726102,0.491034057212051
19.45,54.02700454685316,45.994927375457074,-9.40565876743944,44.63351105758395,55.09957671639448,-8.214012900787937,10.39,9.83339670678489,13.3861060029846,11.8330252939108,9.393493489269211,9.104649340937407,1.1916458666515037,49.330257802218554,50.547252045925774,-8.809835834113688,1.056603359831345,0.5566032932151099,0.05357105805212116
19.46,54.02700454685316,45.994927375457074,-9.40565876743944,48.036211758248726,51.58688370568415,-11.956516377728388,7.55,6.28129719914077,9.72715113787617,8.59858912117678,5.990792788604438,5.591956330227077,2.550857610288947,51.031608152550945,48.79090554057061,-10.681087572583914,1.20198101752466,1.2687028008592298,0.16804010605181322
20.1,64.9625717441431,16.105974990215046,18.777627570418453,63.40582561968584,17.760149302472605,22.209860458337772,2.32,2.24808607875774,2.9890053827646,2.64221546505035,1.5567461244572627,1.6541743122575596,3.4322328879193194,64.18419868191447,16.933062146343826,20.493744014378112,1.0319889531320834,0.0719139212422597,0.030997379832440657
20.2,64.9625717441431,16.105974990215046,18.777627570418453,65.54778664031639,14.7298168231626,21.19814488224541,2.16,2.27726674169285,2.78286708050497,2.45999370883998,0.5852148961732837,1.376158167052445,2.4205173118269556,65.25517919222975,15.417895906688823,19.98788622633193,0.9485054866457222,0.11726674169284967,0.05429015816599977
20.3,64.9625717441431,16.105974990215046,18.777627570418453,61.77062302303332,23.71437556599576,26.92835845177546,7.31,5.48031413797796,9.41794368448672,8.32525648686123,3.1919487211097817,7.608400575780713,8.150730881357006,63.366597383588214,19.910175278105402,22.852993011096956,1.3338651425122983,1.82968586202204,0.25029902349818617
20.4,64.9625717441431,16.105974990215046,18.777627570418453,68.75332624107213,7.92864765682455,17.67257147222503,6.6,7.44106517667492,8.50320496820963,7.51664744367772,3.7907544969290257,8.177327333390496,1.1050560981934225,66.85794899260762,12.017311323519799,18.22509952132174,0.8869697875784869,0.8410651766749204,0.12743411765871004
20.5,64.9625717441431,16.105974990215046,18.777627570418453,66.361305487473,10.335413234646984,13.948432162216928,4.68,4.53564387523633,6.0295453410941,5.32998636915329,1.398733743329899,5.770561755568062,4.8291954082015245,65.66193861580805,13.220694112431016,16.36302986631769,1.0318270410337984,0.14435612476366977,0.030845325797612063
20.6,64.9625717441431,16.105974990215046,18.777627570418453,65.48826835899368,14.691532348649227,18.265279334828865,1.32,1.05502155486691,1.70064099364193,1.50332948873554,0.525696614850574,1.4144426415658184,0.5123482355895881,65.22542005156839,15.398753669432136,18.52145345262366,1.2511592703102237,0.2649784451330901,0.20074124616087033
20.7,64.9625717441431,16.105974990215046,18.777627570418453,61.34463417406562,18.997459246294813,18.296767881699118,4.93,3.77268258819848,6.35163643837477,5.61470786323199,3.617937570077487,2.8914842560797673,0.4808596887193346,63.15360295910436,17.551717118254928,18.537197726058785,1.306762465020254,1.15731741180152,0.23474998206222514
20.8,64.9625717441431,16.105974990215046,18.777627570418453,65.61722566251105,14.630918027783324,18.564939707365525,1.26,1.19503932065304,1.62333913029457,1.43499633015665,0.6546539183679414,1.4750569624317222,0.21268786305292764,65.28989870332708,15.368446508999185,18.67128363889199,1.054358611612129,0.06496067934695993,0.051556094678891926
20.9,64.9625717441431,16.105974990215046,18.777627570418453,63.87177601167798,18.64860601207152,21.414887993387268,3.09,1.94303728806253,3.98104596238905,3.51915766681275,1.090795732465125,2.542631021856476,2.637260422968815,64.41717387791054,17.377290501143285,20.09625778190286,1.590293720760682,1.14696271193747,0.37118534354895943
20.10,64.9625717441431,16.105974990215046,18.777627570418453,70.1336328713641,4.717850192143658,18.558886295594547,8.58,11.0780678730025,11.0541664586725,9.77164167678103,5.1710611272209945,11.388124798071388,0.21874127482390548,67.5481023077536,10.411912591179352,18.6682569330065,0.7745032886226623,2.4980678730024994,0.2911501017146095
20.11,64.9625717441431,16.105974990215046,18.777627570418453,70.72959083371597,5.925321418925156,18.174123249849995,8.08,10.0410091861049,10.4099842641112,9.20219868862363,5.7670190895728695,10.18065357128989,0.603504320568458,67.84608128892954,11.015648204570102,18.475875410134222,0.8046999907515957,1.9610091861048993,0.24269915666611386
20.12,64.9625717441431,16.105974990215046,18.777627570418453,60.63150204088811,25.19869634819183,28.035952082923355,7.96,6.58832793605312,10.2553805374165,9.06553237146585,4.331069703254997,9.092721357976785,9.258324512504903,62.79703689251561,20.65233566920344,23.406789826670902,1.2081972961959773,1.37167206394688,0.1723206110269547
20.13,64.9625717441431,16.105974990215046,18.777627570418453,67.35365660057866,6.710046255492042,13.165337147434396,6.84,7.84460185070124,8.81241242159907,7.78998007799327,2.3910848564355547,9.395928734723004,5.6122904229840564,66.15811417236088,11.408010622853544,15.971482358926425,0.8719371778590171,1.0046018507012402,0.14687161557812406
20.14,64.9625717441431,16.105974990215046,18.777627570418453,60.87909555376312,19.05750842243864,16.506318007303534,6.41,4.64432759467577,8.25841573427632,7.3002591081779,4.083476190379983,2.951533432223595,2.2713095631149187,62.92083364895311,17.581741706326845,17.641972788860993,1.3801782643343696,1.7656724053242305,0.27545591342414577
20.15,64.9625717441431,16.105974990215046,18.777627570418453,61.94896295093206,20.867577551692605,20.023461301164367,6.4,3.88752383926429,8.2455320903851,7.28887024841476,3.0136087932110485,4.7616025614775594,1.2458337307459146,63.45576734753758,18.486776270953825,19.40054443579141,1.6462921548449982,2.5124761607357105,0.392574400053615
20.16,64.9625717441431,16.105974990215046,18.777627570418453,67.31396209594625,9.890865345620337,18.910139854202868,5.82,5.54507985280068,7.49828074469395,6.62831638215217,2.351390351803147,6.215109644594708,0.13251228378441482,66.13826692004469,12.998420167917692,18.84388371231066,1.04957911399795,0.2749201471993201,0.047237138685924905
20.17,64.9625717441431,16.105974990215046,18.777627570418453,62.801188122087666,20.354046103127242,23.162017093272635,5.07,3.31439026001946,6.53200745285194,5.77415189991606,2.161383622055439,4.248071112912196,4.384389522854182,63.881879933115385,18.230010546671146,20.969822331845542,1.5296931262525912,1.7556097399805402,0.346274110381512
20.18,64.9625717441431,16.105974990215046,18.777627570418453,71.31569699102137,3.635414287214034,18.853681982601934,9.8,12.5441006782356,12.6259710134022,11.1610825678851,6.353125246878264,12.470560703001013,0.07605441218348119,68.13913436758224,9.87069463871454,18.815654776510193,0.7812437296698406,2.744100678235599,0.2800102732607743
20.19,64.9625717441431,16.105974990215046,18.777627570418453,67.40328127808135,9.677879857560578,18.559453118804402,5.64,5.66569956427323,7.26637515465187,6.4233169064155,2.4407095339382465,6.428095132654468,0.21817445161405047,66.18292651111223,12.891927423887811,18.66854034461143,0.9954640084640649,0.02569956427323028,0.00455666033132511
20.20,64.9625717441431,16.105974990215046,18.777627570418453,66.19263331172793,11.532675674426729,16.732342106588206,3.79,3.44681846110022,4.88290103477492,4.31637785023311,1.2300615675848263,4.573299315788317,2.045285463830247,65.57760252793551,13.819325332320886,17.75498483850333,1.0995647266234823,0.34318153889977987,0.09054921868317431
20.21,64.9625717441431,16.105974990215046,18.777627570418453,59.166239118176904,21.06151447151744,13.888993657130166,8.4,7.55585673561953,10.8222608686304,9.56664220104437,5.796332625966201,4.955539481302395,4.888633913288286,62.064405431160004,18.583744730866243,16.33331061377431,1.1117203902622084,0.8441432643804703,0.10049324574761631
20.22,64.9625717441431,16.105974990215046,18.777627570418453,58.50319990051317,25.724588268923654,22.716828901709363,10.0,7.68514483003356,12.8836438912267,11.3888597631481,6.459371843629938,9.618613278708608,3.93920133129091,61.732885822328136,20.91528162956935,20.747228236063908,1.3012116518115273,2.3148551699664397,0.23148551697349543
20.23,64.9625717441431,16.105974990215046,18.777627570418453,58.82974799979239,24.66164288082673,21.934352586909213,10.19,7.14820169045512,13.12843312516,11.6052480986479,6.132823744350716,8.555667890611684,3.1567250164907605,61.89615987196775,20.38380893552089,20.355990078663833,1.4255333634725236,3.0417983095448795,0.2985081755884565
20.24,64.9625717441431,16.105974990215046,18.777627570418453,57.25680532864625,27.490581966113147,22.033366364223216,10.96,9.18678100622238,14.1204737047845,12.4821903004103,7.7057664154968535,11.384606975898102,3.2557387938047633,61.10968853639468,21.798278478164097,20.405496967320836,1.1930185329751049,1.7732189937776202,0.16179005416202827
20.25,64.9625717441431,16.105974990215046,18.777627570418453,62.86065523315136,21.000513216524407,24.421953053208178,7.14,3.75780578684057,9.19892173833587,8.13164587088771,2.1019165109917424,4.894538226309361,5.644325482789725,63.911613488647234,18.553244103369728,21.599790311813315,1.900044973879029,3.38219421315943,0.47369666844338
20.26,64.9625717441431,16.105974990215046,18.777627570418453,68.78311199856712,6.7050756724679195,18.674611712415867,7.44,8.78780733911514,9.58543105507267,8.47331166378215,3.8205402544240172,9.400899317747125,0.1030158580025855,66.87284187135512,11.405525331341483,18.72611964141716,0.8466275729598004,1.34780733911514,0.18115690039435256
20.27,64.9625717441431,16.105974990215046,18.777627570418453,68.86254185306508,8.200816745735196,18.482497606461322,7.18,7.39534155136254,9.25045631390078,8.1772013099403,3.899970108921977,7.90515824447985,0.2951299639571303,66.9125567986041,12.15339586797512,18.630062588439888,0.9708814595191014,0.21534155136254007,0.029991859517068
20.28,64.9625717441431,16.105974990215046,18.777627570418453,65.97436393823136,10.295407119014776,16.073874192683046,5.14,4.38523093101576,6.62219296009053,5.8538739182581,1.0117921940882582,5.81056787120027,2.7037533777354064,65.46846784118723,13.20069105461491,17.425750881550748,1.1721161507080073,0.7547690689842401,0.14684223129132257
20.29,64.9625717441431,16.105974990215046,18.777627570418453,59.58197013731862,20.425814008574463,14.95970322978244,6.83,6.60643133938478,8.79952877770784,7.77859121823012,5.380601606824484,4.319839018359417,3.8179243406360133,62.27227094073086,18.265894499394754,16.868665400100447,1.033841063063587,0.22356866061521963,0.03273333244253093
20.30,64.9625717441431,16.105974990215046,18.777627570418453,65.37915507116942,14.804489796813701,18.706371891550354,1.79,1.02914943742997,2.30617225652958,2.0386058976035,0.4165833270263164,1.3014851934013443,0.07125567886809847,65.17086340765627,15.455232393514374,18.741999730984404,1.7393003709264554,0.7608505625700301,0.42505617996925915
20.31,64.9625717441431,16.105974990215046,18.777627570418453,62.89038946197037,17.01956466865645,18.238803307751073,2.29,1.94695751523375,2.95035445109092,2.6080488857609,2.072182282172733,0.9135896784414044,0.5388242626673794,63.92648060305674,16.562769829435748,18.508215439084765,1.1761941289966311,0.3430424847662501,0.14980021162290388
20.32,64.9625717441431,16.105974990215046,18.777627570418453,67.08569474914671,5.8656720050979665,11.54475967398476,7.97,8.71489794261185,10.2682641813077,9.076921231229,2.123123005003606,10.24030298511708,7.232867896433692,66.02413324664491,10.985823497656506,15.161193622201607,0.9145259131625435,0.7448979426118507,0.09346272804496712
20.33,64.9625717441431,16.105974990215046,18.777627570418453,61.45360149853123,22.29736641869057,26.142090763444603,8.16,5.11504643389826,10.513053415241,9.29330956672881,3.508970245611877,6.191391428475523,7.36446319302615,63.208086621337166,19.20167070445281,22.45985916693153,1.5952934355252446,3.04495356610174,0.37315607423144415
20.34,64.9625717441431,16.105974990215046,18.777627570418453,70.04424643126795,5.43918951674327,19.459418306380492,7.96,10.5083048277778,10.2553805374165,9.06553237146585,5.0816746871248455,10.666785473471776,0.6817907359620392,67.50340908770553,10.772582253479158,19.118522938399472,0.7574961070981618,2.548304827777801,0.3201387974193043
20.35,64.9625717441431,16.105974990215046,18.777627570418453,69.73637454046653,5.245176764193394,18.73073015845521,7.57,10.4738982101612,9.75291842565862,8.62136684070308,4.773802796323423,10.860798226021652,0.046897411963243485,67.34947314230482,10.67557587720422,18.75417886443683,0.7227490517268206,2.9038982101612003,0.38360610432993314
20.36,64.9625717441431,16.105974990215046,18.777627570418453,66.92691188981935,8.006852520956398,13.176380602370251,5.89,6.57000559596428,7.58846625193253,6.7080384004942,1.9643401456762462,8.099122469258647,5.601246968048201,65.94474181698124,12.056413755585723,15.977004086394352,0.8964984752404958,0.6800055959642801,0.11545086516958053
20.37,64.9625717441431,16.105974990215046,18.777627570418453,59.0276783656837,22.194962945143672,8.79940832158097,8.81,10.580859758348,11.3504902681707,10.0335854513334,5.934893378459407,6.088987954928626,9.978219248837483,61.9951250549134,19.15046896767936,13.788517945999711,0.8326355513989799,1.7708597583479992,0.20100564791679834
20.38,64.9625717441431,16.105974990215046,18.777627570418453,60.651308963789575,22.18120650255051,20.57173651321529,5.95,5.15938843220317,7.66576811527989,6.77637155907309,4.31126278035353,6.075231512335463,1.7941089427968357,62.80694035396634,19.143590746382777,19.674682041816872,1.153237457701161,0.7906115677968302,0.13287589372503433
20.39,64.9625717441431,16.105974990215046,18.777627570418453,59.58197013731862,23.97586355170317,20.977978264343488,7.34,6.50277377882419,9.45659461616041,8.35942306615067,5.380601606824484,7.869888561488125,2.200350693925035,62.27227094073086,20.040919270959108,19.87780291738097,1.1287490920833547,0.8372262211758095,0.1140635178558237
20.40,64.9625717441431,16.105974990215046,18.777627570418453,66.0041271949093,12.078938134494233,17.2235480246703,3.06,3.01356472147401,3.94239503071537,3.4849910875233,1.0415554507661966,4.027036855720812,1.5540795457481522,65.4833494695262,14.09245656235464,18.000587797544377,1.0154087540180217,0.046435278525990054,0.015174927617913439
20.41,64.9625717441431,16.105974990215046,18.777627570418453,61.87960677901219,22.70441254153238,25.798102529169164,6.57,4.93420931811927,8.46455403653595,7.48248086438827,3.0829649651309126,6.5984375513173354,7.020474958750711,63.42108926157765,19.40519376587371,22.28786504979381,1.3315203257677586,1.6357906818807306,0.248978794768912
20.42,64.9625717441431,16.105974990215046,18.777627570418453,65.1906936817445,14.974605668944596,17.84622082608913,1.17,0.793727000409189,1.50738633527353,1.33249659228832,0.22812193760140076,1.1313693212704496,0.9314067443293226,65.0766327129438,15.540290329579822,18.31192419825379,1.474058458289529,0.37627299959081095,0.32160085407624794
20.43,64.9625717441431,16.105974990215046,18.777627570418453,69.15048868674474,7.037985765191824,18.99249162503276,6.08,8.64858119688558,7.83325548586584,6.92442673599402,4.187916942601632,9.067989225023222,0.21486405461430635,67.05653021544393,11.571980377703435,18.885059597725608,0.7030054827358792,2.56858119688558,0.42246401257617033
20.44,64.9625717441431,16.105974990215046,18.777627570418453,65.23036880391523,14.695797674312894,18.897625553430643,1.26,1.13847322513829,1.62333913029457,1.43499633015665,0.2677970597721213,1.4101773159021516,0.11999798301219045,65.09647027402917,15.400886332263969,18.837626561924548,1.1067453946843613,0.12152677486170993,0.09644982124226992
20.45,64.9625717441431,16.105974990215046,18.777627570418453,55.30952852047862,30.35035808046027,19.04885755337906,12.71,11.9642659091978,16.3751113857492,14.4752407589612,9.653043223664483,14.244383090245226,0.27122998296060885,60.136050132310864,23.228166535337657,18.913242561898755,1.0623301166489931,0.7457340908022001,0.05867302051483297
20.46,64.9625717441431,16.105974990215046,18.777627570418453,59.225625412495674,22.54652851969835,6.209022200211156,12.14,12.0565514220842,15.6407436839492,13.8260757524617,5.736946331647431,6.440553529483303,12.568605370207298,62.09409857831939,19.326251754956697,12.493324885314804,1.006921430016549,0.08344857791580118,0.006873853205018725
20.47,64.9625717441431,16.105974990215046,18.777627570418453,56.040776253574094,29.38725393619068,20.7883092089024,9.7,10.828275857607,12.4971345744899,11.0471939702536,8.92179549056901,13.281278945975636,2.0106816384839483,60.5016739988586,22.746614463202864,19.782968389660425,0.8958028153937198,1.1282758576070009,0.11631709871037978
20.48,64.9625717441431,16.105974990215046,18.777627570418453,59.44338511428374,20.756054212049957,13.787346449171345,7.36,7.31751496908263,9.48236190394286,8.38220078567697,5.519186629859362,4.650079221834911,4.990281121247108,62.202978429213424,18.431014601132503,16.2824870097949,1.0058059368639585,0.042485030917370104,0.005772422678206207
21.1,49.496107610119594,24.684279350691174,11.979051726817346,60.82538899688983,6.690009566797883,16.832780331515384,10.87,18.7450807794947,14.0045209097634,12.3796905625419,11.329281386770234,17.99426978389329,4.853728604698038,55.16074830350471,15.687144458744529,14.405916029166365,0.5798854711424257,7.8750807794947,0.7244784525087601
21.2,49.496107610119594,24.684279350691174,11.979051726817346,52.570689324389306,7.872512951783428,0.43741954406177896,8.34,13.2660933088112,10.7449590052831,9.49830904246548,3.074581714269712,16.811766398907746,11.541632182755567,51.03339846725445,16.278396151237303,6.2082356354395625,0.6286703858649922,4.9260933088112004,0.5906586700504247
21.3,49.496107610119594,24.684279350691174,11.979051726817346,48.33766258984491,30.635930101216235,17.955527716991437,6.61,3.9515282975195,8.51608861210086,7.52803630344086,1.1584450202746837,5.9516507505250615,5.976475990174091,48.91688509998225,27.660104725953705,14.967289721904391,1.672770508179465,2.6584717024805005,0.4021893649135115
21.4,49.496107610119594,24.684279350691174,11.979051726817346,55.396771730727636,11.405451762528108,10.470154887023032,7.23,10.4186398358909,9.31487453335691,8.23414560875604,5.900664120608042,13.278827588163066,1.508896839794314,52.446439670423615,18.04486555660964,11.224603306920189,0.6939485492530045,3.1886398358909,0.4410290228837995
21.5,49.496107610119594,24.684279350691174,11.979051726817346,48.59179185534397,26.659884397481846,13.97857645328574,2.39,1.61181526675246,3.07919089000318,2.72193748339239,0.9043157547756238,1.9756050467906725,1.999524726468394,49.04394973273178,25.67208187408651,12.978814090051543,1.4828001991398512,0.7781847332475402,0.32560030666189954
21.6,49.496107610119594,24.684279350691174,11.979051726817346,51.576931283787275,22.60853676972091,11.224420691145198,1.97,2.33783820889339,2.53807784657166,2.24360537334017,2.0808236736676804,2.075742580970264,0.7546310356721477,50.536519446953434,23.646408060206042,11.601736208981272,0.8426588254325076,0.3678382088933898,0.18671990289678675
21.7,49.496107610119594,24.684279350691174,11.979051726817346,41.58768870045843,37.93070887392716,15.261410896551508,12.98,9.39632553020669,16.7229697708123,14.7827399725662,7.908418909661165,13.246429523235985,3.2823591697341623,45.54189815528901,31.307494112309165,13.620231311684428,1.3813910508838116,3.5836744697933103,0.27609202384570247
21.8,49.496107610119594,24.684279350691174,11.979051726817346,51.38419372863649,11.598487656087675,3.2806058732161247,7.96,9.39085936896424,10.2553805374165,9.06553237146585,1.8880861185168953,13.085791694603499,8.698445853601221,50.44015066937804,18.141383503389424,7.629828800016735,0.8476327550446868,1.4308593689642395,0.17975620210860344
21.9,49.496107610119594,24.684279350691174,11.979051726817346,58.1986094476098,9.009030068687585,12.431643892637535,8.08,14.1720272687174,10.4099842641112,9.20219868862363,8.702501837490203,15.67524928200359,0.4525921658201888,53.847358528864696,16.84665470968938,12.20534780972744,0.5701372038187674,6.0920272687174,0.7539637707875539
21.10,49.496107610119594,24.684279350691174,11.979051726817346,56.94480934113082,9.762836447177625,12.137885217853972,7.45,12.8415222049767,9.5983146989639,8.4847005235453,7.4487017310112265,14.92144290351355,0.15883349103662603,53.22045847562521,17.2235578989344,12.058468472335658,0.5801492907540682,5.3915222049767,0.7236942556044302
21.11,49.496107610119594,24.684279350691174,11.979051726817346,51.232016361243126,14.692779004716993,5.192926389090546,5.6,6.88668540944477,7.21484057908696,6.37776146736291,1.7359087511235316,9.991500345974181,6.7861253377268,50.36406198568136,19.688529177704083,8.585989057953945,0.8131633240436242,1.28668540944477,0.22976525164553657
21.12,49.496107610119594,24.684279350691174,11.979051726817346,43.27425542408612,34.50224701989752,16.171925987695257,11.9,7.4379573135548,15.3315362305598,13.5527431181462,6.221852186033473,9.817967669206343,4.192874260877911,46.38518151710286,29.593263185294347,14.075488857256302,1.5999016257748282,4.4620426864452005,0.37496157025800325
21.13,49.496107610119594,24.684279350691174,11.979051726817346,47.859765484022965,25.113036862774884,10.001189885023098,2.55,2.16845782174116,3.28532919226281,2.90415923960275,1.636342126096629,0.4287575120837097,1.9778618417942475,48.67793654707128,24.89865810673303,10.990120805920222,1.1759509330813407,0.38154217825883974,0.1496243835722413
21.14,49.496107610119594,24.684279350691174,11.979051726817346,48.317329831893375,29.187423301618942,17.613860234503175,5.16,3.63002832507045,6.64796024787298,5.8766516377844,1.1787777782262197,4.503143950927768,5.634808507685829,48.906718721006484,26.93585132615506,14.79645598066026,1.4214765110623153,1.5299716749295502,0.296506138494776
21.15,49.496107610119594,24.684279350691174,11.979051726817346,57.26843772116814,7.623106636828303,11.215514639825352,7.81,14.5426469826978,10.0621258790481,8.89469947501863,7.7723301110485465,17.06117271386287,0.7635370869919935,53.38227266564387,16.153692993759737,11.597283183321348,0.5370411596152305,6.7326469826978,0.8620546711697498
21.16,49.496107610119594,24.684279350691174,11.979051726817346,45.17192395849544,26.92723804965619,7.712315139138104,10.18,5.42976846417539,13.1155494812688,11.5938592388847,4.324183651624153,2.2429586989650154,4.266736587679242,47.33401578430752,25.805758700173683,9.845683432977726,1.8748497408850693,4.75023153582461,0.46662392292318133
21.17,49.496107610119594,24.684279350691174,11.979051726817346,43.13127222419071,35.94587399609212,16.121807267932052,12.19,7.84964244536638,15.7051619034054,13.8830200512775,6.364835385928885,11.261594645400944,4.142755541114706,46.31368991715515,30.315076673391644,14.050429497374699,1.5529369755743183,4.34035755463362,0.35605886417371296
21.18,49.496107610119594,24.684279350691174,11.979051726817346,52.27668073135129,16.733787344531738,10.39328337890053,5.53,5.33133972756006,7.12465507184837,6.29803944902087,2.780573121231697,7.950492006159436,1.5857683479168152,50.88639417073544,20.709033347611456,11.186167552858938,1.037262729736714,0.19866027243994022,0.03592409989222715
21.19,49.496107610119594,24.684279350691174,11.979051726817346,53.62465200807907,13.63844283281701,10.756873091296315,6.29,8.00473487032099,8.1038120075816,7.16359279102013,4.128544397959473,11.045836517874164,1.222178635521031,51.56037980909933,19.16136109175409,11.36796240905683,0.785784926186067,1.7147348703209895,0.2726128569234303
21.20,49.496107610119594,24.684279350691174,11.979051726817346,51.232016361243126,16.175015477122244,6.124272631855976,5.12,5.81219088905099,6.59642567230808,5.8310961987318,1.7359087511235316,8.50926387356893,5.85477909496137,50.36406198568136,20.429647413906707,9.051662179336661,0.8809070618730285,0.6921908890509902,0.13519353299136655
21.21,49.496107610119594,24.684279350691174,11.979051726817346,50.217111880739196,22.978902889285834,11.179985595369235,1.82,1.14886199412407,2.34482318820326,2.07277247689295,0.721004270619602,1.70537646140534,0.7990661314481109,49.856609745429395,23.831591119988502,11.57951866109329,1.5841763481813593,0.67113800587593,0.36875714588306197
21.22,49.496107610119594,24.684279350691174,11.979051726817346,41.986619793514514,30.34847631254675,-0.8205320605097266,14.68,11.6672139586087,18.9131892323208,16.7188461323013,7.5094878166050805,5.664196961855577,12.799583787327073,45.74136370181705,27.51637783161896,5.5792598331538095,1.2582266898354149,3.0127860413912995,0.2052306567565442
21.23,49.496107610119594,24.684279350691174,11.979051726817346,39.90803392378035,41.48501565992854,11.346981375691723,14.09,11.6865751909313,18.1530542427384,16.0469034062756,9.588073686339243,16.80073630923737,0.6320703511256234,44.70207076694997,33.08464750530986,11.663016551254534,1.2056568985007758,2.4034248090686994,0.17057663654351474
21.24,49.496107610119594,24.684279350691174,11.979051726817346,53.08761583215201,15.772294062650683,10.926320442968418,5.82,6.39514232448708,7.49828074469395,6.62831638215217,3.5915082220324166,8.91198528804049,1.052731283848928,51.2918617211358,20.22828670667093,11.452686084892882,0.910065750500201,0.5751423244870795,0.09882170522135013
21.25,49.496107610119594,24.684279350691174,11.979051726817346,47.93095227603676,31.788059987695295,19.5668195435301,7.71,4.88395331843814,9.93328944013579,8.78081087738715,1.5651553340828315,7.103780637004121,7.587767816712756,48.71352994307818,28.236169669193234,15.772935635173724,1.578639167027701,2.82604668156186,0.36654301961028757
21.26,49.496107610119594,24.684279350691174,11.979051726817346,46.10929974981703,26.423765053263214,7.785139999328628,7.34,4.63352621863542,9.45659461616041,8.35942306615067,3.386807860302561,1.7394857025720398,4.193911727488718,47.80270367996832,25.554022201977194,9.882095863072987,1.5841067152907,2.70647378136458,0.368729397955838
21.27,49.496107610119594,24.684279350691174,11.979051726817346,44.957845084543465,31.18191336331172,14.651548879391163,6.17,5.3579174632205,7.94920828088688,7.02692647386235,4.53826252557613,6.497634012620544,2.6724971525738166,47.22697634733153,27.933096357001446,13.315300303104255,1.1515668244616468,0.8120825367795002,0.13161791517793878
21.28,49.496107610119594,24.684279350691174,11.979051726817346,50.98850093657683,17.615377760969054,7.195409780642437,4.12,4.70221214919071,5.3080612831854,4.692210222417,1.4923933264572327,7.06890158972212,4.783641946174909,50.24230427334821,21.149828555830112,9.58723075372989,0.876183351240948,0.5822121491907097,0.1413136284100476
21.29,49.496107610119594,24.684279350691174,11.979051726817346,55.568830563977556,11.208265697206176,10.199846014246972,7.13,10.6047633807505,9.18603809444464,8.12025701112456,6.072722953857962,13.476013653484998,1.7792057125703735,52.532469087048575,17.946272523948675,11.08944887053216,0.6723393764984759,3.4747633807505,0.4873440926035282
21.30,49.496107610119594,24.684279350691174,11.979051726817346,50.17650096114323,23.205760168208688,14.134446604291885,2.92,2.05460371648971,3.7620240162382,3.32554705083923,0.6803933510236391,1.4785191824824864,2.1553948774745386,49.836304285631414,23.94501975944993,13.056749165554615,1.4211986356024024,0.86539628351029,0.2963685901417539
21.31,49.496107610119594,24.684279350691174,11.979051726817346,50.27802563201692,19.25811532725491,9.747174700707362,3.03,3.08174088723053,3.90374409904169,3.45082450823386,0.7819180218973258,5.4261640234362645,2.2318770261099843,49.88706662106826,21.97119733897304,10.863113213762354,0.9832105001338257,0.05174088723053005,0.01707620040047982
21.32,49.496107610119594,24.684279350691174,11.979051726817346,47.8292543745014,27.110830924847782,12.27346988606458,3.38,2.04262734342923,4.35467163523463,3.84943459994404,1.6668532356181913,2.4265515741566084,0.29441815924723436,48.6626809923105,25.89755513776948,12.126260806440964,1.6547315932189632,1.33737265657077,0.39567238348375666
21.33,49.496107610119594,24.684279350691174,11.979051726817346,44.16231606315139,27.988209483620132,7.299560470345856,8.94,6.52380720403936,11.5179776387567,10.1816406282544,5.333791546968207,3.303930132928958,4.67949125647149,46.829211836635494,26.336244417155655,9.639306098581601,1.3703654505752767,2.4161927959606393,0.27026765052465007
21.34,49.496107610119594,24.684279350691174,11.979051726817346,48.03264235685501,34.35320097928757,18.66754986269472,11.08,5.03200817676267,14.2750774314792,12.618856617568,1.4634652532645873,9.668921628596397,6.688498135877374,48.7643749834873,29.518740164989374,15.323300794756033,2.201904211715011,6.04799182323733,0.5458476374270291
21.35,49.496107610119594,24.684279350691174,11.979051726817346,56.742516394165605,9.913031555103869,11.124636434673786,9.39,12.3679188773453,12.0977416138619,10.694139317596,7.246408784046011,14.771247795587305,0.8544152921435604,53.1193120021426,17.29865545289752,11.551844080745566,0.7592223147938602,2.9779188773452994,0.31713726059937825
21.36,49.496107610119594,24.684279350691174,11.979051726817346,51.820356575731935,12.94208388034579,3.521347638091532,7.03,8.61656727439391,9.05720165553238,8.00636841349308,2.324248965612341,11.742195470345385,8.457704088725814,50.658232092925765,18.81318161551848,7.750199682454439,0.8158701458845884,1.5865672743939099,0.22568524525863792
21.37,49.496107610119594,24.684279350691174,11.979051726817346,47.707206988238944,35.10699121762101,22.093718521364924,11.49,6.35039930904312,14.8033068310195,13.0857998678571,1.78890062188065,10.422711866929834,10.114666794547578,48.601657299179266,29.895635284156093,17.036385124091133,1.8093350416293714,5.13960069095688,0.44731076505740375
21.38,49.496107610119594,24.684279350691174,11.979051726817346,50.71449926001773,22.940924669322683,11.161623905825046,2.19,1.52370324901944,2.82151801217865,2.49416028812942,1.2183916498981375,1.7433546813684906,0.8174278209923003,50.10530343506866,23.812602010006927,11.570337816321196,1.4372877395726884,0.66629675098056,0.3042450916330205
21.39,49.496107610119594,24.684279350691174,11.979051726817346,44.43776048354175,33.26404442417291,14.569406520086458,11.09,6.23178569508896,14.2879610753704,12.6302454773312,5.058347126577843,8.579765073481735,2.590354793269112,46.96693404683067,28.97416188743204,13.274229123451903,1.779586227902547,4.85821430491104,0.4380716234871928
21.40,49.496107610119594,24.684279350691174,11.979051726817346,43.039344815892036,28.44836146858365,6.237424524413104,10.21,7.8109659045001,13.1542004129425,11.6280258181742,6.456762794227558,3.7640821178924746,5.741627202404242,46.267726213005815,26.566320409637413,9.108238125615225,1.3071366747114614,2.3990340954999008,0.23496905928157996
21.41,49.496107610119594,24.684279350691174,11.979051726817346,55.325918352238546,13.383583385358888,10.410339158169112,6.87,9.05579796528775,8.85106335327275,7.82414665728271,5.829810742118951,11.300695965332286,1.568712568648234,52.41101298117907,19.03393136802503,11.194695442493229,0.7586299987671019,2.18579796528775,0.3181656426447721
21.42,49.496107610119594,24.684279350691174,11.979051726817346,62.09740776871091,5.0048714159918735,18.542388661519425,12.31,21.255140475159,15.8597656301001,14.0196863684353,12.601300158591314,19.6794079346993,6.563336934702079,55.79675768941525,14.844575383341525,15.260720194168385,0.5791540175331992,8.945140475158999,0.7266564154697271
21.43,49.496107610119594,24.684279350691174,11.979051726817346,54.21216882813117,14.327517153139235,11.339938840236673,6.72,7.9787679252459,8.65780869490435,7.65331376083549,4.716061218011575,10.356762197551939,0.6391128865806728,51.85413821912538,19.505898251915205,11.65949528352701,0.8422353002516562,1.2587679252459,0.18731665551467017
21.44,49.496107610119594,24.684279350691174,11.979051726817346,47.50376810615651,33.006212292657324,19.975632310466153,9.97,5.35205054456049,12.844992959553,11.3546931838586,1.9923395039630876,8.32193294196615,7.996580583648807,48.499937858138054,28.845245821674247,15.97734201864175,1.8628374143943924,4.61794945543951,0.4631844989946164
21.45,49.496107610119594,24.684279350691174,11.979051726817346,42.160455428396766,29.563411150626163,2.6321763470693815,13.2,9.97996275347997,17.0064099364193,15.0332948873554,7.335652181722828,4.879131799934989,9.346875379747964,45.828281519258184,27.12384525065867,7.305614036943364,1.3226502267330171,3.220037246520029,0.24394221562697627
21.46,49.496107610119594,24.684279350691174,11.979051726817346,50.014048595554485,23.23516622113464,11.960460860256639,1.71,0.942420346054229,2.20310310539977,1.94749501949832,0.5179409854348904,1.4491131295565332,0.018590866560707298,49.75507810283704,23.95972278591291,11.969756293536992,1.814476953246005,0.767579653945771,0.4488769903490608
21.47,49.496107610119594,24.684279350691174,11.979051726817346,50.359239164844766,23.230139044672583,11.961732642627743,1.54,1.17042823569521,1.98408115924891,1.7538844035248,0.8631315547251717,1.4541403060185907,0.017319084189603373,49.92767338748218,23.957209197681877,11.970392184722545,1.3157577301349999,0.36957176430479,0.23998166497714823
21.48,49.496107610119594,24.684279350691174,11.979051726817346,54.89062061331876,12.364661475138593,11.882510223078778,5.79,9.77624470566901,7.45962981302027,6.59414980286272,5.394513003199165,12.31961787555258,0.09654150373856751,52.19336411171918,18.524470412914884,11.930780974948062,0.5922519508999469,3.9862447056690096,0.6884705880795404
22.1,23.67144196289938,2.9201374400009694,26.51550541366296,25.866924550635872,-3.8296828937880445,29.698659819955957,4.09,6.12335828119453,5.26941035151172,4.65804364312755,2.1954825877364925,6.749820333789014,3.1831544062929957,24.769183256767626,-0.45477272689353754,28.107082616809457,0.6679341321400187,2.0333582811945305,0.49715361386243934
22.2,23.67144196289938,2.9201374400009694,26.51550541366296,23.3374609781581,-2.1162055382445977,26.188562274794293,2.75,4.5145861215638,3.54300207008735,3.13193643486571,0.3339809847412809,5.0363429782455675,0.32694313886866766,23.50445147052874,0.4019659508781859,26.35203384422863,0.6091366794966124,1.7645861215638003,0.641667680335321
22.3,23.67144196289938,2.9201374400009694,26.51550541366296,22.477900745317967,10.193844578262306,27.592380422549823,3.85,6.12332501243297,4.96020289812228,4.384711008812,1.1935412175814122,7.2737071382613365,1.0768750088868622,23.074671354108673,6.556991009131638,27.053942918106394,0.6287433692567533,2.2733250124329696,0.5904740290499988
22.4,23.67144196289938,2.9201374400009694,26.51550541366296,20.79235809418988,18.889880492009127,25.749062917914888,5.69,13.0452136581025,7.330793374108,6.48026120523124,2.8790838687095004,15.969743052008157,0.7664424957480733,22.23190002854463,10.905008966005049,26.132284165788924,0.43617530143170286,7.3552136581025005,1.2926561787012028
22.5,23.67144196289938,2.9201374400009694,26.51550541366296,20.983633896115194,15.706490094060472,25.28038379768429,5.4,10.9708452716559,6.95716770126242,6.14998427209995,2.6878080667841857,12.786352654059502,1.2351216159786702,22.327537929507287,9.31331376703072,25.897944605673626,0.4922136686640855,5.5708452716559,1.031638013078567
22.6,23.67144196289938,2.9201374400009694,26.51550541366296,23.93166204391551,-2.8205756884633892,26.27366044142675,3.36,5.12501564587458,4.32890434745217,3.82665688041775,0.26022008101612926,5.740713128464359,0.24184497223621193,23.801552003407444,0.04978087576879009,26.394582927544853,0.6556077544951593,1.76501564587458,0.5253022754015708
22.7,23.67144196289938,2.9201374400009694,26.51550541366296,21.944322219386663,4.240229421770547,25.014490762190146,2.09,1.93858691242668,2.69268157326638,2.38027169049794,1.7271197435127164,1.3200919817695773,1.5010146514728149,22.80788209114302,3.580183430885758,25.764998087926553,1.0781048739804395,0.15141308757331995,0.07244645334970023
22.8,23.67144196289938,2.9201374400009694,26.51550541366296,23.504367212053758,-12.079601408458318,22.798244738464057,7.35,13.2341971013444,9.46947826005163,8.37081192591382,0.16707475084562162,14.999738848459288,3.7172606751989044,23.58790458747657,-4.579731984228674,24.656875076063507,0.555379366285694,5.8841971013444,0.8005710340875958
22.9,23.67144196289938,2.9201374400009694,26.51550541366296,22.82854334092095,-11.73391875752508,22.14629992035003,7.04,13.1891559948423,9.07008529942361,8.01775727325623,0.8428986219784278,14.65405619752605,4.369205493312929,23.249992651910166,-4.406890658762055,24.330902667006498,0.5337718351514883,6.1491559948423005,0.8734596582342103
22.10,23.67144196289938,2.9201374400009694,26.51550541366296,23.40235103873035,-10.21739675549832,23.426146915699235,6.36,11.7229928590264,8.19399751482019,7.24331480936216,0.2690909241690278,13.13753419549929,3.089358497963726,23.536896500814866,-3.6486296577486756,24.9708261646811,0.5425235753308885,5.3629928590263996,0.843237870783516
22.11,23.67144196289938,2.9201374400009694,26.51550541366296,17.963071269025775,4.63785390583682,16.879229459649885,4.35,6.92690826410365,5.60438509268362,4.9541539969694,5.708370693873604,1.7177164658358501,9.636275954013076,20.817256615962577,3.7789956729188945,21.69736743665642,0.6279857959018184,2.5769082641036505,0.5923927042554616
22.12,23.67144196289938,2.9201374400009694,26.51550541366296,18.673941699970094,4.630176025387539,18.51504351061044,4.35,5.89491631711904,5.60438509268362,4.9541539969694,4.997500262929286,1.7100385853865694,8.000461903052521,21.172691831434737,3.775156732694254,22.515274462136702,0.7379239611306315,1.54491631711904,0.3551531762675602
22.13,23.67144196289938,2.9201374400009694,26.51550541366296,19.804529356789807,4.775245770706372,21.12686118891637,2.83,4.42857822589433,3.64607122121716,3.2230473129709,3.8669126061095724,1.8551083307054022,5.388644224746592,21.737985659844593,3.8476916053536705,23.821183301289665,0.6390312770842981,1.5985782258943297,0.5648686308584668
22.14,23.67144196289938,2.9201374400009694,26.51550541366296,21.43108040115262,11.66831493353046,24.4663978311166,4.21,8.11687695795167,5.42401407820645,4.79470996028533,2.2403615617467594,8.748177493529491,2.0491075825463625,22.551261182026,7.294226186765715,25.49095162238978,0.5186723934945221,3.9068769579516696,0.927999277202772
22.15,23.67144196289938,2.9201374400009694,26.51550541366296,21.944322219386663,8.443204574534485,26.132372085567123,3.21,5.03427304924251,4.13564968908377,3.65582398397053,1.7271197435127164,5.523067134533516,0.38313332809583756,22.80788209114302,5.6816710072677274,26.323938749615042,0.6376292997944099,1.8242730492425103,0.568309360957695
22.16,23.67144196289938,2.9201374400009694,26.51550541366296,23.4394413992395,-2.886990450539584,24.690324082531724,4.01,5.35625886784129,5.16634120038191,4.56693276502237,0.23200056365988075,5.807127890540553,1.8251813311312368,23.55544168106944,0.016573494730692806,25.60291474809734,0.7486568700641378,1.3462588678412901,0.33572540336797124
22.17,23.67144196289938,2.9201374400009694,26.51550541366296,21.02010052661769,15.10394771214818,25.667509098511886,5.31,10.4272170342582,6.84121490624138,6.04748453423162,2.6513414362816903,12.18381027214721,0.8479963151510752,22.345771244758534,9.012042576074574,26.091507256087425,0.5092442194350578,5.117217034258201,0.9636943565526378
22.18,23.67144196289938,2.9201374400009694,26.51550541366296,20.166035974701835,17.604086559387998,24.751505222230445,4.95,12.5515246690914,6.37740372615722,5.63748558275829,3.505405988197545,14.683949119387028,1.7640001914325154,21.918738968800607,10.262111999694483,25.633505317946703,0.39437439913536454,7.6015246690914,1.5356615490011591
22.19,23.67144196289938,2.9201374400009694,26.51550541366296,29.540020318789985,-18.500855536941835,32.85221999318225,7.57,16.0810152071743,9.75291842565862,8.62136684070308,5.868578355890605,21.420992976942806,6.336714579519292,26.605731140844682,-7.790359048470433,29.683862703422605,0.470741424095664,8.5110152071743,1.1243084816446487
22.20,23.67144196289938,2.9201374400009694,26.51550541366296,30.905926861538504,-20.809963245823653,33.75604300302722,7.68,17.4899354290951,9.89463850846211,8.74664429809771,7.234484898639124,23.730100685824624,7.240537589364262,27.28868441221894,-8.94491290291134,30.13577420834509,0.43910968286280516,9.809935429095102,1.2773353421637716
22.21,23.67144196289938,2.9201374400009694,26.51550541366296,28.43645798336148,-14.295145239417772,31.955359415118146,6.76,13.5829092630101,8.70934327046926,7.69886919988808,4.765016020462099,17.215282679418742,5.439854001455185,26.05394997313043,-5.6875038997084015,29.23543241439055,0.49768424927284216,6.8229092630101,1.0093061038462714
22.22,23.67144196289938,2.9201374400009694,26.51550541366296,28.332031767940187,-12.942533847496412,31.646942659128367,6.41,12.7734439314797,8.25841573427632,7.3002591081779,4.660589805040807,15.862671287497381,5.131437245465406,26.001736865419783,-5.011198203747721,29.081224036395664,0.5018223772604473,6.363443931479701,0.9927369626344716
22.23,23.67144196289938,2.9201374400009694,26.51550541366296,24.12708488102271,9.398130097456214,29.750635491216265,4.1,5.2456215249136,5.28229399540295,4.6694325028907,0.45564291812333124,6.477992657455244,3.235130077553304,23.899263421961045,6.159133768728592,28.13307045243961,0.781604235026454,1.1456215249136,0.2794198840571171
22.24,23.67144196289938,2.9201374400009694,26.51550541366296,25.172879070232725,17.30500815218955,33.13525449283877,5.69,10.5039289574505,7.330793374108,6.48026120523124,1.501437107333345,14.384870712188581,6.619749079175808,24.422160516566052,10.112572796095261,29.825379953250867,0.5417020642949367,4.813928957450499,0.8460332085420853
22.25,23.67144196289938,2.9201374400009694,26.51550541366296,25.35085478408071,15.160916114659805,32.85176396628064,5.57,9.17303938575189,7.17618964741328,6.34359488807347,1.6794128211813302,12.240778674658836,6.336258552617682,24.511148373490045,9.040526777330388,29.683634689971804,0.6072142247687763,3.60303938575189,0.6468652396956955
22.26,23.67144196289938,2.9201374400009694,26.51550541366296,25.20096796355918,14.151909792781304,32.28450368782806,5.27,8.53540750593845,6.78968033067648,6.00192909517902,1.5295260006598,11.231772352780334,5.768998274165096,24.43620496322928,8.536023616391137,29.400004550745507,0.6174280484811072,3.26540750593845,0.6196219175178043
22.27,23.67144196289938,2.9201374400009694,26.51550541366296,25.622805218104453,18.807065349748438,33.41181498822138,5.94,11.448895517142,7.65288447138867,6.76498269930994,1.9513632552050737,15.886927909747468,6.896309574558419,24.647123590501916,10.863601394874703,29.963660200942172,0.5188273393348236,5.508895517142,0.9274234875782115
22.28,23.67144196289938,2.9201374400009694,26.51550541366296,23.67144196289938,-2.623545538703309,26.07780750175938,3.41,4.96353853944683,4.39332256690831,3.88360117923349,0.0,5.543682978704279,0.4376979119035802,23.67144196289938,0.14829595064883017,26.296656457711173,0.6870098765654036,1.55353853944683,0.4555831492642952
22.29,23.67144196289938,2.9201374400009694,26.51550541366296,23.54147949878063,7.465182363398437,28.096384967823575,3.3,3.81040670928982,4.25160248410481,3.75832372183886,0.1299624641187478,4.545044923397468,1.5808795541606138,23.606460730840006,5.192659901699703,27.305945190743266,0.8660492831614296,0.5104067092898203,0.15466869973792474
22.30,23.67144196289938,2.9201374400009694,26.51550541366296,24.45326613244375,11.394545410411961,30.484804577184967,4.05,6.68925413962305,5.21787577594682,4.61248820407496,0.7818241695443717,8.474407970410992,3.969299163522006,24.062354047671565,7.157341425206465,28.500154995423962,0.6054486666016811,2.63925413962305,0.6516676886349093
22.31,23.67144196289938,2.9201374400009694,26.51550541366296,30.207926842106133,-8.261114873246516,35.894875218145195,5.7,10.5390986802543,7.34367701799923,6.49165006499439,6.536484879206753,11.181252313247485,9.379369804482234,26.939684402502756,-2.6704887166227733,31.205190315904076,0.5408432136742856,4.8390986802543,0.8489646805974272
22.32,23.67144196289938,2.9201374400009694,26.51550541366296,31.164454054548607,-9.551948900331592,37.69768967928516,6.7,11.6926356470972,8.6320414071219,7.6305360413092,7.493012091649227,12.472086340332561,11.182184265622201,27.417948008723993,-3.315905730165311,32.10659754647406,0.5730102435108653,4.9926356470972,0.7451694994555269
22.33,23.67144196289938,2.9201374400009694,26.51550541366296,19.516195635720237,4.54704285093796,20.770084164074927,3.73,4.5733644223326,4.80559917142756,4.24804469165422,4.155246327179142,1.626905410936991,5.745421249588034,21.59381879930981,3.733590145469465,23.642794788868944,0.8155921231577601,0.8433644223325998,0.22610306222694282
22.34,23.67144196289938,2.9201374400009694,26.51550541366296,20.166035974701835,4.321239235435232,21.973626682966973,3.56,3.73261898089126,4.58657722527671,4.05443407568071,3.505405988197545,1.4011017954342622,4.541878730695988,21.918738968800607,3.6206883377181005,24.244566048314965,0.9537539237921903,0.17261898089126015,0.048488477764823505
22.35,23.67144196289938,2.9201374400009694,26.51550541366296,26.450178245596945,-5.757049155867444,30.208408377654333,5.02,7.66421443147662,6.46758923339581,5.71720760110032,2.7787362826975652,8.677186595868413,3.692902963991372,25.060810104248162,-1.4184558579332371,28.361956895658647,0.6549921122676409,2.6442144314766205,0.5267359424202958
22.36,23.67144196289938,2.9201374400009694,26.51550541366296,20.79235809418988,4.1667107545823034,22.712726448257005,2.71,3.11571467439907,3.49146749452244,3.08638099581312,2.8790838687095004,1.246573314581334,3.802778965405956,22.23190002854463,3.5434240972916364,24.614115930959983,0.8697843937371752,0.40571467439907005,0.14971021190013278
22.37,23.67144196289938,2.9201374400009694,26.51550541366296,32.661746247664006,-10.45679254325213,40.11608642926547,6.75,12.9112826713043,8.69645962657803,7.68748034012494,8.990304284764626,13.376929983253099,13.600581015602511,28.166594105281693,-3.76832755162558,33.315795921464215,0.5227985608648529,6.161282671304299,0.9127826178357802
22.38,23.67144196289938,2.9201374400009694,26.51550541366296,30.877214618024645,-8.35576596788276,36.7855522635363,6.69,10.9040645977161,8.61915776323067,7.61914718154605,7.205772655125266,11.27590340788373,10.270046849873342,27.274328290462012,-2.7178142639408955,31.650528838599634,0.6135326821878618,4.2140645977161,0.6299050219859783
22.39,23.67144196289938,2.9201374400009694,26.51550541366296,27.79156841889042,-5.946966967436546,32.55041235049191,5.31,8.18753603507813,6.84121490624138,6.04748453423162,4.120126455991041,8.867104407437516,6.03490693682895,25.7315051908949,-1.5134147637177882,29.532958882077438,0.6485467638373309,2.8775360350781307,0.541908857728102
22.40,23.67144196289938,2.9201374400009694,26.51550541366296,22.726958597270617,-8.40506731935356,22.846067351355586,5.25,10.4913023207172,6.76391304289402,5.97915137565273,0.9444833656287628,11.325204759354529,3.669438062307375,23.199200280084998,-2.742464939676295,24.680786382509275,0.5004145185228719,5.2413023207172,0.9983432989940678
22.41,23.67144196289938,2.9201374400009694,26.51550541366296,22.754657471879867,-5.102920210146161,24.388760292163624,4.02,7.38864545733892,5.17922484427314,4.57832162478552,0.9167844910195129,8.02305765014713,2.1267451214993365,23.213049717389623,-1.0913913850725958,25.452132852913294,0.5440780752936217,3.3686454573389204,0.8379715065922759
22.42,23.67144196289938,2.9201374400009694,26.51550541366296,22.477900745317967,-0.7005581613573342,25.129795269967314,2.39,3.43260631520047,3.07919089000318,2.72193748339239,1.1935412175814122,3.6206956013583036,1.385710143695647,23.074671354108673,1.1097896393218176,25.822650341815137,0.6962639405282793,1.0426063152004699,0.43623695178419786
22.43,23.67144196289938,2.9201374400009694,26.51550541366296,23.2077657864468,-2.760680193310688,25.72785826010304,3.19,5.12596775018181,4.10988240130132,3.63304626444423,0.4636761764525801,5.680817633311658,0.7876471535599201,23.43960387467309,0.07972862334514064,26.121681836883,0.6223215117310353,1.9359677501818102,0.6068864418730169
22.44,23.67144196289938,2.9201374400009694,26.51550541366296,22.865499897282795,-3.724827654636748,24.698821409685817,3.16,6.12654480925348,4.07123146962764,3.59887968515479,0.8059420656165841,6.644965094637717,1.8166840039771444,23.268470930091087,-0.4023451073178892,25.60716341167439,0.5157882783639116,2.96654480925348,0.9387800026312342
22.45,23.67144196289938,2.9201374400009694,26.51550541366296,26.36541665278949,-8.15202541459817,29.540225107785727,6.24,9.39573771048658,8.03939378812547,7.10664849220439,2.693974689890112,11.072162854599139,3.0247196941227656,25.018429307844436,-2.6159439872986,28.027865260724344,0.6641309274067333,3.15573771048658,0.5057271971123162
22.46,23.67144196289938,2.9201374400009694,26.51550541366296,25.59465483591429,-5.875310986542148,28.64642450984957,5.71,7.64424177873447,7.35656066189045,6.50303892475754,1.9232128730149114,8.795448426543118,2.1309190961866094,24.633048399406835,-1.4775867732705894,27.580964961756266,0.7469674775512324,1.93424177873447,0.3387463709974997
22.47,23.67144196289938,2.9201374400009694,26.51550541366296,24.51857050419249,-2.0804641285784853,27.82168213671319,2.97,4.48266433586233,3.82644223569433,3.38249134965497,0.8471285412931095,5.000601568579455,1.3061767230502284,24.095006233545934,0.41983665571124207,27.168593775188075,0.662552396702286,1.5126643358623295,0.5093145910279511
22.48,23.67144196289938,2.9201374400009694,26.51550541366296,23.99678003293559,-2.7948760256994163,25.878339305439575,3.68,5.13662471934279,4.74118095197143,4.19110039283848,0.32533807003621007,5.715013465700386,0.6371661082233864,23.834110997917485,0.06263070715077657,26.196922359551266,0.7164237608065744,1.45662471934279,0.39582193449645864
22.49,23.67144196289938,38.58564365343159,1.9130743903886804,20.051853004326865,36.614237242174,1.437279044153239,2.19,2.66980928656889,2.82151801217865,2.49416028812942,3.619588958572514,1.9714064112575898,0.4757953462354414,21.861647483613122,37.599940447802794,1.6751767172709597,0.820283310196362,0.4798092865688899,0.2190909983332415
22.50,23.67144196289938,38.58564365343159,1.9130743903886804,19.844822469371373,36.57554934904125,0.4001756809580703,2.83,2.92613805626661,3.64607122121716,3.2230473129709,3.826619493528007,2.0100943043903357,1.5128987094306101,21.758132216135376,37.58059650123642,1.1566250356733754,0.9671450712901717,0.09613805626660987,0.03397104460517273
22.51,23.67144196289938,38.58564365343159,1.9130743903886804,18.54122644980572,36.63873526787009,-3.9618175651875753,5.64,4.95349729902686,7.26637515465187,6.4233169064155,5.13021551309366,1.9469083855614997,5.874891955576256,21.10633420635255,37.61218946065084,-1.0243715873994474,1.1385894971557604,0.6865027009731399,0.12172033703039355
22.52,23.67144196289938,38.58564365343159,1.9130743903886804,25.95420990945734,30.989621371843857,-1.3347909493153898,3.24,3.90592975662899,4.17430062075745,3.68999056325997,2.2827679465579607,7.596022281587732,3.24786533970407,24.81282593617836,34.78763251263772,0.28914172053664533,0.8295080047642157,0.6659297566289899,0.20553387543933826
22.53,23.67144196289938,38.58564365343159,1.9130743903886804,25.139154315154684,32.7920250382241,-0.6640881959224965,3.28,2.88328170732322,4.22583519632236,3.73554600231256,1.4677123522553046,5.793618615207492,2.577162586311177,24.405298139027032,35.68883434582784,0.624493097233092,1.1375926225077369,0.3967182926767796,0.12095069894994784
22.54,23.67144196289938,38.58564365343159,1.9130743903886804,22.26879794657593,39.46378581622592,6.66804234240832,3.2,2.91202947927527,4.12276604519255,3.64443512420738,1.4026440163234497,0.8781421627943331,4.75496795201964,22.970119954737655,39.024714734828756,4.2905583663985,1.0988899740456983,0.28797052072473006,0.08999078769835601
22.55,23.67144196289938,38.58564365343159,1.9130743903886804,22.68741823886093,33.25262886981093,-0.6478440138590225,3.0,2.61580380647427,3.86509316736801,3.41665792894442,0.9840237240384511,5.333014783620662,2.560918404247703,23.179430100880154,35.91913626162126,0.632615188264829,1.1468750031741473,0.38419619352572987,0.1280653977992215
22.56,23.67144196289938,38.58564365343159,1.9130743903886804,21.838465680420015,43.897388005507935,9.287487378895086,5.22,4.54566560123563,6.72526211122034,5.94498479636328,1.8329762824793647,5.311744352076346,7.374412988506406,22.754953821659697,41.24151582946976,5.600280884641883,1.1483466794021808,0.67433439876437,0.12918283498758373
22.57,23.67144196289938,38.58564365343159,1.9130743903886804,24.161733283127525,34.42556710763259,1.3707860481747547,2.7,1.64244527546203,3.47858385063121,3.07499213604998,0.49029132022814537,4.160076545799001,0.5422883422139257,23.916587623013452,36.50560538053209,1.6419302192817176,1.643890386300136,1.0575547245379702,0.39168693486899375
22.58,23.67144196289938,38.58564365343159,1.9130743903886804,24.321377848532613,41.795623707962555,7.960262256009621,4.17,3.54797461993812,5.37247950264154,4.74915452123274,0.6499358856332336,3.2099800545309662,6.04718786562094,23.996409905715996,40.190633680697076,4.93666832319915,1.175318440946855,0.62202538006188,0.14916675777283292
22.59,23.67144196289938,38.58564365343159,1.9130743903886804,21.730723420788237,45.52236356539749,8.32463476679649,5.67,4.31573484725288,7.30502608632555,6.45748348570495,1.9407185421111421,6.936719911965902,6.41156037640781,22.70108269184381,42.054003609414536,5.118854578592586,1.3137971166823097,1.3542651527471197,0.2388474695781785
22.60,23.67144196289938,38.58564365343159,1.9130743903886804,23.040930109049555,34.04686931521644,-0.8987045132498483,3.0,2.40800107281894,3.86509316736801,3.41665792894442,0.6305118538498249,4.538774338215148,2.811778903638529,23.356186035974467,36.316256484324015,0.507184938569416,1.245846620509262,0.5919989271810602,0.1973329756612424
22.61,23.67144196289938,38.58564365343159,1.9130743903886804,18.144323353414322,37.29474802608726,-6.151275834794978,5.17,5.96151896241499,6.66084389176421,5.88804049754754,5.527118609485058,1.2908956273443266,8.06435022518366,20.90788265815685,37.940195839759426,-2.119100722203149,0.8672286428555488,0.7915189624149903,0.15309844531177794
22.62,23.67144196289938,38.58564365343159,1.9130743903886804,29.56730975635722,23.79304134024546,-3.6982822181271136,5.23,8.42222627843466,6.73814575511157,5.95637365612643,5.895867793457839,14.79260231318613,5.611356608515794,26.6193758596283,31.189342496838524,-0.8926039138692166,0.6209759541572258,3.19222627843466,0.6103683131595203
22.63,23.67144196289938,38.58564365343159,1.9130743903886804,22.4835894398742,27.911764727992644,-8.761315112146173,5.77,7.8364595440727,7.43386252523781,6.57137208333643,1.1878525230251782,10.673878925438945,10.674389502534854,23.07751570138679,33.24870419071212,-3.4241203608787463,0.7363018933247706,2.0664595440727007,0.35813856910131064
22.64,23.67144196289938,38.58564365343159,1.9130743903886804,30.78736774974154,21.166283883243764,-3.435661026692083,5.64,9.90062831967331,7.26637515465187,6.4233169064155,7.115925786842162,17.419359770187825,5.348735417080763,27.22940485632046,29.875963768337677,-0.7612933181517012,0.569660815185156,4.26062831967331,0.755430552999624
22.65,23.67144196289938,38.58564365343159,1.9130743903886804,28.542205258996184,26.543832282452552,-2.7149588632726207,5.2,6.7401128164826,6.69949482343789,5.92220707683699,4.870763296096804,12.041811370979037,4.628033253661301,26.10682361094778,32.56473796794207,-0.40094223644197013,0.77150043935647,1.5401128164825995,0.29617554157431225
22.66,23.67144196289938,38.58564365343159,1.9130743903886804,25.95420990945734,48.05695294162635,14.359220106908532,5.89,7.30659154659767,7.58846625193253,6.7080384004942,2.2827679465579607,9.47130928819476,12.446145716519851,24.81282593617836,43.32129829752897,8.136147248648607,0.8061214263354531,1.4165915465976706,0.24050790260732816
22.67,23.67144196289938,38.58564365343159,1.9130743903886804,25.89079107031548,46.44892380265314,13.029206322719599,5.42,6.58465832868101,6.98293498904488,6.17276199162625,2.2193491074161003,7.863280149221552,11.11613193233092,24.78111651660743,42.517283728042365,7.471140356554139,0.8231254726716503,1.1646583286810097,0.21488161041810483
22.68,23.67144196289938,38.58564365343159,1.9130743903886804,22.161310244249393,40.686129789395565,7.116436775444724,3.75,3.19233336812317,4.83136645921002,4.27082241118052,1.510131718649987,2.100486135963976,5.203362385056043,22.916376103574386,39.63588672141358,4.5147555829167025,1.1746893467551613,0.5576666318768302,0.14871110179416508
22.69,23.67144196289938,38.58564365343159,1.9130743903886804,21.622917341917848,37.21464619923576,2.0241688987922113,1.26,1.54697575958833,1.62333913029457,1.43499633015665,2.0485246209815315,1.3709974541958303,0.11109450840353086,22.647179652408614,37.900144926333674,1.9686216445904459,0.8144924000107213,0.28697575958833,0.2277585391750567
22.70,23.67144196289938,38.58564365343159,1.9130743903886804,23.20141184544292,33.89196319092713,-1.1096204496374384,3.2,2.51925576165893,4.12276604519255,3.64443512420738,0.47003011745646006,4.69368046250446,3.022694840026119,23.43642690417115,36.23880342217936,0.401726970375621,1.2702164057461889,0.6807442383410702,0.2127325744151055
22.71,23.67144196289938,38.58564365343159,1.9130743903886804,19.561041242445036,36.68247942098144,-0.6992525071935596,4.11,3.3285503055718,5.29517763929418,4.68082136265385,4.110400720454344,1.9031642324501519,2.61232689758224,21.616241602672208,37.63406153720651,0.6069109415975604,1.2347717839461,0.7814496944282001,0.19013374555670712
22.72,23.67144196289938,38.58564365343159,1.9130743903886804,21.76305521967054,31.394876057507513,-4.299355809333116,5.08,4.82423205768896,6.54489109674317,5.78554075967921,1.9083867432288386,7.1907675959240756,6.212430199721797,22.71724859128496,34.99025985546955,-1.193140709472218,1.0530173379305778,0.2557679423110404,0.05034802013005755
22.73,23.67144196289938,38.58564365343159,1.9130743903886804,22.344000071011358,29.94640057925735,-6.6463429149390185,5.89,6.23431799039579,7.58846625193253,6.7080384004942,1.3274418918880215,8.639243074174239,8.559417305327699,23.00772101695537,34.26602211634447,-2.366634262275169,0.9447705439679214,0.3443179903957905,0.05845806287560822
22.74,23.67144196289938,38.58564365343159,1.9130743903886804,21.655265661694386,28.83969634028824,-8.101301513652992,6.33,7.33280902180309,8.15534658314651,7.20914823007272,2.016176301204993,9.74594731314335,10.014375904041671,22.663353812296883,33.712669996859915,-3.0941135616321556,0.8632435374104767,1.00280902180309,0.1584216463893631
22.75,23.67144196289938,38.58564365343159,1.9130743903886804,22.301029644837158,28.16389498048405,-9.295113248354014,7.3,8.03794003696662,9.4050600405955,8.31386762709808,1.3704123180622219,10.42174867294754,11.208187638742693,22.98623580386827,33.37476931695782,-3.6910194289826666,0.9081928909047573,0.7379400369666209,0.10108767628294976
22.76,23.67144196289938,38.58564365343159,1.9130743903886804,23.137235732774002,34.05664357034388,-1.143623049367104,3.42,2.4931021571131,4.40620621079954,3.89499003899663,0.5342062301253776,4.529000083087709,3.0566974397557845,23.40433884783669,36.321143611887734,0.3847256705107882,1.3717849422537989,0.9268978428869001,0.2710227609987946
22.77,23.67144196289938,38.58564365343159,1.9130743903886804,25.478198949420594,45.510191938368415,12.520297277713121,4.17,6.22148633069535,5.37247950264154,4.74915452123274,1.806756986521215,6.924548284936826,10.60722288732444,24.574820456159987,42.047917795900005,7.216685834050901,0.67025784156367,2.05148633069535,0.49196314872982894
22.78,23.67144196289938,38.58564365343159,1.9130743903886804,21.76305521967054,46.34226178450529,7.6121140032537005,4.18,4.15627899965962,5.38536314653276,4.76054338099589,1.9083867432288386,7.756618131073701,5.69903961286502,22.71724859128496,42.46395271896844,4.7625941968211905,1.0057072682889225,0.023721000340379383,0.005674880462847968
22.79,23.67144196289938,38.58564365343159,1.9130743903886804,24.672201862323163,43.23059478016219,10.223034380845398,4.21,4.84607759916394,5.42401407820645,4.79470996028533,1.0007598994237838,4.644951126730604,8.309959990456719,24.17182191261127,40.90811921679689,6.068054385617039,0.8687438269369806,0.63607759916394,0.15108731568001252
22.80,23.67144196289938,38.58564365343159,1.9130743903886804,25.985912490154227,48.14486265066814,15.733687094483695,6.01,7.95489854616498,7.74306997862725,6.84470471765198,2.314470527254848,9.559218997236549,13.820612704095016,24.828677226526803,43.36525315204986,8.823380742436187,0.7555093210009427,1.9448985461649801,0.32361040696195836
22.81,23.67144196289938,38.58564365343159,1.9130743903886804,22.301029644837158,44.74605264831319,9.307450645813553,5.0,4.54958043390078,6.44182194561336,5.69442988157403,1.3704123180622219,6.1604089948816,7.394376255424873,22.98623580386827,41.66584815087239,5.610262518101116,1.099002440234699,0.45041956609922007,0.09008391320182722
22.82,23.67144196289938,38.58564365343159,1.9130743903886804,22.408439703835732,42.1845340376151,9.343443080632552,4.15,4.37349959774285,5.34671221485909,4.72637680170644,1.2630022590636472,3.5988903841835125,7.4303686902438715,23.039940833367556,40.38508884552334,5.628258735510617,0.948896851663804,0.22349959774284933,0.0538553247443359
22.83,23.67144196289938,38.58564365343159,1.9130743903886804,25.478198949420594,33.566106007128866,1.239800213473785,2.59,2.35322043367716,3.33686376782772,2.94971467865535,1.806756986521215,5.019537646302723,0.6732741769148953,24.574820456159987,36.07587483028023,1.5764373019312328,1.1006193732782725,0.23677956632284003,0.09142068194263296
22.84,23.67144196289938,38.58564365343159,1.9130743903886804,27.57696747520992,32.67910819250408,2.8129047598589585,3.3,3.73148130815727,4.25160248410481,3.75832372183886,3.9055255123105397,5.906535460927508,0.8998303694702781,25.62420471905465,35.63237592296784,2.3629895751238195,0.8843672864986915,0.43148130815727015,0.13075191152318735
22.85,23.67144196289938,38.58564365343159,1.9130743903886804,30.276877918704884,31.496182493389313,4.448222653860389,5.29,5.92464937930142,6.81544761845893,6.02470681470532,6.605435955805504,7.089461160042276,2.535148263471709,26.97415994080213,35.04091307341045,3.180648522124535,0.8928798415630239,0.6346493793014201,0.11997152725547232
22.86,23.67144196289938,38.58564365343159,1.9130743903886804,32.69869771664721,29.622750422934025,6.967549796223105,6.17,8.48190897724714,7.94920828088688,7.02692647386235,9.02725575374783,8.962893230497563,5.054475405834425,28.185069839773295,34.104197038182804,4.440312093305893,0.7274305838253741,2.311908977247141,0.3747016169971538
22.87,23.67144196289938,38.58564365343159,1.9130743903886804,20.866367417275583,36.83942196540155,1.3940335864944586,3.13,2.10994729240586,4.03258053795396,3.56471310586534,2.805074545623796,1.7462216880300403,0.5190408038942218,22.26890469008748,37.71253280941657,1.6535539884415695,1.483449377992556,1.02005270759414,0.325895433632027
22.88,23.67144196289938,38.58564365343159,1.9130743903886804,27.135307394899243,32.75447348676017,1.666679270299043,2.67,3.3976611226705,3.43993291895753,3.04082555676053,3.4638654319998636,5.83117016667142,0.2463951200896375,25.40337467889931,35.670058570095875,1.7898768303438617,0.7858346971094027,0.7276611226704999,0.2725322555797631
22.89,23.67144196289938,38.58564365343159,1.9130743903886804,31.57786368411095,30.333828963498398,5.452536373808059,5.06,7.22101202493777,6.51912380896072,5.76276304015291,7.906421721211572,8.251814689933191,3.539461983419378,27.624652823505166,34.459736308465,3.6828053820983695,0.7007328033556174,2.1610120249377704,0.4270774751997417
22.90,23.67144196289938,38.58564365343159,1.9130743903886804,29.661301150270035,31.51897419365557,3.6872359691424883,3.73,5.39505958922579,4.80559917142756,4.24804469165422,5.989859187370655,7.066669459776019,1.7741615787538079,26.666371556584707,35.05230892354358,2.8001551797655844,0.6913732717165215,1.6650595892257898,0.44639667259501153
22.91,23.67144196289938,38.58564365343159,1.9130743903886804,22.99811419839704,33.82796914987624,0.3578972882552378,2.88,2.06983065848988,3.71048944067329,3.27999161178664,0.6733277645023392,4.75767450355535,1.5551771021334426,23.33477808064821,36.206806401653914,1.1354858393219591,1.3914181755863013,0.8101693415101199,0.2813087990377816
22.92,23.67144196289938,38.58564365343159,1.9130743903886804,24.033936587025593,40.533551524041115,6.344421817243184,2.36,2.58478692707937,3.0405399583295,2.68777090410294,0.3624946241262137,1.9479078706095265,4.4313474268545034,23.852689274962486,39.55959758873635,4.128748103815932,0.9130346390886469,0.2247869270793701,0.09524869787462771
22.93,23.67144196289938,38.58564365343159,1.9130743903886804,22.053759736807045,33.35834262147422,-3.176209747342129,3.73,3.75971167918234,4.80559917142756,4.24804469165422,1.6176822260923345,5.227301031957367,5.089284137730809,22.862600849853212,35.971993137452905,-0.6315676784767243,0.992097351416878,0.029711679182339967,0.007965597633880528
22.94,23.67144196289938,38.58564365343159,1.9130743903886804,22.826755617738357,33.564664013244176,-0.35621209100653584,2.71,2.39386818388768,3.49146749452244,3.08638099581312,0.8446863451610227,5.020979640187413,2.2692864813952163,23.249098790318868,36.07515383333788,0.7784311496910723,1.1320589901766678,0.3161318161123199,0.11665380664046719
22.95,23.67144196289938,38.58564365343159,1.9130743903886804,22.762457315390833,34.55469965628938,0.14021070095604493,2.22,1.93793103227264,2.86016894385233,2.52832686741887,0.9089846475085466,4.030943997142209,1.7728636894326355,23.216949639145106,36.57017165486049,1.0266425456723627,1.1455516021388141,0.28206896772736023,0.1270580935136496
22.96,23.67144196289938,38.58564365343159,1.9130743903886804,27.871046514937113,28.020746951933628,-2.6147363750093966,4.19,5.94156800465018,5.39824679042399,4.77193224075903,4.199604552037734,10.564896701497961,4.527810765398077,25.771244238918246,33.30319530268261,-0.3508309923103581,0.705201050634359,1.7515680046501796,0.4180353232057623
23.1,42.763245421570275,22.787339948595665,29.69610732484247,41.330914717078734,16.583231524868875,27.03975140599043,3.77,3.79290104393508,4.85713374699247,4.29360013070682,1.432330704491541,6.20410842372679,2.6563559188520394,42.04708006932451,19.68528573673227,28.36792936541645,0.9939621296037603,0.02290104393508008,0.006074547461274677
23.2,42.763245421570275,22.787339948595665,29.69610732484247,47.78014024290971,10.436817715169688,28.747783759061317,8.6,9.73811567890334,11.079933746455,9.79441939630733,5.016894821339434,12.350522233425977,0.948323565781152,45.27169283223999,16.612078831882677,29.221945541951893,0.8831277305267504,1.1381156789033398,0.13233903241523265
23.3,42.763245421570275,22.787339948595665,29.69610732484247,39.07217422722078,27.41616853337206,30.494814759972243,6.16,4.17342106841547,7.93632463699565,7.0155376140992,3.6910711943494974,4.628828584776393,0.7987074351297743,40.91770982439553,25.101754240983862,30.095461042407358,1.4760073085227345,1.9865789315845301,0.32249657975033014
23.4,42.763245421570275,22.787339948595665,29.69610732484247,55.08368493423197,2.1901855001915105,38.26411587520343,10.4,20.8803084967469,13.3989896468758,11.844414153674,12.320439512661693,20.597154448404154,8.568008550360961,48.92346517790112,12.488762724393588,33.98011160002295,0.49807693220252075,10.480308496746899,1.0077219707441516
23.5,42.763245421570275,22.787339948595665,29.69610732484247,38.62392172036533,25.221904636252013,24.795011857685935,7.99,5.3060638986292,10.2940314690901,9.0996989507553,4.139323701204944,2.434564687656348,4.901095467156534,40.6935835709678,24.00462229242384,27.245559591264204,1.5058243080258342,2.6839361013708,0.33591190250749536
23.6,42.763245421570275,22.787339948595665,29.69610732484247,40.96494331269387,33.37830017761104,36.931892258170684,10.12,5.10190660181865,13.0382476179214,11.5255260803058,1.7983021088764062,10.590960229015373,7.235784933328215,41.86409436713207,28.08282006310335,33.313999791506575,1.9835721795473489,5.01809339818135,0.49585903139184695
23.7,42.763245421570275,22.787339948595665,29.69610732484247,36.12402834903049,25.84579450005592,24.17783196737584,8.26,7.31915199280857,10.6418898541533,9.40719816436029,6.639217072539786,3.0584545514602546,5.518275357466628,39.44363688530038,24.316567224325794,26.936969646109155,1.1285460401679475,0.9408480071914296,0.11390411707960357
23.8,42.763245421570275,22.787339948595665,29.69610732484247,40.52765704238514,35.18607116158184,38.16089629059238,9.61,5.91218555405848,12.3811817794689,10.9446942323853,2.2355883791851383,12.398731212986178,8.464788965749914,41.6454512319777,28.986705555088754,33.928501807717424,1.625456425632254,3.6978144459415194,0.3847881837207837
23.9,42.763245421570275,22.787339948595665,29.69610732484247,40.83275853880683,14.855546128012042,25.317821138041708,5.9,4.88924910747845,7.60134989582376,6.71942726025735,1.9304868827634465,7.931793820583623,4.378286186800761,41.79800198018855,18.821443038303855,27.50696423144209,1.2067292684614508,1.0107508925215507,0.17131371056783676
23.10,42.763245421570275,22.787339948595665,29.69610732484247,47.09188376626946,12.383996103440431,29.54657092651717,8.34,8.26421707473394,10.7449590052831,9.49830904246548,4.328638344699186,10.403343845155234,0.1495363983252993,44.92756459391987,17.58566802601805,29.621339125679818,1.0091700064956641,0.07578292526605956,0.009086681685488355
23.11,42.763245421570275,22.787339948595665,29.69610732484247,38.7258147914434,33.209324140934136,31.04575911731706,10.93,6.6339104649651,14.0818227731108,12.4480237211208,4.037430630126877,10.42198419233847,1.3496517924745923,40.744530106506836,27.9983320447649,30.370933221079767,1.6475953445672415,4.296089535034899,0.39305485220876896
23.12,42.763245421570275,22.787339948595665,29.69610732484247,51.692453681085595,5.246308974974578,35.68394560768081,10.41,16.5997891423274,13.411873290767,11.8558030134371,8.92920825951532,17.541030973621087,5.987838282838343,47.227849551327935,14.016824461785122,32.69002646626164,0.6271163994986344,6.189789142327399,0.5946003017995003
23.13,42.763245421570275,22.787339948595665,29.69610732484247,37.04317378906506,25.72126164353619,21.649495661352546,8.5,7.7195424806157,10.9510973075427,9.68053079867585,5.720071632505217,2.9339216949405262,8.046611663489923,39.90320960531767,24.254300796065927,25.67280149309751,1.1011015251542409,0.7804575193843002,0.09181853168146843
23.14,42.763245421570275,22.787339948595665,29.69610732484247,50.955034074059895,5.770069656895416,34.786740515666814,11.3,15.696415610712,14.5585175970862,12.8694115323573,8.19178865248962,17.01727029170025,5.090633190824345,46.859139747815085,14.27870480274554,32.24142392025464,0.7199095818773058,4.396415610711999,0.38906332834716245
23.15,42.763245421570275,22.787339948595665,29.69610732484247,39.835786118017246,29.39899194861642,30.659010147136424,7.81,4.4892187324341,10.0621258790481,8.89469947501863,2.9274593035530287,6.611652000020754,0.9629028222939553,41.29951576979376,26.093165948606043,30.177558735989447,1.739723649871169,3.3207812675658994,0.4251960649347892
23.16,42.763245421570275,22.787339948595665,29.69610732484247,49.21655033781464,9.20571220850358,30.59300583941439,9.31,11.672165024539,11.9946724627321,10.6030284394908,6.453304916244363,13.581627740092085,0.8968985145719195,45.98989787969246,15.996526078549623,30.14455658212843,0.7976240894152438,2.3621650245389993,0.25372341829057743
23.17,42.763245421570275,22.787339948595665,29.69610732484247,43.565059227215585,8.881402935211558,19.848459477222757,8.9,8.83630209828055,11.4664430631918,10.1360851892018,0.8018138056453097,13.905937013384108,9.847647847619712,43.16415232439293,15.834371441903611,24.772283401032613,1.0072086603653623,0.06369790171945056,0.007157067608122863
23.18,42.763245421570275,22.787339948595665,29.69610732484247,43.33167134564889,10.08693819115275,21.678859847345443,7.92,7.8682605715787,10.2038459618516,9.01997693241326,0.5684259240786176,12.700401757442915,8.017247477497026,43.04745838360958,16.437139069874206,25.687483586093954,1.006575713519404,0.05173942842129975,0.00653275611297563
23.19,42.763245421570275,22.787339948595665,29.69610732484247,41.36140723762732,29.575173903871544,34.45419175122765,7.34,3.46789104897261,9.45659461616041,8.35942306615067,1.4018381839429566,6.787833955275879,4.758084426385178,42.0623263295988,26.181256926233605,32.075149538035056,2.11656014973653,3.87210895102739,0.5275352793596533
23.20,42.763245421570275,22.787339948595665,29.69610732484247,48.37709194450427,8.971568522578298,29.3438565954954,9.43,11.1563815095999,12.1492761894268,10.7396947566486,5.613846522933997,13.815771426017367,0.3522507293470696,45.570168683037274,15.879454235586982,29.519981960168934,0.8452561425082469,1.7263815095999,0.18307333079711843
23.21,42.763245421570275,22.787339948595665,29.69610732484247,38.65449017839588,31.833780264029528,30.438772391396817,8.93,6.21192868719002,11.5050939948655,10.1702517684912,4.108755243174393,9.046440315433863,0.7426650665543484,40.70886779998308,27.310560106312597,30.06743985811964,1.4375567473878952,2.71807131280998,0.30437528695471494
23.22,42.763245421570275,22.787339948595665,29.69610732484247,45.714535831501664,19.561176246987998,31.928696844660752,4.22,4.02023204735473,5.43689772209767,4.80609882004848,2.9512904099313886,3.2261637016076676,2.2325895198182835,44.23889062653597,21.17425809779183,30.81240208475161,1.049690651992843,0.1997679526452698,0.04733837739287475
23.23,42.763245421570275,22.787339948595665,29.69610732484247,34.10840126191428,25.43076084300855,16.63861137072561,12.54,11.5625941771445,16.1560894395983,14.2816301429877,8.654844159655994,2.643420894412884,13.05749595411686,38.43582334174228,24.109050395802107,23.16735934778404,1.0845317068814004,0.9774058228554985,0.0779430480683856
23.24,42.763245421570275,22.787339948595665,29.69610732484247,41.13777780679085,28.29663560003906,33.42650677904104,6.28,3.03579024861581,8.09092836369037,7.15220393125698,1.6254676147794243,5.509295651443395,3.7303994541985723,41.95051161418056,25.541987774317363,31.561307051941753,2.068654117587589,3.24420975138419,0.516593909373821
23.25,42.763245421570275,22.787339948595665,29.69610732484247,50.288113168659464,5.120099975527703,31.119992160925513,9.84,15.121084323657,12.6775055889671,11.2066380069377,7.524867747089189,17.667239973067964,1.4238848360830438,46.52567929511487,13.953719962061683,30.40804974288399,0.6507469827381712,5.281084323657,0.5366955612927139
23.26,42.763245421570275,22.787339948595665,29.69610732484247,39.377686273461634,28.67559922005092,30.452999597645437,8.26,4.47180313510376,10.6418898541533,9.40719816436029,3.3855591481086407,5.888259271455254,0.7568922728029683,41.070465847515955,25.731469584323293,30.07455346124395,1.847129613848981,3.78819686489624,0.4586194751135134
23.27,42.763245421570275,22.787339948595665,29.69610732484247,44.27514105573035,20.60179956975977,30.54583759958436,2.36,2.20686156238774,3.0405399583295,2.68777090410294,1.5118956341600764,2.1855403788358956,0.8497302747418907,43.51919323865032,21.694569759177718,30.120972462213416,1.0693919542362131,0.15313843761225998,0.06488916845227577
23.28,42.763245421570275,22.787339948595665,29.69610732484247,38.62392172036533,24.664185777410697,24.483955247242594,6.3,5.23976714643181,8.11669565147283,7.17498165078327,4.139323701204944,1.876845828815032,5.212152077599875,40.6935835709678,23.725762863003183,27.09003128604253,1.2023435054910496,1.0602328535681895,0.16829092911109503
23.29,42.763245421570275,22.787339948595665,29.69610732484247,42.61094654779107,31.25444903888247,36.33747628747853,8.32,3.97465372948644,10.7191917175006,9.47553132293918,0.15229887377920193,8.467109090286804,6.6413689626360615,42.687095984680674,27.020894493739068,33.0167918061605,2.093264109067874,4.34534627051356,0.5222771959124138
23.30,42.763245421570275,22.787339948595665,29.69610732484247,41.82886262445143,29.271238719460662,34.56846198568424,7.14,3.2135607868991,9.19892173833587,8.13164587088771,0.9343827971188432,6.483898770864997,4.8723546608417685,42.29605402301085,26.029289334028164,32.132284655263355,2.2218344295481187,3.9264392131009,0.5499214583404731
23.31,42.763245421570275,22.787339948595665,29.69610732484247,38.949943790281026,24.42780903854874,26.474303190681468,5.09,4.22675312328204,6.5577747406344,5.79692961944236,3.8133016312892494,1.6404690899530756,3.221804134161001,40.85659460592565,23.6075744935722,28.08520525776197,1.2042340421442503,0.8632468767179597,0.1695966358641185
23.32,42.763245421570275,22.787339948595665,29.69610732484247,44.36641147023407,20.202894321386722,30.969330982810828,3.11,2.59413101307287,4.00681325017151,3.54193538633904,1.6031660486637946,2.584445627208943,1.2732236579683587,43.56482844590217,21.495117134991194,30.33271915382665,1.198860035645308,0.51586898692713,0.16587427227050025
23.33,42.763245421570275,22.787339948595665,29.69610732484247,37.26770377527818,31.6117424582327,31.140664524401263,8.6,6.75493666046885,11.079933746455,9.79441939630733,5.4955416462920965,8.824402509637036,1.444557199558794,40.01547459842423,27.199541203414185,30.418385924621866,1.2731429517401194,1.8450633395311495,0.21454224875774505
23.34,42.763245421570275,22.787339948595665,29.69610732484247,43.859281003170565,15.348796138006826,30.50734089852766,6.33,5.36110536515511,8.15534658314651,7.20914823007272,1.0960355816002902,7.43854381058884,0.8112335736851897,43.31126321237042,19.068068043301245,30.101724111685066,1.1807266538653696,0.9688946348448901,0.15306392333204205
23.35,42.763245421570275,22.787339948595665,29.69610732484247,43.33167134564889,9.091729513476587,21.62309151188734,7.66,8.63965000914763,9.86887122067966,8.72386657857141,0.5684259240786176,13.695610435119079,8.07301581295513,43.04745838360958,15.939534731036126,25.659599418364905,0.8866099889466599,0.9796500091476297,0.12789164608612769
23.36,42.763245421570275,22.787339948595665,29.69610732484247,41.50369478311674,32.886760649256914,37.01129894630664,8.98,4.77661278549769,11.5695122143216,10.227196067307,1.2595506384535327,10.099420700661248,7.3151916214641695,42.13347010234351,27.83705029892629,33.353703135574555,1.879993292607735,4.20338721450231,0.46808320868978026
23.37,42.763245421570275,22.787339948595665,29.69610732484247,39.80525211982608,23.648881781580755,28.420473528994272,3.27,2.86876836241887,4.21295155243113,3.72415714254941,2.957993301744196,0.8615418329850897,1.2756337958481971,41.28424877069818,23.21811086508821,29.05829042691837,1.139861984570605,0.40123163758113023,0.12270080656221083
23.38,42.763245421570275,22.787339948595665,29.69610732484247,50.02532814158478,6.8890770660621765,31.93026541398234,10.21,13.9136902211087,13.1542004129425,11.6280258181742,7.262082720014504,15.898262882533489,2.2341580891398714,46.39428678157753,14.838208507328922,30.813186369412406,0.7338096390687514,3.7036902211086993,0.3627512459104748
23.39,42.763245421570275,22.787339948595665,29.69610732484247,36.54287299948566,35.69921748123278,30.76738883320137,11.45,8.80297102193919,14.7517722554546,13.0402444288045,6.2203724220846155,12.911877532637114,1.0712815083589007,39.65305921052797,29.243278714914222,30.23174807902192,1.3006972271251442,2.64702897806081,0.23118157011612475
23.40,42.763245421570275,22.787339948595665,29.69610732484247,48.963739453099834,7.3078852181251985,29.802807397982313,9.09,12.6964573299361,11.7112322971251,10.3524735247016,6.2004940315295585,15.479454730470467,0.10670007313984442,45.863492437335054,15.047612583360433,29.74945736141239,0.7159477453487256,3.6064573299361005,0.3967499812474533
23.41,42.763245421570275,22.787339948595665,29.69610732484247,42.05236460235421,12.477757605495743,23.895190892186534,7.1,6.18173913615823,9.14738716277096,8.08609043183512,0.7108808192160652,10.309582343099922,5.800916432655935,42.40780501196224,17.632548777045706,26.795649108514503,1.1485440977802077,0.9182608638417697,0.12933251601583623
23.42,42.763245421570275,22.787339948595665,29.69610732484247,41.12761139231326,35.61396739098374,37.65719732315116,10.41,5.92966249730803,13.411873290767,11.8558030134371,1.6356340292570124,12.826627442388073,7.96108999830869,41.94542840694177,29.200653669789702,33.67665232399681,1.7555805246876006,4.48033750269197,0.4303878484401136
23.43,42.763245421570275,22.787339948595665,29.69610732484247,40.202125002428865,23.44344731216788,28.63949254832322,3.93,2.46315334291759,5.0632720492521,4.47582188691719,2.5611204191414103,0.6561073635722146,1.0566147765192504,41.482685211999566,23.115393630381774,29.167799936582846,1.595515768315676,1.4668466570824101,0.3732434240990246
23.44,42.763245421570275,22.787339948595665,29.69610732484247,54.96264615111053,1.8484768798470719,39.67025077007029,11.9,21.2300161332089,15.3315362305598,13.5527431181462,12.199400729540258,20.938863068748592,9.97414344522782,48.862945786340404,12.31790841422137,34.68317904745638,0.5605271293611965,9.330016133208899,0.7840349691113331
23.45,42.763245421570275,22.787339948595665,29.69610732484247,36.38966270616133,36.18384253940854,30.558476305191572,12.08,9.11757376270802,15.5634418206019,13.7577425938828,6.3735827154089435,13.396502590812872,0.8623689803491033,39.5764540638658,29.4855912440021,30.12729181501702,1.3249138765494552,2.9624262372919805,0.24523396002042602
23.46,42.763245421570275,22.787339948595665,29.69610732484247,42.78355089942746,14.07727844514306,23.72293793327985,6.28,5.04342235418521,8.09092836369037,7.15220393125698,0.020305477857185394,8.710061503452605,5.973169391562617,42.77339816049887,18.43230919686936,26.709522629061162,1.2451862163682264,1.2365776458147906,0.19690726841049097
23.47,42.763245421570275,22.787339948595665,29.69610732484247,41.47320660864833,10.829717922209964,23.00532340780228,7.04,7.41589907256682,9.07008529942361,8.01775727325623,1.2900388129219422,11.957622026385701,6.690783917040189,42.1182260151093,16.808528935402816,26.350715366322376,0.9493117328272883,0.37589907256681965,0.053394754618384214
24.1,74.189769129174,9.423205085321795,75.3792866720741,75.21311301760352,5.779347168781646,68.43702472554467,2.76,2.5736378715401,3.55588571397857,3.14332529462886,1.0233438884295225,3.6438579165401492,6.9422619465294275,74.70144107338876,7.601276127051721,71.9081556988094,1.0724119463147184,0.18636212845989997,0.06752251028709329
24.2,74.189769129174,9.423205085321795,75.3792866720741,74.9522713738916,6.957312086869505,70.42798766772135,1.74,1.76146236004455,2.24175403707345,1.98166159878776,0.7625022447176093,2.46589299845229,4.951299004352748,74.5710202515328,8.19025858609565,72.90363716989773,0.9878156005378265,0.021462360044550044,0.012334689673686984
24.3,74.189769129174,9.423205085321795,75.3792866720741,72.45383017221988,10.806584272118725,71.79841063525816,1.79,1.88050881781694,2.30617225652958,2.0386058976035,1.735938956954115,1.3833791867969296,3.580876036815937,73.32179965069693,10.11489467872026,73.58884865366613,0.9518700375604296,0.09050881781693998,0.05056358534434435
24.4,74.189769129174,9.423205085321795,75.3792866720741,71.4803443576399,13.83105174468402,81.20185751127518,4.66,3.22225215576841,6.00377805331165,5.30720864962699,2.7094247715341027,4.4078466593622245,5.822570839201077,72.83505674340694,11.627128415002908,78.29057209167465,1.446193461368804,1.4377478442315903,0.30852958024100013
24.5,74.189769129174,9.423205085321795,75.3792866720741,75.83509112419922,6.616808571624889,74.4505808125043,2.39,2.03380682390294,3.07919089000318,2.72193748339239,1.6453219950252276,2.8063965136969067,0.9287058595698028,75.01243012668661,8.020006828473342,74.91493374228921,1.1751361883221425,0.35619317609706025,0.14903480165189348
24.6,74.189769129174,9.423205085321795,75.3792866720741,68.7800428664491,16.655136539499903,74.21037944093489,5.89,6.02934628647894,7.58846625193253,6.7080384004942,5.409726262724902,7.231931454178108,1.1689072311392152,71.48490599781155,13.039170812410848,74.7948330565045,0.9768886574373213,0.13934628647894076,0.023658113150302657
24.7,74.189769129174,9.423205085321795,75.3792866720741,76.55733866741834,4.476726543500231,69.93396182593547,4.39,3.46781618743271,5.65591966824853,4.999709436022,2.3675695382443394,4.946478541821564,5.445324846138632,75.37355389829617,6.949965814411013,72.65662424900478,1.2659263817509525,0.9221838125672899,0.21006464973968686
24.8,74.189769129174,9.423205085321795,75.3792866720741,76.26643993024386,5.3806740562582505,70.75875230942762,3.46,2.88016061317263,4.45774078636444,3.94054547804923,2.0766708010698665,4.042531029063545,4.620534362646481,75.22810452970893,7.401939570790023,73.06901949075086,1.2013218925965827,0.5798393868273699,0.167583637762944
24.9,74.189769129174,9.423205085321795,75.3792866720741,71.14913228190441,13.445384723168308,77.53084800990293,3.82,3.21586090214328,4.9215519664486,4.35054442952256,3.0406368472695817,4.022179637846513,2.1515613378288236,72.6694507055392,11.434294904245052,76.4550673409885,1.187862322112942,0.60413909785672,0.15815159625616976
24.10,74.189769129174,9.423205085321795,75.3792866720741,75.6545213969238,6.5162287062839885,73.7162054015513,2.79,2.00418438377141,3.59453664565225,3.17749187391831,1.4647522677498017,2.9069763790378067,1.6630812705227953,74.92214526304889,7.969716895802891,74.5477460368127,1.392087485163306,0.7858156162285899,0.2816543426333102
24.11,74.189769129174,9.423205085321795,75.3792866720741,72.22301388252612,12.646289533075006,80.06922957554869,4.23,2.38076806303993,5.4497813659889,4.81748767981163,1.9667552466478782,3.2230844477532106,4.689942903474588,73.20639150585006,11.034747309198401,77.7242581238114,1.77673754276681,1.8492319369600705,0.4371706705727895
24.12,74.189769129174,9.423205085321795,75.3792866720741,72.28322762937954,10.650286934171415,66.52921058635941,2.62,2.90448226037154,3.3755146995014,2.98388125794479,1.9065414997944572,1.22708184884962,8.85007608571469,73.23649837927677,10.036746009746604,70.95424862921675,0.9020540544677993,0.28448226037154,0.1085810153675416
24.13,74.189769129174,9.423205085321795,75.3792866720741,75.54417117120661,4.4087696111997365,66.51713744594844,3.95,3.50845128555879,5.08903933703455,4.49859960644348,1.3544020420326177,5.014435474122059,8.862149226125666,74.8669701501903,6.915987348260765,70.94821205901127,1.1258528841864857,0.44154871444121024,0.11178448464036095
24.14,74.189769129174,9.423205085321795,75.3792866720741,72.6746048396822,11.737532339118783,78.70657132273713,3.63,1.76407933577452,4.6767627325153,4.13415609402274,1.5151642894917927,2.3143272537969874,3.3272846506630316,73.4321869844281,10.580368712220288,77.04292899740562,2.0577305817986447,1.86592066422548,0.5140277310499869
24.15,74.189769129174,9.423205085321795,75.3792866720741,72.1427284955848,11.714697021069199,76.58106842304424,2.99,2.00730487374807,3.85220952347679,3.40526906918127,2.047040633589191,2.2914919357474037,1.2017817509701416,73.1662488123794,10.568951053195498,75.98017754755918,1.4895594772942824,0.9826951262519303,0.32866057723186276
24.16,74.189769129174,9.423205085321795,75.3792866720741,75.68461624909718,6.517781575719472,72.08675213807287,2.53,2.05599772909133,3.25956190448036,2.88138152007646,1.494847119923179,2.905423509602323,3.292534534001234,74.93719268913559,7.970493330520634,73.73301940507349,1.2305461056552887,0.47400227090866975,0.18735267617443363
24.17,74.189769129174,9.423205085321795,75.3792866720741,75.0626281092001,7.568770716685602,73.59637853461383,1.74,1.26177020437098,2.24175403707345,1.98166159878776,0.8728589800261091,1.854434368636193,1.782908137460268,74.62619861918705,8.495987901003698,74.48783260334397,1.3790149684889832,0.47822979562902,0.27484470997366395
24.18,74.189769129174,9.423205085321795,75.3792866720741,72.8552345099676,10.972479575665773,76.67042961552806,2.67,1.32631486714832,3.43993291895753,3.04082555676053,1.3345346192063943,1.5492744903439775,1.2911429434539627,73.5225018195708,10.197842330493785,76.02485814380108,2.01309663649297,1.34368513285168,0.5032528585574633
24.19,74.189769129174,9.423205085321795,75.3792866720741,72.20294286023938,12.487168312512619,79.60522916818653,4.26,2.3102452777899,5.48843229766258,4.85165425910107,1.986826268934621,3.0639632271908237,4.225942496112424,73.19635599470669,10.955186698917206,77.49225792013031,1.8439600500910343,1.9497547222100997,0.45768890181981475
24.20,74.189769129174,9.423205085321795,75.3792866720741,74.29010200883053,8.15963967568245,73.82853484038895,1.49,0.756251682116856,1.91966293979278,1.69694010470906,0.10033287965653415,1.2635654096393445,1.5507518316851474,74.23993556900226,8.791422380502123,74.60391075623153,1.9702435488923933,0.733748317883144,0.4924485351615405
24.21,74.189769129174,9.423205085321795,75.3792866720741,74.62119253072531,7.419723261152866,71.99705659942876,2.74,1.31533540793669,3.53011842619612,3.12054757510257,0.43142340155131365,2.0034818241689294,3.382230072645342,74.40548082994965,8.42146417323733,73.68817163575143,2.0831188618384426,1.4246645920633103,0.5199505808552407
24.22,74.189769129174,9.423205085321795,75.3792866720741,71.08891049277454,14.303567298498853,81.58685917776516,4.59,3.60181654688377,5.91359254607306,5.22748663128496,3.100858636399451,4.880362213177058,6.207572505691061,72.63933981097426,11.863386191910324,78.48307292491964,1.2743569637650847,0.9881834531162297,0.2152905126145837
24.23,74.189769129174,9.423205085321795,75.3792866720741,72.22301388252612,10.838882990744093,71.12444444097078,3.13,2.11313297802631,4.03258053795396,3.56471310586534,1.9667552466478782,1.4156779054222977,4.254842231103325,73.20639150585006,10.131044038032943,73.25186555652243,1.4812129814197694,1.01686702197369,0.3248776426993011
24.24,74.189769129174,9.423205085321795,75.3792866720741,73.88876377640463,9.57764118142812,77.02085749322825,1.74,0.432538504132401,2.24175403707345,1.98166159878776,0.3010053527693657,0.15443609610632514,1.641570821154147,74.03926645278932,9.500423133374959,76.20007208265118,4.022763243858213,1.307461495867599,0.7514146523656231
24.25,74.189769129174,9.423205085321795,75.3792866720741,68.59931813533854,16.994654253779828,73.36452349763684,6.67,6.34806171211559,8.59339047544822,7.59636946201975,5.590450993835461,7.571449168458033,2.014763174437263,71.39454363225627,13.208929669550812,74.37190508485547,1.0507144229898175,0.3219382878844099,0.048266609870486255
24.26,74.189769129174,9.423205085321795,75.3792866720741,69.66352049996809,15.543634713886256,76.43580181152987,5.4,4.92584175234366,6.95716770126242,6.14998427209995,4.526248629205909,6.120429628564461,1.0565151394557688,71.92664481457103,12.483419899604026,75.90754424180199,1.0962593340182887,0.47415824765633996,0.08780708288306163
24.27,74.189769129174,9.423205085321795,75.3792866720741,75.38365921933288,6.8724130434648645,74.62205421458128,2.71,1.72953547090234,3.49146749452244,3.08638099581312,1.193890090158888,2.5507920418569308,0.7572324574928189,74.78671417425343,8.14780906439333,75.00067044332769,1.566894720591786,0.9804645290976599,0.36179502905382466
24.28,74.189769129174,9.423205085321795,75.3792866720741,71.7914710294651,13.239083894165226,80.10085453023889,4.05,2.81185910548664,5.21787577594682,4.61248820407496,2.398298099708896,3.815878808843431,4.721567858164789,72.99062007931954,11.331144489743512,77.7400706011565,1.4403282122696366,1.2381408945133598,0.305713801038925
24.29,74.189769129174,9.423205085321795,75.3792866720741,71.87175979948508,11.300864264755518,73.1372752747228,2.68,2.2167749293955,3.45281656284876,3.05221441652368,2.3180093296889197,1.8776591794337225,2.2420113973513054,73.03076446432954,10.362034675038657,74.25828097339846,1.2089635096702644,0.4632250706045,0.17284517553419956
24.30,74.189769129174,9.423205085321795,75.3792866720741,75.16295189746182,6.0996270380278546,69.42221476491879,2.53,2.30430375887035,3.25956190448036,2.88138152007646,0.9731827682878276,3.3235780472939407,5.95707190715531,74.67636051331792,7.761416061674825,72.40075071849645,1.0979455243966396,0.2256962411296497,0.08920800041124179
24.31,74.189769129174,9.423205085321795,75.3792866720741,75.34353093687386,4.875681111984164,67.38143630349973,3.19,3.14442886237956,4.10988240130132,3.63304626444423,1.1537618076998655,4.547523973337631,7.997850368574376,74.76665003302392,7.14944309865298,71.38036148778691,1.0144926594305144,0.04557113762043974,0.014285623074029504
24.32,74.189769129174,9.423205085321795,75.3792866720741,72.16280016498364,10.428170153127692,66.99143823899472,2.92,2.78534142914947,3.7620240162382,3.32554705083923,2.0269689641903597,1.0049650678058963,8.387848433079384,73.17628464707882,9.925687619224743,71.1853624555344,1.0483454446169294,0.1346585708505299,0.046115948905621214
24.33,74.189769129174,9.423205085321795,75.3792866720741,72.39361764089037,12.24032561797178,79.60468052967373,3.11,2.1276385703831,4.00681325017151,3.54193538633904,1.796151488283627,2.8171205326499855,4.225393857599627,73.29169338503218,10.831765351646787,77.49198360087391,1.461714429240819,0.9823614296168999,0.31587184221898007
24.34,74.189769129174,9.423205085321795,75.3792866720741,75.72474293225778,6.840645488574215,76.56415470168587,2.65,1.97233918085547,3.41416563117508,3.01804783723423,1.534973803083787,2.58255959674758,1.1848680296117635,74.95725603071588,8.131925286948006,75.97172068687999,1.3435822927307175,0.6776608191445299,0.255721063731626
24.35,74.189769129174,9.423205085321795,75.3792866720741,71.1390950438841,13.743753621300481,78.08554839918074,4.53,3.33136717236125,5.8362906827257,5.15915347270607,3.0506740852898986,4.320548535978686,2.706261727106636,72.66443208652905,11.583479353311137,76.73241753562742,1.3598020765238452,1.1986328276387503,0.2645988581399893
24.36,74.189769129174,9.423205085321795,75.3792866720741,72.26315660326306,11.974895361579197,77.24607289360603,3.67,2.03449846551241,4.7282973080802,4.17971153307534,1.9266125259109401,2.5516902762574016,1.8667862215319246,73.22646286621853,10.699050223450495,76.31267978284006,1.803884377603493,1.6355015344875898,0.44564074497055833
24.37,74.189769129174,9.423205085321795,75.3792866720741,75.87521779448255,6.619958486727695,75.45678097684316,3.24,2.07911775687409,4.17430062075745,3.68999056325997,1.6854486653085559,2.8032465985941,0.07749430476906127,75.03249346182827,8.021581786024745,75.41803382445863,1.558353290827028,1.16088224312591,0.35829698850852254
24.38,74.189769129174,9.423205085321795,75.3792866720741,73.14624066257156,10.75414372702438,77.08294348164469,2.88,1.09630842450113,3.71048944067329,3.27999161178664,1.0435284666024387,1.3309386417025841,1.7036568095705888,73.66800489587277,10.088674406173087,76.2311150768594,2.626997962442487,1.7836915754988698,0.6193373523887266
24.39,74.189769129174,9.423205085321795,75.3792866720741,72.54414753378904,10.651186661068957,74.10279427380942,2.22,1.50309948402017,2.86016894385233,2.52832686741887,1.6456215953849522,1.2279815757471617,1.2764923982646792,73.36695833148153,10.037195873195376,74.74104047294176,1.476948147560712,0.7169005159798303,0.3229281602058117
24.40,74.189769129174,9.423205085321795,75.3792866720741,74.12956918157163,8.259958450551053,73.51675145572717,1.47,0.725491945897282,1.89389565201033,1.67416238518276,0.060199947602370685,1.1632466347707417,1.8625352163469273,74.15966915537281,8.841581767936425,74.44801906390063,2.0262113263789656,0.7445080541027179,0.5064680636709182
25.1,51.837211526538496,19.17600605886899,56.55420284463498,51.04050249213722,22.405869012126935,58.82116740816807,2.03,1.8817388534127,2.61537970991902,2.31193853191905,0.7967090344012746,3.229862953257946,2.2669645635330937,51.43885700933786,20.79093753549796,57.687685126401526,1.0787894373545115,0.14826114658729983,0.0730350475439728
25.2,51.837211526538496,19.17600605886899,56.55420284463498,48.89995569848584,21.81204569724804,53.926007834445585,3.0,3.71066976803456,3.86509316736801,3.41665792894442,2.937255828052656,2.6360396383790494,2.628195010189394,50.36858361251217,20.494025878058515,55.24010533954028,0.8084793815485602,0.7106697680345602,0.2368899225992234
25.3,51.837211526538496,19.17600605886899,56.55420284463498,47.12852115256821,29.03218722809109,55.222864636001844,7.85,7.82029003917455,10.113660454613,8.94025491407122,4.708690373970285,9.8561811692221,1.3313382086331345,49.482866339553354,24.10409664348004,55.88853374031841,1.0037990866927982,0.029709960825449855,0.0037847083849254963
25.4,51.837211526538496,19.17600605886899,56.55420284463498,46.949428006600115,21.757136176178804,51.45240792750092,4.76,5.72790044120528,6.13261449222391,5.42109724725847,4.887783519938381,2.581130117309815,5.1017949171340575,49.393319766569306,20.4665711175239,54.00330538606795,0.8310200304681566,0.9679004412052805,0.20334042878192018
25.5,51.837211526538496,19.17600605886899,56.55420284463498,49.62664179578023,22.37395280226906,56.7074906243502,3.3,2.94878419692132,4.25160248410481,3.75832372183886,2.210569730758266,3.1979467434000703,0.153287779715221,50.73192666115936,20.774979430569026,56.63084673449259,1.1191052917084476,0.35121580307867983,0.10642903120371237
25.6,51.837211526538496,19.17600605886899,56.55420284463498,57.207769094673594,6.790901930259663,61.72226456574563,10.66,10.0687448927576,13.7339643880477,12.1405245075158,5.370557568135098,12.385104128609326,5.168061721110654,54.522490310606045,12.983453994564325,59.1382337051903,1.0587218280412451,0.5912551072424002,0.055464831818661846
25.7,51.837211526538496,19.17600605886899,56.55420284463498,55.304158398936536,8.839084820405574,60.591115605085676,9.1,7.96484285871362,11.7241159410163,10.3638623844647,3.46694687239804,10.336921238463415,4.036912760450697,53.570684962737516,14.007545439637282,58.57265922486033,1.1425209712583324,1.1351571412863795,0.12474254298479527
25.8,51.837211526538496,19.17600605886899,56.55420284463498,53.24168620292727,7.189115400262624,54.881720971472205,9.04,7.75502207775604,11.6468140776689,10.2955292258858,1.404474676388773,11.986890658606365,1.6724818731627735,52.53944886473288,13.182560729565807,55.717961908053596,1.165696229900364,1.284977922243959,0.14214357545374065
25.9,51.837211526538496,19.17600605886899,56.55420284463498,51.12016772503112,24.33091524789438,59.39803918023738,4.25,2.83554781194116,5.47554865377135,4.84026539933792,0.7170438015073728,5.154909189025393,2.843836335602404,51.47868962578481,21.753460653381687,57.97612101243618,1.4988285440306877,1.4144521880588399,0.3328122794649477
25.10,51.837211526538496,19.17600605886899,56.55420284463498,57.995270347862956,7.112420152092069,63.8752733829222,9.31,10.5365298667367,11.9946724627321,10.6030284394908,6.15805882132446,12.06358590677692,7.321070538287223,54.916240937200726,13.144213105480528,60.214738113778594,0.883592617006441,1.2265298667366995,0.13174327246025308
25.11,51.837211526538496,19.17600605886899,56.55420284463498,53.51066527281195,8.759506365685565,55.77864299111182,7.16,6.86202846546539,9.22468902611833,8.15442359041401,1.6734537462734522,10.416499693183424,0.7755598535231556,52.67393839967522,13.967756212277276,56.166422917873405,1.0434232435774335,0.2979715345346099,0.04161613610237343
25.12,51.837211526538496,19.17600605886899,56.55420284463498,59.71009621060445,5.383159220415045,66.95095035451752,9.89,12.6121869907701,12.7419238084232,11.2635823057534,7.872884684065951,13.792846838453944,10.396747509882537,55.77365386857147,12.279582639642017,61.752576599576244,0.7841621763500316,2.7221869907700995,0.27524640955458574
25.13,51.837211526538496,19.17600605886899,56.55420284463498,56.96854433864539,8.243600186996824,61.22531699981165,9.12,9.12046474864305,11.7498832287988,10.386640103991,5.131332812106891,10.932405871872165,4.671114155176674,54.40287793259194,13.709803122932907,58.88975992222332,0.9999490432060418,0.0004647486430506831,5.0959281030671476e-05
25.14,51.837211526538496,19.17600605886899,56.55420284463498,50.91104824762746,20.40109132977208,58.08405477125071,1.94,1.13035453037012,2.49942691489798,2.20943879405072,0.9261632789110337,1.2250852709030902,1.5298519266157342,51.37412988708298,19.788548694320532,57.319128807942846,1.7162756871054397,0.80964546962988,0.4173430253672871
25.15,51.837211526538496,19.17600605886899,56.55420284463498,48.82032604278662,25.396098376109677,55.916194744627305,6.93,4.96619741970791,8.92836521662011,7.8924798158616,3.016885483751878,6.220092317240688,0.6380081000076743,50.32876878466256,22.286052217489335,56.235198794631145,1.3954338526904873,1.9638025802920893,0.2833769956722529
25.16,51.837211526538496,19.17600605886899,56.55420284463498,49.94522423124499,27.740136359186263,59.39641207147803,4.66,5.04828034103239,6.00377805331165,5.30720864962699,1.8919872952935037,8.564130300317274,2.842209226843053,50.891217878891744,23.458071209027626,57.975307458056506,0.9230866125243608,0.38828034103238984,0.08332196157705318
25.17,51.837211526538496,19.17600605886899,56.55420284463498,46.79024046133839,21.569936143776058,51.06702717804349,4.93,5.87534322677959,6.35163643837477,5.61470786323199,5.046971065200104,2.393930084907069,5.48717566659149,49.31372599393845,20.372971101322523,53.81061501133924,0.8390999144850207,0.94534322677959,0.19175318997724886
25.18,51.837211526538496,19.17600605886899,56.55420284463498,50.472920338266405,29.691921094565643,60.64813778002711,8.27,5.74785143967892,10.6547734980445,9.41858702412344,1.364291188272091,10.515915035696654,4.093934935392134,51.15506593240245,24.433963576717318,58.60117031233105,1.4387984945942114,2.52214856032108,0.3049756420817538
25.19,51.837211526538496,19.17600605886899,56.55420284463498,45.44734931780712,21.841622890035495,46.76463376779388,6.22,7.90143746517267,8.01362650034301,7.08387077267809,6.38986220873138,2.6656168311665063,9.789569076841097,48.6422804221728,20.508814474452244,51.659418306214434,0.7871985352828298,1.68143746517267,0.27032756670455665
25.20,51.837211526538496,19.17600605886899,56.55420284463498,51.608145208980304,18.188242394522767,57.69470120161944,1.66,0.902528883548681,2.13868488594363,1.89055072068258,0.22906631755819262,0.9877636643462218,1.140498356984459,51.7226783677594,18.682124226695876,57.124452023127205,1.8392763139432378,0.7574711164513189,0.45630790120181386
25.21,51.837211526538496,19.17600605886899,56.55420284463498,44.6617303617274,32.332164225776175,51.745628821833456,11.37,11.5051323798273,14.6487031043248,12.9491335506993,7.175481164811096,13.156158166907186,4.808574022801523,48.24947094413295,25.75408514232258,54.14991583323422,0.9882546000902613,0.13513237982730075,0.011884993827213348
25.22,51.837211526538496,19.17600605886899,56.55420284463498,59.23150474070954,5.888392313359192,65.84672276520547,11.72,11.9992887611543,15.0996306405177,13.3477436424095,7.394293214171043,13.287613745509796,9.292519920570491,55.53435813362402,12.532199186114092,61.20046280492022,0.976724556955811,0.2792887611542998,0.023830099072565673
25.23,51.837211526538496,19.17600605886899,56.55420284463498,54.995243753702795,11.044917394573472,60.30895872617377,7.36,6.55435334345006,9.48236190394286,8.38220078567697,3.1580322271642984,8.131088664295516,3.7547558815387916,53.416227640120646,15.11046172672123,58.43158078540438,1.1229177942065218,0.80564665654994,0.10946286092941265
25.24,51.837211526538496,19.17600605886899,56.55420284463498,52.514504099192024,10.791333274852487,55.752418027628096,4.67,5.34998890626417,6.01666169720287,5.31859750939014,0.6772925726535277,8.384672784016502,0.8017848170068831,52.17585781286526,14.983669666860738,56.153310436131534,0.8728990061379591,0.6799889062641702,0.14560790280911398
25.25,51.837211526538496,19.17600605886899,56.55420284463498,55.53336184139761,8.655174296691992,61.32603892966891,8.05,8.25893103794773,10.3713333324375,9.16803210933419,3.6961503148591106,10.520831762176996,4.771836085033932,53.68528668396805,13.91559017778049,58.94012088715195,0.974702411490973,0.20893103794773005,0.02595416620146284
25.26,51.837211526538496,19.17600605886899,56.55420284463498,53.78961981522305,2.2917514585206744,53.496252447312045,8.35,11.0441953220949,10.7578426491743,9.50969790222863,1.952408288684552,16.884254600348314,3.0579503973229336,52.81341567088077,10.733878758694832,55.025227645973516,0.7560532710372321,2.6941953220949006,0.32265812236793323
25.27,51.837211526538496,19.17600605886899,56.55420284463498,54.32763877667141,9.449392014709346,59.7208690672313,6.2,7.13579644129093,7.98785921256056,7.06109305315179,2.4904272501329103,9.726614044159643,3.1666662225963194,53.08242515160495,14.312699036789168,58.13753595593314,0.8688588653195249,0.9357964412909299,0.1509349098612895
25.28,51.837211526538496,19.17600605886899,56.55420284463498,54.10844033841278,12.614364428957249,59.3191319125718,4.57,5.14497966264515,5.88782525829061,5.20470891175866,2.2712288118742805,6.56164162991174,2.7649290679368193,52.97282593247564,15.895185243913119,57.93666737860339,0.8882445216046231,0.5749796626451493,0.125816118713202
25.29,51.837211526538496,19.17600605886899,56.55420284463498,47.05887291399722,27.955009406744114,53.92601813756465,8.83,7.61703555935202,11.3762575559532,10.0563631708597,4.778338612541276,8.779003347875125,2.628184707070332,49.44804222026786,23.56550773280655,55.24011049109981,1.1592436361938059,1.2129644406479798,0.1373685663092425
25.30,51.837211526538496,19.17600605886899,56.55420284463498,57.995270347862956,3.6845537746795776,62.050837944304604,11.17,12.1491396844568,14.3910302265002,12.7213563554364,6.15805882132446,15.49145228418941,5.496635099669625,54.916240937200726,11.430279916774284,59.302520394469795,0.9194066649320951,0.9791396844568006,0.08765798427655708
25.31,51.837211526538496,19.17600605886899,56.55420284463498,51.000670636441626,26.954343014182758,60.009619533314094,6.69,4.23612368110752,8.61915776323067,7.61914718154605,0.8365408900968703,7.778336955313769,3.455416688679115,51.41894108149006,23.065174536525873,58.28191118897453,1.5792740019034688,2.4538763188924806,0.3667976559829122
25.32,51.837211526538496,19.17600605886899,56.55420284463498,50.56253368803871,19.07462900030804,55.52564812188695,1.74,1.30741746106566,2.24175403707345,1.98166159878776,1.2746778384997839,0.10137705856094925,1.0285547227480265,51.199872607288604,19.125317529588514,56.039925483260966,1.3308679518865223,0.43258253893434007,0.24861065441708585
25.33,51.837211526538496,19.17600605886899,56.55420284463498,50.214043135108554,29.074766840713306,59.63691863192708,6.38,5.63329211609954,8.21976480260264,7.26609252888846,1.6231683914299424,9.898760781844317,3.082715787292102,51.025627330823525,24.125386449791147,58.09556073828103,1.1325526650098388,0.7467078839004602,0.11703885325758955
25.34,51.837211526538496,19.17600605886899,56.55420284463498,45.77556951257575,21.778460191120896,48.103081266932904,6.31,7.33489076289242,8.12957929536405,7.18637051054642,6.0616420139627465,2.602454132251907,8.451121577702075,48.80639051955713,20.477233124994942,52.328642055783945,0.8602718435920456,1.0248907628924204,0.16242325875277294
25.35,51.837211526538496,19.17600605886899,56.55420284463498,59.08194963561259,1.9394997906485023,63.3093550194987,11.23,13.6870462480239,14.4683320898476,12.7896895140153,7.244738109074092,17.236506268220488,6.755152174863724,55.45958058107554,10.557752924758745,59.93177893206684,0.8204838206637077,2.4570462480239,0.21879307638513865
25.36,51.837211526538496,19.17600605886899,56.55420284463498,43.91605128443584,34.97684683902158,49.9528270930611,10.84,13.531984234528,13.9658699780898,12.3455239832525,7.921160242102658,15.800840780152594,6.601375751573876,47.87663140548717,27.076426448945284,53.25351496884804,0.8010650774732474,2.6919842345280003,0.24833802899258878
25.37,51.837211526538496,19.17600605886899,56.55420284463498,54.81588068129345,10.109547641940997,60.519015635305514,7.07,7.03623640749723,9.10873623109728,8.05192385254567,2.9786691547549538,9.066458416927992,3.9648127906705355,53.32654610391597,14.642776850404992,58.53660923997025,1.0047985300013507,0.033763592502769946,0.00477561421470924
25.38,51.837211526538496,19.17600605886899,56.55420284463498,53.211799392433605,5.754189647592778,54.50571068002114,6.16,8.67862385815546,7.93632463699565,7.0155376140992,1.3745878658951085,13.421816411276211,2.0484921646138403,52.52450545948605,12.465097853230883,55.529956762328055,0.7097899505693575,2.5186238581554594,0.4088675093744467
25.39,51.837211526538496,19.17600605886899,56.55420284463498,58.52363794755156,6.296720587933735,65.17174307667321,7.19,11.363070648048,9.26333995779201,8.18859016970345,6.686426421013067,12.879285470935255,8.61754023203823,55.18042473704503,12.736363323401362,60.86297296065409,0.6327515001943933,4.173070648047999,0.580399255558776
25.40,51.837211526538496,19.17600605886899,56.55420284463498,51.96668821415584,18.039570578416985,58.43059495541391,1.36,1.15948392475623,1.75217556920683,1.54888492778814,0.1294766876173412,1.136435480452004,1.87639211077893,51.90194987034717,18.60778831864299,57.49239890002444,1.1729356222967824,0.20051607524377002,0.1474382905120086
25.41,51.837211526538496,19.17600605886899,56.55420284463498,49.47731332491654,24.17370555969278,56.663154168951216,4.57,3.86040253005822,5.88782525829061,5.20470891175866,2.3598982016219594,4.997699500823792,0.10895132431623722,50.65726242572752,21.674855809280885,56.6086785067931,1.1838143725253605,0.7095974699417802,0.15527296931871054
25.42,51.837211526538496,19.17600605886899,56.55420284463498,47.84496990399712,21.419384412815212,52.373612090368326,4.66,4.71591878531339,6.00377805331165,5.30720864962699,3.9922416225413784,2.2433783539462233,4.180590754266653,49.84109071526781,20.2976952358421,54.463907467501656,0.9881425467979479,0.05591878531338956,0.011999739335062194
25.43,51.837211526538496,19.17600605886899,56.55420284463498,53.34130700065029,12.925995042406324,56.79072561262293,5.03,4.30013432917299,6.48047287728704,5.72859646086347,1.504095474111793,6.250011016462665,0.23652276798794958,52.58925926359439,16.051000550637657,56.672464228628954,1.1697308999641527,0.7298656708270101,0.14510251902224802
25.44,51.837211526538496,19.17600605886899,56.55420284463498,56.07152165176318,8.363109363530352,60.92273271683444,6.1,8.5979618454512,7.85902277364829,6.94720445552031,4.234310125224681,10.812896695338637,4.36852987219946,53.95436658915084,13.76955771119967,58.73846778073471,0.709470466249832,2.4979618454512007,0.40950194181011457
25.45,51.837211526538496,19.17600605886899,56.55420284463498,48.72079002266182,26.434045905750715,56.241537268137165,6.56,5.46880247427377,8.45167039264472,7.47109200462512,3.11642150387668,7.258039846881726,0.3126655764978139,50.279000774600156,22.80502598230985,56.39787005638607,1.1995313470654476,1.0911975257262299,0.1663410862133977
25.46,51.837211526538496,19.17600605886899,56.55420284463498,48.7705572063536,20.593139704488227,53.91717783232889,3.02,3.44365034077759,3.89086045515047,3.43943564847071,3.0666543201848953,1.4171336456192378,2.63702501230609,50.30388436644605,19.884572881678608,55.23569033848193,0.8769763768876417,0.42365034077759,0.14028156974745312
25.47,51.837211526538496,19.17600605886899,56.55420284463498,50.92100627315486,25.51047719334837,59.35723367053727,5.99,3.53913649407773,7.7173026908448,6.82192699812569,0.9162052533836373,6.334471134479379,2.8030308259022902,51.37910889984668,22.34324162610868,57.95571825758613,1.6925032443170696,2.4508635059222703,0.4091591828903357
25.48,51.837211526538496,19.17600605886899,56.55420284463498,53.70991783617717,6.2840486651117855,54.84849477084962,6.87,8.44225706639029,8.85106335327275,7.82414665728271,1.872706309638673,12.891957393757203,1.7057080737853596,52.77356468135783,12.730027361990388,55.7013488077423,0.8137634219332871,1.5722570663902902,0.2288583793539202
26.1,20.043897069064762,31.985572334525926,20.26111766567224,17.54930512779356,33.417227861624795,20.605687678375737,2.19,1.80919015400069,2.82151801217865,2.49416028812942,2.494591941271203,1.4316555270988687,0.3445700127034961,18.79660109842916,32.70140009807536,20.433402672023988,1.21048635708454,0.3808098459993099,0.17388577434950872
26.2,20.043897069064762,31.985572334525926,20.26111766567224,18.626064388452576,26.521074782790784,17.926193312456878,3.42,2.60157989212249,4.40620621079954,3.89499003899663,1.417832680612186,5.464497551735143,2.3349243532153636,19.33498072875867,29.253323558658355,19.09365548906456,1.3145858057409947,0.8184201078775097,0.239304125040411
26.3,20.043897069064762,31.985572334525926,20.26111766567224,17.180652810517174,37.61139627748883,21.860882154223056,4.23,2.98381907437753,5.4497813659889,4.81748767981163,2.8632442585475886,5.625823942962903,1.5997644885508144,18.612274939790968,34.79848430600738,21.060999909947647,1.4176462758435835,1.2461809256224705,0.29460541969925885
26.4,20.043897069064762,31.985572334525926,20.26111766567224,18.670258528171267,40.395070148757206,22.978806121914648,4.5,3.39464241009708,5.79763975105202,5.12498689341662,1.373638540893495,8.40949781423128,2.7176884562424064,19.357077798618015,36.19032124164157,21.619961893793445,1.3256182699213053,1.10535758990292,0.2456350199238411
26.5,20.043897069064762,31.985572334525926,20.26111766567224,17.916742398828077,36.09141550978015,21.946657696783355,3.65,2.19684114841779,4.70253002029775,4.15693381354904,2.127154670236685,4.105843175254222,1.6855400311111133,18.98031973394642,34.03849392215304,21.103887681227796,1.661476525495404,1.4531588515822098,0.3981257126531737
26.6,20.043897069064762,31.985572334525926,20.26111766567224,17.738739781508926,38.25278288087974,22.40482187686045,5.12,2.93120932890169,6.59642567230808,5.8310961987318,2.3051572875558364,6.267210546353816,2.143704211188208,18.891318425286844,35.11917760770284,21.332969771266345,1.7467193310863678,2.1887906710983103,0.42749817786539296
26.7,20.043897069064762,31.985572334525926,20.26111766567224,17.649634022297484,39.92435428326663,22.007635177161312,5.56,3.57395632050205,7.16330600352205,6.33220602831032,2.3942630467672785,7.938781948740704,1.7465175114890705,18.846765545681123,35.95496330889628,21.134376421416775,1.5556989229413027,1.9860436794979495,0.35720210056488266
26.8,20.043897069064762,31.985572334525926,20.26111766567224,17.738739781508926,34.598607413544535,21.12667577875037,3.0,1.90454223427858,3.86509316736801,3.41665792894442,2.3051572875558364,2.6130350790186085,0.86555811307813,18.891318425286844,33.29208987403523,20.693896722211306,1.5751816601542499,1.09545776572142,0.3651525884520891
26.9,20.043897069064762,31.985572334525926,20.26111766567224,18.626064388452576,26.90004678682162,17.57076563258228,3.02,2.47040460870387,3.89086045515047,3.43943564847071,1.417832680612186,5.085525547704307,2.6903520330899617,19.33498072875867,29.442809560673773,18.915941649127262,1.22247181216279,0.5495953912961302,0.18198522884574336
26.10,20.043897069064762,31.985572334525926,20.26111766567224,19.759324386537052,26.476532603217834,20.09767883560994,3.47,2.80934067538336,4.47062443025567,3.95193433781238,0.28457268252770973,5.509039731308093,0.16343883006230087,19.901610727800907,29.23105246887188,20.179398250641093,1.2351652575176992,0.6606593246166401,0.1903917361458929
26.11,20.043897069064762,31.985572334525926,20.26111766567224,22.474083914774887,26.33892646262842,22.510531413303646,5.09,4.24885516732166,6.5577747406344,5.79692961944236,2.430186845710125,5.646645871897505,2.2494137476314044,21.258990491919825,29.162249398577174,21.385824539487942,1.1979697585245297,0.8411448326783395,0.1652543875271287
26.12,20.043897069064762,31.985572334525926,20.26111766567224,24.50990416095135,25.85574075074487,26.001990462265457,6.41,6.74728645216625,8.25841573427632,7.3002591081779,4.466007091886588,6.129831583781055,5.740872796593216,22.276900615008056,28.9206565426354,23.13155406396885,0.9500115408605523,0.33728645216625,0.05261879128137772
26.13,20.043897069064762,31.985572334525926,20.26111766567224,26.960227587289154,24.35293218502485,29.57681824162378,5.31,9.94792152126898,6.84121490624138,6.04748453423162,6.916330518224392,7.632640149501075,9.315700575951539,23.502062328176958,28.16925225977539,24.91896795364801,0.533779844172802,4.637921521268981,0.8734315480970904
26.14,20.043897069064762,31.985572334525926,20.26111766567224,23.96544147116733,25.616103279217622,25.2704150495659,5.17,6.32966704498573,6.66084389176421,5.88804049754754,3.921544402102569,6.369469055308304,5.00929738389366,22.004669270116047,28.800837806871776,22.76576635761907,0.816788618175234,1.1596670449857305,0.224306971907432
26.15,20.043897069064762,31.985572334525926,20.26111766567224,25.82824725231613,24.57401283436797,27.74841230765066,5.2,8.59939439147092,6.69949482343789,5.92220707683699,5.7843501832513695,7.411559500157956,7.487294641978419,22.936072160690447,28.279792584446948,24.00476498666145,0.6046937450098565,3.3993943914709197,0.6537296905417673
26.16,20.043897069064762,31.985572334525926,20.26111766567224,21.469516896160783,26.059075824188092,21.466812379361418,4.57,3.69860182985999,5.88782525829061,5.20470891175866,1.4256198270960212,5.926496510337834,1.2056947136891765,20.756706982612773,29.02232407935701,20.86396502251683,1.2356020488254056,0.8713981701400102,0.19067793653158255
26.17,20.043897069064762,31.985572334525926,20.26111766567224,14.951107569722584,29.387204248461114,15.078829522375269,4.76,4.49544291079841,6.13261449222391,5.42109724725847,5.092789499342178,2.598368086064813,5.182288143296972,17.497502319393675,30.68638829149352,17.669973594023755,1.0588500606930749,0.26455708920159005,0.055579220408825805
26.18,20.043897069064762,31.985572334525926,20.26111766567224,13.762206775503433,28.178562829752423,12.33962209913505,5.74,6.20136959677271,7.39521159356413,6.53720550404698,6.281690293561329,3.8070095047735037,7.921495566537191,16.9030519222841,30.082067582139175,16.300369882403647,0.9256019834814528,0.46136959677270983,0.08037797851782784
26.19,20.043897069064762,31.985572334525926,20.26111766567224,13.04906382426105,27.6671340743298,10.3307704480751,4.72,7.46403897446389,6.08107991665901,5.37554180820588,6.994833244803711,4.318438260196125,9.930347217597141,16.546480446662905,29.826353204427864,15.29594405687367,0.6323654010269488,2.7440389744638907,0.5813641893818913
26.20,20.043897069064762,31.985572334525926,20.26111766567224,16.304102193438908,29.919475764936752,17.130013780434428,3.84,3.06088887035325,4.94731925423106,4.37332214904885,3.7397948756258543,2.066096569589174,3.1311038852378132,18.173999631251835,30.952524049731338,18.695565723053335,1.2545375416724283,0.7791111296467497,0.20289352329267088
26.21,20.043897069064762,31.985572334525926,20.26111766567224,15.487921313700042,29.368523298644924,15.98829820365154,4.3,3.8803155424702,5.53996687322749,4.89720969815366,4.55597575536472,2.617049035881003,4.272819462020701,17.765909191382402,30.677047816585425,18.124707934661892,1.108157301082394,0.4196844575298,0.0976010366121393
26.22,20.043897069064762,31.985572334525926,20.26111766567224,14.675666952128118,28.95714417062259,14.542788691059394,4.69,4.83521993306236,6.04242898498533,5.34137522891644,5.368230116936644,3.0284281639033352,5.718328974612847,17.35978201059644,30.47135825257426,17.40195317836582,0.9699662195220246,0.1452199330623598,0.03096373838622517
26.23,20.043897069064762,31.985572334525926,20.26111766567224,18.670258528171267,26.38328971756862,17.05813313577621,3.38,2.71750555358412,4.35467163523463,3.84943459994404,1.373638540893495,5.602282616957307,3.2029845298960318,19.357077798618015,29.18443102604727,18.659625400724224,1.2437877060815306,0.66249444641588,0.196004274029549
26.24,20.043897069064762,31.985572334525926,20.26111766567224,17.54930512779356,30.859025783395168,18.35215589008602,2.9,1.99132050413505,3.73625672845575,3.30276933131294,2.494591941271203,1.1265465511307582,1.9089617755862207,18.79660109842916,31.422299058960547,19.30663677787913,1.456320061246657,0.90867949586495,0.31333775708676287
26.25,20.043897069064762,31.985572334525926,20.26111766567224,17.035076978742623,18.722921468314972,11.538281886186663,5.56,7.17879609341888,7.16330600352205,6.33220602831032,3.008820090322139,13.262650866210954,8.722835779485578,18.539487023903693,25.35424690142045,15.899699775929452,0.7745031237650829,1.6187960934188803,0.29115037646182196
26.26,20.043897069064762,31.985572334525926,20.26111766567224,16.202465729008154,18.646783168103365,11.250075693499817,5.98,7.46501451642423,7.70441904695357,6.81053813836254,3.8414313400566087,13.338789166422561,9.011041972172425,18.123181399036458,25.316177751314648,15.755596679586029,0.8010701099163264,1.4850145164242292,0.24833018665148812
26.27,20.043897069064762,31.985572334525926,20.26111766567224,16.349240616191636,23.599698877021595,14.195536135092496,3.94,4.92966499282442,5.07615569314332,4.48721074668033,3.694656452873126,8.385873457504331,6.065581530579745,18.1965688426282,27.79263560577376,17.22832690038237,0.799242951587134,0.9896649928244199,0.25118400826731874
26.28,20.043897069064762,31.985572334525926,20.26111766567224,16.304102193438908,21.298524156224964,12.690227025955691,4.83,6.07277962286793,6.2227999994625,5.50081926560051,3.7397948756258543,10.687048178300962,7.57089063971655,18.173999631251835,26.642048245375445,16.475672345813965,0.7953524249450094,1.2427796228679302,0.257304269691641
26.29,20.043897069064762,31.985572334525926,20.26111766567224,15.794830556976411,19.86412657455189,11.367227151481224,5.96,7.08880743236257,7.67865175917112,6.78776041883624,4.249066512088351,12.121445759974037,8.893890514191018,17.91936381302059,25.924849454538908,15.814172408576733,0.8407620119499958,1.1288074323625699,0.189397220163284
26.30,20.043897069064762,31.985572334525926,20.26111766567224,16.99024339620088,25.12947985307315,15.755148500425381,3.9,3.88607374761838,5.02462111757842,4.44165530762774,3.053653672863881,6.856092481452777,4.50596916524686,18.517070232632822,28.557526093799538,18.00813308304881,1.0035836302351624,0.013926252381619708,0.003570833943089455
26.31,20.043897069064762,31.985572334525926,20.26111766567224,18.758603219907478,26.69761158092973,17.848212486777506,3.45,2.49616155658609,4.44485714247322,3.92915661828608,1.2852938491572843,5.287960753596195,2.4129051788947358,19.40125014448612,29.34159195772783,19.05466507622487,1.382122078402777,0.9538384434139102,0.27647491105432903
26.32,20.043897069064762,31.985572334525926,20.26111766567224,17.079889047955007,27.030566112882013,17.036446350466218,3.16,3.07190014342484,4.07123146962764,3.59887968515479,2.9640080211097555,4.955006221643913,3.224671315206024,18.561893058509884,29.50806922370397,18.64878200806923,1.0286792706250727,0.08809985657516028,0.02787970143901284
26.33,20.043897069064762,31.985572334525926,20.26111766567224,19.17740760818704,27.023720438402286,17.973972953735913,2.83,2.2639768892873,3.64607122121716,3.2230473129709,0.8664894608777232,4.96185189612364,2.287144711936328,19.6106523386259,29.504646386464106,19.117545309704077,1.2500127594680843,0.5660231107127003,0.2000081662589018
26.34,20.043897069064762,31.985572334525926,20.26111766567224,19.430242047334644,27.816580036844258,19.131808838151375,2.71,1.90150684339885,3.49146749452244,3.08638099581312,0.6136550217301178,4.168992297681669,1.129308827520866,19.737069558199703,29.901076185685092,19.69646325191181,1.42518550905177,0.80849315660115,0.29833695804531846
26.35,20.043897069064762,31.985572334525926,20.26111766567224,19.715489604284038,25.473008525159184,18.309152121416854,3.56,2.95887514538947,4.58657722527671,4.05443407568071,0.32840746478072447,6.512563809366743,1.951965544255387,19.8796933366744,28.729290429842557,19.285134893544548,1.2031599252655336,0.6011248546105299,0.16885529619148162
26.36,20.043897069064762,31.985572334525926,20.26111766567224,23.269454714884617,19.030003695153674,19.28159463362983,6.16,7.40083424484829,7.93632463699565,7.0155376140992,3.2255576458198547,12.955568639372252,0.9795230320424118,21.65667589197469,25.5077880148398,19.771356149651034,0.8323385979703071,1.2408342448482896,0.20143413062448953
26.37,20.043897069064762,31.985572334525926,20.26111766567224,21.361142702340928,20.889608331648603,18.536333552480226,5.9,5.70361738628671,7.60134989582376,6.71942726025735,1.3172456332761655,11.095964002877324,1.7247841131920154,20.702519885702845,26.437590333087265,19.398725609076234,1.0344312388750032,0.1963826137132907,0.033285188759322966
26.38,20.043897069064762,31.985572334525926,20.26111766567224,20.480610739877676,23.857110790874074,19.1273534818124,4.29,4.01410498369264,5.52708322933626,4.88582083839052,0.4367136708129138,8.128461543651852,1.1337641838598422,20.26225390447122,27.9213415627,19.69423557374232,1.0687313900257855,0.27589501630736013,0.0643111925974473
26.39,20.043897069064762,31.985572334525926,20.26111766567224,23.033340204790093,16.32639800414276,19.46710474150897,7.21,9.21486848635936,9.28910724557446,8.21136788922975,2.989443135725331,15.659174330383166,0.7940129241632725,21.538618636927428,24.155985169334343,19.864111203590603,0.7824311339755342,2.004868486359361,0.2780677511901932
26.40,20.043897069064762,31.985572334525926,20.26111766567224,24.029566515078322,14.363671171478826,20.074828327610028,7.32,10.9980668521321,9.43082732837795,8.33664534662438,3.98566944601356,17.6219011630471,0.18628933806221326,22.036731792071542,23.174621753002377,20.167972996641133,0.6655715134078644,3.6780668521320994,0.502468149129731
26.41,20.043897069064762,31.985572334525926,20.26111766567224,19.803141260103693,35.782435305526576,23.616029877553107,3.51,1.8605040353152,4.52215900582058,3.99748977686497,0.24075580896106885,3.7968629710006496,3.3549122118808654,19.923519164584228,33.88400382002625,21.938573771612674,1.8865855335372934,1.6494959646847998,0.46994187014668315
26.42,20.043897069064762,31.985572334525926,20.26111766567224,21.869881013282054,42.86087749194228,29.55959623596445,5.74,5.00253161514044,7.39521159356413,6.53720550404698,1.8259839442172918,10.875305157416356,9.298478570292207,20.956889041173408,37.42322491323411,24.910356950818347,1.1474190350901834,0.73746838485956,0.12847881267092007
26.43,20.043897069064762,31.985572334525926,20.26111766567224,21.469516896160783,41.50011149314284,28.398464495097997,5.06,4.40467467926783,6.51912380896072,5.76276304015291,1.4256198270960212,9.514539158616913,8.137346829425756,20.756706982612773,36.74284191383438,24.32979108038512,1.1487795052533418,0.6553253207321692,0.12951093292542654
26.44,20.043897069064762,31.985572334525926,20.26111766567224,21.39366252550844,40.450604248060046,27.890445178985026,4.43,4.08394991365612,5.70745424381343,5.04526487507459,1.3497654564436772,8.46503191353412,7.629327513312784,20.7187797972866,36.218088291292986,24.07578142232863,1.0847341648588797,0.34605008634387957,0.0781151436265834
26.45,20.043897069064762,31.985572334525926,20.26111766567224,20.513312300889588,38.09132795307254,25.841456385360072,3.98,2.98260416855037,5.12769026870823,4.53276618573293,0.4694152318248257,6.105755618546617,5.5803387196878305,20.278604684977175,35.03845014379924,23.051287025516157,1.334404357317045,0.9973958314496301,0.25060196763794673
26.46,20.043897069064762,31.985572334525926,20.26111766567224,19.144391515599388,34.03927657921935,22.154756579257306,1.54,1.2189188413101,1.98408115924891,1.7538844035248,0.8995055534653744,2.053704244693421,1.8936389135850646,19.594144292332075,33.01242445687264,21.207937122464774,1.2634147135517124,0.32108115868990006,0.20849425875415958
26.47,20.043897069064762,31.985572334525926,20.26111766567224,18.449122849967033,26.875955760706283,17.946831683594137,3.24,2.50279419415783,4.17430062075745,3.68999056325997,1.5947742190977294,5.109616573819643,2.314285982078104,19.246509959515897,29.430764047616105,19.10397467463319,1.294553106391427,0.7372058058421702,0.22753265605390047
26.48,20.043897069064762,31.985572334525926,20.26111766567224,22.226178049823403,44.20169368466315,30.958483784927292,6.07,5.64048437487035,7.82037184197461,6.91303787623087,2.182280980758641,12.216121350137222,10.69736611925505,21.135037559444083,38.09363300959454,25.609800725299767,1.0761487126827427,0.4295156251296506,0.0707603995154679
27.1,39.5804703419283,52.78257622298044,43.05845295925575,35.96906112310342,55.15763204492577,36.372079595539944,6.08,4.98970512098951,7.83325548586584,6.92442673599402,3.6114092188248748,2.375055821945331,6.686373363715809,37.77476573251586,53.9701041339531,39.715266277397845,1.218508880054973,1.0902948790104903,0.17932481559723115
27.2,39.5804703419283,52.78257622298044,43.05845295925575,45.40481712808785,46.236909105227596,47.06287573209088,6.96,6.87878837366361,8.96701614829379,7.92664639515105,5.824346786159552,6.545667117752842,4.004422772835127,42.49264373500807,49.50974266410402,45.06066434567332,1.0118060944621459,0.08121162633638956,0.011668337115620866
27.3,39.5804703419283,52.78257622298044,43.05845295925575,36.801900310546536,54.51572866866361,42.607745242265665,4.31,2.53528062323278,5.55285051711871,4.90859855791681,2.7785700313817614,1.7331524456831744,0.45070771699008816,38.19118532623742,53.649152445822025,42.833099100760705,1.7000090478363834,1.7747193767672198,0.4117678367414042
27.4,39.5804703419283,52.78257622298044,43.05845295925575,48.30054823465544,43.0676972808629,51.65424656677071,10.17,11.168225635017,13.1026658373776,11.5824703791216,8.72007789272714,9.714878942117537,8.595793607514956,43.940509288291864,47.92513675192167,47.35634976301323,0.9106191378514265,0.9982256350170005,0.09815394640303308
27.5,39.5804703419283,52.78257622298044,43.05845295925575,41.5959289179658,49.89598911123802,41.77018948599825,3.78,2.0049394893156,4.8700173908837,4.30498899046996,2.015458576037503,2.886587111742415,1.2882634732575013,40.58819962994705,51.33928266710923,42.414321222627,1.8853436815716496,1.7750605106844,0.4695927275700548
27.6,39.5804703419283,52.78257622298044,43.05845295925575,48.84153511217829,42.13078990300606,48.51737027593275,8.66,11.0280280679214,11.1572356098023,9.86275255488621,9.261064770249995,10.651786319974377,5.458917316676995,44.2110027270533,47.45668306299325,45.78791161759425,0.7852718496795588,2.368028067921399,0.2734443496129278
27.7,39.5804703419283,52.78257622298044,43.05845295925575,47.759536038881926,43.68469583136658,50.12493457368339,9.36,10.1648549938572,12.0590906821882,10.6599727383066,8.179065696953629,9.097880391613856,7.066481614427637,43.67000319040511,48.23363602717351,46.591693766469575,0.9208198252444911,0.8048549938571998,0.08598878138581315
27.8,39.5804703419283,52.78257622298044,43.05845295925575,34.3832642080149,55.83960528889712,41.7616546630685,6.84,4.70648578713566,8.81241242159907,7.78998007799327,5.197206133913397,3.05702906591668,1.296798296187255,36.9818672749716,54.31109075593878,42.41005381116213,1.4533136416225048,2.1335142128643403,0.31191728253690393
27.9,39.5804703419283,52.78257622298044,43.05845295925575,42.187423513146655,49.252693912472836,44.2061130867936,4.71,3.00776269893812,6.06819627276778,5.36415294844273,2.6069531712183576,3.5298823105076025,1.147660127537847,40.88394692753748,51.01763506772664,43.63228302302468,1.565948005172383,1.70223730106188,0.3614091933546647
27.10,39.5804703419283,52.78257622298044,43.05845295925575,45.22443425932226,46.43807599975619,46.27770645449124,6.38,6.48915175702983,8.21976480260264,7.26609252888846,5.643963917393961,6.344500223224252,3.2192534952354848,42.40245230062528,49.61032611136831,44.6680797068735,0.9831793488425105,0.10915175702982971,0.017108425864062898
27.11,39.5804703419283,52.78257622298044,43.05845295925575,42.95930878050557,48.39552388685209,39.96151944269868,3.97,3.32466953533896,5.114806624817,4.52137732596978,3.378838438577276,4.387052336128349,3.0969335165570726,41.269889561216935,50.589050054916264,41.50998620097722,1.1941036414619606,0.6453304646610403,0.16255175428173513
27.12,39.5804703419283,52.78257622298044,43.05845295925575,33.901394463810895,56.262391994318094,40.865883232127906,8.25,5.27277985285501,10.629006210262,9.39580930459714,5.679075878117402,3.4798157713376554,2.1925697271278466,36.740932402869596,54.522484108649266,41.96216809569183,1.564639569385454,2.9772201471449904,0.36087516930716546
27.13,39.5804703419283,52.78257622298044,43.05845295925575,42.37789495775459,48.882071644776595,40.8201014088204,4.69,2.76970005285574,6.04242898498533,5.34137522891644,2.7974246158262943,3.9005045782038437,2.238351550435354,40.97918264984145,50.83232393387851,41.939277184038076,1.6933241538089956,1.9202999471442603,0.4094456176406854
27.14,39.5804703419283,52.78257622298044,43.05845295925575,33.84115461264554,56.4183587844779,39.84735866678729,8.4,5.54166537866388,10.8222608686304,9.56664220104437,5.739315729282758,3.6357825614974644,3.2110942924684664,36.71081247728692,54.60046750372917,41.452905813021516,1.5157898257129137,2.8583346213361205,0.3402779310709336
27.15,39.5804703419283,52.78257622298044,43.05845295925575,37.68476729656044,53.74588779230602,44.66132613285022,4.9,1.72923999505379,6.31298550670109,5.58054128394255,1.8957030453678598,0.9633115693255832,1.6028731735944675,38.63261881924437,53.26423200764323,43.85988954605298,2.833614773647405,3.17076000494621,0.6470938784283911
27.16,39.5804703419283,52.78257622298044,43.05845295925575,40.59328542341418,51.02802841410459,42.17746854189014,2.29,1.04186013891111,2.95035445109092,2.6080488857609,1.0128150814858827,1.7545478088758486,0.8809844173656103,40.08687788267124,51.90530231854251,42.61796075057295,2.1979917575072787,1.24813986108889,0.5450392404121619
27.17,39.5804703419283,52.78257622298044,43.05845295925575,36.691531543159414,54.53317904264235,39.53326483116562,5.33,3.32939272068838,6.86698219402384,6.07026225375791,2.8889387987688835,1.7506028196619141,3.525188128090136,38.13600094254386,53.65787763281139,41.295858895210685,1.6008925487459722,2.00060727931162,0.3753484575865425
27.18,39.5804703419283,52.78257622298044,43.05845295925575,41.014412818295924,50.94293251759019,44.83634749419385,3.54,1.94735996289894,4.56080993749426,4.03165635615441,1.4339424763676263,1.8396437053902517,1.777894534938099,40.29744158011211,51.862754370285316,43.9474002267248,1.8178457324922757,1.59264003710106,0.44989831543818126
27.19,39.5804703419283,52.78257622298044,43.05845295925575,35.989131074947366,54.906863960603566,37.52068288290682,7.07,4.50113555206006,9.10873623109728,8.05192385254567,3.591339266980931,2.1242877376231277,5.537770076348934,37.78480070843783,53.844720091792,40.289567921081286,1.5707147489023117,2.56886444793994,0.36334716373077686
27.20,39.5804703419283,52.78257622298044,43.05845295925575,44.86365584758177,46.869448383728084,46.25925824964838,7.01,6.09944293354342,9.03143436774992,7.98359069396679,5.283185505653471,5.913127839252354,3.20080529039263,42.22206309475503,49.82601230335426,44.65885560445207,1.149285283136228,0.9105570664565796,0.1298940180209252
27.21,39.5804703419283,52.78257622298044,43.05845295925575,38.04590107717092,53.46510606807697,41.704749962992935,3.66,1.58102658685475,4.71541366418898,4.16832267331219,1.5345692647573799,0.682529845096532,1.3537029962628182,38.81318570954961,53.1238411455287,42.38160146112435,2.3149515815329518,2.07897341314525,0.5680255225620832
27.22,39.5804703419283,52.78257622298044,43.05845295925575,47.118303382554075,44.25384926387815,46.47028779683219,7.89,8.58261168041306,10.1651950301779,8.98581035312381,7.537833040625777,8.528726959102286,3.4118348375764356,43.34938686224119,48.518212743429295,44.76437037804397,0.9193005920432105,0.6926116804130595,0.08778348293096021
27.23,39.5804703419283,52.78257622298044,43.05845295925575,46.55719350918268,44.80784264205651,47.99451374374735,7.45,8.37682765372681,9.5983146989639,8.4847005235453,6.976723167254384,7.974733580923932,4.936060784491595,43.068831925555486,48.795209432518476,45.526483351501554,0.8893581564610766,0.9268276537268099,0.12440639645669845
27.24,39.5804703419283,52.78257622298044,43.05845295925575,40.362657107499224,51.291247682275305,45.21271691875162,2.44,1.66183142077629,3.14360910945932,2.77888178220813,0.7821867655709269,1.4913285407051333,2.1542639594958644,39.97156372471376,52.036911952627875,44.135584939003685,1.4682596369443688,0.7781685792237099,0.3189215487314706
27.25,39.5804703419283,52.78257622298044,43.05845295925575,36.45072101470395,54.710219971119606,45.11191476351141,4.26,2.77062979776259,5.48843229766258,4.85165425910107,3.1297493272243457,1.9276437481391682,2.0534618042556545,38.015595678316124,53.74639809705002,44.085183861383584,1.5375565519083738,1.4893702022374096,0.3496174182835193
27.26,39.5804703419283,52.78257622298044,43.05845295925575,35.96906112310342,54.906050459607364,43.33814848373802,5.61,3.17731228941726,7.22772422297819,6.38915032712606,3.6114092188248748,2.123474236626926,0.2796955244822641,37.77476573251586,53.8443133412939,43.198300721496885,1.7656432504037138,2.4326877105827402,0.43363417293210443
27.27,39.5804703419283,52.78257622298044,43.05845295925575,44.763436520561456,46.72619079096596,47.479380378535396,6.67,6.39552685579356,8.59339047544822,7.59636946201975,5.1829661786331584,6.05638543201448,4.420927419279643,42.17195343124487,49.7543835069732,45.26891666889557,1.042916424143366,0.2744731442064401,0.041150396426580166
27.28,39.5804703419283,52.78257622298044,43.05845295925575,37.484129606018314,53.75638671771091,40.54805417489631,2.9,2.34562757365141,3.73625672845575,3.30276933131294,2.0963407359099833,0.973810494730472,2.5103987843594453,38.53229997397331,53.269481470345674,41.80325356707603,1.2363429008677889,0.5543724263485901,0.1911629055715266
27.29,39.5804703419283,52.78257622298044,43.05845295925575,38.23648915074749,53.4061998358572,43.932215637523484,2.67,1.20249413400202,3.43993291895753,3.04082555676053,1.3439811911808093,0.6236236128767629,0.873762678267731,38.90847974633789,53.09438802941882,43.49533429838962,2.2203850499408166,1.4675058659979798,0.5496276649619296
27.30,39.5804703419283,52.78257622298044,43.05845295925575,40.753718600868936,50.926723035665894,42.99303532627026,2.26,1.27980458241069,2.91170351941724,2.57388230647146,1.1732482589406388,1.855853187314544,0.06541763298549341,40.16709447139861,51.85464962932316,43.025744142763,1.7658945977338825,0.9801954175893097,0.4337147863520332
27.31,39.5804703419283,52.78257622298044,43.05845295925575,34.98552894025634,55.55116409939828,41.24441895316397,7.05,4.2942997546535,9.08296894331483,8.02914613301938,4.59494140167196,2.7685878764178398,1.8140340060917808,37.28299964109232,54.16687016118936,42.151435956209866,1.6417111988324953,2.7557002453464996,0.3908794673695915
27.32,39.5804703419283,52.78257622298044,43.05845295925575,45.615261279229365,45.770969496776004,46.96118950030586,8.29,7.13698722152462,10.6805407858269,9.44136474364974,6.034790937301068,7.011606726204434,3.9027365410501105,42.59786581057883,49.27677285987822,45.00982122978081,1.1615545525759698,1.1530127784753788,0.13908477422633223
27.33,39.5804703419283,52.78257622298044,43.05845295925575,41.09462453736589,50.46318599346708,41.81259400043159,2.26,1.51479625456099,2.91170351941724,2.57388230647146,1.514154195437591,2.3193902295133597,1.245858958824165,40.337547439647096,51.62288110822376,42.43552347984367,1.4919498194580831,0.7452037454390097,0.32973617040233344
27.34,39.5804703419283,52.78257622298044,43.05845295925575,46.196463330097664,45.4921311253611,47.85508113363869,7.11,7.87872017637578,9.16027080666219,8.09747929159827,6.615992988169367,7.29044509761934,4.796628174382938,42.88846683601298,49.13735367417077,45.456767046447226,0.9024308313952809,0.7687201763757798,0.1081181682514292
27.35,39.5804703419283,52.78257622298044,43.05845295925575,36.691531543159414,54.377254808731706,40.14817476917331,5.86,3.11345105332714,7.54981532025885,6.67387182120476,2.8889387987688835,1.594678585751268,2.910278190082444,38.13600094254386,53.57991551585607,41.60331386421453,1.882155812873836,2.7465489466728603,0.4686943594205061
27.36,39.5804703419283,52.78257622298044,43.05845295925575,43.540679655183595,48.147379796347366,45.923027297280186,5.77,4.70844002326097,7.43386252523781,6.57137208333643,3.960209313255298,4.6351964266330725,2.8645743380244326,41.56057499855595,50.4649780096639,44.49074012826797,1.2254589567392122,1.0615599767390291,0.18397919870971405
27.37,39.5804703419283,52.78257622298044,43.05845295925575,47.579193315473255,43.84599854026816,47.85840387335083,9.07,9.38992733303155,11.6854650093426,10.3296958051753,7.998722973544957,8.936577682712276,4.799950914095078,43.579831828700776,48.3142873816243,45.45842841630329,0.9659286677467621,0.31992733303154886,0.035273134839721686
