Pair,L1,a1,b1,L2,a2,b2,DV,DV normF1,DECIEDE2000,GradoDE
1.1,23.67144196289938,16.349602964549128,-43.363049185896905,17.82882319925926,28.757412725792907,-44.48674923961444,7.74,9.97194037180947,8.43362801433289,0.2878178052116842
1.10,23.67144196289938,16.349602964549128,-43.363049185896905,18.89043809956666,26.23130625988518,-44.129720957831765,7.41,9.54678012339899,6.90298241468329,0.2878178052116842
1.3,23.67144196289938,16.349602964549128,-43.363049185896905,25.532240820308722,8.520025092051991,-42.76778267249593,5.04,6.49335652117826,5.40604384170762,0.12113676021121948
1.24,23.67144196289938,16.349602964549128,-43.363049185896905,24.769002739044332,10.310783976963029,-43.02801843388533,5.03,6.48047287728704,4.14426576414469,0.12113676021121948
1.4,23.67144196289938,16.349602964549128,-43.363049185896905,31.485669653905248,-0.9596820297139153,-38.734852228451665,8.62,11.1057010342374,12.0153164930494,0.22692667073599448
1.29,23.67144196289938,16.349602964549128,-43.363049185896905,30.207473593007386,1.350868116623799,-40.14225884243871,8.43,10.8609118003041,10.5392989010468,0.22692667073599448
1.7,23.67144196289938,16.349602964549128,-43.363049185896905,29.316355299151013,2.953651940777624,-40.14131485714789,6.3,8.11669565147283,9.18868866414739,0.4532653730018171
1.28,23.67144196289938,16.349602964549128,-43.363049185896905,28.093810169619815,5.617385179791795,-40.97903998756054,6.14,7.9105573492132,7.34356641584681,0.4532653730018171
1.12,23.67144196289938,16.349602964549128,-43.363049185896905,17.32021103049515,30.20990595360051,-44.96584092549717,7.34,9.45659461616041,9.16648610352821,0.1496915471935167
1.20,23.67144196289938,16.349602964549128,-43.363049185896905,18.547339364875995,26.696787033699433,-44.19248044478733,7.01,9.03143436774992,7.23907375146764,0.1496915471935167
1.23,23.67144196289938,16.349602964549128,-43.363049185896905,28.98159561193605,4.002478486655248,-40.587335026495275,8.11,10.4486351957849,8.552094221166,0.448567216284963
1.29,23.67144196289938,16.349602964549128,-43.363049185896905,30.207473593007386,1.350868116623799,-40.14225884243871,8.43,10.8609118003041,10.5392989010468,0.448567216284963
1.28,23.67144196289938,16.349602964549128,-43.363049185896905,28.093810169619815,5.617385179791795,-40.97903998756054,6.14,7.9105573492132,7.34356641584681,0.4721058643282946
1.38,23.67144196289938,16.349602964549128,-43.363049185896905,26.790902071794847,8.027616832855827,-41.66870809317559,5.88,7.57558260804131,5.61011989854543,0.4721058643282946
1.35,23.67144196289938,16.349602964549128,-43.363049185896905,24.064740274225223,14.70064135699825,-42.54622518678733,2.03,2.61537970991902,0.851492488324097,0.24457349470078937
1.36,23.67144196289938,16.349602964549128,-43.363049185896905,23.83990117030047,13.011658490286433,-43.22720702459477,2.36,3.0405399583295,2.25046368273068,0.24457349470078937
1.38,23.67144196289938,16.349602964549128,-43.363049185896905,26.790902071794847,8.027616832855827,-41.66870809317559,5.88,7.57558260804131,5.61011989854543,0.12434546344654114
1.41,23.67144196289938,16.349602964549128,-43.363049185896905,28.618537511707807,4.554041943390458,-40.94287968776536,6.1,7.85902277364829,8.19791779717624,0.12434546344654114
2.3,20.043897069064762,-17.323029845872945,-9.475182938098081,23.272848649082526,-22.752857038736586,-9.552432674372302,3.4,4.38043892301708,4.00294315773616,0.141340224299453
2.6,20.043897069064762,-17.323029845872945,-9.475182938098081,24.35289153637987,-24.721010217993168,-9.459095411692452,3.7,4.76694823975388,5.31665995022216,0.141340224299453
2.6,20.043897069064762,-17.323029845872945,-9.475182938098081,24.35289153637987,-24.721010217993168,-9.459095411692452,3.7,4.76694823975388,5.31665995022216,0.2452573405401312
2.26,20.043897069064762,-17.323029845872945,-9.475182938098081,22.655041002712686,-22.018371269046185,-8.384326262348797,3.7,4.76694823975388,3.67964201705289,0.2452573405401312
2.10,20.043897069064762,-17.323029845872945,-9.475182938098081,17.224257903286855,-10.57240506409557,-3.4486626049268776,4.07,5.24364306372927,6.3408508732656,0.1668034867674461
2.11,20.043897069064762,-17.323029845872945,-9.475182938098081,18.271992667690057,-13.04226703350314,-4.645625598113479,3.54,4.56080993749426,4.28857384925756,0.1668034867674461
2.10,20.043897069064762,-17.323029845872945,-9.475182938098081,17.224257903286855,-10.57240506409557,-3.4486626049268776,4.07,5.24364306372927,6.3408508732656,0.281123080161543
2.12,20.043897069064762,-17.323029845872945,-9.475182938098081,17.776853990906496,-11.904444957436949,-4.648872552147676,4.12,5.3080612831854,4.94653722567201,0.281123080161543
2.12,20.043897069064762,-17.323029845872945,-9.475182938098081,17.776853990906496,-11.904444957436949,-4.648872552147676,4.12,5.3080612831854,4.94653722567201,0.15592801201304599
2.15,20.043897069064762,-17.323029845872945,-9.475182938098081,17.456825084747557,-10.07830172811594,-2.52885379713933,4.67,6.01666169720287,7.02948816667291,0.15592801201304599
2.18,20.043897069064762,-17.323029845872945,-9.475182938098081,13.767251552875578,-6.949441761687061,-8.47285316940991,5.49,7.07312049628346,9.41475480749351,0.11030169706132334
2.21,20.043897069064762,-17.323029845872945,-9.475182938098081,15.167766421225682,-9.12297184313951,-8.383589072151409,4.89,6.30010186280986,7.14997023172358,0.11030169706132334
2.29,20.043897069064762,-17.323029845872945,-9.475182938098081,28.775938754424182,-33.49200070718483,-2.8494009305102486,5.67,7.30502608632555,11.9568819651044,0.18839324433704593
2.31,20.043897069064762,-17.323029845872945,-9.475182938098081,27.680607792421142,-31.64249892594448,-4.025806298414425,5.79,7.45962981302027,10.5993880071804,0.18839324433704593
2.30,20.043897069064762,-17.323029845872945,-9.475182938098081,26.448509313798247,-28.98413244233003,-5.932359194136794,5.93,7.64000082749744,8.65584661904371,0.2810612664752493
2.31,20.043897069064762,-17.323029845872945,-9.475182938098081,27.680607792421142,-31.64249892594448,-4.025806298414425,5.79,7.45962981302027,10.5993880071804,0.2810612664752493
2.34,20.043897069064762,-17.323029845872945,-9.475182938098081,15.379494049307791,-6.894401478891754,-16.690564496119343,5.49,7.07312049628346,10.6995288843334,0.10115082182710095
2.35,20.043897069064762,-17.323029845872945,-9.475182938098081,14.946598969993616,-5.598786034562569,-17.75669631791831,5.91,7.61423353971499,11.9914059775467,0.10115082182710095
2.36,20.043897069064762,-17.323029845872945,-9.475182938098081,17.030575727670154,-12.618930925432121,-10.986784146406347,4.42,5.69457059992221,4.40254972075122,0.2094953385028072
2.37,20.043897069064762,-17.323029845872945,-9.475182938098081,16.353595435859468,-11.248757565586354,-11.820816517864252,4.84,6.23568364335373,5.82294346430511,0.2094953385028072
2.37,20.043897069064762,-17.323029845872945,-9.475182938098081,16.353595435859468,-11.248757565586354,-11.820816517864252,4.84,6.23568364335373,5.82294346430511,0.4681429152050198
2.38,20.043897069064762,-17.323029845872945,-9.475182938098081,15.79380115798159,-9.563791117570913,-13.605242146268681,5.25,6.76391304289402,7.7554512113315,0.4681429152050198
3.5,54.02700454685316,-20.12756814617139,-27.127244338499512,50.80663014024445,-17.34559679786124,-29.431297208287987,5.21,6.71237846732912,3.75415734096937,0.10794992621334457
3.22,54.02700454685316,-20.12756814617139,-27.127244338499512,48.27055002376915,-15.652706535497163,-30.80059875078154,5.74,7.39521159356413,6.57297337128714,0.10794992621334457
3.10,54.02700454685316,-20.12756814617139,-27.127244338499512,49.05211201230337,-15.991741361716604,-30.229056879966933,7.59,9.77868571344107,5.72640720110565,0.13104271558506034
3.16,54.02700454685316,-20.12756814617139,-27.127244338499512,46.756943133257266,-14.562670275624857,-32.63398729813068,8.04,10.3584496885463,8.40170580673891,0.13104271558506034
3.11,54.02700454685316,-20.12756814617139,-27.127244338499512,51.77942493411341,-9.730428529195867,-26.97248416689284,6.34,8.16823022703773,6.55963830415624,0.10886225440432427
3.12,54.02700454685316,-20.12756814617139,-27.127244338499512,52.113697854476214,-11.906435015038685,-27.195203033953554,5.82,7.49828074469395,5.11701576639979,0.10886225440432427
3.14,54.02700454685316,-20.12756814617139,-27.127244338499512,54.35076384757767,-27.65399163902532,-27.639242514476248,5.53,7.12465507184837,3.63598503699724,0.11003583606326788
3.31,54.02700454685316,-20.12756814617139,-27.127244338499512,57.65639470646465,-27.784822489877403,-25.48203399233269,5.4,6.95716770126242,5.31782904830462,0.11003583606326788
3.19,54.02700454685316,-20.12756814617139,-27.127244338499512,55.4835242745111,-27.088833319909522,-26.43679024974459,5.16,6.64796024787298,3.82226331819927,0.34456018593471166
3.31,54.02700454685316,-20.12756814617139,-27.127244338499512,57.65639470646465,-27.784822489877403,-25.48203399233269,5.4,6.95716770126242,5.31782904830462,0.34456018593471166
3.22,54.02700454685316,-20.12756814617139,-27.127244338499512,48.27055002376915,-15.652706535497163,-30.80059875078154,5.74,7.39521159356413,6.57297337128714,0.31535525137604903
3.45,54.02700454685316,-20.12756814617139,-27.127244338499512,49.71155468902056,-17.032623519712075,-29.632338683891124,5.26,6.77679668678525,4.81476576715046,0.31535525137604903
3.23,54.02700454685316,-20.12756814617139,-27.127244338499512,49.55940056881151,-2.664366381969707,-29.03491450765725,8.92,11.4922103509742,12.1938450124304,0.4243036089555847
3.27,54.02700454685316,-20.12756814617139,-27.127244338499512,49.914403043139615,-5.727224853096291,-28.354235271595265,9.02,11.6210467898865,9.93733707322326,0.4243036089555847
3.25,54.02700454685316,-20.12756814617139,-27.127244338499512,55.52396842844263,-26.69953907414946,-26.924500047395107,5.5,7.08600414017469,3.58525062016323,0.5122523685340891
3.31,54.02700454685316,-20.12756814617139,-27.127244338499512,57.65639470646465,-27.784822489877403,-25.48203399233269,5.4,6.95716770126242,5.31782904830462,0.5122523685340891
4.4,20.043897069064762,2.6531209380629974,-21.62241478773269,26.761927427271125,-9.570837554410073,-17.223968135092015,4.99,6.42893830172213,12.559690400078,0.23164570302860446
4.6,20.043897069064762,2.6531209380629974,-21.62241478773269,27.56922855220018,-11.088441473570077,-16.537650159386896,5.33,6.86698219402384,13.9530756790892,0.23164570302860446
4.4,20.043897069064762,2.6531209380629974,-21.62241478773269,26.761927427271125,-9.570837554410073,-17.223968135092015,4.99,6.42893830172213,12.559690400078,0.2607178630178484
4.7,20.043897069064762,2.6531209380629974,-21.62241478773269,25.13979375335549,-6.868636038196457,-18.870306769188407,4.87,6.27433457502741,9.84301283691533,0.2607178630178484
4.7,20.043897069064762,2.6531209380629974,-21.62241478773269,25.13979375335549,-6.868636038196457,-18.870306769188407,4.87,6.27433457502741,9.84301283691533,0.1152539864703202
4.16,20.043897069064762,2.6531209380629974,-21.62241478773269,26.00452831719472,-8.437771766616226,-21.45140137371936,5.04,6.49335652117826,11.2086513367403,0.1152539864703202
4.13,20.043897069064762,2.6531209380629974,-21.62241478773269,24.060286142412266,-5.798916345268912,-21.065315015672216,5.4,6.95716770126242,8.64126506665325,0.28254632114517486
4.16,20.043897069064762,2.6531209380629974,-21.62241478773269,26.00452831719472,-8.437771766616226,-21.45140137371936,5.04,6.49335652117826,11.2086513367403,0.28254632114517486
4.15,20.043897069064762,2.6531209380629974,-21.62241478773269,26.761927427271125,-10.098004950217065,-21.10014548513217,5.49,7.07312049628346,12.587201917703,0.1429345840531894
4.16,20.043897069064762,2.6531209380629974,-21.62241478773269,26.00452831719472,-8.437771766616226,-21.45140137371936,5.04,6.49335652117826,11.2086513367403,0.1429345840531894
4.17,20.043897069064762,2.6531209380629974,-21.62241478773269,19.87846236061725,4.145507970685053,-16.836421313384864,3.34,4.30313705966972,3.99605887996974,0.15187948152224043
4.20,20.043897069064762,2.6531209380629974,-21.62241478773269,19.0911152526718,6.221392629080391,-14.019336899372114,3.77,4.85713374699247,7.67984441597951,0.15187948152224043
4.17,20.043897069064762,2.6531209380629974,-21.62241478773269,19.87846236061725,4.145507970685053,-16.836421313384864,3.34,4.30313705966972,3.99605887996974,0.32493907658134674
4.37,20.043897069064762,2.6531209380629974,-21.62241478773269,19.557510758991157,3.61745348446163,-18.503286028910072,3.11,4.00681325017151,2.57061074927762,0.32493907658134674
4.18,20.043897069064762,2.6531209380629974,-21.62241478773269,18.27628893498683,7.625366361967339,-11.905441675901296,5.51,7.09888778406592,10.2965986506444,0.8221926384982798
4.21,20.043897069064762,2.6531209380629974,-21.62241478773269,19.013438612397607,9.09328835967993,-10.842846146054852,5.6,7.21484057908696,12.1072882606604,0.8221926384982798
4.19,20.043897069064762,2.6531209380629974,-21.62241478773269,19.30481182136115,6.851701032789426,-13.333251204449192,4.8,6.18414906778882,8.67541992644934,0.3059589413806766
4.47,20.043897069064762,2.6531209380629974,-21.62241478773269,19.05227550172973,4.643317169489403,-15.168605085685726,4.35,5.60438509268362,5.5024783835713,0.3059589413806766
4.20,20.043897069064762,2.6531209380629974,-21.62241478773269,19.0911152526718,6.221392629080391,-14.019336899372114,3.77,4.85713374699247,7.67984441597951,0.176986566746239
4.47,20.043897069064762,2.6531209380629974,-21.62241478773269,19.05227550172973,4.643317169489403,-15.168605085685726,4.35,5.60438509268362,5.5024783835713,0.176986566746239
4.22,20.043897069064762,2.6531209380629974,-21.62241478773269,22.992300886575443,-3.7120989602842935,-21.0535216977774,3.41,4.39332256690831,6.58895213023695,0.24606225378303656
4.23,20.043897069064762,2.6531209380629974,-21.62241478773269,21.867587991359223,-0.5681240582563196,-21.857516225398854,3.06,3.94239503071537,3.55208483732537,0.24606225378303656
4.22,20.043897069064762,2.6531209380629974,-21.62241478773269,22.992300886575443,-3.7120989602842935,-21.0535216977774,3.41,4.39332256690831,6.58895213023695,0.43577137765648505
4.30,20.043897069064762,2.6531209380629974,-21.62241478773269,22.16077431986706,-0.9146462641191622,-22.090192653098363,3.17,4.08411511351887,3.99542448909524,0.43577137765648505
4.22,20.043897069064762,2.6531209380629974,-21.62241478773269,22.992300886575443,-3.7120989602842935,-21.0535216977774,3.41,4.39332256690831,6.58895213023695,0.2881408144639011
4.35,20.043897069064762,2.6531209380629974,-21.62241478773269,21.281705865901863,-1.157169991051088,-21.669726249764455,3.0,3.86509316736801,3.95475251892124,0.2881408144639011
4.22,20.043897069064762,2.6531209380629974,-21.62241478773269,22.992300886575443,-3.7120989602842935,-21.0535216977774,3.41,4.39332256690831,6.58895213023695,0.10592628002834281
4.36,20.043897069064762,2.6531209380629974,-21.62241478773269,22.121675556225426,-0.39083994046040793,-23.255548465782894,3.24,4.17430062075745,3.82553224253005,0.10592628002834281
4.22,20.043897069064762,2.6531209380629974,-21.62241478773269,22.992300886575443,-3.7120989602842935,-21.0535216977774,3.41,4.39332256690831,6.58895213023695,0.5171637828117885
4.46,20.043897069064762,2.6531209380629974,-21.62241478773269,24.12893310039248,-5.445810075378504,-19.699661580250762,3.76,4.84425010310124,8.34895844552828,0.5171637828117885
4.25,20.043897069064762,2.6531209380629974,-21.62241478773269,16.045749984835844,7.699565292032751,-17.222289651785516,5.38,6.93140041347997,7.6842956294771,0.28296546591182853
4.28,20.043897069064762,2.6531209380629974,-21.62241478773269,14.951493184138759,10.210747367256467,-17.233101431602694,5.86,7.54981532025885,10.0421679980628,0.28296546591182853
4.25,20.043897069064762,2.6531209380629974,-21.62241478773269,16.045749984835844,7.699565292032751,-17.222289651785516,5.38,6.93140041347997,7.6842956294771,0.3283513598281354
4.34,20.043897069064762,2.6531209380629974,-21.62241478773269,14.673925145660178,10.555796404208312,-16.687708625933475,5.04,6.49335652117826,10.6580618478352,0.3283513598281354
4.26,20.043897069064762,2.6531209380629974,-21.62241478773269,17.36668658587552,5.442753510870036,-18.767229038251244,3.26,4.20006790853991,4.53589470173787,0.5644380274323414
4.37,20.043897069064762,2.6531209380629974,-21.62241478773269,19.557510758991157,3.61745348446163,-18.503286028910072,3.11,4.00681325017151,2.57061074927762,0.5644380274323414
4.26,20.043897069064762,2.6531209380629974,-21.62241478773269,17.36668658587552,5.442753510870036,-18.767229038251244,3.26,4.20006790853991,4.53589470173787,0.4992425640283861
4.38,20.043897069064762,2.6531209380629974,-21.62241478773269,18.092233465274767,4.5657750825400525,-21.543341135583038,3.09,3.98104596238905,2.36802810013516,0.4992425640283861
4.28,20.043897069064762,2.6531209380629974,-21.62241478773269,14.951493184138759,10.210747367256467,-17.233101431602694,5.86,7.54981532025885,10.0421679980628,0.28666873419079797
4.33,20.043897069064762,2.6531209380629974,-21.62241478773269,14.568729738794595,12.807592731145235,-18.273807065522806,5.63,7.25349151076064,11.5448213676718,0.28666873419079797
4.29,20.043897069064762,2.6531209380629974,-21.62241478773269,22.992300886575443,-3.850363481980257,-19.333825063543543,3.0,3.86509316736801,6.66866171903691,0.13670680917740707
4.35,20.043897069064762,2.6531209380629974,-21.62241478773269,21.281705865901863,-1.157169991051088,-21.669726249764455,3.0,3.86509316736801,3.95475251892124,0.13670680917740707
4.42,20.043897069064762,2.6531209380629974,-21.62241478773269,15.795762105611608,7.615690471964753,-23.284055576406793,3.63,4.6767627325153,5.04172355024227,0.1465521716842984
4.43,20.043897069064762,2.6531209380629974,-21.62241478773269,16.59460382481703,5.516952589947027,-21.648397397997176,3.85,4.96020289812228,3.68978667718273,0.1465521716842984
4.43,20.043897069064762,2.6531209380629974,-21.62241478773269,16.59460382481703,5.516952589947027,-21.648397397997176,3.85,4.96020289812228,3.68978667718273,0.1139334165253578
4.44,20.043897069064762,2.6531209380629974,-21.62241478773269,15.690072068451542,8.109747754318025,-23.637852250233927,4.32,5.56573416100994,5.31830367286069,0.1139334165253578
5.1,50.68720611576005,-23.386520281352187,-15.163931924496543,53.48117974846413,-11.162689804723014,-5.120275602877156,7.65,9.85598757678844,9.42553879496782,0.12305890894084857
5.37,50.68720611576005,-23.386520281352187,-15.163931924496543,52.71326088226256,-14.180275663711384,-7.1701505479406125,7.22,9.30199088946569,6.85192952532104,0.12305890894084857
5.5,50.68720611576005,-23.386520281352187,-15.163931924496543,47.47793702496022,-22.627096805837297,-17.1849811916853,3.07,3.9552786746066,3.48369304140725,0.25501415044645126
5.11,50.68720611576005,-23.386520281352187,-15.163931924496543,48.62516047957216,-23.669649097317002,-15.564223161953073,3.33,4.2902534157785,2.07436398460447,0.25501415044645126
5.7,50.68720611576005,-23.386520281352187,-15.163931924496543,51.81787919614709,-16.298771262812263,-8.914384788235274,5.85,7.53693167636763,5.0030766243613,0.13465574026499544
5.43,50.68720611576005,-23.386520281352187,-15.163931924496543,51.83755184150908,-19.703796333041147,-10.939777210222523,5.81,7.48539710080272,3.01613549022567,0.13465574026499544
5.8,50.68720611576005,-23.386520281352187,-15.163931924496543,53.12670523514443,-31.691356896149657,-15.504817765151667,5.63,7.25349151076064,4.64747310877115,0.40184289957576974
5.33,50.68720611576005,-23.386520281352187,-15.163931924496543,51.5719986932351,-29.301426519190986,-16.582199565539902,5.86,7.54981532025885,2.90360570050865,0.40184289957576974
5.14,50.68720611576005,-23.386520281352187,-15.163931924496543,51.4343250530371,-30.73730772468869,-16.363669326189665,5.37,6.91851676958874,3.50313428172899,0.16154114439034334
5.21,50.68720611576005,-23.386520281352187,-15.163931924496543,53.71754245329717,-33.54579683802539,-17.68755389144674,5.46,7.03446956460978,5.41377674250249,0.16154114439034334
5.20,50.68720611576005,-23.386520281352187,-15.163931924496543,55.71821077372577,-33.40447224501253,-14.585702468145389,7.47,9.62408198674635,6.93556772179585,0.39664992953836564
5.39,50.68720611576005,-23.386520281352187,-15.163931924496543,53.99334676257179,-31.39196015179524,-16.411726069545995,7.43,9.57254741118145,4.93099190059214,0.39664992953836564
5.33,50.68720611576005,-23.386520281352187,-15.163931924496543,51.5719986932351,-29.301426519190986,-16.582199565539902,5.86,7.54981532025885,2.90360570050865,0.17740238921196955
5.38,50.68720611576005,-23.386520281352187,-15.163931924496543,53.569811871132984,-30.603324061084457,-15.993998888884796,5.37,6.91851676958874,4.43893904223845,0.17740238921196955
6.39,42.763245421570275,-43.70661263394299,11.080605123325926,43.4641780152553,-52.6162744158562,5.73448102495785,7.09,9.13450351887974,4.52500460373482,0.23126316186588228
6.46,42.763245421570275,-43.70661263394299,11.080605123325926,44.106154261709854,-53.57993664849184,2.959708405977679,7.32,9.43082732837795,6.01466614177689,0.23126316186588228
6.42,42.763245421570275,-43.70661263394299,11.080605123325926,42.19089782733073,-35.042906000225585,20.363354473219562,9.15,11.7885341604724,6.67493652475006,0.1059691238094614
6.44,42.763245421570275,-43.70661263394299,11.080605123325926,42.73363643057243,-33.23004718107303,22.09979531112145,8.83,11.3762575559532,7.97334203773458,0.1059691238094614
7.1,71.55497084573587,-12.309538378719287,-10.231975743046151,72.17784758696354,-17.100115137066386,-11.413224062628458,3.45,4.44485714247322,3.44662555933121,0.13709374403552774
7.28,71.55497084573587,-12.309538378719287,-10.231975743046151,71.66548584237974,-15.059157042397075,-11.54279311262525,2.99,3.85220952347679,2.05131794121513,0.13709374403552774
7.6,71.55497084573587,-12.309538378719287,-10.231975743046151,70.73107104761955,-19.921305192166283,-13.389373769361912,5.06,6.51912380896072,5.12562212771801,0.2983779234080954
7.34,71.55497084573587,-12.309538378719287,-10.231975743046151,70.16834331733443,-16.7657663772528,-13.329005733206012,5.19,6.68661117954666,3.48507930320782,0.2983779234080954
7.6,71.55497084573587,-12.309538378719287,-10.231975743046151,70.73107104761955,-19.921305192166283,-13.389373769361912,5.06,6.51912380896072,5.12562212771801,0.23354481165912588
7.40,71.55497084573587,-12.309538378719287,-10.231975743046151,70.12814620972767,-17.119940843263237,-12.938011859780918,5.37,6.91851676958874,3.63250582517418,0.23354481165912588
7.10,71.55497084573587,-12.309538378719287,-10.231975743046151,66.9215117412918,-11.023819506028653,-13.910492944656362,4.68,6.0295453410941,4.61514577442871,0.14436969190728324
7.30,71.55497084573587,-12.309538378719287,-10.231975743046151,68.45972625273775,-10.93665877557809,-12.725019705195951,4.3,5.53996687322749,3.28336375740963,0.14436969190728324
7.11,71.55497084573587,-12.309538378719287,-10.231975743046151,73.49372904737494,-6.398416703459198,-6.147908569198446,4.39,5.65591966824853,5.76372584919195,0.17163057290990366
7.23,71.55497084573587,-12.309538378719287,-10.231975743046151,72.25821406725677,-7.519651629072477,-6.815174327933637,4.33,5.57861780490117,4.45841433690084,0.17163057290990366
7.19,71.55497084573587,-12.309538378719287,-10.231975743046151,70.29898112217677,-18.633091876847196,-13.959408909796057,5.9,7.60134989582376,4.52863425010825,0.22220604863541232
7.41,71.55497084573587,-12.309538378719287,-10.231975743046151,70.52005448591356,-21.443750679504102,-13.998654012068922,6.01,7.74306997862725,5.96401316642378,0.22220604863541232
7.23,71.55497084573587,-12.309538378719287,-10.231975743046151,72.25821406725677,-7.519651629072477,-6.815174327933637,4.33,5.57861780490117,4.45841433690084,0.47792499690569223
7.27,71.55497084573587,-12.309538378719287,-10.231975743046151,71.9266949493369,-4.740818098307398,-8.011555064698284,4.5,5.79763975105202,7.01287631863856,0.47792499690569223
8.1,54.02700454685316,0.4307985723591701,-14.950171279285351,56.808447317289534,-10.108694186242495,-15.935966804177548,7.21,9.28910724557446,10.9182236589242,0.253393528569336
8.6,54.02700454685316,0.4307985723591701,-14.950171279285351,58.334235119006166,-11.470258496453557,-15.76911208330829,6.98,8.99278343607625,12.3073473595417,0.253393528569336
8.1,54.02700454685316,0.4307985723591701,-14.950171279285351,56.808447317289534,-10.108694186242495,-15.935966804177548,7.21,9.28910724557446,10.9182236589242,0.19581190193308448
8.23,54.02700454685316,0.4307985723591701,-14.950171279285351,58.35443770137671,-11.64744966338571,-14.965773344232968,6.71,8.64492505101312,12.5009092372449,0.19581190193308448
8.1,54.02700454685316,0.4307985723591701,-14.950171279285351,56.808447317289534,-10.108694186242495,-15.935966804177548,7.21,9.28910724557446,10.9182236589242,0.27593079370632423
8.42,54.02700454685316,0.4307985723591701,-14.950171279285351,56.66693299535453,-8.379912304194882,-15.816836422374546,7.09,9.13450351887974,9.5334335836471,0.27593079370632423
8.6,54.02700454685316,0.4307985723591701,-14.950171279285351,58.334235119006166,-11.470258496453557,-15.76911208330829,6.98,8.99278343607625,12.3073473595417,0.5081382011282986
8.19,54.02700454685316,0.4307985723591701,-14.950171279285351,57.778597531264765,-9.559678910194602,-15.756387231372404,6.78,8.73511055825171,10.7627984810666,0.5081382011282986
8.6,54.02700454685316,0.4307985723591701,-14.950171279285351,58.334235119006166,-11.470258496453557,-15.76911208330829,6.98,8.99278343607625,12.3073473595417,0.2768596564717558
8.42,54.02700454685316,0.4307985723591701,-14.950171279285351,56.66693299535453,-8.379912304194882,-15.816836422374546,7.09,9.13450351887974,9.5334335836471,0.2768596564717558
8.9,54.02700454685316,0.4307985723591701,-14.950171279285351,55.26140700382868,5.9622424544963915,-11.261460404155077,4.8,6.18414906778882,8.23492324622377,0.25994430855993905
8.37,54.02700454685316,0.4307985723591701,-14.950171279285351,54.4824046896874,4.623438182122963,-12.36441525704899,5.34,6.87986583791506,6.08172968232988,0.25994430855993905
8.12,54.02700454685316,0.4307985723591701,-14.950171279285351,54.492523767077074,-12.111818942856123,-20.846532820396146,10.3,13.2701532079635,12.1220905730436,0.10165768414989344
8.20,54.02700454685316,0.4307985723591701,-14.950171279285351,53.41963849624618,-15.110978785239759,-22.937443726507567,10.74,13.8370335391775,14.0574602676924,0.10165768414989344
8.19,54.02700454685316,0.4307985723591701,-14.950171279285351,57.778597531264765,-9.559678910194602,-15.756387231372404,6.78,8.73511055825171,10.7627984810666,0.679002806504141
8.23,54.02700454685316,0.4307985723591701,-14.950171279285351,58.35443770137671,-11.64744966338571,-14.965773344232968,6.71,8.64492505101312,12.5009092372449,0.679002806504141
8.21,54.02700454685316,0.4307985723591701,-14.950171279285351,62.08926958328931,-15.454864569786842,-12.215033629546346,11.19,14.4167975142827,16.4894956430991,0.380049029741436
8.34,54.02700454685316,0.4307985723591701,-14.950171279285351,60.898709162820225,-13.852280252248717,-12.959331414719966,11.09,14.2879610753704,15.0139274076209,0.380049029741436
8.23,54.02700454685316,0.4307985723591701,-14.950171279285351,58.35443770137671,-11.64744966338571,-14.965773344232968,6.71,8.64492505101312,12.5009092372449,0.1384786674785717
8.42,54.02700454685316,0.4307985723591701,-14.950171279285351,56.66693299535453,-8.379912304194882,-15.816836422374546,7.09,9.13450351887974,9.5334335836471,0.1384786674785717
8.31,54.02700454685316,0.4307985723591701,-14.950171279285351,54.28001781696783,8.604329992979165,-9.747423312989522,8.14,10.4872861274585,11.6848806977641,0.2966385112880079
8.40,54.02700454685316,0.4307985723591701,-14.950171279285351,54.74547805545585,10.473643583222502,-9.158834220350887,7.62,9.81733664511475,13.6894463228156,0.2966385112880079
8.33,54.02700454685316,0.4307985723591701,-14.950171279285351,58.758455890026866,-10.579414449113255,-15.875388830395654,8.97,11.5566285704304,11.810466554035,0.5404321668529437
8.38,54.02700454685316,0.4307985723591701,-14.950171279285351,58.930144078751795,-13.466296654094101,-15.490889805195597,9.03,11.6339304337777,13.8186624285152,0.5404321668529437
8.39,54.02700454685316,0.4307985723591701,-14.950171279285351,51.302409776251054,7.685899615902992,-14.772028041685381,6.92,8.91548157272888,9.11445698068256,0.591701623967377
8.45,54.02700454685316,0.4307985723591701,-14.950171279285351,52.01181228259428,6.277794996008945,-14.426611468942552,6.75,8.69645962657803,7.54938378870048,0.591701623967377
9.6,77.28083759926615,-1.1542638880540634,-4.941451337546021,77.4301938859124,1.4995825831108367,-4.067951539308501,3.34,4.30313705966972,3.89581349366332,0.9151748961968457
9.38,77.28083759926615,-1.1542638880540634,-4.941451337546021,77.75878858548211,2.614900742434867,-3.336906110794513,3.24,4.17430062075745,5.71062628670146,0.9151748961968457
9.8,77.28083759926615,-1.1542638880540634,-4.941451337546021,74.0754376107981,1.0276951258821332,-7.085994897323,4.69,6.04242898498533,4.17655194409734,0.1827677151386943
9.18,77.28083759926615,-1.1542638880540634,-4.941451337546021,73.23950746969524,2.359861602548141,-8.902801207854605,4.13,5.32094492707663,6.32306790791611,0.1827677151386943
9.8,77.28083759926615,-1.1542638880540634,-4.941451337546021,74.0754376107981,1.0276951258821332,-7.085994897323,4.69,6.04242898498533,4.17655194409734,0.8313418862382644
9.26,77.28083759926615,-1.1542638880540634,-4.941451337546021,72.84148560266213,2.192722710661954,-8.424291501410618,4.53,5.8362906827257,6.17953050943045,0.8313418862382644
9.9,77.28083759926615,-1.1542638880540634,-4.941451337546021,79.33226108342812,-9.301958871966942,-5.716770115690495,5.53,7.12465507184837,9.05563893149496,0.3292440466765779
9.13,77.28083759926615,-1.1542638880540634,-4.941451337546021,79.05339426000518,-11.495359383472515,-6.207173360884144,6.01,7.74306997862725,10.837039119378,0.3292440466765779
9.10,77.28083759926615,-1.1542638880540634,-4.941451337546021,77.26092386906973,-4.9708497981577615,-6.747345511394953,4.13,5.32094492707663,4.68729694403518,0.5423417567635607
9.17,77.28083759926615,-1.1542638880540634,-4.941451337546021,76.81287481786708,-6.97172899243359,-7.566371940114425,4.54,5.84917432661693,6.77524358797799,0.5423417567635607
9.10,77.28083759926615,-1.1542638880540634,-4.941451337546021,77.26092386906973,-4.9708497981577615,-6.747345511394953,4.13,5.32094492707663,4.68729694403518,0.5044331436368109
9.22,77.28083759926615,-1.1542638880540634,-4.941451337546021,78.7745370285751,-6.446953558426283,-5.387836560744241,4.09,5.26941035151172,6.30445062736551,0.5044331436368109
9.10,77.28083759926615,-1.1542638880540634,-4.941451337546021,77.26092386906973,-4.9708497981577615,-6.747345511394953,4.13,5.32094492707663,4.68729694403518,0.5741457406813195
9.23,77.28083759926615,-1.1542638880540634,-4.941451337546021,78.78449626204798,-6.935087731600287,-5.36211888792022,4.05,5.21787577594682,6.79945999867833,0.5741457406813195
9.10,77.28083759926615,-1.1542638880540634,-4.941451337546021,77.26092386906973,-4.9708497981577615,-6.747345511394953,4.13,5.32094492707663,4.68729694403518,0.6941462267620834
9.30,77.28083759926615,-1.1542638880540634,-4.941451337546021,76.97217778744937,-6.506082263989354,-7.698496522170739,4.3,5.53996687322749,6.34105228661701,0.6941462267620834
9.15,77.28083759926615,-1.1542638880540634,-4.941451337546021,81.44399418623333,-7.844937036629307,-3.059584050185604,3.89,5.01173747368719,8.51702718214889,0.17575202089852374
9.22,77.28083759926615,-1.1542638880540634,-4.941451337546021,78.7745370285751,-6.446953558426283,-5.387836560744241,4.09,5.26941035151172,6.30445062736551,0.17575202089852374
9.15,77.28083759926615,-1.1542638880540634,-4.941451337546021,81.44399418623333,-7.844937036629307,-3.059584050185604,3.89,5.01173747368719,8.51702718214889,0.19614997706184706
9.23,77.28083759926615,-1.1542638880540634,-4.941451337546021,78.78449626204798,-6.935087731600287,-5.36211888792022,4.05,5.21787577594682,6.79945999867833,0.19614997706184706
9.15,77.28083759926615,-1.1542638880540634,-4.941451337546021,81.44399418623333,-7.844937036629307,-3.059584050185604,3.89,5.01173747368719,8.51702718214889,0.15132568772950927
9.32,77.28083759926615,-1.1542638880540634,-4.941451337546021,78.8442505618993,-5.99580358197227,-5.292289866101441,4.09,5.26941035151172,5.8561504574617,0.15132568772950927
9.17,77.28083759926615,-1.1542638880540634,-4.941451337546021,76.81287481786708,-6.97172899243359,-7.566371940114425,4.54,5.84917432661693,6.77524358797799,0.13090366659853822
9.34,77.28083759926615,-1.1542638880540634,-4.941451337546021,78.06748184016347,-9.803804437349461,-7.56563805321977,5.08,6.54489109674317,9.33606052935789,0.13090366659853822
9.18,77.28083759926615,-1.1542638880540634,-4.941451337546021,73.23950746969524,2.359861602548141,-8.902801207854605,4.13,5.32094492707663,6.32306790791611,0.18187026283736077
9.35,77.28083759926615,-1.1542638880540634,-4.941451337546021,74.27448518307732,1.6403853245626765,-8.027109409519873,3.87,4.98597018590474,5.00683993764582,0.18187026283736077
9.20,77.28083759926615,-1.1542638880540634,-4.941451337546021,77.01200374124235,7.483494499181842,-1.7545186354032571,5.6,7.21484057908696,11.9981539133219,0.4313266799300076
9.45,77.28083759926615,-1.1542638880540634,-4.941451337546021,77.51980892622662,6.15475484302247,-2.15192178136534,5.25,6.76391304289402,10.4710693937981,0.4313266799300076
9.22,77.28083759926615,-1.1542638880540634,-4.941451337546021,78.7745370285751,-6.446953558426283,-5.387836560744241,4.09,5.26941035151172,6.30445062736551,0.464352389092331
9.24,77.28083759926615,-1.1542638880540634,-4.941451337546021,80.67693443218161,-7.60810343837176,-3.527998578565983,4.02,5.17922484427314,8.02901891865947,0.464352389092331
9.22,77.28083759926615,-1.1542638880540634,-4.941451337546021,78.7745370285751,-6.446953558426283,-5.387836560744241,4.09,5.26941035151172,6.30445062736551,0.22527910230936543
9.31,77.28083759926615,-1.1542638880540634,-4.941451337546021,80.9757805791606,-7.305484044029587,-3.893805952997531,4.05,5.21787577594682,7.7388066849918,0.22527910230936543
9.22,77.28083759926615,-1.1542638880540634,-4.941451337546021,78.7745370285751,-6.446953558426283,-5.387836560744241,4.09,5.26941035151172,6.30445062736551,0.10234455835256628
9.40,77.28083759926615,-1.1542638880540634,-4.941451337546021,81.3941834489727,-7.909739769879742,-2.850788796386583,4.48,5.77187246326957,8.61403193829963,0.10234455835256628
9.23,77.28083759926615,-1.1542638880540634,-4.941451337546021,78.78449626204798,-6.935087731600287,-5.36211888792022,4.05,5.21787577594682,6.79945999867833,0.11054497523792549
9.40,77.28083759926615,-1.1542638880540634,-4.941451337546021,81.3941834489727,-7.909739769879742,-2.850788796386583,4.48,5.77187246326957,8.61403193829963,0.11054497523792549
9.23,77.28083759926615,-1.1542638880540634,-4.941451337546021,78.78449626204798,-6.935087731600287,-5.36211888792022,4.05,5.21787577594682,6.79945999867833,0.2084598097002164
9.41,77.28083759926615,-1.1542638880540634,-4.941451337546021,78.6450718232454,-5.438714143761681,-5.153603616306857,3.54,4.56080993749426,5.25396781372322,0.2084598097002164
9.24,77.28083759926615,-1.1542638880540634,-4.941451337546021,80.67693443218161,-7.60810343837176,-3.527998578565983,4.02,5.17922484427314,8.02901891865947,0.4941153006021267
9.32,77.28083759926615,-1.1542638880540634,-4.941451337546021,78.8442505618993,-5.99580358197227,-5.292289866101441,4.09,5.26941035151172,5.8561504574617,0.4941153006021267
9.24,77.28083759926615,-1.1542638880540634,-4.941451337546021,80.67693443218161,-7.60810343837176,-3.527998578565983,4.02,5.17922484427314,8.02901891865947,0.1478329519260504
9.41,77.28083759926615,-1.1542638880540634,-4.941451337546021,78.6450718232454,-5.438714143761681,-5.153603616306857,3.54,4.56080993749426,5.25396781372322,0.1478329519260504
9.25,77.28083759926615,-1.1542638880540634,-4.941451337546021,76.64361874828543,-8.15612090733997,-7.961804400203176,5.3,6.82833126235016,7.90547088989878,0.295984805331532
9.34,77.28083759926615,-1.1542638880540634,-4.941451337546021,78.06748184016347,-9.803804437349461,-7.56563805321977,5.08,6.54489109674317,9.33606052935789,0.295984805331532
9.27,77.28083759926615,-1.1542638880540634,-4.941451337546021,75.40917490995861,4.7220712093367645,-4.934961079277933,5.08,6.54489109674317,8.3242331269453,0.3885858736824291
9.37,77.28083759926615,-1.1542638880540634,-4.941451337546021,74.58302109463983,6.625540693469767,-4.780473638379057,4.6,5.92647618996429,10.6876832306189,0.3885858736824291
9.27,77.28083759926615,-1.1542638880540634,-4.941451337546021,75.40917490995861,4.7220712093367645,-4.934961079277933,5.08,6.54489109674317,8.3242331269453,0.1872833379034134
9.45,77.28083759926615,-1.1542638880540634,-4.941451337546021,77.51980892622662,6.15475484302247,-2.15192178136534,5.25,6.76391304289402,10.4710693937981,0.1872833379034134
9.28,77.28083759926615,-1.1542638880540634,-4.941451337546021,77.28083759926615,4.463042119903338,-2.8230932377448115,4.46,5.74610517548711,8.29596108774459,0.1318016111307997
9.37,77.28083759926615,-1.1542638880540634,-4.941451337546021,74.58302109463983,6.625540693469767,-4.780473638379057,4.6,5.92647618996429,10.6876832306189,0.1318016111307997
9.28,77.28083759926615,-1.1542638880540634,-4.941451337546021,77.28083759926615,4.463042119903338,-2.8230932377448115,4.46,5.74610517548711,8.29596108774459,0.46708310208004056
9.39,77.28083759926615,-1.1542638880540634,-4.941451337546021,76.84274382993345,5.929397303488903,-4.020889833614971,4.2,5.41113043431522,9.82547150304091,0.46708310208004056
9.28,77.28083759926615,-1.1542638880540634,-4.941451337546021,77.28083759926615,4.463042119903338,-2.8230932377448115,4.46,5.74610517548711,8.29596108774459,0.5349384698897871
9.42,77.28083759926615,-1.1542638880540634,-4.941451337546021,77.6492552641592,3.172460734258975,-3.4219129931083447,4.02,5.17922484427314,6.45488091111166,0.5349384698897871
9.29,77.28083759926615,-1.1542638880540634,-4.941451337546021,75.31958702301499,4.5898839244756235,-4.881350826513708,4.28,5.51419958544503,8.17645214278432,0.712877872903973
9.37,77.28083759926615,-1.1542638880540634,-4.941451337546021,74.58302109463983,6.625540693469767,-4.780473638379057,4.6,5.92647618996429,10.6876832306189,0.712877872903973
9.29,77.28083759926615,-1.1542638880540634,-4.941451337546021,75.31958702301499,4.5898839244756235,-4.881350826513708,4.28,5.51419958544503,8.17645214278432,0.6172170456959367
9.39,77.28083759926615,-1.1542638880540634,-4.941451337546021,76.84274382993345,5.929397303488903,-4.020889833614971,4.2,5.41113043431522,9.82547150304091,0.6172170456959367
9.29,77.28083759926615,-1.1542638880540634,-4.941451337546021,75.31958702301499,4.5898839244756235,-4.881350826513708,4.28,5.51419958544503,8.17645214278432,0.36224818857759783
9.42,77.28083759926615,-1.1542638880540634,-4.941451337546021,77.6492552641592,3.172460734258975,-3.4219129931083447,4.02,5.17922484427314,6.45488091111166,0.36224818857759783
9.31,77.28083759926615,-1.1542638880540634,-4.941451337546021,80.9757805791606,-7.305484044029587,-3.893805952997531,4.05,5.21787577594682,7.7388066849918,0.5491642932276405
9.32,77.28083759926615,-1.1542638880540634,-4.941451337546021,78.8442505618993,-5.99580358197227,-5.292289866101441,4.09,5.26941035151172,5.8561504574617,0.5491642932276405
9.31,77.28083759926615,-1.1542638880540634,-4.941451337546021,80.9757805791606,-7.305484044029587,-3.893805952997531,4.05,5.21787577594682,7.7388066849918,0.14213793094444685
9.41,77.28083759926615,-1.1542638880540634,-4.941451337546021,78.6450718232454,-5.438714143761681,-5.153603616306857,3.54,4.56080993749426,5.25396781372322,0.14213793094444685
9.32,77.28083759926615,-1.1542638880540634,-4.941451337546021,78.8442505618993,-5.99580358197227,-5.292289866101441,4.09,5.26941035151172,5.8561504574617,0.6075482734016795
9.33,77.28083759926615,-1.1542638880540634,-4.941451337546021,79.631057636881,-7.29595143728512,-3.8693322728317714,3.98,5.12769026870823,7.47646201509525,0.6075482734016795
9.33,77.28083759926615,-1.1542638880540634,-4.941451337546021,79.631057636881,-7.29595143728512,-3.8693322728317714,3.98,5.12769026870823,7.47646201509525,0.4241699274978173
9.41,77.28083759926615,-1.1542638880540634,-4.941451337546021,78.6450718232454,-5.438714143761681,-5.153603616306857,3.54,4.56080993749426,5.25396781372322,0.4241699274978173
9.39,77.28083759926615,-1.1542638880540634,-4.941451337546021,76.84274382993345,5.929397303488903,-4.020889833614971,4.2,5.41113043431522,9.82547150304091,0.5306321370316899
9.42,77.28083759926615,-1.1542638880540634,-4.941451337546021,77.6492552641592,3.172460734258975,-3.4219129931083447,4.02,5.17922484427314,6.45488091111166,0.5306321370316899
10.1,74.189769129174,-10.957821272808976,6.524345794943476,74.85035187720989,-15.169501007296194,4.254144655244563,3.49,4.49639171803812,3.98682742609008,0.38545495314329326
10.20,74.189769129174,-10.957821272808976,6.524345794943476,74.65017659388936,-13.67459491294265,5.529687935528305,3.16,4.07123146962764,2.47681384503656,0.38545495314329326
10.2,74.189769129174,-10.957821272808976,6.524345794943476,75.0204998545346,-16.19408292185226,2.7754541419621415,4.65,5.99089440942042,5.2509481182749,0.3744295914491721
10.12,74.189769129174,-10.957821272808976,6.524345794943476,74.51005328635667,-17.96761329229346,1.5788883281974586,4.62,5.95224347774674,6.72872186039693,0.3744295914491721
10.3,74.189769129174,-10.957821272808976,6.524345794943476,72.98867630208115,-11.253987507896523,7.2162612568053675,1.47,1.89389565201033,1.02698726752424,0.1822294216942777
10.47,74.189769129174,-10.957821272808976,6.524345794943476,70.36613057052227,-9.411708073673974,5.195572717238162,1.66,2.13868488594363,3.26537007203996,0.1822294216942777
10.6,74.189769129174,-10.957821272808976,6.524345794943476,73.42908229065533,-14.52794490338466,2.3793876193020758,4.37,5.63015238046607,4.51950691432988,0.2034845997381546
10.12,74.189769129174,-10.957821272808976,6.524345794943476,74.51005328635667,-17.96761329229346,1.5788883281974586,4.62,5.95224347774674,6.72872186039693,0.2034845997381546
10.9,74.189769129174,-10.957821272808976,6.524345794943476,70.10586555178952,1.909976918773315,8.777699808134143,7.58,9.76580206954985,15.5872090776928,0.49843837282245307
10.16,74.189769129174,-10.957821272808976,6.524345794943476,70.96673394840067,-0.20214905627985447,10.731310163426212,7.66,9.86887122067966,12.8386476796895,0.49843837282245307
10.10,74.189769129174,-10.957821272808976,6.524345794943476,72.78849009781344,-16.442955033236785,0.2569614688970878,5.96,7.67865175917112,6.69776905948316,0.2200729056290999
10.21,74.189769129174,-10.957821272808976,6.524345794943476,74.42998215113582,-19.11305758959986,-0.48883689055059243,6.11,7.87190641753952,8.22703078334347,0.2200729056290999
10.12,74.189769129174,-10.957821272808976,6.524345794943476,74.51005328635667,-17.96761329229346,1.5788883281974586,4.62,5.95224347774674,6.72872186039693,0.3575556138923306
10.39,74.189769129174,-10.957821272808976,6.524345794943476,75.22067250838613,-15.122376806959714,3.1109603543943765,4.7,6.05531262887655,4.49695639167535,0.3575556138923306
10.13,74.189769129174,-10.957821272808976,6.524345794943476,72.9586531804394,-15.8109620730556,1.0725171537272926,5.09,6.5577747406344,5.93729835841459,0.12210542725307644
10.39,74.189769129174,-10.957821272808976,6.524345794943476,75.22067250838613,-15.122376806959714,3.1109603543943765,4.7,6.05531262887655,4.49695639167535,0.12210542725307644
10.14,74.189769129174,-10.957821272808976,6.524345794943476,76.41167925861109,-15.021046906071645,5.679337935068207,3.47,4.47062443025567,3.7552982085253,0.110472219202604
10.20,74.189769129174,-10.957821272808976,6.524345794943476,74.65017659388936,-13.67459491294265,5.529687935528305,3.16,4.07123146962764,2.47681384503656,0.110472219202604
10.20,74.189769129174,-10.957821272808976,6.524345794943476,74.65017659388936,-13.67459491294265,5.529687935528305,3.16,4.07123146962764,2.47681384503656,0.46777614227288594
10.45,74.189769129174,-10.957821272808976,6.524345794943476,76.95212314050131,-15.364019724724399,5.07650921808962,3.45,4.44485714247322,4.2950473003555,0.46777614227288594
10.22,74.189769129174,-10.957821272808976,6.524345794943476,75.07054320699378,-4.488568428164363,13.888937421722325,5.74,7.39521159356413,8.92740171346751,0.1254940499624502
10.24,74.189769129174,-10.957821272808976,6.524345794943476,73.97958077423469,-3.9626780404307116,15.77876877116684,5.8,7.47251345691149,10.2063533380528,0.1254940499624502
10.22,74.189769129174,-10.957821272808976,6.524345794943476,75.07054320699378,-4.488568428164363,13.888937421722325,5.74,7.39521159356413,8.92740171346751,0.8428520925260041
10.42,74.189769129174,-10.957821272808976,6.524345794943476,74.35992065617702,-6.292087854499917,13.163121329337368,5.72,7.36944430578168,7.0179858953495,0.8428520925260041
10.22,74.189769129174,-10.957821272808976,6.524345794943476,75.07054320699378,-4.488568428164363,13.888937421722325,5.74,7.39521159356413,8.92740171346751,0.32544412431747216
10.43,74.189769129174,-10.957821272808976,6.524345794943476,74.71022901939526,-3.5599924494217894,15.786523144884779,6.2,7.98785921256056,10.5742848301043,0.32544412431747216
10.24,74.189769129174,-10.957821272808976,6.524345794943476,73.97958077423469,-3.9626780404307116,15.77876877116684,5.8,7.47251345691149,10.2063533380528,0.2726444319335346
10.42,74.189769129174,-10.957821272808976,6.524345794943476,74.35992065617702,-6.292087854499917,13.163121329337368,5.72,7.36944430578168,7.0179858953495,0.2726444319335346
10.30,74.189769129174,-10.957821272808976,6.524345794943476,71.90765451716463,-4.937254873659924,11.61091295802541,4.93,6.35163643837477,7.68027436114279,0.1241891641489794
10.40,74.189769129174,-10.957821272808976,6.524345794943476,74.80030778385454,-6.385549235090271,11.574022197739264,4.5,5.79763975105202,6.16796978197106,0.1241891641489794
10.31,74.189769129174,-10.957821272808976,6.524345794943476,72.90860203473173,-10.873875223336215,6.813651969001278,1.54,1.98408115924891,0.979696970322365,0.3404495454015992
10.47,74.189769129174,-10.957821272808976,6.524345794943476,70.36613057052227,-9.411708073673974,5.195572717238162,1.66,2.13868488594363,3.26537007203996,0.3404495454015992
10.34,74.189769129174,-10.957821272808976,6.524345794943476,72.55827418963963,-5.113204354059986,10.840237754121219,4.74,6.10684720444146,7.10048887265841,0.16823878302678769
10.44,74.189769129174,-10.957821272808976,6.524345794943476,74.57010640067196,-7.213886672715885,10.995934779838045,4.21,5.42401407820645,5.18336775167247,0.16823878302678769
10.40,74.189769129174,-10.957821272808976,6.524345794943476,74.80030778385454,-6.385549235090271,11.574022197739264,4.5,5.79763975105202,6.16796978197106,0.7026461106860405
10.41,74.189769129174,-10.957821272808976,6.524345794943476,74.8603605108055,-5.284133059136941,13.101130236118452,4.72,6.08107991665901,7.84859286559447,0.7026461106860405
10.41,74.189769129174,-10.957821272808976,6.524345794943476,74.8603605108055,-5.284133059136941,13.101130236118452,4.72,6.08107991665901,7.84859286559447,0.20677378623539244
10.44,74.189769129174,-10.957821272808976,6.524345794943476,74.57010640067196,-7.213886672715885,10.995934779838045,4.21,5.42401407820645,5.18336775167247,0.20677378623539244
11.1,52.94949465205231,0.19904096652190173,1.5191338140406518,49.89331949711833,5.893771046774409,3.612976605829221,6.13,7.89767370532197,7.88354004615135,0.6762134239534852
11.38,52.94949465205231,0.19904096652190173,1.5191338140406518,51.28208614221114,3.982104630713579,2.5057148805348595,6.1,7.85902277364829,5.3245952570902,0.6762134239534852
11.1,52.94949465205231,0.19904096652190173,1.5191338140406518,49.89331949711833,5.893771046774409,3.612976605829221,6.13,7.89767370532197,7.88354004615135,0.16859566399557724
11.44,52.94949465205231,0.19904096652190173,1.5191338140406518,52.40351547691999,3.66078362908423,5.469805374323622,6.19,7.97497556866933,5.50907384157265,0.16859566399557724
11.7,52.94949465205231,0.19904096652190173,1.5191338140406518,47.77193163128765,3.423258568557408,-3.3644036201857963,7.4,9.53389647950777,8.10667284202404,0.36416960939648657
11.36,52.94949465205231,0.19904096652190173,1.5191338140406518,50.08175393560724,1.5141727557947404,-2.428460497694407,7.07,9.10873623109728,5.0820603372297,0.36416960939648657
11.10,52.94949465205231,0.19904096652190173,1.5191338140406518,56.942798864607155,-12.47152850882699,-0.22823490326142615,9.59,12.3554144916864,14.1886510679735,0.2214726919069759
11.40,52.94949465205231,0.19904096652190173,1.5191338140406518,58.88136322840954,-14.167771979946565,0.2089360699059517,10.08,12.9867130423565,15.8513722628156,0.2214726919069759
11.13,52.94949465205231,0.19904096652190173,1.5191338140406518,49.35784475204211,4.106215808408809,-0.7165566523724021,6.57,8.46455403653595,6.68903965887486,0.11202149407175181
11.36,52.94949465205231,0.19904096652190173,1.5191338140406518,50.08175393560724,1.5141727557947404,-2.428460497694407,7.07,9.10873623109728,5.0820603372297,0.11202149407175181
11.15,52.94949465205231,0.19904096652190173,1.5191338140406518,56.97261608404489,-10.910178665333781,-0.4556360699885298,9.65,12.4327163550338,13.0624517306996,0.10345511954764212
11.40,52.94949465205231,0.19904096652190173,1.5191338140406518,58.88136322840954,-14.167771979946565,0.2089360699059517,10.08,12.9867130423565,15.8513722628156,0.10345511954764212
11.25,52.94949465205231,0.19904096652190173,1.5191338140406518,54.35954297533955,-9.433797869111638,-4.578881732608098,9.23,11.8916033116023,12.0929645200852,0.18662481871733227
11.48,52.94949465205231,0.19904096652190173,1.5191338140406518,53.65444303169066,-10.99729427798607,-5.611610945255219,9.31,11.9946724627321,13.4196224618472,0.18662481871733227
11.26,52.94949465205231,0.19904096652190173,1.5191338140406518,45.781191609518665,5.469957516455127,-8.573011140874321,12.75,16.4266459613141,12.71034117367,0.29242360123105704
11.37,52.94949465205231,0.19904096652190173,1.5191338140406518,45.56341448274691,6.131403816445058,-11.192977293579819,13.05,16.8131552780509,14.2191272925544,0.29242360123105704
11.29,52.94949465205231,0.19904096652190173,1.5191338140406518,47.13786637310938,13.793262350071501,5.69914302578709,12.22,15.743812835079,15.2863473625574,0.1631133655310553
11.47,52.94949465205231,0.19904096652190173,1.5191338140406518,48.90178879590782,11.944949597308629,5.567431100786724,11.66,15.0223287771703,13.4164295022239,0.1631133655310553
11.41,52.94949465205231,0.19904096652190173,1.5191338140406518,57.539183714688505,-13.100884220386966,0.466459960335186,8.41,10.8351445125217,14.7406144420751,0.3122442751854786
11.43,52.94949465205231,0.19904096652190173,1.5191338140406518,56.25706798389214,-9.932522857216853,0.36300884700448677,8.27,10.6547734980445,12.0423613638937,0.3122442751854786
12.1,50.68720611576005,-17.243438663876788,19.088589323181992,53.55985696235166,-26.78187673914101,15.881908667557877,6.04,7.78172091030093,6.66058995589551,0.29040138499031587
12.36,50.68720611576005,-17.243438663876788,19.088589323181992,51.84831805143101,-25.065328731762094,17.068079282141678,5.6,7.21484057908696,4.98920265062649,0.29040138499031587
12.8,50.68720611576005,-17.243438663876788,19.088589323181992,49.485992964011146,-14.832165627418625,19.90020851738723,3.91,5.03750476146964,2.14348211888002,0.6379297487328588
12.38,50.68720611576005,-17.243438663876788,19.088589323181992,48.885361339788005,-12.671771319739566,20.33378054754056,3.96,5.10192298092578,3.83001570694017,0.6379297487328588
13.1,74.189769129174,14.878296791982159,-2.810230599148067,82.71666040339689,2.045229306278651,1.8026342335941026,7.93,10.2167296057428,14.1163346060489,0.26789815923410376
13.12,74.189769129174,14.878296791982159,-2.810230599148067,82.16853256183944,0.1773842110063817,-0.4980395395279391,8.24,10.6161225663708,15.6806040433644,0.26789815923410376
13.1,74.189769129174,14.878296791982159,-2.810230599148067,82.71666040339689,2.045229306278651,1.8026342335941026,7.93,10.2167296057428,14.1163346060489,0.6504482130500316
13.19,74.189769129174,14.878296791982159,-2.810230599148067,81.87953116712421,3.149712216559575,1.226734517751793,7.73,9.95905672791825,12.5172393814639,0.6504482130500316
13.3,74.189769129174,14.878296791982159,-2.810230599148067,66.94633283999993,26.853664836829992,-4.9954478935569036,6.72,8.65780869490435,8.88715062015262,0.4166001112628948
13.38,74.189769129174,14.878296791982159,-2.810230599148067,69.2636104537998,25.330195071518624,-5.170397682034866,6.9,8.88971428494643,7.27999456988274,0.4166001112628948
13.3,74.189769129174,14.878296791982159,-2.810230599148067,66.94633283999993,26.853664836829992,-4.9954478935569036,6.72,8.65780869490435,8.88715062015262,0.14816651876373949
13.43,74.189769129174,14.878296791982159,-2.810230599148067,69.05471504359119,23.89511501182784,-3.7307422190168804,6.42,8.27129937816755,6.73719446218136,0.14816651876373949
13.6,74.189769129174,14.878296791982159,-2.810230599148067,81.4211342916447,2.2447834504533137,-0.7291224256781748,7.33,9.44371097226918,13.0287562245958,0.6080410106313752
13.18,74.189769129174,14.878296791982159,-2.810230599148067,80.76347494997299,3.893003353278357,-1.0021488546788637,6.92,8.91548157272888,11.0768201685614,0.6080410106313752
13.7,74.189769129174,14.878296791982159,-2.810230599148067,78.37240209281721,7.012906279619758,-0.9717987065614775,5.29,6.81544761845893,7.41620919253633,0.4933341730163652
13.13,74.189769129174,14.878296791982159,-2.810230599148067,79.45826470681745,5.374537955529446,0.4601817346911119,5.7,7.34367701799923,9.46036857966095,0.4933341730163652
13.11,74.189769129174,14.878296791982159,-2.810230599148067,79.72726100384654,4.2009553449864345,-3.252156217814939,5.8,7.47251345691149,10.5194283724702,0.3502145403782523
13.17,74.189769129174,14.878296791982159,-2.810230599148067,77.05760837556237,5.617586476237224,-4.549253453064672,5.83,7.51116438858517,8.66635046092342,0.3502145403782523
13.12,74.189769129174,14.878296791982159,-2.810230599148067,82.16853256183944,0.1773842110063817,-0.4980395395279391,8.24,10.6161225663708,15.6806040433644,0.11056255607266476
13.19,74.189769129174,14.878296791982159,-2.810230599148067,81.87953116712421,3.149712216559575,1.226734517751793,7.73,9.95905672791825,12.5172393814639,0.11056255607266476
13.25,74.189769129174,14.878296791982159,-2.810230599148067,76.1413696383268,9.41053004086262,-3.92938532512932,3.61,4.65099544473284,4.81319005184024,0.11147470047256022
13.31,74.189769129174,14.878296791982159,-2.810230599148067,78.14329384282064,8.1542983221356,-1.460056314755076,4.0,5.15345755649068,6.31271253826816,0.11147470047256022
13.25,74.189769129174,14.878296791982159,-2.810230599148067,76.1413696383268,9.41053004086262,-3.92938532512932,3.61,4.65099544473284,4.81319005184024,0.19484880818718733
13.47,74.189769129174,14.878296791982159,-2.810230599148067,78.2628276801532,7.606864068162245,-1.5649056243300707,3.93,5.0632720492521,6.8083938271902,0.19484880818718733
13.26,74.189769129174,14.878296791982159,-2.810230599148067,76.56959799838918,10.481757673183267,-2.1607502923632227,3.24,4.17430062075745,3.89964717206426,0.606375969759968
13.41,74.189769129174,14.878296791982159,-2.810230599148067,77.9540349004855,8.359157758787095,-2.142293672387896,3.56,4.58657722527671,6.04783118448147,0.606375969759968
13.26,74.189769129174,14.878296791982159,-2.810230599148067,76.56959799838918,10.481757673183267,-2.1607502923632227,3.24,4.17430062075745,3.89964717206426,0.7462371446229374
13.46,74.189769129174,14.878296791982159,-2.810230599148067,78.11341063745502,8.710744089713007,-1.6426494728152274,3.35,4.31602070356095,5.83294782917631,0.7462371446229374
13.31,74.189769129174,14.878296791982159,-2.810230599148067,78.14329384282064,8.1542983221356,-1.460056314755076,4.0,5.15345755649068,6.31271253826816,0.13017998627034447
13.36,74.189769129174,14.878296791982159,-2.810230599148067,76.6791489161865,9.59273077583539,-3.90742460213771,3.56,4.58657722527671,4.78642698386864,0.13017998627034447
13.36,74.189769129174,14.878296791982159,-2.810230599148067,76.6791489161865,9.59273077583539,-3.90742460213771,3.56,4.58657722527671,4.78642698386864,0.22690290296891114
13.47,74.189769129174,14.878296791982159,-2.810230599148067,78.2628276801532,7.606864068162245,-1.5649056243300707,3.93,5.0632720492521,6.8083938271902,0.22690290296891114
13.42,74.189769129174,14.878296791982159,-2.810230599148067,67.37390472925394,23.831562036785712,-10.202167682352425,7.81,10.0621258790481,8.4265834126792,0.2773593885396443
13.48,74.189769129174,14.878296791982159,-2.810230599148067,69.1740830770275,21.84818103226782,-9.197783798676152,7.38,9.50812919172531,6.73989442169898,0.2773593885396443
14.2,20.043897069064762,-17.323029845872945,20.26111766567224,23.73963229609319,-25.756512765474664,24.524334824236355,3.3,4.25160248410481,5.0188827293094,0.16514417693967162
14.3,20.043897069064762,-17.323029845872945,20.26111766567224,22.5458933010688,-23.331347017831433,23.42530105432774,3.07,3.9552786746066,3.62211955111427,0.16514417693967162
14.9,20.043897069064762,-17.323029845872945,20.26111766567224,19.224142727831726,-11.675562105479182,21.73892778750869,3.95,5.08903933703455,4.20611627847456,0.39498300531191255
14.10,20.043897069064762,-17.323029845872945,20.26111766567224,19.013896966639336,-9.518753808294978,22.307774080819375,4.4,5.66880331213975,5.97190504765756,0.39498300531191255
14.9,20.043897069064762,-17.323029845872945,20.26111766567224,19.224142727831726,-11.675562105479182,21.73892778750869,3.95,5.08903933703455,4.20611627847456,0.11789893900679471
14.15,20.043897069064762,-17.323029845872945,20.26111766567224,19.34703872741813,-13.869562673853697,21.085263749477136,3.36,4.32890434745217,2.49866062598246,0.11789893900679471
14.10,20.043897069064762,-17.323029845872945,20.26111766567224,19.013896966639336,-9.518753808294978,22.307774080819375,4.4,5.66880331213975,5.97190504765756,0.1158309043038176
14.12,20.043897069064762,-17.323029845872945,20.26111766567224,18.970163474995225,-6.966144576492916,23.14595830518904,4.99,6.42893830172213,8.19796068159826,0.1158309043038176
14.11,20.043897069064762,-17.323029845872945,20.26111766567224,18.795484006577816,-8.232579264754097,22.408331028273825,4.73,6.09396356055023,7.02367046267033,0.21460044935009603
14.13,20.043897069064762,-17.323029845872945,20.26111766567224,19.136474431199417,-5.610323059714845,24.26686107833074,5.18,6.67372753565544,9.54178771281673,0.21460044935009603
14.12,20.043897069064762,-17.323029845872945,20.26111766567224,18.970163474995225,-6.966144576492916,23.14595830518904,4.99,6.42893830172213,8.19796068159826,0.21767382612578673
14.13,20.043897069064762,-17.323029845872945,20.26111766567224,19.136474431199417,-5.610323059714845,24.26686107833074,5.18,6.67372753565544,9.54178771281673,0.21767382612578673
14.17,20.043897069064762,-17.323029845872945,20.26111766567224,16.454269247254125,-12.28316761957171,14.500629747148485,3.68,4.74118095197143,4.64073028550411,0.24411186978349883
14.45,20.043897069064762,-17.323029845872945,20.26111766567224,17.919587113202823,-14.326197195348556,17.08066347219787,3.84,4.94731925423106,2.60916270713962,0.24411186978349883
14.18,20.043897069064762,-17.323029845872945,20.26111766567224,15.644351937366928,-10.740928071492794,11.607511617503018,4.55,5.86205797050815,6.51689320355766,0.11450600936446434
14.23,20.043897069064762,-17.323029845872945,20.26111766567224,16.504779050394284,-12.22087751423162,14.054800072852213,5.1,6.57065838452562,4.78922704901482,0.11450600936446434
14.22,20.043897069064762,-17.323029845872945,20.26111766567224,21.13058877605497,-21.444874284841347,21.04013373513956,2.16,2.78286708050497,2.39673679821322,0.2136803643490663
14.26,20.043897069064762,-17.323029845872945,20.26111766567224,21.202267409487725,-23.303390224442555,18.762017587489765,2.29,2.95035445109092,3.84610015999633,0.2136803643490663
14.22,20.043897069064762,-17.323029845872945,20.26111766567224,21.13058877605497,-21.444874284841347,21.04013373513956,2.16,2.78286708050497,2.39673679821322,0.1476480119853594
14.31,20.043897069064762,-17.323029845872945,20.26111766567224,19.681533397805772,-18.4835022549861,19.782068049328416,2.26,2.91170351941724,0.87333786132518,0.1476480119853594
14.24,20.043897069064762,-17.323029845872945,20.26111766567224,20.55899319959841,-21.114149406147558,19.128377395093725,1.88,2.42212505155062,2.53281406120115,0.10223432485959251
14.26,20.043897069064762,-17.323029845872945,20.26111766567224,21.202267409487725,-23.303390224442555,18.762017587489765,2.29,2.95035445109092,3.84610015999633,0.10223432485959251
14.24,20.043897069064762,-17.323029845872945,20.26111766567224,20.55899319959841,-21.114149406147558,19.128377395093725,1.88,2.42212505155062,2.53281406120115,0.32454950927846893
14.31,20.043897069064762,-17.323029845872945,20.26111766567224,19.681533397805772,-18.4835022549861,19.782068049328416,2.26,2.91170351941724,0.87333786132518,0.32454950927846893
14.26,20.043897069064762,-17.323029845872945,20.26111766567224,21.202267409487725,-23.303390224442555,18.762017587489765,2.29,2.95035445109092,3.84610015999633,0.13092908035321507
14.30,20.043897069064762,-17.323029845872945,20.26111766567224,21.247088864608727,-21.564740924625568,21.398620761501547,2.46,3.16937639724177,2.45287676956815,0.13092908035321507
14.26,20.043897069064762,-17.323029845872945,20.26111766567224,21.202267409487725,-23.303390224442555,18.762017587489765,2.29,2.95035445109092,3.84610015999633,0.16985176847191957
14.33,20.043897069064762,-17.323029845872945,20.26111766567224,21.31884786517123,-21.186950562542663,21.000442620782454,1.88,2.42212505155062,2.31658407805112,0.16985176847191957
14.26,20.043897069064762,-17.323029845872945,20.26111766567224,21.202267409487725,-23.303390224442555,18.762017587489765,2.29,2.95035445109092,3.84610015999633,0.14007087057425693
14.36,20.043897069064762,-17.323029845872945,20.26111766567224,21.3547452941516,-21.439918946931453,21.03889071018105,2.62,3.3755146995014,2.44854925922725,0.14007087057425693
14.27,20.043897069064762,-17.323029845872945,20.26111766567224,21.202267409487725,-23.540708184742854,18.573981368074428,2.81,3.62030393343471,4.01862478694343,0.15073607239695597
14.30,20.043897069064762,-17.323029845872945,20.26111766567224,21.247088864608727,-21.564740924625568,21.398620761501547,2.46,3.16937639724177,2.45287676956815,0.15073607239695597
14.27,20.043897069064762,-17.323029845872945,20.26111766567224,21.202267409487725,-23.540708184742854,18.573981368074428,2.81,3.62030393343471,4.01862478694343,0.24190728180565274
14.36,20.043897069064762,-17.323029845872945,20.26111766567224,21.3547452941516,-21.439918946931453,21.03889071018105,2.62,3.3755146995014,2.44854925922725,0.24190728180565274
14.30,20.043897069064762,-17.323029845872945,20.26111766567224,21.247088864608727,-21.564740924625568,21.398620761501547,2.46,3.16937639724177,2.45287676956815,0.11218671250187107
14.31,20.043897069064762,-17.323029845872945,20.26111766567224,19.681533397805772,-18.4835022549861,19.782068049328416,2.26,2.91170351941724,0.87333786132518,0.11218671250187107
14.31,20.043897069064762,-17.323029845872945,20.26111766567224,19.681533397805772,-18.4835022549861,19.782068049328416,2.26,2.91170351941724,0.87333786132518,0.11868843685656502
14.36,20.043897069064762,-17.323029845872945,20.26111766567224,21.3547452941516,-21.439918946931453,21.03889071018105,2.62,3.3755146995014,2.44854925922725,0.11868843685656502
14.34,20.043897069064762,-17.323029845872945,20.26111766567224,15.273062935770795,-5.199614327849877,15.2680339906705,6.18,7.96209192477811,9.66709100528557,0.7439280520237578
14.35,20.043897069064762,-17.323029845872945,20.26111766567224,15.487228608870872,-3.3021714060093856,14.991890758999277,6.47,8.33571759762368,11.4679685759943,0.7439280520237578
14.34,20.043897069064762,-17.323029845872945,20.26111766567224,15.273062935770795,-5.199614327849877,15.2680339906705,6.18,7.96209192477811,9.66709100528557,0.14997908310415953
14.38,20.043897069064762,-17.323029845872945,20.26111766567224,14.620480005581314,-1.7985031136977803,13.464503190656806,6.05,7.79460455419216,13.3436388529888,0.14997908310415953
14.35,20.043897069064762,-17.323029845872945,20.26111766567224,15.487228608870872,-3.3021714060093856,14.991890758999277,6.47,8.33571759762368,11.4679685759943,0.4840181499108955
14.38,20.043897069064762,-17.323029845872945,20.26111766567224,14.620480005581314,-1.7985031136977803,13.464503190656806,6.05,7.79460455419216,13.3436388529888,0.4840181499108955
14.37,20.043897069064762,-17.323029845872945,20.26111766567224,17.507168140728126,-10.308640489581633,18.67048728437955,4.12,5.3080612831854,5.0100217235082,0.37326146813787453
14.40,20.043897069064762,-17.323029845872945,20.26111766567224,16.55533364056189,-8.422768827295368,17.396982415777916,4.5,5.79763975105202,6.6174822431549,0.37326146813787453
14.39,20.043897069064762,-17.323029845872945,20.26111766567224,15.536790247117771,-4.87771087455241,15.711875141620911,4.78,6.15838178000637,9.88825899896312,0.10257661465179017
14.40,20.043897069064762,-17.323029845872945,20.26111766567224,16.55533364056189,-8.422768827295368,17.396982415777916,4.5,5.79763975105202,6.6174822431549,0.10257661465179017
15.1,73.54553450059505,9.415566335528979,5.413596435324597,77.28459080605694,3.2504348823355067,4.799943867565748,4.39,5.65591966824853,7.16031368130639,0.15032549703094836
15.40,73.54553450059505,9.415566335528979,5.413596435324597,77.98096525512865,1.6842650093645273,5.022105631700469,4.99,6.42893830172213,9.3625431193223,0.15032549703094836
15.4,73.54553450059505,9.415566335528979,5.413596435324597,79.16498421544269,0.459461892088453,6.297351517792027,6.98,8.99278343607625,11.6374014233037,0.30304339973555583
15.6,73.54553450059505,9.415566335528979,5.413596435324597,79.17493485459843,-2.004554188137775,4.2753396549658484,7.36,9.48236190394286,15.0467707306569,0.30304339973555583
15.4,73.54553450059505,9.415566335528979,5.413596435324597,79.16498421544269,0.459461892088453,6.297351517792027,6.98,8.99278343607625,11.6374014233037,0.5965326011098955
15.17,73.54553450059505,9.415566335528979,5.413596435324597,79.99094317915414,-1.0247136183531014,8.109227297777434,6.64,8.55473954377454,14.3392424263727,0.5965326011098955
15.4,73.54553450059505,9.415566335528979,5.413596435324597,79.16498421544269,0.459461892088453,6.297351517792027,6.98,8.99278343607625,11.6374014233037,0.4397494341364574
15.29,73.54553450059505,9.415566335528979,5.413596435324597,78.88637141889542,-0.8743079926468722,5.134236055150687,7.41,9.54678012339899,13.3089281076023,0.4397494341364574
15.6,73.54553450059505,9.415566335528979,5.413596435324597,79.17493485459843,-2.004554188137775,4.2753396549658484,7.36,9.48236190394286,15.0467707306569,0.8408498924150622
15.29,73.54553450059505,9.415566335528979,5.413596435324597,78.88637141889542,-0.8743079926468722,5.134236055150687,7.41,9.54678012339899,13.3089281076023,0.8408498924150622
15.8,73.54553450059505,9.415566335528979,5.413596435324597,72.0049563918019,14.477087340412087,8.131599012448909,4.42,5.69457059992221,4.39963347881811,0.11973350262101719
15.18,73.54553450059505,9.415566335528979,5.413596435324597,69.70995340914465,16.199930171092557,5.438900916239953,4.69,6.04242898498533,6.18375363111165,0.11973350262101719
15.12,73.54553450059505,9.415566335528979,5.413596435324597,69.08425569715934,18.260138384112835,11.491663722991818,5.46,7.03446956460978,7.83942852236938,0.2174405307994613
15.26,73.54553450059505,9.415566335528979,5.413596435324597,70.832468497909,16.27531148229672,9.41752409359895,5.05,6.50624016506949,5.94787354910904,0.2174405307994613
15.12,73.54553450059505,9.415566335528979,5.413596435324597,69.08425569715934,18.260138384112835,11.491663722991818,5.46,7.03446956460978,7.83942852236938,0.3840458328233349
15.33,73.54553450059505,9.415566335528979,5.413596435324597,70.69337971922417,15.873470476106155,10.026203390475752,5.25,6.76391304289402,5.88301957188446,0.3840458328233349
15.12,73.54553450059505,9.415566335528979,5.413596435324597,69.08425569715934,18.260138384112835,11.491663722991818,5.46,7.03446956460978,7.83942852236938,0.24866728145976705
15.35,73.54553450059505,9.415566335528979,5.413596435324597,70.71324909619526,16.871371939225334,9.998122352951277,5.21,6.71237846732912,6.40018581586471,0.24866728145976705
15.15,73.54553450059505,9.415566335528979,5.413596435324597,67.55518347906133,15.641559155033624,1.4826968049943323,5.38,6.93140041347997,7.68934207746338,0.10433432258231629
15.48,73.54553450059505,9.415566335528979,5.413596435324597,68.98494764966975,14.61032810936308,1.7213320080782912,5.53,7.12465507184837,6.45175347688801,0.10433432258231629
15.17,73.54553450059505,9.415566335528979,5.413596435324597,79.99094317915414,-1.0247136183531014,8.109227297777434,6.64,8.55473954377454,14.3392424263727,0.6385874940824351
15.20,73.54553450059505,9.415566335528979,5.413596435324597,78.737119799045,0.8889236476339879,6.7047272261432145,6.44,8.29706666595,11.0485399190131,0.6385874940824351
15.22,73.54553450059505,9.415566335528979,5.413596435324597,76.29985845558069,3.093650052763852,4.522871543989582,4.61,5.93935983385551,7.07589187985719,0.593859845166827
15.40,73.54553450059505,9.415566335528979,5.413596435324597,77.98096525512865,1.6842650093645273,5.022105631700469,4.99,6.42893830172213,9.3625431193223,0.593859845166827
15.22,73.54553450059505,9.415566335528979,5.413596435324597,76.29985845558069,3.093650052763852,4.522871543989582,4.61,5.93935983385551,7.07589187985719,0.19007775938871643
15.44,73.54553450059505,9.415566335528979,5.413596435324597,77.1851151853016,2.275350032836798,4.9874477545083895,4.72,6.08107991665901,8.38583112569809,0.19007775938871643
15.24,73.54553450059505,9.415566335528979,5.413596435324597,68.2203554932051,21.375457818894937,2.907805793584184,7.8,10.0492422351568,9.94298006537828,0.11181513640908532
15.47,73.54553450059505,9.415566335528979,5.413596435324597,65.3024313031562,23.16897697053483,4.220888768444708,8.24,10.6161225663708,11.6884042833763,0.11181513640908532
15.34,73.54553450059505,9.415566335528979,5.413596435324597,75.31529865968311,2.5560275670299393,0.8682686903831005,4.71,6.06819627276778,7.98518672314733,0.319564015277509
15.37,73.54553450059505,9.415566335528979,5.413596435324597,75.06670001413413,3.916685559767097,1.8076997591177868,4.2,5.41113043431522,6.18322688659715,0.319564015277509
15.39,73.54553450059505,9.415566335528979,5.413596435324597,78.52817279874215,0.48424886319881066,6.8624753089671975,5.44,7.00870227682733,11.6036938624478,0.4395781636768937
15.40,73.54553450059505,9.415566335528979,5.413596435324597,77.98096525512865,1.6842650093645273,5.022105631700469,4.99,6.42893830172213,9.3625431193223,0.4395781636768937
15.39,73.54553450059505,9.415566335528979,5.413596435324597,78.52817279874215,0.48424886319881066,6.8624753089671975,5.44,7.00870227682733,11.6036938624478,0.8204718241935516
15.43,73.54553450059505,9.415566335528979,5.413596435324597,78.12025007399316,1.5122441509350937,6.121886237134544,5.27,6.78968033067648,9.89282336665745,0.8204718241935516
15.43,73.54553450059505,9.415566335528979,5.413596435324597,78.12025007399316,1.5122441509350937,6.121886237134544,5.27,6.78968033067648,9.89282336665745,0.12901777181730778
15.44,73.54553450059505,9.415566335528979,5.413596435324597,77.1851151853016,2.275350032836798,4.9874477545083895,4.72,6.08107991665901,8.38583112569809,0.12901777181730778
16.1,77.28083759926615,6.866220455586436,10.758328555762485,78.64593203983527,2.1984940101783534,10.005594626922498,4.02,5.17922484427314,5.6510781749331,0.5480123368866874
16.11,77.28083759926615,6.866220455586436,10.758328555762485,79.63251747539627,1.2342235467916463,10.845388775876618,4.15,5.34671221485909,7.19021633310959,0.5480123368866874
16.3,77.28083759926615,6.866220455586436,10.758328555762485,74.10313702415117,10.129194683516584,8.948083343200697,3.58,4.61234451305916,4.63414828862585,0.5611136173048276
16.39,77.28083759926615,6.866220455586436,10.758328555762485,72.45006812643683,11.552884487987248,9.04452293258795,3.9,5.02462111757842,6.31147626795558,0.5611136173048276
16.4,77.28083759926615,6.866220455586436,10.758328555762485,77.82884243713642,2.790532058066064,7.387403313699492,3.77,4.85713374699247,4.85363870395936,0.10359915793494189
16.16,77.28083759926615,6.866220455586436,10.758328555762485,79.54282364505016,1.0153423032205344,5.978860986042656,4.36,5.61726873657485,7.51764131278593,0.10359915793494189
16.5,77.28083759926615,6.866220455586436,10.758328555762485,80.96806038338691,-2.0673883005896676,9.397413303919656,5.32,6.85409855013261,11.8048596104771,0.9111485343490294
16.9,77.28083759926615,6.866220455586436,10.758328555762485,81.06773524189518,-0.7472605693455425,9.40657651015111,5.51,7.09888778406592,9.99316559559327,0.9111485343490294
16.5,77.28083759926615,6.866220455586436,10.758328555762485,80.96806038338691,-2.0673883005896676,9.397413303919656,5.32,6.85409855013261,11.8048596104771,0.5188872335923445
16.14,77.28083759926615,6.866220455586436,10.758328555762485,80.36006640266677,0.1388332018686378,9.777776457889509,4.91,6.32586915059232,8.66452018498265,0.5188872335923445
16.5,77.28083759926615,6.866220455586436,10.758328555762485,80.96806038338691,-2.0673883005896676,9.397413303919656,5.32,6.85409855013261,11.8048596104771,0.6549552757104167
16.29,77.28083759926615,6.866220455586436,10.758328555762485,81.855200821569,-0.30078519676635107,11.179355507213206,5.27,6.78968033067648,9.67774788200281,0.6549552757104167
16.5,77.28083759926615,6.866220455586436,10.758328555762485,80.96806038338691,-2.0673883005896676,9.397413303919656,5.32,6.85409855013261,11.8048596104771,0.16106560144375456
16.37,77.28083759926615,6.866220455586436,10.758328555762485,80.0610670258202,1.1186565556767225,10.888405268165835,4.92,6.33875279448354,7.42216473755266,0.16106560144375456
16.5,77.28083759926615,6.866220455586436,10.758328555762485,80.96806038338691,-2.0673883005896676,9.397413303919656,5.32,6.85409855013261,11.8048596104771,0.20438304664151574
16.42,77.28083759926615,6.866220455586436,10.758328555762485,80.36006640266677,1.0739832965366292,10.713553695296273,4.92,6.33875279448354,7.51102503649687,0.20438304664151574
16.6,77.28083759926615,6.866220455586436,10.758328555762485,77.99823267538844,1.7237897841900218,6.8018481376072915,4.51,5.81052339494325,6.2812237823186,0.10076514615423812
16.16,77.28083759926615,6.866220455586436,10.758328555762485,79.54282364505016,1.0153423032205344,5.978860986042656,4.36,5.61726873657485,7.51764131278593,0.10076514615423812
16.9,77.28083759926615,6.866220455586436,10.758328555762485,81.06773524189518,-0.7472605693455425,9.40657651015111,5.51,7.09888778406592,9.99316559559327,0.12321727921937835
16.37,77.28083759926615,6.866220455586436,10.758328555762485,80.0610670258202,1.1186565556767225,10.888405268165835,4.92,6.33875279448354,7.42216473755266,0.12321727921937835
16.9,77.28083759926615,6.866220455586436,10.758328555762485,81.06773524189518,-0.7472605693455425,9.40657651015111,5.51,7.09888778406592,9.99316559559327,0.1387933578871756
16.42,77.28083759926615,6.866220455586436,10.758328555762485,80.36006640266677,1.0739832965366292,10.713553695296273,4.92,6.33875279448354,7.51102503649687,0.1387933578871756
16.10,77.28083759926615,6.866220455586436,10.758328555762485,68.58788564841552,19.463711077501834,10.919972376215824,6.57,8.46455403653595,12.3377519615316,0.1469076890178728
16.34,77.28083759926615,6.866220455586436,10.758328555762485,71.21550551076359,17.169655705377707,10.716902338639066,6.11,7.87190641753952,10.0925194686567,0.1469076890178728
16.13,77.28083759926615,6.866220455586436,10.758328555762485,69.503441593499,18.423290269323434,10.386741692570345,6.03,7.76883726640971,11.5226332594885,0.3090961662791085
16.34,77.28083759926615,6.866220455586436,10.758328555762485,71.21550551076359,17.169655705377707,10.716902338639066,6.11,7.87190641753952,10.0925194686567,0.3090961662791085
16.14,77.28083759926615,6.866220455586436,10.758328555762485,80.36006640266677,0.1388332018686378,9.777776457889509,4.91,6.32586915059232,8.66452018498265,0.11363885964145697
16.37,77.28083759926615,6.866220455586436,10.758328555762485,80.0610670258202,1.1186565556767225,10.888405268165835,4.92,6.33875279448354,7.42216473755266,0.11363885964145697
16.14,77.28083759926615,6.866220455586436,10.758328555762485,80.36006640266677,0.1388332018686378,9.777776457889509,4.91,6.32586915059232,8.66452018498265,0.15083220896915225
16.47,77.28083759926615,6.866220455586436,10.758328555762485,78.41674084897488,1.3496703652796094,12.196954906667834,4.59,5.91359254607306,7.16244838174331,0.15083220896915225
16.16,77.28083759926615,6.866220455586436,10.758328555762485,79.54282364505016,1.0153423032205344,5.978860986042656,4.36,5.61726873657485,7.51764131278593,0.18820464568452627
16.22,77.28083759926615,6.866220455586436,10.758328555762485,77.69931080410358,1.9754159878788702,7.246920693147452,3.84,4.94731925423106,5.87511066142298,0.18820464568452627
16.18,77.28083759926615,6.866220455586436,10.758328555762485,69.56315619559047,15.122102186300058,3.522455929572188,6.61,8.51608861210086,11.8710795702329,0.6759174950369996
16.24,77.28083759926615,6.866220455586436,10.758328555762485,71.21550551076359,13.383438583434437,4.248118738026441,6.38,8.21976480260264,9.99043023900055,0.6759174950369996
16.20,77.28083759926615,6.866220455586436,10.758328555762485,79.47306180533737,2.1456719669546986,10.393803550786451,3.13,4.03258053795396,5.90039777975035,0.8278680247249186
16.23,77.28083759926615,6.866220455586436,10.758328555762485,78.0978760668988,3.683121348079077,11.06851454306681,2.96,3.81355859180311,3.88426421636971,0.8278680247249186
16.20,77.28083759926615,6.866220455586436,10.758328555762485,79.47306180533737,2.1456719669546986,10.393803550786451,3.13,4.03258053795396,5.90039777975035,0.129727936238019
16.41,77.28083759926615,6.866220455586436,10.758328555762485,78.6359668573075,4.515904031409779,9.482776915218615,2.55,3.28532919226281,2.75684108954456,0.129727936238019
16.29,77.28083759926615,6.866220455586436,10.758328555762485,81.855200821569,-0.30078519676635107,11.179355507213206,5.27,6.78968033067648,9.67774788200281,0.6319396264107331
16.37,77.28083759926615,6.866220455586436,10.758328555762485,80.0610670258202,1.1186565556767225,10.888405268165835,4.92,6.33875279448354,7.42216473755266,0.6319396264107331
16.29,77.28083759926615,6.866220455586436,10.758328555762485,81.855200821569,-0.30078519676635107,11.179355507213206,5.27,6.78968033067648,9.67774788200281,0.6852896492302049
16.42,77.28083759926615,6.866220455586436,10.758328555762485,80.36006640266677,1.0739832965366292,10.713553695296273,4.92,6.33875279448354,7.51102503649687,0.6852896492302049
16.34,77.28083759926615,6.866220455586436,10.758328555762485,71.21550551076359,17.169655705377707,10.716902338639066,6.11,7.87190641753952,10.0925194686567,0.46139487705663024
16.46,77.28083759926615,6.866220455586436,10.758328555762485,71.21550551076359,14.936168789112692,12.651543613764193,5.95,7.66576811527989,8.33388733835538,0.46139487705663024
17.1,76.06926101415557,1.3219469604012213,24.397236991029313,80.26791522004456,-6.987717743068278,20.40259155100528,5.93,7.64000082749744,8.98021861034523,0.5725051713907966
17.10,76.06926101415557,1.3219469604012213,24.397236991029313,80.70584818340991,-8.109890027449552,18.14113295170403,5.69,7.330793374108,10.7116536521548,0.5725051713907966
17.1,76.06926101415557,1.3219469604012213,24.397236991029313,80.26791522004456,-6.987717743068278,20.40259155100528,5.93,7.64000082749744,8.98021861034523,0.22360450937940643
17.21,76.06926101415557,1.3219469604012213,24.397236991029313,80.46697215372886,-8.920315275528779,18.798075588545938,6.46,8.32283395373245,11.0712467335018,0.22360450937940643
17.3,76.06926101415557,1.3219469604012213,24.397236991029313,78.12843271407766,-4.316042658822184,16.61457100331205,4.65,5.99089440942042,7.60019159692947,0.1900046071655719
17.14,76.06926101415557,1.3219469604012213,24.397236991029313,77.45191105966556,-3.283723928121929,18.59704380557914,4.1,5.28229399540295,5.79844344982206,0.1900046071655719
17.3,76.06926101415557,1.3219469604012213,24.397236991029313,78.12843271407766,-4.316042658822184,16.61457100331205,4.65,5.99089440942042,7.60019159692947,0.4011223354238334
17.38,76.06926101415557,1.3219469604012213,24.397236991029313,79.62102018261393,-4.776689679283519,14.613986207497586,4.88,6.28721821891863,9.14553838893709,0.4011223354238334
17.5,76.06926101415557,1.3219469604012213,24.397236991029313,73.14594997194214,6.299286094526346,27.48734306919578,4.66,6.00377805331165,4.93163089128947,0.15521693008696635
17.7,76.06926101415557,1.3219469604012213,24.397236991029313,75.59187714249856,4.632111246447968,28.61339364000952,4.2,5.41113043431522,3.31031796919993,0.15521693008696635
17.5,76.06926101415557,1.3219469604012213,24.397236991029313,73.14594997194214,6.299286094526346,27.48734306919578,4.66,6.00377805331165,4.93163089128947,0.37141006056141823
17.43,76.06926101415557,1.3219469604012213,24.397236991029313,72.42035287956834,8.098616954692828,27.039219856543028,5.06,6.51912380896072,6.49249119698361,0.37141006056141823
17.7,76.06926101415557,1.3219469604012213,24.397236991029313,75.59187714249856,4.632111246447968,28.61339364000952,4.2,5.41113043431522,3.31031796919993,0.11910504653768386
17.37,76.06926101415557,1.3219469604012213,24.397236991029313,74.70683710256426,6.072369149243306,30.058656321741207,4.51,5.81052339494325,4.59957907492235,0.11910504653768386
17.7,76.06926101415557,1.3219469604012213,24.397236991029313,75.59187714249856,4.632111246447968,28.61339364000952,4.2,5.41113043431522,3.31031796919993,0.14158431362992588
17.46,76.06926101415557,1.3219469604012213,24.397236991029313,73.56346532308933,6.464477197658081,25.992302990294093,4.11,5.29517763929418,4.97115610163404,0.14158431362992588
17.9,76.06926101415557,1.3219469604012213,24.397236991029313,78.95428783747539,-3.9906980735980313,21.78709527873426,3.9,5.02462111757842,5.77222959482932,0.2573693740853036
17.17,76.06926101415557,1.3219469604012213,24.397236991029313,77.2330527379483,-1.750885533274571,20.6003202175421,3.45,4.44485714247322,3.72908782808012,0.2573693740853036
17.10,76.06926101415557,1.3219469604012213,24.397236991029313,80.70584818340991,-8.109890027449552,18.14113295170403,5.69,7.330793374108,10.7116536521548,0.42711960913002933
17.20,76.06926101415557,1.3219469604012213,24.397236991029313,80.34753705300254,-6.882190020776113,19.416363173384088,5.41,6.97005134515365,9.20879158838695,0.42711960913002933
17.12,76.06926101415557,1.3219469604012213,24.397236991029313,79.66082759451037,-4.527134598802718,21.120087828606525,4.15,5.34671221485909,6.57187066282477,0.6178494637200215
17.13,76.06926101415557,1.3219469604012213,24.397236991029313,78.21797817351874,-3.3535487341266323,22.444242575063967,4.02,5.17922484427314,4.90508046124702,0.6178494637200215
17.12,76.06926101415557,1.3219469604012213,24.397236991029313,79.66082759451037,-4.527134598802718,21.120087828606525,4.15,5.34671221485909,6.57187066282477,0.1444488642000139
17.34,76.06926101415557,1.3219469604012213,24.397236991029313,77.18331340661366,-2.9253969652501266,20.06175073270091,3.67,4.7282973080802,4.93957303857903,0.1444488642000139
17.12,76.06926101415557,1.3219469604012213,24.397236991029313,79.66082759451037,-4.527134598802718,21.120087828606525,4.15,5.34671221485909,6.57187066282477,0.11730123970941451
17.39,76.06926101415557,1.3219469604012213,24.397236991029313,78.65577375634761,-3.421373915182435,22.295159299143876,3.61,4.65099544473284,5.09690106136804,0.11730123970941451
17.13,76.06926101415557,1.3219469604012213,24.397236991029313,78.21797817351874,-3.3535487341266323,22.444242575063967,4.02,5.17922484427314,4.90508046124702,0.21228031028903552
17.31,76.06926101415557,1.3219469604012213,24.397236991029313,79.15330527151151,-4.515517668613578,21.966480920513632,4.17,5.37247950264154,6.2376049218495,0.21228031028903552
17.17,76.06926101415557,1.3219469604012213,24.397236991029313,77.2330527379483,-1.750885533274571,20.6003202175421,3.45,4.44485714247322,3.72908782808012,0.1642860141153037
17.39,76.06926101415557,1.3219469604012213,24.397236991029313,78.65577375634761,-3.421373915182435,22.295159299143876,3.61,4.65099544473284,5.09690106136804,0.1642860141153037
17.22,76.06926101415557,1.3219469604012213,24.397236991029313,75.1244780490399,4.637308235022896,28.005407206680122,3.68,4.74118095197143,3.27042630243733,0.21714734533893945
17.46,76.06926101415557,1.3219469604012213,24.397236991029313,73.56346532308933,6.464477197658081,25.992302990294093,4.11,5.29517763929418,4.97115610163404,0.21714734533893945
17.23,76.06926101415557,1.3219469604012213,24.397236991029313,79.68073081768888,-6.235151259216365,13.66702242423312,5.25,6.76391304289402,10.8466863501912,0.5820952879969036
17.38,76.06926101415557,1.3219469604012213,24.397236991029313,79.62102018261393,-4.776689679283519,14.613986207497586,4.88,6.28721821891863,9.14553838893709,0.5820952879969036
18.1,50.68720611576005,28.58463852427029,-2.381363662325331,53.25363348924246,22.653517050304384,-5.158909599220962,5.42,6.98293498904488,4.33415196038194,0.41602688994768044
18.7,50.68720611576005,28.58463852427029,-2.381363662325331,54.261459567528576,21.022260319281227,-6.1514951949367624,5.65,7.27925879854309,5.8416761500289,0.41602688994768044
18.1,50.68720611576005,28.58463852427029,-2.381363662325331,53.25363348924246,22.653517050304384,-5.158909599220962,5.42,6.98293498904488,4.33415196038194,0.2552963895752088
18.19,50.68720611576005,28.58463852427029,-2.381363662325331,54.212044287599966,19.43058474669862,-6.124828539271987,5.71,7.35656066189045,6.4898868939808,0.2552963895752088
18.4,50.68720611576005,28.58463852427029,-2.381363662325331,58.8818791420707,15.653998354341836,-2.97493481958202,6.28,8.09092836369037,10.5925041537605,0.3513618285217199
18.40,50.68720611576005,28.58463852427029,-2.381363662325331,56.7634246949346,17.689460834187376,-3.0793133721547905,6.69,8.61915776323067,8.28878556166265,0.3513618285217199
18.6,50.68720611576005,28.58463852427029,-2.381363662325331,50.056078122540114,34.46299136777364,4.387206890443629,5.59,7.20195693519573,4.79231665923614,0.12528462357796266
18.18,50.68720611576005,28.58463852427029,-2.381363662325331,50.44064099658465,32.88912486553003,2.4832685111052966,5.47,7.04735320850101,3.49709835821886,0.12528462357796266
18.8,50.68720611576005,28.58463852427029,-2.381363662325331,56.674372415064965,16.936597247941943,-2.8327511749224765,5.53,7.12465507184837,8.56538326984933,0.18881499304158125
18.46,50.68720611576005,28.58463852427029,-2.381363662325331,55.63569253278273,19.861295678357205,-2.1501753928120593,6.01,7.74306997862725,6.57512383656947,0.18881499304158125
18.12,50.68720611576005,28.58463852427029,-2.381363662325331,50.51953807723801,33.037064495998195,4.089660582378474,5.01,6.45470558950458,4.36067115191342,0.12017183744402103
18.30,50.68720611576005,28.58463852427029,-2.381363662325331,51.091653687614425,30.695190305041862,1.1013088691639528,4.62,5.95224347774674,2.37373610903417,0.12017183744402103
18.14,50.68720611576005,28.58463852427029,-2.381363662325331,56.34787755642468,16.662723552003765,-2.18739654068163,6.95,8.95413250440256,8.47560948241248,0.10242512458572484
18.32,50.68720611576005,28.58463852427029,-2.381363662325331,57.72342831849522,15.88235114249581,-2.043586263542374,6.96,8.96701614829379,9.70696633521222,0.10242512458572484
18.22,50.68720611576005,28.58463852427029,-2.381363662325331,51.861365409495306,21.20170729310805,-4.846632295704567,6.3,8.11669565147283,4.30105210239124,0.14927107155208152
18.31,50.68720611576005,28.58463852427029,-2.381363662325331,53.89581479486263,18.733677496025557,-7.090782727363765,6.45,8.30995030984123,6.96561620283573,0.14927107155208152
18.25,50.68720611576005,28.58463852427029,-2.381363662325331,54.814996713569826,16.988061018259337,-7.329820776942619,6.36,8.19399751482019,8.3325452374359,0.23646662444994543
18.31,50.68720611576005,28.58463852427029,-2.381363662325331,53.89581479486263,18.733677496025557,-7.090782727363765,6.45,8.30995030984123,6.96561620283573,0.23646662444994543
18.28,50.68720611576005,28.58463852427029,-2.381363662325331,58.772941648367436,14.844807148857553,-2.1417080016275625,7.91,10.1909623179603,10.8793356326061,0.11832642148220777
18.38,50.68720611576005,28.58463852427029,-2.381363662325331,59.44644460035076,12.9973828437554,-0.26166833436356285,7.45,9.5983146989639,12.3050392591134,0.11832642148220777
18.32,50.68720611576005,28.58463852427029,-2.381363662325331,57.72342831849522,15.88235114249581,-2.043586263542374,6.96,8.96701614829379,9.70696633521222,0.2577089921114187
18.40,50.68720611576005,28.58463852427029,-2.381363662325331,56.7634246949346,17.689460834187376,-3.0793133721547905,6.69,8.61915776323067,8.28878556166265,0.2577089921114187
18.40,50.68720611576005,28.58463852427029,-2.381363662325331,56.7634246949346,17.689460834187376,-3.0793133721547905,6.69,8.61915776323067,8.28878556166265,0.29810316780126556
18.44,50.68720611576005,28.58463852427029,-2.381363662325331,57.604643667942014,15.13446003446306,-1.441701292312958,6.35,8.18111387092896,10.0113104985093,0.29810316780126556
19.3,54.02700454685316,45.994927375457074,-9.40565876743944,57.908832125491315,40.4607782149875,-8.624600631138101,3.15,4.05834782573641,4.08080096083602,0.2839177766816823
19.26,54.02700454685316,45.994927375457074,-9.40565876743944,56.35671343714746,42.944990800485805,-8.146682995265198,2.79,3.59453664565225,2.46596013386956,0.2839177766816823
19.4,54.02700454685316,45.994927375457074,-9.40565876743944,47.44932703108047,52.08857931332239,-8.003586999890322,7.87,10.1394277423954,6.90364065195056,0.1804325605596981
19.9,54.02700454685316,45.994927375457074,-9.40565876743944,48.97686666616083,50.463336748439446,-8.001310779098493,8.4,10.8222608686304,5.28577701312155,0.1804325605596981
19.5,54.02700454685316,45.994927375457074,-9.40565876743944,63.09431986812237,33.907979194287954,-6.95193927434592,6.63,8.54185589988331,9.23573411149419,0.3690802387101573
19.15,54.02700454685316,45.994927375457074,-9.40565876743944,64.84479760629222,32.027862900933904,-8.430223741615928,6.45,8.30995030984123,10.858174593835,0.3690802387101573
19.8,54.02700454685316,45.994927375457074,-9.40565876743944,62.24900827009783,35.013650735856274,-7.437930471237064,5.8,7.47251345691149,8.39372995212707,0.24892764416991922
19.10,54.02700454685316,45.994927375457074,-9.40565876743944,63.808678660625134,32.81908622561919,-7.260336236057197,6.22,8.01362650034301,9.95307656698928,0.24892764416991922
19.8,54.02700454685316,45.994927375457074,-9.40565876743944,62.24900827009783,35.013650735856274,-7.437930471237064,5.8,7.47251345691149,8.39372995212707,0.34296332353046616
19.17,54.02700454685316,45.994927375457074,-9.40565876743944,63.79861764929318,33.26049424638905,-7.186369200930631,5.95,7.66576811527989,9.86531874331863,0.34296332353046616
19.14,54.02700454685316,45.994927375457074,-9.40565876743944,58.47305276346157,38.156542649716464,-12.286391974984156,4.48,5.77187246326957,5.33416285231238,0.20911520568297437
19.35,54.02700454685316,45.994927375457074,-9.40565876743944,56.75993589852712,40.677141228370296,-11.709835429690084,4.01,5.16634120038191,3.48463174074103,0.20911520568297437
20.3,64.9625717441431,16.105974990215046,18.777627570418453,61.77062302303332,23.71437556599576,26.92835845177546,7.31,9.41794368448672,5.48031413797796,0.1392926257217512
20.25,64.9625717441431,16.105974990215046,18.777627570418453,62.86065523315136,21.000513216524407,24.421953053208178,7.14,9.19892173833587,3.75780578684057,0.1392926257217512
20.12,64.9625717441431,16.105974990215046,18.777627570418453,60.63150204088811,25.19869634819183,28.035952082923355,7.96,10.2553805374165,6.58832793605312,0.11476270777520711
20.33,64.9625717441431,16.105974990215046,18.777627570418453,61.45360149853123,22.29736641869057,26.142090763444603,8.16,10.513053415241,5.11504643389826,0.11476270777520711
20.14,64.9625717441431,16.105974990215046,18.777627570418453,60.87909555376312,19.05750842243864,16.506318007303534,6.41,8.25841573427632,4.64432759467577,0.47039461212471084
20.29,64.9625717441431,16.105974990215046,18.777627570418453,59.58197013731862,20.425814008574463,14.95970322978244,6.83,8.79952877770784,6.60643133938478,0.47039461212471084
20.16,64.9625717441431,16.105974990215046,18.777627570418453,67.31396209594625,9.890865345620337,18.910139854202868,5.82,7.49828074469395,5.54507985280068,0.3040886073197171
20.43,64.9625717441431,16.105974990215046,18.777627570418453,69.15048868674474,7.037985765191824,18.99249162503276,6.08,7.83325548586584,8.64858119688558,0.3040886073197171
20.19,64.9625717441431,16.105974990215046,18.777627570418453,67.40328127808135,9.677879857560578,18.559453118804402,5.64,7.26637515465187,5.66569956427323,0.2358987468004856
20.43,64.9625717441431,16.105974990215046,18.777627570418453,69.15048868674474,7.037985765191824,18.99249162503276,6.08,7.83325548586584,8.64858119688558,0.2358987468004856
20.26,64.9625717441431,16.105974990215046,18.777627570418453,68.78311199856712,6.7050756724679195,18.674611712415867,7.44,9.58543105507267,8.78780733911514,0.28107050236950365
20.27,64.9625717441431,16.105974990215046,18.777627570418453,68.86254185306508,8.200816745735196,18.482497606461322,7.18,9.25045631390078,7.39534155136254,0.28107050236950365
20.26,64.9625717441431,16.105974990215046,18.777627570418453,68.78311199856712,6.7050756724679195,18.674611712415867,7.44,9.58543105507267,8.78780733911514,0.2547147566030725
20.34,64.9625717441431,16.105974990215046,18.777627570418453,70.04424643126795,5.43918951674327,19.459418306380492,7.96,10.2553805374165,10.5083048277778,0.2547147566030725
20.26,64.9625717441431,16.105974990215046,18.777627570418453,68.78311199856712,6.7050756724679195,18.674611712415867,7.44,9.58543105507267,8.78780733911514,0.7472966309262847
20.35,64.9625717441431,16.105974990215046,18.777627570418453,69.73637454046653,5.245176764193394,18.73073015845521,7.57,9.75291842565862,10.4738982101612,0.7472966309262847
20.27,64.9625717441431,16.105974990215046,18.777627570418453,68.86254185306508,8.200816745735196,18.482497606461322,7.18,9.25045631390078,7.39534155136254,0.3249334493375227
20.35,64.9625717441431,16.105974990215046,18.777627570418453,69.73637454046653,5.245176764193394,18.73073015845521,7.57,9.75291842565862,10.4738982101612,0.3249334493375227
21.4,49.496107610119594,24.684279350691174,11.979051726817346,55.396771730727636,11.405451762528108,10.470154887023032,7.23,9.31487453335691,10.4186398358909,0.5792283394579472
21.10,49.496107610119594,24.684279350691174,11.979051726817346,56.94480934113082,9.762836447177625,12.137885217853972,7.45,9.5983146989639,12.8415222049767,0.5792283394579472
21.4,49.496107610119594,24.684279350691174,11.979051726817346,55.396771730727636,11.405451762528108,10.470154887023032,7.23,9.31487453335691,10.4186398358909,0.18129121057246045
21.41,49.496107610119594,24.684279350691174,11.979051726817346,55.325918352238546,13.383583385358888,10.410339158169112,6.87,8.85106335327275,9.05579796528775,0.18129121057246045
21.4,49.496107610119594,24.684279350691174,11.979051726817346,55.396771730727636,11.405451762528108,10.470154887023032,7.23,9.31487453335691,10.4186398358909,0.13736026168729307
21.43,49.496107610119594,24.684279350691174,11.979051726817346,54.21216882813117,14.327517153139235,11.339938840236673,6.72,8.65780869490435,7.9787679252459,0.13736026168729307
21.6,49.496107610119594,24.684279350691174,11.979051726817346,51.576931283787275,22.60853676972091,11.224420691145198,1.97,2.53807784657166,2.33783820889339,0.26904081161031773
21.46,49.496107610119594,24.684279350691174,11.979051726817346,50.014048595554485,23.23516622113464,11.960460860256639,1.71,2.20310310539977,0.942420346054229,0.26904081161031773
21.10,49.496107610119594,24.684279350691174,11.979051726817346,56.94480934113082,9.762836447177625,12.137885217853972,7.45,9.5983146989639,12.8415222049767,0.495766911787218
21.15,49.496107610119594,24.684279350691174,11.979051726817346,57.26843772116814,7.623106636828303,11.215514639825352,7.81,10.0621258790481,14.5426469826978,0.495766911787218
21.10,49.496107610119594,24.684279350691174,11.979051726817346,56.94480934113082,9.762836447177625,12.137885217853972,7.45,9.5983146989639,12.8415222049767,0.5182036173781782
21.29,49.496107610119594,24.684279350691174,11.979051726817346,55.568830563977556,11.208265697206176,10.199846014246972,7.13,9.18603809444464,10.6047633807505,0.5182036173781782
21.16,49.496107610119594,24.684279350691174,11.979051726817346,45.17192395849544,26.92723804965619,7.712315139138104,10.18,13.1155494812688,5.42976846417539,0.49692352987550326
21.40,49.496107610119594,24.684279350691174,11.979051726817346,43.039344815892036,28.44836146858365,6.237424524413104,10.21,13.1542004129425,7.8109659045001,0.49692352987550326
21.19,49.496107610119594,24.684279350691174,11.979051726817346,53.62465200807907,13.63844283281701,10.756873091296315,6.29,8.1038120075816,8.00473487032099,0.2764867050033122
21.24,49.496107610119594,24.684279350691174,11.979051726817346,53.08761583215201,15.772294062650683,10.926320442968418,5.82,7.49828074469395,6.39514232448708,0.2764867050033122
21.19,49.496107610119594,24.684279350691174,11.979051726817346,53.62465200807907,13.63844283281701,10.756873091296315,6.29,8.1038120075816,8.00473487032099,0.29882401781731927
21.48,49.496107610119594,24.684279350691174,11.979051726817346,54.89062061331876,12.364661475138593,11.882510223078778,5.79,7.45962981302027,9.77624470566901,0.29882401781731927
21.24,49.496107610119594,24.684279350691174,11.979051726817346,53.08761583215201,15.772294062650683,10.926320442968418,5.82,7.49828074469395,6.39514232448708,0.13208826282548136
21.48,49.496107610119594,24.684279350691174,11.979051726817346,54.89062061331876,12.364661475138593,11.882510223078778,5.79,7.45962981302027,9.77624470566901,0.13208826282548136
21.29,49.496107610119594,24.684279350691174,11.979051726817346,55.568830563977556,11.208265697206176,10.199846014246972,7.13,9.18603809444464,10.6047633807505,0.458859627274168
21.41,49.496107610119594,24.684279350691174,11.979051726817346,55.325918352238546,13.383583385358888,10.410339158169112,6.87,8.85106335327275,9.05579796528775,0.458859627274168
21.29,49.496107610119594,24.684279350691174,11.979051726817346,55.568830563977556,11.208265697206176,10.199846014246972,7.13,9.18603809444464,10.6047633807505,0.165433504936801
21.43,49.496107610119594,24.684279350691174,11.979051726817346,54.21216882813117,14.327517153139235,11.339938840236673,6.72,8.65780869490435,7.9787679252459,0.165433504936801
22.2,23.67144196289938,2.9201374400009694,26.51550541366296,23.3374609781581,-2.1162055382445977,26.188562274794293,2.75,3.54300207008735,4.5145861215638,0.37407937403561287
22.44,23.67144196289938,2.9201374400009694,26.51550541366296,22.865499897282795,-3.724827654636748,24.698821409685817,3.16,4.07123146962764,6.12654480925348,0.37407937403561287
22.3,23.67144196289938,2.9201374400009694,26.51550541366296,22.477900745317967,10.193844578262306,27.592380422549823,3.85,4.96020289812228,6.12332501243297,0.18861068774242548
22.14,23.67144196289938,2.9201374400009694,26.51550541366296,21.43108040115262,11.66831493353046,24.4663978311166,4.21,5.42401407820645,8.11687695795167,0.18861068774242548
22.3,23.67144196289938,2.9201374400009694,26.51550541366296,22.477900745317967,10.193844578262306,27.592380422549823,3.85,4.96020289812228,6.12332501243297,0.13640992765310372
22.29,23.67144196289938,2.9201374400009694,26.51550541366296,23.54147949878063,7.465182363398437,28.096384967823575,3.3,4.25160248410481,3.81040670928982,0.13640992765310372
22.4,23.67144196289938,2.9201374400009694,26.51550541366296,20.79235809418988,18.889880492009127,25.749062917914888,5.69,7.330793374108,13.0452136581025,0.35737601588895346
22.5,23.67144196289938,2.9201374400009694,26.51550541366296,20.983633896115194,15.706490094060472,25.28038379768429,5.4,6.95716770126242,10.9708452716559,0.35737601588895346
22.4,23.67144196289938,2.9201374400009694,26.51550541366296,20.79235809418988,18.889880492009127,25.749062917914888,5.69,7.330793374108,13.0452136581025,0.1342399772850149
22.17,23.67144196289938,2.9201374400009694,26.51550541366296,21.02010052661769,15.10394771214818,25.667509098511886,5.31,6.84121490624138,10.4272170342582,0.1342399772850149
22.5,23.67144196289938,2.9201374400009694,26.51550541366296,20.983633896115194,15.706490094060472,25.28038379768429,5.4,6.95716770126242,10.9708452716559,0.29900858115270396
22.18,23.67144196289938,2.9201374400009694,26.51550541366296,20.166035974701835,17.604086559387998,24.751505222230445,4.95,6.37740372615722,12.5515246690914,0.29900858115270396
22.13,23.67144196289938,2.9201374400009694,26.51550541366296,19.804529356789807,4.775245770706372,21.12686118891637,2.83,3.64607122121716,4.42857822589433,0.1729809225770001
22.36,23.67144196289938,2.9201374400009694,26.51550541366296,20.79235809418988,4.1667107545823034,22.712726448257005,2.71,3.49146749452244,3.11571467439907,0.1729809225770001
22.16,23.67144196289938,2.9201374400009694,26.51550541366296,23.4394413992395,-2.886990450539584,24.690324082531724,4.01,5.16634120038191,5.35625886784129,0.775935433600639
22.41,23.67144196289938,2.9201374400009694,26.51550541366296,22.754657471879867,-5.102920210146161,24.388760292163624,4.02,5.17922484427314,7.38864545733892,0.775935433600639
22.17,23.67144196289938,2.9201374400009694,26.51550541366296,21.02010052661769,15.10394771214818,25.667509098511886,5.31,6.84121490624138,10.4272170342582,0.46690276655141716
22.18,23.67144196289938,2.9201374400009694,26.51550541366296,20.166035974701835,17.604086559387998,24.751505222230445,4.95,6.37740372615722,12.5515246690914,0.46690276655141716
22.19,23.67144196289938,2.9201374400009694,26.51550541366296,29.540020318789985,-18.500855536941835,32.85221999318225,7.57,9.75291842565862,16.0810152071743,0.19428086506473083
22.20,23.67144196289938,2.9201374400009694,26.51550541366296,30.905926861538504,-20.809963245823653,33.75604300302722,7.68,9.89463850846211,17.4899354290951,0.19428086506473083
22.23,23.67144196289938,2.9201374400009694,26.51550541366296,24.12708488102271,9.398130097456214,29.750635491216265,4.1,5.28229399540295,5.2456215249136,0.3283238214979334
22.30,23.67144196289938,2.9201374400009694,26.51550541366296,24.45326613244375,11.394545410411961,30.484804577184967,4.05,5.21787577594682,6.68925413962305,0.3283238214979334
22.24,23.67144196289938,2.9201374400009694,26.51550541366296,25.172879070232725,17.30500815218955,33.13525449283877,5.69,7.330793374108,10.5039289574505,0.18150229024269512
22.25,23.67144196289938,2.9201374400009694,26.51550541366296,25.35085478408071,15.160916114659805,32.85176396628064,5.57,7.17618964741328,9.17303938575189,0.18150229024269512
22.24,23.67144196289938,2.9201374400009694,26.51550541366296,25.172879070232725,17.30500815218955,33.13525449283877,5.69,7.330793374108,10.5039289574505,0.23871303697698767
22.26,23.67144196289938,2.9201374400009694,26.51550541366296,25.20096796355918,14.151909792781304,32.28450368782806,5.27,6.78968033067648,8.53540750593845,0.23871303697698767
22.25,23.67144196289938,2.9201374400009694,26.51550541366296,25.35085478408071,15.160916114659805,32.85176396628064,5.57,7.17618964741328,9.17303938575189,0.16097524486370274
22.27,23.67144196289938,2.9201374400009694,26.51550541366296,25.622805218104453,18.807065349748438,33.41181498822138,5.94,7.65288447138867,11.448895517142,0.16097524486370274
22.41,23.67144196289938,2.9201374400009694,26.51550541366296,22.754657471879867,-5.102920210146161,24.388760292163624,4.02,5.17922484427314,7.38864545733892,0.40541006216653136
22.48,23.67144196289938,2.9201374400009694,26.51550541366296,23.99678003293559,-2.7948760256994163,25.878339305439575,3.68,4.74118095197143,5.13662471934279,0.40541006216653136
22.44,23.67144196289938,2.9201374400009694,26.51550541366296,22.865499897282795,-3.724827654636748,24.698821409685817,3.16,4.07123146962764,6.12654480925348,0.11273329897883627
22.47,23.67144196289938,2.9201374400009694,26.51550541366296,24.51857050419249,-2.0804641285784853,27.82168213671319,2.97,3.82644223569433,4.48266433586233,0.11273329897883627
22.45,23.67144196289938,2.9201374400009694,26.51550541366296,26.36541665278949,-8.15202541459817,29.540225107785727,6.24,8.03939378812547,9.39573771048658,0.1912373340705235
22.46,23.67144196289938,2.9201374400009694,26.51550541366296,25.59465483591429,-5.875310986542148,28.64642450984957,5.71,7.35656066189045,7.64424177873447,0.1912373340705235
22.57,23.67144196289938,38.58564365343159,1.9130743903886804,24.161733283127525,34.42556710763259,1.3707860481747547,2.7,3.47858385063121,1.64244527546203,0.27334278237318105
22.88,23.67144196289938,38.58564365343159,1.9130743903886804,27.135307394899243,32.75447348676017,1.666679270299043,2.67,3.43993291895753,3.3976611226705,0.27334278237318105
22.58,23.67144196289938,38.58564365343159,1.9130743903886804,24.321377848532613,41.795623707962555,7.960262256009621,4.17,5.37247950264154,3.54797461993812,0.11335263508985832
22.79,23.67144196289938,38.58564365343159,1.9130743903886804,24.672201862323163,43.23059478016219,10.223034380845398,4.21,5.42401407820645,4.84607759916394,0.11335263508985832
22.62,23.67144196289938,38.58564365343159,1.9130743903886804,29.56730975635722,23.79304134024546,-3.6982822181271136,5.23,6.73814575511157,8.42222627843466,0.16543854806879627
22.64,23.67144196289938,38.58564365343159,1.9130743903886804,30.78736774974154,21.166283883243764,-3.435661026692083,5.64,7.26637515465187,9.90062831967331,0.16543854806879627
22.62,23.67144196289938,38.58564365343159,1.9130743903886804,29.56730975635722,23.79304134024546,-3.6982822181271136,5.23,6.73814575511157,8.42222627843466,0.36160517689754784
22.65,23.67144196289938,38.58564365343159,1.9130743903886804,28.542205258996184,26.543832282452552,-2.7149588632726207,5.2,6.69949482343789,6.7401128164826,0.36160517689754784
22.63,23.67144196289938,38.58564365343159,1.9130743903886804,22.4835894398742,27.911764727992644,-8.761315112146173,5.77,7.43386252523781,7.8364595440727,0.36253850734098014
22.73,23.67144196289938,38.58564365343159,1.9130743903886804,22.344000071011358,29.94640057925735,-6.6463429149390185,5.89,7.58846625193253,6.23431799039579,0.36253850734098014
22.84,23.67144196289938,38.58564365343159,1.9130743903886804,27.57696747520992,32.67910819250408,2.8129047598589585,3.3,4.25160248410481,3.73148130815727,0.33103166171549786
22.90,23.67144196289938,38.58564365343159,1.9130743903886804,29.661301150270035,31.51897419365557,3.6872359691424883,3.73,4.80559917142756,5.39505958922579,0.33103166171549786
22.85,23.67144196289938,38.58564365343159,1.9130743903886804,30.276877918704884,31.496182493389313,4.448222653860389,5.29,6.81544761845893,5.92464937930142,0.1486882491914987
22.89,23.67144196289938,38.58564365343159,1.9130743903886804,31.57786368411095,30.333828963498398,5.452536373808059,5.06,6.51912380896072,7.22101202493777,0.1486882491914987
23.2,42.763245421570275,22.787339948595665,29.69610732484247,47.78014024290971,10.436817715169688,28.747783759061317,8.6,11.079933746455,9.73811567890334,0.3455103980251155
23.10,42.763245421570275,22.787339948595665,29.69610732484247,47.09188376626946,12.383996103440431,29.54657092651717,8.34,10.7449590052831,8.26421707473394,0.3455103980251155
23.2,42.763245421570275,22.787339948595665,29.69610732484247,47.78014024290971,10.436817715169688,28.747783759061317,8.6,11.079933746455,9.73811567890334,0.11825022786199726
23.40,42.763245421570275,22.787339948595665,29.69610732484247,48.963739453099834,7.3078852181251985,29.802807397982313,9.09,11.7112322971251,12.6964573299361,0.11825022786199726
23.5,42.763245421570275,22.787339948595665,29.69610732484247,38.62392172036533,25.221904636252013,24.795011857685935,7.99,10.2940314690901,5.3060638986292,0.6148273460366994
23.7,42.763245421570275,22.787339948595665,29.69610732484247,36.12402834903049,25.84579450005592,24.17783196737584,8.26,10.6418898541533,7.31915199280857,0.6148273460366994
23.11,42.763245421570275,22.787339948595665,29.69610732484247,38.7258147914434,33.209324140934136,31.04575911731706,10.93,14.0818227731108,6.6339104649651,0.11967122735874722
23.39,42.763245421570275,22.787339948595665,29.69610732484247,36.54287299948566,35.69921748123278,30.76738883320137,11.45,14.7517722554546,8.80297102193919,0.11967122735874722
23.20,42.763245421570275,22.787339948595665,29.69610732484247,48.37709194450427,8.971568522578298,29.3438565954954,9.43,12.1492761894268,11.1563815095999,0.43459749072960546
23.40,42.763245421570275,22.787339948595665,29.69610732484247,48.963739453099834,7.3078852181251985,29.802807397982313,9.09,11.7112322971251,12.6964573299361,0.43459749072960546
23.26,42.763245421570275,22.787339948595665,29.69610732484247,39.377686273461634,28.67559922005092,30.452999597645437,8.26,10.6418898541533,4.47180313510376,0.17910532711087349
23.33,42.763245421570275,22.787339948595665,29.69610732484247,37.26770377527818,31.6117424582327,31.140664524401263,8.6,11.079933746455,6.75493666046885,0.17910532711087349
24.9,74.189769129174,9.423205085321795,75.3792866720741,71.14913228190441,13.445384723168308,77.53084800990293,3.82,4.9215519664486,3.21586090214328,0.28000835367159344
24.14,74.189769129174,9.423205085321795,75.3792866720741,72.6746048396822,11.737532339118783,78.70657132273713,3.63,4.6767627325153,1.76407933577452,0.28000835367159344
25.6,51.837211526538496,19.17600605886899,56.55420284463498,57.207769094673594,6.790901930259663,61.72226456574563,10.66,13.7339643880477,10.0687448927576,0.1453217305884847
25.30,51.837211526538496,19.17600605886899,56.55420284463498,57.995270347862956,3.6845537746795776,62.050837944304604,11.17,14.3910302265002,12.1491396844568,0.1453217305884847
25.9,51.837211526538496,19.17600605886899,56.55420284463498,51.12016772503112,24.33091524789438,59.39803918023738,4.25,5.47554865377135,2.83554781194116,0.16112421585109452
25.16,51.837211526538496,19.17600605886899,56.55420284463498,49.94522423124499,27.740136359186263,59.39641207147803,4.66,6.00377805331165,5.04828034103239,0.16112421585109452
25.10,51.837211526538496,19.17600605886899,56.55420284463498,57.995270347862956,7.112420152092069,63.8752733829222,9.31,11.9946724627321,10.5365298667367,0.16206551479284823
25.13,51.837211526538496,19.17600605886899,56.55420284463498,56.96854433864539,8.243600186996824,61.22531699981165,9.12,11.7498832287988,9.12046474864305,0.16206551479284823
25.11,51.837211526538496,19.17600605886899,56.55420284463498,53.51066527281195,8.759506365685565,55.77864299111182,7.16,9.22468902611833,6.86202846546539,0.38648912670938446
25.48,51.837211526538496,19.17600605886899,56.55420284463498,53.70991783617717,6.2840486651117855,54.84849477084962,6.87,8.85106335327275,8.44225706639029,0.38648912670938446
25.21,51.837211526538496,19.17600605886899,56.55420284463498,44.6617303617274,32.332164225776175,51.745628821833456,11.37,14.6487031043248,11.5051323798273,0.11612381012287047
25.36,51.837211526538496,19.17600605886899,56.55420284463498,43.91605128443584,34.97684683902158,49.9528270930611,10.84,13.9658699780898,13.531984234528,0.11612381012287047
25.27,51.837211526538496,19.17600605886899,56.55420284463498,54.32763877667141,9.449392014709346,59.7208690672313,6.2,7.98785921256056,7.13579644129093,0.3254626750592394
25.44,51.837211526538496,19.17600605886899,56.55420284463498,56.07152165176318,8.363109363530352,60.92273271683444,6.1,7.85902277364829,8.5979618454512,0.3254626750592394
25.30,51.837211526538496,19.17600605886899,56.55420284463498,57.995270347862956,3.6845537746795776,62.050837944304604,11.17,14.3910302265002,12.1491396844568,0.43047918928678114
25.35,51.837211526538496,19.17600605886899,56.55420284463498,59.08194963561259,1.9394997906485023,63.3093550194987,11.23,14.4683320898476,13.6870462480239,0.43047918928678114
25.31,51.837211526538496,19.17600605886899,56.55420284463498,51.000670636441626,26.954343014182758,60.009619533314094,6.69,8.61915776323067,4.23612368110752,0.21862687533201375
25.33,51.837211526538496,19.17600605886899,56.55420284463498,50.214043135108554,29.074766840713306,59.63691863192708,6.38,8.21976480260264,5.63329211609954,0.21862687533201375
25.33,51.837211526538496,19.17600605886899,56.55420284463498,50.214043135108554,29.074766840713306,59.63691863192708,6.38,8.21976480260264,5.63329211609954,0.16401911406067327
25.47,51.837211526538496,19.17600605886899,56.55420284463498,50.92100627315486,25.51047719334837,59.35723367053727,5.99,7.7173026908448,3.53913649407773,0.16401911406067327
26.11,20.043897069064762,31.985572334525926,20.26111766567224,22.474083914774887,26.33892646262842,22.510531413303646,5.09,6.5577747406344,4.24885516732166,0.39638327830949516
26.14,20.043897069064762,31.985572334525926,20.26111766567224,23.96544147116733,25.616103279217622,25.2704150495659,5.17,6.66084389176421,6.32966704498573,0.39638327830949516
26.13,20.043897069064762,31.985572334525926,20.26111766567224,26.960227587289154,24.35293218502485,29.57681824162378,5.31,6.84121490624138,9.94792152126898,0.20195340297545308
26.15,20.043897069064762,31.985572334525926,20.26111766567224,25.82824725231613,24.57401283436797,27.74841230765066,5.2,6.69949482343789,8.59939439147092,0.20195340297545308
26.14,20.043897069064762,31.985572334525926,20.26111766567224,23.96544147116733,25.616103279217622,25.2704150495659,5.17,6.66084389176421,6.32966704498573,0.3738765808805149
26.15,20.043897069064762,31.985572334525926,20.26111766567224,25.82824725231613,24.57401283436797,27.74841230765066,5.2,6.69949482343789,8.59939439147092,0.3738765808805149
26.36,20.043897069064762,31.985572334525926,20.26111766567224,23.269454714884617,19.030003695153674,19.28159463362983,6.16,7.93632463699565,7.40083424484829,0.4696392166076719
26.37,20.043897069064762,31.985572334525926,20.26111766567224,21.361142702340928,20.889608331648603,18.536333552480226,5.9,7.60134989582376,5.70361738628671,0.4696392166076719
26.39,20.043897069064762,31.985572334525926,20.26111766567224,23.033340204790093,16.32639800414276,19.46710474150897,7.21,9.28910724557446,9.21486848635936,0.7194482846440171
26.40,20.043897069064762,31.985572334525926,20.26111766567224,24.029566515078322,14.363671171478826,20.074828327610028,7.32,9.43082732837795,10.9980668521321,0.7194482846440171
27.1,39.5804703419283,52.78257622298044,43.05845295925575,35.96906112310342,55.15763204492577,36.372079595539944,6.08,7.83325548586584,4.98970512098951,0.13749531342623514
27.35,39.5804703419283,52.78257622298044,43.05845295925575,36.691531543159414,54.377254808731706,40.14817476917331,5.86,7.54981532025885,3.11345105332714,0.13749531342623514
27.2,39.5804703419283,52.78257622298044,43.05845295925575,45.40481712808785,46.236909105227596,47.06287573209088,6.96,8.96701614829379,6.87878837366361,0.18121953733286028
27.23,39.5804703419283,52.78257622298044,43.05845295925575,46.55719350918268,44.80784264205651,47.99451374374735,7.45,9.5983146989639,8.37682765372681,0.18121953733286028
27.5,39.5804703419283,52.78257622298044,43.05845295925575,41.5959289179658,49.89598911123802,41.77018948599825,3.78,4.8700173908837,2.0049394893156,0.1283110621468426
27.11,39.5804703419283,52.78257622298044,43.05845295925575,42.95930878050557,48.39552388685209,39.96151944269868,3.97,5.114806624817,3.32466953533896,0.1283110621468426
27.6,39.5804703419283,52.78257622298044,43.05845295925575,48.84153511217829,42.13078990300606,48.51737027593275,8.66,11.1572356098023,11.0280280679214,0.39709925891196046
27.37,39.5804703419283,52.78257622298044,43.05845295925575,47.579193315473255,43.84599854026816,47.85840387335083,9.07,11.6854650093426,9.38992733303155,0.39709925891196046
27.20,39.5804703419283,52.78257622298044,43.05845295925575,44.86365584758177,46.869448383728084,46.25925824964838,7.01,9.03143436774992,6.09944293354342,0.23918489309642785
27.23,39.5804703419283,52.78257622298044,43.05845295925575,46.55719350918268,44.80784264205651,47.99451374374735,7.45,9.5983146989639,8.37682765372681,0.23918489309642785
27.20,39.5804703419283,52.78257622298044,43.05845295925575,44.86365584758177,46.869448383728084,46.25925824964838,7.01,9.03143436774992,6.09944293354342,0.6507442635329918
27.34,39.5804703419283,52.78257622298044,43.05845295925575,46.196463330097664,45.4921311253611,47.85508113363869,7.11,9.16027080666219,7.87872017637578,0.6507442635329918
27.22,39.5804703419283,52.78257622298044,43.05845295925575,47.118303382554075,44.25384926387815,46.47028779683219,7.89,10.1651950301779,8.58261168041306,0.2251794651645139
27.32,39.5804703419283,52.78257622298044,43.05845295925575,45.615261279229365,45.770969496776004,46.96118950030586,8.29,10.6805407858269,7.13698722152462,0.2251794651645139
27.27,39.5804703419283,52.78257622298044,43.05845295925575,44.763436520561456,46.72619079096596,47.479380378535396,6.67,8.59339047544822,6.39552685579356,0.24140833616552015
27.34,39.5804703419283,52.78257622298044,43.05845295925575,46.196463330097664,45.4921311253611,47.85508113363869,7.11,9.16027080666219,7.87872017637578,0.24140833616552015
